<?xml version="1.0" encoding="UTF-8"?>
<gpx creator="StravaGPX" version="1.1" xmlns="http://www.topografix.com/GPX/1/1" xmlns:xsi="http://www.w3.org/2001/XMLSchema-instance" xsi:schemaLocation="http://www.topografix.com/GPX/1/1 http://www.topografix.com/GPX/1/1/gpx.xsd">
 <metadata>
  <name>OACT - Zichem 2026</name>
  <desc>2025 omgekeerd</desc>
  <author>
   <name>Haecky 🐻</name>
   <link href="https://www.strava.com/athletes/1643587"/>
  </author>
  <copyright author="OpenStreetMap contributors">
   <year>2020</year>
   <license>https://www.openstreetmap.org/copyright</license>
  </copyright>
  <link href="https://www.strava.com/routes/3508835983349912678"/>
 </metadata>
 <trk>
  <name>OACT - Zichem 2026</name>
  <desc>2025 omgekeerd</desc>
  <link href="https://www.strava.com/routes/3508835983349912678"/>
  <type>cycling</type>
  <trkseg>
   <trkpt lat="50.878910000000005" lon="4.551760000000001">
    <ele>51.010000000000005</ele>
   </trkpt>
   <trkpt lat="50.879020000000004" lon="4.5528">
    <ele>50.980000000000004</ele>
   </trkpt>
   <trkpt lat="50.87917000591496" lon="4.5539749963528235">
    <ele>50.81</ele>
   </trkpt>
   <trkpt lat="50.87932000000001" lon="4.55515">
    <ele>51.510000000000005</ele>
   </trkpt>
   <trkpt lat="50.879585004431604" lon="4.55616499434535">
    <ele>53.050000000000004</ele>
   </trkpt>
   <trkpt lat="50.879850000000005" lon="4.557180000000001">
    <ele>53.42</ele>
   </trkpt>
   <trkpt lat="50.88005334570682" lon="4.558383322845809">
    <ele>53.42</ele>
   </trkpt>
   <trkpt lat="50.880256679042695" lon="4.559586656193951">
    <ele>51.92</ele>
   </trkpt>
   <trkpt lat="50.88046000000001" lon="4.560790000000001">
    <ele>51.92</ele>
   </trkpt>
   <trkpt lat="50.880500000000005" lon="4.5613600000000005">
    <ele>51.050000000000004</ele>
   </trkpt>
   <trkpt lat="50.88047" lon="4.56195">
    <ele>50.53</ele>
   </trkpt>
   <trkpt lat="50.88028000450277" lon="4.562975004099827">
    <ele>49.06</ele>
   </trkpt>
   <trkpt lat="50.88009" lon="4.564">
    <ele>46.6</ele>
   </trkpt>
   <trkpt lat="50.88006000000001" lon="4.56426">
    <ele>46.150000000000006</ele>
   </trkpt>
   <trkpt lat="50.88007500398007" lon="4.565224999825937">
    <ele>45.62</ele>
   </trkpt>
   <trkpt lat="50.88009" lon="4.566190000000001">
    <ele>45.43000000000001</ele>
   </trkpt>
   <trkpt lat="50.880030000000005" lon="4.56625">
    <ele>45.43000000000001</ele>
   </trkpt>
   <trkpt lat="50.88002" lon="4.566350000000001">
    <ele>45.43000000000001</ele>
   </trkpt>
   <trkpt lat="50.880050000000004" lon="4.56644">
    <ele>45.37</ele>
   </trkpt>
   <trkpt lat="50.88011" lon="4.566470000000001">
    <ele>45.37</ele>
   </trkpt>
   <trkpt lat="50.880120000000005" lon="4.566890000000001">
    <ele>45.02</ele>
   </trkpt>
   <trkpt lat="50.880190000000006" lon="4.567760000000001">
    <ele>44.910000000000004</ele>
   </trkpt>
   <trkpt lat="50.88017000000001" lon="4.5680000000000005">
    <ele>45.00000000000001</ele>
   </trkpt>
   <trkpt lat="50.88013" lon="4.56812">
    <ele>45.11000000000001</ele>
   </trkpt>
   <trkpt lat="50.8798" lon="4.5686">
    <ele>45.67</ele>
   </trkpt>
   <trkpt lat="50.879470000000005" lon="4.56916">
    <ele>46.330000000000005</ele>
   </trkpt>
   <trkpt lat="50.8791" lon="4.569850000000001">
    <ele>47.02</ele>
   </trkpt>
   <trkpt lat="50.8791" lon="4.56996">
    <ele>47.02</ele>
   </trkpt>
   <trkpt lat="50.879180000000005" lon="4.57043">
    <ele>47.550000000000004</ele>
   </trkpt>
   <trkpt lat="50.87917" lon="4.57057">
    <ele>47.550000000000004</ele>
   </trkpt>
   <trkpt lat="50.878820000000005" lon="4.5712">
    <ele>47.82</ele>
   </trkpt>
   <trkpt lat="50.879220000000004" lon="4.571960000000001">
    <ele>46.46</ele>
   </trkpt>
   <trkpt lat="50.87939" lon="4.57242">
    <ele>45.730000000000004</ele>
   </trkpt>
   <trkpt lat="50.879780000000004" lon="4.57362">
    <ele>44.480000000000004</ele>
   </trkpt>
   <trkpt lat="50.879900000000006" lon="4.57392">
    <ele>44.480000000000004</ele>
   </trkpt>
   <trkpt lat="50.88015000000001" lon="4.57442">
    <ele>43.85000000000001</ele>
   </trkpt>
   <trkpt lat="50.8805950026929" lon="4.575214992395088">
    <ele>42.96</ele>
   </trkpt>
   <trkpt lat="50.881040000000006" lon="4.57601">
    <ele>42.2</ele>
   </trkpt>
   <trkpt lat="50.88132500160126" lon="4.57660999646357">
    <ele>41.72</ele>
   </trkpt>
   <trkpt lat="50.88161" lon="4.57721">
    <ele>41.32</ele>
   </trkpt>
   <trkpt lat="50.88194000000001" lon="4.57805">
    <ele>40.800000000000004</ele>
   </trkpt>
   <trkpt lat="50.88228" lon="4.579070000000001">
    <ele>40.0</ele>
   </trkpt>
   <trkpt lat="50.882546674544216" lon="4.580029989025532">
    <ele>39.53</ele>
   </trkpt>
   <trkpt lat="50.882813341214984" lon="4.580989989040175">
    <ele>39.0</ele>
   </trkpt>
   <trkpt lat="50.88308000000001" lon="4.58195">
    <ele>39.11000000000001</ele>
   </trkpt>
   <trkpt lat="50.882555003595655" lon="4.58287501052739">
    <ele>39.400000000000006</ele>
   </trkpt>
   <trkpt lat="50.88203000000001" lon="4.5838">
    <ele>39.760000000000005</ele>
   </trkpt>
   <trkpt lat="50.881780000000006" lon="4.584210000000001">
    <ele>39.86000000000001</ele>
   </trkpt>
   <trkpt lat="50.88132" lon="4.584820000000001">
    <ele>40.760000000000005</ele>
   </trkpt>
   <trkpt lat="50.88077000188301" lon="4.585475007671584">
    <ele>41.730000000000004</ele>
   </trkpt>
   <trkpt lat="50.88022" lon="4.586130000000001">
    <ele>43.2</ele>
   </trkpt>
   <trkpt lat="50.880660006290164" lon="4.586989983702155">
    <ele>44.82000000000001</ele>
   </trkpt>
   <trkpt lat="50.881100006261725" lon="4.587849983646307">
    <ele>45.03</ele>
   </trkpt>
   <trkpt lat="50.88154" lon="4.588710000000001">
    <ele>43.21000000000001</ele>
   </trkpt>
   <trkpt lat="50.88195000217025" lon="4.589424993684668">
    <ele>41.57</ele>
   </trkpt>
   <trkpt lat="50.882360000000006" lon="4.590140000000001">
    <ele>40.39</ele>
   </trkpt>
   <trkpt lat="50.88253" lon="4.59056">
    <ele>40.2</ele>
   </trkpt>
   <trkpt lat="50.882630000000006" lon="4.591010000000001">
    <ele>39.730000000000004</ele>
   </trkpt>
   <trkpt lat="50.88270000000001" lon="4.59192">
    <ele>39.49</ele>
   </trkpt>
   <trkpt lat="50.882760000000005" lon="4.59232">
    <ele>39.21</ele>
   </trkpt>
   <trkpt lat="50.88289" lon="4.592790000000001">
    <ele>38.96</ele>
   </trkpt>
   <trkpt lat="50.88297000000001" lon="4.592980000000001">
    <ele>38.96</ele>
   </trkpt>
   <trkpt lat="50.88356000471688" lon="4.594024986858941">
    <ele>38.43000000000001</ele>
   </trkpt>
   <trkpt lat="50.884150000000005" lon="4.595070000000001">
    <ele>38.400000000000006</ele>
   </trkpt>
   <trkpt lat="50.88462500291632" lon="4.59588999171571">
    <ele>38.650000000000006</ele>
   </trkpt>
   <trkpt lat="50.8851" lon="4.596710000000001">
    <ele>39.089999999999996</ele>
   </trkpt>
   <trkpt lat="50.885270000000006" lon="4.59686">
    <ele>39.36000000000001</ele>
   </trkpt>
   <trkpt lat="50.88548" lon="4.596990000000001">
    <ele>39.36000000000001</ele>
   </trkpt>
   <trkpt lat="50.885630000000006" lon="4.59719">
    <ele>39.71</ele>
   </trkpt>
   <trkpt lat="50.885850000000005" lon="4.59766">
    <ele>39.940000000000005</ele>
   </trkpt>
   <trkpt lat="50.88606000000001" lon="4.59804">
    <ele>40.0</ele>
   </trkpt>
   <trkpt lat="50.886713350312604" lon="4.5989316041383965">
    <ele>40.0</ele>
   </trkpt>
   <trkpt lat="50.887366693833656" lon="4.599823233286301">
    <ele>40.0</ele>
   </trkpt>
   <trkpt lat="50.888020030562764" lon="4.600714887444736">
    <ele>36.0</ele>
   </trkpt>
   <trkpt lat="50.888673360499645" lon="4.601606566614727">
    <ele>36.0</ele>
   </trkpt>
   <trkpt lat="50.8893266836439" lon="4.602498270797298">
    <ele>36.0</ele>
   </trkpt>
   <trkpt lat="50.88998" lon="4.60339">
    <ele>36.0</ele>
   </trkpt>
   <trkpt lat="50.8905400019292" lon="4.60406499186426">
    <ele>35.800000000000004</ele>
   </trkpt>
   <trkpt lat="50.8911" lon="4.6047400000000005">
    <ele>35.800000000000004</ele>
   </trkpt>
   <trkpt lat="50.8917557293666" lon="4.605507078055133">
    <ele>35.800000000000004</ele>
   </trkpt>
   <trkpt lat="50.89241145370643" lon="4.6062741777090785">
    <ele>35.800000000000004</ele>
   </trkpt>
   <trkpt lat="50.893067173019226" lon="4.607041298962781">
    <ele>35.800000000000004</ele>
   </trkpt>
   <trkpt lat="50.89372288730475" lon="4.607808441817191">
    <ele>35.33</ele>
   </trkpt>
   <trkpt lat="50.89437859656272" lon="4.608575606273256">
    <ele>35.33</ele>
   </trkpt>
   <trkpt lat="50.895034300792894" lon="4.609342792331923">
    <ele>35.33</ele>
   </trkpt>
   <trkpt lat="50.89569" lon="4.610110000000001">
    <ele>35.33</ele>
   </trkpt>
   <trkpt lat="50.89602000000001" lon="4.610480000000001">
    <ele>36.71</ele>
   </trkpt>
   <trkpt lat="50.896480000000004" lon="4.611160000000001">
    <ele>35.24</ele>
   </trkpt>
   <trkpt lat="50.89679" lon="4.611800000000001">
    <ele>34.080000000000005</ele>
   </trkpt>
   <trkpt lat="50.89711500221071" lon="4.612514995069708">
    <ele>33.27</ele>
   </trkpt>
   <trkpt lat="50.89744" lon="4.613230000000001">
    <ele>32.97</ele>
   </trkpt>
   <trkpt lat="50.89777334039223" lon="4.614139986931088">
    <ele>32.75</ele>
   </trkpt>
   <trkpt lat="50.89810667371063" lon="4.6150499868901225">
    <ele>32.660000000000004</ele>
   </trkpt>
   <trkpt lat="50.89844" lon="4.61596">
    <ele>34.21</ele>
   </trkpt>
   <trkpt lat="50.898610000000005" lon="4.616300000000001">
    <ele>37.11000000000001</ele>
   </trkpt>
   <trkpt lat="50.89871" lon="4.6164000000000005">
    <ele>37.11000000000001</ele>
   </trkpt>
   <trkpt lat="50.89884000000001" lon="4.616510000000001">
    <ele>37.6</ele>
   </trkpt>
   <trkpt lat="50.89898" lon="4.616580000000001">
    <ele>38.01</ele>
   </trkpt>
   <trkpt lat="50.898990000000005" lon="4.616650000000001">
    <ele>38.01</ele>
   </trkpt>
   <trkpt lat="50.89943500017918" lon="4.616844998143782">
    <ele>37.50000000000001</ele>
   </trkpt>
   <trkpt lat="50.89988" lon="4.61704">
    <ele>35.84</ele>
   </trkpt>
   <trkpt lat="50.89999" lon="4.61714">
    <ele>34.260000000000005</ele>
   </trkpt>
   <trkpt lat="50.900150000000004" lon="4.617360000000001">
    <ele>34.260000000000005</ele>
   </trkpt>
   <trkpt lat="50.90025000000001" lon="4.61761">
    <ele>33.54</ele>
   </trkpt>
   <trkpt lat="50.90032" lon="4.61793">
    <ele>33.02</ele>
   </trkpt>
   <trkpt lat="50.90037" lon="4.617990000000001">
    <ele>33.02</ele>
   </trkpt>
   <trkpt lat="50.9006000047282" lon="4.619039994901582">
    <ele>31.560000000000006</ele>
   </trkpt>
   <trkpt lat="50.900830000000006" lon="4.62009">
    <ele>30.890000000000004</ele>
   </trkpt>
   <trkpt lat="50.900940000000006" lon="4.62075">
    <ele>30.63</ele>
   </trkpt>
   <trkpt lat="50.901045002657746" lon="4.621534998422634">
    <ele>30.520000000000003</ele>
   </trkpt>
   <trkpt lat="50.90115" lon="4.62232">
    <ele>30.250000000000004</ele>
   </trkpt>
   <trkpt lat="50.90119000000001" lon="4.62249">
    <ele>30.28</ele>
   </trkpt>
   <trkpt lat="50.90126" lon="4.6226400000000005">
    <ele>30.340000000000003</ele>
   </trkpt>
   <trkpt lat="50.90288" lon="4.6217500000000005">
    <ele>28.5</ele>
   </trkpt>
   <trkpt lat="50.90334000000001" lon="4.6215">
    <ele>28.14</ele>
   </trkpt>
   <trkpt lat="50.903670000000005" lon="4.62126">
    <ele>27.98</ele>
   </trkpt>
   <trkpt lat="50.90391" lon="4.62117">
    <ele>27.67</ele>
   </trkpt>
   <trkpt lat="50.904450000000004" lon="4.6210700000000005">
    <ele>27.44</ele>
   </trkpt>
   <trkpt lat="50.905204999993934" lon="4.620965001710241">
    <ele>26.8</ele>
   </trkpt>
   <trkpt lat="50.90596000000001" lon="4.62086">
    <ele>26.410000000000004</ele>
   </trkpt>
   <trkpt lat="50.906150000000004" lon="4.620830000000001">
    <ele>26.410000000000004</ele>
   </trkpt>
   <trkpt lat="50.906290000000006" lon="4.620760000000001">
    <ele>26.410000000000004</ele>
   </trkpt>
   <trkpt lat="50.9067" lon="4.62021">
    <ele>25.95</ele>
   </trkpt>
   <trkpt lat="50.907437505788785" lon="4.619537531968607">
    <ele>25.25</ele>
   </trkpt>
   <trkpt lat="50.90817500771474" lon="4.618865042629008">
    <ele>24.610000000000003</ele>
   </trkpt>
   <trkpt lat="50.90891250577766" lon="4.618192531980078">
    <ele>23.860000000000003</ele>
   </trkpt>
   <trkpt lat="50.909650000000006" lon="4.617520000000001">
    <ele>23.57</ele>
   </trkpt>
   <trkpt lat="50.910055000497174" lon="4.617210002630914">
    <ele>23.450000000000003</ele>
   </trkpt>
   <trkpt lat="50.91046000000001" lon="4.6169">
    <ele>23.32</ele>
   </trkpt>
   <trkpt lat="50.91086000000001" lon="4.61666">
    <ele>23.28</ele>
   </trkpt>
   <trkpt lat="50.91150000101022" lon="4.616313342875828">
    <ele>22.950000000000003</ele>
   </trkpt>
   <trkpt lat="50.91214000099396" lon="4.615966676218133">
    <ele>22.830000000000002</ele>
   </trkpt>
   <trkpt lat="50.912780000000005" lon="4.615620000000001">
    <ele>22.44</ele>
   </trkpt>
   <trkpt lat="50.9132" lon="4.61542">
    <ele>22.27</ele>
   </trkpt>
   <trkpt lat="50.913560000000004" lon="4.61531">
    <ele>22.26</ele>
   </trkpt>
   <trkpt lat="50.91396" lon="4.615270000000001">
    <ele>22.17</ele>
   </trkpt>
   <trkpt lat="50.914500000000004" lon="4.61526">
    <ele>21.740000000000002</ele>
   </trkpt>
   <trkpt lat="50.914930000000005" lon="4.61516">
    <ele>21.740000000000002</ele>
   </trkpt>
   <trkpt lat="50.91576000043847" lon="4.614870005144537">
    <ele>21.34</ele>
   </trkpt>
   <trkpt lat="50.91659000000001" lon="4.61458">
    <ele>21.0</ele>
   </trkpt>
   <trkpt lat="50.91710000030647" lon="4.614400001913396">
    <ele>20.880000000000003</ele>
   </trkpt>
   <trkpt lat="50.91761" lon="4.61422">
    <ele>20.560000000000002</ele>
   </trkpt>
   <trkpt lat="50.91792" lon="4.614120000000001">
    <ele>20.560000000000002</ele>
   </trkpt>
   <trkpt lat="50.918150000000004" lon="4.61409">
    <ele>20.52</ele>
   </trkpt>
   <trkpt lat="50.91852" lon="4.6141000000000005">
    <ele>20.37</ele>
   </trkpt>
   <trkpt lat="50.918710000000004" lon="4.61413">
    <ele>20.26</ele>
   </trkpt>
   <trkpt lat="50.918940000000006" lon="4.6142">
    <ele>20.26</ele>
   </trkpt>
   <trkpt lat="50.919700000000006" lon="4.614520000000001">
    <ele>19.98</ele>
   </trkpt>
   <trkpt lat="50.92" lon="4.6146">
    <ele>19.85</ele>
   </trkpt>
   <trkpt lat="50.92038" lon="4.61463">
    <ele>19.62</ele>
   </trkpt>
   <trkpt lat="50.92105499993359" lon="4.61457500080437">
    <ele>19.48</ele>
   </trkpt>
   <trkpt lat="50.921730000000004" lon="4.614520000000001">
    <ele>19.42</ele>
   </trkpt>
   <trkpt lat="50.92206" lon="4.614540000000001">
    <ele>19.46</ele>
   </trkpt>
   <trkpt lat="50.92237" lon="4.61463">
    <ele>19.4</ele>
   </trkpt>
   <trkpt lat="50.922560000000004" lon="4.614730000000001">
    <ele>19.4</ele>
   </trkpt>
   <trkpt lat="50.92296" lon="4.615060000000001">
    <ele>19.270000000000003</ele>
   </trkpt>
   <trkpt lat="50.923330001100666" lon="4.615544996268915">
    <ele>18.930000000000003</ele>
   </trkpt>
   <trkpt lat="50.923700000000004" lon="4.61603">
    <ele>18.930000000000003</ele>
   </trkpt>
   <trkpt lat="50.924110000000006" lon="4.61646">
    <ele>18.860000000000003</ele>
   </trkpt>
   <trkpt lat="50.924910000000004" lon="4.617100000000001">
    <ele>18.71</ele>
   </trkpt>
   <trkpt lat="50.925565000973215" lon="4.6175799932338855">
    <ele>18.44</ele>
   </trkpt>
   <trkpt lat="50.92622" lon="4.618060000000001">
    <ele>18.31</ele>
   </trkpt>
   <trkpt lat="50.92660000000001" lon="4.61822">
    <ele>18.3</ele>
   </trkpt>
   <trkpt lat="50.92654752466465" lon="4.619607504652447">
    <ele>18.28</ele>
   </trkpt>
   <trkpt lat="50.92649503288728" lon="4.62099500617408">
    <ele>18.680000000000003</ele>
   </trkpt>
   <trkpt lat="50.92644252466796" lon="4.622382504563929">
    <ele>18.26</ele>
   </trkpt>
   <trkpt lat="50.926390000000005" lon="4.62377">
    <ele>19.020000000000003</ele>
   </trkpt>
   <trkpt lat="50.92681" lon="4.623900000000001">
    <ele>18.73</ele>
   </trkpt>
   <trkpt lat="50.92705" lon="4.6239300000000005">
    <ele>18.76</ele>
   </trkpt>
   <trkpt lat="50.927110013201045" lon="4.625173330093012">
    <ele>17.37</ele>
   </trkpt>
   <trkpt lat="50.927170013199465" lon="4.626416663393732">
    <ele>17.34</ele>
   </trkpt>
   <trkpt lat="50.92723" lon="4.6276600000000006">
    <ele>17.220000000000002</ele>
   </trkpt>
   <trkpt lat="50.9273" lon="4.62856">
    <ele>17.14</ele>
   </trkpt>
   <trkpt lat="50.927435003451805" lon="4.629459997340663">
    <ele>17.310000000000002</ele>
   </trkpt>
   <trkpt lat="50.92757" lon="4.6303600000000005">
    <ele>18.1</ele>
   </trkpt>
   <trkpt lat="50.92756000000001" lon="4.6305000000000005">
    <ele>18.26</ele>
   </trkpt>
   <trkpt lat="50.928140000000006" lon="4.63084">
    <ele>18.13</ele>
   </trkpt>
   <trkpt lat="50.92833" lon="4.63089">
    <ele>17.96</ele>
   </trkpt>
   <trkpt lat="50.928580000000004" lon="4.63089">
    <ele>17.96</ele>
   </trkpt>
   <trkpt lat="50.92929000015697" lon="4.630777505152484">
    <ele>16.990000000000002</ele>
   </trkpt>
   <trkpt lat="50.93000000020584" lon="4.630665006870653">
    <ele>16.67</ele>
   </trkpt>
   <trkpt lat="50.93071000014661" lon="4.6305525051543155">
    <ele>16.42</ele>
   </trkpt>
   <trkpt lat="50.93142" lon="4.63044">
    <ele>17.67</ele>
   </trkpt>
   <trkpt lat="50.93150000000001" lon="4.630470000000001">
    <ele>17.77</ele>
   </trkpt>
   <trkpt lat="50.9316" lon="4.63055">
    <ele>17.93</ele>
   </trkpt>
   <trkpt lat="50.93206000000001" lon="4.63109">
    <ele>17.380000000000003</ele>
   </trkpt>
   <trkpt lat="50.93254000253996" lon="4.631864991961553">
    <ele>17.36</ele>
   </trkpt>
   <trkpt lat="50.933020000000006" lon="4.63264">
    <ele>17.490000000000002</ele>
   </trkpt>
   <trkpt lat="50.93314" lon="4.6328700000000005">
    <ele>17.490000000000002</ele>
   </trkpt>
   <trkpt lat="50.93328" lon="4.63327">
    <ele>17.61</ele>
   </trkpt>
   <trkpt lat="50.93347000256317" lon="4.634049996670808">
    <ele>17.580000000000002</ele>
   </trkpt>
   <trkpt lat="50.93366" lon="4.63483">
    <ele>17.79</ele>
   </trkpt>
   <trkpt lat="50.9339350047069" lon="4.635884993586053">
    <ele>17.85</ele>
   </trkpt>
   <trkpt lat="50.93421000000001" lon="4.63694">
    <ele>17.76</ele>
   </trkpt>
   <trkpt lat="50.93433" lon="4.63743">
    <ele>17.6</ele>
   </trkpt>
   <trkpt lat="50.93437" lon="4.63769">
    <ele>17.53</ele>
   </trkpt>
   <trkpt lat="50.934380000000004" lon="4.63788">
    <ele>17.53</ele>
   </trkpt>
   <trkpt lat="50.93433" lon="4.63844">
    <ele>17.42</ele>
   </trkpt>
   <trkpt lat="50.934360002905436" lon="4.639264999444242">
    <ele>17.11</ele>
   </trkpt>
   <trkpt lat="50.93439000000001" lon="4.640090000000001">
    <ele>17.14</ele>
   </trkpt>
   <trkpt lat="50.934430000000006" lon="4.64017">
    <ele>17.14</ele>
   </trkpt>
   <trkpt lat="50.93448" lon="4.64022">
    <ele>17.14</ele>
   </trkpt>
   <trkpt lat="50.934540000000005" lon="4.640230000000001">
    <ele>17.07</ele>
   </trkpt>
   <trkpt lat="50.93491" lon="4.6401">
    <ele>17.16</ele>
   </trkpt>
   <trkpt lat="50.935710000378" lon="4.639815004891732">
    <ele>16.98</ele>
   </trkpt>
   <trkpt lat="50.936510000000006" lon="4.639530000000001">
    <ele>16.95</ele>
   </trkpt>
   <trkpt lat="50.93679" lon="4.63937">
    <ele>17.0</ele>
   </trkpt>
   <trkpt lat="50.93713" lon="4.6391">
    <ele>17.17</ele>
   </trkpt>
   <trkpt lat="50.9375950008649" lon="4.6386300047791105">
    <ele>16.95</ele>
   </trkpt>
   <trkpt lat="50.93806000000001" lon="4.63816">
    <ele>16.69</ele>
   </trkpt>
   <trkpt lat="50.938230000000004" lon="4.63801">
    <ele>16.8</ele>
   </trkpt>
   <trkpt lat="50.938300000000005" lon="4.637980000000001">
    <ele>16.8</ele>
   </trkpt>
   <trkpt lat="50.938410000000005" lon="4.63802">
    <ele>15.09</ele>
   </trkpt>
   <trkpt lat="50.93853000000001" lon="4.638120000000001">
    <ele>15.030000000000001</ele>
   </trkpt>
   <trkpt lat="50.939133347626885" lon="4.6389382802371735">
    <ele>15.030000000000001</ele>
   </trkpt>
   <trkpt lat="50.93973668953552" lon="4.63975658171013">
    <ele>15.030000000000001</ele>
   </trkpt>
   <trkpt lat="50.94034002572564" lon="4.640574904419676">
    <ele>14.59</ele>
   </trkpt>
   <trkpt lat="50.940943356197" lon="4.64139324836662">
    <ele>14.59</ele>
   </trkpt>
   <trkpt lat="50.94154668094928" lon="4.6422116135517655">
    <ele>14.59</ele>
   </trkpt>
   <trkpt lat="50.942150000000005" lon="4.64303">
    <ele>14.59</ele>
   </trkpt>
   <trkpt lat="50.94171000000001" lon="4.64245">
    <ele>15.39</ele>
   </trkpt>
   <trkpt lat="50.94217500161212" lon="4.643049994095853">
    <ele>15.160000000000002</ele>
   </trkpt>
   <trkpt lat="50.942640000000004" lon="4.64365">
    <ele>15.02</ele>
   </trkpt>
   <trkpt lat="50.943220000000004" lon="4.64456">
    <ele>14.39</ele>
   </trkpt>
   <trkpt lat="50.94398500025735" lon="4.6447999960543465">
    <ele>14.14</ele>
   </trkpt>
   <trkpt lat="50.944750000000006" lon="4.645040000000001">
    <ele>14.14</ele>
   </trkpt>
   <trkpt lat="50.94487" lon="4.64505">
    <ele>14.120000000000001</ele>
   </trkpt>
   <trkpt lat="50.94502000000001" lon="4.645020000000001">
    <ele>14.020000000000001</ele>
   </trkpt>
   <trkpt lat="50.94514" lon="4.644950000000001">
    <ele>14.020000000000001</ele>
   </trkpt>
   <trkpt lat="50.945910000000005" lon="4.644240000000001">
    <ele>14.010000000000002</ele>
   </trkpt>
   <trkpt lat="50.946360000592904" lon="4.643840003952356">
    <ele>13.780000000000001</ele>
   </trkpt>
   <trkpt lat="50.946810000000006" lon="4.64344">
    <ele>14.97</ele>
   </trkpt>
   <trkpt lat="50.94684" lon="4.643490000000001">
    <ele>14.92</ele>
   </trkpt>
   <trkpt lat="50.94695" lon="4.6435">
    <ele>14.97</ele>
   </trkpt>
   <trkpt lat="50.947250000000004" lon="4.64364">
    <ele>15.19</ele>
   </trkpt>
   <trkpt lat="50.94702334617779" lon="4.644866678655054">
    <ele>14.33</ele>
   </trkpt>
   <trkpt lat="50.946796679506285" lon="4.6460933453476265">
    <ele>14.34</ele>
   </trkpt>
   <trkpt lat="50.94657" lon="4.647320000000001">
    <ele>14.48</ele>
   </trkpt>
   <trkpt lat="50.946361695066805" lon="4.648473359161572">
    <ele>14.48</ele>
   </trkpt>
   <trkpt lat="50.94615337877437" lon="4.649626707986464">
    <ele>14.48</ele>
   </trkpt>
   <trkpt lat="50.94594505112289" lon="4.650780046474282">
    <ele>15.23</ele>
   </trkpt>
   <trkpt lat="50.94573671211256" lon="4.651933374624634">
    <ele>15.23</ele>
   </trkpt>
   <trkpt lat="50.945528361743534" lon="4.653086692437125">
    <ele>15.23</ele>
   </trkpt>
   <trkpt lat="50.94532" lon="4.654240000000001">
    <ele>15.23</ele>
   </trkpt>
   <trkpt lat="50.944880000000005" lon="4.65664">
    <ele>15.27</ele>
   </trkpt>
   <trkpt lat="50.94471000363614" lon="4.65756500347582">
    <ele>15.21</ele>
   </trkpt>
   <trkpt lat="50.94454" lon="4.6584900000000005">
    <ele>15.450000000000001</ele>
   </trkpt>
   <trkpt lat="50.94449" lon="4.658650000000001">
    <ele>15.410000000000002</ele>
   </trkpt>
   <trkpt lat="50.94446000000001" lon="4.6586300000000005">
    <ele>14.67</ele>
   </trkpt>
   <trkpt lat="50.944300000000005" lon="4.659210000000001">
    <ele>14.820000000000002</ele>
   </trkpt>
   <trkpt lat="50.94414668125164" lon="4.660516675244632">
    <ele>14.820000000000002</ele>
   </trkpt>
   <trkpt lat="50.94399334792308" lon="4.661823341870305">
    <ele>14.780000000000001</ele>
   </trkpt>
   <trkpt lat="50.94384" lon="4.663130000000001">
    <ele>14.780000000000001</ele>
   </trkpt>
   <trkpt lat="50.94384" lon="4.66312">
    <ele>14.190000000000001</ele>
   </trkpt>
   <trkpt lat="50.94384" lon="4.66357">
    <ele>14.22</ele>
   </trkpt>
   <trkpt lat="50.94395" lon="4.6640500000000005">
    <ele>14.33</ele>
   </trkpt>
   <trkpt lat="50.94441000463286" lon="4.665094989592324">
    <ele>13.71</ele>
   </trkpt>
   <trkpt lat="50.94487" lon="4.66614">
    <ele>13.330000000000002</ele>
   </trkpt>
   <trkpt lat="50.945150000000005" lon="4.666950000000001">
    <ele>13.18</ele>
   </trkpt>
   <trkpt lat="50.94545001111181" lon="4.6680899853397575">
    <ele>13.030000000000001</ele>
   </trkpt>
   <trkpt lat="50.94575001112598" lon="4.669229985393295">
    <ele>12.820000000000002</ele>
   </trkpt>
   <trkpt lat="50.94605000000001" lon="4.67037">
    <ele>12.870000000000001</ele>
   </trkpt>
   <trkpt lat="50.94608" lon="4.67058">
    <ele>12.870000000000001</ele>
   </trkpt>
   <trkpt lat="50.94612000000001" lon="4.671340000000001">
    <ele>13.23</ele>
   </trkpt>
   <trkpt lat="50.946110000000004" lon="4.67156">
    <ele>13.23</ele>
   </trkpt>
   <trkpt lat="50.94606" lon="4.671670000000001">
    <ele>13.340000000000002</ele>
   </trkpt>
   <trkpt lat="50.946000000000005" lon="4.6717">
    <ele>13.35</ele>
   </trkpt>
   <trkpt lat="50.9459" lon="4.671690000000001">
    <ele>13.35</ele>
   </trkpt>
   <trkpt lat="50.945780000000006" lon="4.67164">
    <ele>13.14</ele>
   </trkpt>
   <trkpt lat="50.945660000000004" lon="4.67163">
    <ele>13.14</ele>
   </trkpt>
   <trkpt lat="50.94552" lon="4.67168">
    <ele>13.09</ele>
   </trkpt>
   <trkpt lat="50.94539" lon="4.67178">
    <ele>13.13</ele>
   </trkpt>
   <trkpt lat="50.94487500114993" lon="4.672300005765204">
    <ele>13.290000000000001</ele>
   </trkpt>
   <trkpt lat="50.94436" lon="4.672820000000001">
    <ele>13.260000000000002</ele>
   </trkpt>
   <trkpt lat="50.94426000000001" lon="4.67295">
    <ele>13.260000000000002</ele>
   </trkpt>
   <trkpt lat="50.94404" lon="4.67375">
    <ele>13.48</ele>
   </trkpt>
   <trkpt lat="50.94402" lon="4.6738800000000005">
    <ele>13.48</ele>
   </trkpt>
   <trkpt lat="50.94404" lon="4.67405">
    <ele>13.410000000000002</ele>
   </trkpt>
   <trkpt lat="50.9444" lon="4.67501">
    <ele>13.070000000000002</ele>
   </trkpt>
   <trkpt lat="50.94447" lon="4.675400000000001">
    <ele>13.05</ele>
   </trkpt>
   <trkpt lat="50.94446000000001" lon="4.67584">
    <ele>13.05</ele>
   </trkpt>
   <trkpt lat="50.9443850026421" lon="4.676625001151397">
    <ele>13.0</ele>
   </trkpt>
   <trkpt lat="50.94431" lon="4.67741">
    <ele>12.97</ele>
   </trkpt>
   <trkpt lat="50.944320000000005" lon="4.6776800000000005">
    <ele>12.97</ele>
   </trkpt>
   <trkpt lat="50.944370000000006" lon="4.67802">
    <ele>12.700000000000001</ele>
   </trkpt>
   <trkpt lat="50.94449" lon="4.678470000000001">
    <ele>12.700000000000001</ele>
   </trkpt>
   <trkpt lat="50.94451" lon="4.678640000000001">
    <ele>12.770000000000001</ele>
   </trkpt>
   <trkpt lat="50.944500000000005" lon="4.67891">
    <ele>12.770000000000001</ele>
   </trkpt>
   <trkpt lat="50.94446000000001" lon="4.6790400000000005">
    <ele>12.730000000000002</ele>
   </trkpt>
   <trkpt lat="50.9444" lon="4.67916">
    <ele>12.730000000000002</ele>
   </trkpt>
   <trkpt lat="50.94426000000001" lon="4.679340000000001">
    <ele>12.49</ele>
   </trkpt>
   <trkpt lat="50.944190000000006" lon="4.679550000000001">
    <ele>12.280000000000001</ele>
   </trkpt>
   <trkpt lat="50.94417000000001" lon="4.680020000000001">
    <ele>11.83</ele>
   </trkpt>
   <trkpt lat="50.944250000000004" lon="4.6807300000000005">
    <ele>11.56</ele>
   </trkpt>
   <trkpt lat="50.94451" lon="4.68167">
    <ele>12.010000000000002</ele>
   </trkpt>
   <trkpt lat="50.94454" lon="4.68184">
    <ele>12.48</ele>
   </trkpt>
   <trkpt lat="50.94454" lon="4.681990000000001">
    <ele>12.5</ele>
   </trkpt>
   <trkpt lat="50.94473000000001" lon="4.68289">
    <ele>12.39</ele>
   </trkpt>
   <trkpt lat="50.944790000000005" lon="4.683330000000001">
    <ele>12.520000000000001</ele>
   </trkpt>
   <trkpt lat="50.944880000000005" lon="4.68409">
    <ele>12.180000000000001</ele>
   </trkpt>
   <trkpt lat="50.94505" lon="4.684830000000001">
    <ele>11.8</ele>
   </trkpt>
   <trkpt lat="50.945130000000006" lon="4.68562">
    <ele>11.670000000000002</ele>
   </trkpt>
   <trkpt lat="50.94521" lon="4.686030000000001">
    <ele>11.600000000000001</ele>
   </trkpt>
   <trkpt lat="50.94532" lon="4.68625">
    <ele>11.600000000000001</ele>
   </trkpt>
   <trkpt lat="50.94545" lon="4.686380000000001">
    <ele>11.590000000000002</ele>
   </trkpt>
   <trkpt lat="50.945690000000006" lon="4.68649">
    <ele>11.53</ele>
   </trkpt>
   <trkpt lat="50.94601" lon="4.6865000000000006">
    <ele>11.31</ele>
   </trkpt>
   <trkpt lat="50.94608" lon="4.686520000000001">
    <ele>11.31</ele>
   </trkpt>
   <trkpt lat="50.946220000000004" lon="4.686590000000001">
    <ele>11.370000000000001</ele>
   </trkpt>
   <trkpt lat="50.9461" lon="4.687180000000001">
    <ele>11.13</ele>
   </trkpt>
   <trkpt lat="50.946020000000004" lon="4.687340000000001">
    <ele>11.13</ele>
   </trkpt>
   <trkpt lat="50.945660000000004" lon="4.68783">
    <ele>11.510000000000002</ele>
   </trkpt>
   <trkpt lat="50.94545" lon="4.688210000000001">
    <ele>11.66</ele>
   </trkpt>
   <trkpt lat="50.945150000000005" lon="4.6890600000000004">
    <ele>12.14</ele>
   </trkpt>
   <trkpt lat="50.94502000000001" lon="4.6896">
    <ele>12.190000000000001</ele>
   </trkpt>
   <trkpt lat="50.94471500437515" lon="4.69061000656138">
    <ele>11.82</ele>
   </trkpt>
   <trkpt lat="50.944410000000005" lon="4.69162">
    <ele>11.49</ele>
   </trkpt>
   <trkpt lat="50.94409" lon="4.69238">
    <ele>11.38</ele>
   </trkpt>
   <trkpt lat="50.943870000000004" lon="4.693040000000001">
    <ele>11.330000000000002</ele>
   </trkpt>
   <trkpt lat="50.94371" lon="4.6936100000000005">
    <ele>11.64</ele>
   </trkpt>
   <trkpt lat="50.94409" lon="4.69425">
    <ele>11.01</ele>
   </trkpt>
   <trkpt lat="50.94438" lon="4.694800000000001">
    <ele>11.170000000000002</ele>
   </trkpt>
   <trkpt lat="50.944410000000005" lon="4.694940000000001">
    <ele>11.170000000000002</ele>
   </trkpt>
   <trkpt lat="50.944430000000004" lon="4.695740000000001">
    <ele>10.57</ele>
   </trkpt>
   <trkpt lat="50.944480000000006" lon="4.69624">
    <ele>11.940000000000001</ele>
   </trkpt>
   <trkpt lat="50.94442" lon="4.69639">
    <ele>12.010000000000002</ele>
   </trkpt>
   <trkpt lat="50.9449383524063" lon="4.697334947332623">
    <ele>12.010000000000002</ele>
   </trkpt>
   <trkpt lat="50.94545669718734" lon="4.698279915737904">
    <ele>12.010000000000002</ele>
   </trkpt>
   <trkpt lat="50.94597503434285" lon="4.6992249052163935">
    <ele>10.77</ele>
   </trkpt>
   <trkpt lat="50.94649336387249" lon="4.700169915768641">
    <ele>10.77</ele>
   </trkpt>
   <trkpt lat="50.947011685775976" lon="4.701114947395196">
    <ele>10.77</ele>
   </trkpt>
   <trkpt lat="50.94753000000001" lon="4.70206">
    <ele>10.77</ele>
   </trkpt>
   <trkpt lat="50.94765" lon="4.70246">
    <ele>11.46</ele>
   </trkpt>
   <trkpt lat="50.947750000000006" lon="4.7029700000000005">
    <ele>11.47</ele>
   </trkpt>
   <trkpt lat="50.947810000000004" lon="4.70336">
    <ele>11.47</ele>
   </trkpt>
   <trkpt lat="50.94776" lon="4.7033700000000005">
    <ele>11.410000000000002</ele>
   </trkpt>
   <trkpt lat="50.947990000000004" lon="4.704680000000001">
    <ele>11.160000000000002</ele>
   </trkpt>
   <trkpt lat="50.948246678153836" lon="4.705839987175263">
    <ele>11.120000000000001</ele>
   </trkpt>
   <trkpt lat="50.948503344817446" lon="4.70699998716117">
    <ele>10.96</ele>
   </trkpt>
   <trkpt lat="50.94876000000001" lon="4.70816">
    <ele>11.28</ele>
   </trkpt>
   <trkpt lat="50.94879" lon="4.708150000000001">
    <ele>11.47</ele>
   </trkpt>
   <trkpt lat="50.94892" lon="4.708760000000001">
    <ele>11.81</ele>
   </trkpt>
   <trkpt lat="50.949070000000006" lon="4.70936">
    <ele>12.270000000000001</ele>
   </trkpt>
   <trkpt lat="50.94919" lon="4.7096800000000005">
    <ele>12.610000000000001</ele>
   </trkpt>
   <trkpt lat="50.949290000000005" lon="4.70988">
    <ele>12.74</ele>
   </trkpt>
   <trkpt lat="50.94932000000001" lon="4.70985">
    <ele>13.120000000000001</ele>
   </trkpt>
   <trkpt lat="50.949725002426526" lon="4.7105999935111">
    <ele>13.170000000000002</ele>
   </trkpt>
   <trkpt lat="50.95013" lon="4.71135">
    <ele>13.3</ele>
   </trkpt>
   <trkpt lat="50.95013" lon="4.71145">
    <ele>13.32</ele>
   </trkpt>
   <trkpt lat="50.95022" lon="4.711530000000001">
    <ele>13.280000000000001</ele>
   </trkpt>
   <trkpt lat="50.950590000000005" lon="4.71199">
    <ele>13.23</ele>
   </trkpt>
   <trkpt lat="50.950950000000006" lon="4.71255">
    <ele>13.410000000000002</ele>
   </trkpt>
   <trkpt lat="50.951280000000004" lon="4.71302">
    <ele>13.600000000000001</ele>
   </trkpt>
   <trkpt lat="50.95187000000001" lon="4.713780000000001">
    <ele>13.750000000000002</ele>
   </trkpt>
   <trkpt lat="50.95233000130562" lon="4.714324994650223">
    <ele>13.750000000000002</ele>
   </trkpt>
   <trkpt lat="50.95279000000001" lon="4.71487">
    <ele>13.520000000000001</ele>
   </trkpt>
   <trkpt lat="50.95316000100588" lon="4.71531999658928">
    <ele>13.19</ele>
   </trkpt>
   <trkpt lat="50.95353" lon="4.71577">
    <ele>12.940000000000001</ele>
   </trkpt>
   <trkpt lat="50.953810000000004" lon="4.71631">
    <ele>12.730000000000002</ele>
   </trkpt>
   <trkpt lat="50.95396" lon="4.7167">
    <ele>12.63</ele>
   </trkpt>
   <trkpt lat="50.95416000225577" lon="4.717414997184424">
    <ele>12.350000000000001</ele>
   </trkpt>
   <trkpt lat="50.95436" lon="4.71813">
    <ele>11.35</ele>
   </trkpt>
   <trkpt lat="50.95449000000001" lon="4.7186900000000005">
    <ele>11.19</ele>
   </trkpt>
   <trkpt lat="50.95473252190091" lon="4.719997479556775">
    <ele>11.19</ele>
   </trkpt>
   <trkpt lat="50.95497502920454" lon="4.721304972759749">
    <ele>11.860000000000001</ele>
   </trkpt>
   <trkpt lat="50.95521752191065" lon="4.722612479608364">
    <ele>11.860000000000001</ele>
   </trkpt>
   <trkpt lat="50.95546" lon="4.723920000000001">
    <ele>11.9</ele>
   </trkpt>
   <trkpt lat="50.955450000000006" lon="4.723920000000001">
    <ele>11.3</ele>
   </trkpt>
   <trkpt lat="50.95552000000001" lon="4.724270000000001">
    <ele>11.23</ele>
   </trkpt>
   <trkpt lat="50.95576334216892" lon="4.7252866560607405">
    <ele>11.05</ele>
   </trkpt>
   <trkpt lat="50.9560066755122" lon="4.726303322768756">
    <ele>11.01</ele>
   </trkpt>
   <trkpt lat="50.956250000000004" lon="4.727320000000001">
    <ele>11.09</ele>
   </trkpt>
   <trkpt lat="50.95633" lon="4.72801">
    <ele>11.3</ele>
   </trkpt>
   <trkpt lat="50.95633" lon="4.72876">
    <ele>11.46</ele>
   </trkpt>
   <trkpt lat="50.956310002274066" lon="4.729490000353508">
    <ele>11.410000000000002</ele>
   </trkpt>
   <trkpt lat="50.95629" lon="4.73022">
    <ele>11.420000000000002</ele>
   </trkpt>
   <trkpt lat="50.95629" lon="4.7309600000000005">
    <ele>11.420000000000002</ele>
   </trkpt>
   <trkpt lat="50.956360000000004" lon="4.731610000000001">
    <ele>11.31</ele>
   </trkpt>
   <trkpt lat="50.95651" lon="4.73231">
    <ele>11.370000000000001</ele>
   </trkpt>
   <trkpt lat="50.956520000000005" lon="4.73231">
    <ele>10.96</ele>
   </trkpt>
   <trkpt lat="50.956853343342914" lon="4.733393317753846">
    <ele>10.96</ele>
   </trkpt>
   <trkpt lat="50.957186676664854" lon="4.734476651049939">
    <ele>11.21</ele>
   </trkpt>
   <trkpt lat="50.95752" lon="4.73556">
    <ele>11.21</ele>
   </trkpt>
   <trkpt lat="50.957640000000005" lon="4.735810000000001">
    <ele>11.74</ele>
   </trkpt>
   <trkpt lat="50.9577" lon="4.735950000000001">
    <ele>11.82</ele>
   </trkpt>
   <trkpt lat="50.958310000000004" lon="4.7369900000000005">
    <ele>12.290000000000001</ele>
   </trkpt>
   <trkpt lat="50.958830000000006" lon="4.73791">
    <ele>12.55</ele>
   </trkpt>
   <trkpt lat="50.95891" lon="4.738090000000001">
    <ele>12.820000000000002</ele>
   </trkpt>
   <trkpt lat="50.95929501501888" lon="4.739172473121773">
    <ele>12.820000000000002</ele>
   </trkpt>
   <trkpt lat="50.95968002003259" lon="4.740254964182624">
    <ele>15.450000000000001</ele>
   </trkpt>
   <trkpt lat="50.96006501504084" lon="4.74133747318263">
    <ele>15.450000000000001</ele>
   </trkpt>
   <trkpt lat="50.96045" lon="4.74242">
    <ele>15.450000000000001</ele>
   </trkpt>
   <trkpt lat="50.96049000000001" lon="4.7426200000000005">
    <ele>15.430000000000001</ele>
   </trkpt>
   <trkpt lat="50.960570000000004" lon="4.74373">
    <ele>15.950000000000003</ele>
   </trkpt>
   <trkpt lat="50.960530000000006" lon="4.744000000000001">
    <ele>15.950000000000003</ele>
   </trkpt>
   <trkpt lat="50.96060000000001" lon="4.744070000000001">
    <ele>18.14</ele>
   </trkpt>
   <trkpt lat="50.96076000791545" lon="4.745033326648562">
    <ele>18.14</ele>
   </trkpt>
   <trkpt lat="50.96092000790719" lon="4.745996659932047">
    <ele>17.820000000000004</ele>
   </trkpt>
   <trkpt lat="50.96108" lon="4.7469600000000005">
    <ele>17.820000000000004</ele>
   </trkpt>
   <trkpt lat="50.96118000224718" lon="4.747679998695314">
    <ele>18.28</ele>
   </trkpt>
   <trkpt lat="50.96128" lon="4.7484">
    <ele>18.860000000000003</ele>
   </trkpt>
   <trkpt lat="50.96135500231507" lon="4.749139998580898">
    <ele>19.69</ele>
   </trkpt>
   <trkpt lat="50.96143000000001" lon="4.74988">
    <ele>20.43</ele>
   </trkpt>
   <trkpt lat="50.96154500784998" lon="4.751234996783197">
    <ele>21.040000000000003</ele>
   </trkpt>
   <trkpt lat="50.96166" lon="4.7525900000000005">
    <ele>22.88</ele>
   </trkpt>
   <trkpt lat="50.961720002685" lon="4.753379999251092">
    <ele>24.860000000000003</ele>
   </trkpt>
   <trkpt lat="50.961780000000005" lon="4.75417">
    <ele>26.78</ele>
   </trkpt>
   <trkpt lat="50.96190000000001" lon="4.75495">
    <ele>28.490000000000002</ele>
   </trkpt>
   <trkpt lat="50.96213001628127" lon="4.756077483253445">
    <ele>28.690000000000005</ele>
   </trkpt>
   <trkpt lat="50.96236002170833" lon="4.757204977670685">
    <ele>26.500000000000004</ele>
   </trkpt>
   <trkpt lat="50.962590016280984" lon="4.758332483251396">
    <ele>22.88</ele>
   </trkpt>
   <trkpt lat="50.96282" lon="4.759460000000001">
    <ele>20.330000000000002</ele>
   </trkpt>
   <trkpt lat="50.96309001279541" lon="4.7606833191935465">
    <ele>18.62</ele>
   </trkpt>
   <trkpt lat="50.96336001281306" lon="4.761906652606535">
    <ele>16.990000000000002</ele>
   </trkpt>
   <trkpt lat="50.96363" lon="4.76313">
    <ele>15.860000000000003</ele>
   </trkpt>
   <trkpt lat="50.96385334343371" lon="4.764216656306769">
    <ele>15.74</ele>
   </trkpt>
   <trkpt lat="50.96407667678521" lon="4.765303323061599">
    <ele>16.92</ele>
   </trkpt>
   <trkpt lat="50.9643" lon="4.76639">
    <ele>15.99</ele>
   </trkpt>
   <trkpt lat="50.964516675495574" lon="4.7674066572009925">
    <ele>15.31</ele>
   </trkpt>
   <trkpt lat="50.964733342166056" lon="4.768423323885424">
    <ele>15.22</ele>
   </trkpt>
   <trkpt lat="50.96495" lon="4.76944">
    <ele>15.75</ele>
   </trkpt>
   <trkpt lat="50.965188361478006" lon="4.7705883038637005">
    <ele>15.790000000000001</ele>
   </trkpt>
   <trkpt lat="50.96542671169748" lon="4.771736619511154">
    <ele>15.74</ele>
   </trkpt>
   <trkpt lat="50.96566505065821" lon="4.772884946942022">
    <ele>16.32</ele>
   </trkpt>
   <trkpt lat="50.96590337836" lon="4.77403328615597">
    <ele>16.6</ele>
   </trkpt>
   <trkpt lat="50.966141694802616" lon="4.775181637152664">
    <ele>16.880000000000003</ele>
   </trkpt>
   <trkpt lat="50.96638" lon="4.776330000000001">
    <ele>16.61</ele>
   </trkpt>
   <trkpt lat="50.966440000000006" lon="4.77643">
    <ele>16.61</ele>
   </trkpt>
   <trkpt lat="50.96703666806524" lon="4.776833322978305">
    <ele>15.620000000000001</ele>
   </trkpt>
   <trkpt lat="50.96763333474158" lon="4.777236656318005">
    <ele>15.600000000000001</ele>
   </trkpt>
   <trkpt lat="50.968230000000005" lon="4.777640000000001">
    <ele>15.46</ele>
   </trkpt>
   <trkpt lat="50.96870000059939" lon="4.777949996987983">
    <ele>15.280000000000001</ele>
   </trkpt>
   <trkpt lat="50.969170000000005" lon="4.77826">
    <ele>15.250000000000002</ele>
   </trkpt>
   <trkpt lat="50.96945" lon="4.778420000000001">
    <ele>15.13</ele>
   </trkpt>
   <trkpt lat="50.969660000000005" lon="4.77852">
    <ele>15.05</ele>
   </trkpt>
   <trkpt lat="50.97023500032453" lon="4.778769996930139">
    <ele>14.57</ele>
   </trkpt>
   <trkpt lat="50.97081000000001" lon="4.77902">
    <ele>14.090000000000002</ele>
   </trkpt>
   <trkpt lat="50.97093" lon="4.779120000000001">
    <ele>14.090000000000002</ele>
   </trkpt>
   <trkpt lat="50.9712" lon="4.77944">
    <ele>13.63</ele>
   </trkpt>
   <trkpt lat="50.971320000000006" lon="4.779590000000001">
    <ele>13.4</ele>
   </trkpt>
   <trkpt lat="50.97138" lon="4.779750000000001">
    <ele>13.15</ele>
   </trkpt>
   <trkpt lat="50.971410000000006" lon="4.779750000000001">
    <ele>13.15</ele>
   </trkpt>
   <trkpt lat="50.97146000000001" lon="4.779780000000001">
    <ele>12.900000000000002</ele>
   </trkpt>
   <trkpt lat="50.97151" lon="4.7798300000000005">
    <ele>12.900000000000002</ele>
   </trkpt>
   <trkpt lat="50.97153" lon="4.77991">
    <ele>12.88</ele>
   </trkpt>
   <trkpt lat="50.97153" lon="4.780010000000001">
    <ele>12.88</ele>
   </trkpt>
   <trkpt lat="50.97149" lon="4.780150000000001">
    <ele>12.88</ele>
   </trkpt>
   <trkpt lat="50.97144" lon="4.78019">
    <ele>13.520000000000001</ele>
   </trkpt>
   <trkpt lat="50.97138" lon="4.780200000000001">
    <ele>13.520000000000001</ele>
   </trkpt>
   <trkpt lat="50.97130000000001" lon="4.78014">
    <ele>13.520000000000001</ele>
   </trkpt>
   <trkpt lat="50.97069000735148" lon="4.7810666909772666">
    <ele>13.99</ele>
   </trkpt>
   <trkpt lat="50.97008000737125" lon="4.781993357613422">
    <ele>14.470000000000002</ele>
   </trkpt>
   <trkpt lat="50.96947" lon="4.782920000000001">
    <ele>15.01</ele>
   </trkpt>
   <trkpt lat="50.96907" lon="4.783440000000001">
    <ele>15.520000000000001</ele>
   </trkpt>
   <trkpt lat="50.968790000000006" lon="4.78378">
    <ele>15.940000000000003</ele>
   </trkpt>
   <trkpt lat="50.968283335589405" lon="4.784290011090401">
    <ele>18.76</ele>
   </trkpt>
   <trkpt lat="50.96777666895805" lon="4.7848000110547035">
    <ele>22.02</ele>
   </trkpt>
   <trkpt lat="50.967270000000006" lon="4.78531">
    <ele>23.340000000000003</ele>
   </trkpt>
   <trkpt lat="50.9671" lon="4.785500000000001">
    <ele>23.520000000000003</ele>
   </trkpt>
   <trkpt lat="50.96688" lon="4.785850000000001">
    <ele>22.69</ele>
   </trkpt>
   <trkpt lat="50.96678000000001" lon="4.786040000000001">
    <ele>22.35</ele>
   </trkpt>
   <trkpt lat="50.96658000000001" lon="4.78657">
    <ele>19.12</ele>
   </trkpt>
   <trkpt lat="50.96645" lon="4.78723">
    <ele>18.27</ele>
   </trkpt>
   <trkpt lat="50.96640000000001" lon="4.7877600000000005">
    <ele>16.990000000000002</ele>
   </trkpt>
   <trkpt lat="50.96638" lon="4.7883700000000005">
    <ele>16.53</ele>
   </trkpt>
   <trkpt lat="50.966330000000006" lon="4.788760000000001">
    <ele>16.200000000000003</ele>
   </trkpt>
   <trkpt lat="50.96656" lon="4.7891900000000005">
    <ele>16.12</ele>
   </trkpt>
   <trkpt lat="50.96645" lon="4.7893300000000005">
    <ele>16.12</ele>
   </trkpt>
   <trkpt lat="50.96631000000001" lon="4.789420000000001">
    <ele>15.98</ele>
   </trkpt>
   <trkpt lat="50.96587" lon="4.7899400000000005">
    <ele>15.98</ele>
   </trkpt>
   <trkpt lat="50.96557000000001" lon="4.79039">
    <ele>16.03</ele>
   </trkpt>
   <trkpt lat="50.96528000000001" lon="4.791040000000001">
    <ele>16.150000000000002</ele>
   </trkpt>
   <trkpt lat="50.96511" lon="4.79169">
    <ele>16.39</ele>
   </trkpt>
   <trkpt lat="50.96493501528478" lon="4.792782512355509">
    <ele>16.39</ele>
   </trkpt>
   <trkpt lat="50.96476002037863" lon="4.793875016480404">
    <ele>17.34</ele>
   </trkpt>
   <trkpt lat="50.964585015281685" lon="4.794967512374318">
    <ele>17.34</ele>
   </trkpt>
   <trkpt lat="50.96441" lon="4.796060000000001">
    <ele>17.34</ele>
   </trkpt>
   <trkpt lat="50.964330000000004" lon="4.796740000000001">
    <ele>17.34</ele>
   </trkpt>
   <trkpt lat="50.96432" lon="4.79713">
    <ele>18.39</ele>
   </trkpt>
   <trkpt lat="50.96441000772407" lon="4.798474997411621">
    <ele>18.520000000000003</ele>
   </trkpt>
   <trkpt lat="50.9645" lon="4.79982">
    <ele>19.31</ele>
   </trkpt>
   <trkpt lat="50.96455" lon="4.80015">
    <ele>19.31</ele>
   </trkpt>
   <trkpt lat="50.964650000000006" lon="4.80055">
    <ele>19.610000000000003</ele>
   </trkpt>
   <trkpt lat="50.96464" lon="4.80055">
    <ele>20.23</ele>
   </trkpt>
   <trkpt lat="50.96486" lon="4.8012500000000005">
    <ele>20.490000000000002</ele>
   </trkpt>
   <trkpt lat="50.96523500341049" lon="4.802144992753425">
    <ele>20.85</ele>
   </trkpt>
   <trkpt lat="50.965610000000005" lon="4.80304">
    <ele>21.400000000000002</ele>
   </trkpt>
   <trkpt lat="50.96573" lon="4.80328">
    <ele>21.41</ele>
   </trkpt>
   <trkpt lat="50.965900000000005" lon="4.80355">
    <ele>21.060000000000002</ele>
   </trkpt>
   <trkpt lat="50.96609" lon="4.8039000000000005">
    <ele>20.93</ele>
   </trkpt>
   <trkpt lat="50.96661" lon="4.80501">
    <ele>21.02</ele>
   </trkpt>
   <trkpt lat="50.96672" lon="4.80565">
    <ele>21.17</ele>
   </trkpt>
   <trkpt lat="50.96685" lon="4.8065500000000005">
    <ele>21.18</ele>
   </trkpt>
   <trkpt lat="50.966950000000004" lon="4.806990000000001">
    <ele>21.0</ele>
   </trkpt>
   <trkpt lat="50.96705000000001" lon="4.807300000000001">
    <ele>20.96</ele>
   </trkpt>
   <trkpt lat="50.967270000000006" lon="4.807840000000001">
    <ele>20.89</ele>
   </trkpt>
   <trkpt lat="50.96741" lon="4.808140000000001">
    <ele>20.900000000000002</ele>
   </trkpt>
   <trkpt lat="50.96791" lon="4.809060000000001">
    <ele>20.73</ele>
   </trkpt>
   <trkpt lat="50.968" lon="4.80931">
    <ele>20.71</ele>
   </trkpt>
   <trkpt lat="50.968270000000004" lon="4.810250000000001">
    <ele>21.080000000000002</ele>
   </trkpt>
   <trkpt lat="50.96837000000001" lon="4.81052">
    <ele>21.080000000000002</ele>
   </trkpt>
   <trkpt lat="50.96847" lon="4.8107500000000005">
    <ele>21.28</ele>
   </trkpt>
   <trkpt lat="50.96891" lon="4.81153">
    <ele>21.650000000000002</ele>
   </trkpt>
   <trkpt lat="50.969350000000006" lon="4.81236">
    <ele>21.75</ele>
   </trkpt>
   <trkpt lat="50.96949000000001" lon="4.81257">
    <ele>21.69</ele>
   </trkpt>
   <trkpt lat="50.969730000000006" lon="4.812860000000001">
    <ele>21.730000000000004</ele>
   </trkpt>
   <trkpt lat="50.969910000000006" lon="4.81297">
    <ele>21.730000000000004</ele>
   </trkpt>
   <trkpt lat="50.97055000005587" lon="4.812880001237158">
    <ele>22.240000000000002</ele>
   </trkpt>
   <trkpt lat="50.97119000000001" lon="4.812790000000001">
    <ele>23.650000000000002</ele>
   </trkpt>
   <trkpt lat="50.97138" lon="4.812810000000001">
    <ele>24.67</ele>
   </trkpt>
   <trkpt lat="50.97178" lon="4.81299">
    <ele>26.03</ele>
   </trkpt>
   <trkpt lat="50.972480000000004" lon="4.813350000000001">
    <ele>28.44</ele>
   </trkpt>
   <trkpt lat="50.9727" lon="4.8135">
    <ele>29.35</ele>
   </trkpt>
   <trkpt lat="50.97305" lon="4.81386">
    <ele>31.67</ele>
   </trkpt>
   <trkpt lat="50.97317" lon="4.81395">
    <ele>31.67</ele>
   </trkpt>
   <trkpt lat="50.973470000000006" lon="4.814050000000001">
    <ele>34.34</ele>
   </trkpt>
   <trkpt lat="50.97373" lon="4.81411">
    <ele>36.75000000000001</ele>
   </trkpt>
   <trkpt lat="50.973890000000004" lon="4.81411">
    <ele>37.37</ele>
   </trkpt>
   <trkpt lat="50.974000000000004" lon="4.814050000000001">
    <ele>37.35</ele>
   </trkpt>
   <trkpt lat="50.97413" lon="4.813840000000001">
    <ele>34.68</ele>
   </trkpt>
   <trkpt lat="50.97429" lon="4.81367">
    <ele>33.690000000000005</ele>
   </trkpt>
   <trkpt lat="50.97444" lon="4.813610000000001">
    <ele>32.11</ele>
   </trkpt>
   <trkpt lat="50.97457000000001" lon="4.813610000000001">
    <ele>29.580000000000002</ele>
   </trkpt>
   <trkpt lat="50.97484000000001" lon="4.81371">
    <ele>27.360000000000003</ele>
   </trkpt>
   <trkpt lat="50.97514" lon="4.813910000000001">
    <ele>24.790000000000003</ele>
   </trkpt>
   <trkpt lat="50.975460000000005" lon="4.81418">
    <ele>22.47</ele>
   </trkpt>
   <trkpt lat="50.975570000000005" lon="4.814240000000001">
    <ele>21.68</ele>
   </trkpt>
   <trkpt lat="50.975660000000005" lon="4.81426">
    <ele>21.68</ele>
   </trkpt>
   <trkpt lat="50.97589000000001" lon="4.81423">
    <ele>20.900000000000002</ele>
   </trkpt>
   <trkpt lat="50.97639000084017" lon="4.813820004314127">
    <ele>16.830000000000002</ele>
   </trkpt>
   <trkpt lat="50.976890000000004" lon="4.81341">
    <ele>15.410000000000002</ele>
   </trkpt>
   <trkpt lat="50.977316020804125" lon="4.814513959469518">
    <ele>15.410000000000002</ele>
   </trkpt>
   <trkpt lat="50.97774203120332" lon="4.815617939195762">
    <ele>15.410000000000002</ele>
   </trkpt>
   <trkpt lat="50.97816803119725" lon="4.8167219391789144">
    <ele>15.4</ele>
   </trkpt>
   <trkpt lat="50.978594020785536" lon="4.817825959419164">
    <ele>15.4</ele>
   </trkpt>
   <trkpt lat="50.979020000000006" lon="4.818930000000001">
    <ele>15.4</ele>
   </trkpt>
   <trkpt lat="50.97903" lon="4.818930000000001">
    <ele>15.240000000000002</ele>
   </trkpt>
   <trkpt lat="50.97938751112588" lon="4.819862478435737">
    <ele>15.240000000000002</ele>
   </trkpt>
   <trkpt lat="50.97974501482834" lon="4.82079497123119">
    <ele>16.91</ele>
   </trkpt>
   <trkpt lat="50.980102511107226" lon="4.821727478386468">
    <ele>16.91</ele>
   </trkpt>
   <trkpt lat="50.98046" lon="4.822660000000001">
    <ele>16.91</ele>
   </trkpt>
   <trkpt lat="50.9808" lon="4.8234900000000005">
    <ele>17.380000000000003</ele>
   </trkpt>
   <trkpt lat="50.98120001424559" lon="4.824544972712625">
    <ele>17.380000000000003</ele>
   </trkpt>
   <trkpt lat="50.98160001898945" lon="4.825599963603918">
    <ele>17.94</ele>
   </trkpt>
   <trkpt lat="50.98200001423132" lon="4.826654972674021">
    <ele>17.94</ele>
   </trkpt>
   <trkpt lat="50.982400000000005" lon="4.827710000000001">
    <ele>17.94</ele>
   </trkpt>
   <trkpt lat="50.98246" lon="4.827940000000001">
    <ele>18.64</ele>
   </trkpt>
   <trkpt lat="50.982580000000006" lon="4.8287">
    <ele>19.250000000000004</ele>
   </trkpt>
   <trkpt lat="50.983275000321164" lon="4.828542507072772">
    <ele>19.250000000000004</ele>
   </trkpt>
   <trkpt lat="50.98397000043055" lon="4.828385009430003">
    <ele>13.850000000000001</ele>
   </trkpt>
   <trkpt lat="50.984665000328185" lon="4.828227507071438">
    <ele>13.850000000000001</ele>
   </trkpt>
   <trkpt lat="50.98536000000001" lon="4.82807">
    <ele>13.850000000000001</ele>
   </trkpt>
   <trkpt lat="50.985400000000006" lon="4.828320000000001">
    <ele>14.05</ele>
   </trkpt>
   <trkpt lat="50.985440000000004" lon="4.828480000000001">
    <ele>14.08</ele>
   </trkpt>
   <trkpt lat="50.98558500303279" lon="4.829319997497751">
    <ele>14.0</ele>
   </trkpt>
   <trkpt lat="50.985730000000004" lon="4.83016">
    <ele>14.040000000000001</ele>
   </trkpt>
   <trkpt lat="50.9857" lon="4.8310200000000005">
    <ele>14.300000000000002</ele>
   </trkpt>
   <trkpt lat="50.985730000000004" lon="4.83115">
    <ele>14.4</ele>
   </trkpt>
   <trkpt lat="50.98581" lon="4.8313500000000005">
    <ele>14.4</ele>
   </trkpt>
   <trkpt lat="50.985980000000005" lon="4.83152">
    <ele>14.67</ele>
   </trkpt>
   <trkpt lat="50.98622" lon="4.83173">
    <ele>14.610000000000001</ele>
   </trkpt>
   <trkpt lat="50.98624" lon="4.8318">
    <ele>14.700000000000001</ele>
   </trkpt>
   <trkpt lat="50.98626" lon="4.83183">
    <ele>14.700000000000001</ele>
   </trkpt>
   <trkpt lat="50.98619000000001" lon="4.8321700000000005">
    <ele>14.360000000000001</ele>
   </trkpt>
   <trkpt lat="50.98617" lon="4.832350000000001">
    <ele>14.21</ele>
   </trkpt>
   <trkpt lat="50.98621001457559" lon="4.833656664415271">
    <ele>13.81</ele>
   </trkpt>
   <trkpt lat="50.98625001457563" lon="4.834963331082849">
    <ele>14.110000000000001</ele>
   </trkpt>
   <trkpt lat="50.986290000000004" lon="4.836270000000001">
    <ele>14.41</ele>
   </trkpt>
   <trkpt lat="50.98630000000001" lon="4.8370500000000005">
    <ele>14.74</ele>
   </trkpt>
   <trkpt lat="50.986270000000005" lon="4.83722">
    <ele>14.75</ele>
   </trkpt>
   <trkpt lat="50.986230000000006" lon="4.837330000000001">
    <ele>14.75</ele>
   </trkpt>
   <trkpt lat="50.98621000000001" lon="4.837350000000001">
    <ele>14.63</ele>
   </trkpt>
   <trkpt lat="50.98624" lon="4.8375200000000005">
    <ele>14.5</ele>
   </trkpt>
   <trkpt lat="50.98622" lon="4.8376600000000005">
    <ele>14.440000000000001</ele>
   </trkpt>
   <trkpt lat="50.98621000000001" lon="4.838290000000001">
    <ele>14.05</ele>
   </trkpt>
   <trkpt lat="50.98612000000001" lon="4.839">
    <ele>13.88</ele>
   </trkpt>
   <trkpt lat="50.98603000000001" lon="4.83938">
    <ele>13.96</ele>
   </trkpt>
   <trkpt lat="50.985890000000005" lon="4.8398200000000005">
    <ele>14.21</ele>
   </trkpt>
   <trkpt lat="50.98577" lon="4.840120000000001">
    <ele>14.21</ele>
   </trkpt>
   <trkpt lat="50.98568" lon="4.8403">
    <ele>14.370000000000001</ele>
   </trkpt>
   <trkpt lat="50.98545000000001" lon="4.8407">
    <ele>14.41</ele>
   </trkpt>
   <trkpt lat="50.985330000000005" lon="4.841">
    <ele>14.5</ele>
   </trkpt>
   <trkpt lat="50.98519" lon="4.84137">
    <ele>14.290000000000001</ele>
   </trkpt>
   <trkpt lat="50.985110000000006" lon="4.84175">
    <ele>14.290000000000001</ele>
   </trkpt>
   <trkpt lat="50.985060000000004" lon="4.842180000000001">
    <ele>14.31</ele>
   </trkpt>
   <trkpt lat="50.98503" lon="4.84264">
    <ele>14.450000000000001</ele>
   </trkpt>
   <trkpt lat="50.984996675257456" lon="4.843643334868218">
    <ele>14.430000000000001</ele>
   </trkpt>
   <trkpt lat="50.984963341921" lon="4.8446466682957325">
    <ele>14.280000000000001</ele>
   </trkpt>
   <trkpt lat="50.984930000000006" lon="4.84565">
    <ele>14.42</ele>
   </trkpt>
   <trkpt lat="50.984930000000006" lon="4.84675">
    <ele>14.72</ele>
   </trkpt>
   <trkpt lat="50.984970000000004" lon="4.84741">
    <ele>14.89</ele>
   </trkpt>
   <trkpt lat="50.985110000000006" lon="4.848680000000001">
    <ele>14.83</ele>
   </trkpt>
   <trkpt lat="50.98527000000001" lon="4.849620000000001">
    <ele>14.540000000000001</ele>
   </trkpt>
   <trkpt lat="50.98541" lon="4.850250000000001">
    <ele>14.470000000000002</ele>
   </trkpt>
   <trkpt lat="50.985600000000005" lon="4.8508700000000005">
    <ele>14.24</ele>
   </trkpt>
   <trkpt lat="50.985710000000005" lon="4.851050000000001">
    <ele>14.180000000000001</ele>
   </trkpt>
   <trkpt lat="50.986110000000004" lon="4.8516">
    <ele>14.120000000000001</ele>
   </trkpt>
   <trkpt lat="50.986200000000004" lon="4.851780000000001">
    <ele>14.010000000000002</ele>
   </trkpt>
   <trkpt lat="50.986250000000005" lon="4.85198">
    <ele>14.010000000000002</ele>
   </trkpt>
   <trkpt lat="50.98630000000001" lon="4.8523700000000005">
    <ele>14.030000000000001</ele>
   </trkpt>
   <trkpt lat="50.98628" lon="4.85332">
    <ele>13.91</ele>
   </trkpt>
   <trkpt lat="50.98631" lon="4.85357">
    <ele>13.98</ele>
   </trkpt>
   <trkpt lat="50.98646" lon="4.854410000000001">
    <ele>14.030000000000001</ele>
   </trkpt>
   <trkpt lat="50.986740000000005" lon="4.8555">
    <ele>13.950000000000001</ele>
   </trkpt>
   <trkpt lat="50.98684" lon="4.856260000000001">
    <ele>14.030000000000001</ele>
   </trkpt>
   <trkpt lat="50.98706000000001" lon="4.8571100000000005">
    <ele>13.89</ele>
   </trkpt>
   <trkpt lat="50.98716" lon="4.85764">
    <ele>13.950000000000001</ele>
   </trkpt>
   <trkpt lat="50.98718" lon="4.858490000000001">
    <ele>14.100000000000001</ele>
   </trkpt>
   <trkpt lat="50.987230000000004" lon="4.858890000000001">
    <ele>14.120000000000001</ele>
   </trkpt>
   <trkpt lat="50.98751000000001" lon="4.860060000000001">
    <ele>14.200000000000001</ele>
   </trkpt>
   <trkpt lat="50.98769" lon="4.860620000000001">
    <ele>14.23</ele>
   </trkpt>
   <trkpt lat="50.9880100023436" lon="4.861369994695019">
    <ele>14.270000000000001</ele>
   </trkpt>
   <trkpt lat="50.988330000000005" lon="4.86212">
    <ele>14.260000000000002</ele>
   </trkpt>
   <trkpt lat="50.98847000000001" lon="4.86239">
    <ele>14.25</ele>
   </trkpt>
   <trkpt lat="50.98863000000001" lon="4.86261">
    <ele>14.260000000000002</ele>
   </trkpt>
   <trkpt lat="50.98897" lon="4.86293">
    <ele>14.13</ele>
   </trkpt>
   <trkpt lat="50.9893800004704" lon="4.863264997033776">
    <ele>14.17</ele>
   </trkpt>
   <trkpt lat="50.989790000000006" lon="4.863600000000001">
    <ele>13.950000000000001</ele>
   </trkpt>
   <trkpt lat="50.99006000000001" lon="4.86395">
    <ele>13.89</ele>
   </trkpt>
   <trkpt lat="50.990190000000005" lon="4.86416">
    <ele>13.89</ele>
   </trkpt>
   <trkpt lat="50.99038" lon="4.864610000000001">
    <ele>14.030000000000001</ele>
   </trkpt>
   <trkpt lat="50.99063000295036" lon="4.865444995416865">
    <ele>13.930000000000001</ele>
   </trkpt>
   <trkpt lat="50.990880000000004" lon="4.866280000000001">
    <ele>13.88</ele>
   </trkpt>
   <trkpt lat="50.99101" lon="4.866980000000001">
    <ele>13.930000000000001</ele>
   </trkpt>
   <trkpt lat="50.99109000000001" lon="4.86732">
    <ele>13.8</ele>
   </trkpt>
   <trkpt lat="50.99121" lon="4.86763">
    <ele>13.790000000000001</ele>
   </trkpt>
   <trkpt lat="50.99152000157614" lon="4.8682199962311445">
    <ele>13.98</ele>
   </trkpt>
   <trkpt lat="50.99183000000001" lon="4.868810000000001">
    <ele>14.38</ele>
   </trkpt>
   <trkpt lat="50.99204" lon="4.869070000000001">
    <ele>14.49</ele>
   </trkpt>
   <trkpt lat="50.99215" lon="4.869070000000001">
    <ele>14.66</ele>
   </trkpt>
   <trkpt lat="50.99233" lon="4.86929">
    <ele>14.900000000000002</ele>
   </trkpt>
   <trkpt lat="50.99241000000001" lon="4.869610000000001">
    <ele>15.170000000000002</ele>
   </trkpt>
   <trkpt lat="50.99283000047533" lon="4.869285002922285">
    <ele>15.93</ele>
   </trkpt>
   <trkpt lat="50.99325" lon="4.86896">
    <ele>18.53</ele>
   </trkpt>
   <trkpt lat="50.9934" lon="4.8693800000000005">
    <ele>18.76</ele>
   </trkpt>
   <trkpt lat="50.993610000000004" lon="4.86971">
    <ele>19.040000000000003</ele>
   </trkpt>
   <trkpt lat="50.99381" lon="4.86995">
    <ele>19.380000000000003</ele>
   </trkpt>
   <trkpt lat="50.994060000000005" lon="4.870170000000001">
    <ele>19.85</ele>
   </trkpt>
   <trkpt lat="50.99443" lon="4.87039">
    <ele>20.59</ele>
   </trkpt>
   <trkpt lat="50.994690000000006" lon="4.870500000000001">
    <ele>21.830000000000002</ele>
   </trkpt>
   <trkpt lat="50.99504" lon="4.8706000000000005">
    <ele>22.72</ele>
   </trkpt>
   <trkpt lat="50.99512000000001" lon="4.87065">
    <ele>22.72</ele>
   </trkpt>
   <trkpt lat="50.995340000000006" lon="4.87087">
    <ele>23.51</ele>
   </trkpt>
   <trkpt lat="50.99542" lon="4.87084">
    <ele>23.51</ele>
   </trkpt>
   <trkpt lat="50.995720000000006" lon="4.870920000000001">
    <ele>25.68</ele>
   </trkpt>
   <trkpt lat="50.99589" lon="4.87093">
    <ele>26.680000000000003</ele>
   </trkpt>
   <trkpt lat="50.99624000000001" lon="4.8708800000000005">
    <ele>28.380000000000003</ele>
   </trkpt>
   <trkpt lat="50.996370000000006" lon="4.87084">
    <ele>30.45</ele>
   </trkpt>
   <trkpt lat="50.99654" lon="4.870690000000001">
    <ele>30.45</ele>
   </trkpt>
   <trkpt lat="50.997060000000005" lon="4.8699">
    <ele>33.940000000000005</ele>
   </trkpt>
   <trkpt lat="50.99750000143269" lon="4.869330005345443">
    <ele>34.07</ele>
   </trkpt>
   <trkpt lat="50.99794000000001" lon="4.86876">
    <ele>32.43</ele>
   </trkpt>
   <trkpt lat="50.998160000000006" lon="4.8686300000000005">
    <ele>31.830000000000002</ele>
   </trkpt>
   <trkpt lat="50.99893" lon="4.86824">
    <ele>30.18</ele>
   </trkpt>
   <trkpt lat="50.999010000000006" lon="4.868410000000001">
    <ele>30.060000000000002</ele>
   </trkpt>
   <trkpt lat="50.99965" lon="4.86934">
    <ele>31.34</ele>
   </trkpt>
   <trkpt lat="51.000170000000004" lon="4.8702700000000005">
    <ele>30.720000000000002</ele>
   </trkpt>
   <trkpt lat="51.000510000000006" lon="4.87101">
    <ele>30.62</ele>
   </trkpt>
   <trkpt lat="51.00066" lon="4.8714">
    <ele>30.36</ele>
   </trkpt>
   <trkpt lat="51.000930000000004" lon="4.87235">
    <ele>29.540000000000003</ele>
   </trkpt>
   <trkpt lat="51.0011" lon="4.873150000000001">
    <ele>28.92</ele>
   </trkpt>
   <trkpt lat="51.00130001236302" lon="4.874353322976655">
    <ele>28.48</ele>
   </trkpt>
   <trkpt lat="51.00150001236609" lon="4.875556656328254">
    <ele>27.110000000000003</ele>
   </trkpt>
   <trkpt lat="51.00170000000001" lon="4.87676">
    <ele>26.160000000000004</ele>
   </trkpt>
   <trkpt lat="51.0023450005122" lon="4.876415004794236">
    <ele>22.47</ele>
   </trkpt>
   <trkpt lat="51.002990000000004" lon="4.87607">
    <ele>20.71</ele>
   </trkpt>
   <trkpt lat="51.00316" lon="4.876">
    <ele>20.53</ele>
   </trkpt>
   <trkpt lat="51.003670000164284" lon="4.87587000140566">
    <ele>19.83</ele>
   </trkpt>
   <trkpt lat="51.004180000000005" lon="4.87574">
    <ele>19.42</ele>
   </trkpt>
   <trkpt lat="51.004310000000004" lon="4.875730000000001">
    <ele>19.110000000000003</ele>
   </trkpt>
   <trkpt lat="51.00466" lon="4.875780000000001">
    <ele>17.63</ele>
   </trkpt>
   <trkpt lat="51.004650000000005" lon="4.87633">
    <ele>17.080000000000002</ele>
   </trkpt>
   <trkpt lat="51.00466" lon="4.87657">
    <ele>16.98</ele>
   </trkpt>
   <trkpt lat="51.004740000000005" lon="4.8769800000000005">
    <ele>16.84</ele>
   </trkpt>
   <trkpt lat="51.004870000000004" lon="4.87734">
    <ele>16.830000000000002</ele>
   </trkpt>
   <trkpt lat="51.00498" lon="4.877540000000001">
    <ele>16.85</ele>
   </trkpt>
   <trkpt lat="51.00515000000001" lon="4.87772">
    <ele>16.700000000000003</ele>
   </trkpt>
   <trkpt lat="51.00573000067797" lon="4.878084995505131">
    <ele>16.43</ele>
   </trkpt>
   <trkpt lat="51.006310000000006" lon="4.878450000000001">
    <ele>16.330000000000002</ele>
   </trkpt>
   <trkpt lat="51.0067200003261" lon="4.878749997305897">
    <ele>16.37</ele>
   </trkpt>
   <trkpt lat="51.007130000000004" lon="4.87905">
    <ele>16.580000000000002</ele>
   </trkpt>
   <trkpt lat="51.007200000000005" lon="4.879180000000001">
    <ele>16.59</ele>
   </trkpt>
   <trkpt lat="51.00755" lon="4.87974">
    <ele>16.62</ele>
   </trkpt>
   <trkpt lat="51.00787000255221" lon="4.880509994740458">
    <ele>16.6</ele>
   </trkpt>
   <trkpt lat="51.008190000000006" lon="4.88128">
    <ele>16.810000000000002</ele>
   </trkpt>
   <trkpt lat="51.00831" lon="4.8817">
    <ele>16.900000000000002</ele>
   </trkpt>
   <trkpt lat="51.00846500652759" lon="4.8829349960192845">
    <ele>16.880000000000003</ele>
   </trkpt>
   <trkpt lat="51.00862000000001" lon="4.88417">
    <ele>16.720000000000002</ele>
   </trkpt>
   <trkpt lat="51.008660000000006" lon="4.8843700000000005">
    <ele>16.84</ele>
   </trkpt>
   <trkpt lat="51.008750000000006" lon="4.88469">
    <ele>16.84</ele>
   </trkpt>
   <trkpt lat="51.009190000000004" lon="4.88569">
    <ele>16.94</ele>
   </trkpt>
   <trkpt lat="51.00945" lon="4.88637">
    <ele>17.09</ele>
   </trkpt>
   <trkpt lat="51.00972500599183" lon="4.887554992969943">
    <ele>17.34</ele>
   </trkpt>
   <trkpt lat="51.010000000000005" lon="4.88874">
    <ele>17.79</ele>
   </trkpt>
   <trkpt lat="51.01015" lon="4.88928">
    <ele>17.87</ele>
   </trkpt>
   <trkpt lat="51.010360000000006" lon="4.88973">
    <ele>17.93</ele>
   </trkpt>
   <trkpt lat="51.01052000000001" lon="4.890000000000001">
    <ele>17.93</ele>
   </trkpt>
   <trkpt lat="51.010670000000005" lon="4.890210000000001">
    <ele>17.980000000000004</ele>
   </trkpt>
   <trkpt lat="51.01093" lon="4.890490000000001">
    <ele>17.92</ele>
   </trkpt>
   <trkpt lat="51.01149000112638" lon="4.891029993365865">
    <ele>17.330000000000002</ele>
   </trkpt>
   <trkpt lat="51.01205" lon="4.891570000000001">
    <ele>17.35</ele>
   </trkpt>
   <trkpt lat="51.01240000000001" lon="4.8919500000000005">
    <ele>17.1</ele>
   </trkpt>
   <trkpt lat="51.01265" lon="4.8924">
    <ele>17.02</ele>
   </trkpt>
   <trkpt lat="51.01279" lon="4.892740000000001">
    <ele>16.970000000000002</ele>
   </trkpt>
   <trkpt lat="51.013110000000005" lon="4.893770000000001">
    <ele>16.66</ele>
   </trkpt>
   <trkpt lat="51.01332000000001" lon="4.894340000000001">
    <ele>16.900000000000002</ele>
   </trkpt>
   <trkpt lat="51.01384" lon="4.895390000000001">
    <ele>16.6</ele>
   </trkpt>
   <trkpt lat="51.01438" lon="4.896400000000001">
    <ele>16.28</ele>
   </trkpt>
   <trkpt lat="51.014980004442364" lon="4.897424986667452">
    <ele>15.860000000000003</ele>
   </trkpt>
   <trkpt lat="51.01558000000001" lon="4.89845">
    <ele>15.67</ele>
   </trkpt>
   <trkpt lat="51.01603" lon="4.899260000000001">
    <ele>15.770000000000003</ele>
   </trkpt>
   <trkpt lat="51.01632000000001" lon="4.8996900000000005">
    <ele>15.89</ele>
   </trkpt>
   <trkpt lat="51.01641000000001" lon="4.899800000000001">
    <ele>15.89</ele>
   </trkpt>
   <trkpt lat="51.016670000000005" lon="4.89998">
    <ele>16.009999999999998</ele>
   </trkpt>
   <trkpt lat="51.01697000000001" lon="4.9000900000000005">
    <ele>16.040000000000003</ele>
   </trkpt>
   <trkpt lat="51.01718" lon="4.900250000000001">
    <ele>16.21</ele>
   </trkpt>
   <trkpt lat="51.01735000000001" lon="4.90047">
    <ele>16.26</ele>
   </trkpt>
   <trkpt lat="51.017540000000004" lon="4.900950000000001">
    <ele>16.39</ele>
   </trkpt>
   <trkpt lat="51.017810000000004" lon="4.901800000000001">
    <ele>16.400000000000002</ele>
   </trkpt>
   <trkpt lat="51.018240000000006" lon="4.90385">
    <ele>16.490000000000002</ele>
   </trkpt>
   <trkpt lat="51.01838000000001" lon="4.904450000000001">
    <ele>16.560000000000002</ele>
   </trkpt>
   <trkpt lat="51.01865000436015" lon="4.905459994144719">
    <ele>16.720000000000002</ele>
   </trkpt>
   <trkpt lat="51.01892" lon="4.9064700000000006">
    <ele>16.89</ele>
   </trkpt>
   <trkpt lat="51.01902000315283" lon="4.9073299981165786">
    <ele>16.900000000000002</ele>
   </trkpt>
   <trkpt lat="51.01912" lon="4.90819">
    <ele>16.810000000000002</ele>
   </trkpt>
   <trkpt lat="51.01935" lon="4.90922">
    <ele>16.82</ele>
   </trkpt>
   <trkpt lat="51.01947500258869" lon="4.910004997626371">
    <ele>16.67</ele>
   </trkpt>
   <trkpt lat="51.019600000000004" lon="4.91079">
    <ele>16.64</ele>
   </trkpt>
   <trkpt lat="51.01976500509274" lon="4.911884995944297">
    <ele>16.57</ele>
   </trkpt>
   <trkpt lat="51.01993" lon="4.91298">
    <ele>17.03</ele>
   </trkpt>
   <trkpt lat="51.01997" lon="4.91338">
    <ele>17.02</ele>
   </trkpt>
   <trkpt lat="51.019960000000005" lon="4.913760000000001">
    <ele>16.880000000000003</ele>
   </trkpt>
   <trkpt lat="51.019920000000006" lon="4.914090000000001">
    <ele>16.900000000000002</ele>
   </trkpt>
   <trkpt lat="51.019830000000006" lon="4.91446">
    <ele>17.01</ele>
   </trkpt>
   <trkpt lat="51.01960500195678" lon="4.915135003238263">
    <ele>16.880000000000003</ele>
   </trkpt>
   <trkpt lat="51.019380000000005" lon="4.9158100000000005">
    <ele>17.11</ele>
   </trkpt>
   <trkpt lat="51.019360000000006" lon="4.9159500000000005">
    <ele>17.11</ele>
   </trkpt>
   <trkpt lat="51.01928" lon="4.91601">
    <ele>17.14</ele>
   </trkpt>
   <trkpt lat="51.01882000131385" lon="4.916555005352078">
    <ele>17.210000000000004</ele>
   </trkpt>
   <trkpt lat="51.01836" lon="4.9171000000000005">
    <ele>17.27</ele>
   </trkpt>
   <trkpt lat="51.018240000000006" lon="4.917280000000001">
    <ele>17.42</ele>
   </trkpt>
   <trkpt lat="51.018190000000004" lon="4.91744">
    <ele>17.42</ele>
   </trkpt>
   <trkpt lat="51.01811000000001" lon="4.91741">
    <ele>17.75</ele>
   </trkpt>
   <trkpt lat="51.01802000000001" lon="4.917400000000001">
    <ele>17.75</ele>
   </trkpt>
   <trkpt lat="51.017950000000006" lon="4.91744">
    <ele>17.75</ele>
   </trkpt>
   <trkpt lat="51.017480000000006" lon="4.917870000000001">
    <ele>18.56</ele>
   </trkpt>
   <trkpt lat="51.017410000000005" lon="4.91791">
    <ele>18.56</ele>
   </trkpt>
   <trkpt lat="51.01722" lon="4.917940000000001">
    <ele>18.65</ele>
   </trkpt>
   <trkpt lat="51.01706" lon="4.9179200000000005">
    <ele>18.82</ele>
   </trkpt>
   <trkpt lat="51.01691" lon="4.917870000000001">
    <ele>19.03</ele>
   </trkpt>
   <trkpt lat="51.016050000422354" lon="4.917549994059764">
    <ele>19.14</ele>
   </trkpt>
   <trkpt lat="51.015190000000004" lon="4.91723">
    <ele>19.42</ele>
   </trkpt>
   <trkpt lat="51.01509" lon="4.9172">
    <ele>19.42</ele>
   </trkpt>
   <trkpt lat="51.015130000000006" lon="4.91831">
    <ele>18.6</ele>
   </trkpt>
   <trkpt lat="51.015080000000005" lon="4.91969">
    <ele>18.51</ele>
   </trkpt>
   <trkpt lat="51.015100000000004" lon="4.919980000000001">
    <ele>18.54</ele>
   </trkpt>
   <trkpt lat="51.01518" lon="4.9206">
    <ele>18.520000000000003</ele>
   </trkpt>
   <trkpt lat="51.01529000000001" lon="4.92116">
    <ele>18.45</ele>
   </trkpt>
   <trkpt lat="51.01551000300145" lon="4.921989996294573">
    <ele>18.3</ele>
   </trkpt>
   <trkpt lat="51.015730000000005" lon="4.922820000000001">
    <ele>18.35</ele>
   </trkpt>
   <trkpt lat="51.01583" lon="4.923310000000001">
    <ele>18.430000000000003</ele>
   </trkpt>
   <trkpt lat="51.01596000000001" lon="4.92379">
    <ele>18.65</ele>
   </trkpt>
   <trkpt lat="51.016180000000006" lon="4.92431">
    <ele>18.65</ele>
   </trkpt>
   <trkpt lat="51.01646" lon="4.924740000000001">
    <ele>18.47</ele>
   </trkpt>
   <trkpt lat="51.016850000000005" lon="4.92548">
    <ele>18.330000000000002</ele>
   </trkpt>
   <trkpt lat="51.01738" lon="4.92649">
    <ele>17.26</ele>
   </trkpt>
   <trkpt lat="51.01765" lon="4.92712">
    <ele>17.910000000000004</ele>
   </trkpt>
   <trkpt lat="51.01717000015252" lon="4.927245001271622">
    <ele>16.970000000000002</ele>
   </trkpt>
   <trkpt lat="51.016690000000004" lon="4.927370000000001">
    <ele>16.55</ele>
   </trkpt>
   <trkpt lat="51.01601000062469" lon="4.927640007917785">
    <ele>16.34</ele>
   </trkpt>
   <trkpt lat="51.015330000627145" lon="4.927910007916663">
    <ele>16.25</ele>
   </trkpt>
   <trkpt lat="51.01465" lon="4.92818">
    <ele>16.6</ele>
   </trkpt>
   <trkpt lat="51.01389666765794" lon="4.928520011044252">
    <ele>14.83</ele>
   </trkpt>
   <trkpt lat="51.013143334329186" lon="4.928860011041961">
    <ele>14.820000000000002</ele>
   </trkpt>
   <trkpt lat="51.01239" lon="4.929200000000001">
    <ele>15.76</ele>
   </trkpt>
   <trkpt lat="51.012350000000005" lon="4.92924">
    <ele>15.76</ele>
   </trkpt>
   <trkpt lat="51.0123" lon="4.929320000000001">
    <ele>15.76</ele>
   </trkpt>
   <trkpt lat="51.01229000000001" lon="4.929460000000001">
    <ele>15.790000000000001</ele>
   </trkpt>
   <trkpt lat="51.012330000000006" lon="4.9300500000000005">
    <ele>15.8</ele>
   </trkpt>
   <trkpt lat="51.01232" lon="4.93027">
    <ele>15.8</ele>
   </trkpt>
   <trkpt lat="51.01219334245995" lon="4.93130333887249">
    <ele>15.870000000000001</ele>
   </trkpt>
   <trkpt lat="51.01206667580615" lon="4.93233667210061">
    <ele>16.03</ele>
   </trkpt>
   <trkpt lat="51.01194" lon="4.93337">
    <ele>16.05</ele>
   </trkpt>
   <trkpt lat="51.01193000000001" lon="4.93372">
    <ele>15.98</ele>
   </trkpt>
   <trkpt lat="51.01196" lon="4.93419">
    <ele>16.03</ele>
   </trkpt>
   <trkpt lat="51.012130000000006" lon="4.93531">
    <ele>15.83</ele>
   </trkpt>
   <trkpt lat="51.01216" lon="4.93625">
    <ele>15.8</ele>
   </trkpt>
   <trkpt lat="51.012105002696266" lon="4.937045000956604">
    <ele>15.700000000000001</ele>
   </trkpt>
   <trkpt lat="51.01205" lon="4.9378400000000005">
    <ele>15.700000000000001</ele>
   </trkpt>
   <trkpt lat="51.012060000000005" lon="4.93846">
    <ele>15.83</ele>
   </trkpt>
   <trkpt lat="51.012080000000005" lon="4.938770000000001">
    <ele>15.83</ele>
   </trkpt>
   <trkpt lat="51.01212" lon="4.93914">
    <ele>15.84</ele>
   </trkpt>
   <trkpt lat="51.01223" lon="4.93986">
    <ele>16.020000000000003</ele>
   </trkpt>
   <trkpt lat="51.01225" lon="4.9401600000000006">
    <ele>16.020000000000003</ele>
   </trkpt>
   <trkpt lat="51.01225" lon="4.94078">
    <ele>15.93</ele>
   </trkpt>
   <trkpt lat="51.012220000000006" lon="4.9412">
    <ele>15.870000000000001</ele>
   </trkpt>
   <trkpt lat="51.01206751592019" lon="4.942315010974259">
    <ele>15.64</ele>
   </trkpt>
   <trkpt lat="51.011915021229086" lon="4.943430014616177">
    <ele>15.63</ele>
   </trkpt>
   <trkpt lat="51.01176251592681" lon="4.944545010925336">
    <ele>15.82</ele>
   </trkpt>
   <trkpt lat="51.011610000000005" lon="4.94566">
    <ele>15.950000000000003</ele>
   </trkpt>
   <trkpt lat="51.011540000000004" lon="4.9460500000000005">
    <ele>16.0</ele>
   </trkpt>
   <trkpt lat="51.01142" lon="4.94651">
    <ele>16.020000000000003</ele>
   </trkpt>
   <trkpt lat="51.01129" lon="4.946820000000001">
    <ele>16.09</ele>
   </trkpt>
   <trkpt lat="51.011070000000004" lon="4.947220000000001">
    <ele>16.3</ele>
   </trkpt>
   <trkpt lat="51.010920000000006" lon="4.947430000000001">
    <ele>16.37</ele>
   </trkpt>
   <trkpt lat="51.01062" lon="4.947710000000001">
    <ele>16.27</ele>
   </trkpt>
   <trkpt lat="51.01019000032349" lon="4.947990002603152">
    <ele>16.630000000000003</ele>
   </trkpt>
   <trkpt lat="51.00976000000001" lon="4.948270000000001">
    <ele>17.220000000000002</ele>
   </trkpt>
   <trkpt lat="51.009600000000006" lon="4.9483500000000005">
    <ele>17.14</ele>
   </trkpt>
   <trkpt lat="51.009530000000005" lon="4.94841">
    <ele>17.14</ele>
   </trkpt>
   <trkpt lat="51.00949000000001" lon="4.9485">
    <ele>17.14</ele>
   </trkpt>
   <trkpt lat="51.00934" lon="4.949190000000001">
    <ele>16.68</ele>
   </trkpt>
   <trkpt lat="51.00903500671244" lon="4.950440008038761">
    <ele>16.17</ele>
   </trkpt>
   <trkpt lat="51.00873000000001" lon="4.95169">
    <ele>16.84</ele>
   </trkpt>
   <trkpt lat="51.008720000000004" lon="4.95178">
    <ele>16.84</ele>
   </trkpt>
   <trkpt lat="51.00891000000001" lon="4.95268">
    <ele>17.890000000000004</ele>
   </trkpt>
   <trkpt lat="51.008970000000005" lon="4.9532300000000005">
    <ele>18.070000000000004</ele>
   </trkpt>
   <trkpt lat="51.00901" lon="4.95397">
    <ele>18.26</ele>
   </trkpt>
   <trkpt lat="51.00902000000001" lon="4.9548700000000006">
    <ele>18.73</ele>
   </trkpt>
   <trkpt lat="51.00900000000001" lon="4.9549900000000004">
    <ele>18.73</ele>
   </trkpt>
   <trkpt lat="51.00858" lon="4.95492">
    <ele>18.01</ele>
   </trkpt>
   <trkpt lat="51.00842" lon="4.9548700000000006">
    <ele>17.93</ele>
   </trkpt>
   <trkpt lat="51.00813" lon="4.95474">
    <ele>17.580000000000002</ele>
   </trkpt>
   <trkpt lat="51.00793" lon="4.9546">
    <ele>17.580000000000002</ele>
   </trkpt>
   <trkpt lat="51.00770000000001" lon="4.95436">
    <ele>17.34</ele>
   </trkpt>
   <trkpt lat="51.007450000000006" lon="4.954140000000001">
    <ele>17.05</ele>
   </trkpt>
   <trkpt lat="51.00714000000001" lon="4.953930000000001">
    <ele>17.28</ele>
   </trkpt>
   <trkpt lat="51.00665000000001" lon="4.9537">
    <ele>17.34</ele>
   </trkpt>
   <trkpt lat="51.0058660008306" lon="4.95347798498894">
    <ele>17.18</ele>
   </trkpt>
   <trkpt lat="51.0050820012405" lon="4.9532559774823435">
    <ele>17.14</ele>
   </trkpt>
   <trkpt lat="51.00429800122969" lon="4.9530339774797545">
    <ele>17.28</ele>
   </trkpt>
   <trkpt lat="51.00351400079825" lon="4.952811984980713">
    <ele>16.91</ele>
   </trkpt>
   <trkpt lat="51.00273000000001" lon="4.952590000000001">
    <ele>17.05</ele>
   </trkpt>
   <trkpt lat="51.00238" lon="4.952540000000001">
    <ele>16.970000000000002</ele>
   </trkpt>
   <trkpt lat="51.001870000000004" lon="4.95253">
    <ele>17.080000000000002</ele>
   </trkpt>
   <trkpt lat="51.00153" lon="4.95256">
    <ele>17.32</ele>
   </trkpt>
   <trkpt lat="51.00097" lon="4.95267">
    <ele>17.560000000000002</ele>
   </trkpt>
   <trkpt lat="51.00045" lon="4.95274">
    <ele>19.64</ele>
   </trkpt>
   <trkpt lat="51.000170000000004" lon="4.95274">
    <ele>21.35</ele>
   </trkpt>
   <trkpt lat="50.99974" lon="4.95268">
    <ele>24.700000000000003</ele>
   </trkpt>
   <trkpt lat="50.999520000000004" lon="4.9526200000000005">
    <ele>26.050000000000004</ele>
   </trkpt>
   <trkpt lat="50.999300000000005" lon="4.95253">
    <ele>26.900000000000002</ele>
   </trkpt>
   <trkpt lat="50.99931" lon="4.952540000000001">
    <ele>29.19</ele>
   </trkpt>
   <trkpt lat="50.99848750136262" lon="4.952212482579677">
    <ele>29.19</ele>
   </trkpt>
   <trkpt lat="50.99766500180963" lon="4.951884976770547">
    <ele>29.19</ele>
   </trkpt>
   <trkpt lat="50.996842501341085" lon="4.95155748257187">
    <ele>30.09</ele>
   </trkpt>
   <trkpt lat="50.99602" lon="4.951230000000001">
    <ele>30.09</ele>
   </trkpt>
   <trkpt lat="50.99570000000001" lon="4.951160000000001">
    <ele>28.060000000000002</ele>
   </trkpt>
   <trkpt lat="50.995610000000006" lon="4.9511400000000005">
    <ele>27.91</ele>
   </trkpt>
   <trkpt lat="50.99535" lon="4.9511400000000005">
    <ele>27.770000000000003</ele>
   </trkpt>
   <trkpt lat="50.99512000000001" lon="4.951160000000001">
    <ele>27.770000000000003</ele>
   </trkpt>
   <trkpt lat="50.99512000000001" lon="4.95115">
    <ele>27.770000000000003</ele>
   </trkpt>
   <trkpt lat="50.995180000000005" lon="4.951350000000001">
    <ele>27.8</ele>
   </trkpt>
   <trkpt lat="50.99539000000001" lon="4.9518200000000006">
    <ele>27.98</ele>
   </trkpt>
   <trkpt lat="50.996" lon="4.952850000000001">
    <ele>29.23</ele>
   </trkpt>
   <trkpt lat="50.99625" lon="4.95349">
    <ele>29.540000000000003</ele>
   </trkpt>
   <trkpt lat="50.99656" lon="4.954490000000001">
    <ele>30.62</ele>
   </trkpt>
   <trkpt lat="50.99671000000001" lon="4.954840000000001">
    <ele>30.62</ele>
   </trkpt>
   <trkpt lat="50.99694" lon="4.955220000000001">
    <ele>30.980000000000004</ele>
   </trkpt>
   <trkpt lat="50.997080000000004" lon="4.95542">
    <ele>31.310000000000002</ele>
   </trkpt>
   <trkpt lat="50.99727000000001" lon="4.95563">
    <ele>31.67</ele>
   </trkpt>
   <trkpt lat="50.997960000000006" lon="4.956320000000001">
    <ele>31.85</ele>
   </trkpt>
   <trkpt lat="50.99817" lon="4.956580000000001">
    <ele>31.96</ele>
   </trkpt>
   <trkpt lat="50.99832000000001" lon="4.95683">
    <ele>31.98</ele>
   </trkpt>
   <trkpt lat="50.998610000000006" lon="4.957520000000001">
    <ele>31.490000000000002</ele>
   </trkpt>
   <trkpt lat="50.99869" lon="4.957820000000001">
    <ele>31.490000000000002</ele>
   </trkpt>
   <trkpt lat="50.99891500518028" lon="4.958924994488975">
    <ele>29.450000000000003</ele>
   </trkpt>
   <trkpt lat="50.999140000000004" lon="4.960030000000001">
    <ele>28.21</ele>
   </trkpt>
   <trkpt lat="50.99927" lon="4.960850000000001">
    <ele>27.28</ele>
   </trkpt>
   <trkpt lat="50.99931" lon="4.961790000000001">
    <ele>25.820000000000004</ele>
   </trkpt>
   <trkpt lat="50.999280000000006" lon="4.9623800000000005">
    <ele>25.150000000000002</ele>
   </trkpt>
   <trkpt lat="50.9992" lon="4.96295">
    <ele>24.330000000000002</ele>
   </trkpt>
   <trkpt lat="50.998960000000004" lon="4.96396">
    <ele>22.740000000000002</ele>
   </trkpt>
   <trkpt lat="50.998540000000006" lon="4.96513">
    <ele>21.79</ele>
   </trkpt>
   <trkpt lat="50.99842" lon="4.96563">
    <ele>22.05</ele>
   </trkpt>
   <trkpt lat="50.99837" lon="4.965960000000001">
    <ele>22.22</ele>
   </trkpt>
   <trkpt lat="50.998340000000006" lon="4.966620000000001">
    <ele>22.62</ele>
   </trkpt>
   <trkpt lat="50.99837" lon="4.96712">
    <ele>23.01</ele>
   </trkpt>
   <trkpt lat="50.99850000322612" lon="4.967994997268558">
    <ele>23.630000000000003</ele>
   </trkpt>
   <trkpt lat="50.998630000000006" lon="4.968870000000001">
    <ele>24.520000000000003</ele>
   </trkpt>
   <trkpt lat="50.99870000000001" lon="4.9695100000000005">
    <ele>24.85</ele>
   </trkpt>
   <trkpt lat="50.99873" lon="4.96989">
    <ele>25.1</ele>
   </trkpt>
   <trkpt lat="50.99873500444086" lon="4.970909999975163">
    <ele>25.11</ele>
   </trkpt>
   <trkpt lat="50.998740000000005" lon="4.97193">
    <ele>25.120000000000005</ele>
   </trkpt>
   <trkpt lat="50.99877500402655" lon="4.972899999566812">
    <ele>25.27</ele>
   </trkpt>
   <trkpt lat="50.998810000000006" lon="4.973870000000001">
    <ele>25.580000000000002</ele>
   </trkpt>
   <trkpt lat="50.99888000000001" lon="4.97484">
    <ele>25.07</ele>
   </trkpt>
   <trkpt lat="50.999030000000005" lon="4.97592">
    <ele>23.91</ele>
   </trkpt>
   <trkpt lat="50.999200003088745" lon="4.976764997109143">
    <ele>22.570000000000004</ele>
   </trkpt>
   <trkpt lat="50.999370000000006" lon="4.97761">
    <ele>22.12</ele>
   </trkpt>
   <trkpt lat="50.99938" lon="4.977740000000001">
    <ele>22.12</ele>
   </trkpt>
   <trkpt lat="50.99945" lon="4.97778">
    <ele>22.12</ele>
   </trkpt>
   <trkpt lat="50.999500000000005" lon="4.97792">
    <ele>21.740000000000002</ele>
   </trkpt>
   <trkpt lat="50.999520000000004" lon="4.97811">
    <ele>21.560000000000002</ele>
   </trkpt>
   <trkpt lat="50.99983" lon="4.97879">
    <ele>21.09</ele>
   </trkpt>
   <trkpt lat="50.99982000000001" lon="4.978870000000001">
    <ele>21.09</ele>
   </trkpt>
   <trkpt lat="51.000020000000006" lon="4.97932">
    <ele>20.86</ele>
   </trkpt>
   <trkpt lat="51.00034" lon="4.98034">
    <ele>20.23</ele>
   </trkpt>
   <trkpt lat="51.00057" lon="4.98116">
    <ele>20.28</ele>
   </trkpt>
   <trkpt lat="51.000600000000006" lon="4.98141">
    <ele>20.37</ele>
   </trkpt>
   <trkpt lat="51.000620000000005" lon="4.98278">
    <ele>20.25</ele>
   </trkpt>
   <trkpt lat="51.00065000000001" lon="4.982950000000001">
    <ele>20.25</ele>
   </trkpt>
   <trkpt lat="51.000710000000005" lon="4.983110000000001">
    <ele>20.25</ele>
   </trkpt>
   <trkpt lat="51.000780000000006" lon="4.9832">
    <ele>20.25</ele>
   </trkpt>
   <trkpt lat="51.001200000000004" lon="4.98357">
    <ele>19.880000000000003</ele>
   </trkpt>
   <trkpt lat="51.00139" lon="4.9838000000000005">
    <ele>19.880000000000003</ele>
   </trkpt>
   <trkpt lat="51.001520000000006" lon="4.98406">
    <ele>19.58</ele>
   </trkpt>
   <trkpt lat="51.001650000000005" lon="4.98449">
    <ele>19.5</ele>
   </trkpt>
   <trkpt lat="51.00168000000001" lon="4.98468">
    <ele>19.5</ele>
   </trkpt>
   <trkpt lat="51.001705002217705" lon="4.985399999762182">
    <ele>19.770000000000003</ele>
   </trkpt>
   <trkpt lat="51.00173" lon="4.9861200000000006">
    <ele>19.950000000000003</ele>
   </trkpt>
   <trkpt lat="51.001720000000006" lon="4.986280000000001">
    <ele>19.950000000000003</ele>
   </trkpt>
   <trkpt lat="51.001810000000006" lon="4.9877">
    <ele>19.76</ele>
   </trkpt>
   <trkpt lat="51.00184" lon="4.987780000000001">
    <ele>19.76</ele>
   </trkpt>
   <trkpt lat="51.001670000000004" lon="4.98787">
    <ele>20.09</ele>
   </trkpt>
   <trkpt lat="51.00144" lon="4.98794">
    <ele>20.3</ele>
   </trkpt>
   <trkpt lat="51.001340000000006" lon="4.98803">
    <ele>20.3</ele>
   </trkpt>
   <trkpt lat="51.00086000003101" lon="4.9881750015178765">
    <ele>20.34</ele>
   </trkpt>
   <trkpt lat="51.00038000000001" lon="4.988320000000001">
    <ele>20.3</ele>
   </trkpt>
   <trkpt lat="50.999690000461094" lon="4.988675005318865">
    <ele>20.03</ele>
   </trkpt>
   <trkpt lat="50.999" lon="4.9890300000000005">
    <ele>19.950000000000003</ele>
   </trkpt>
   <trkpt lat="50.99891" lon="4.98913">
    <ele>19.950000000000003</ele>
   </trkpt>
   <trkpt lat="50.99886000000001" lon="4.98927">
    <ele>19.87</ele>
   </trkpt>
   <trkpt lat="50.998810000000006" lon="4.98983">
    <ele>20.060000000000002</ele>
   </trkpt>
   <trkpt lat="50.99871" lon="4.9901800000000005">
    <ele>20.34</ele>
   </trkpt>
   <trkpt lat="50.99866" lon="4.990290000000001">
    <ele>20.34</ele>
   </trkpt>
   <trkpt lat="50.99808" lon="4.991090000000001">
    <ele>21.36</ele>
   </trkpt>
   <trkpt lat="50.997930000000004" lon="4.99122">
    <ele>21.94</ele>
   </trkpt>
   <trkpt lat="50.99756000000001" lon="4.991490000000001">
    <ele>21.94</ele>
   </trkpt>
   <trkpt lat="50.9973" lon="4.991790000000001">
    <ele>21.78</ele>
   </trkpt>
   <trkpt lat="50.99720000000001" lon="4.9919400000000005">
    <ele>21.69</ele>
   </trkpt>
   <trkpt lat="50.997060000000005" lon="4.992240000000001">
    <ele>21.93</ele>
   </trkpt>
   <trkpt lat="50.99705" lon="4.99223">
    <ele>21.68</ele>
   </trkpt>
   <trkpt lat="50.99682000000001" lon="4.991980000000001">
    <ele>21.86</ele>
   </trkpt>
   <trkpt lat="50.9966" lon="4.99171">
    <ele>22.150000000000002</ele>
   </trkpt>
   <trkpt lat="50.996140000000004" lon="4.991070000000001">
    <ele>22.46</ele>
   </trkpt>
   <trkpt lat="50.995780001197616" lon="4.990524995665758">
    <ele>23.19</ele>
   </trkpt>
   <trkpt lat="50.99542" lon="4.98998">
    <ele>24.080000000000002</ele>
   </trkpt>
   <trkpt lat="50.99485000000001" lon="4.9890300000000005">
    <ele>25.28</ele>
   </trkpt>
   <trkpt lat="50.99472" lon="4.988770000000001">
    <ele>25.28</ele>
   </trkpt>
   <trkpt lat="50.99436000000001" lon="4.98779">
    <ele>25.970000000000002</ele>
   </trkpt>
   <trkpt lat="50.994240000000005" lon="4.98751">
    <ele>26.04</ele>
   </trkpt>
   <trkpt lat="50.99387" lon="4.986490000000001">
    <ele>26.55</ele>
   </trkpt>
   <trkpt lat="50.993595002903135" lon="4.98565999496938">
    <ele>27.250000000000004</ele>
   </trkpt>
   <trkpt lat="50.993320000000004" lon="4.9848300000000005">
    <ele>28.85</ele>
   </trkpt>
   <trkpt lat="50.99318" lon="4.984190000000001">
    <ele>29.95</ele>
   </trkpt>
   <trkpt lat="50.993120000000005" lon="4.98367">
    <ele>30.640000000000004</ele>
   </trkpt>
   <trkpt lat="50.993100000000005" lon="4.98336">
    <ele>30.88</ele>
   </trkpt>
   <trkpt lat="50.99310000269761" lon="4.982564999860571">
    <ele>32.260000000000005</ele>
   </trkpt>
   <trkpt lat="50.993100000000005" lon="4.98177">
    <ele>34.13</ele>
   </trkpt>
   <trkpt lat="50.99311667442519" lon="4.980816667336178">
    <ele>35.92</ele>
   </trkpt>
   <trkpt lat="50.99313334109212" lon="4.979863333987458">
    <ele>36.88</ele>
   </trkpt>
   <trkpt lat="50.99315000000001" lon="4.978910000000001">
    <ele>37.95</ele>
   </trkpt>
   <trkpt lat="50.99316000777938" lon="4.977560000210746">
    <ele>38.38</ele>
   </trkpt>
   <trkpt lat="50.993170000000006" lon="4.97621">
    <ele>38.75</ele>
   </trkpt>
   <trkpt lat="50.993190000000006" lon="4.97576">
    <ele>38.74</ele>
   </trkpt>
   <trkpt lat="50.99324000000001" lon="4.9755">
    <ele>38.67</ele>
   </trkpt>
   <trkpt lat="50.9934" lon="4.975040000000001">
    <ele>38.75</ele>
   </trkpt>
   <trkpt lat="50.9934" lon="4.974900000000001">
    <ele>38.71</ele>
   </trkpt>
   <trkpt lat="50.99338" lon="4.97477">
    <ele>38.44</ele>
   </trkpt>
   <trkpt lat="50.99331" lon="4.9747900000000005">
    <ele>38.720000000000006</ele>
   </trkpt>
   <trkpt lat="50.99261499988171" lon="4.974810000302963">
    <ele>37.720000000000006</ele>
   </trkpt>
   <trkpt lat="50.99192000000001" lon="4.974830000000001">
    <ele>35.88</ele>
   </trkpt>
   <trkpt lat="50.991227500007305" lon="4.9748625014550605">
    <ele>35.06</ele>
   </trkpt>
   <trkpt lat="50.99053500000558" lon="4.97489500194024">
    <ele>35.69</ele>
   </trkpt>
   <trkpt lat="50.989842499994836" lon="4.974927501455592">
    <ele>37.13</ele>
   </trkpt>
   <trkpt lat="50.98915" lon="4.97496">
    <ele>38.77</ele>
   </trkpt>
   <trkpt lat="50.98867499989547" lon="4.974954999947731">
    <ele>40.690000000000005</ele>
   </trkpt>
   <trkpt lat="50.988200000000006" lon="4.974950000000001">
    <ele>42.81</ele>
   </trkpt>
   <trkpt lat="50.9876350000601" lon="4.9749049994563554">
    <ele>45.02</ele>
   </trkpt>
   <trkpt lat="50.98707" lon="4.9748600000000005">
    <ele>46.24</ele>
   </trkpt>
   <trkpt lat="50.986470000000004" lon="4.97485">
    <ele>46.75000000000001</ele>
   </trkpt>
   <trkpt lat="50.98580999999348" lon="4.974876667425455">
    <ele>47.45</ele>
   </trkpt>
   <trkpt lat="50.98514999998087" lon="4.974903334092619">
    <ele>48.150000000000006</ele>
   </trkpt>
   <trkpt lat="50.98449" lon="4.9749300000000005">
    <ele>49.45</ele>
   </trkpt>
   <trkpt lat="50.983900000000006" lon="4.97492">
    <ele>50.620000000000005</ele>
   </trkpt>
   <trkpt lat="50.98369" lon="4.974970000000001">
    <ele>52.38</ele>
   </trkpt>
   <trkpt lat="50.983650000000004" lon="4.97503">
    <ele>52.38</ele>
   </trkpt>
   <trkpt lat="50.982870000000005" lon="4.9750700000000005">
    <ele>53.68000000000001</ele>
   </trkpt>
   <trkpt lat="50.982130000095665" lon="4.9750700000000005">
    <ele>56.470000000000006</ele>
   </trkpt>
   <trkpt lat="50.981390000000005" lon="4.9750700000000005">
    <ele>59.71000000000001</ele>
   </trkpt>
   <trkpt lat="50.98105" lon="4.9750000000000005">
    <ele>60.92</ele>
   </trkpt>
   <trkpt lat="50.98093" lon="4.97503">
    <ele>61.13</ele>
   </trkpt>
   <trkpt lat="50.980450000000005" lon="4.97524">
    <ele>61.18000000000001</ele>
   </trkpt>
   <trkpt lat="50.98012000000001" lon="4.97536">
    <ele>61.31</ele>
   </trkpt>
   <trkpt lat="50.980090000000004" lon="4.97531">
    <ele>61.2</ele>
   </trkpt>
   <trkpt lat="50.98004" lon="4.975280000000001">
    <ele>61.2</ele>
   </trkpt>
   <trkpt lat="50.979980000000005" lon="4.97532">
    <ele>61.09</ele>
   </trkpt>
   <trkpt lat="50.97995" lon="4.97541">
    <ele>61.09</ele>
   </trkpt>
   <trkpt lat="50.979890000000005" lon="4.97538">
    <ele>61.09</ele>
   </trkpt>
   <trkpt lat="50.97974000000001" lon="4.975350000000001">
    <ele>60.79</ele>
   </trkpt>
   <trkpt lat="50.979000000000006" lon="4.97552">
    <ele>59.190000000000005</ele>
   </trkpt>
   <trkpt lat="50.978790000000004" lon="4.975510000000001">
    <ele>58.34</ele>
   </trkpt>
   <trkpt lat="50.978500000000004" lon="4.975440000000001">
    <ele>57.43</ele>
   </trkpt>
   <trkpt lat="50.978440000000006" lon="4.975440000000001">
    <ele>57.43</ele>
   </trkpt>
   <trkpt lat="50.97842000000001" lon="4.975370000000001">
    <ele>57.43</ele>
   </trkpt>
   <trkpt lat="50.977990000000005" lon="4.97489">
    <ele>56.99</ele>
   </trkpt>
   <trkpt lat="50.977540000000005" lon="4.97435">
    <ele>57.03</ele>
   </trkpt>
   <trkpt lat="50.977120000000006" lon="4.973920000000001">
    <ele>57.330000000000005</ele>
   </trkpt>
   <trkpt lat="50.97652500073906" lon="4.973509994761347">
    <ele>58.080000000000005</ele>
   </trkpt>
   <trkpt lat="50.975930000000005" lon="4.9731000000000005">
    <ele>58.980000000000004</ele>
   </trkpt>
   <trkpt lat="50.975570000000005" lon="4.97294">
    <ele>59.480000000000004</ele>
   </trkpt>
   <trkpt lat="50.97478000181167" lon="4.972648308523652">
    <ele>61.190000000000005</ele>
   </trkpt>
   <trkpt lat="50.97399000289697" lon="4.9723566269713775">
    <ele>63.38</ele>
   </trkpt>
   <trkpt lat="50.97320000325592" lon="4.972064955342567">
    <ele>66.14</ele>
   </trkpt>
   <trkpt lat="50.97241000288857" lon="4.971773293636615">
    <ele>67.77000000000001</ele>
   </trkpt>
   <trkpt lat="50.97162000179501" lon="4.971481641852912">
    <ele>72.0</ele>
   </trkpt>
   <trkpt lat="50.97083000000001" lon="4.97119">
    <ele>73.35000000000001</ele>
   </trkpt>
   <trkpt lat="50.97024499996511" lon="4.971059998338847">
    <ele>73.02</ele>
   </trkpt>
   <trkpt lat="50.969660000000005" lon="4.97093">
    <ele>72.12</ele>
   </trkpt>
   <trkpt lat="50.96902333346838" lon="4.97077332902017">
    <ele>70.05</ele>
   </trkpt>
   <trkpt lat="50.968386666727184" lon="4.970616662335237">
    <ele>67.55</ele>
   </trkpt>
   <trkpt lat="50.96775" lon="4.97046">
    <ele>67.2</ele>
   </trkpt>
   <trkpt lat="50.96756001362807" lon="4.969196656340438">
    <ele>67.69</ele>
   </trkpt>
   <trkpt lat="50.96737001362929" lon="4.9679333230154645">
    <ele>69.10000000000001</ele>
   </trkpt>
   <trkpt lat="50.967180000000006" lon="4.966670000000001">
    <ele>69.44</ele>
   </trkpt>
   <trkpt lat="50.96702000569981" lon="4.965514996056513">
    <ele>69.78</ele>
   </trkpt>
   <trkpt lat="50.966860000000004" lon="4.96436">
    <ele>70.31000000000002</ele>
   </trkpt>
   <trkpt lat="50.966675021142336" lon="4.963074984611645">
    <ele>70.8</ele>
   </trkpt>
   <trkpt lat="50.966490028186165" lon="4.961789979457799">
    <ele>71.78000000000002</ele>
   </trkpt>
   <trkpt lat="50.96630502113177" lon="4.960504984539091">
    <ele>72.22</ele>
   </trkpt>
   <trkpt lat="50.966120000000004" lon="4.95922">
    <ele>71.38</ele>
   </trkpt>
   <trkpt lat="50.96604000000001" lon="4.9586500000000004">
    <ele>70.83</ele>
   </trkpt>
   <trkpt lat="50.966010000000004" lon="4.9579200000000005">
    <ele>68.54</ele>
   </trkpt>
   <trkpt lat="50.96598" lon="4.95769">
    <ele>68.54</ele>
   </trkpt>
   <trkpt lat="50.96589" lon="4.95725">
    <ele>66.97</ele>
   </trkpt>
   <trkpt lat="50.96567" lon="4.956580000000001">
    <ele>64.78</ele>
   </trkpt>
   <trkpt lat="50.965500000000006" lon="4.95554">
    <ele>62.81</ele>
   </trkpt>
   <trkpt lat="50.965450000000004" lon="4.955030000000001">
    <ele>61.95</ele>
   </trkpt>
   <trkpt lat="50.96541000594799" lon="4.953849999093958">
    <ele>60.800000000000004</ele>
   </trkpt>
   <trkpt lat="50.96537000000001" lon="4.95267">
    <ele>59.190000000000005</ele>
   </trkpt>
   <trkpt lat="50.965230000000005" lon="4.951320000000001">
    <ele>56.800000000000004</ele>
   </trkpt>
   <trkpt lat="50.96526" lon="4.950810000000001">
    <ele>55.99</ele>
   </trkpt>
   <trkpt lat="50.965320000000006" lon="4.95009">
    <ele>55.17</ele>
   </trkpt>
   <trkpt lat="50.965340000000005" lon="4.9496400000000005">
    <ele>54.3</ele>
   </trkpt>
   <trkpt lat="50.965360000000004" lon="4.948580000000001">
    <ele>53.65</ele>
   </trkpt>
   <trkpt lat="50.96533" lon="4.94821">
    <ele>53.65</ele>
   </trkpt>
   <trkpt lat="50.965180003560185" lon="4.94729499696016">
    <ele>52.88</ele>
   </trkpt>
   <trkpt lat="50.965030000000006" lon="4.94638">
    <ele>52.03000000000001</ele>
   </trkpt>
   <trkpt lat="50.96487001032191" lon="4.945279992359033">
    <ele>50.7</ele>
   </trkpt>
   <trkpt lat="50.96471001031259" lon="4.944179992295009">
    <ele>48.85</ele>
   </trkpt>
   <trkpt lat="50.96455" lon="4.94308">
    <ele>47.74</ele>
   </trkpt>
   <trkpt lat="50.96438500193511" lon="4.942399997424448">
    <ele>47.300000000000004</ele>
   </trkpt>
   <trkpt lat="50.964220000000005" lon="4.94172">
    <ele>46.660000000000004</ele>
   </trkpt>
   <trkpt lat="50.96417" lon="4.94144">
    <ele>46.660000000000004</ele>
   </trkpt>
   <trkpt lat="50.964090000000006" lon="4.94038">
    <ele>45.50000000000001</ele>
   </trkpt>
   <trkpt lat="50.96407000000001" lon="4.9402800000000004">
    <ele>45.18000000000001</ele>
   </trkpt>
   <trkpt lat="50.963740001081035" lon="4.939774996401044">
    <ele>43.86</ele>
   </trkpt>
   <trkpt lat="50.96341" lon="4.9392700000000005">
    <ele>43.4</ele>
   </trkpt>
   <trkpt lat="50.96271" lon="4.938490000000001">
    <ele>42.580000000000005</ele>
   </trkpt>
   <trkpt lat="50.962300000000006" lon="4.93806">
    <ele>42.14</ele>
   </trkpt>
   <trkpt lat="50.96209" lon="4.93777">
    <ele>42.07</ele>
   </trkpt>
   <trkpt lat="50.961870000000005" lon="4.9371100000000006">
    <ele>42.4</ele>
   </trkpt>
   <trkpt lat="50.96163000000001" lon="4.93648">
    <ele>42.68</ele>
   </trkpt>
   <trkpt lat="50.96121000451247" lon="4.935454990800484">
    <ele>44.82000000000001</ele>
   </trkpt>
   <trkpt lat="50.96079" lon="4.934430000000001">
    <ele>47.150000000000006</ele>
   </trkpt>
   <trkpt lat="50.96034" lon="4.93362">
    <ele>51.0</ele>
   </trkpt>
   <trkpt lat="50.96018" lon="4.93255">
    <ele>52.28000000000001</ele>
   </trkpt>
   <trkpt lat="50.96016" lon="4.932320000000001">
    <ele>52.38</ele>
   </trkpt>
   <trkpt lat="50.96016" lon="4.93208">
    <ele>52.09</ele>
   </trkpt>
   <trkpt lat="50.960210000000004" lon="4.93067">
    <ele>52.25000000000001</ele>
   </trkpt>
   <trkpt lat="50.95957000001766" lon="4.9306049991046486">
    <ele>52.690000000000005</ele>
   </trkpt>
   <trkpt lat="50.95893" lon="4.930540000000001">
    <ele>52.81</ele>
   </trkpt>
   <trkpt lat="50.958420000000004" lon="4.93055">
    <ele>52.59</ele>
   </trkpt>
   <trkpt lat="50.957629999977456" lon="4.930474998720492">
    <ele>51.300000000000004</ele>
   </trkpt>
   <trkpt lat="50.95684000000001" lon="4.930400000000001">
    <ele>49.92</ele>
   </trkpt>
   <trkpt lat="50.95662" lon="4.93034">
    <ele>49.53</ele>
   </trkpt>
   <trkpt lat="50.95613499996673" lon="4.93027999936777">
    <ele>49.050000000000004</ele>
   </trkpt>
   <trkpt lat="50.955650000000006" lon="4.93022">
    <ele>47.980000000000004</ele>
   </trkpt>
   <trkpt lat="50.954930000000004" lon="4.93017">
    <ele>46.6</ele>
   </trkpt>
   <trkpt lat="50.954825005620776" lon="4.929024997669042">
    <ele>45.01</ele>
   </trkpt>
   <trkpt lat="50.95472" lon="4.92788">
    <ele>44.370000000000005</ele>
   </trkpt>
   <trkpt lat="50.954730000000005" lon="4.92771">
    <ele>44.34</ele>
   </trkpt>
   <trkpt lat="50.95479" lon="4.9276">
    <ele>44.34</ele>
   </trkpt>
   <trkpt lat="50.954930000000004" lon="4.9275">
    <ele>44.02</ele>
   </trkpt>
   <trkpt lat="50.95555" lon="4.9271400000000005">
    <ele>43.97</ele>
   </trkpt>
   <trkpt lat="50.955600000000004" lon="4.9270000000000005">
    <ele>43.77</ele>
   </trkpt>
   <trkpt lat="50.955600000000004" lon="4.926810000000001">
    <ele>43.0</ele>
   </trkpt>
   <trkpt lat="50.95552000814237" lon="4.925833329939507">
    <ele>42.18</ele>
   </trkpt>
   <trkpt lat="50.95544000813982" lon="4.924856663241525">
    <ele>39.730000000000004</ele>
   </trkpt>
   <trkpt lat="50.955360000000006" lon="4.9238800000000005">
    <ele>39.0</ele>
   </trkpt>
   <trkpt lat="50.95538668292693" lon="4.922500001633884">
    <ele>37.33</ele>
   </trkpt>
   <trkpt lat="50.95541334959261" lon="4.921120001683506">
    <ele>35.94</ele>
   </trkpt>
   <trkpt lat="50.95544" lon="4.91974">
    <ele>36.64000000000001</ele>
   </trkpt>
   <trkpt lat="50.955780000000004" lon="4.91974">
    <ele>36.660000000000004</ele>
   </trkpt>
   <trkpt lat="50.95591" lon="4.919790000000001">
    <ele>37.03</ele>
   </trkpt>
   <trkpt lat="50.956050000000005" lon="4.9198900000000005">
    <ele>37.720000000000006</ele>
   </trkpt>
   <trkpt lat="50.95647000065097" lon="4.92026499665584">
    <ele>41.2</ele>
   </trkpt>
   <trkpt lat="50.95689" lon="4.920640000000001">
    <ele>45.03</ele>
   </trkpt>
   <trkpt lat="50.956990000000005" lon="4.920710000000001">
    <ele>45.03</ele>
   </trkpt>
   <trkpt lat="50.957060000000006" lon="4.920710000000001">
    <ele>45.03</ele>
   </trkpt>
   <trkpt lat="50.95721" lon="4.92065">
    <ele>45.910000000000004</ele>
   </trkpt>
   <trkpt lat="50.957260000000005" lon="4.92058">
    <ele>46.400000000000006</ele>
   </trkpt>
   <trkpt lat="50.957300000000004" lon="4.920470000000001">
    <ele>47.02</ele>
   </trkpt>
   <trkpt lat="50.95732" lon="4.92035">
    <ele>47.02</ele>
   </trkpt>
   <trkpt lat="50.95732" lon="4.920170000000001">
    <ele>48.120000000000005</ele>
   </trkpt>
   <trkpt lat="50.957235002578344" lon="4.919394998710676">
    <ele>49.480000000000004</ele>
   </trkpt>
   <trkpt lat="50.957150000000006" lon="4.918620000000001">
    <ele>50.43</ele>
   </trkpt>
   <trkpt lat="50.95706500470672" lon="4.9175699980765755">
    <ele>50.74000000000001</ele>
   </trkpt>
   <trkpt lat="50.95698" lon="4.91652">
    <ele>50.53</ele>
   </trkpt>
   <trkpt lat="50.956990000000005" lon="4.9160900000000005">
    <ele>50.64</ele>
   </trkpt>
   <trkpt lat="50.95702000000001" lon="4.9158800000000005">
    <ele>50.64</ele>
   </trkpt>
   <trkpt lat="50.956990000000005" lon="4.91465">
    <ele>47.43000000000001</ele>
   </trkpt>
   <trkpt lat="50.957" lon="4.91446">
    <ele>45.7</ele>
   </trkpt>
   <trkpt lat="50.95703" lon="4.91429">
    <ele>45.7</ele>
   </trkpt>
   <trkpt lat="50.95734" lon="4.913290000000001">
    <ele>39.760000000000005</ele>
   </trkpt>
   <trkpt lat="50.957370000000004" lon="4.913010000000001">
    <ele>38.59</ele>
   </trkpt>
   <trkpt lat="50.95714334385655" lon="4.9118999891843265">
    <ele>36.29</ele>
   </trkpt>
   <trkpt lat="50.9569166771925" lon="4.910789989197362">
    <ele>34.85000000000001</ele>
   </trkpt>
   <trkpt lat="50.95669" lon="4.909680000000001">
    <ele>34.5</ele>
   </trkpt>
   <trkpt lat="50.95667" lon="4.909490000000001">
    <ele>33.800000000000004</ele>
   </trkpt>
   <trkpt lat="50.957160004674094" lon="4.908750015608902">
    <ele>30.410000000000004</ele>
   </trkpt>
   <trkpt lat="50.95765000467253" lon="4.9080100156115165">
    <ele>28.35</ele>
   </trkpt>
   <trkpt lat="50.95814000000001" lon="4.9072700000000005">
    <ele>27.110000000000003</ele>
   </trkpt>
   <trkpt lat="50.95816000000001" lon="4.907190000000001">
    <ele>27.110000000000003</ele>
   </trkpt>
   <trkpt lat="50.95816000000001" lon="4.906230000000001">
    <ele>25.560000000000002</ele>
   </trkpt>
   <trkpt lat="50.95824" lon="4.904940000000001">
    <ele>24.55</ele>
   </trkpt>
   <trkpt lat="50.958400000000005" lon="4.90408">
    <ele>23.450000000000003</ele>
   </trkpt>
   <trkpt lat="50.95864" lon="4.903020000000001">
    <ele>23.14</ele>
   </trkpt>
   <trkpt lat="50.95864" lon="4.9029300000000005">
    <ele>22.840000000000003</ele>
   </trkpt>
   <trkpt lat="50.95857" lon="4.90279">
    <ele>22.840000000000003</ele>
   </trkpt>
   <trkpt lat="50.958510000000004" lon="4.90275">
    <ele>22.22</ele>
   </trkpt>
   <trkpt lat="50.9583" lon="4.90266">
    <ele>21.87</ele>
   </trkpt>
   <trkpt lat="50.958220000000004" lon="4.90258">
    <ele>21.820000000000004</ele>
   </trkpt>
   <trkpt lat="50.958130000000004" lon="4.9023900000000005">
    <ele>21.79</ele>
   </trkpt>
   <trkpt lat="50.958040000000004" lon="4.90209">
    <ele>21.88</ele>
   </trkpt>
   <trkpt lat="50.957950000000004" lon="4.90195">
    <ele>21.96</ele>
   </trkpt>
   <trkpt lat="50.957840000000004" lon="4.901890000000001">
    <ele>21.96</ele>
   </trkpt>
   <trkpt lat="50.957170000000005" lon="4.90176">
    <ele>22.61</ele>
   </trkpt>
   <trkpt lat="50.95711000000001" lon="4.90172">
    <ele>22.770000000000003</ele>
   </trkpt>
   <trkpt lat="50.957" lon="4.90158">
    <ele>22.770000000000003</ele>
   </trkpt>
   <trkpt lat="50.95666500177373" lon="4.900939995433968">
    <ele>22.64</ele>
   </trkpt>
   <trkpt lat="50.95633" lon="4.9003000000000005">
    <ele>22.51</ele>
   </trkpt>
   <trkpt lat="50.95579000000001" lon="4.89918">
    <ele>22.88</ele>
   </trkpt>
   <trkpt lat="50.95570000000001" lon="4.89906">
    <ele>22.78</ele>
   </trkpt>
   <trkpt lat="50.95571" lon="4.89852">
    <ele>22.740000000000002</ele>
   </trkpt>
   <trkpt lat="50.95590000000001" lon="4.898090000000001">
    <ele>22.250000000000004</ele>
   </trkpt>
   <trkpt lat="50.956270000865615" lon="4.89768500304371">
    <ele>21.92</ele>
   </trkpt>
   <trkpt lat="50.95664000000001" lon="4.89728">
    <ele>21.980000000000004</ele>
   </trkpt>
   <trkpt lat="50.956570000000006" lon="4.89714">
    <ele>21.980000000000004</ele>
   </trkpt>
   <trkpt lat="50.95649" lon="4.89709">
    <ele>21.95</ele>
   </trkpt>
   <trkpt lat="50.95570333386421" lon="4.896829991182016">
    <ele>22.12</ele>
   </trkpt>
   <trkpt lat="50.95491666715119" lon="4.896569991166878">
    <ele>22.6</ele>
   </trkpt>
   <trkpt lat="50.954130000000006" lon="4.896310000000001">
    <ele>22.79</ele>
   </trkpt>
   <trkpt lat="50.95358" lon="4.896070000000001">
    <ele>22.910000000000004</ele>
   </trkpt>
   <trkpt lat="50.95304" lon="4.895630000000001">
    <ele>23.000000000000004</ele>
   </trkpt>
   <trkpt lat="50.95271" lon="4.89524">
    <ele>23.160000000000004</ele>
   </trkpt>
   <trkpt lat="50.95212" lon="4.8944">
    <ele>23.51</ele>
   </trkpt>
   <trkpt lat="50.95154001216827" lon="4.893555957874762">
    <ele>24.0</ele>
   </trkpt>
   <trkpt lat="50.95096001825343" lon="4.892711936814797">
    <ele>24.37</ele>
   </trkpt>
   <trkpt lat="50.95038001825579" lon="4.891867936819364">
    <ele>24.62</ele>
   </trkpt>
   <trkpt lat="50.94980001217561" lon="4.891023957887724">
    <ele>24.990000000000002</ele>
   </trkpt>
   <trkpt lat="50.949220000000004" lon="4.89018">
    <ele>25.39</ele>
   </trkpt>
   <trkpt lat="50.94892" lon="4.889830000000001">
    <ele>25.34</ele>
   </trkpt>
   <trkpt lat="50.948550000000004" lon="4.88947">
    <ele>25.17</ele>
   </trkpt>
   <trkpt lat="50.94806500108226" lon="4.888964994724026">
    <ele>24.990000000000002</ele>
   </trkpt>
   <trkpt lat="50.94758" lon="4.88846">
    <ele>25.09</ele>
   </trkpt>
   <trkpt lat="50.947040002993084" lon="4.8878633194188685">
    <ele>25.290000000000003</ele>
   </trkpt>
   <trkpt lat="50.94650000294602" lon="4.887266652700409">
    <ele>25.11</ele>
   </trkpt>
   <trkpt lat="50.94596000000001" lon="4.8866700000000005">
    <ele>25.32</ele>
   </trkpt>
   <trkpt lat="50.945640000000004" lon="4.886220000000001">
    <ele>25.370000000000005</ele>
   </trkpt>
   <trkpt lat="50.945420000000006" lon="4.885800000000001">
    <ele>25.52</ele>
   </trkpt>
   <trkpt lat="50.94520000000001" lon="4.88527">
    <ele>25.630000000000003</ele>
   </trkpt>
   <trkpt lat="50.945040000000006" lon="4.8847700000000005">
    <ele>25.84</ele>
   </trkpt>
   <trkpt lat="50.944751694903275" lon="4.883619964348579">
    <ele>26.150000000000002</ele>
   </trkpt>
   <trkpt lat="50.94446337851258" lon="4.882469942961492">
    <ele>26.19</ele>
   </trkpt>
   <trkpt lat="50.94417505082818" lon="4.881319935838975">
    <ele>26.330000000000002</ele>
   </trkpt>
   <trkpt lat="50.94388671185034" lon="4.8801699429812615">
    <ele>26.6</ele>
   </trkpt>
   <trkpt lat="50.94359836157931" lon="4.879019964388587">
    <ele>26.820000000000004</ele>
   </trkpt>
   <trkpt lat="50.943310000000004" lon="4.877870000000001">
    <ele>27.080000000000002</ele>
   </trkpt>
   <trkpt lat="50.94306" lon="4.87696">
    <ele>27.090000000000003</ele>
   </trkpt>
   <trkpt lat="50.94279" lon="4.876130000000001">
    <ele>26.94</ele>
   </trkpt>
   <trkpt lat="50.94267000000001" lon="4.87579">
    <ele>26.860000000000003</ele>
   </trkpt>
   <trkpt lat="50.94239" lon="4.87513">
    <ele>26.770000000000003</ele>
   </trkpt>
   <trkpt lat="50.942170000000004" lon="4.874680000000001">
    <ele>26.730000000000004</ele>
   </trkpt>
   <trkpt lat="50.941680000000005" lon="4.87373">
    <ele>26.650000000000002</ele>
   </trkpt>
   <trkpt lat="50.94169" lon="4.873740000000001">
    <ele>26.650000000000002</ele>
   </trkpt>
   <trkpt lat="50.94116500464479" lon="4.872694988164508">
    <ele>26.900000000000002</ele>
   </trkpt>
   <trkpt lat="50.94064" lon="4.871650000000001">
    <ele>26.96</ele>
   </trkpt>
   <trkpt lat="50.94022601614135" lon="4.870677965392901">
    <ele>27.19</ele>
   </trkpt>
   <trkpt lat="50.93981202421407" lon="4.869705948095022">
    <ele>26.900000000000002</ele>
   </trkpt>
   <trkpt lat="50.93939802421845" lon="4.868733948106133">
    <ele>26.87</ele>
   </trkpt>
   <trkpt lat="50.93898401615474" lon="4.86776196542601">
    <ele>26.78</ele>
   </trkpt>
   <trkpt lat="50.938570000000006" lon="4.866790000000001">
    <ele>26.910000000000004</ele>
   </trkpt>
   <trkpt lat="50.93827" lon="4.86627">
    <ele>26.990000000000002</ele>
   </trkpt>
   <trkpt lat="50.938010000000006" lon="4.8659300000000005">
    <ele>27.110000000000003</ele>
   </trkpt>
   <trkpt lat="50.93771" lon="4.86563">
    <ele>27.17</ele>
   </trkpt>
   <trkpt lat="50.93723000000001" lon="4.86528">
    <ele>26.990000000000002</ele>
   </trkpt>
   <trkpt lat="50.93688" lon="4.864990000000001">
    <ele>26.860000000000003</ele>
   </trkpt>
   <trkpt lat="50.93668" lon="4.86477">
    <ele>26.76</ele>
   </trkpt>
   <trkpt lat="50.93636000000001" lon="4.86434">
    <ele>26.67</ele>
   </trkpt>
   <trkpt lat="50.93571000390206" lon="4.863379986532723">
    <ele>26.62</ele>
   </trkpt>
   <trkpt lat="50.93506000000001" lon="4.86242">
    <ele>26.47</ele>
   </trkpt>
   <trkpt lat="50.93473" lon="4.86183">
    <ele>26.430000000000003</ele>
   </trkpt>
   <trkpt lat="50.93441000000001" lon="4.861210000000001">
    <ele>26.45</ele>
   </trkpt>
   <trkpt lat="50.934160000000006" lon="4.8606300000000005">
    <ele>26.650000000000002</ele>
   </trkpt>
   <trkpt lat="50.93413" lon="4.86038">
    <ele>26.990000000000002</ele>
   </trkpt>
   <trkpt lat="50.93394000000001" lon="4.85993">
    <ele>27.22</ele>
   </trkpt>
   <trkpt lat="50.933780000000006" lon="4.85979">
    <ele>27.22</ele>
   </trkpt>
   <trkpt lat="50.93325" lon="4.85885">
    <ele>27.4</ele>
   </trkpt>
   <trkpt lat="50.93316" lon="4.85846">
    <ele>27.46</ele>
   </trkpt>
   <trkpt lat="50.93289000000001" lon="4.85785">
    <ele>27.92</ele>
   </trkpt>
   <trkpt lat="50.932770000000005" lon="4.85796">
    <ele>27.970000000000002</ele>
   </trkpt>
   <trkpt lat="50.93254" lon="4.857550000000001">
    <ele>26.660000000000004</ele>
   </trkpt>
   <trkpt lat="50.93217500325563" lon="4.856669992970585">
    <ele>26.55</ele>
   </trkpt>
   <trkpt lat="50.931810000000006" lon="4.855790000000001">
    <ele>27.17</ele>
   </trkpt>
   <trkpt lat="50.931650000000005" lon="4.85543">
    <ele>27.200000000000003</ele>
   </trkpt>
   <trkpt lat="50.931650000000005" lon="4.855440000000001">
    <ele>27.200000000000003</ele>
   </trkpt>
   <trkpt lat="50.93142" lon="4.85493">
    <ele>27.520000000000003</ele>
   </trkpt>
   <trkpt lat="50.93115" lon="4.854170000000001">
    <ele>27.700000000000003</ele>
   </trkpt>
   <trkpt lat="50.930880003871685" lon="4.853224994718476">
    <ele>27.680000000000003</ele>
   </trkpt>
   <trkpt lat="50.93061" lon="4.85228">
    <ele>27.610000000000003</ele>
   </trkpt>
   <trkpt lat="50.930440000000004" lon="4.8516200000000005">
    <ele>27.69</ele>
   </trkpt>
   <trkpt lat="50.93003500512439" lon="4.850529990646395">
    <ele>28.900000000000002</ele>
   </trkpt>
   <trkpt lat="50.92963" lon="4.84944">
    <ele>28.200000000000003</ele>
   </trkpt>
   <trkpt lat="50.929610000000004" lon="4.84916">
    <ele>28.200000000000003</ele>
   </trkpt>
   <trkpt lat="50.929660000000005" lon="4.84905">
    <ele>28.200000000000003</ele>
   </trkpt>
   <trkpt lat="50.92985" lon="4.848800000000001">
    <ele>27.590000000000003</ele>
   </trkpt>
   <trkpt lat="50.930335001205336" lon="4.8482500058329565">
    <ele>27.380000000000003</ele>
   </trkpt>
   <trkpt lat="50.930820000000004" lon="4.847700000000001">
    <ele>27.540000000000003</ele>
   </trkpt>
   <trkpt lat="50.9311" lon="4.847300000000001">
    <ele>27.57</ele>
   </trkpt>
   <trkpt lat="50.93151500211807" lon="4.846585006491569">
    <ele>27.630000000000003</ele>
   </trkpt>
   <trkpt lat="50.93193" lon="4.845870000000001">
    <ele>27.21</ele>
   </trkpt>
   <trkpt lat="50.932120000000005" lon="4.84558">
    <ele>27.160000000000004</ele>
   </trkpt>
   <trkpt lat="50.932280000000006" lon="4.84537">
    <ele>27.250000000000004</ele>
   </trkpt>
   <trkpt lat="50.932915002186135" lon="4.84465500975866">
    <ele>27.000000000000004</ele>
   </trkpt>
   <trkpt lat="50.933550000000004" lon="4.843940000000001">
    <ele>26.660000000000004</ele>
   </trkpt>
   <trkpt lat="50.9337" lon="4.843710000000001">
    <ele>26.660000000000004</ele>
   </trkpt>
   <trkpt lat="50.93385000000001" lon="4.843430000000001">
    <ele>26.67</ele>
   </trkpt>
   <trkpt lat="50.933960000000006" lon="4.84327">
    <ele>26.67</ele>
   </trkpt>
   <trkpt lat="50.93413" lon="4.84313">
    <ele>26.78</ele>
   </trkpt>
   <trkpt lat="50.93457500050897" lon="4.842855002516424">
    <ele>26.72</ele>
   </trkpt>
   <trkpt lat="50.93502" lon="4.842580000000001">
    <ele>26.53</ele>
   </trkpt>
   <trkpt lat="50.93524000000001" lon="4.8424000000000005">
    <ele>26.490000000000002</ele>
   </trkpt>
   <trkpt lat="50.93562000000001" lon="4.84198">
    <ele>26.7</ele>
   </trkpt>
   <trkpt lat="50.935680000000005" lon="4.8418600000000005">
    <ele>26.7</ele>
   </trkpt>
   <trkpt lat="50.935700000000004" lon="4.841760000000001">
    <ele>26.7</ele>
   </trkpt>
   <trkpt lat="50.93569" lon="4.84163">
    <ele>26.650000000000002</ele>
   </trkpt>
   <trkpt lat="50.93533000000001" lon="4.840350000000001">
    <ele>25.830000000000002</ele>
   </trkpt>
   <trkpt lat="50.935230000000004" lon="4.84016">
    <ele>25.560000000000002</ele>
   </trkpt>
   <trkpt lat="50.934850000000004" lon="4.839740000000001">
    <ele>25.200000000000003</ele>
   </trkpt>
   <trkpt lat="50.934470000000005" lon="4.83936">
    <ele>25.030000000000005</ele>
   </trkpt>
   <trkpt lat="50.93391000177554" lon="4.838704992046968">
    <ele>25.62</ele>
   </trkpt>
   <trkpt lat="50.933350000000004" lon="4.83805">
    <ele>26.0</ele>
   </trkpt>
   <trkpt lat="50.933350000000004" lon="4.8380600000000005">
    <ele>26.0</ele>
   </trkpt>
   <trkpt lat="50.932970000000005" lon="4.83762">
    <ele>26.250000000000004</ele>
   </trkpt>
   <trkpt lat="50.932880000000004" lon="4.83753">
    <ele>26.3</ele>
   </trkpt>
   <trkpt lat="50.9322" lon="4.83731">
    <ele>26.750000000000004</ele>
   </trkpt>
   <trkpt lat="50.93211" lon="4.83638">
    <ele>27.51</ele>
   </trkpt>
   <trkpt lat="50.932100000000005" lon="4.836080000000001">
    <ele>27.720000000000002</ele>
   </trkpt>
   <trkpt lat="50.932170000000006" lon="4.83506">
    <ele>28.85</ele>
   </trkpt>
   <trkpt lat="50.93218" lon="4.834040000000001">
    <ele>28.98</ele>
   </trkpt>
   <trkpt lat="50.93216" lon="4.832990000000001">
    <ele>29.87</ele>
   </trkpt>
   <trkpt lat="50.9321400046165" lon="4.831949999445766">
    <ele>27.91</ele>
   </trkpt>
   <trkpt lat="50.932120000000005" lon="4.83091">
    <ele>26.79</ele>
   </trkpt>
   <trkpt lat="50.932" lon="4.82964">
    <ele>26.6</ele>
   </trkpt>
   <trkpt lat="50.932" lon="4.829300000000001">
    <ele>26.650000000000002</ele>
   </trkpt>
   <trkpt lat="50.93210500431312" lon="4.828295002266901">
    <ele>26.63</ele>
   </trkpt>
   <trkpt lat="50.932210000000005" lon="4.8272900000000005">
    <ele>26.12</ele>
   </trkpt>
   <trkpt lat="50.932340003105864" lon="4.826435002493042">
    <ele>25.650000000000002</ele>
   </trkpt>
   <trkpt lat="50.93247" lon="4.82558">
    <ele>25.490000000000002</ele>
   </trkpt>
   <trkpt lat="50.93263" lon="4.82432">
    <ele>25.990000000000002</ele>
   </trkpt>
   <trkpt lat="50.932680000000005" lon="4.823740000000001">
    <ele>26.44</ele>
   </trkpt>
   <trkpt lat="50.93272" lon="4.82307">
    <ele>27.080000000000002</ele>
   </trkpt>
   <trkpt lat="50.932700000000004" lon="4.82256">
    <ele>27.87</ele>
   </trkpt>
   <trkpt lat="50.932640000000006" lon="4.821940000000001">
    <ele>29.36</ele>
   </trkpt>
   <trkpt lat="50.9325150021088" lon="4.821234998028813">
    <ele>31.180000000000003</ele>
   </trkpt>
   <trkpt lat="50.932390000000005" lon="4.820530000000001">
    <ele>31.68</ele>
   </trkpt>
   <trkpt lat="50.932210000000005" lon="4.81975">
    <ele>30.890000000000004</ele>
   </trkpt>
   <trkpt lat="50.93198" lon="4.81895">
    <ele>29.960000000000004</ele>
   </trkpt>
   <trkpt lat="50.93182" lon="4.818420000000001">
    <ele>29.57</ele>
   </trkpt>
   <trkpt lat="50.93156500562264" lon="4.817269993584021">
    <ele>28.970000000000002</ele>
   </trkpt>
   <trkpt lat="50.93131" lon="4.816120000000001">
    <ele>29.280000000000005</ele>
   </trkpt>
   <trkpt lat="50.93131" lon="4.81613">
    <ele>29.27</ele>
   </trkpt>
   <trkpt lat="50.931080014466225" lon="4.81506748425801">
    <ele>29.7</ele>
   </trkpt>
   <trkpt lat="50.930850019291064" lon="4.814004979023851">
    <ele>28.860000000000003</ele>
   </trkpt>
   <trkpt lat="50.93062001447471" lon="4.812942484297776">
    <ele>28.150000000000002</ele>
   </trkpt>
   <trkpt lat="50.93039" lon="4.81188">
    <ele>27.180000000000003</ele>
   </trkpt>
   <trkpt lat="50.93028" lon="4.811470000000001">
    <ele>26.72</ele>
   </trkpt>
   <trkpt lat="50.930060000000005" lon="4.81087">
    <ele>25.94</ele>
   </trkpt>
   <trkpt lat="50.9296" lon="4.810110000000001">
    <ele>25.25</ele>
   </trkpt>
   <trkpt lat="50.92942000000001" lon="4.80989">
    <ele>25.25</ele>
   </trkpt>
   <trkpt lat="50.92927" lon="4.809760000000001">
    <ele>25.210000000000004</ele>
   </trkpt>
   <trkpt lat="50.92913" lon="4.809710000000001">
    <ele>25.14</ele>
   </trkpt>
   <trkpt lat="50.92902" lon="4.809710000000001">
    <ele>25.16</ele>
   </trkpt>
   <trkpt lat="50.928920000000005" lon="4.80975">
    <ele>25.200000000000003</ele>
   </trkpt>
   <trkpt lat="50.92827666884859" lon="4.810256680689663">
    <ele>25.94</ele>
   </trkpt>
   <trkpt lat="50.92763333550467" lon="4.810763347364409">
    <ele>27.12</ele>
   </trkpt>
   <trkpt lat="50.92699" lon="4.81127">
    <ele>27.73</ele>
   </trkpt>
   <trkpt lat="50.926880000000004" lon="4.8113">
    <ele>27.83</ele>
   </trkpt>
   <trkpt lat="50.92681" lon="4.8112900000000005">
    <ele>27.83</ele>
   </trkpt>
   <trkpt lat="50.926750000000006" lon="4.811260000000001">
    <ele>27.83</ele>
   </trkpt>
   <trkpt lat="50.926680000000005" lon="4.811190000000001">
    <ele>27.6</ele>
   </trkpt>
   <trkpt lat="50.92662000000001" lon="4.811050000000001">
    <ele>27.6</ele>
   </trkpt>
   <trkpt lat="50.926370000000006" lon="4.81029">
    <ele>27.73</ele>
   </trkpt>
   <trkpt lat="50.926190000000005" lon="4.80961">
    <ele>28.01</ele>
   </trkpt>
   <trkpt lat="50.92606000000001" lon="4.809220000000001">
    <ele>28.37</ele>
   </trkpt>
   <trkpt lat="50.925900000000006" lon="4.808800000000001">
    <ele>29.0</ele>
   </trkpt>
   <trkpt lat="50.92582" lon="4.808470000000001">
    <ele>29.0</ele>
   </trkpt>
   <trkpt lat="50.925720002539286" lon="4.807694998135925">
    <ele>30.070000000000004</ele>
   </trkpt>
   <trkpt lat="50.92562" lon="4.806920000000001">
    <ele>30.720000000000002</ele>
   </trkpt>
   <trkpt lat="50.92562" lon="4.80663">
    <ele>30.85</ele>
   </trkpt>
   <trkpt lat="50.92586000000001" lon="4.80548">
    <ele>29.78</ele>
   </trkpt>
   <trkpt lat="50.92597000000001" lon="4.804950000000001">
    <ele>28.46</ele>
   </trkpt>
   <trkpt lat="50.92598" lon="4.80459">
    <ele>27.73</ele>
   </trkpt>
   <trkpt lat="50.92595000000001" lon="4.80435">
    <ele>27.32</ele>
   </trkpt>
   <trkpt lat="50.9257750038251" lon="4.803404996507846">
    <ele>26.54</ele>
   </trkpt>
   <trkpt lat="50.9256" lon="4.80246">
    <ele>25.57</ele>
   </trkpt>
   <trkpt lat="50.925610000000006" lon="4.80205">
    <ele>25.300000000000004</ele>
   </trkpt>
   <trkpt lat="50.92578" lon="4.801220000000001">
    <ele>25.05</ele>
   </trkpt>
   <trkpt lat="50.9258" lon="4.80088">
    <ele>24.96</ele>
   </trkpt>
   <trkpt lat="50.925790000000006" lon="4.800750000000001">
    <ele>24.94</ele>
   </trkpt>
   <trkpt lat="50.925540000000005" lon="4.799530000000001">
    <ele>24.520000000000003</ele>
   </trkpt>
   <trkpt lat="50.925342516581935" lon="4.79839248554534">
    <ele>24.77</ele>
   </trkpt>
   <trkpt lat="50.92514502211291" lon="4.797254980748502">
    <ele>25.300000000000004</ele>
   </trkpt>
   <trkpt lat="50.92494751659305" lon="4.796117485609878">
    <ele>25.48</ele>
   </trkpt>
   <trkpt lat="50.92475" lon="4.794980000000001">
    <ele>24.93</ele>
   </trkpt>
   <trkpt lat="50.924530000000004" lon="4.793640000000001">
    <ele>23.94</ele>
   </trkpt>
   <trkpt lat="50.9243" lon="4.7926">
    <ele>22.97</ele>
   </trkpt>
   <trkpt lat="50.92401" lon="4.791670000000001">
    <ele>22.480000000000004</ele>
   </trkpt>
   <trkpt lat="50.92383" lon="4.79087">
    <ele>22.46</ele>
   </trkpt>
   <trkpt lat="50.92372" lon="4.79049">
    <ele>22.500000000000004</ele>
   </trkpt>
   <trkpt lat="50.9234000029933" lon="4.789649994170129">
    <ele>22.87</ele>
   </trkpt>
   <trkpt lat="50.923080000000006" lon="4.788810000000001">
    <ele>22.950000000000003</ele>
   </trkpt>
   <trkpt lat="50.922760000000004" lon="4.787990000000001">
    <ele>22.81</ele>
   </trkpt>
   <trkpt lat="50.92264" lon="4.78763">
    <ele>22.740000000000002</ele>
   </trkpt>
   <trkpt lat="50.922560000000004" lon="4.787330000000001">
    <ele>22.740000000000002</ele>
   </trkpt>
   <trkpt lat="50.922450000000005" lon="4.786790000000001">
    <ele>22.47</ele>
   </trkpt>
   <trkpt lat="50.92239000000001" lon="4.78641">
    <ele>22.310000000000002</ele>
   </trkpt>
   <trkpt lat="50.922340000000005" lon="4.7858">
    <ele>22.02</ele>
   </trkpt>
   <trkpt lat="50.922290000000004" lon="4.7854600000000005">
    <ele>21.980000000000004</ele>
   </trkpt>
   <trkpt lat="50.922230000000006" lon="4.78523">
    <ele>22.01</ele>
   </trkpt>
   <trkpt lat="50.92213" lon="4.784940000000001">
    <ele>22.150000000000002</ele>
   </trkpt>
   <trkpt lat="50.92180000208876" lon="4.784229994826542">
    <ele>22.230000000000004</ele>
   </trkpt>
   <trkpt lat="50.92147000000001" lon="4.78352">
    <ele>22.6</ele>
   </trkpt>
   <trkpt lat="50.9213" lon="4.783110000000001">
    <ele>22.72</ele>
   </trkpt>
   <trkpt lat="50.921130000000005" lon="4.78265">
    <ele>22.73</ele>
   </trkpt>
   <trkpt lat="50.920950000000005" lon="4.78199">
    <ele>22.570000000000004</ele>
   </trkpt>
   <trkpt lat="50.92087" lon="4.781610000000001">
    <ele>22.44</ele>
   </trkpt>
   <trkpt lat="50.920730003343515" lon="4.780729997581396">
    <ele>22.35</ele>
   </trkpt>
   <trkpt lat="50.920590000000004" lon="4.779850000000001">
    <ele>22.29</ele>
   </trkpt>
   <trkpt lat="50.92053000000001" lon="4.77934">
    <ele>22.47</ele>
   </trkpt>
   <trkpt lat="50.920598030215054" lon="4.778010007795505">
    <ele>22.71</ele>
   </trkpt>
   <trkpt lat="50.920666045322136" lon="4.776680011702248">
    <ele>22.950000000000003</ele>
   </trkpt>
   <trkpt lat="50.92073404532121" lon="4.775350011721073">
    <ele>24.020000000000003</ele>
   </trkpt>
   <trkpt lat="50.92080203021218" lon="4.7740200078528225">
    <ele>24.53</ele>
   </trkpt>
   <trkpt lat="50.92087" lon="4.772690000000001">
    <ele>25.07</ele>
   </trkpt>
   <trkpt lat="50.9209" lon="4.7715000000000005">
    <ele>25.27</ele>
   </trkpt>
   <trkpt lat="50.92089000000001" lon="4.771240000000001">
    <ele>25.25</ele>
   </trkpt>
   <trkpt lat="50.920785004282756" lon="4.770234997439815">
    <ele>25.07</ele>
   </trkpt>
   <trkpt lat="50.920680000000004" lon="4.76923">
    <ele>24.71</ele>
   </trkpt>
   <trkpt lat="50.92060000329263" lon="4.768349998328175">
    <ele>24.270000000000003</ele>
   </trkpt>
   <trkpt lat="50.92052" lon="4.76747">
    <ele>23.98</ele>
   </trkpt>
   <trkpt lat="50.92052" lon="4.76705">
    <ele>24.09</ele>
   </trkpt>
   <trkpt lat="50.920570000000005" lon="4.765910000000001">
    <ele>24.650000000000002</ele>
   </trkpt>
   <trkpt lat="50.92052668293266" lon="4.764529997449014">
    <ele>24.77</ele>
   </trkpt>
   <trkpt lat="50.920483349599934" lon="4.763149997467989">
    <ele>24.39</ele>
   </trkpt>
   <trkpt lat="50.920440000000006" lon="4.76177">
    <ele>23.96</ele>
   </trkpt>
   <trkpt lat="50.92036" lon="4.760750000000001">
    <ele>24.040000000000003</ele>
   </trkpt>
   <trkpt lat="50.920230004092744" lon="4.759769997196898">
    <ele>24.860000000000003</ele>
   </trkpt>
   <trkpt lat="50.920100000000005" lon="4.75879">
    <ele>26.02</ele>
   </trkpt>
   <trkpt lat="50.920100000000005" lon="4.75861">
    <ele>26.45</ele>
   </trkpt>
   <trkpt lat="50.92013000000001" lon="4.758500000000001">
    <ele>26.45</ele>
   </trkpt>
   <trkpt lat="50.920300000000005" lon="4.75818">
    <ele>25.990000000000002</ele>
   </trkpt>
   <trkpt lat="50.920370000000005" lon="4.75797">
    <ele>25.990000000000002</ele>
   </trkpt>
   <trkpt lat="50.92019000722062" lon="4.756669994996326">
    <ele>25.43</ele>
   </trkpt>
   <trkpt lat="50.920010000000005" lon="4.75537">
    <ele>25.11</ele>
   </trkpt>
   <trkpt lat="50.91993" lon="4.754300000000001">
    <ele>24.67</ele>
   </trkpt>
   <trkpt lat="50.91990500301026" lon="4.7534599994473465">
    <ele>24.5</ele>
   </trkpt>
   <trkpt lat="50.919880000000006" lon="4.75262">
    <ele>24.39</ele>
   </trkpt>
   <trkpt lat="50.919830000000005" lon="4.7522">
    <ele>24.240000000000002</ele>
   </trkpt>
   <trkpt lat="50.91973" lon="4.7517700000000005">
    <ele>24.25</ele>
   </trkpt>
   <trkpt lat="50.91946" lon="4.750900000000001">
    <ele>24.21</ele>
   </trkpt>
   <trkpt lat="50.919360000000005" lon="4.75065">
    <ele>24.42</ele>
   </trkpt>
   <trkpt lat="50.919180000000004" lon="4.750360000000001">
    <ele>24.380000000000003</ele>
   </trkpt>
   <trkpt lat="50.919050000000006" lon="4.75023">
    <ele>25.14</ele>
   </trkpt>
   <trkpt lat="50.91886" lon="4.750120000000001">
    <ele>26.400000000000002</ele>
   </trkpt>
   <trkpt lat="50.91839" lon="4.75002">
    <ele>28.25</ele>
   </trkpt>
   <trkpt lat="50.91808" lon="4.7498000000000005">
    <ele>29.200000000000003</ele>
   </trkpt>
   <trkpt lat="50.917910000000006" lon="4.749580000000001">
    <ele>29.720000000000002</ele>
   </trkpt>
   <trkpt lat="50.91760000000001" lon="4.74898">
    <ele>30.11</ele>
   </trkpt>
   <trkpt lat="50.91727" lon="4.74821">
    <ele>29.460000000000004</ele>
   </trkpt>
   <trkpt lat="50.91718" lon="4.747940000000001">
    <ele>29.030000000000005</ele>
   </trkpt>
   <trkpt lat="50.91702" lon="4.7468900000000005">
    <ele>28.67</ele>
   </trkpt>
   <trkpt lat="50.91691" lon="4.74657">
    <ele>28.71</ele>
   </trkpt>
   <trkpt lat="50.916760000000004" lon="4.74629">
    <ele>28.650000000000002</ele>
   </trkpt>
   <trkpt lat="50.916410000000006" lon="4.74582">
    <ele>28.430000000000003</ele>
   </trkpt>
   <trkpt lat="50.91626" lon="4.7455300000000005">
    <ele>28.17</ele>
   </trkpt>
   <trkpt lat="50.916010002161265" lon="4.744814996096073">
    <ele>27.98</ele>
   </trkpt>
   <trkpt lat="50.915760000000006" lon="4.7441">
    <ele>27.48</ele>
   </trkpt>
   <trkpt lat="50.91563000000001" lon="4.74361">
    <ele>27.340000000000003</ele>
   </trkpt>
   <trkpt lat="50.915670000000006" lon="4.743600000000001">
    <ele>27.340000000000003</ele>
   </trkpt>
   <trkpt lat="50.916425002342564" lon="4.7428550121143065">
    <ele>22.21</ele>
   </trkpt>
   <trkpt lat="50.91718" lon="4.74211">
    <ele>18.62</ele>
   </trkpt>
   <trkpt lat="50.9177000006885" lon="4.741755003864415">
    <ele>17.45</ele>
   </trkpt>
   <trkpt lat="50.918220000000005" lon="4.7414000000000005">
    <ele>16.330000000000002</ele>
   </trkpt>
   <trkpt lat="50.918940000000006" lon="4.7408600000000005">
    <ele>15.92</ele>
   </trkpt>
   <trkpt lat="50.91963000146102" lon="4.740270008770957">
    <ele>15.3</ele>
   </trkpt>
   <trkpt lat="50.920320000000004" lon="4.739680000000001">
    <ele>14.75</ele>
   </trkpt>
   <trkpt lat="50.920770000000005" lon="4.73932">
    <ele>14.990000000000002</ele>
   </trkpt>
   <trkpt lat="50.92078000000001" lon="4.7392900000000004">
    <ele>14.990000000000002</ele>
   </trkpt>
   <trkpt lat="50.920770000000005" lon="4.73908">
    <ele>14.67</ele>
   </trkpt>
   <trkpt lat="50.920680000000004" lon="4.7384900000000005">
    <ele>14.59</ele>
   </trkpt>
   <trkpt lat="50.92051000000001" lon="4.7377">
    <ele>14.66</ele>
   </trkpt>
   <trkpt lat="50.92047" lon="4.7374">
    <ele>14.75</ele>
   </trkpt>
   <trkpt lat="50.920440000000006" lon="4.73688">
    <ele>14.860000000000001</ele>
   </trkpt>
   <trkpt lat="50.92029500229589" lon="4.7361499978264865">
    <ele>14.88</ele>
   </trkpt>
   <trkpt lat="50.92015000000001" lon="4.73542">
    <ele>14.88</ele>
   </trkpt>
   <trkpt lat="50.92013000000001" lon="4.7342900000000006">
    <ele>14.49</ele>
   </trkpt>
   <trkpt lat="50.92015000000001" lon="4.73413">
    <ele>14.39</ele>
   </trkpt>
   <trkpt lat="50.920210000000004" lon="4.73399">
    <ele>14.39</ele>
   </trkpt>
   <trkpt lat="50.92043" lon="4.7336800000000006">
    <ele>14.33</ele>
   </trkpt>
   <trkpt lat="50.92054" lon="4.733440000000001">
    <ele>22.13</ele>
   </trkpt>
   <trkpt lat="50.92093501740587" lon="4.732275029617476">
    <ele>22.13</ele>
   </trkpt>
   <trkpt lat="50.9213300232202" lon="4.731110039454256">
    <ele>15.09</ele>
   </trkpt>
   <trkpt lat="50.92172501744258" lon="4.729945029510305">
    <ele>15.09</ele>
   </trkpt>
   <trkpt lat="50.92212000000001" lon="4.72878">
    <ele>15.09</ele>
   </trkpt>
   <trkpt lat="50.92215" lon="4.7286">
    <ele>14.88</ele>
   </trkpt>
   <trkpt lat="50.92215" lon="4.728610000000001">
    <ele>14.88</ele>
   </trkpt>
   <trkpt lat="50.92217" lon="4.728350000000001">
    <ele>14.46</ele>
   </trkpt>
   <trkpt lat="50.92216500584521" lon="4.727179999742342">
    <ele>14.100000000000001</ele>
   </trkpt>
   <trkpt lat="50.922160000000005" lon="4.7260100000000005">
    <ele>14.06</ele>
   </trkpt>
   <trkpt lat="50.92217" lon="4.725890000000001">
    <ele>14.110000000000001</ele>
   </trkpt>
   <trkpt lat="50.92222" lon="4.725770000000001">
    <ele>14.110000000000001</ele>
   </trkpt>
   <trkpt lat="50.922360000000005" lon="4.7256">
    <ele>14.0</ele>
   </trkpt>
   <trkpt lat="50.922410000000006" lon="4.72546">
    <ele>14.0</ele>
   </trkpt>
   <trkpt lat="50.922450000000005" lon="4.724880000000001">
    <ele>14.030000000000001</ele>
   </trkpt>
   <trkpt lat="50.92242" lon="4.72428">
    <ele>13.940000000000001</ele>
   </trkpt>
   <trkpt lat="50.92242" lon="4.72342">
    <ele>14.350000000000001</ele>
   </trkpt>
   <trkpt lat="50.92244" lon="4.72283">
    <ele>13.840000000000002</ele>
   </trkpt>
   <trkpt lat="50.92237" lon="4.72207">
    <ele>13.680000000000001</ele>
   </trkpt>
   <trkpt lat="50.92217" lon="4.72109">
    <ele>13.91</ele>
   </trkpt>
   <trkpt lat="50.92195" lon="4.72025">
    <ele>13.99</ele>
   </trkpt>
   <trkpt lat="50.92188" lon="4.71975">
    <ele>14.090000000000002</ele>
   </trkpt>
   <trkpt lat="50.921640000000004" lon="4.718780000000001">
    <ele>13.840000000000002</ele>
   </trkpt>
   <trkpt lat="50.921780000000005" lon="4.71771">
    <ele>13.590000000000002</ele>
   </trkpt>
   <trkpt lat="50.92178500579651" lon="4.716544999993228">
    <ele>13.81</ele>
   </trkpt>
   <trkpt lat="50.92179" lon="4.715380000000001">
    <ele>13.860000000000001</ele>
   </trkpt>
   <trkpt lat="50.92188" lon="4.71511">
    <ele>13.860000000000001</ele>
   </trkpt>
   <trkpt lat="50.92201000000001" lon="4.71499">
    <ele>13.89</ele>
   </trkpt>
   <trkpt lat="50.922450000000005" lon="4.71485">
    <ele>13.950000000000001</ele>
   </trkpt>
   <trkpt lat="50.92251" lon="4.71471">
    <ele>13.950000000000001</ele>
   </trkpt>
   <trkpt lat="50.922740000000005" lon="4.71483">
    <ele>13.950000000000001</ele>
   </trkpt>
   <trkpt lat="50.923170000000006" lon="4.71495">
    <ele>13.99</ele>
   </trkpt>
   <trkpt lat="50.92343" lon="4.715000000000001">
    <ele>13.97</ele>
   </trkpt>
   <trkpt lat="50.92378" lon="4.714980000000001">
    <ele>13.670000000000002</ele>
   </trkpt>
   <trkpt lat="50.9243" lon="4.714910000000001">
    <ele>13.49</ele>
   </trkpt>
   <trkpt lat="50.92439" lon="4.71488">
    <ele>13.48</ele>
   </trkpt>
   <trkpt lat="50.92468" lon="4.71466">
    <ele>13.940000000000001</ele>
   </trkpt>
   <trkpt lat="50.924730000000004" lon="4.714650000000001">
    <ele>13.940000000000001</ele>
   </trkpt>
   <trkpt lat="50.92486" lon="4.71471">
    <ele>13.940000000000001</ele>
   </trkpt>
   <trkpt lat="50.92511001171437" lon="4.713540012466895">
    <ele>13.05</ele>
   </trkpt>
   <trkpt lat="50.92536001173754" lon="4.712370012358688">
    <ele>12.97</ele>
   </trkpt>
   <trkpt lat="50.925610000000006" lon="4.711200000000001">
    <ele>13.38</ele>
   </trkpt>
   <trkpt lat="50.92564" lon="4.711040000000001">
    <ele>13.39</ele>
   </trkpt>
   <trkpt lat="50.92564" lon="4.710920000000001">
    <ele>13.39</ele>
   </trkpt>
   <trkpt lat="50.92569" lon="4.7109000000000005">
    <ele>13.32</ele>
   </trkpt>
   <trkpt lat="50.92569" lon="4.7106900000000005">
    <ele>13.31</ele>
   </trkpt>
   <trkpt lat="50.92562000716932" lon="4.7093949981974355">
    <ele>13.340000000000002</ele>
   </trkpt>
   <trkpt lat="50.92555" lon="4.7081">
    <ele>13.500000000000002</ele>
   </trkpt>
   <trkpt lat="50.925490003036934" lon="4.707254998738636">
    <ele>14.090000000000002</ele>
   </trkpt>
   <trkpt lat="50.925430000000006" lon="4.70641">
    <ele>14.84</ele>
   </trkpt>
   <trkpt lat="50.92539000000001" lon="4.70641">
    <ele>14.84</ele>
   </trkpt>
   <trkpt lat="50.925340000000006" lon="4.70568">
    <ele>14.93</ele>
   </trkpt>
   <trkpt lat="50.92530000000001" lon="4.70568">
    <ele>14.93</ele>
   </trkpt>
   <trkpt lat="50.92524" lon="4.70533">
    <ele>14.900000000000002</ele>
   </trkpt>
   <trkpt lat="50.925160000000005" lon="4.70509">
    <ele>14.92</ele>
   </trkpt>
   <trkpt lat="50.92503000000001" lon="4.7048700000000006">
    <ele>14.92</ele>
   </trkpt>
   <trkpt lat="50.9249" lon="4.704700000000001">
    <ele>15.040000000000001</ele>
   </trkpt>
   <trkpt lat="50.92433333582307" lon="4.704159986844426">
    <ele>15.240000000000002</ele>
   </trkpt>
   <trkpt lat="50.9237666691556" lon="4.703619986843873">
    <ele>15.620000000000001</ele>
   </trkpt>
   <trkpt lat="50.9232" lon="4.703080000000001">
    <ele>15.83</ele>
   </trkpt>
   <trkpt lat="50.92322000000001" lon="4.7030400000000006">
    <ele>15.83</ele>
   </trkpt>
   <trkpt lat="50.92273" lon="4.70256">
    <ele>16.200000000000003</ele>
   </trkpt>
   <trkpt lat="50.922540000000005" lon="4.7023">
    <ele>16.59</ele>
   </trkpt>
   <trkpt lat="50.922340000000005" lon="4.701960000000001">
    <ele>17.01</ele>
   </trkpt>
   <trkpt lat="50.92228" lon="4.70188">
    <ele>17.060000000000002</ele>
   </trkpt>
   <trkpt lat="50.92217" lon="4.70183">
    <ele>17.080000000000002</ele>
   </trkpt>
   <trkpt lat="50.92174000000001" lon="4.701840000000001">
    <ele>17.19</ele>
   </trkpt>
   <trkpt lat="50.92165000000001" lon="4.70181">
    <ele>17.19</ele>
   </trkpt>
   <trkpt lat="50.92156000000001" lon="4.7017500000000005">
    <ele>17.19</ele>
   </trkpt>
   <trkpt lat="50.92085" lon="4.70108">
    <ele>17.640000000000004</ele>
   </trkpt>
   <trkpt lat="50.9212950055714" lon="4.699940010848052">
    <ele>17.57</ele>
   </trkpt>
   <trkpt lat="50.92174000000001" lon="4.6988">
    <ele>18.01</ele>
   </trkpt>
   <trkpt lat="50.922110016605906" lon="4.697814031366565">
    <ele>18.26</ele>
   </trkpt>
   <trkpt lat="50.92248002490884" lon="4.696828047050669">
    <ele>18.250000000000004</ele>
   </trkpt>
   <trkpt lat="50.92285002490855" lon="4.6958420470522055">
    <ele>18.230000000000004</ele>
   </trkpt>
   <trkpt lat="50.92322001660479" lon="4.694856031371073">
    <ele>18.160000000000004</ele>
   </trkpt>
   <trkpt lat="50.923590000000004" lon="4.69387">
    <ele>18.11</ele>
   </trkpt>
   <trkpt lat="50.9238700022239" lon="4.693150004307223">
    <ele>18.37</ele>
   </trkpt>
   <trkpt lat="50.924150000000004" lon="4.692430000000001">
    <ele>18.740000000000002</ele>
   </trkpt>
   <trkpt lat="50.9241" lon="4.692290000000001">
    <ele>18.96</ele>
   </trkpt>
   <trkpt lat="50.923880000000004" lon="4.69221">
    <ele>19.03</ele>
   </trkpt>
   <trkpt lat="50.92380000000001" lon="4.692220000000001">
    <ele>19.03</ele>
   </trkpt>
   <trkpt lat="50.923750000000005" lon="4.6923">
    <ele>18.98</ele>
   </trkpt>
   <trkpt lat="50.92369000000001" lon="4.692290000000001">
    <ele>18.98</ele>
   </trkpt>
   <trkpt lat="50.92362000000001" lon="4.69228">
    <ele>18.99</ele>
   </trkpt>
   <trkpt lat="50.923640000000006" lon="4.69221">
    <ele>18.88</ele>
   </trkpt>
   <trkpt lat="50.92295000000001" lon="4.69204">
    <ele>18.96</ele>
   </trkpt>
   <trkpt lat="50.922450000000005" lon="4.6919">
    <ele>19.41</ele>
   </trkpt>
   <trkpt lat="50.9224" lon="4.691870000000001">
    <ele>19.41</ele>
   </trkpt>
   <trkpt lat="50.922290000000004" lon="4.69174">
    <ele>19.64</ele>
   </trkpt>
   <trkpt lat="50.92210000248224" lon="4.690984997107521">
    <ele>19.770000000000003</ele>
   </trkpt>
   <trkpt lat="50.921910000000004" lon="4.690230000000001">
    <ele>20.040000000000003</ele>
   </trkpt>
   <trkpt lat="50.92186" lon="4.690130000000001">
    <ele>20.040000000000003</ele>
   </trkpt>
   <trkpt lat="50.92179" lon="4.690040000000001">
    <ele>20.19</ele>
   </trkpt>
   <trkpt lat="50.921270001458794" lon="4.689444993289486">
    <ele>20.380000000000003</ele>
   </trkpt>
   <trkpt lat="50.920750000000005" lon="4.68885">
    <ele>20.610000000000003</ele>
   </trkpt>
   <trkpt lat="50.920070001001385" lon="4.688349992644136">
    <ele>20.790000000000003</ele>
   </trkpt>
   <trkpt lat="50.91939000000001" lon="4.68785">
    <ele>20.78</ele>
   </trkpt>
   <trkpt lat="50.91879750455962" lon="4.687252477161449">
    <ele>20.78</ele>
   </trkpt>
   <trkpt lat="50.91820500606987" lon="4.686654969539412">
    <ele>20.51</ele>
   </trkpt>
   <trkpt lat="50.91761250453089" lon="4.686057477133256">
    <ele>20.17</ele>
   </trkpt>
   <trkpt lat="50.91702" lon="4.68546">
    <ele>20.51</ele>
   </trkpt>
   <trkpt lat="50.91684000000001" lon="4.685230000000001">
    <ele>20.51</ele>
   </trkpt>
   <trkpt lat="50.916810000000005" lon="4.68527">
    <ele>20.51</ele>
   </trkpt>
   <trkpt lat="50.91677000000001" lon="4.6852800000000006">
    <ele>20.51</ele>
   </trkpt>
   <trkpt lat="50.91669" lon="4.68524">
    <ele>20.48</ele>
   </trkpt>
   <trkpt lat="50.91667" lon="4.6852800000000006">
    <ele>20.48</ele>
   </trkpt>
   <trkpt lat="50.91658" lon="4.685350000000001">
    <ele>20.48</ele>
   </trkpt>
   <trkpt lat="50.915923334139826" lon="4.685650008449184">
    <ele>20.560000000000002</ele>
   </trkpt>
   <trkpt lat="50.91526666751087" lon="4.685950008431797">
    <ele>20.720000000000002</ele>
   </trkpt>
   <trkpt lat="50.91461" lon="4.68625">
    <ele>20.87</ele>
   </trkpt>
   <trkpt lat="50.91460000000001" lon="4.6862">
    <ele>20.87</ele>
   </trkpt>
   <trkpt lat="50.91425" lon="4.68634">
    <ele>20.75</ele>
   </trkpt>
   <trkpt lat="50.913940000000004" lon="4.686400000000001">
    <ele>20.75</ele>
   </trkpt>
   <trkpt lat="50.9136" lon="4.68639">
    <ele>20.82</ele>
   </trkpt>
   <trkpt lat="50.91335" lon="4.68635">
    <ele>20.93</ele>
   </trkpt>
   <trkpt lat="50.91310000000001" lon="4.68627">
    <ele>21.0</ele>
   </trkpt>
   <trkpt lat="50.912960000000005" lon="4.68621">
    <ele>21.0</ele>
   </trkpt>
   <trkpt lat="50.91264" lon="4.686">
    <ele>21.130000000000003</ele>
   </trkpt>
   <trkpt lat="50.91186750553662" lon="4.685342467259843">
    <ele>21.53</ele>
   </trkpt>
   <trkpt lat="50.911095007380446" lon="4.684684956345944">
    <ele>22.17</ele>
   </trkpt>
   <trkpt lat="50.9103225055317" lon="4.684027467257081">
    <ele>22.53</ele>
   </trkpt>
   <trkpt lat="50.90955" lon="4.68337">
    <ele>23.12</ele>
   </trkpt>
   <trkpt lat="50.90937" lon="4.683280000000001">
    <ele>23.24</ele>
   </trkpt>
   <trkpt lat="50.9093" lon="4.68327">
    <ele>23.270000000000003</ele>
   </trkpt>
   <trkpt lat="50.90861" lon="4.6833">
    <ele>23.67</ele>
   </trkpt>
   <trkpt lat="50.908590000000004" lon="4.68332">
    <ele>23.67</ele>
   </trkpt>
   <trkpt lat="50.90851000000001" lon="4.6833100000000005">
    <ele>23.67</ele>
   </trkpt>
   <trkpt lat="50.90795999991853" lon="4.683345000419053">
    <ele>24.16</ele>
   </trkpt>
   <trkpt lat="50.907410000000006" lon="4.6833800000000005">
    <ele>24.360000000000003</ele>
   </trkpt>
   <trkpt lat="50.90704" lon="4.68343">
    <ele>24.790000000000003</ele>
   </trkpt>
   <trkpt lat="50.906760000000006" lon="4.68351">
    <ele>24.93</ele>
   </trkpt>
   <trkpt lat="50.90623000023229" lon="4.683785003177919">
    <ele>25.490000000000002</ele>
   </trkpt>
   <trkpt lat="50.9057" lon="4.684060000000001">
    <ele>26.35</ele>
   </trkpt>
   <trkpt lat="50.90561" lon="4.68414">
    <ele>29.32</ele>
   </trkpt>
   <trkpt lat="50.905530000000006" lon="4.6839200000000005">
    <ele>30.12</ele>
   </trkpt>
   <trkpt lat="50.9055" lon="4.68271">
    <ele>27.000000000000004</ele>
   </trkpt>
   <trkpt lat="50.9055" lon="4.68172">
    <ele>27.250000000000004</ele>
   </trkpt>
   <trkpt lat="50.90563334115871" lon="4.680763338757599">
    <ele>27.520000000000003</ele>
   </trkpt>
   <trkpt lat="50.905766674499844" lon="4.679806672035116">
    <ele>27.92</ele>
   </trkpt>
   <trkpt lat="50.9059" lon="4.678850000000001">
    <ele>28.25</ele>
   </trkpt>
   <trkpt lat="50.90585" lon="4.678710000000001">
    <ele>28.290000000000003</ele>
   </trkpt>
   <trkpt lat="50.90588" lon="4.678470000000001">
    <ele>28.41</ele>
   </trkpt>
   <trkpt lat="50.9059" lon="4.67835">
    <ele>28.450000000000003</ele>
   </trkpt>
   <trkpt lat="50.90598000000001" lon="4.678170000000001">
    <ele>28.490000000000002</ele>
   </trkpt>
   <trkpt lat="50.906060000000004" lon="4.67762">
    <ele>28.66</ele>
   </trkpt>
   <trkpt lat="50.9061" lon="4.6772">
    <ele>28.790000000000003</ele>
   </trkpt>
   <trkpt lat="50.906110000000005" lon="4.67687">
    <ele>28.87</ele>
   </trkpt>
   <trkpt lat="50.906093341761846" lon="4.675876665965386">
    <ele>29.01</ele>
   </trkpt>
   <trkpt lat="50.906076675095335" lon="4.67488333264185">
    <ele>29.43</ele>
   </trkpt>
   <trkpt lat="50.906060000000004" lon="4.67389">
    <ele>29.650000000000002</ele>
   </trkpt>
   <trkpt lat="50.90612" lon="4.673500000000001">
    <ele>29.5</ele>
   </trkpt>
   <trkpt lat="50.906300002058" lon="4.672795002979567">
    <ele>29.77</ele>
   </trkpt>
   <trkpt lat="50.90648" lon="4.672090000000001">
    <ele>29.7</ele>
   </trkpt>
   <trkpt lat="50.90654000000001" lon="4.6717900000000006">
    <ele>29.43</ele>
   </trkpt>
   <trkpt lat="50.906580000000005" lon="4.67129">
    <ele>29.32</ele>
   </trkpt>
   <trkpt lat="50.90659" lon="4.6707">
    <ele>29.210000000000004</ele>
   </trkpt>
   <trkpt lat="50.906490000000005" lon="4.66981">
    <ele>29.7</ele>
   </trkpt>
   <trkpt lat="50.9065" lon="4.66959">
    <ele>29.68</ele>
   </trkpt>
   <trkpt lat="50.90652000000001" lon="4.669490000000001">
    <ele>29.68</ele>
   </trkpt>
   <trkpt lat="50.906470000000006" lon="4.669440000000001">
    <ele>29.68</ele>
   </trkpt>
   <trkpt lat="50.90643000000001" lon="4.66933">
    <ele>29.69</ele>
   </trkpt>
   <trkpt lat="50.90636000000001" lon="4.66887">
    <ele>29.740000000000002</ele>
   </trkpt>
   <trkpt lat="50.90632" lon="4.6683900000000005">
    <ele>29.890000000000004</ele>
   </trkpt>
   <trkpt lat="50.90621000787577" lon="4.667429995494592">
    <ele>30.410000000000004</ele>
   </trkpt>
   <trkpt lat="50.90610000787934" lon="4.666469995525824">
    <ele>30.88</ele>
   </trkpt>
   <trkpt lat="50.90599" lon="4.66551">
    <ele>31.43</ele>
   </trkpt>
   <trkpt lat="50.90576" lon="4.664490000000001">
    <ele>31.540000000000006</ele>
   </trkpt>
   <trkpt lat="50.90560000000001" lon="4.663860000000001">
    <ele>31.200000000000003</ele>
   </trkpt>
   <trkpt lat="50.90520500680218" lon="4.662599989378234">
    <ele>30.910000000000004</ele>
   </trkpt>
   <trkpt lat="50.904810000000005" lon="4.66134">
    <ele>30.7</ele>
   </trkpt>
   <trkpt lat="50.90464000000001" lon="4.66075">
    <ele>30.680000000000003</ele>
   </trkpt>
   <trkpt lat="50.90449000217551" lon="4.660039997818883">
    <ele>30.76</ele>
   </trkpt>
   <trkpt lat="50.904340000000005" lon="4.659330000000001">
    <ele>30.590000000000003</ele>
   </trkpt>
   <trkpt lat="50.90410000000001" lon="4.658040000000001">
    <ele>30.0</ele>
   </trkpt>
   <trkpt lat="50.90411667481413" lon="4.657063334064965">
    <ele>29.44</ele>
   </trkpt>
   <trkpt lat="50.90413334148023" lon="4.656086667430486">
    <ele>29.150000000000002</ele>
   </trkpt>
   <trkpt lat="50.90415" lon="4.6551100000000005">
    <ele>28.89</ele>
   </trkpt>
   <trkpt lat="50.904070000000004" lon="4.654310000000001">
    <ele>28.87</ele>
   </trkpt>
   <trkpt lat="50.903910002761755" lon="4.653499997011568">
    <ele>28.770000000000003</ele>
   </trkpt>
   <trkpt lat="50.90375" lon="4.652690000000001">
    <ele>29.05</ele>
   </trkpt>
   <trkpt lat="50.90375500234065" lon="4.651949999804069">
    <ele>29.150000000000002</ele>
   </trkpt>
   <trkpt lat="50.903760000000005" lon="4.651210000000001">
    <ele>29.240000000000002</ele>
   </trkpt>
   <trkpt lat="50.90373" lon="4.65099">
    <ele>29.240000000000002</ele>
   </trkpt>
   <trkpt lat="50.90341000600249" lon="4.649804991873862">
    <ele>29.290000000000003</ele>
   </trkpt>
   <trkpt lat="50.903090000000006" lon="4.64862">
    <ele>29.59</ele>
   </trkpt>
   <trkpt lat="50.90305000000001" lon="4.6483300000000005">
    <ele>29.66</ele>
   </trkpt>
   <trkpt lat="50.90303" lon="4.647930000000001">
    <ele>29.730000000000004</ele>
   </trkpt>
   <trkpt lat="50.90305000369608" lon="4.647000000303435">
    <ele>30.04</ele>
   </trkpt>
   <trkpt lat="50.90307000000001" lon="4.646070000000001">
    <ele>30.62</ele>
   </trkpt>
   <trkpt lat="50.903130000000004" lon="4.645930000000001">
    <ele>30.69</ele>
   </trkpt>
   <trkpt lat="50.90312" lon="4.64588">
    <ele>30.730000000000004</ele>
   </trkpt>
   <trkpt lat="50.90307000000001" lon="4.64581">
    <ele>30.67</ele>
   </trkpt>
   <trkpt lat="50.90305000000001" lon="4.64506">
    <ele>30.63</ele>
   </trkpt>
   <trkpt lat="50.90301" lon="4.644550000000001">
    <ele>30.63</ele>
   </trkpt>
   <trkpt lat="50.90294" lon="4.64414">
    <ele>30.890000000000004</ele>
   </trkpt>
   <trkpt lat="50.902840000000005" lon="4.643800000000001">
    <ele>30.890000000000004</ele>
   </trkpt>
   <trkpt lat="50.902590000000004" lon="4.64315">
    <ele>30.890000000000004</ele>
   </trkpt>
   <trkpt lat="50.902300000000004" lon="4.6420900000000005">
    <ele>30.92</ele>
   </trkpt>
   <trkpt lat="50.902150000000006" lon="4.641360000000001">
    <ele>30.910000000000004</ele>
   </trkpt>
   <trkpt lat="50.902100002863506" lon="4.640539998982703">
    <ele>31.110000000000003</ele>
   </trkpt>
   <trkpt lat="50.90205" lon="4.6397200000000005">
    <ele>31.17</ele>
   </trkpt>
   <trkpt lat="50.90198" lon="4.6389700000000005">
    <ele>31.160000000000004</ele>
   </trkpt>
   <trkpt lat="50.90187" lon="4.63834">
    <ele>31.22</ele>
   </trkpt>
   <trkpt lat="50.90155000967364" lon="4.6372766521011055">
    <ele>31.330000000000002</ele>
   </trkpt>
   <trkpt lat="50.901230009688746" lon="4.636213318818215">
    <ele>31.67</ele>
   </trkpt>
   <trkpt lat="50.90091" lon="4.63515">
    <ele>32.010000000000005</ele>
   </trkpt>
   <trkpt lat="50.90077" lon="4.63455">
    <ele>32.190000000000005</ele>
   </trkpt>
   <trkpt lat="50.90073" lon="4.6342300000000005">
    <ele>32.190000000000005</ele>
   </trkpt>
   <trkpt lat="50.900650004839974" lon="4.6331649981115515">
    <ele>32.54</ele>
   </trkpt>
   <trkpt lat="50.90057" lon="4.6321">
    <ele>32.71</ele>
   </trkpt>
   <trkpt lat="50.900580000000005" lon="4.63231">
    <ele>32.730000000000004</ele>
   </trkpt>
   <trkpt lat="50.90057" lon="4.6321">
    <ele>32.57</ele>
   </trkpt>
   <trkpt lat="50.90083001938765" lon="4.63087002059296">
    <ele>32.57</ele>
   </trkpt>
   <trkpt lat="50.90109002585211" lon="4.62964002744876">
    <ele>30.720000000000002</ele>
   </trkpt>
   <trkpt lat="50.90135001939314" lon="4.628410020567801">
    <ele>30.720000000000002</ele>
   </trkpt>
   <trkpt lat="50.901610000000005" lon="4.62718">
    <ele>30.720000000000002</ele>
   </trkpt>
   <trkpt lat="50.901700000000005" lon="4.62659">
    <ele>30.53</ele>
   </trkpt>
   <trkpt lat="50.90171" lon="4.62645">
    <ele>30.55</ele>
   </trkpt>
   <trkpt lat="50.90169" lon="4.62633">
    <ele>30.55</ele>
   </trkpt>
   <trkpt lat="50.90171" lon="4.626180000000001">
    <ele>30.42</ele>
   </trkpt>
   <trkpt lat="50.901650000000004" lon="4.6254100000000005">
    <ele>30.410000000000004</ele>
   </trkpt>
   <trkpt lat="50.90157000000001" lon="4.62479">
    <ele>30.490000000000002</ele>
   </trkpt>
   <trkpt lat="50.901520000000005" lon="4.62406">
    <ele>30.570000000000004</ele>
   </trkpt>
   <trkpt lat="50.901450000000004" lon="4.623810000000001">
    <ele>30.55</ele>
   </trkpt>
   <trkpt lat="50.901410000000006" lon="4.62375">
    <ele>30.55</ele>
   </trkpt>
   <trkpt lat="50.901340000000005" lon="4.62347">
    <ele>30.570000000000004</ele>
   </trkpt>
   <trkpt lat="50.901340000000005" lon="4.623340000000001">
    <ele>30.570000000000004</ele>
   </trkpt>
   <trkpt lat="50.901230000000005" lon="4.62295">
    <ele>30.500000000000004</ele>
   </trkpt>
   <trkpt lat="50.90122" lon="4.62286">
    <ele>30.500000000000004</ele>
   </trkpt>
   <trkpt lat="50.90126" lon="4.6226400000000005">
    <ele>30.36</ele>
   </trkpt>
   <trkpt lat="50.90119000000001" lon="4.62249">
    <ele>30.430000000000003</ele>
   </trkpt>
   <trkpt lat="50.90115" lon="4.62232">
    <ele>30.430000000000003</ele>
   </trkpt>
   <trkpt lat="50.90104500260616" lon="4.6215349980368705">
    <ele>30.520000000000003</ele>
   </trkpt>
   <trkpt lat="50.900940000000006" lon="4.62075">
    <ele>30.63</ele>
   </trkpt>
   <trkpt lat="50.900830000000006" lon="4.62009">
    <ele>30.890000000000004</ele>
   </trkpt>
   <trkpt lat="50.900615004038116" lon="4.61910999518384">
    <ele>31.560000000000006</ele>
   </trkpt>
   <trkpt lat="50.900400000000005" lon="4.618130000000001">
    <ele>32.89</ele>
   </trkpt>
   <trkpt lat="50.90028" lon="4.61758">
    <ele>33.52</ele>
   </trkpt>
   <trkpt lat="50.900220000000004" lon="4.61739">
    <ele>33.74</ele>
   </trkpt>
   <trkpt lat="50.90012" lon="4.61721">
    <ele>34.35</ele>
   </trkpt>
   <trkpt lat="50.900000000000006" lon="4.617050000000001">
    <ele>34.690000000000005</ele>
   </trkpt>
   <trkpt lat="50.89994" lon="4.617">
    <ele>34.81</ele>
   </trkpt>
   <trkpt lat="50.89983" lon="4.61693">
    <ele>35.5</ele>
   </trkpt>
   <trkpt lat="50.899334999984035" lon="4.61671999768091">
    <ele>37.03</ele>
   </trkpt>
   <trkpt lat="50.89884000000001" lon="4.616510000000001">
    <ele>37.6</ele>
   </trkpt>
   <trkpt lat="50.89871" lon="4.6164000000000005">
    <ele>37.11000000000001</ele>
   </trkpt>
   <trkpt lat="50.898610000000005" lon="4.616300000000001">
    <ele>37.11000000000001</ele>
   </trkpt>
   <trkpt lat="50.89844" lon="4.61596">
    <ele>34.21</ele>
   </trkpt>
   <trkpt lat="50.898106673755635" lon="4.615049987012951">
    <ele>32.690000000000005</ele>
   </trkpt>
   <trkpt lat="50.897773340437226" lon="4.614139987053915">
    <ele>32.730000000000004</ele>
   </trkpt>
   <trkpt lat="50.89744" lon="4.613230000000001">
    <ele>32.97</ele>
   </trkpt>
   <trkpt lat="50.8971150021564" lon="4.612514994950222">
    <ele>33.27</ele>
   </trkpt>
   <trkpt lat="50.89679" lon="4.611800000000001">
    <ele>34.080000000000005</ele>
   </trkpt>
   <trkpt lat="50.896480000000004" lon="4.611160000000001">
    <ele>35.24</ele>
   </trkpt>
   <trkpt lat="50.89602000000001" lon="4.610480000000001">
    <ele>36.71</ele>
   </trkpt>
   <trkpt lat="50.89556" lon="4.609970000000001">
    <ele>38.18000000000001</ele>
   </trkpt>
   <trkpt lat="50.89569" lon="4.610110000000001">
    <ele>37.84</ele>
   </trkpt>
   <trkpt lat="50.89556" lon="4.609970000000001">
    <ele>35.4</ele>
   </trkpt>
   <trkpt lat="50.89492287144166" lon="4.609222795805062">
    <ele>35.4</ele>
   </trkpt>
   <trkpt lat="50.89428573811403" lon="4.608475612054425">
    <ele>35.4</ele>
   </trkpt>
   <trkpt lat="50.893648600017336" lon="4.607728448747222">
    <ele>35.4</ele>
   </trkpt>
   <trkpt lat="50.89301145715184" lon="4.60698130588258">
    <ele>35.800000000000004</ele>
   </trkpt>
   <trkpt lat="50.89237430951778" lon="4.60623418345963">
    <ele>35.800000000000004</ele>
   </trkpt>
   <trkpt lat="50.89173715711535" lon="4.6054870814774995">
    <ele>35.800000000000004</ele>
   </trkpt>
   <trkpt lat="50.8911" lon="4.6047400000000005">
    <ele>35.800000000000004</ele>
   </trkpt>
   <trkpt lat="50.890535001987644" lon="4.604059991766688">
    <ele>35.800000000000004</ele>
   </trkpt>
   <trkpt lat="50.889970000000005" lon="4.6033800000000005">
    <ele>36.0</ele>
   </trkpt>
   <trkpt lat="50.88998" lon="4.60339">
    <ele>36.0</ele>
   </trkpt>
   <trkpt lat="50.88932501698677" lon="4.6024982706507735">
    <ele>36.0</ele>
   </trkpt>
   <trkpt lat="50.888670027180595" lon="4.6016065663789645">
    <ele>36.0</ele>
   </trkpt>
   <trkpt lat="50.88801503058178" lon="4.600714887183541">
    <ele>36.0</ele>
   </trkpt>
   <trkpt lat="50.88736002719075" lon="4.599823233063474">
    <ele>40.0</ele>
   </trkpt>
   <trkpt lat="50.88670501700779" lon="4.598931604017732">
    <ele>40.0</ele>
   </trkpt>
   <trkpt lat="50.886050000000004" lon="4.59804">
    <ele>40.0</ele>
   </trkpt>
   <trkpt lat="50.88606000000001" lon="4.59804">
    <ele>40.0</ele>
   </trkpt>
   <trkpt lat="50.886050000000004" lon="4.59804">
    <ele>40.160000000000004</ele>
   </trkpt>
   <trkpt lat="50.885850000000005" lon="4.59766">
    <ele>39.940000000000005</ele>
   </trkpt>
   <trkpt lat="50.885630000000006" lon="4.59719">
    <ele>39.71</ele>
   </trkpt>
   <trkpt lat="50.88548" lon="4.596990000000001">
    <ele>39.36000000000001</ele>
   </trkpt>
   <trkpt lat="50.885270000000006" lon="4.59686">
    <ele>39.190000000000005</ele>
   </trkpt>
   <trkpt lat="50.8851" lon="4.596710000000001">
    <ele>39.089999999999996</ele>
   </trkpt>
   <trkpt lat="50.88462500282811" lon="4.595889991563444">
    <ele>38.650000000000006</ele>
   </trkpt>
   <trkpt lat="50.884150000000005" lon="4.595070000000001">
    <ele>38.400000000000006</ele>
   </trkpt>
   <trkpt lat="50.88356000461256" lon="4.594024986674189">
    <ele>38.43000000000001</ele>
   </trkpt>
   <trkpt lat="50.88297000000001" lon="4.592980000000001">
    <ele>38.96</ele>
   </trkpt>
   <trkpt lat="50.88289" lon="4.592790000000001">
    <ele>38.96</ele>
   </trkpt>
   <trkpt lat="50.882760000000005" lon="4.59232">
    <ele>39.21</ele>
   </trkpt>
   <trkpt lat="50.88270000000001" lon="4.59192">
    <ele>39.49</ele>
   </trkpt>
   <trkpt lat="50.882630000000006" lon="4.591010000000001">
    <ele>39.730000000000004</ele>
   </trkpt>
   <trkpt lat="50.88253" lon="4.59056">
    <ele>40.2</ele>
   </trkpt>
   <trkpt lat="50.882360000000006" lon="4.590140000000001">
    <ele>40.39</ele>
   </trkpt>
   <trkpt lat="50.881950002197335" lon="4.589424993731897">
    <ele>41.57</ele>
   </trkpt>
   <trkpt lat="50.88154" lon="4.588710000000001">
    <ele>43.21000000000001</ele>
   </trkpt>
   <trkpt lat="50.88110000634726" lon="4.587849983813517">
    <ele>45.22</ele>
   </trkpt>
   <trkpt lat="50.88066000637571" lon="4.586989983869363">
    <ele>44.82000000000001</ele>
   </trkpt>
   <trkpt lat="50.88022" lon="4.586130000000001">
    <ele>43.2</ele>
   </trkpt>
   <trkpt lat="50.880770001782345" lon="4.585475007791466">
    <ele>41.730000000000004</ele>
   </trkpt>
   <trkpt lat="50.88132" lon="4.584820000000001">
    <ele>40.760000000000005</ele>
   </trkpt>
   <trkpt lat="50.881780000000006" lon="4.584210000000001">
    <ele>39.86000000000001</ele>
   </trkpt>
   <trkpt lat="50.88203000000001" lon="4.5838">
    <ele>39.760000000000005</ele>
   </trkpt>
   <trkpt lat="50.882555003714224" lon="4.5828750103184674">
    <ele>39.400000000000006</ele>
   </trkpt>
   <trkpt lat="50.88308000000001" lon="4.58195">
    <ele>39.11000000000001</ele>
   </trkpt>
   <trkpt lat="50.88281334120282" lon="4.580989988996344">
    <ele>39.0</ele>
   </trkpt>
   <trkpt lat="50.88254667453203" lon="4.580029988981703">
    <ele>39.53</ele>
   </trkpt>
   <trkpt lat="50.88228" lon="4.579070000000001">
    <ele>40.0</ele>
   </trkpt>
   <trkpt lat="50.88194000000001" lon="4.57805">
    <ele>40.800000000000004</ele>
   </trkpt>
   <trkpt lat="50.88161" lon="4.57721">
    <ele>41.32</ele>
   </trkpt>
   <trkpt lat="50.881325001474366" lon="4.576609996196435">
    <ele>41.72</ele>
   </trkpt>
   <trkpt lat="50.881040000000006" lon="4.57601">
    <ele>42.2</ele>
   </trkpt>
   <trkpt lat="50.880595002706784" lon="4.575214992419887">
    <ele>43.28000000000001</ele>
   </trkpt>
   <trkpt lat="50.88015000000001" lon="4.57442">
    <ele>43.85000000000001</ele>
   </trkpt>
   <trkpt lat="50.879900000000006" lon="4.57392">
    <ele>44.480000000000004</ele>
   </trkpt>
   <trkpt lat="50.879780000000004" lon="4.57362">
    <ele>44.480000000000004</ele>
   </trkpt>
   <trkpt lat="50.87939" lon="4.57242">
    <ele>45.730000000000004</ele>
   </trkpt>
   <trkpt lat="50.879220000000004" lon="4.571960000000001">
    <ele>46.46</ele>
   </trkpt>
   <trkpt lat="50.87897" lon="4.57148">
    <ele>47.41</ele>
   </trkpt>
   <trkpt lat="50.878820000000005" lon="4.5712">
    <ele>47.82</ele>
   </trkpt>
   <trkpt lat="50.87865000000001" lon="4.57101">
    <ele>49.56</ele>
   </trkpt>
   <trkpt lat="50.87829000000001" lon="4.57073">
    <ele>49.95</ele>
   </trkpt>
   <trkpt lat="50.87820000000001" lon="4.57057">
    <ele>50.72</ele>
   </trkpt>
   <trkpt lat="50.8781" lon="4.57022">
    <ele>51.260000000000005</ele>
   </trkpt>
   <trkpt lat="50.87778" lon="4.569500000000001">
    <ele>53.550000000000004</ele>
   </trkpt>
   <trkpt lat="50.87747" lon="4.5689400000000004">
    <ele>55.31</ele>
   </trkpt>
   <trkpt lat="50.87735000000001" lon="4.5686">
    <ele>55.690000000000005</ele>
   </trkpt>
   <trkpt lat="50.877300000000005" lon="4.56832">
    <ele>55.93000000000001</ele>
   </trkpt>
   <trkpt lat="50.87735000000001" lon="4.568300000000001">
    <ele>55.93000000000001</ele>
   </trkpt>
   <trkpt lat="50.8774" lon="4.56817">
    <ele>55.84</ele>
   </trkpt>
   <trkpt lat="50.877390000000005" lon="4.5681">
    <ele>55.84</ele>
   </trkpt>
   <trkpt lat="50.87783" lon="4.5678600000000005">
    <ele>53.74</ele>
   </trkpt>
   <trkpt lat="50.87834500078646" lon="4.567430004755095">
    <ele>49.71</ele>
   </trkpt>
   <trkpt lat="50.87886" lon="4.567">
    <ele>47.510000000000005</ele>
   </trkpt>
   <trkpt lat="50.87944000054393" lon="4.566675003993348">
    <ele>45.69</ele>
   </trkpt>
   <trkpt lat="50.88002" lon="4.566350000000001">
    <ele>45.43000000000001</ele>
   </trkpt>
   <trkpt lat="50.880030000000005" lon="4.56625">
    <ele>45.43000000000001</ele>
   </trkpt>
   <trkpt lat="50.88009" lon="4.566190000000001">
    <ele>45.46</ele>
   </trkpt>
   <trkpt lat="50.88007500397583" lon="4.5652249995527665">
    <ele>45.93000000000001</ele>
   </trkpt>
   <trkpt lat="50.88006000000001" lon="4.56426">
    <ele>46.3</ele>
   </trkpt>
   <trkpt lat="50.88009" lon="4.564">
    <ele>46.6</ele>
   </trkpt>
   <trkpt lat="50.8802800044732" lon="4.562975004259301">
    <ele>49.06</ele>
   </trkpt>
   <trkpt lat="50.88047" lon="4.56195">
    <ele>50.81</ele>
   </trkpt>
   <trkpt lat="50.880500000000005" lon="4.5613600000000005">
    <ele>51.050000000000004</ele>
   </trkpt>
   <trkpt lat="50.88045" lon="4.56078">
    <ele>55.81</ele>
   </trkpt>
   <trkpt lat="50.88046000000001" lon="4.5608">
    <ele>55.81</ele>
   </trkpt>
   <trkpt lat="50.8802566791076" lon="4.5595933228095475">
    <ele>55.81</ele>
   </trkpt>
   <trkpt lat="50.880053345775444" lon="4.558386656150045">
    <ele>53.42</ele>
   </trkpt>
   <trkpt lat="50.879850000000005" lon="4.557180000000001">
    <ele>53.42</ele>
   </trkpt>
   <trkpt lat="50.879585004370135" lon="4.556164994109897">
    <ele>53.050000000000004</ele>
   </trkpt>
   <trkpt lat="50.87932000000001" lon="4.55515">
    <ele>51.510000000000005</ele>
   </trkpt>
   <trkpt lat="50.87917000588044" lon="4.553974996082411">
    <ele>50.81</ele>
   </trkpt>
   <trkpt lat="50.879020000000004" lon="4.5528">
    <ele>50.980000000000004</ele>
   </trkpt>
   <trkpt lat="50.878870000000006" lon="4.55149">
    <ele>51.10000000000001</ele>
   </trkpt>
  </trkseg>
 </trk>
</gpx>
