<?xml version="1.0" encoding="UTF-8"?>
<gpx creator="StravaGPX" version="1.1" xmlns="http://www.topografix.com/GPX/1/1" xmlns:xsi="http://www.w3.org/2001/XMLSchema-instance" xsi:schemaLocation="http://www.topografix.com/GPX/1/1 http://www.topografix.com/GPX/1/1/gpx.xsd">
 <metadata>
  <name>OA26-Tisselt-75Km223Hm</name>
  <author>
   <name>Haecky 🐻</name>
   <link href="https://www.strava.com/athletes/1643587"/>
  </author>
  <copyright author="OpenStreetMap contributors">
   <year>2020</year>
   <license>https://www.openstreetmap.org/copyright</license>
  </copyright>
  <link href="https://www.strava.com/routes/3526278738924370646"/>
 </metadata>
 <trk>
  <name>OA26-Tisselt-75Km223Hm</name>
  <link href="https://www.strava.com/routes/3526278738924370646"/>
  <type>cycling</type>
  <trkseg>
   <trkpt lat="50.878910000000005" lon="4.551760000000001">
    <ele>51.010000000000005</ele>
   </trkpt>
   <trkpt lat="50.879020000000004" lon="4.5528">
    <ele>50.980000000000004</ele>
   </trkpt>
   <trkpt lat="50.87917000591496" lon="4.5539749963528235">
    <ele>50.81</ele>
   </trkpt>
   <trkpt lat="50.87932000000001" lon="4.55515">
    <ele>51.510000000000005</ele>
   </trkpt>
   <trkpt lat="50.879585004431604" lon="4.55616499434535">
    <ele>53.050000000000004</ele>
   </trkpt>
   <trkpt lat="50.879850000000005" lon="4.557180000000001">
    <ele>53.42</ele>
   </trkpt>
   <trkpt lat="50.88005334570682" lon="4.558383322845809">
    <ele>53.42</ele>
   </trkpt>
   <trkpt lat="50.880256679042695" lon="4.559586656193951">
    <ele>51.92</ele>
   </trkpt>
   <trkpt lat="50.88046000000001" lon="4.560790000000001">
    <ele>51.92</ele>
   </trkpt>
   <trkpt lat="50.880500000000005" lon="4.5613600000000005">
    <ele>51.050000000000004</ele>
   </trkpt>
   <trkpt lat="50.88047" lon="4.56195">
    <ele>50.53</ele>
   </trkpt>
   <trkpt lat="50.88028000450277" lon="4.562975004099827">
    <ele>49.06</ele>
   </trkpt>
   <trkpt lat="50.88009" lon="4.564">
    <ele>46.6</ele>
   </trkpt>
   <trkpt lat="50.88006000000001" lon="4.56426">
    <ele>46.150000000000006</ele>
   </trkpt>
   <trkpt lat="50.88007500398007" lon="4.565224999825937">
    <ele>45.62</ele>
   </trkpt>
   <trkpt lat="50.88009" lon="4.566190000000001">
    <ele>45.45</ele>
   </trkpt>
   <trkpt lat="50.88015000000001" lon="4.5662">
    <ele>45.38</ele>
   </trkpt>
   <trkpt lat="50.880190000000006" lon="4.56629">
    <ele>45.38</ele>
   </trkpt>
   <trkpt lat="50.88018" lon="4.56641">
    <ele>45.37</ele>
   </trkpt>
   <trkpt lat="50.88011" lon="4.566470000000001">
    <ele>45.37</ele>
   </trkpt>
   <trkpt lat="50.880120000000005" lon="4.566890000000001">
    <ele>45.02</ele>
   </trkpt>
   <trkpt lat="50.880190000000006" lon="4.567760000000001">
    <ele>44.910000000000004</ele>
   </trkpt>
   <trkpt lat="50.88017000000001" lon="4.5680000000000005">
    <ele>45.00000000000001</ele>
   </trkpt>
   <trkpt lat="50.88013" lon="4.56812">
    <ele>45.11000000000001</ele>
   </trkpt>
   <trkpt lat="50.8798" lon="4.5686">
    <ele>45.67</ele>
   </trkpt>
   <trkpt lat="50.879470000000005" lon="4.56916">
    <ele>46.330000000000005</ele>
   </trkpt>
   <trkpt lat="50.8791" lon="4.569850000000001">
    <ele>47.02</ele>
   </trkpt>
   <trkpt lat="50.8791" lon="4.56996">
    <ele>47.02</ele>
   </trkpt>
   <trkpt lat="50.879180000000005" lon="4.57043">
    <ele>47.550000000000004</ele>
   </trkpt>
   <trkpt lat="50.87917" lon="4.57057">
    <ele>47.550000000000004</ele>
   </trkpt>
   <trkpt lat="50.878820000000005" lon="4.5712">
    <ele>47.82</ele>
   </trkpt>
   <trkpt lat="50.879220000000004" lon="4.571960000000001">
    <ele>46.46</ele>
   </trkpt>
   <trkpt lat="50.87939" lon="4.57242">
    <ele>45.730000000000004</ele>
   </trkpt>
   <trkpt lat="50.879780000000004" lon="4.57362">
    <ele>44.480000000000004</ele>
   </trkpt>
   <trkpt lat="50.879900000000006" lon="4.57392">
    <ele>44.480000000000004</ele>
   </trkpt>
   <trkpt lat="50.88015000000001" lon="4.57442">
    <ele>43.85000000000001</ele>
   </trkpt>
   <trkpt lat="50.8805950026929" lon="4.575214992395088">
    <ele>42.96</ele>
   </trkpt>
   <trkpt lat="50.881040000000006" lon="4.57601">
    <ele>42.2</ele>
   </trkpt>
   <trkpt lat="50.88132500160126" lon="4.57660999646357">
    <ele>41.72</ele>
   </trkpt>
   <trkpt lat="50.88161" lon="4.57721">
    <ele>41.32</ele>
   </trkpt>
   <trkpt lat="50.88194000000001" lon="4.57805">
    <ele>40.800000000000004</ele>
   </trkpt>
   <trkpt lat="50.88228" lon="4.579070000000001">
    <ele>40.0</ele>
   </trkpt>
   <trkpt lat="50.882546674493" lon="4.580026655742417">
    <ele>39.53</ele>
   </trkpt>
   <trkpt lat="50.88281334116716" lon="4.580983322435785">
    <ele>39.0</ele>
   </trkpt>
   <trkpt lat="50.88308000000001" lon="4.58194">
    <ele>39.1</ele>
   </trkpt>
   <trkpt lat="50.88344000000001" lon="4.581320000000001">
    <ele>38.48</ele>
   </trkpt>
   <trkpt lat="50.88400000000001" lon="4.58056">
    <ele>38.07</ele>
   </trkpt>
   <trkpt lat="50.88429000000001" lon="4.580220000000001">
    <ele>37.09</ele>
   </trkpt>
   <trkpt lat="50.884943337013425" lon="4.579560018552969">
    <ele>36.7</ele>
   </trkpt>
   <trkpt lat="50.88559667030554" lon="4.578900018594951">
    <ele>36.38</ele>
   </trkpt>
   <trkpt lat="50.886250000000004" lon="4.57824">
    <ele>36.14000000000001</ele>
   </trkpt>
   <trkpt lat="50.88672000111476" lon="4.57771000544318">
    <ele>35.77</ele>
   </trkpt>
   <trkpt lat="50.887190000000004" lon="4.57718">
    <ele>35.660000000000004</ele>
   </trkpt>
   <trkpt lat="50.887420000000006" lon="4.5768">
    <ele>35.63</ele>
   </trkpt>
   <trkpt lat="50.88756000000001" lon="4.576510000000001">
    <ele>35.660000000000004</ele>
   </trkpt>
   <trkpt lat="50.88784000213477" lon="4.575790004532353">
    <ele>35.870000000000005</ele>
   </trkpt>
   <trkpt lat="50.88812" lon="4.57507">
    <ele>36.2</ele>
   </trkpt>
   <trkpt lat="50.888290000000005" lon="4.574750000000001">
    <ele>36.51</ele>
   </trkpt>
   <trkpt lat="50.88868" lon="4.57423">
    <ele>36.54</ele>
   </trkpt>
   <trkpt lat="50.88918666895538" lon="4.5737133445646485">
    <ele>36.83</ele>
   </trkpt>
   <trkpt lat="50.88969333563032" lon="4.573196677889707">
    <ele>37.34</ele>
   </trkpt>
   <trkpt lat="50.89020000000001" lon="4.57268">
    <ele>37.540000000000006</ele>
   </trkpt>
   <trkpt lat="50.8905" lon="4.57228">
    <ele>37.98</ele>
   </trkpt>
   <trkpt lat="50.89077" lon="4.57185">
    <ele>38.27</ele>
   </trkpt>
   <trkpt lat="50.890930000000004" lon="4.571540000000001">
    <ele>38.27</ele>
   </trkpt>
   <trkpt lat="50.891000000000005" lon="4.5712">
    <ele>38.44</ele>
   </trkpt>
   <trkpt lat="50.89105000000001" lon="4.57089">
    <ele>38.31</ele>
   </trkpt>
   <trkpt lat="50.891110000000005" lon="4.570720000000001">
    <ele>38.31</ele>
   </trkpt>
   <trkpt lat="50.891290000000005" lon="4.57042">
    <ele>38.28</ele>
   </trkpt>
   <trkpt lat="50.89137" lon="4.5701600000000004">
    <ele>38.28</ele>
   </trkpt>
   <trkpt lat="50.891380000000005" lon="4.57003">
    <ele>38.2</ele>
   </trkpt>
   <trkpt lat="50.891560000000005" lon="4.56998">
    <ele>38.14</ele>
   </trkpt>
   <trkpt lat="50.89157" lon="4.570060000000001">
    <ele>38.14</ele>
   </trkpt>
   <trkpt lat="50.89166" lon="4.57014">
    <ele>38.03</ele>
   </trkpt>
   <trkpt lat="50.89171" lon="4.57022">
    <ele>37.84</ele>
   </trkpt>
   <trkpt lat="50.89175" lon="4.57024">
    <ele>37.84</ele>
   </trkpt>
   <trkpt lat="50.891780000000004" lon="4.5702300000000005">
    <ele>37.84</ele>
   </trkpt>
   <trkpt lat="50.891920000000006" lon="4.57015">
    <ele>37.37</ele>
   </trkpt>
   <trkpt lat="50.89228000094748" lon="4.5696500040318435">
    <ele>36.77</ele>
   </trkpt>
   <trkpt lat="50.89264000000001" lon="4.5691500000000005">
    <ele>36.50000000000001</ele>
   </trkpt>
   <trkpt lat="50.89324500205472" lon="4.568460008939005">
    <ele>38.01</ele>
   </trkpt>
   <trkpt lat="50.89385000000001" lon="4.56777">
    <ele>39.32</ele>
   </trkpt>
   <trkpt lat="50.89429000131849" lon="4.567210005317383">
    <ele>43.08</ele>
   </trkpt>
   <trkpt lat="50.89473" lon="4.56665">
    <ele>45.18000000000001</ele>
   </trkpt>
   <trkpt lat="50.89515" lon="4.56629">
    <ele>43.95</ele>
   </trkpt>
   <trkpt lat="50.8956200008199" lon="4.565855004379339">
    <ele>40.690000000000005</ele>
   </trkpt>
   <trkpt lat="50.89609" lon="4.5654200000000005">
    <ele>38.41</ele>
   </trkpt>
   <trkpt lat="50.896240000000006" lon="4.56534">
    <ele>38.290000000000006</ele>
   </trkpt>
   <trkpt lat="50.89631000000001" lon="4.56526">
    <ele>38.35</ele>
   </trkpt>
   <trkpt lat="50.89673500098053" lon="4.564830003731304">
    <ele>38.18000000000001</ele>
   </trkpt>
   <trkpt lat="50.89716000000001" lon="4.5644">
    <ele>38.37</ele>
   </trkpt>
   <trkpt lat="50.89786400960865" lon="4.563650045356289">
    <ele>38.73</ele>
   </trkpt>
   <trkpt lat="50.89856801441264" lon="4.562900068036161">
    <ele>38.900000000000006</ele>
   </trkpt>
   <trkpt lat="50.899272014411736" lon="4.562150068038511">
    <ele>38.93000000000001</ele>
   </trkpt>
   <trkpt lat="50.899976009605645" lon="4.561400045362244">
    <ele>37.3</ele>
   </trkpt>
   <trkpt lat="50.90068" lon="4.560650000000001">
    <ele>36.07000000000001</ele>
   </trkpt>
   <trkpt lat="50.900870000000005" lon="4.56125">
    <ele>36.93000000000001</ele>
   </trkpt>
   <trkpt lat="50.90137000000001" lon="4.56216">
    <ele>35.83</ele>
   </trkpt>
   <trkpt lat="50.90183001250869" lon="4.563147470761096">
    <ele>35.83</ele>
   </trkpt>
   <trkpt lat="50.90229001668779" lon="4.564134961034626">
    <ele>35.230000000000004</ele>
   </trkpt>
   <trkpt lat="50.902750012537005" lon="4.5651224708209455">
    <ele>35.230000000000004</ele>
   </trkpt>
   <trkpt lat="50.90321" lon="4.56611">
    <ele>35.230000000000004</ele>
   </trkpt>
   <trkpt lat="50.90359000264537" lon="4.566879993944394">
    <ele>35.77</ele>
   </trkpt>
   <trkpt lat="50.90397" lon="4.56765">
    <ele>35.33</ele>
   </trkpt>
   <trkpt lat="50.90427000207057" lon="4.568324995930745">
    <ele>34.63</ele>
   </trkpt>
   <trkpt lat="50.90457000000001" lon="4.569">
    <ele>33.81</ele>
   </trkpt>
   <trkpt lat="50.90473" lon="4.56916">
    <ele>33.54</ele>
   </trkpt>
   <trkpt lat="50.90494" lon="4.56963">
    <ele>33.02</ele>
   </trkpt>
   <trkpt lat="50.90502000000001" lon="4.56974">
    <ele>32.800000000000004</ele>
   </trkpt>
   <trkpt lat="50.905440000000006" lon="4.5693">
    <ele>32.199999999999996</ele>
   </trkpt>
   <trkpt lat="50.90561" lon="4.56904">
    <ele>31.720000000000006</ele>
   </trkpt>
   <trkpt lat="50.90598000158062" lon="4.568405005289817">
    <ele>30.12</ele>
   </trkpt>
   <trkpt lat="50.90635" lon="4.56777">
    <ele>29.080000000000002</ele>
   </trkpt>
   <trkpt lat="50.90672000000001" lon="4.56707">
    <ele>28.020000000000003</ele>
   </trkpt>
   <trkpt lat="50.907295003774315" lon="4.56613001161001">
    <ele>28.28</ele>
   </trkpt>
   <trkpt lat="50.90787" lon="4.56519">
    <ele>28.810000000000002</ele>
   </trkpt>
   <trkpt lat="50.90795000000001" lon="4.56515">
    <ele>28.810000000000002</ele>
   </trkpt>
   <trkpt lat="50.908" lon="4.565110000000001">
    <ele>28.810000000000002</ele>
   </trkpt>
   <trkpt lat="50.90838" lon="4.56536">
    <ele>28.790000000000003</ele>
   </trkpt>
   <trkpt lat="50.908530000000006" lon="4.56538">
    <ele>28.790000000000003</ele>
   </trkpt>
   <trkpt lat="50.908660000000005" lon="4.56536">
    <ele>28.82</ele>
   </trkpt>
   <trkpt lat="50.90874" lon="4.56531">
    <ele>28.82</ele>
   </trkpt>
   <trkpt lat="50.90939333610274" lon="4.5647366827948">
    <ele>29.36</ele>
   </trkpt>
   <trkpt lat="50.9100466693978" lon="4.5641633494953355">
    <ele>29.880000000000003</ele>
   </trkpt>
   <trkpt lat="50.910700000000006" lon="4.5635900000000005">
    <ele>30.070000000000004</ele>
   </trkpt>
   <trkpt lat="50.91087" lon="4.563470000000001">
    <ele>30.130000000000003</ele>
   </trkpt>
   <trkpt lat="50.911080000000005" lon="4.56336">
    <ele>30.11</ele>
   </trkpt>
   <trkpt lat="50.9112" lon="4.56331">
    <ele>30.11</ele>
   </trkpt>
   <trkpt lat="50.911370000000005" lon="4.563280000000001">
    <ele>30.12</ele>
   </trkpt>
   <trkpt lat="50.91154" lon="4.5632600000000005">
    <ele>30.09</ele>
   </trkpt>
   <trkpt lat="50.911730000000006" lon="4.563280000000001">
    <ele>30.09</ele>
   </trkpt>
   <trkpt lat="50.91246000051089" lon="4.563474990830751">
    <ele>30.240000000000002</ele>
   </trkpt>
   <trkpt lat="50.913190000697" lon="4.563669987778326">
    <ele>30.01</ele>
   </trkpt>
   <trkpt lat="50.91392000055832" lon="4.563864990843071">
    <ele>29.400000000000002</ele>
   </trkpt>
   <trkpt lat="50.91465" lon="4.5640600000000004">
    <ele>27.860000000000003</ele>
   </trkpt>
   <trkpt lat="50.914930000000005" lon="4.56412">
    <ele>27.540000000000003</ele>
   </trkpt>
   <trkpt lat="50.91503" lon="4.56412">
    <ele>27.540000000000003</ele>
   </trkpt>
   <trkpt lat="50.915310000000005" lon="4.56421">
    <ele>27.31</ele>
   </trkpt>
   <trkpt lat="50.91536000000001" lon="4.564240000000001">
    <ele>27.240000000000002</ele>
   </trkpt>
   <trkpt lat="50.91543" lon="4.564310000000001">
    <ele>27.240000000000002</ele>
   </trkpt>
   <trkpt lat="50.91575" lon="4.5643400000000005">
    <ele>27.01</ele>
   </trkpt>
   <trkpt lat="50.916070000000005" lon="4.564290000000001">
    <ele>26.680000000000003</ele>
   </trkpt>
   <trkpt lat="50.91639000000001" lon="4.56416">
    <ele>26.680000000000003</ele>
   </trkpt>
   <trkpt lat="50.916610000000006" lon="4.564030000000001">
    <ele>26.53</ele>
   </trkpt>
   <trkpt lat="50.917370000000005" lon="4.56346">
    <ele>25.740000000000002</ele>
   </trkpt>
   <trkpt lat="50.91785" lon="4.56313">
    <ele>25.490000000000002</ele>
   </trkpt>
   <trkpt lat="50.917970000000004" lon="4.56308">
    <ele>25.490000000000002</ele>
   </trkpt>
   <trkpt lat="50.9181" lon="4.5630500000000005">
    <ele>25.490000000000002</ele>
   </trkpt>
   <trkpt lat="50.91839" lon="4.56303">
    <ele>25.400000000000002</ele>
   </trkpt>
   <trkpt lat="50.918580000000006" lon="4.56304">
    <ele>25.26</ele>
   </trkpt>
   <trkpt lat="50.91868" lon="4.563000000000001">
    <ele>24.89</ele>
   </trkpt>
   <trkpt lat="50.919340000000005" lon="4.56254">
    <ele>24.01</ele>
   </trkpt>
   <trkpt lat="50.91986000000001" lon="4.56205">
    <ele>23.3</ele>
   </trkpt>
   <trkpt lat="50.91991" lon="4.56196">
    <ele>23.15</ele>
   </trkpt>
   <trkpt lat="50.919990000000006" lon="4.56156">
    <ele>22.79</ele>
   </trkpt>
   <trkpt lat="50.92005" lon="4.56135">
    <ele>22.37</ele>
   </trkpt>
   <trkpt lat="50.92033000000001" lon="4.56095">
    <ele>22.22</ele>
   </trkpt>
   <trkpt lat="50.92042000000001" lon="4.560790000000001">
    <ele>21.900000000000002</ele>
   </trkpt>
   <trkpt lat="50.92052" lon="4.56057">
    <ele>21.900000000000002</ele>
   </trkpt>
   <trkpt lat="50.92042000000001" lon="4.56031">
    <ele>21.88</ele>
   </trkpt>
   <trkpt lat="50.920210000000004" lon="4.55994">
    <ele>21.990000000000002</ele>
   </trkpt>
   <trkpt lat="50.92" lon="4.55963">
    <ele>22.060000000000002</ele>
   </trkpt>
   <trkpt lat="50.92014" lon="4.55893">
    <ele>21.980000000000004</ele>
   </trkpt>
   <trkpt lat="50.92029" lon="4.55834">
    <ele>22.520000000000003</ele>
   </trkpt>
   <trkpt lat="50.92056" lon="4.557440000000001">
    <ele>23.51</ele>
   </trkpt>
   <trkpt lat="50.92074" lon="4.55691">
    <ele>24.180000000000003</ele>
   </trkpt>
   <trkpt lat="50.92094" lon="4.5564100000000005">
    <ele>24.98</ele>
   </trkpt>
   <trkpt lat="50.921260007234174" lon="4.555490012639947">
    <ele>25.470000000000002</ele>
   </trkpt>
   <trkpt lat="50.92158000723943" lon="4.554570012625016">
    <ele>25.61</ele>
   </trkpt>
   <trkpt lat="50.9219" lon="4.55365">
    <ele>25.310000000000002</ele>
   </trkpt>
   <trkpt lat="50.922070000000005" lon="4.553240000000001">
    <ele>25.310000000000002</ele>
   </trkpt>
   <trkpt lat="50.92204" lon="4.55318">
    <ele>25.240000000000002</ele>
   </trkpt>
   <trkpt lat="50.92204" lon="4.55309">
    <ele>25.240000000000002</ele>
   </trkpt>
   <trkpt lat="50.922070000000005" lon="4.553030000000001">
    <ele>25.240000000000002</ele>
   </trkpt>
   <trkpt lat="50.92210000000001" lon="4.55302">
    <ele>25.240000000000002</ele>
   </trkpt>
   <trkpt lat="50.92202" lon="4.55283">
    <ele>25.19</ele>
   </trkpt>
   <trkpt lat="50.92199" lon="4.552630000000001">
    <ele>25.19</ele>
   </trkpt>
   <trkpt lat="50.921980000000005" lon="4.55215">
    <ele>24.75</ele>
   </trkpt>
   <trkpt lat="50.922075003010235" lon="4.551310001741478">
    <ele>24.39</ele>
   </trkpt>
   <trkpt lat="50.92217" lon="4.550470000000001">
    <ele>24.05</ele>
   </trkpt>
   <trkpt lat="50.92219000000001" lon="4.55015">
    <ele>23.680000000000003</ele>
   </trkpt>
   <trkpt lat="50.922180000000004" lon="4.549600000000001">
    <ele>23.37</ele>
   </trkpt>
   <trkpt lat="50.922230000000006" lon="4.54867">
    <ele>23.19</ele>
   </trkpt>
   <trkpt lat="50.92233" lon="4.548080000000001">
    <ele>22.930000000000003</ele>
   </trkpt>
   <trkpt lat="50.92286000000001" lon="4.54816">
    <ele>20.41</ele>
   </trkpt>
   <trkpt lat="50.92338" lon="4.5481300000000005">
    <ele>19.05</ele>
   </trkpt>
   <trkpt lat="50.923790000000004" lon="4.54807">
    <ele>18.1</ele>
   </trkpt>
   <trkpt lat="50.92403" lon="4.54806">
    <ele>17.39</ele>
   </trkpt>
   <trkpt lat="50.924220000000005" lon="4.5481300000000005">
    <ele>17.39</ele>
   </trkpt>
   <trkpt lat="50.92441" lon="4.5483">
    <ele>16.98</ele>
   </trkpt>
   <trkpt lat="50.924530000000004" lon="4.54849">
    <ele>16.92</ele>
   </trkpt>
   <trkpt lat="50.92461" lon="4.548660000000001">
    <ele>16.790000000000003</ele>
   </trkpt>
   <trkpt lat="50.924780000000005" lon="4.54914">
    <ele>16.77</ele>
   </trkpt>
   <trkpt lat="50.92486" lon="4.54931">
    <ele>16.77</ele>
   </trkpt>
   <trkpt lat="50.925290000000004" lon="4.54989">
    <ele>16.61</ele>
   </trkpt>
   <trkpt lat="50.92555" lon="4.5500300000000005">
    <ele>16.5</ele>
   </trkpt>
   <trkpt lat="50.925810000000006" lon="4.55008">
    <ele>16.28</ele>
   </trkpt>
   <trkpt lat="50.9266800000089" lon="4.550189997937356">
    <ele>16.060000000000002</ele>
   </trkpt>
   <trkpt lat="50.927550000000004" lon="4.5503">
    <ele>15.55</ele>
   </trkpt>
   <trkpt lat="50.927780000000006" lon="4.550260000000001">
    <ele>15.48</ele>
   </trkpt>
   <trkpt lat="50.928020000000004" lon="4.55016">
    <ele>15.21</ele>
   </trkpt>
   <trkpt lat="50.92824" lon="4.54999">
    <ele>15.02</ele>
   </trkpt>
   <trkpt lat="50.928720000000006" lon="4.54943">
    <ele>14.88</ele>
   </trkpt>
   <trkpt lat="50.92933000000001" lon="4.5486">
    <ele>15.06</ele>
   </trkpt>
   <trkpt lat="50.92971000000001" lon="4.548170000000001">
    <ele>15.590000000000002</ele>
   </trkpt>
   <trkpt lat="50.929790000000004" lon="4.548">
    <ele>15.590000000000002</ele>
   </trkpt>
   <trkpt lat="50.92992" lon="4.54751">
    <ele>16.0</ele>
   </trkpt>
   <trkpt lat="50.93018000000001" lon="4.54636">
    <ele>17.2</ele>
   </trkpt>
   <trkpt lat="50.93034" lon="4.54558">
    <ele>18.070000000000004</ele>
   </trkpt>
   <trkpt lat="50.93036000000001" lon="4.54502">
    <ele>18.39</ele>
   </trkpt>
   <trkpt lat="50.9303" lon="4.54426">
    <ele>19.26</ele>
   </trkpt>
   <trkpt lat="50.93032" lon="4.54373">
    <ele>20.21</ele>
   </trkpt>
   <trkpt lat="50.93038000000001" lon="4.54337">
    <ele>20.21</ele>
   </trkpt>
   <trkpt lat="50.930530000000005" lon="4.542730000000001">
    <ele>20.85</ele>
   </trkpt>
   <trkpt lat="50.93076000000001" lon="4.541860000000001">
    <ele>21.45</ele>
   </trkpt>
   <trkpt lat="50.93083000000001" lon="4.5415600000000005">
    <ele>21.52</ele>
   </trkpt>
   <trkpt lat="50.93086" lon="4.54129">
    <ele>21.51</ele>
   </trkpt>
   <trkpt lat="50.93085000000001" lon="4.5408100000000005">
    <ele>21.27</ele>
   </trkpt>
   <trkpt lat="50.930800000000005" lon="4.54013">
    <ele>20.580000000000002</ele>
   </trkpt>
   <trkpt lat="50.930890000000005" lon="4.53967">
    <ele>19.790000000000003</ele>
   </trkpt>
   <trkpt lat="50.93095" lon="4.539420000000001">
    <ele>19.470000000000002</ele>
   </trkpt>
   <trkpt lat="50.93126" lon="4.5385100000000005">
    <ele>17.720000000000002</ele>
   </trkpt>
   <trkpt lat="50.93157" lon="4.5377600000000005">
    <ele>17.11</ele>
   </trkpt>
   <trkpt lat="50.931810000000006" lon="4.53739">
    <ele>16.91</ele>
   </trkpt>
   <trkpt lat="50.93215000000001" lon="4.53697">
    <ele>16.830000000000002</ele>
   </trkpt>
   <trkpt lat="50.932500004839" lon="4.538034991972481">
    <ele>16.020000000000003</ele>
   </trkpt>
   <trkpt lat="50.93285" lon="4.5391">
    <ele>17.18</ele>
   </trkpt>
   <trkpt lat="50.933450000049916" lon="4.538865003104581">
    <ele>17.42</ele>
   </trkpt>
   <trkpt lat="50.934050000000006" lon="4.53863">
    <ele>16.810000000000002</ele>
   </trkpt>
   <trkpt lat="50.934560000000005" lon="4.538460000000001">
    <ele>16.009999999999998</ele>
   </trkpt>
   <trkpt lat="50.93491" lon="4.53843">
    <ele>15.590000000000002</ele>
   </trkpt>
   <trkpt lat="50.93524000000001" lon="4.538460000000001">
    <ele>15.39</ele>
   </trkpt>
   <trkpt lat="50.93582000000001" lon="4.53845">
    <ele>15.18</ele>
   </trkpt>
   <trkpt lat="50.93625" lon="4.538340000000001">
    <ele>15.31</ele>
   </trkpt>
   <trkpt lat="50.93701000042101" lon="4.538000005589277">
    <ele>15.13</ele>
   </trkpt>
   <trkpt lat="50.93777000000001" lon="4.537660000000001">
    <ele>15.260000000000002</ele>
   </trkpt>
   <trkpt lat="50.938410000000005" lon="4.53728">
    <ele>15.4</ele>
   </trkpt>
   <trkpt lat="50.939150000000005" lon="4.536720000000001">
    <ele>15.160000000000002</ele>
   </trkpt>
   <trkpt lat="50.93972" lon="4.53622">
    <ele>14.900000000000002</ele>
   </trkpt>
   <trkpt lat="50.940180000000005" lon="4.53573">
    <ele>14.450000000000001</ele>
   </trkpt>
   <trkpt lat="50.940683336343" lon="4.535133346287904">
    <ele>13.65</ele>
   </trkpt>
   <trkpt lat="50.94118666964584" lon="4.5345366796575775">
    <ele>13.27</ele>
   </trkpt>
   <trkpt lat="50.94169" lon="4.53394">
    <ele>13.31</ele>
   </trkpt>
   <trkpt lat="50.9421" lon="4.5335600000000005">
    <ele>13.49</ele>
   </trkpt>
   <trkpt lat="50.94211000000001" lon="4.5334900000000005">
    <ele>13.500000000000002</ele>
   </trkpt>
   <trkpt lat="50.942130000000006" lon="4.53333">
    <ele>13.500000000000002</ele>
   </trkpt>
   <trkpt lat="50.94210500489251" lon="4.532259999596443">
    <ele>13.38</ele>
   </trkpt>
   <trkpt lat="50.942080000000004" lon="4.5311900000000005">
    <ele>13.340000000000002</ele>
   </trkpt>
   <trkpt lat="50.9421" lon="4.53045">
    <ele>13.200000000000001</ele>
   </trkpt>
   <trkpt lat="50.942240000000005" lon="4.52907">
    <ele>13.0</ele>
   </trkpt>
   <trkpt lat="50.94241" lon="4.52824">
    <ele>12.700000000000001</ele>
   </trkpt>
   <trkpt lat="50.94268" lon="4.5273200000000005">
    <ele>12.47</ele>
   </trkpt>
   <trkpt lat="50.943005003030635" lon="4.526485005699254">
    <ele>12.3</ele>
   </trkpt>
   <trkpt lat="50.94333" lon="4.525650000000001">
    <ele>12.07</ele>
   </trkpt>
   <trkpt lat="50.943470000000005" lon="4.52501">
    <ele>12.010000000000002</ele>
   </trkpt>
   <trkpt lat="50.94350000000001" lon="4.52421">
    <ele>11.81</ele>
   </trkpt>
   <trkpt lat="50.943410003597506" lon="4.523289998051193">
    <ele>11.66</ele>
   </trkpt>
   <trkpt lat="50.94332000000001" lon="4.5223700000000004">
    <ele>11.600000000000001</ele>
   </trkpt>
   <trkpt lat="50.94332000000001" lon="4.5217">
    <ele>11.47</ele>
   </trkpt>
   <trkpt lat="50.943446674316625" lon="4.520753338513962">
    <ele>11.240000000000002</ele>
   </trkpt>
   <trkpt lat="50.94357334098036" lon="4.519806671869309">
    <ele>11.080000000000002</ele>
   </trkpt>
   <trkpt lat="50.94370000000001" lon="4.51886">
    <ele>11.170000000000002</ele>
   </trkpt>
   <trkpt lat="50.943753341586785" lon="4.517876668992238">
    <ele>15.73</ele>
   </trkpt>
   <trkpt lat="50.943806674916374" lon="4.516893335728162">
    <ele>10.32</ele>
   </trkpt>
   <trkpt lat="50.94386" lon="4.515910000000001">
    <ele>10.32</ele>
   </trkpt>
   <trkpt lat="50.943870000000004" lon="4.51592">
    <ele>10.32</ele>
   </trkpt>
   <trkpt lat="50.94386" lon="4.515370000000001">
    <ele>11.49</ele>
   </trkpt>
   <trkpt lat="50.943810000000006" lon="4.51496">
    <ele>11.420000000000002</ele>
   </trkpt>
   <trkpt lat="50.9435200116971" lon="4.513789985433091">
    <ele>11.45</ele>
   </trkpt>
   <trkpt lat="50.94323001170429" lon="4.512619985462414">
    <ele>11.66</ele>
   </trkpt>
   <trkpt lat="50.94294000000001" lon="4.51145">
    <ele>11.750000000000002</ele>
   </trkpt>
   <trkpt lat="50.942870000000006" lon="4.511240000000001">
    <ele>11.850000000000001</ele>
   </trkpt>
   <trkpt lat="50.94240251042856" lon="4.510337472765891">
    <ele>11.780000000000001</ele>
   </trkpt>
   <trkpt lat="50.941935013901286" lon="4.509434963681787">
    <ele>11.7</ele>
   </trkpt>
   <trkpt lat="50.941467510418455" lon="4.508532472747292">
    <ele>11.72</ele>
   </trkpt>
   <trkpt lat="50.941" lon="4.507630000000001">
    <ele>11.860000000000001</ele>
   </trkpt>
   <trkpt lat="50.940780000000004" lon="4.50731">
    <ele>12.010000000000002</ele>
   </trkpt>
   <trkpt lat="50.94066" lon="4.5072">
    <ele>11.240000000000002</ele>
   </trkpt>
   <trkpt lat="50.940760000000004" lon="4.50699">
    <ele>11.160000000000002</ele>
   </trkpt>
   <trkpt lat="50.941790000000005" lon="4.5061100000000005">
    <ele>11.930000000000001</ele>
   </trkpt>
   <trkpt lat="50.94233666846233" lon="4.505646677594405">
    <ele>11.61</ele>
   </trkpt>
   <trkpt lat="50.94288333509143" lon="4.505183344293078">
    <ele>11.580000000000002</ele>
   </trkpt>
   <trkpt lat="50.943430000000006" lon="4.504720000000001">
    <ele>11.670000000000002</ele>
   </trkpt>
   <trkpt lat="50.944095001394956" lon="4.504145008239366">
    <ele>11.520000000000001</ele>
   </trkpt>
   <trkpt lat="50.94476" lon="4.503570000000001">
    <ele>11.36</ele>
   </trkpt>
   <trkpt lat="50.94511000000001" lon="4.503310000000001">
    <ele>11.250000000000002</ele>
   </trkpt>
   <trkpt lat="50.945370000000004" lon="4.50319">
    <ele>11.21</ele>
   </trkpt>
   <trkpt lat="50.9455" lon="4.50318">
    <ele>11.09</ele>
   </trkpt>
   <trkpt lat="50.94600999990432" lon="4.503299998646512">
    <ele>10.900000000000002</ele>
   </trkpt>
   <trkpt lat="50.94652000000001" lon="4.50342">
    <ele>10.83</ele>
   </trkpt>
   <trkpt lat="50.94688000000001" lon="4.50337">
    <ele>10.63</ele>
   </trkpt>
   <trkpt lat="50.94711" lon="4.50328">
    <ele>10.63</ele>
   </trkpt>
   <trkpt lat="50.94791000000001" lon="4.502820000000001">
    <ele>10.41</ele>
   </trkpt>
   <trkpt lat="50.948040000000006" lon="4.502800000000001">
    <ele>10.41</ele>
   </trkpt>
   <trkpt lat="50.948936666667215" lon="4.502809999614182">
    <ele>10.67</ele>
   </trkpt>
   <trkpt lat="50.94983333333356" lon="4.502819999614168">
    <ele>10.25</ele>
   </trkpt>
   <trkpt lat="50.95073000000001" lon="4.50283">
    <ele>9.860000000000001</ele>
   </trkpt>
   <trkpt lat="50.95083" lon="4.502820000000001">
    <ele>9.860000000000001</ele>
   </trkpt>
   <trkpt lat="50.95132" lon="4.50267">
    <ele>9.860000000000001</ele>
   </trkpt>
   <trkpt lat="50.951480000000004" lon="4.50255">
    <ele>9.81</ele>
   </trkpt>
   <trkpt lat="50.95158000000001" lon="4.502420000000001">
    <ele>9.81</ele>
   </trkpt>
   <trkpt lat="50.95206500176264" lon="4.50179000648584">
    <ele>9.770000000000001</ele>
   </trkpt>
   <trkpt lat="50.95255" lon="4.5011600000000005">
    <ele>9.600000000000001</ele>
   </trkpt>
   <trkpt lat="50.95270000000001" lon="4.50094">
    <ele>9.600000000000001</ele>
   </trkpt>
   <trkpt lat="50.952980000000004" lon="4.5004100000000005">
    <ele>9.53</ele>
   </trkpt>
   <trkpt lat="50.95306" lon="4.50023">
    <ele>9.56</ele>
   </trkpt>
   <trkpt lat="50.95318" lon="4.499820000000001">
    <ele>9.55</ele>
   </trkpt>
   <trkpt lat="50.95340000991438" lon="4.4987433434484">
    <ele>9.340000000000002</ele>
   </trkpt>
   <trkpt lat="50.95362000993046" lon="4.497666676703193">
    <ele>8.49</ele>
   </trkpt>
   <trkpt lat="50.95384000000001" lon="4.49659">
    <ele>9.47</ele>
   </trkpt>
   <trkpt lat="50.95468600102231" lon="4.496835982083419">
    <ele>9.47</ele>
   </trkpt>
   <trkpt lat="50.95553200152794" lon="4.49708197312292">
    <ele>9.47</ele>
   </trkpt>
   <trkpt lat="50.956378001516846" lon="4.497327973119095">
    <ele>8.38</ele>
   </trkpt>
   <trkpt lat="50.957224000989015" lon="4.4975739820725344">
    <ele>8.38</ele>
   </trkpt>
   <trkpt lat="50.958070000000006" lon="4.49782">
    <ele>8.38</ele>
   </trkpt>
   <trkpt lat="50.958130000000004" lon="4.49777">
    <ele>8.38</ele>
   </trkpt>
   <trkpt lat="50.95828" lon="4.4977800000000006">
    <ele>8.34</ele>
   </trkpt>
   <trkpt lat="50.958470000000005" lon="4.49774">
    <ele>8.370000000000001</ele>
   </trkpt>
   <trkpt lat="50.959340000000005" lon="4.497470000000001">
    <ele>9.75</ele>
   </trkpt>
   <trkpt lat="50.959900000000005" lon="4.497190000000001">
    <ele>10.24</ele>
   </trkpt>
   <trkpt lat="50.96009" lon="4.49709">
    <ele>10.190000000000001</ele>
   </trkpt>
   <trkpt lat="50.96049000000001" lon="4.4966800000000005">
    <ele>9.840000000000002</ele>
   </trkpt>
   <trkpt lat="50.961020000000005" lon="4.49629">
    <ele>9.32</ele>
   </trkpt>
   <trkpt lat="50.961400000000005" lon="4.496090000000001">
    <ele>8.72</ele>
   </trkpt>
   <trkpt lat="50.96197" lon="4.49577">
    <ele>8.09</ele>
   </trkpt>
   <trkpt lat="50.962140000000005" lon="4.4951300000000005">
    <ele>7.670000000000001</ele>
   </trkpt>
   <trkpt lat="50.96228000000001" lon="4.494560000000001">
    <ele>7.04</ele>
   </trkpt>
   <trkpt lat="50.962390000000006" lon="4.4942400000000005">
    <ele>6.970000000000001</ele>
   </trkpt>
   <trkpt lat="50.96270000178219" lon="4.4935900043823045">
    <ele>7.130000000000001</ele>
   </trkpt>
   <trkpt lat="50.963010000000004" lon="4.49294">
    <ele>8.75</ele>
   </trkpt>
   <trkpt lat="50.963240000000006" lon="4.4925500000000005">
    <ele>10.93</ele>
   </trkpt>
   <trkpt lat="50.96366333941551" lon="4.491706682016773">
    <ele>13.65</ele>
   </trkpt>
   <trkpt lat="50.96408667275863" lon="4.490863348664177">
    <ele>15.67</ele>
   </trkpt>
   <trkpt lat="50.964510000000004" lon="4.49002">
    <ele>14.0</ele>
   </trkpt>
   <trkpt lat="50.96480500166015" lon="4.489420003559373">
    <ele>12.190000000000001</ele>
   </trkpt>
   <trkpt lat="50.96510000000001" lon="4.4888200000000005">
    <ele>10.55</ele>
   </trkpt>
   <trkpt lat="50.96526" lon="4.48843">
    <ele>9.520000000000001</ele>
   </trkpt>
   <trkpt lat="50.965340000000005" lon="4.488020000000001">
    <ele>9.080000000000002</ele>
   </trkpt>
   <trkpt lat="50.96535" lon="4.4877">
    <ele>9.24</ele>
   </trkpt>
   <trkpt lat="50.96548000000001" lon="4.487690000000001">
    <ele>9.760000000000002</ele>
   </trkpt>
   <trkpt lat="50.965500000000006" lon="4.48777">
    <ele>9.71</ele>
   </trkpt>
   <trkpt lat="50.965540000000004" lon="4.4878">
    <ele>9.65</ele>
   </trkpt>
   <trkpt lat="50.965610000000005" lon="4.4878">
    <ele>9.56</ele>
   </trkpt>
   <trkpt lat="50.96564000000001" lon="4.48775">
    <ele>9.56</ele>
   </trkpt>
   <trkpt lat="50.965720000000005" lon="4.48768">
    <ele>9.01</ele>
   </trkpt>
   <trkpt lat="50.96616" lon="4.486820000000001">
    <ele>7.55</ele>
   </trkpt>
   <trkpt lat="50.96668835700928" lon="4.48576672658093">
    <ele>5.83</ele>
   </trkpt>
   <trkpt lat="50.967216704546345" lon="4.484713429201597">
    <ele>5.83</ele>
   </trkpt>
   <trkpt lat="50.96774504261084" lon="4.483660107861433">
    <ele>6.2700000000000005</ele>
   </trkpt>
   <trkpt lat="50.968273371202315" lon="4.482606762559872">
    <ele>6.2700000000000005</ele>
   </trkpt>
   <trkpt lat="50.96880169032042" lon="4.481553393296346">
    <ele>6.2700000000000005</ele>
   </trkpt>
   <trkpt lat="50.96933000000001" lon="4.4805">
    <ele>6.2700000000000005</ele>
   </trkpt>
   <trkpt lat="50.96945" lon="4.4802100000000005">
    <ele>9.18</ele>
   </trkpt>
   <trkpt lat="50.96958000000001" lon="4.4796700000000005">
    <ele>8.85</ele>
   </trkpt>
   <trkpt lat="50.969660000000005" lon="4.47881">
    <ele>8.17</ele>
   </trkpt>
   <trkpt lat="50.96963" lon="4.47869">
    <ele>8.17</ele>
   </trkpt>
   <trkpt lat="50.96967500221851" lon="4.477970000609801">
    <ele>7.74</ele>
   </trkpt>
   <trkpt lat="50.96972" lon="4.477250000000001">
    <ele>7.88</ele>
   </trkpt>
   <trkpt lat="50.969800000000006" lon="4.47682">
    <ele>8.290000000000001</ele>
   </trkpt>
   <trkpt lat="50.96987000000001" lon="4.47661">
    <ele>8.290000000000001</ele>
   </trkpt>
   <trkpt lat="50.97003" lon="4.47632">
    <ele>8.440000000000001</ele>
   </trkpt>
   <trkpt lat="50.97063000000001" lon="4.4756100000000005">
    <ele>9.14</ele>
   </trkpt>
   <trkpt lat="50.970870000000005" lon="4.475370000000001">
    <ele>8.9</ele>
   </trkpt>
   <trkpt lat="50.97110000000001" lon="4.475160000000001">
    <ele>8.71</ele>
   </trkpt>
   <trkpt lat="50.97131" lon="4.475040000000001">
    <ele>8.71</ele>
   </trkpt>
   <trkpt lat="50.97153" lon="4.474950000000001">
    <ele>8.64</ele>
   </trkpt>
   <trkpt lat="50.97189" lon="4.47489">
    <ele>8.6</ele>
   </trkpt>
   <trkpt lat="50.97231000000001" lon="4.4748600000000005">
    <ele>8.64</ele>
   </trkpt>
   <trkpt lat="50.97247" lon="4.474740000000001">
    <ele>8.75</ele>
   </trkpt>
   <trkpt lat="50.972620000000006" lon="4.47454">
    <ele>8.93</ele>
   </trkpt>
   <trkpt lat="50.972820000000006" lon="4.47426">
    <ele>9.14</ele>
   </trkpt>
   <trkpt lat="50.972950000000004" lon="4.47414">
    <ele>9.05</ele>
   </trkpt>
   <trkpt lat="50.97308" lon="4.473820000000001">
    <ele>9.0</ele>
   </trkpt>
   <trkpt lat="50.973130000000005" lon="4.47363">
    <ele>8.9</ele>
   </trkpt>
   <trkpt lat="50.97323" lon="4.47276">
    <ele>8.64</ele>
   </trkpt>
   <trkpt lat="50.9733" lon="4.47206">
    <ele>8.39</ele>
   </trkpt>
   <trkpt lat="50.973380000000006" lon="4.47144">
    <ele>8.350000000000001</ele>
   </trkpt>
   <trkpt lat="50.973490000000005" lon="4.47097">
    <ele>8.39</ele>
   </trkpt>
   <trkpt lat="50.97377333937799" lon="4.47012667703845">
    <ele>8.63</ele>
   </trkpt>
   <trkpt lat="50.97405667268402" lon="4.469283343786539">
    <ele>8.910000000000002</ele>
   </trkpt>
   <trkpt lat="50.974340000000005" lon="4.46844">
    <ele>8.8</ele>
   </trkpt>
   <trkpt lat="50.97469" lon="4.46717">
    <ele>8.51</ele>
   </trkpt>
   <trkpt lat="50.97462" lon="4.46743">
    <ele>8.58</ele>
   </trkpt>
   <trkpt lat="50.97515000036629" lon="4.4676949970088256">
    <ele>8.59</ele>
   </trkpt>
   <trkpt lat="50.975680000000004" lon="4.467960000000001">
    <ele>8.56</ele>
   </trkpt>
   <trkpt lat="50.97592" lon="4.468120000000001">
    <ele>8.540000000000001</ele>
   </trkpt>
   <trkpt lat="50.97625000000001" lon="4.46837">
    <ele>8.43</ele>
   </trkpt>
   <trkpt lat="50.97643000000001" lon="4.4685500000000005">
    <ele>8.440000000000001</ele>
   </trkpt>
   <trkpt lat="50.97696333700854" lon="4.4692033183636575">
    <ele>8.190000000000001</ele>
   </trkpt>
   <trkpt lat="50.97749667037304" lon="4.469856651734915">
    <ele>8.15</ele>
   </trkpt>
   <trkpt lat="50.978030000000004" lon="4.47051">
    <ele>8.17</ele>
   </trkpt>
   <trkpt lat="50.978190000000005" lon="4.47067">
    <ele>8.26</ele>
   </trkpt>
   <trkpt lat="50.97867" lon="4.471010000000001">
    <ele>8.26</ele>
   </trkpt>
   <trkpt lat="50.97883" lon="4.47109">
    <ele>8.26</ele>
   </trkpt>
   <trkpt lat="50.97899" lon="4.47112">
    <ele>8.26</ele>
   </trkpt>
   <trkpt lat="50.97908" lon="4.471100000000001">
    <ele>8.24</ele>
   </trkpt>
   <trkpt lat="50.97955500009669" lon="4.470905002021839">
    <ele>7.74</ele>
   </trkpt>
   <trkpt lat="50.980030000000006" lon="4.47071">
    <ele>7.4</ele>
   </trkpt>
   <trkpt lat="50.980250000000005" lon="4.47071">
    <ele>7.33</ele>
   </trkpt>
   <trkpt lat="50.980290000000004" lon="4.4707300000000005">
    <ele>7.33</ele>
   </trkpt>
   <trkpt lat="50.98037" lon="4.47084">
    <ele>7.33</ele>
   </trkpt>
   <trkpt lat="50.9806" lon="4.4705">
    <ele>7.220000000000001</ele>
   </trkpt>
   <trkpt lat="50.98073" lon="4.47036">
    <ele>7.17</ele>
   </trkpt>
   <trkpt lat="50.98127" lon="4.46959">
    <ele>7.21</ele>
   </trkpt>
   <trkpt lat="50.98133000000001" lon="4.469460000000001">
    <ele>7.320000000000001</ele>
   </trkpt>
   <trkpt lat="50.98181" lon="4.468800000000001">
    <ele>8.39</ele>
   </trkpt>
   <trkpt lat="50.98207000000001" lon="4.4684800000000005">
    <ele>8.360000000000001</ele>
   </trkpt>
   <trkpt lat="50.98257" lon="4.46774">
    <ele>8.950000000000001</ele>
   </trkpt>
   <trkpt lat="50.98305000182893" lon="4.467090006685967">
    <ele>9.35</ele>
   </trkpt>
   <trkpt lat="50.98353" lon="4.46644">
    <ele>9.600000000000001</ele>
   </trkpt>
   <trkpt lat="50.9836" lon="4.46631">
    <ele>9.770000000000001</ele>
   </trkpt>
   <trkpt lat="50.98406000000001" lon="4.4657">
    <ele>9.940000000000001</ele>
   </trkpt>
   <trkpt lat="50.98418" lon="4.465590000000001">
    <ele>9.9</ele>
   </trkpt>
   <trkpt lat="50.98480000000001" lon="4.4652">
    <ele>10.08</ele>
   </trkpt>
   <trkpt lat="50.98492" lon="4.46511">
    <ele>10.08</ele>
   </trkpt>
   <trkpt lat="50.985110000000006" lon="4.46488">
    <ele>10.21</ele>
   </trkpt>
   <trkpt lat="50.985400000000006" lon="4.46443">
    <ele>10.200000000000001</ele>
   </trkpt>
   <trkpt lat="50.985490000000006" lon="4.464250000000001">
    <ele>10.31</ele>
   </trkpt>
   <trkpt lat="50.985620000000004" lon="4.4638100000000005">
    <ele>10.41</ele>
   </trkpt>
   <trkpt lat="50.98568" lon="4.463100000000001">
    <ele>10.650000000000002</ele>
   </trkpt>
   <trkpt lat="50.98577" lon="4.4626">
    <ele>10.730000000000002</ele>
   </trkpt>
   <trkpt lat="50.985820000000004" lon="4.46246">
    <ele>10.730000000000002</ele>
   </trkpt>
   <trkpt lat="50.98628000492896" lon="4.461385010661464">
    <ele>11.32</ele>
   </trkpt>
   <trkpt lat="50.986740000000005" lon="4.460310000000001">
    <ele>11.200000000000001</ele>
   </trkpt>
   <trkpt lat="50.98718" lon="4.4592">
    <ele>11.56</ele>
   </trkpt>
   <trkpt lat="50.987570000000005" lon="4.458410000000001">
    <ele>11.57</ele>
   </trkpt>
   <trkpt lat="50.98794" lon="4.45777">
    <ele>11.73</ele>
   </trkpt>
   <trkpt lat="50.98845000000001" lon="4.457140000000001">
    <ele>11.4</ele>
   </trkpt>
   <trkpt lat="50.98863000000001" lon="4.45681">
    <ele>11.13</ele>
   </trkpt>
   <trkpt lat="50.98877" lon="4.456440000000001">
    <ele>10.85</ele>
   </trkpt>
   <trkpt lat="50.98897" lon="4.45605">
    <ele>10.09</ele>
   </trkpt>
   <trkpt lat="50.98946" lon="4.45535">
    <ele>9.3</ele>
   </trkpt>
   <trkpt lat="50.98991" lon="4.45485">
    <ele>7.95</ele>
   </trkpt>
   <trkpt lat="50.99027" lon="4.454540000000001">
    <ele>7.74</ele>
   </trkpt>
   <trkpt lat="50.99077000091114" lon="4.454090004805692">
    <ele>7.65</ele>
   </trkpt>
   <trkpt lat="50.99127000000001" lon="4.45364">
    <ele>7.91</ele>
   </trkpt>
   <trkpt lat="50.99161" lon="4.45329">
    <ele>8.350000000000001</ele>
   </trkpt>
   <trkpt lat="50.992100003073396" lon="4.45269001266928">
    <ele>8.620000000000001</ele>
   </trkpt>
   <trkpt lat="50.99259000307375" lon="4.45209001266905">
    <ele>9.88</ele>
   </trkpt>
   <trkpt lat="50.993080000000006" lon="4.451490000000001">
    <ele>10.440000000000001</ele>
   </trkpt>
   <trkpt lat="50.99353000000001" lon="4.45096">
    <ele>10.650000000000002</ele>
   </trkpt>
   <trkpt lat="50.99353000000001" lon="4.450970000000001">
    <ele>9.66</ele>
   </trkpt>
   <trkpt lat="50.99424750713547" lon="4.450222534691607">
    <ele>9.66</ele>
   </trkpt>
   <trkpt lat="50.994965009501506" lon="4.449475046269402">
    <ele>10.77</ele>
   </trkpt>
   <trkpt lat="50.99568250709785" lon="4.448727534732234">
    <ele>10.77</ele>
   </trkpt>
   <trkpt lat="50.9964" lon="4.44798">
    <ele>10.77</ele>
   </trkpt>
   <trkpt lat="50.99665" lon="4.44772">
    <ele>8.07</ele>
   </trkpt>
   <trkpt lat="50.99692" lon="4.44749">
    <ele>8.24</ele>
   </trkpt>
   <trkpt lat="50.99729000000001" lon="4.4472700000000005">
    <ele>8.450000000000001</ele>
   </trkpt>
   <trkpt lat="50.99772" lon="4.447100000000001">
    <ele>8.59</ele>
   </trkpt>
   <trkpt lat="50.99822" lon="4.446940000000001">
    <ele>8.71</ele>
   </trkpt>
   <trkpt lat="50.99851" lon="4.446770000000001">
    <ele>8.690000000000001</ele>
   </trkpt>
   <trkpt lat="50.99907" lon="4.44634">
    <ele>8.270000000000001</ele>
   </trkpt>
   <trkpt lat="50.99956" lon="4.446020000000001">
    <ele>7.55</ele>
   </trkpt>
   <trkpt lat="50.999930000000006" lon="4.445880000000001">
    <ele>7.260000000000001</ele>
   </trkpt>
   <trkpt lat="51.00045" lon="4.445740000000001">
    <ele>6.880000000000001</ele>
   </trkpt>
   <trkpt lat="51.000980000000006" lon="4.44557">
    <ele>6.48</ele>
   </trkpt>
   <trkpt lat="51.001340000000006" lon="4.44535">
    <ele>6.5600000000000005</ele>
   </trkpt>
   <trkpt lat="51.00155" lon="4.445110000000001">
    <ele>6.640000000000001</ele>
   </trkpt>
   <trkpt lat="51.00207" lon="4.4443600000000005">
    <ele>7.42</ele>
   </trkpt>
   <trkpt lat="51.00262333989513" lon="4.443480021068585">
    <ele>8.08</ele>
   </trkpt>
   <trkpt lat="51.0031766731803" lon="4.442600021145563">
    <ele>9.05</ele>
   </trkpt>
   <trkpt lat="51.003730000000004" lon="4.44172">
    <ele>9.4</ele>
   </trkpt>
   <trkpt lat="51.00401" lon="4.441350000000001">
    <ele>9.590000000000002</ele>
   </trkpt>
   <trkpt lat="51.00433" lon="4.44101">
    <ele>9.590000000000002</ele>
   </trkpt>
   <trkpt lat="51.004670000000004" lon="4.440860000000001">
    <ele>9.420000000000002</ele>
   </trkpt>
   <trkpt lat="51.00489" lon="4.440790000000001">
    <ele>8.820000000000002</ele>
   </trkpt>
   <trkpt lat="51.00535500014974" lon="4.440625001642068">
    <ele>7.88</ele>
   </trkpt>
   <trkpt lat="51.00582000000001" lon="4.440460000000001">
    <ele>7.16</ele>
   </trkpt>
   <trkpt lat="51.0061" lon="4.44031">
    <ele>7.07</ele>
   </trkpt>
   <trkpt lat="51.00636" lon="4.44015">
    <ele>6.7700000000000005</ele>
   </trkpt>
   <trkpt lat="51.00665000000001" lon="4.439900000000001">
    <ele>6.760000000000001</ele>
   </trkpt>
   <trkpt lat="51.007270000000005" lon="4.4393">
    <ele>7.010000000000001</ele>
   </trkpt>
   <trkpt lat="51.00750000000001" lon="4.43911">
    <ele>7.57</ele>
   </trkpt>
   <trkpt lat="51.007650000000005" lon="4.439030000000001">
    <ele>7.760000000000001</ele>
   </trkpt>
   <trkpt lat="51.007960000000004" lon="4.43899">
    <ele>8.06</ele>
   </trkpt>
   <trkpt lat="51.008160000000004" lon="4.43902">
    <ele>8.350000000000001</ele>
   </trkpt>
   <trkpt lat="51.00826000000001" lon="4.4390600000000004">
    <ele>8.350000000000001</ele>
   </trkpt>
   <trkpt lat="51.00844000000001" lon="4.43921">
    <ele>8.59</ele>
   </trkpt>
   <trkpt lat="51.00911000000001" lon="4.439970000000001">
    <ele>10.08</ele>
   </trkpt>
   <trkpt lat="51.00947000000001" lon="4.44029">
    <ele>10.25</ele>
   </trkpt>
   <trkpt lat="51.00987000000001" lon="4.440510000000001">
    <ele>10.270000000000001</ele>
   </trkpt>
   <trkpt lat="51.01026" lon="4.44061">
    <ele>10.43</ele>
   </trkpt>
   <trkpt lat="51.01089" lon="4.440650000000001">
    <ele>10.120000000000001</ele>
   </trkpt>
   <trkpt lat="51.01149" lon="4.440670000000001">
    <ele>9.670000000000002</ele>
   </trkpt>
   <trkpt lat="51.01232" lon="4.44082">
    <ele>8.71</ele>
   </trkpt>
   <trkpt lat="51.012750000000004" lon="4.44092">
    <ele>8.190000000000001</ele>
   </trkpt>
   <trkpt lat="51.01277" lon="4.43813">
    <ele>8.3</ele>
   </trkpt>
   <trkpt lat="51.012766675201796" lon="4.437129999851968">
    <ele>8.020000000000001</ele>
   </trkpt>
   <trkpt lat="51.01276334186846" lon="4.4361299998475054">
    <ele>7.73</ele>
   </trkpt>
   <trkpt lat="51.01276000000001" lon="4.43513">
    <ele>7.57</ele>
   </trkpt>
   <trkpt lat="51.012730000000005" lon="4.43461">
    <ele>7.470000000000001</ele>
   </trkpt>
   <trkpt lat="51.012530000000005" lon="4.43327">
    <ele>7.51</ele>
   </trkpt>
   <trkpt lat="51.012420000000006" lon="4.43282">
    <ele>7.51</ele>
   </trkpt>
   <trkpt lat="51.01227" lon="4.43243">
    <ele>7.6000000000000005</ele>
   </trkpt>
   <trkpt lat="51.012190000000004" lon="4.43227">
    <ele>7.6000000000000005</ele>
   </trkpt>
   <trkpt lat="51.012010000000004" lon="4.43198">
    <ele>7.65</ele>
   </trkpt>
   <trkpt lat="51.011430000000004" lon="4.431150000000001">
    <ele>7.65</ele>
   </trkpt>
   <trkpt lat="51.01115" lon="4.43078">
    <ele>7.750000000000001</ele>
   </trkpt>
   <trkpt lat="51.010830000000006" lon="4.43024">
    <ele>7.750000000000001</ele>
   </trkpt>
   <trkpt lat="51.01070000000001" lon="4.42996">
    <ele>7.790000000000001</ele>
   </trkpt>
   <trkpt lat="51.010490000000004" lon="4.42931">
    <ele>7.74</ele>
   </trkpt>
   <trkpt lat="51.01024001357556" lon="4.428049986542109">
    <ele>7.8100000000000005</ele>
   </trkpt>
   <trkpt lat="51.00999001360035" lon="4.426789986667288">
    <ele>8.200000000000001</ele>
   </trkpt>
   <trkpt lat="51.00974" lon="4.42553">
    <ele>8.190000000000001</ele>
   </trkpt>
   <trkpt lat="51.009600000000006" lon="4.424980000000001">
    <ele>8.38</ele>
   </trkpt>
   <trkpt lat="51.00948" lon="4.42461">
    <ele>8.350000000000001</ele>
   </trkpt>
   <trkpt lat="51.00903500345491" lon="4.423714991486354">
    <ele>8.530000000000001</ele>
   </trkpt>
   <trkpt lat="51.008590000000005" lon="4.422820000000001">
    <ele>8.5</ele>
   </trkpt>
   <trkpt lat="51.00838" lon="4.4222600000000005">
    <ele>8.56</ele>
   </trkpt>
   <trkpt lat="51.008175003473546" lon="4.421364996284519">
    <ele>8.650000000000002</ele>
   </trkpt>
   <trkpt lat="51.00797000000001" lon="4.420470000000001">
    <ele>8.58</ele>
   </trkpt>
   <trkpt lat="51.007920000000006" lon="4.42018">
    <ele>8.58</ele>
   </trkpt>
   <trkpt lat="51.00786" lon="4.41964">
    <ele>8.51</ele>
   </trkpt>
   <trkpt lat="51.007850000000005" lon="4.4190000000000005">
    <ele>8.610000000000001</ele>
   </trkpt>
   <trkpt lat="51.007870007103094" lon="4.417710000480788">
    <ele>8.72</ele>
   </trkpt>
   <trkpt lat="51.00789" lon="4.4164200000000005">
    <ele>8.76</ele>
   </trkpt>
   <trkpt lat="51.007870000000004" lon="4.41612">
    <ele>8.76</ele>
   </trkpt>
   <trkpt lat="51.00779000000001" lon="4.41554">
    <ele>8.820000000000002</ele>
   </trkpt>
   <trkpt lat="51.00777" lon="4.415150000000001">
    <ele>8.820000000000002</ele>
   </trkpt>
   <trkpt lat="51.007810000000006" lon="4.414700000000001">
    <ele>8.72</ele>
   </trkpt>
   <trkpt lat="51.008017187374676" lon="4.41338146391515">
    <ele>8.43</ele>
   </trkpt>
   <trkpt lat="51.008224359910045" lon="4.412062916051417">
    <ele>8.17</ele>
   </trkpt>
   <trkpt lat="51.00843151760584" lon="4.410744356409451">
    <ele>8.15</ele>
   </trkpt>
   <trkpt lat="51.00863866046186" lon="4.409425784989905">
    <ele>7.9</ele>
   </trkpt>
   <trkpt lat="51.008845788477814" lon="4.408107201793431">
    <ele>7.96</ele>
   </trkpt>
   <trkpt lat="51.009052901653504" lon="4.40678860682068">
    <ele>8.030000000000001</ele>
   </trkpt>
   <trkpt lat="51.009260000000005" lon="4.40547">
    <ele>8.370000000000001</ele>
   </trkpt>
   <trkpt lat="51.00932" lon="4.40507">
    <ele>8.46</ele>
   </trkpt>
   <trkpt lat="51.009350000000005" lon="4.4047">
    <ele>8.55</ele>
   </trkpt>
   <trkpt lat="51.00936" lon="4.40408">
    <ele>8.57</ele>
   </trkpt>
   <trkpt lat="51.009330003072314" lon="4.403229999136281">
    <ele>8.08</ele>
   </trkpt>
   <trkpt lat="51.0093" lon="4.40238">
    <ele>7.92</ele>
   </trkpt>
   <trkpt lat="51.00919334688619" lon="4.401119994229456">
    <ele>7.83</ele>
   </trkpt>
   <trkpt lat="51.00908668022158" lon="4.39985999425391">
    <ele>7.710000000000001</ele>
   </trkpt>
   <trkpt lat="51.00898" lon="4.3986">
    <ele>7.620000000000001</ele>
   </trkpt>
   <trkpt lat="51.008990000000004" lon="4.398020000000001">
    <ele>7.55</ele>
   </trkpt>
   <trkpt lat="51.009060000000005" lon="4.39754">
    <ele>7.580000000000001</ele>
   </trkpt>
   <trkpt lat="51.00921" lon="4.396920000000001">
    <ele>7.670000000000001</ele>
   </trkpt>
   <trkpt lat="51.00939" lon="4.39632">
    <ele>7.710000000000001</ele>
   </trkpt>
   <trkpt lat="51.00958000000001" lon="4.3958200000000005">
    <ele>7.840000000000002</ele>
   </trkpt>
   <trkpt lat="51.010085003498034" lon="4.394910009973161">
    <ele>7.59</ele>
   </trkpt>
   <trkpt lat="51.01059000000001" lon="4.394">
    <ele>7.23</ele>
   </trkpt>
   <trkpt lat="51.01088000000001" lon="4.3933">
    <ele>7.1000000000000005</ele>
   </trkpt>
   <trkpt lat="51.01127500504998" lon="4.392215009169314">
    <ele>6.65</ele>
   </trkpt>
   <trkpt lat="51.01167" lon="4.39113">
    <ele>6.5600000000000005</ele>
   </trkpt>
   <trkpt lat="51.011770000000006" lon="4.39071">
    <ele>6.670000000000001</ele>
   </trkpt>
   <trkpt lat="51.0118" lon="4.39036">
    <ele>6.800000000000001</ele>
   </trkpt>
   <trkpt lat="51.01178" lon="4.3896500000000005">
    <ele>7.0</ele>
   </trkpt>
   <trkpt lat="51.011790000000005" lon="4.38956">
    <ele>7.090000000000001</ele>
   </trkpt>
   <trkpt lat="51.01185" lon="4.38945">
    <ele>7.090000000000001</ele>
   </trkpt>
   <trkpt lat="51.01193000000001" lon="4.3894">
    <ele>7.11</ele>
   </trkpt>
   <trkpt lat="51.012170000000005" lon="4.38936">
    <ele>7.34</ele>
   </trkpt>
   <trkpt lat="51.012220000000006" lon="4.38933">
    <ele>7.34</ele>
   </trkpt>
   <trkpt lat="51.01227" lon="4.3891800000000005">
    <ele>7.430000000000001</ele>
   </trkpt>
   <trkpt lat="51.01218" lon="4.388380000000001">
    <ele>6.85</ele>
   </trkpt>
   <trkpt lat="51.01211000000001" lon="4.3876100000000005">
    <ele>6.78</ele>
   </trkpt>
   <trkpt lat="51.01206001188457" lon="4.386429997459883">
    <ele>7.12</ele>
   </trkpt>
   <trkpt lat="51.012010011884726" lon="4.385249997463819">
    <ele>7.3100000000000005</ele>
   </trkpt>
   <trkpt lat="51.01196" lon="4.38407">
    <ele>7.51</ele>
   </trkpt>
   <trkpt lat="51.011950002566955" lon="4.383295000120805">
    <ele>7.87</ele>
   </trkpt>
   <trkpt lat="51.01194" lon="4.38252">
    <ele>8.030000000000001</ele>
   </trkpt>
   <trkpt lat="51.01189290641249" lon="4.3811328486871535">
    <ele>8.030000000000001</ele>
   </trkpt>
   <trkpt lat="51.011845796401694" lon="4.379745700191933">
    <ele>8.219999999999999</ele>
   </trkpt>
   <trkpt lat="51.01179866996768" lon="4.37835855451531">
    <ele>8.690000000000001</ele>
   </trkpt>
   <trkpt lat="51.01175152711048" lon="4.376971411658258">
    <ele>8.650000000000002</ele>
   </trkpt>
   <trkpt lat="51.01170436783018" lon="4.375584271621747">
    <ele>8.89</ele>
   </trkpt>
   <trkpt lat="51.01165719212682" lon="4.37419713440675">
    <ele>9.040000000000001</ele>
   </trkpt>
   <trkpt lat="51.011610000000005" lon="4.37281">
    <ele>9.65</ele>
   </trkpt>
   <trkpt lat="51.011556681387525" lon="4.37149666361983">
    <ele>9.65</ele>
   </trkpt>
   <trkpt lat="51.0115033480531" lon="4.370183330259831">
    <ele>9.370000000000001</ele>
   </trkpt>
   <trkpt lat="51.01145" lon="4.36887">
    <ele>9.370000000000001</ele>
   </trkpt>
   <trkpt lat="51.0113900094623" lon="4.367816663807445">
    <ele>10.72</ele>
   </trkpt>
   <trkpt lat="51.01133000945467" lon="4.366763330340089">
    <ele>13.74</ele>
   </trkpt>
   <trkpt lat="51.01127" lon="4.36571">
    <ele>15.030000000000001</ele>
   </trkpt>
   <trkpt lat="51.01121500635183" lon="4.364489998551222">
    <ele>14.990000000000002</ele>
   </trkpt>
   <trkpt lat="51.011160000000004" lon="4.36327">
    <ele>13.430000000000001</ele>
   </trkpt>
   <trkpt lat="51.01113000496928" lon="4.362189998996224">
    <ele>10.0</ele>
   </trkpt>
   <trkpt lat="51.011100000000006" lon="4.36111">
    <ele>9.160000000000002</ele>
   </trkpt>
   <trkpt lat="51.01115" lon="4.3605">
    <ele>9.11</ele>
   </trkpt>
   <trkpt lat="51.01111000291259" lon="4.35967499945206">
    <ele>9.200000000000001</ele>
   </trkpt>
   <trkpt lat="51.011070000000004" lon="4.35885">
    <ele>9.040000000000001</ele>
   </trkpt>
   <trkpt lat="51.01104" lon="4.35836">
    <ele>8.88</ele>
   </trkpt>
   <trkpt lat="51.0109833488857" lon="4.357009996626209">
    <ele>8.48</ele>
   </trkpt>
   <trkpt lat="51.01092668221587" lon="4.355659996550873">
    <ele>8.4</ele>
   </trkpt>
   <trkpt lat="51.010870000000004" lon="4.354310000000001">
    <ele>8.870000000000001</ele>
   </trkpt>
   <trkpt lat="51.01088000000001" lon="4.354310000000001">
    <ele>8.870000000000001</ele>
   </trkpt>
   <trkpt lat="51.01162" lon="4.35458">
    <ele>8.68</ele>
   </trkpt>
   <trkpt lat="51.01234" lon="4.35486">
    <ele>8.270000000000001</ele>
   </trkpt>
   <trkpt lat="51.012600000000006" lon="4.35499">
    <ele>8.219999999999999</ele>
   </trkpt>
   <trkpt lat="51.012950000000004" lon="4.355320000000001">
    <ele>8.59</ele>
   </trkpt>
   <trkpt lat="51.0131" lon="4.3554900000000005">
    <ele>8.610000000000001</ele>
   </trkpt>
   <trkpt lat="51.01312" lon="4.355630000000001">
    <ele>8.610000000000001</ele>
   </trkpt>
   <trkpt lat="51.01326" lon="4.3559">
    <ele>8.370000000000001</ele>
   </trkpt>
   <trkpt lat="51.01375500049911" lon="4.356229996500498">
    <ele>8.09</ele>
   </trkpt>
   <trkpt lat="51.014250000000004" lon="4.35656">
    <ele>8.049999999999999</ele>
   </trkpt>
   <trkpt lat="51.014590000000005" lon="4.35682">
    <ele>7.94</ele>
   </trkpt>
   <trkpt lat="51.01503500032143" lon="4.357114997135994">
    <ele>7.83</ele>
   </trkpt>
   <trkpt lat="51.015480000000004" lon="4.357410000000001">
    <ele>7.670000000000001</ele>
   </trkpt>
   <trkpt lat="51.015660000000004" lon="4.357480000000001">
    <ele>7.670000000000001</ele>
   </trkpt>
   <trkpt lat="51.01608" lon="4.3575">
    <ele>7.750000000000001</ele>
   </trkpt>
   <trkpt lat="51.01659499986964" lon="4.357325002032321">
    <ele>7.7700000000000005</ele>
   </trkpt>
   <trkpt lat="51.01711" lon="4.357150000000001">
    <ele>8.270000000000001</ele>
   </trkpt>
   <trkpt lat="51.017550002371024" lon="4.357904992730037">
    <ele>8.15</ele>
   </trkpt>
   <trkpt lat="51.017990000000005" lon="4.35866">
    <ele>8.34</ele>
   </trkpt>
   <trkpt lat="51.01847333731231" lon="4.359343319078064">
    <ele>7.9</ele>
   </trkpt>
   <trkpt lat="51.01895667063942" lon="4.360026652402395">
    <ele>7.640000000000001</ele>
   </trkpt>
   <trkpt lat="51.01944" lon="4.36071">
    <ele>8.8</ele>
   </trkpt>
   <trkpt lat="51.02008000034915" lon="4.360435003784692">
    <ele>8.57</ele>
   </trkpt>
   <trkpt lat="51.020720000000004" lon="4.3601600000000005">
    <ele>8.68</ele>
   </trkpt>
   <trkpt lat="51.02141" lon="4.35988">
    <ele>8.910000000000002</ele>
   </trkpt>
   <trkpt lat="51.02073000000001" lon="4.3601600000000005">
    <ele>8.71</ele>
   </trkpt>
   <trkpt lat="51.02008500031616" lon="4.360435003828504">
    <ele>8.57</ele>
   </trkpt>
   <trkpt lat="51.01944" lon="4.36071">
    <ele>8.8</ele>
   </trkpt>
   <trkpt lat="51.020085000253715" lon="4.360430003930357">
    <ele>8.68</ele>
   </trkpt>
   <trkpt lat="51.02073000000001" lon="4.36015">
    <ele>8.71</ele>
   </trkpt>
   <trkpt lat="51.021535001284626" lon="4.35983001667955">
    <ele>8.92</ele>
   </trkpt>
   <trkpt lat="51.02234000169537" lon="4.359510022246821">
    <ele>9.0</ele>
   </trkpt>
   <trkpt lat="51.02314500123218" lon="4.359190016701117">
    <ele>8.88</ele>
   </trkpt>
   <trkpt lat="51.023950000000006" lon="4.3588700000000005">
    <ele>8.93</ele>
   </trkpt>
   <trkpt lat="51.024" lon="4.358820000000001">
    <ele>8.93</ele>
   </trkpt>
   <trkpt lat="51.02459333388188" lon="4.358570006393314">
    <ele>9.080000000000002</ele>
   </trkpt>
   <trkpt lat="51.025186667230365" lon="4.358320006387027">
    <ele>8.950000000000001</ele>
   </trkpt>
   <trkpt lat="51.025780000000005" lon="4.3580700000000006">
    <ele>8.98</ele>
   </trkpt>
   <trkpt lat="51.026340000000005" lon="4.35782">
    <ele>8.88</ele>
   </trkpt>
   <trkpt lat="51.026390000000006" lon="4.3577200000000005">
    <ele>8.88</ele>
   </trkpt>
   <trkpt lat="51.02709500033758" lon="4.357455004016284">
    <ele>8.870000000000001</ele>
   </trkpt>
   <trkpt lat="51.027800000000006" lon="4.35719">
    <ele>8.83</ele>
   </trkpt>
   <trkpt lat="51.02834000031028" lon="4.356965002582071">
    <ele>8.870000000000001</ele>
   </trkpt>
   <trkpt lat="51.02888" lon="4.35674">
    <ele>8.77</ele>
   </trkpt>
   <trkpt lat="51.02931" lon="4.35653">
    <ele>8.700000000000001</ele>
   </trkpt>
   <trkpt lat="51.02985000005743" lon="4.356410001399016">
    <ele>8.58</ele>
   </trkpt>
   <trkpt lat="51.030390000000004" lon="4.35629">
    <ele>8.040000000000001</ele>
   </trkpt>
   <trkpt lat="51.03123" lon="4.35622">
    <ele>7.390000000000001</ele>
   </trkpt>
   <trkpt lat="51.03197" lon="4.3563">
    <ele>7.010000000000001</ele>
   </trkpt>
   <trkpt lat="51.032430000102735" lon="4.356439998616193">
    <ele>6.72</ele>
   </trkpt>
   <trkpt lat="51.03289" lon="4.35658">
    <ele>6.8100000000000005</ele>
   </trkpt>
   <trkpt lat="51.032880000000006" lon="4.35644">
    <ele>6.8100000000000005</ele>
   </trkpt>
   <trkpt lat="51.032740000000004" lon="4.356120000000001">
    <ele>6.38</ele>
   </trkpt>
   <trkpt lat="51.032430000000005" lon="4.3554200000000005">
    <ele>6.08</ele>
   </trkpt>
   <trkpt lat="51.032120000000006" lon="4.35479">
    <ele>6.08</ele>
   </trkpt>
   <trkpt lat="51.03182000205917" lon="4.354099995597056">
    <ele>6.0</ele>
   </trkpt>
   <trkpt lat="51.03152000000001" lon="4.35341">
    <ele>6.0</ele>
   </trkpt>
   <trkpt lat="51.031330000000004" lon="4.352880000000001">
    <ele>5.99</ele>
   </trkpt>
   <trkpt lat="51.03152000000001" lon="4.35341">
    <ele>5.99</ele>
   </trkpt>
   <trkpt lat="51.031820002062695" lon="4.354094995704027">
    <ele>6.0</ele>
   </trkpt>
   <trkpt lat="51.032120000000006" lon="4.354780000000001">
    <ele>6.03</ele>
   </trkpt>
   <trkpt lat="51.03182000194164" lon="4.354094995427616">
    <ele>6.0</ele>
   </trkpt>
   <trkpt lat="51.03152000000001" lon="4.35341">
    <ele>6.0</ele>
   </trkpt>
   <trkpt lat="51.031090000000006" lon="4.35221">
    <ele>5.95</ele>
   </trkpt>
   <trkpt lat="51.03075333898517" lon="4.351393321371845">
    <ele>6.050000000000001</ele>
   </trkpt>
   <trkpt lat="51.030416672278584" lon="4.350576654608462">
    <ele>6.0600000000000005</ele>
   </trkpt>
   <trkpt lat="51.030080000000005" lon="4.349760000000001">
    <ele>6.1000000000000005</ele>
   </trkpt>
   <trkpt lat="51.03" lon="4.34951">
    <ele>6.1000000000000005</ele>
   </trkpt>
   <trkpt lat="51.029850002442764" lon="4.348759997785429">
    <ele>5.99</ele>
   </trkpt>
   <trkpt lat="51.029700000000005" lon="4.34801">
    <ele>5.94</ele>
   </trkpt>
   <trkpt lat="51.02927000631863" lon="4.346794988782965">
    <ele>6.08</ele>
   </trkpt>
   <trkpt lat="51.02884" lon="4.34558">
    <ele>6.220000000000001</ele>
   </trkpt>
   <trkpt lat="51.028850000000006" lon="4.34558">
    <ele>5.21</ele>
   </trkpt>
   <trkpt lat="51.028445027972154" lon="4.344434949977731">
    <ele>5.21</ele>
   </trkpt>
   <trkpt lat="51.028040044755045" lon="4.343289919964707">
    <ele>5.21</ele>
   </trkpt>
   <trkpt lat="51.02763505034903" lon="4.342144909960845">
    <ele>5.21</ele>
   </trkpt>
   <trkpt lat="51.02723004475449" lon="4.340999919966057">
    <ele>4.050000000000001</ele>
   </trkpt>
   <trkpt lat="51.02682502797175" lon="4.339854949980258">
    <ele>4.050000000000001</ele>
   </trkpt>
   <trkpt lat="51.02642" lon="4.338710000000001">
    <ele>4.050000000000001</ele>
   </trkpt>
   <trkpt lat="51.026430000000005" lon="4.33872">
    <ele>4.050000000000001</ele>
   </trkpt>
   <trkpt lat="51.026390000000006" lon="4.33859">
    <ele>7.03</ele>
   </trkpt>
   <trkpt lat="51.02631" lon="4.33812">
    <ele>7.08</ele>
   </trkpt>
   <trkpt lat="51.02626000000001" lon="4.33715">
    <ele>7.620000000000001</ele>
   </trkpt>
   <trkpt lat="51.02488" lon="4.336390000000001">
    <ele>7.750000000000001</ele>
   </trkpt>
   <trkpt lat="51.02412" lon="4.335990000000001">
    <ele>7.750000000000001</ele>
   </trkpt>
   <trkpt lat="51.02405" lon="4.33596">
    <ele>7.750000000000001</ele>
   </trkpt>
   <trkpt lat="51.023990000000005" lon="4.33595">
    <ele>7.750000000000001</ele>
   </trkpt>
   <trkpt lat="51.023920000000004" lon="4.33598">
    <ele>7.750000000000001</ele>
   </trkpt>
   <trkpt lat="51.0232400023276" lon="4.336500015239712">
    <ele>7.78</ele>
   </trkpt>
   <trkpt lat="51.02256000234739" lon="4.337020015224282">
    <ele>7.800000000000001</ele>
   </trkpt>
   <trkpt lat="51.02188" lon="4.337540000000001">
    <ele>7.840000000000002</ele>
   </trkpt>
   <trkpt lat="51.02122500033538" lon="4.337755002992171">
    <ele>7.5</ele>
   </trkpt>
   <trkpt lat="51.020570000000006" lon="4.33797">
    <ele>7.3500000000000005</ele>
   </trkpt>
   <trkpt lat="51.02042" lon="4.33798">
    <ele>7.3500000000000005</ele>
   </trkpt>
   <trkpt lat="51.02029" lon="4.337960000000001">
    <ele>7.3500000000000005</ele>
   </trkpt>
   <trkpt lat="51.02006" lon="4.33786">
    <ele>7.280000000000001</ele>
   </trkpt>
   <trkpt lat="51.01944250257936" lon="4.337414982252118">
    <ele>7.38</ele>
   </trkpt>
   <trkpt lat="51.01882500346853" lon="4.33696997635774">
    <ele>7.42</ele>
   </trkpt>
   <trkpt lat="51.01820750266762" lon="4.336524982316325">
    <ele>7.580000000000001</ele>
   </trkpt>
   <trkpt lat="51.017590000000006" lon="4.33608">
    <ele>7.660000000000001</ele>
   </trkpt>
   <trkpt lat="51.016920000000006" lon="4.33535">
    <ele>7.750000000000001</ele>
   </trkpt>
   <trkpt lat="51.01624" lon="4.33499">
    <ele>7.840000000000002</ele>
   </trkpt>
   <trkpt lat="51.01594000000001" lon="4.33485">
    <ele>8.07</ele>
   </trkpt>
   <trkpt lat="51.01577" lon="4.33474">
    <ele>8.07</ele>
   </trkpt>
   <trkpt lat="51.015570000000004" lon="4.33471">
    <ele>7.7700000000000005</ele>
   </trkpt>
   <trkpt lat="51.015420000000006" lon="4.334770000000001">
    <ele>7.72</ele>
   </trkpt>
   <trkpt lat="51.014880000000005" lon="4.33521">
    <ele>8.860000000000001</ele>
   </trkpt>
   <trkpt lat="51.01482000000001" lon="4.334980000000001">
    <ele>8.910000000000002</ele>
   </trkpt>
   <trkpt lat="51.014810000000004" lon="4.334370000000001">
    <ele>8.9</ele>
   </trkpt>
   <trkpt lat="51.01476" lon="4.3342">
    <ele>8.92</ele>
   </trkpt>
   <trkpt lat="51.014660000000006" lon="4.334020000000001">
    <ele>9.030000000000001</ele>
   </trkpt>
   <trkpt lat="51.01455000000001" lon="4.33392">
    <ele>9.030000000000001</ele>
   </trkpt>
   <trkpt lat="51.014230000000005" lon="4.33382">
    <ele>9.11</ele>
   </trkpt>
   <trkpt lat="51.014" lon="4.333550000000001">
    <ele>9.18</ele>
   </trkpt>
   <trkpt lat="51.01371" lon="4.333360000000001">
    <ele>9.13</ele>
   </trkpt>
   <trkpt lat="51.01346" lon="4.33312">
    <ele>9.13</ele>
   </trkpt>
   <trkpt lat="51.01283000269107" lon="4.33232498919246">
    <ele>9.1</ele>
   </trkpt>
   <trkpt lat="51.01220000000001" lon="4.331530000000001">
    <ele>9.31</ele>
   </trkpt>
   <trkpt lat="51.011900000000004" lon="4.331300000000001">
    <ele>9.500000000000002</ele>
   </trkpt>
   <trkpt lat="51.011660000000006" lon="4.3312">
    <ele>9.540000000000001</ele>
   </trkpt>
   <trkpt lat="51.01095" lon="4.331">
    <ele>9.58</ele>
   </trkpt>
   <trkpt lat="51.01026" lon="4.330850000000001">
    <ele>10.17</ele>
   </trkpt>
   <trkpt lat="51.00996500231382" lon="4.330114995345797">
    <ele>9.430000000000001</ele>
   </trkpt>
   <trkpt lat="51.00967000000001" lon="4.3293800000000005">
    <ele>10.280000000000001</ele>
   </trkpt>
   <trkpt lat="51.009620000000005" lon="4.329350000000001">
    <ele>10.280000000000001</ele>
   </trkpt>
   <trkpt lat="51.009370000000004" lon="4.32937">
    <ele>10.270000000000001</ele>
   </trkpt>
   <trkpt lat="51.008790000000005" lon="4.32967">
    <ele>10.55</ele>
   </trkpt>
   <trkpt lat="51.00871" lon="4.32969">
    <ele>10.560000000000002</ele>
   </trkpt>
   <trkpt lat="51.00864000000001" lon="4.32967">
    <ele>10.560000000000002</ele>
   </trkpt>
   <trkpt lat="51.008570000000006" lon="4.3296">
    <ele>10.520000000000001</ele>
   </trkpt>
   <trkpt lat="51.00847" lon="4.3296600000000005">
    <ele>10.520000000000001</ele>
   </trkpt>
   <trkpt lat="51.0084" lon="4.32967">
    <ele>10.33</ele>
   </trkpt>
   <trkpt lat="51.00813" lon="4.3295900000000005">
    <ele>10.25</ele>
   </trkpt>
   <trkpt lat="51.00786" lon="4.329610000000001">
    <ele>10.4</ele>
   </trkpt>
   <trkpt lat="51.007650000000005" lon="4.32967">
    <ele>10.4</ele>
   </trkpt>
   <trkpt lat="51.00735" lon="4.32984">
    <ele>10.51</ele>
   </trkpt>
   <trkpt lat="51.00685000000001" lon="4.3304">
    <ele>10.46</ele>
   </trkpt>
   <trkpt lat="51.006510000000006" lon="4.330710000000001">
    <ele>10.440000000000001</ele>
   </trkpt>
   <trkpt lat="51.00614" lon="4.330990000000001">
    <ele>10.540000000000001</ele>
   </trkpt>
   <trkpt lat="51.00589" lon="4.331110000000001">
    <ele>10.58</ele>
   </trkpt>
   <trkpt lat="51.00540500009836" lon="4.331245001405733">
    <ele>10.700000000000001</ele>
   </trkpt>
   <trkpt lat="51.004920000000006" lon="4.33138">
    <ele>10.71</ele>
   </trkpt>
   <trkpt lat="51.00462" lon="4.331440000000001">
    <ele>10.690000000000001</ele>
   </trkpt>
   <trkpt lat="51.004160000000006" lon="4.3314900000000005">
    <ele>10.730000000000002</ele>
   </trkpt>
   <trkpt lat="51.003620000000005" lon="4.33148">
    <ele>10.690000000000001</ele>
   </trkpt>
   <trkpt lat="51.003440000000005" lon="4.3315">
    <ele>10.6</ele>
   </trkpt>
   <trkpt lat="51.0031" lon="4.33161">
    <ele>10.58</ele>
   </trkpt>
   <trkpt lat="51.00291000000001" lon="4.331720000000001">
    <ele>10.55</ele>
   </trkpt>
   <trkpt lat="51.00251" lon="4.332000000000001">
    <ele>10.55</ele>
   </trkpt>
   <trkpt lat="51.00209" lon="4.33234">
    <ele>10.42</ele>
   </trkpt>
   <trkpt lat="51.00160500108261" lon="4.332830005063898">
    <ele>10.31</ele>
   </trkpt>
   <trkpt lat="51.00112000000001" lon="4.3333200000000005">
    <ele>9.99</ele>
   </trkpt>
   <trkpt lat="51.00097" lon="4.33344">
    <ele>10.07</ele>
   </trkpt>
   <trkpt lat="51.000620000000005" lon="4.33357">
    <ele>10.100000000000001</ele>
   </trkpt>
   <trkpt lat="50.999940000334995" lon="4.333915005144101">
    <ele>10.560000000000002</ele>
   </trkpt>
   <trkpt lat="50.99926000000001" lon="4.3342600000000004">
    <ele>10.820000000000002</ele>
   </trkpt>
   <trkpt lat="50.999" lon="4.33443">
    <ele>10.81</ele>
   </trkpt>
   <trkpt lat="50.99829000166903" lon="4.335045009363121">
    <ele>10.89</ele>
   </trkpt>
   <trkpt lat="50.997580000000006" lon="4.335660000000001">
    <ele>10.58</ele>
   </trkpt>
   <trkpt lat="50.997240000000005" lon="4.33605">
    <ele>10.450000000000001</ele>
   </trkpt>
   <trkpt lat="50.99675000194437" lon="4.336730007221147">
    <ele>10.360000000000001</ele>
   </trkpt>
   <trkpt lat="50.99626000000001" lon="4.33741">
    <ele>10.71</ele>
   </trkpt>
   <trkpt lat="50.99589000143858" lon="4.33798000446495">
    <ele>10.560000000000002</ele>
   </trkpt>
   <trkpt lat="50.995520000000006" lon="4.338550000000001">
    <ele>10.93</ele>
   </trkpt>
   <trkpt lat="50.995470000000005" lon="4.33865">
    <ele>10.93</ele>
   </trkpt>
   <trkpt lat="50.995180000000005" lon="4.3389500000000005">
    <ele>10.870000000000001</ele>
   </trkpt>
   <trkpt lat="50.99501000000001" lon="4.3391">
    <ele>10.870000000000001</ele>
   </trkpt>
   <trkpt lat="50.99483000000001" lon="4.33922">
    <ele>10.83</ele>
   </trkpt>
   <trkpt lat="50.9941" lon="4.33955">
    <ele>10.94</ele>
   </trkpt>
   <trkpt lat="50.99356" lon="4.339910000000001">
    <ele>11.11</ele>
   </trkpt>
   <trkpt lat="50.992810000000006" lon="4.3405000000000005">
    <ele>11.63</ele>
   </trkpt>
   <trkpt lat="50.99200000133219" lon="4.34106000977804">
    <ele>11.79</ele>
   </trkpt>
   <trkpt lat="50.99119" lon="4.341620000000001">
    <ele>11.940000000000001</ele>
   </trkpt>
   <trkpt lat="50.990990000000004" lon="4.34178">
    <ele>11.98</ele>
   </trkpt>
   <trkpt lat="50.99041000257465" lon="4.34232668030727">
    <ele>12.16</ele>
   </trkpt>
   <trkpt lat="50.98983000259812" lon="4.342873346951587">
    <ele>12.3</ele>
   </trkpt>
   <trkpt lat="50.989250000000006" lon="4.34342">
    <ele>12.3</ele>
   </trkpt>
   <trkpt lat="50.988910000000004" lon="4.3437">
    <ele>12.3</ele>
   </trkpt>
   <trkpt lat="50.98849000039764" lon="4.344010002814313">
    <ele>12.25</ele>
   </trkpt>
   <trkpt lat="50.98807000000001" lon="4.344320000000001">
    <ele>12.360000000000001</ele>
   </trkpt>
   <trkpt lat="50.98772" lon="4.34455">
    <ele>12.520000000000001</ele>
   </trkpt>
   <trkpt lat="50.98749" lon="4.34464">
    <ele>12.600000000000001</ele>
   </trkpt>
   <trkpt lat="50.986850000000004" lon="4.34475">
    <ele>12.81</ele>
   </trkpt>
   <trkpt lat="50.986290000000004" lon="4.34496">
    <ele>13.110000000000001</ele>
   </trkpt>
   <trkpt lat="50.985760000000006" lon="4.34527">
    <ele>13.240000000000002</ele>
   </trkpt>
   <trkpt lat="50.985440000000004" lon="4.34553">
    <ele>13.330000000000002</ele>
   </trkpt>
   <trkpt lat="50.98518000000001" lon="4.34578">
    <ele>13.53</ele>
   </trkpt>
   <trkpt lat="50.984860000000005" lon="4.34614">
    <ele>13.74</ele>
   </trkpt>
   <trkpt lat="50.984455001329486" lon="4.346715005132487">
    <ele>13.97</ele>
   </trkpt>
   <trkpt lat="50.98405" lon="4.34729">
    <ele>14.120000000000001</ele>
   </trkpt>
   <trkpt lat="50.98378" lon="4.34764">
    <ele>13.770000000000001</ele>
   </trkpt>
   <trkpt lat="50.98318500192257" lon="4.348310008579715">
    <ele>13.63</ele>
   </trkpt>
   <trkpt lat="50.98259" lon="4.34898">
    <ele>14.05</ele>
   </trkpt>
   <trkpt lat="50.982260000000004" lon="4.34923">
    <ele>14.190000000000001</ele>
   </trkpt>
   <trkpt lat="50.98144000128664" lon="4.349790009926092">
    <ele>14.450000000000001</ele>
   </trkpt>
   <trkpt lat="50.98062" lon="4.350350000000001">
    <ele>14.470000000000002</ele>
   </trkpt>
   <trkpt lat="50.98002" lon="4.350840000000001">
    <ele>14.190000000000001</ele>
   </trkpt>
   <trkpt lat="50.9797" lon="4.35113">
    <ele>13.920000000000002</ele>
   </trkpt>
   <trkpt lat="50.979200000000006" lon="4.351710000000001">
    <ele>13.850000000000001</ele>
   </trkpt>
   <trkpt lat="50.97858" lon="4.35235">
    <ele>13.71</ele>
   </trkpt>
   <trkpt lat="50.97804000000001" lon="4.353140000000001">
    <ele>13.73</ele>
   </trkpt>
   <trkpt lat="50.978320000000004" lon="4.35273">
    <ele>14.97</ele>
   </trkpt>
   <trkpt lat="50.97775859224119" lon="4.3536314939643646">
    <ele>14.97</ele>
   </trkpt>
   <trkpt lat="50.97719717754431" lon="4.354532966129952">
    <ele>14.350000000000001</ele>
   </trkpt>
   <trkpt lat="50.97663575590968" lon="4.355434416497456">
    <ele>14.350000000000001</ele>
   </trkpt>
   <trkpt lat="50.97607432733758" lon="4.35633584506757">
    <ele>14.290000000000001</ele>
   </trkpt>
   <trkpt lat="50.97551289182835" lon="4.35723725184099">
    <ele>14.33</ele>
   </trkpt>
   <trkpt lat="50.97495144938228" lon="4.358138636818411">
    <ele>14.650000000000002</ele>
   </trkpt>
   <trkpt lat="50.97439000000001" lon="4.35904">
    <ele>15.05</ele>
   </trkpt>
   <trkpt lat="50.97437000000001" lon="4.35913">
    <ele>15.05</ele>
   </trkpt>
   <trkpt lat="50.974090000000004" lon="4.359570000000001">
    <ele>15.260000000000002</ele>
   </trkpt>
   <trkpt lat="50.973940000000006" lon="4.3597600000000005">
    <ele>15.430000000000001</ele>
   </trkpt>
   <trkpt lat="50.973850000000006" lon="4.35981">
    <ele>15.430000000000001</ele>
   </trkpt>
   <trkpt lat="50.973850000000006" lon="4.35991">
    <ele>15.170000000000002</ele>
   </trkpt>
   <trkpt lat="50.97368" lon="4.360340000000001">
    <ele>14.610000000000001</ele>
   </trkpt>
   <trkpt lat="50.973560000000006" lon="4.3607000000000005">
    <ele>14.34</ele>
   </trkpt>
   <trkpt lat="50.973420000000004" lon="4.361330000000001">
    <ele>14.33</ele>
   </trkpt>
   <trkpt lat="50.97335" lon="4.362080000000001">
    <ele>14.55</ele>
   </trkpt>
   <trkpt lat="50.97330667525687" lon="4.363083335308874">
    <ele>14.55</ele>
   </trkpt>
   <trkpt lat="50.973263341919065" lon="4.36408666874556">
    <ele>14.49</ele>
   </trkpt>
   <trkpt lat="50.973220000000005" lon="4.36509">
    <ele>15.280000000000001</ele>
   </trkpt>
   <trkpt lat="50.97323" lon="4.3653200000000005">
    <ele>15.240000000000002</ele>
   </trkpt>
   <trkpt lat="50.97326" lon="4.36535">
    <ele>15.240000000000002</ele>
   </trkpt>
   <trkpt lat="50.9733" lon="4.36542">
    <ele>15.31</ele>
   </trkpt>
   <trkpt lat="50.97328" lon="4.36552">
    <ele>15.31</ele>
   </trkpt>
   <trkpt lat="50.97323" lon="4.3655800000000005">
    <ele>15.35</ele>
   </trkpt>
   <trkpt lat="50.97319" lon="4.36557">
    <ele>15.38</ele>
   </trkpt>
   <trkpt lat="50.973150000000004" lon="4.36547">
    <ele>15.38</ele>
   </trkpt>
   <trkpt lat="50.972260000000006" lon="4.3656500000000005">
    <ele>15.91</ele>
   </trkpt>
   <trkpt lat="50.97209" lon="4.36573">
    <ele>15.91</ele>
   </trkpt>
   <trkpt lat="50.971940000000004" lon="4.36589">
    <ele>16.05</ele>
   </trkpt>
   <trkpt lat="50.97178" lon="4.366160000000001">
    <ele>16.380000000000003</ele>
   </trkpt>
   <trkpt lat="50.971630000000005" lon="4.36632">
    <ele>16.380000000000003</ele>
   </trkpt>
   <trkpt lat="50.97097500130544" lon="4.366865007654753">
    <ele>17.14</ele>
   </trkpt>
   <trkpt lat="50.97032" lon="4.3674100000000005">
    <ele>18.22</ele>
   </trkpt>
   <trkpt lat="50.970090000000006" lon="4.367570000000001">
    <ele>18.520000000000003</ele>
   </trkpt>
   <trkpt lat="50.969860000000004" lon="4.36768">
    <ele>19.080000000000002</ele>
   </trkpt>
   <trkpt lat="50.969530000000006" lon="4.367780000000001">
    <ele>19.49</ele>
   </trkpt>
   <trkpt lat="50.969" lon="4.36784">
    <ele>19.89</ele>
   </trkpt>
   <trkpt lat="50.96884000000001" lon="4.36788">
    <ele>21.1</ele>
   </trkpt>
   <trkpt lat="50.96817500057133" lon="4.368225004906404">
    <ele>21.66</ele>
   </trkpt>
   <trkpt lat="50.967510000000004" lon="4.36857">
    <ele>22.03</ele>
   </trkpt>
   <trkpt lat="50.967330000000004" lon="4.36861">
    <ele>21.990000000000002</ele>
   </trkpt>
   <trkpt lat="50.96694" lon="4.36857">
    <ele>21.580000000000002</ele>
   </trkpt>
   <trkpt lat="50.966590000000004" lon="4.36864">
    <ele>21.080000000000002</ele>
   </trkpt>
   <trkpt lat="50.96616000030808" lon="4.368895002342353">
    <ele>20.240000000000002</ele>
   </trkpt>
   <trkpt lat="50.96573" lon="4.36915">
    <ele>19.73</ele>
   </trkpt>
   <trkpt lat="50.96537000000001" lon="4.36944">
    <ele>19.4</ele>
   </trkpt>
   <trkpt lat="50.964875000620964" lon="4.369870004728096">
    <ele>19.630000000000003</ele>
   </trkpt>
   <trkpt lat="50.964380000000006" lon="4.3703">
    <ele>20.040000000000003</ele>
   </trkpt>
   <trkpt lat="50.96405000000001" lon="4.3705300000000005">
    <ele>20.37</ele>
   </trkpt>
   <trkpt lat="50.96360000000001" lon="4.37072">
    <ele>21.060000000000002</ele>
   </trkpt>
   <trkpt lat="50.963300000000004" lon="4.37086">
    <ele>21.85</ele>
   </trkpt>
   <trkpt lat="50.963300000000004" lon="4.37087">
    <ele>21.85</ele>
   </trkpt>
   <trkpt lat="50.96361500137471" lon="4.3714249963421015">
    <ele>20.98</ele>
   </trkpt>
   <trkpt lat="50.963930000000005" lon="4.371980000000001">
    <ele>20.46</ele>
   </trkpt>
   <trkpt lat="50.96408" lon="4.37232">
    <ele>20.290000000000003</ele>
   </trkpt>
   <trkpt lat="50.964505005290235" lon="4.373434989754332">
    <ele>19.42</ele>
   </trkpt>
   <trkpt lat="50.96493" lon="4.37455">
    <ele>18.660000000000004</ele>
   </trkpt>
   <trkpt lat="50.96530500436763" lon="4.375564991724029">
    <ele>18.19</ele>
   </trkpt>
   <trkpt lat="50.965680000000006" lon="4.376580000000001">
    <ele>17.52</ele>
   </trkpt>
   <trkpt lat="50.96578" lon="4.376720000000001">
    <ele>17.39</ele>
   </trkpt>
   <trkpt lat="50.96636" lon="4.376930000000001">
    <ele>16.89</ele>
   </trkpt>
   <trkpt lat="50.966440000000006" lon="4.37694">
    <ele>16.89</ele>
   </trkpt>
   <trkpt lat="50.96656" lon="4.37706">
    <ele>16.75</ele>
   </trkpt>
   <trkpt lat="50.96669000000001" lon="4.37723">
    <ele>16.700000000000003</ele>
   </trkpt>
   <trkpt lat="50.967040003336834" lon="4.37810999344718">
    <ele>16.69</ele>
   </trkpt>
   <trkpt lat="50.96739" lon="4.37899">
    <ele>16.77</ele>
   </trkpt>
   <trkpt lat="50.9677" lon="4.3798200000000005">
    <ele>17.150000000000002</ele>
   </trkpt>
   <trkpt lat="50.96781000000001" lon="4.38002">
    <ele>17.150000000000002</ele>
   </trkpt>
   <trkpt lat="50.96811" lon="4.38076">
    <ele>17.19</ele>
   </trkpt>
   <trkpt lat="50.9684" lon="4.38135">
    <ele>17.17</ele>
   </trkpt>
   <trkpt lat="50.9688" lon="4.38192">
    <ele>17.07</ele>
   </trkpt>
   <trkpt lat="50.96891" lon="4.38204">
    <ele>17.07</ele>
   </trkpt>
   <trkpt lat="50.969120000000004" lon="4.382230000000001">
    <ele>16.830000000000002</ele>
   </trkpt>
   <trkpt lat="50.969260000000006" lon="4.382420000000001">
    <ele>16.830000000000002</ele>
   </trkpt>
   <trkpt lat="50.96932" lon="4.38248">
    <ele>16.830000000000002</ele>
   </trkpt>
   <trkpt lat="50.969500000000004" lon="4.38258">
    <ele>16.810000000000002</ele>
   </trkpt>
   <trkpt lat="50.97003" lon="4.38306">
    <ele>16.400000000000002</ele>
   </trkpt>
   <trkpt lat="50.97014" lon="4.38319">
    <ele>16.23</ele>
   </trkpt>
   <trkpt lat="50.97077" lon="4.3841">
    <ele>15.81</ele>
   </trkpt>
   <trkpt lat="50.97117" lon="4.38454">
    <ele>15.81</ele>
   </trkpt>
   <trkpt lat="50.971430000000005" lon="4.384790000000001">
    <ele>15.500000000000002</ele>
   </trkpt>
   <trkpt lat="50.97169" lon="4.38497">
    <ele>15.340000000000002</ele>
   </trkpt>
   <trkpt lat="50.97218500038292" lon="4.3852399971614195">
    <ele>15.01</ele>
   </trkpt>
   <trkpt lat="50.972680000000004" lon="4.38551">
    <ele>14.640000000000002</ele>
   </trkpt>
   <trkpt lat="50.973205000567745" lon="4.3858349963983665">
    <ele>14.020000000000001</ele>
   </trkpt>
   <trkpt lat="50.97373" lon="4.38616">
    <ele>13.36</ele>
   </trkpt>
   <trkpt lat="50.97404" lon="4.38645">
    <ele>13.36</ele>
   </trkpt>
   <trkpt lat="50.974590000000006" lon="4.3871">
    <ele>12.910000000000002</ele>
   </trkpt>
   <trkpt lat="50.97477000000001" lon="4.3872800000000005">
    <ele>12.910000000000002</ele>
   </trkpt>
   <trkpt lat="50.97485" lon="4.387390000000001">
    <ele>14.16</ele>
   </trkpt>
   <trkpt lat="50.97493000000001" lon="4.38766">
    <ele>14.05</ele>
   </trkpt>
   <trkpt lat="50.97482" lon="4.38771">
    <ele>12.59</ele>
   </trkpt>
   <trkpt lat="50.9742200040421" lon="4.388685012622767">
    <ele>12.34</ele>
   </trkpt>
   <trkpt lat="50.973620000000004" lon="4.38966">
    <ele>12.48</ele>
   </trkpt>
   <trkpt lat="50.973420000000004" lon="4.3899300000000006">
    <ele>12.58</ele>
   </trkpt>
   <trkpt lat="50.97332" lon="4.39001">
    <ele>12.58</ele>
   </trkpt>
   <trkpt lat="50.97317" lon="4.390070000000001">
    <ele>13.240000000000002</ele>
   </trkpt>
   <trkpt lat="50.973020000000005" lon="4.39017">
    <ele>13.3</ele>
   </trkpt>
   <trkpt lat="50.972260004888945" lon="4.3907875303096695">
    <ele>13.3</ele>
   </trkpt>
   <trkpt lat="50.971500006522184" lon="4.391405040409113">
    <ele>13.3</ele>
   </trkpt>
   <trkpt lat="50.97074000489994" lon="4.392022530299452">
    <ele>12.600000000000001</ele>
   </trkpt>
   <trkpt lat="50.96998000000001" lon="4.39264">
    <ele>12.600000000000001</ele>
   </trkpt>
   <trkpt lat="50.969800000000006" lon="4.3927700000000005">
    <ele>12.610000000000001</ele>
   </trkpt>
   <trkpt lat="50.969530000000006" lon="4.39289">
    <ele>12.700000000000001</ele>
   </trkpt>
   <trkpt lat="50.96934" lon="4.3929">
    <ele>12.700000000000001</ele>
   </trkpt>
   <trkpt lat="50.9686" lon="4.392790000000001">
    <ele>12.910000000000002</ele>
   </trkpt>
   <trkpt lat="50.96831" lon="4.39268">
    <ele>13.200000000000001</ele>
   </trkpt>
   <trkpt lat="50.967740000000006" lon="4.39242">
    <ele>13.540000000000001</ele>
   </trkpt>
   <trkpt lat="50.967600000000004" lon="4.39238">
    <ele>13.540000000000001</ele>
   </trkpt>
   <trkpt lat="50.967420000000004" lon="4.392390000000001">
    <ele>13.65</ele>
   </trkpt>
   <trkpt lat="50.966555000312" lon="4.392615004164813">
    <ele>13.89</ele>
   </trkpt>
   <trkpt lat="50.96569" lon="4.3928400000000005">
    <ele>14.31</ele>
   </trkpt>
   <trkpt lat="50.96549" lon="4.3928400000000005">
    <ele>14.31</ele>
   </trkpt>
   <trkpt lat="50.96508000000001" lon="4.39296">
    <ele>14.640000000000002</ele>
   </trkpt>
   <trkpt lat="50.96493" lon="4.39302">
    <ele>14.820000000000002</ele>
   </trkpt>
   <trkpt lat="50.96479" lon="4.39311">
    <ele>14.820000000000002</ele>
   </trkpt>
   <trkpt lat="50.963970000364725" lon="4.393313340508382">
    <ele>15.1</ele>
   </trkpt>
   <trkpt lat="50.96315000037642" lon="4.3935166738386595">
    <ele>15.170000000000002</ele>
   </trkpt>
   <trkpt lat="50.96233" lon="4.39372">
    <ele>15.4</ele>
   </trkpt>
   <trkpt lat="50.961920000000006" lon="4.3938500000000005">
    <ele>15.510000000000002</ele>
   </trkpt>
   <trkpt lat="50.96152000000001" lon="4.39404">
    <ele>15.590000000000002</ele>
   </trkpt>
   <trkpt lat="50.960980000000006" lon="4.394340000000001">
    <ele>15.44</ele>
   </trkpt>
   <trkpt lat="50.96020000000001" lon="4.394760000000001">
    <ele>15.260000000000002</ele>
   </trkpt>
   <trkpt lat="50.96003" lon="4.3948">
    <ele>15.23</ele>
   </trkpt>
   <trkpt lat="50.95996" lon="4.3948">
    <ele>15.23</ele>
   </trkpt>
   <trkpt lat="50.959830000000004" lon="4.394760000000001">
    <ele>15.23</ele>
   </trkpt>
   <trkpt lat="50.95964000000001" lon="4.3946000000000005">
    <ele>15.23</ele>
   </trkpt>
   <trkpt lat="50.95949" lon="4.394360000000001">
    <ele>15.23</ele>
   </trkpt>
   <trkpt lat="50.95918" lon="4.39363">
    <ele>15.31</ele>
   </trkpt>
   <trkpt lat="50.95895" lon="4.39316">
    <ele>15.370000000000001</ele>
   </trkpt>
   <trkpt lat="50.958740000000006" lon="4.392810000000001">
    <ele>15.490000000000002</ele>
   </trkpt>
   <trkpt lat="50.958580000000005" lon="4.39264">
    <ele>15.61</ele>
   </trkpt>
   <trkpt lat="50.958510000000004" lon="4.392600000000001">
    <ele>15.61</ele>
   </trkpt>
   <trkpt lat="50.95801" lon="4.3923700000000006">
    <ele>16.099999999999998</ele>
   </trkpt>
   <trkpt lat="50.95769000000001" lon="4.392250000000001">
    <ele>16.099999999999998</ele>
   </trkpt>
   <trkpt lat="50.95741" lon="4.39222">
    <ele>16.17</ele>
   </trkpt>
   <trkpt lat="50.95705" lon="4.3923000000000005">
    <ele>16.490000000000002</ele>
   </trkpt>
   <trkpt lat="50.95656" lon="4.39245">
    <ele>16.62</ele>
   </trkpt>
   <trkpt lat="50.95606" lon="4.39276">
    <ele>16.76</ele>
   </trkpt>
   <trkpt lat="50.95526" lon="4.39323">
    <ele>16.52</ele>
   </trkpt>
   <trkpt lat="50.95477500027" lon="4.393485002665282">
    <ele>16.52</ele>
   </trkpt>
   <trkpt lat="50.95429000000001" lon="4.39374">
    <ele>16.78</ele>
   </trkpt>
   <trkpt lat="50.95429000000001" lon="4.39388">
    <ele>16.77</ele>
   </trkpt>
   <trkpt lat="50.95425" lon="4.393960000000001">
    <ele>16.77</ele>
   </trkpt>
   <trkpt lat="50.95432" lon="4.39426">
    <ele>16.48</ele>
   </trkpt>
   <trkpt lat="50.954370000000004" lon="4.394880000000001">
    <ele>16.28</ele>
   </trkpt>
   <trkpt lat="50.954440000000005" lon="4.39606">
    <ele>16.0</ele>
   </trkpt>
   <trkpt lat="50.954460000000005" lon="4.396990000000001">
    <ele>15.850000000000003</ele>
   </trkpt>
   <trkpt lat="50.95452" lon="4.397740000000001">
    <ele>15.9</ele>
   </trkpt>
   <trkpt lat="50.95447000000001" lon="4.399100000000001">
    <ele>15.870000000000001</ele>
   </trkpt>
   <trkpt lat="50.95443" lon="4.39994">
    <ele>15.870000000000001</ele>
   </trkpt>
   <trkpt lat="50.95428000746142" lon="4.401260004063556">
    <ele>16.020000000000003</ele>
   </trkpt>
   <trkpt lat="50.954130000000006" lon="4.40258">
    <ele>16.130000000000003</ele>
   </trkpt>
   <trkpt lat="50.95429000000001" lon="4.40336">
    <ele>16.16</ele>
   </trkpt>
   <trkpt lat="50.9543" lon="4.4035400000000005">
    <ele>16.16</ele>
   </trkpt>
   <trkpt lat="50.95427" lon="4.4037500000000005">
    <ele>16.05</ele>
   </trkpt>
   <trkpt lat="50.954190000000004" lon="4.4039600000000005">
    <ele>16.05</ele>
   </trkpt>
   <trkpt lat="50.953660000000006" lon="4.40484">
    <ele>15.18</ele>
   </trkpt>
   <trkpt lat="50.95335000000001" lon="4.40528">
    <ele>14.780000000000001</ele>
   </trkpt>
   <trkpt lat="50.95331" lon="4.40538">
    <ele>14.72</ele>
   </trkpt>
   <trkpt lat="50.953300000000006" lon="4.40554">
    <ele>14.72</ele>
   </trkpt>
   <trkpt lat="50.95337000000001" lon="4.40592">
    <ele>14.540000000000001</ele>
   </trkpt>
   <trkpt lat="50.95335000000001" lon="4.4060500000000005">
    <ele>14.540000000000001</ele>
   </trkpt>
   <trkpt lat="50.95328000000001" lon="4.4062">
    <ele>14.030000000000001</ele>
   </trkpt>
   <trkpt lat="50.9532" lon="4.406300000000001">
    <ele>13.920000000000002</ele>
   </trkpt>
   <trkpt lat="50.95306" lon="4.40641">
    <ele>13.91</ele>
   </trkpt>
   <trkpt lat="50.95253" lon="4.40674">
    <ele>14.370000000000001</ele>
   </trkpt>
   <trkpt lat="50.95246" lon="4.4068000000000005">
    <ele>14.48</ele>
   </trkpt>
   <trkpt lat="50.95224" lon="4.40706">
    <ele>14.560000000000002</ele>
   </trkpt>
   <trkpt lat="50.95183" lon="4.4076900000000006">
    <ele>14.92</ele>
   </trkpt>
   <trkpt lat="50.95129500156543" lon="4.4083100072245225">
    <ele>14.270000000000001</ele>
   </trkpt>
   <trkpt lat="50.95076" lon="4.408930000000001">
    <ele>13.89</ele>
   </trkpt>
   <trkpt lat="50.95069" lon="4.409050000000001">
    <ele>13.53</ele>
   </trkpt>
   <trkpt lat="50.95067" lon="4.40916">
    <ele>13.53</ele>
   </trkpt>
   <trkpt lat="50.95067" lon="4.4093100000000005">
    <ele>13.53</ele>
   </trkpt>
   <trkpt lat="50.95073000000001" lon="4.40963">
    <ele>13.44</ele>
   </trkpt>
   <trkpt lat="50.95076" lon="4.409870000000001">
    <ele>13.450000000000001</ele>
   </trkpt>
   <trkpt lat="50.950770000000006" lon="4.41023">
    <ele>13.53</ele>
   </trkpt>
   <trkpt lat="50.950750000000006" lon="4.410430000000001">
    <ele>13.590000000000002</ele>
   </trkpt>
   <trkpt lat="50.950700000000005" lon="4.41056">
    <ele>13.590000000000002</ele>
   </trkpt>
   <trkpt lat="50.950430000000004" lon="4.41079">
    <ele>13.81</ele>
   </trkpt>
   <trkpt lat="50.94963000165935" lon="4.411420010870977">
    <ele>13.88</ele>
   </trkpt>
   <trkpt lat="50.94883" lon="4.412050000000001">
    <ele>13.690000000000001</ele>
   </trkpt>
   <trkpt lat="50.948730000000005" lon="4.41201">
    <ele>13.64</ele>
   </trkpt>
   <trkpt lat="50.94821" lon="4.4124300000000005">
    <ele>13.590000000000002</ele>
   </trkpt>
   <trkpt lat="50.94803" lon="4.41244">
    <ele>13.53</ele>
   </trkpt>
   <trkpt lat="50.94771" lon="4.41267">
    <ele>11.030000000000001</ele>
   </trkpt>
   <trkpt lat="50.947720000000004" lon="4.412730000000001">
    <ele>13.35</ele>
   </trkpt>
   <trkpt lat="50.94776" lon="4.41284">
    <ele>13.39</ele>
   </trkpt>
   <trkpt lat="50.94778" lon="4.413080000000001">
    <ele>13.340000000000002</ele>
   </trkpt>
   <trkpt lat="50.94802000000001" lon="4.41396">
    <ele>13.05</ele>
   </trkpt>
   <trkpt lat="50.948060000000005" lon="4.41448">
    <ele>12.790000000000001</ele>
   </trkpt>
   <trkpt lat="50.948425002138755" lon="4.415164994875123">
    <ele>12.57</ele>
   </trkpt>
   <trkpt lat="50.94879" lon="4.415850000000001">
    <ele>12.76</ele>
   </trkpt>
   <trkpt lat="50.94914500203882" lon="4.416544994645956">
    <ele>12.48</ele>
   </trkpt>
   <trkpt lat="50.94950000000001" lon="4.4172400000000005">
    <ele>11.79</ele>
   </trkpt>
   <trkpt lat="50.94961000000001" lon="4.41756">
    <ele>11.56</ele>
   </trkpt>
   <trkpt lat="50.949650000000005" lon="4.418100000000001">
    <ele>11.18</ele>
   </trkpt>
   <trkpt lat="50.94970000000001" lon="4.41835">
    <ele>11.09</ele>
   </trkpt>
   <trkpt lat="50.9498" lon="4.418640000000001">
    <ele>10.870000000000001</ele>
   </trkpt>
   <trkpt lat="50.949980000000004" lon="4.41896">
    <ele>10.72</ele>
   </trkpt>
   <trkpt lat="50.95055000000001" lon="4.4196100000000005">
    <ele>10.76</ele>
   </trkpt>
   <trkpt lat="50.950770000000006" lon="4.4199600000000006">
    <ele>10.730000000000002</ele>
   </trkpt>
   <trkpt lat="50.95116" lon="4.4207600000000005">
    <ele>10.48</ele>
   </trkpt>
   <trkpt lat="50.95144500186851" lon="4.421424995876576">
    <ele>10.4</ele>
   </trkpt>
   <trkpt lat="50.951730000000005" lon="4.422090000000001">
    <ele>10.3</ele>
   </trkpt>
   <trkpt lat="50.95211000424999" lon="4.423089991772498">
    <ele>10.16</ele>
   </trkpt>
   <trkpt lat="50.952490000000004" lon="4.4240900000000005">
    <ele>9.959999999999999</ele>
   </trkpt>
   <trkpt lat="50.95277" lon="4.42499">
    <ele>10.020000000000001</ele>
   </trkpt>
   <trkpt lat="50.95288000000001" lon="4.425280000000001">
    <ele>10.0</ele>
   </trkpt>
   <trkpt lat="50.95321000619487" lon="4.42648499142733">
    <ele>9.840000000000002</ele>
   </trkpt>
   <trkpt lat="50.953540000000004" lon="4.42769">
    <ele>10.16</ele>
   </trkpt>
   <trkpt lat="50.95386003295838" lon="4.428824238854095">
    <ele>10.71</ele>
   </trkpt>
   <trkpt lat="50.95418005493138" lon="4.429958493329518">
    <ele>11.600000000000001</ele>
   </trkpt>
   <trkpt lat="50.95450006591874" lon="4.4310927634261255">
    <ele>12.05</ele>
   </trkpt>
   <trkpt lat="50.95482006592016" lon="4.4322270491437745">
    <ele>12.15</ele>
   </trkpt>
   <trkpt lat="50.95514005493537" lon="4.433361350482325">
    <ele>12.3</ele>
   </trkpt>
   <trkpt lat="50.955460032964105" lon="4.434495667441629">
    <ele>12.4</ele>
   </trkpt>
   <trkpt lat="50.955780000000004" lon="4.435630000000001">
    <ele>11.74</ele>
   </trkpt>
   <trkpt lat="50.95602" lon="4.43639">
    <ele>10.560000000000002</ele>
   </trkpt>
   <trkpt lat="50.95622" lon="4.436850000000001">
    <ele>10.16</ele>
   </trkpt>
   <trkpt lat="50.95678" lon="4.4379">
    <ele>9.340000000000002</ele>
   </trkpt>
   <trkpt lat="50.95685" lon="4.438070000000001">
    <ele>9.31</ele>
   </trkpt>
   <trkpt lat="50.95713500258572" lon="4.438839995424457">
    <ele>9.62</ele>
   </trkpt>
   <trkpt lat="50.957420000000006" lon="4.43961">
    <ele>9.98</ele>
   </trkpt>
   <trkpt lat="50.9575" lon="4.4398800000000005">
    <ele>10.26</ele>
   </trkpt>
   <trkpt lat="50.95758000000001" lon="4.44029">
    <ele>10.46</ele>
   </trkpt>
   <trkpt lat="50.957620000000006" lon="4.44059">
    <ele>10.520000000000001</ele>
   </trkpt>
   <trkpt lat="50.95767500349214" lon="4.441494998854241">
    <ele>10.780000000000001</ele>
   </trkpt>
   <trkpt lat="50.957730000000005" lon="4.4424">
    <ele>10.910000000000002</ele>
   </trkpt>
   <trkpt lat="50.95794" lon="4.44352">
    <ele>10.81</ele>
   </trkpt>
   <trkpt lat="50.9581" lon="4.44414">
    <ele>10.910000000000002</ele>
   </trkpt>
   <trkpt lat="50.95826" lon="4.4446200000000005">
    <ele>10.92</ele>
   </trkpt>
   <trkpt lat="50.958645003630814" lon="4.445534992552808">
    <ele>11.120000000000001</ele>
   </trkpt>
   <trkpt lat="50.959030000000006" lon="4.4464500000000005">
    <ele>11.290000000000001</ele>
   </trkpt>
   <trkpt lat="50.95935000565481" lon="4.4472599889765245">
    <ele>11.19</ele>
   </trkpt>
   <trkpt lat="50.95967000570759" lon="4.448069989109963">
    <ele>11.35</ele>
   </trkpt>
   <trkpt lat="50.959990000000005" lon="4.44888">
    <ele>11.510000000000002</ele>
   </trkpt>
   <trkpt lat="50.960220001942076" lon="4.449549996758018">
    <ele>11.53</ele>
   </trkpt>
   <trkpt lat="50.96045" lon="4.450220000000001">
    <ele>11.62</ele>
   </trkpt>
   <trkpt lat="50.960460000000005" lon="4.45035">
    <ele>11.62</ele>
   </trkpt>
   <trkpt lat="50.96059" lon="4.45073">
    <ele>11.56</ele>
   </trkpt>
   <trkpt lat="50.960800000000006" lon="4.45146">
    <ele>11.3</ele>
   </trkpt>
   <trkpt lat="50.96087000000001" lon="4.451560000000001">
    <ele>11.290000000000001</ele>
   </trkpt>
   <trkpt lat="50.96118500466431" lon="4.452604992922519">
    <ele>10.96</ele>
   </trkpt>
   <trkpt lat="50.9615" lon="4.4536500000000006">
    <ele>10.92</ele>
   </trkpt>
   <trkpt lat="50.961600000000004" lon="4.45389">
    <ele>10.950000000000001</ele>
   </trkpt>
   <trkpt lat="50.96193" lon="4.45453">
    <ele>11.540000000000001</ele>
   </trkpt>
   <trkpt lat="50.961960000000005" lon="4.45474">
    <ele>11.540000000000001</ele>
   </trkpt>
   <trkpt lat="50.96195" lon="4.4547300000000005">
    <ele>11.09</ele>
   </trkpt>
   <trkpt lat="50.961800000000004" lon="4.4547300000000005">
    <ele>11.120000000000001</ele>
   </trkpt>
   <trkpt lat="50.96164" lon="4.454750000000001">
    <ele>11.040000000000001</ele>
   </trkpt>
   <trkpt lat="50.96155" lon="4.45478">
    <ele>10.780000000000001</ele>
   </trkpt>
   <trkpt lat="50.96135" lon="4.45491">
    <ele>10.560000000000002</ele>
   </trkpt>
   <trkpt lat="50.960620000000006" lon="4.4556700000000005">
    <ele>10.48</ele>
   </trkpt>
   <trkpt lat="50.96060000000001" lon="4.45577">
    <ele>10.46</ele>
   </trkpt>
   <trkpt lat="50.96040000000001" lon="4.455990000000001">
    <ele>10.280000000000001</ele>
   </trkpt>
   <trkpt lat="50.959880000000005" lon="4.45655">
    <ele>10.020000000000001</ele>
   </trkpt>
   <trkpt lat="50.959790000000005" lon="4.45661">
    <ele>9.91</ele>
   </trkpt>
   <trkpt lat="50.959740000000004" lon="4.45668">
    <ele>9.91</ele>
   </trkpt>
   <trkpt lat="50.95969" lon="4.45678">
    <ele>9.770000000000001</ele>
   </trkpt>
   <trkpt lat="50.959680000000006" lon="4.4569">
    <ele>9.340000000000002</ele>
   </trkpt>
   <trkpt lat="50.95972000398072" lon="4.457864999291973">
    <ele>8.07</ele>
   </trkpt>
   <trkpt lat="50.95976" lon="4.458830000000001">
    <ele>8.120000000000001</ele>
   </trkpt>
   <trkpt lat="50.95973000000001" lon="4.458810000000001">
    <ele>8.190000000000001</ele>
   </trkpt>
   <trkpt lat="50.95973000000001" lon="4.459020000000001">
    <ele>8.16</ele>
   </trkpt>
   <trkpt lat="50.95962" lon="4.45903">
    <ele>8.190000000000001</ele>
   </trkpt>
   <trkpt lat="50.95884" lon="4.45851">
    <ele>8.030000000000001</ele>
   </trkpt>
   <trkpt lat="50.95872000000001" lon="4.45845">
    <ele>8.08</ele>
   </trkpt>
   <trkpt lat="50.958490000000005" lon="4.45849">
    <ele>8.06</ele>
   </trkpt>
   <trkpt lat="50.958330000000004" lon="4.45856">
    <ele>8.06</ele>
   </trkpt>
   <trkpt lat="50.95781500085957" lon="4.458960004296169">
    <ele>8.07</ele>
   </trkpt>
   <trkpt lat="50.957300000000004" lon="4.45936">
    <ele>7.94</ele>
   </trkpt>
   <trkpt lat="50.95698" lon="4.459560000000001">
    <ele>7.94</ele>
   </trkpt>
   <trkpt lat="50.956395000347875" lon="4.45987000393563">
    <ele>7.88</ele>
   </trkpt>
   <trkpt lat="50.95581000000001" lon="4.46018">
    <ele>7.87</ele>
   </trkpt>
   <trkpt lat="50.95562" lon="4.46023">
    <ele>7.87</ele>
   </trkpt>
   <trkpt lat="50.95521" lon="4.460260000000001">
    <ele>7.9300000000000015</ele>
   </trkpt>
   <trkpt lat="50.95449250003909" lon="4.460227498495846">
    <ele>7.9700000000000015</ele>
   </trkpt>
   <trkpt lat="50.95377500006915" lon="4.46019499799527">
    <ele>7.86</ele>
   </trkpt>
   <trkpt lat="50.95305750009018" lon="4.460162498498216">
    <ele>7.92</ele>
   </trkpt>
   <trkpt lat="50.95234000000001" lon="4.46013">
    <ele>8.100000000000001</ele>
   </trkpt>
   <trkpt lat="50.951890000000006" lon="4.46013">
    <ele>8.14</ele>
   </trkpt>
   <trkpt lat="50.95159" lon="4.46018">
    <ele>8.180000000000001</ele>
   </trkpt>
   <trkpt lat="50.95136" lon="4.46025">
    <ele>8.25</ele>
   </trkpt>
   <trkpt lat="50.95089500016041" lon="4.460445001951711">
    <ele>8.57</ele>
   </trkpt>
   <trkpt lat="50.950430000000004" lon="4.460640000000001">
    <ele>8.72</ele>
   </trkpt>
   <trkpt lat="50.950160000000004" lon="4.4607">
    <ele>8.72</ele>
   </trkpt>
   <trkpt lat="50.950030000000005" lon="4.4606900000000005">
    <ele>8.870000000000001</ele>
   </trkpt>
   <trkpt lat="50.94995" lon="4.460660000000001">
    <ele>8.870000000000001</ele>
   </trkpt>
   <trkpt lat="50.94988000000001" lon="4.46068">
    <ele>8.870000000000001</ele>
   </trkpt>
   <trkpt lat="50.94939" lon="4.4606200000000005">
    <ele>9.02</ele>
   </trkpt>
   <trkpt lat="50.948930000000004" lon="4.4605500000000005">
    <ele>9.23</ele>
   </trkpt>
   <trkpt lat="50.948840000000004" lon="4.46082">
    <ele>9.370000000000001</ele>
   </trkpt>
   <trkpt lat="50.94912" lon="4.461180000000001">
    <ele>9.0</ele>
   </trkpt>
   <trkpt lat="50.949220000000004" lon="4.461340000000001">
    <ele>8.98</ele>
   </trkpt>
   <trkpt lat="50.949360000000006" lon="4.46163">
    <ele>8.98</ele>
   </trkpt>
   <trkpt lat="50.94961000000001" lon="4.462350000000001">
    <ele>9.22</ele>
   </trkpt>
   <trkpt lat="50.94980000188246" lon="4.46300999738074">
    <ele>9.120000000000001</ele>
   </trkpt>
   <trkpt lat="50.94999000000001" lon="4.4636700000000005">
    <ele>9.19</ele>
   </trkpt>
   <trkpt lat="50.95009" lon="4.463900000000001">
    <ele>9.330000000000002</ele>
   </trkpt>
   <trkpt lat="50.95008000000001" lon="4.46403">
    <ele>9.330000000000002</ele>
   </trkpt>
   <trkpt lat="50.950190000000006" lon="4.46434">
    <ele>9.39</ele>
   </trkpt>
   <trkpt lat="50.9502" lon="4.46443">
    <ele>9.48</ele>
   </trkpt>
   <trkpt lat="50.95024" lon="4.4645">
    <ele>9.48</ele>
   </trkpt>
   <trkpt lat="50.950320000000005" lon="4.46476">
    <ele>9.24</ele>
   </trkpt>
   <trkpt lat="50.95037000000001" lon="4.46478">
    <ele>9.24</ele>
   </trkpt>
   <trkpt lat="50.95038" lon="4.4649600000000005">
    <ele>9.24</ele>
   </trkpt>
   <trkpt lat="50.95057000200201" lon="4.465639997319616">
    <ele>8.96</ele>
   </trkpt>
   <trkpt lat="50.95076" lon="4.4663200000000005">
    <ele>8.96</ele>
   </trkpt>
   <trkpt lat="50.95089" lon="4.4668600000000005">
    <ele>9.040000000000001</ele>
   </trkpt>
   <trkpt lat="50.95100000000001" lon="4.46767">
    <ele>8.83</ele>
   </trkpt>
   <trkpt lat="50.95107" lon="4.46907">
    <ele>8.75</ele>
   </trkpt>
   <trkpt lat="50.95111667923692" lon="4.470283330878107">
    <ele>8.43</ele>
   </trkpt>
   <trkpt lat="50.951163345902884" lon="4.471496664193048">
    <ele>8.46</ele>
   </trkpt>
   <trkpt lat="50.95121" lon="4.47271">
    <ele>8.56</ele>
   </trkpt>
   <trkpt lat="50.951295005986246" lon="4.473894997705874">
    <ele>8.56</ele>
   </trkpt>
   <trkpt lat="50.95138000000001" lon="4.47508">
    <ele>8.43</ele>
   </trkpt>
   <trkpt lat="50.95140000000001" lon="4.47567">
    <ele>8.26</ele>
   </trkpt>
   <trkpt lat="50.951330000000006" lon="4.47656">
    <ele>8.3</ele>
   </trkpt>
   <trkpt lat="50.951220000000006" lon="4.47724">
    <ele>8.450000000000001</ele>
   </trkpt>
   <trkpt lat="50.95103" lon="4.4782">
    <ele>8.370000000000001</ele>
   </trkpt>
   <trkpt lat="50.95103" lon="4.47869">
    <ele>8.48</ele>
   </trkpt>
   <trkpt lat="50.951060000000005" lon="4.4789900000000005">
    <ele>8.56</ele>
   </trkpt>
   <trkpt lat="50.95127" lon="4.47993">
    <ele>8.870000000000001</ele>
   </trkpt>
   <trkpt lat="50.95120000000001" lon="4.479990000000001">
    <ele>8.870000000000001</ele>
   </trkpt>
   <trkpt lat="50.950625004039885" lon="4.480552520888841">
    <ele>8.24</ele>
   </trkpt>
   <trkpt lat="50.95005000537783" lon="4.481115027859829">
    <ele>8.97</ele>
   </trkpt>
   <trkpt lat="50.94947500401394" lon="4.481677520913534">
    <ele>9.15</ele>
   </trkpt>
   <trkpt lat="50.9489" lon="4.48224">
    <ele>9.28</ele>
   </trkpt>
   <trkpt lat="50.948170000000005" lon="4.482880000000001">
    <ele>9.38</ele>
   </trkpt>
   <trkpt lat="50.948170000000005" lon="4.48289">
    <ele>9.38</ele>
   </trkpt>
   <trkpt lat="50.948060000000005" lon="4.482970000000001">
    <ele>9.41</ele>
   </trkpt>
   <trkpt lat="50.94800000000001" lon="4.482970000000001">
    <ele>9.41</ele>
   </trkpt>
   <trkpt lat="50.94737750253979" lon="4.482524982124668">
    <ele>9.24</ele>
   </trkpt>
   <trkpt lat="50.94675500338848" lon="4.482079976168137">
    <ele>9.260000000000002</ele>
   </trkpt>
   <trkpt lat="50.94613250254619" lon="4.481634982129854">
    <ele>9.41</ele>
   </trkpt>
   <trkpt lat="50.945510000000006" lon="4.481190000000001">
    <ele>9.47</ele>
   </trkpt>
   <trkpt lat="50.944880000000005" lon="4.48068">
    <ele>9.91</ele>
   </trkpt>
   <trkpt lat="50.94423333635751" lon="4.480083316719468">
    <ele>12.25</ele>
   </trkpt>
   <trkpt lat="50.9435866696748" lon="4.479486650038296">
    <ele>14.5</ele>
   </trkpt>
   <trkpt lat="50.94294000000001" lon="4.478890000000001">
    <ele>17.080000000000002</ele>
   </trkpt>
   <trkpt lat="50.94265000000001" lon="4.47867">
    <ele>15.75</ele>
   </trkpt>
   <trkpt lat="50.94205000118243" lon="4.478299990458488">
    <ele>13.44</ele>
   </trkpt>
   <trkpt lat="50.94145000119577" lon="4.477929990466866">
    <ele>12.090000000000002</ele>
   </trkpt>
   <trkpt lat="50.940850000000005" lon="4.47756">
    <ele>12.13</ele>
   </trkpt>
   <trkpt lat="50.940430000000006" lon="4.47724">
    <ele>12.13</ele>
   </trkpt>
   <trkpt lat="50.94008" lon="4.476920000000001">
    <ele>12.24</ele>
   </trkpt>
   <trkpt lat="50.939840000000004" lon="4.476660000000001">
    <ele>12.24</ele>
   </trkpt>
   <trkpt lat="50.939140003019055" lon="4.475814987243105">
    <ele>12.370000000000001</ele>
   </trkpt>
   <trkpt lat="50.93844000000001" lon="4.474970000000001">
    <ele>12.650000000000002</ele>
   </trkpt>
   <trkpt lat="50.937920000000005" lon="4.4743900000000005">
    <ele>12.870000000000001</ele>
   </trkpt>
   <trkpt lat="50.93733" lon="4.473920000000001">
    <ele>13.38</ele>
   </trkpt>
   <trkpt lat="50.93703000000001" lon="4.473750000000001">
    <ele>13.65</ele>
   </trkpt>
   <trkpt lat="50.936690000000006" lon="4.473590000000001">
    <ele>14.13</ele>
   </trkpt>
   <trkpt lat="50.936013334074154" lon="4.473289991257142">
    <ele>14.990000000000002</ele>
   </trkpt>
   <trkpt lat="50.93533666737971" lon="4.472989991244979">
    <ele>15.510000000000002</ele>
   </trkpt>
   <trkpt lat="50.93466" lon="4.47269">
    <ele>15.89</ele>
   </trkpt>
   <trkpt lat="50.93446" lon="4.47255">
    <ele>15.83</ele>
   </trkpt>
   <trkpt lat="50.93428" lon="4.47238">
    <ele>15.780000000000003</ele>
   </trkpt>
   <trkpt lat="50.933730000000004" lon="4.471690000000001">
    <ele>15.690000000000003</ele>
   </trkpt>
   <trkpt lat="50.933216671377885" lon="4.470949983714336">
    <ele>15.89</ele>
   </trkpt>
   <trkpt lat="50.93270333807907" lon="4.470209983764354">
    <ele>16.3</ele>
   </trkpt>
   <trkpt lat="50.932190000000006" lon="4.46947">
    <ele>16.790000000000003</ele>
   </trkpt>
   <trkpt lat="50.931740002393276" lon="4.468734993029871">
    <ele>17.040000000000003</ele>
   </trkpt>
   <trkpt lat="50.931290000000004" lon="4.468">
    <ele>17.490000000000002</ele>
   </trkpt>
   <trkpt lat="50.931020000000004" lon="4.4676100000000005">
    <ele>17.580000000000002</ele>
   </trkpt>
   <trkpt lat="50.930690000000006" lon="4.46724">
    <ele>17.94</ele>
   </trkpt>
   <trkpt lat="50.930600000000005" lon="4.4672">
    <ele>18.03</ele>
   </trkpt>
   <trkpt lat="50.93054000000001" lon="4.4672">
    <ele>18.03</ele>
   </trkpt>
   <trkpt lat="50.930640000000004" lon="4.467720000000001">
    <ele>18.330000000000002</ele>
   </trkpt>
   <trkpt lat="50.93065000000001" lon="4.468">
    <ele>18.62</ele>
   </trkpt>
   <trkpt lat="50.930640000000004" lon="4.46809">
    <ele>19.110000000000003</ele>
   </trkpt>
   <trkpt lat="50.930550000000004" lon="4.46835">
    <ele>17.39</ele>
   </trkpt>
   <trkpt lat="50.929782005236085" lon="4.467795963406744">
    <ele>17.39</ele>
   </trkpt>
   <trkpt lat="50.92901400785074" lon="4.467241945108825">
    <ele>17.39</ele>
   </trkpt>
   <trkpt lat="50.92824600784411" lon="4.466687945105204">
    <ele>20.41</ele>
   </trkpt>
   <trkpt lat="50.92747800521637" lon="4.466133963394834">
    <ele>20.41</ele>
   </trkpt>
   <trkpt lat="50.92671000000001" lon="4.46558">
    <ele>20.41</ele>
   </trkpt>
   <trkpt lat="50.926300000000005" lon="4.46527">
    <ele>20.46</ele>
   </trkpt>
   <trkpt lat="50.92596" lon="4.464980000000001">
    <ele>20.64</ele>
   </trkpt>
   <trkpt lat="50.925630000000005" lon="4.464670000000001">
    <ele>20.82</ele>
   </trkpt>
   <trkpt lat="50.925070000000005" lon="4.46401">
    <ele>22.53</ele>
   </trkpt>
   <trkpt lat="50.92472" lon="4.463500000000001">
    <ele>23.19</ele>
   </trkpt>
   <trkpt lat="50.924760000000006" lon="4.463430000000001">
    <ele>23.19</ele>
   </trkpt>
   <trkpt lat="50.924420000000005" lon="4.46286">
    <ele>22.51</ele>
   </trkpt>
   <trkpt lat="50.924110000000006" lon="4.462230000000001">
    <ele>21.23</ele>
   </trkpt>
   <trkpt lat="50.92387" lon="4.46166">
    <ele>19.57</ele>
   </trkpt>
   <trkpt lat="50.923660000000005" lon="4.461040000000001">
    <ele>18.18</ele>
   </trkpt>
   <trkpt lat="50.923410000000004" lon="4.46018">
    <ele>17.16</ele>
   </trkpt>
   <trkpt lat="50.923230002390255" lon="4.4594349972007725">
    <ele>16.96</ele>
   </trkpt>
   <trkpt lat="50.92305" lon="4.458690000000001">
    <ele>15.080000000000002</ele>
   </trkpt>
   <trkpt lat="50.9227760247689" lon="4.457485971667708">
    <ele>15.080000000000002</ele>
   </trkpt>
   <trkpt lat="50.92250203715646" lon="4.456281957516091">
    <ele>15.080000000000002</ele>
   </trkpt>
   <trkpt lat="50.92222803716295" lon="4.455077957545484">
    <ele>16.46</ele>
   </trkpt>
   <trkpt lat="50.921954024788654" lon="4.453873971756223">
    <ele>16.46</ele>
   </trkpt>
   <trkpt lat="50.92168" lon="4.45267">
    <ele>16.34</ele>
   </trkpt>
   <trkpt lat="50.92163000000001" lon="4.45253">
    <ele>16.3</ele>
   </trkpt>
   <trkpt lat="50.92157" lon="4.4525500000000005">
    <ele>16.3</ele>
   </trkpt>
   <trkpt lat="50.92105" lon="4.451440000000001">
    <ele>16.580000000000002</ele>
   </trkpt>
   <trkpt lat="50.92092" lon="4.451180000000001">
    <ele>16.6</ele>
   </trkpt>
   <trkpt lat="50.92080000000001" lon="4.4510000000000005">
    <ele>16.69</ele>
   </trkpt>
   <trkpt lat="50.920590000000004" lon="4.45082">
    <ele>16.830000000000002</ele>
   </trkpt>
   <trkpt lat="50.91984" lon="4.4502500000000005">
    <ele>17.44</ele>
   </trkpt>
   <trkpt lat="50.919700000000006" lon="4.45009">
    <ele>17.44</ele>
   </trkpt>
   <trkpt lat="50.9196" lon="4.44993">
    <ele>17.8</ele>
   </trkpt>
   <trkpt lat="50.9191250036341" lon="4.44900999064629">
    <ele>17.96</ele>
   </trkpt>
   <trkpt lat="50.91865000000001" lon="4.4480900000000005">
    <ele>18.65</ele>
   </trkpt>
   <trkpt lat="50.9183700037173" lon="4.447154994319992">
    <ele>18.67</ele>
   </trkpt>
   <trkpt lat="50.91809000000001" lon="4.44622">
    <ele>19.1</ele>
   </trkpt>
   <trkpt lat="50.91801" lon="4.446300000000001">
    <ele>19.270000000000003</ele>
   </trkpt>
   <trkpt lat="50.91761000117742" lon="4.446845004808803">
    <ele>20.130000000000003</ele>
   </trkpt>
   <trkpt lat="50.917210000000004" lon="4.44739">
    <ele>20.64</ele>
   </trkpt>
   <trkpt lat="50.916610000000006" lon="4.44817">
    <ele>21.720000000000002</ele>
   </trkpt>
   <trkpt lat="50.91653" lon="4.44821">
    <ele>21.720000000000002</ele>
   </trkpt>
   <trkpt lat="50.9164" lon="4.44815">
    <ele>22.660000000000004</ele>
   </trkpt>
   <trkpt lat="50.915980000000005" lon="4.44786">
    <ele>23.01</ele>
   </trkpt>
   <trkpt lat="50.915490000381304" lon="4.447509996213459">
    <ele>24.150000000000002</ele>
   </trkpt>
   <trkpt lat="50.915000000000006" lon="4.44716">
    <ele>24.57</ele>
   </trkpt>
   <trkpt lat="50.91458000048907" lon="4.4468749975244295">
    <ele>25.32</ele>
   </trkpt>
   <trkpt lat="50.91416" lon="4.4465900000000005">
    <ele>25.540000000000003</ele>
   </trkpt>
   <trkpt lat="50.913355001373645" lon="4.4460249902346485">
    <ele>26.55</ele>
   </trkpt>
   <trkpt lat="50.91255" lon="4.445460000000001">
    <ele>27.330000000000002</ele>
   </trkpt>
   <trkpt lat="50.912220000000005" lon="4.44519">
    <ele>28.060000000000002</ele>
   </trkpt>
   <trkpt lat="50.912020000000005" lon="4.44498">
    <ele>28.310000000000002</ele>
   </trkpt>
   <trkpt lat="50.91194" lon="4.44493">
    <ele>28.310000000000002</ele>
   </trkpt>
   <trkpt lat="50.911620000000006" lon="4.44477">
    <ele>28.68</ele>
   </trkpt>
   <trkpt lat="50.910900000000005" lon="4.44454">
    <ele>29.44</ele>
   </trkpt>
   <trkpt lat="50.910630000000005" lon="4.44456">
    <ele>29.970000000000002</ele>
   </trkpt>
   <trkpt lat="50.91058" lon="4.44458">
    <ele>29.980000000000004</ele>
   </trkpt>
   <trkpt lat="50.91051" lon="4.444520000000001">
    <ele>29.980000000000004</ele>
   </trkpt>
   <trkpt lat="50.910500000000006" lon="4.4444300000000005">
    <ele>29.76</ele>
   </trkpt>
   <trkpt lat="50.91057000000001" lon="4.44432">
    <ele>29.93</ele>
   </trkpt>
   <trkpt lat="50.910560000000004" lon="4.443280000000001">
    <ele>29.990000000000002</ele>
   </trkpt>
   <trkpt lat="50.9106" lon="4.44273">
    <ele>29.900000000000002</ele>
   </trkpt>
   <trkpt lat="50.91067" lon="4.442200000000001">
    <ele>29.86</ele>
   </trkpt>
   <trkpt lat="50.91089" lon="4.44129">
    <ele>28.900000000000002</ele>
   </trkpt>
   <trkpt lat="50.91121751482019" lon="4.440215022645957">
    <ele>27.62</ele>
   </trkpt>
   <trkpt lat="50.91154501976984" lon="4.4391400301636414">
    <ele>25.640000000000004</ele>
   </trkpt>
   <trkpt lat="50.9118725148487" lon="4.438065022553117">
    <ele>23.76</ele>
   </trkpt>
   <trkpt lat="50.912200000000006" lon="4.436990000000001">
    <ele>22.04</ele>
   </trkpt>
   <trkpt lat="50.91217" lon="4.436920000000001">
    <ele>22.04</ele>
   </trkpt>
   <trkpt lat="50.9121" lon="4.43684">
    <ele>22.340000000000003</ele>
   </trkpt>
   <trkpt lat="50.91189000000001" lon="4.43674">
    <ele>22.480000000000004</ele>
   </trkpt>
   <trkpt lat="50.91125" lon="4.437010000000001">
    <ele>24.380000000000003</ele>
   </trkpt>
   <trkpt lat="50.91105" lon="4.43705">
    <ele>24.380000000000003</ele>
   </trkpt>
   <trkpt lat="50.91085" lon="4.43703">
    <ele>24.76</ele>
   </trkpt>
   <trkpt lat="50.91017" lon="4.43675">
    <ele>26.310000000000002</ele>
   </trkpt>
   <trkpt lat="50.90999000000001" lon="4.436710000000001">
    <ele>26.67</ele>
   </trkpt>
   <trkpt lat="50.909740000000006" lon="4.43672">
    <ele>27.200000000000003</ele>
   </trkpt>
   <trkpt lat="50.909600000000005" lon="4.43675">
    <ele>27.62</ele>
   </trkpt>
   <trkpt lat="50.90946" lon="4.43681">
    <ele>28.610000000000003</ele>
   </trkpt>
   <trkpt lat="50.909090000000006" lon="4.4370400000000005">
    <ele>28.89</ele>
   </trkpt>
   <trkpt lat="50.908480000000004" lon="4.437480000000001">
    <ele>30.230000000000004</ele>
   </trkpt>
   <trkpt lat="50.908240000000006" lon="4.4377">
    <ele>30.53</ele>
   </trkpt>
   <trkpt lat="50.908060000000006" lon="4.43787">
    <ele>30.900000000000002</ele>
   </trkpt>
   <trkpt lat="50.90771" lon="4.43827">
    <ele>31.060000000000002</ele>
   </trkpt>
   <trkpt lat="50.907360000000004" lon="4.4388000000000005">
    <ele>31.32</ele>
   </trkpt>
   <trkpt lat="50.90708000000001" lon="4.43926">
    <ele>31.6</ele>
   </trkpt>
   <trkpt lat="50.90650000400918" lon="4.44023001210095">
    <ele>31.85</ele>
   </trkpt>
   <trkpt lat="50.90592" lon="4.4412">
    <ele>32.14</ele>
   </trkpt>
   <trkpt lat="50.90589000000001" lon="4.44136">
    <ele>32.14</ele>
   </trkpt>
   <trkpt lat="50.905750000000005" lon="4.4416">
    <ele>32.25</ele>
   </trkpt>
   <trkpt lat="50.905710000000006" lon="4.44172">
    <ele>32.260000000000005</ele>
   </trkpt>
   <trkpt lat="50.9057" lon="4.44193">
    <ele>32.260000000000005</ele>
   </trkpt>
   <trkpt lat="50.90567" lon="4.44198">
    <ele>32.39</ele>
   </trkpt>
   <trkpt lat="50.90560000000001" lon="4.44204">
    <ele>32.39</ele>
   </trkpt>
   <trkpt lat="50.905530000000006" lon="4.44205">
    <ele>32.39</ele>
   </trkpt>
   <trkpt lat="50.905460000000005" lon="4.44197">
    <ele>32.49</ele>
   </trkpt>
   <trkpt lat="50.9050700017598" lon="4.4426100053443545">
    <ele>32.84</ele>
   </trkpt>
   <trkpt lat="50.904680000000006" lon="4.44325">
    <ele>33.95</ele>
   </trkpt>
   <trkpt lat="50.904520000000005" lon="4.4439">
    <ele>34.06</ele>
   </trkpt>
   <trkpt lat="50.90457000000001" lon="4.443720000000001">
    <ele>34.06</ele>
   </trkpt>
   <trkpt lat="50.9041300037375" lon="4.443059987549674">
    <ele>34.06</ele>
   </trkpt>
   <trkpt lat="50.90369000375406" lon="4.442399987574666">
    <ele>34.92</ele>
   </trkpt>
   <trkpt lat="50.90325000000001" lon="4.44174">
    <ele>35.10000000000001</ele>
   </trkpt>
   <trkpt lat="50.90281" lon="4.44118">
    <ele>35.47</ele>
   </trkpt>
   <trkpt lat="50.90243" lon="4.4407700000000006">
    <ele>35.59</ele>
   </trkpt>
   <trkpt lat="50.90214" lon="4.4404900000000005">
    <ele>35.95</ele>
   </trkpt>
   <trkpt lat="50.90169" lon="4.4400900000000005">
    <ele>36.35</ele>
   </trkpt>
   <trkpt lat="50.901590000000006" lon="4.440320000000001">
    <ele>36.230000000000004</ele>
   </trkpt>
   <trkpt lat="50.901540000000004" lon="4.440320000000001">
    <ele>36.160000000000004</ele>
   </trkpt>
   <trkpt lat="50.90104" lon="4.439850000000001">
    <ele>35.97</ele>
   </trkpt>
   <trkpt lat="50.900740000000006" lon="4.43961">
    <ele>35.81</ele>
   </trkpt>
   <trkpt lat="50.9005" lon="4.4394800000000005">
    <ele>35.92</ele>
   </trkpt>
   <trkpt lat="50.900330000000004" lon="4.43944">
    <ele>31.62</ele>
   </trkpt>
   <trkpt lat="50.900240000000004" lon="4.43946">
    <ele>31.62</ele>
   </trkpt>
   <trkpt lat="50.90014000000001" lon="4.43956">
    <ele>31.62</ele>
   </trkpt>
   <trkpt lat="50.8997" lon="4.440300000000001">
    <ele>37.1</ele>
   </trkpt>
   <trkpt lat="50.89958000000001" lon="4.440530000000001">
    <ele>37.61000000000001</ele>
   </trkpt>
   <trkpt lat="50.899530000000006" lon="4.440650000000001">
    <ele>37.61000000000001</ele>
   </trkpt>
   <trkpt lat="50.899350000000005" lon="4.441000000000001">
    <ele>37.89</ele>
   </trkpt>
   <trkpt lat="50.89931000000001" lon="4.4410300000000005">
    <ele>37.89</ele>
   </trkpt>
   <trkpt lat="50.899055001921305" lon="4.441695003556967">
    <ele>38.68000000000001</ele>
   </trkpt>
   <trkpt lat="50.8988" lon="4.442360000000001">
    <ele>39.41</ele>
   </trkpt>
   <trkpt lat="50.898390000000006" lon="4.443180000000001">
    <ele>40.24</ele>
   </trkpt>
   <trkpt lat="50.89831" lon="4.4434000000000005">
    <ele>40.42</ele>
   </trkpt>
   <trkpt lat="50.897800000000004" lon="4.44447">
    <ele>41.35</ele>
   </trkpt>
   <trkpt lat="50.897445002476026" lon="4.445235005882713">
    <ele>40.760000000000005</ele>
   </trkpt>
   <trkpt lat="50.897090000000006" lon="4.446000000000001">
    <ele>38.95</ele>
   </trkpt>
   <trkpt lat="50.89679" lon="4.4467300000000005">
    <ele>37.81</ele>
   </trkpt>
   <trkpt lat="50.89640335606394" lon="4.44776170949606">
    <ele>36.480000000000004</ele>
   </trkpt>
   <trkpt lat="50.89601670303523" lon="4.448793401860305">
    <ele>34.080000000000005</ele>
   </trkpt>
   <trkpt lat="50.89563004091415" lon="4.449825077092856">
    <ele>32.080000000000005</ele>
   </trkpt>
   <trkpt lat="50.895243369700964" lon="4.45085673519383">
    <ele>30.310000000000002</ele>
   </trkpt>
   <trkpt lat="50.89485668939597" lon="4.451888376163346">
    <ele>28.44</ele>
   </trkpt>
   <trkpt lat="50.894470000000005" lon="4.452920000000001">
    <ele>27.380000000000003</ele>
   </trkpt>
   <trkpt lat="50.894360000000006" lon="4.4533700000000005">
    <ele>27.37</ele>
   </trkpt>
   <trkpt lat="50.894110008021386" lon="4.4543400104772894">
    <ele>27.080000000000002</ele>
   </trkpt>
   <trkpt lat="50.89386000800496" lon="4.455310010540885">
    <ele>28.35</ele>
   </trkpt>
   <trkpt lat="50.89361" lon="4.4562800000000005">
    <ele>31.040000000000003</ele>
   </trkpt>
   <trkpt lat="50.89367000000001" lon="4.45647">
    <ele>31.540000000000006</ele>
   </trkpt>
   <trkpt lat="50.894000000000005" lon="4.4568">
    <ele>33.09</ele>
   </trkpt>
   <trkpt lat="50.894180000000006" lon="4.45711">
    <ele>34.06</ele>
   </trkpt>
   <trkpt lat="50.894460001365076" lon="4.4576999961962125">
    <ele>35.910000000000004</ele>
   </trkpt>
   <trkpt lat="50.894740000000006" lon="4.458290000000001">
    <ele>38.61000000000001</ele>
   </trkpt>
   <trkpt lat="50.89482" lon="4.45854">
    <ele>38.61000000000001</ele>
   </trkpt>
   <trkpt lat="50.89484" lon="4.45887">
    <ele>39.49</ele>
   </trkpt>
   <trkpt lat="50.89481000000001" lon="4.4592">
    <ele>39.88</ele>
   </trkpt>
   <trkpt lat="50.89477" lon="4.45936">
    <ele>40.34</ele>
   </trkpt>
   <trkpt lat="50.89464" lon="4.45962">
    <ele>40.74</ele>
   </trkpt>
   <trkpt lat="50.89455" lon="4.45976">
    <ele>40.67</ele>
   </trkpt>
   <trkpt lat="50.893840001572016" lon="4.460350008923654">
    <ele>40.03</ele>
   </trkpt>
   <trkpt lat="50.893130000000006" lon="4.460940000000001">
    <ele>33.59</ele>
   </trkpt>
   <trkpt lat="50.892900000000004" lon="4.46119">
    <ele>32.32</ele>
   </trkpt>
   <trkpt lat="50.89274" lon="4.461390000000001">
    <ele>31.22</ele>
   </trkpt>
   <trkpt lat="50.89267" lon="4.461550000000001">
    <ele>31.17</ele>
   </trkpt>
   <trkpt lat="50.89266000000001" lon="4.46168">
    <ele>31.17</ele>
   </trkpt>
   <trkpt lat="50.892610000000005" lon="4.46175">
    <ele>31.17</ele>
   </trkpt>
   <trkpt lat="50.89253" lon="4.4617700000000005">
    <ele>31.01</ele>
   </trkpt>
   <trkpt lat="50.89249" lon="4.461740000000001">
    <ele>31.01</ele>
   </trkpt>
   <trkpt lat="50.892450000000004" lon="4.4618400000000005">
    <ele>31.180000000000003</ele>
   </trkpt>
   <trkpt lat="50.89222" lon="4.46283">
    <ele>31.66</ele>
   </trkpt>
   <trkpt lat="50.892160000000004" lon="4.46319">
    <ele>31.900000000000006</ele>
   </trkpt>
   <trkpt lat="50.89202500583956" lon="4.464360003456237">
    <ele>32.71</ele>
   </trkpt>
   <trkpt lat="50.891890000000004" lon="4.46553">
    <ele>33.830000000000005</ele>
   </trkpt>
   <trkpt lat="50.89155" lon="4.46678">
    <ele>36.63</ele>
   </trkpt>
   <trkpt lat="50.89146" lon="4.467020000000001">
    <ele>36.93000000000001</ele>
   </trkpt>
   <trkpt lat="50.891450000000006" lon="4.46715">
    <ele>37.480000000000004</ele>
   </trkpt>
   <trkpt lat="50.89132000000001" lon="4.46762">
    <ele>37.73</ele>
   </trkpt>
   <trkpt lat="50.891270000000006" lon="4.4676800000000005">
    <ele>37.93000000000001</ele>
   </trkpt>
   <trkpt lat="50.89123000000001" lon="4.4676800000000005">
    <ele>37.93000000000001</ele>
   </trkpt>
   <trkpt lat="50.89099" lon="4.4684800000000005">
    <ele>38.830000000000005</ele>
   </trkpt>
   <trkpt lat="50.89101" lon="4.46853">
    <ele>38.830000000000005</ele>
   </trkpt>
   <trkpt lat="50.891000000000005" lon="4.468660000000001">
    <ele>38.830000000000005</ele>
   </trkpt>
   <trkpt lat="50.890745001444124" lon="4.469255003416237">
    <ele>39.28</ele>
   </trkpt>
   <trkpt lat="50.89049000000001" lon="4.46985">
    <ele>39.63</ele>
   </trkpt>
   <trkpt lat="50.89016" lon="4.47055">
    <ele>40.75</ele>
   </trkpt>
   <trkpt lat="50.890100000000004" lon="4.47083">
    <ele>40.92</ele>
   </trkpt>
   <trkpt lat="50.89005" lon="4.47081">
    <ele>40.92</ele>
   </trkpt>
   <trkpt lat="50.889950000000006" lon="4.47085">
    <ele>40.970000000000006</ele>
   </trkpt>
   <trkpt lat="50.889880000000005" lon="4.47098">
    <ele>41.190000000000005</ele>
   </trkpt>
   <trkpt lat="50.88987" lon="4.471080000000001">
    <ele>41.190000000000005</ele>
   </trkpt>
   <trkpt lat="50.88989" lon="4.47118">
    <ele>41.190000000000005</ele>
   </trkpt>
   <trkpt lat="50.88994" lon="4.47128">
    <ele>41.370000000000005</ele>
   </trkpt>
   <trkpt lat="50.889480000000006" lon="4.4721400000000004">
    <ele>41.99000000000001</ele>
   </trkpt>
   <trkpt lat="50.88913" lon="4.47273">
    <ele>42.64</ele>
   </trkpt>
   <trkpt lat="50.88881000000001" lon="4.4731000000000005">
    <ele>43.43</ele>
   </trkpt>
   <trkpt lat="50.88829000022896" lon="4.473365002994381">
    <ele>43.7</ele>
   </trkpt>
   <trkpt lat="50.88777" lon="4.47363">
    <ele>45.02</ele>
   </trkpt>
   <trkpt lat="50.88705" lon="4.473870000000001">
    <ele>45.910000000000004</ele>
   </trkpt>
   <trkpt lat="50.886660000000006" lon="4.47398">
    <ele>46.02</ele>
   </trkpt>
   <trkpt lat="50.886004999894915" lon="4.474110001862979">
    <ele>46.89</ele>
   </trkpt>
   <trkpt lat="50.88535" lon="4.47424">
    <ele>47.64</ele>
   </trkpt>
   <trkpt lat="50.88517" lon="4.4742500000000005">
    <ele>47.92</ele>
   </trkpt>
   <trkpt lat="50.885180000000005" lon="4.47426">
    <ele>45.06</ele>
   </trkpt>
   <trkpt lat="50.88432333341702" lon="4.474179997060685">
    <ele>45.06</ele>
   </trkpt>
   <trkpt lat="50.88346666677937" lon="4.474099997063459">
    <ele>44.97</ele>
   </trkpt>
   <trkpt lat="50.88261000000001" lon="4.47402">
    <ele>44.97</ele>
   </trkpt>
   <trkpt lat="50.882340000000006" lon="4.47402">
    <ele>44.92</ele>
   </trkpt>
   <trkpt lat="50.881530000000005" lon="4.474360000000001">
    <ele>42.39</ele>
   </trkpt>
   <trkpt lat="50.88120000000001" lon="4.47463">
    <ele>41.650000000000006</ele>
   </trkpt>
   <trkpt lat="50.88102000000001" lon="4.47471">
    <ele>40.18</ele>
   </trkpt>
   <trkpt lat="50.880880000000005" lon="4.474740000000001">
    <ele>40.18</ele>
   </trkpt>
   <trkpt lat="50.88073000000001" lon="4.47473">
    <ele>38.36000000000001</ele>
   </trkpt>
   <trkpt lat="50.880500000000005" lon="4.4746500000000005">
    <ele>37.44</ele>
   </trkpt>
   <trkpt lat="50.88044000000001" lon="4.47461">
    <ele>37.410000000000004</ele>
   </trkpt>
   <trkpt lat="50.88038" lon="4.47473">
    <ele>37.27</ele>
   </trkpt>
   <trkpt lat="50.880390000000006" lon="4.4749300000000005">
    <ele>37.01</ele>
   </trkpt>
   <trkpt lat="50.88069" lon="4.47571">
    <ele>36.95</ele>
   </trkpt>
   <trkpt lat="50.880930000000006" lon="4.4764">
    <ele>37.2</ele>
   </trkpt>
   <trkpt lat="50.88114" lon="4.477200000000001">
    <ele>37.68000000000001</ele>
   </trkpt>
   <trkpt lat="50.88138000000001" lon="4.4785">
    <ele>38.19</ele>
   </trkpt>
   <trkpt lat="50.881550000000004" lon="4.479550000000001">
    <ele>38.25000000000001</ele>
   </trkpt>
   <trkpt lat="50.88159" lon="4.48001">
    <ele>38.39</ele>
   </trkpt>
   <trkpt lat="50.88157" lon="4.480630000000001">
    <ele>39.0</ele>
   </trkpt>
   <trkpt lat="50.881550000000004" lon="4.48071">
    <ele>39.0</ele>
   </trkpt>
   <trkpt lat="50.88148" lon="4.480790000000001">
    <ele>39.040000000000006</ele>
   </trkpt>
   <trkpt lat="50.88116" lon="4.48113">
    <ele>39.75</ele>
   </trkpt>
   <trkpt lat="50.881060000000005" lon="4.48128">
    <ele>39.75</ele>
   </trkpt>
   <trkpt lat="50.880640005229" lon="4.482060014003706">
    <ele>42.34</ele>
   </trkpt>
   <trkpt lat="50.880220005260036" lon="4.482840013945831">
    <ele>43.58</ele>
   </trkpt>
   <trkpt lat="50.8798" lon="4.48362">
    <ele>47.00000000000001</ele>
   </trkpt>
   <trkpt lat="50.879690000000004" lon="4.48376">
    <ele>47.00000000000001</ele>
   </trkpt>
   <trkpt lat="50.87946" lon="4.483980000000001">
    <ele>47.75</ele>
   </trkpt>
   <trkpt lat="50.87935" lon="4.484050000000001">
    <ele>47.88</ele>
   </trkpt>
   <trkpt lat="50.879160000000006" lon="4.48413">
    <ele>48.18</ele>
   </trkpt>
   <trkpt lat="50.87897" lon="4.48416">
    <ele>48.650000000000006</ele>
   </trkpt>
   <trkpt lat="50.87809000000001" lon="4.48413">
    <ele>51.34</ele>
   </trkpt>
   <trkpt lat="50.877410000000005" lon="4.484170000000001">
    <ele>53.6</ele>
   </trkpt>
   <trkpt lat="50.877010000000006" lon="4.48423">
    <ele>54.81</ele>
   </trkpt>
   <trkpt lat="50.876760000000004" lon="4.4843">
    <ele>55.59</ele>
   </trkpt>
   <trkpt lat="50.876360000000005" lon="4.48442">
    <ele>56.910000000000004</ele>
   </trkpt>
   <trkpt lat="50.87570000057957" lon="4.484683340797141">
    <ele>60.27</ele>
   </trkpt>
   <trkpt lat="50.87504000056666" lon="4.484946674135492">
    <ele>60.99</ele>
   </trkpt>
   <trkpt lat="50.87438" lon="4.48521">
    <ele>64.01</ele>
   </trkpt>
   <trkpt lat="50.874030000000005" lon="4.48536">
    <ele>64.97</ele>
   </trkpt>
   <trkpt lat="50.87353" lon="4.48562">
    <ele>66.32000000000001</ele>
   </trkpt>
   <trkpt lat="50.87297000061543" lon="4.48593000361127">
    <ele>66.94</ele>
   </trkpt>
   <trkpt lat="50.87241" lon="4.4862400000000004">
    <ele>67.52000000000001</ele>
   </trkpt>
   <trkpt lat="50.87229000000001" lon="4.48636">
    <ele>67.68</ele>
   </trkpt>
   <trkpt lat="50.871970000000005" lon="4.48655">
    <ele>68.05</ele>
   </trkpt>
   <trkpt lat="50.87181" lon="4.48676">
    <ele>68.4</ele>
   </trkpt>
   <trkpt lat="50.871500000000005" lon="4.48726">
    <ele>68.55</ele>
   </trkpt>
   <trkpt lat="50.87122" lon="4.48789">
    <ele>66.80000000000001</ele>
   </trkpt>
   <trkpt lat="50.8708775116482" lon="4.4888425209393095">
    <ele>66.80000000000001</ele>
   </trkpt>
   <trkpt lat="50.87053501554453" lon="4.489795027880813">
    <ele>70.02</ele>
   </trkpt>
   <trkpt lat="50.870192511689226" lon="4.490747520824571">
    <ele>70.02</ele>
   </trkpt>
   <trkpt lat="50.86985000000001" lon="4.491700000000001">
    <ele>70.02</ele>
   </trkpt>
   <trkpt lat="50.869870000000006" lon="4.49172">
    <ele>70.02</ele>
   </trkpt>
   <trkpt lat="50.86981" lon="4.49204">
    <ele>70.07000000000001</ele>
   </trkpt>
   <trkpt lat="50.869870000000006" lon="4.4917300000000004">
    <ele>67.56</ele>
   </trkpt>
   <trkpt lat="50.869800000000005" lon="4.4922200000000005">
    <ele>67.43</ele>
   </trkpt>
   <trkpt lat="50.86978668170522" lon="4.49354666737171">
    <ele>67.43</ele>
   </trkpt>
   <trkpt lat="50.86977334837242" lon="4.4948733339848825">
    <ele>69.70000000000002</ele>
   </trkpt>
   <trkpt lat="50.86976000000001" lon="4.4962">
    <ele>69.70000000000002</ele>
   </trkpt>
   <trkpt lat="50.86972" lon="4.49661">
    <ele>69.69</ele>
   </trkpt>
   <trkpt lat="50.869706678970594" lon="4.497810000649922">
    <ele>69.28</ele>
   </trkpt>
   <trkpt lat="50.86969334563766" lon="4.499010000613661">
    <ele>69.17</ele>
   </trkpt>
   <trkpt lat="50.86968" lon="4.50021">
    <ele>68.4</ele>
   </trkpt>
   <trkpt lat="50.86970001473664" lon="4.501523332164181">
    <ele>67.5</ele>
   </trkpt>
   <trkpt lat="50.86972001473599" lon="4.5028366654557805">
    <ele>66.88000000000001</ele>
   </trkpt>
   <trkpt lat="50.86974000000001" lon="4.50415">
    <ele>66.77000000000001</ele>
   </trkpt>
   <trkpt lat="50.869805002526356" lon="4.504914999242059">
    <ele>66.72</ele>
   </trkpt>
   <trkpt lat="50.869870000000006" lon="4.505680000000001">
    <ele>66.67</ele>
   </trkpt>
   <trkpt lat="50.870025005979336" lon="4.506864995909867">
    <ele>66.49000000000001</ele>
   </trkpt>
   <trkpt lat="50.870180000000005" lon="4.508050000000001">
    <ele>66.11</ele>
   </trkpt>
   <trkpt lat="50.870270000000005" lon="4.50898">
    <ele>65.43</ele>
   </trkpt>
   <trkpt lat="50.87035" lon="4.51003">
    <ele>64.98</ele>
   </trkpt>
   <trkpt lat="50.87041000000001" lon="4.51132">
    <ele>65.27000000000001</ele>
   </trkpt>
   <trkpt lat="50.8705000035105" lon="4.512229997968263">
    <ele>66.14</ele>
   </trkpt>
   <trkpt lat="50.87059000000001" lon="4.51314">
    <ele>66.75</ele>
   </trkpt>
   <trkpt lat="50.87068000544801" lon="4.514269997731105">
    <ele>67.17</ele>
   </trkpt>
   <trkpt lat="50.87077000000001" lon="4.5154000000000005">
    <ele>67.68</ele>
   </trkpt>
   <trkpt lat="50.87082" lon="4.515700000000001">
    <ele>67.96000000000001</ele>
   </trkpt>
   <trkpt lat="50.87099500199224" lon="4.516384997380038">
    <ele>68.24000000000001</ele>
   </trkpt>
   <trkpt lat="50.871170000000006" lon="4.51707">
    <ele>68.54</ele>
   </trkpt>
   <trkpt lat="50.8714300024816" lon="4.517829995801774">
    <ele>68.8</ele>
   </trkpt>
   <trkpt lat="50.87169" lon="4.5185900000000006">
    <ele>69.14</ele>
   </trkpt>
   <trkpt lat="50.87187500224161" lon="4.519309997247385">
    <ele>69.62</ele>
   </trkpt>
   <trkpt lat="50.872060000000005" lon="4.52003">
    <ele>69.81000000000002</ele>
   </trkpt>
   <trkpt lat="50.872220000000006" lon="4.52066">
    <ele>70.49000000000001</ele>
   </trkpt>
   <trkpt lat="50.872405003552" lon="4.521574996246423">
    <ele>71.02</ele>
   </trkpt>
   <trkpt lat="50.87259" lon="4.52249">
    <ele>72.41</ele>
   </trkpt>
   <trkpt lat="50.87282500451914" lon="4.52351999474986">
    <ele>72.56</ele>
   </trkpt>
   <trkpt lat="50.87306" lon="4.5245500000000005">
    <ele>72.61</ele>
   </trkpt>
   <trkpt lat="50.873050000000006" lon="4.5248">
    <ele>72.48</ele>
   </trkpt>
   <trkpt lat="50.87312000000001" lon="4.52487">
    <ele>72.13</ele>
   </trkpt>
   <trkpt lat="50.87319" lon="4.52505">
    <ele>72.32000000000001</ele>
   </trkpt>
   <trkpt lat="50.87317" lon="4.525180000000001">
    <ele>72.32000000000001</ele>
   </trkpt>
   <trkpt lat="50.87317" lon="4.52519">
    <ele>73.17000000000002</ele>
   </trkpt>
   <trkpt lat="50.87354002076477" lon="4.526462469737933">
    <ele>73.17000000000002</ele>
   </trkpt>
   <trkpt lat="50.873910027695246" lon="4.527734959680362">
    <ele>62.480000000000004</ele>
   </trkpt>
   <trkpt lat="50.87428002079105" lon="4.5290074698271185">
    <ele>62.480000000000004</ele>
   </trkpt>
   <trkpt lat="50.87465" lon="4.53028">
    <ele>62.44</ele>
   </trkpt>
   <trkpt lat="50.87465" lon="4.530270000000001">
    <ele>60.440000000000005</ele>
   </trkpt>
   <trkpt lat="50.874900000000004" lon="4.5310500000000005">
    <ele>58.88</ele>
   </trkpt>
   <trkpt lat="50.8752200055906" lon="4.531859988838656">
    <ele>58.09</ele>
   </trkpt>
   <trkpt lat="50.87554000557569" lon="4.532669988800797">
    <ele>57.03</ele>
   </trkpt>
   <trkpt lat="50.87586" lon="4.53348">
    <ele>56.09</ele>
   </trkpt>
   <trkpt lat="50.87604" lon="4.5340300000000004">
    <ele>55.34</ele>
   </trkpt>
   <trkpt lat="50.87615" lon="4.5344500000000005">
    <ele>55.34</ele>
   </trkpt>
   <trkpt lat="50.87630000000001" lon="4.53526">
    <ele>54.830000000000005</ele>
   </trkpt>
   <trkpt lat="50.87641500388454" lon="4.536209997896945">
    <ele>54.82000000000001</ele>
   </trkpt>
   <trkpt lat="50.87653" lon="4.53716">
    <ele>55.66</ele>
   </trkpt>
   <trkpt lat="50.876560000000005" lon="4.5381100000000005">
    <ele>56.480000000000004</ele>
   </trkpt>
   <trkpt lat="50.87651" lon="4.53904">
    <ele>55.900000000000006</ele>
   </trkpt>
   <trkpt lat="50.876425002212756" lon="4.539760001328177">
    <ele>55.23</ele>
   </trkpt>
   <trkpt lat="50.876340000000006" lon="4.5404800000000005">
    <ele>54.690000000000005</ele>
   </trkpt>
   <trkpt lat="50.87628" lon="4.540710000000001">
    <ele>54.690000000000005</ele>
   </trkpt>
   <trkpt lat="50.876050000000006" lon="4.541250000000001">
    <ele>55.31</ele>
   </trkpt>
   <trkpt lat="50.87597" lon="4.541580000000001">
    <ele>55.53</ele>
   </trkpt>
   <trkpt lat="50.87592" lon="4.54209">
    <ele>57.080000000000005</ele>
   </trkpt>
   <trkpt lat="50.87595" lon="4.54241">
    <ele>57.14</ele>
   </trkpt>
   <trkpt lat="50.87603000000001" lon="4.54283">
    <ele>57.17</ele>
   </trkpt>
   <trkpt lat="50.87630000000001" lon="4.54377">
    <ele>56.790000000000006</ele>
   </trkpt>
   <trkpt lat="50.876340000000006" lon="4.54377">
    <ele>56.790000000000006</ele>
   </trkpt>
   <trkpt lat="50.876430000000006" lon="4.54394">
    <ele>56.290000000000006</ele>
   </trkpt>
   <trkpt lat="50.876825003018375" lon="4.544769993123487">
    <ele>55.330000000000005</ele>
   </trkpt>
   <trkpt lat="50.87722" lon="4.5456">
    <ele>54.81</ele>
   </trkpt>
   <trkpt lat="50.877520003034334" lon="4.546439994648751">
    <ele>55.61000000000001</ele>
   </trkpt>
   <trkpt lat="50.87782000000001" lon="4.547280000000001">
    <ele>55.74</ele>
   </trkpt>
   <trkpt lat="50.87805" lon="4.54776">
    <ele>55.07000000000001</ele>
   </trkpt>
   <trkpt lat="50.87825" lon="4.548290000000001">
    <ele>53.910000000000004</ele>
   </trkpt>
   <trkpt lat="50.87847000000001" lon="4.54905">
    <ele>52.46000000000001</ele>
   </trkpt>
   <trkpt lat="50.87858000000001" lon="4.54961">
    <ele>52.04</ele>
   </trkpt>
   <trkpt lat="50.87879" lon="4.5508500000000005">
    <ele>51.550000000000004</ele>
   </trkpt>
   <trkpt lat="50.878890000000006" lon="4.5516700000000005">
    <ele>51.04</ele>
   </trkpt>
  </trkseg>
 </trk>
</gpx>
