<?xml version="1.0" encoding="UTF-8"?>
<gpx creator="StravaGPX" version="1.1" xmlns="http://www.topografix.com/GPX/1/1" xmlns:xsi="http://www.w3.org/2001/XMLSchema-instance" xsi:schemaLocation="http://www.topografix.com/GPX/1/1 http://www.topografix.com/GPX/1/1/gpx.xsd">
 <metadata>
  <name>OACT - Tielt-Winge 2026</name>
  <desc>2025 omgekeerd</desc>
  <author>
   <name>Haecky 🐻</name>
   <link href="https://www.strava.com/athletes/1643587"/>
  </author>
  <copyright author="OpenStreetMap contributors">
   <year>2020</year>
   <license>https://www.openstreetmap.org/copyright</license>
  </copyright>
  <link href="https://www.strava.com/routes/3508538508669839084"/>
 </metadata>
 <trk>
  <name>OACT - Tielt-Winge 2026</name>
  <desc>2025 omgekeerd</desc>
  <link href="https://www.strava.com/routes/3508538508669839084"/>
  <type>cycling</type>
  <trkseg>
   <trkpt lat="50.878930000000004" lon="4.552020000000001">
    <ele>51.010000000000005</ele>
   </trkpt>
   <trkpt lat="50.879020000000004" lon="4.5528">
    <ele>50.980000000000004</ele>
   </trkpt>
   <trkpt lat="50.87917000591496" lon="4.5539749963528235">
    <ele>50.81</ele>
   </trkpt>
   <trkpt lat="50.87932000000001" lon="4.55515">
    <ele>51.510000000000005</ele>
   </trkpt>
   <trkpt lat="50.879585004431604" lon="4.55616499434535">
    <ele>53.230000000000004</ele>
   </trkpt>
   <trkpt lat="50.879850000000005" lon="4.557180000000001">
    <ele>53.42</ele>
   </trkpt>
   <trkpt lat="50.88005334570682" lon="4.558383322845809">
    <ele>53.42</ele>
   </trkpt>
   <trkpt lat="50.880256679042695" lon="4.559586656193951">
    <ele>51.92</ele>
   </trkpt>
   <trkpt lat="50.88046000000001" lon="4.560790000000001">
    <ele>51.92</ele>
   </trkpt>
   <trkpt lat="50.880500000000005" lon="4.5613600000000005">
    <ele>51.050000000000004</ele>
   </trkpt>
   <trkpt lat="50.88047" lon="4.56195">
    <ele>50.53</ele>
   </trkpt>
   <trkpt lat="50.88028000450277" lon="4.562975004099827">
    <ele>49.06</ele>
   </trkpt>
   <trkpt lat="50.88009" lon="4.564">
    <ele>46.6</ele>
   </trkpt>
   <trkpt lat="50.88006000000001" lon="4.56426">
    <ele>46.150000000000006</ele>
   </trkpt>
   <trkpt lat="50.88007500398007" lon="4.565224999825937">
    <ele>45.62</ele>
   </trkpt>
   <trkpt lat="50.88009" lon="4.566190000000001">
    <ele>45.45</ele>
   </trkpt>
   <trkpt lat="50.88015000000001" lon="4.5662">
    <ele>45.38</ele>
   </trkpt>
   <trkpt lat="50.880190000000006" lon="4.56629">
    <ele>45.38</ele>
   </trkpt>
   <trkpt lat="50.88018" lon="4.56641">
    <ele>45.37</ele>
   </trkpt>
   <trkpt lat="50.88011" lon="4.566470000000001">
    <ele>45.37</ele>
   </trkpt>
   <trkpt lat="50.880120000000005" lon="4.566890000000001">
    <ele>45.02</ele>
   </trkpt>
   <trkpt lat="50.880190000000006" lon="4.567760000000001">
    <ele>44.910000000000004</ele>
   </trkpt>
   <trkpt lat="50.88017000000001" lon="4.5680000000000005">
    <ele>45.00000000000001</ele>
   </trkpt>
   <trkpt lat="50.88013" lon="4.56812">
    <ele>45.11000000000001</ele>
   </trkpt>
   <trkpt lat="50.8798" lon="4.5686">
    <ele>45.67</ele>
   </trkpt>
   <trkpt lat="50.879470000000005" lon="4.56916">
    <ele>46.330000000000005</ele>
   </trkpt>
   <trkpt lat="50.8791" lon="4.569850000000001">
    <ele>47.02</ele>
   </trkpt>
   <trkpt lat="50.8791" lon="4.56996">
    <ele>47.02</ele>
   </trkpt>
   <trkpt lat="50.879180000000005" lon="4.57043">
    <ele>47.550000000000004</ele>
   </trkpt>
   <trkpt lat="50.87917" lon="4.57057">
    <ele>47.550000000000004</ele>
   </trkpt>
   <trkpt lat="50.878820000000005" lon="4.5712">
    <ele>47.82</ele>
   </trkpt>
   <trkpt lat="50.879220000000004" lon="4.571960000000001">
    <ele>46.46</ele>
   </trkpt>
   <trkpt lat="50.87939" lon="4.57242">
    <ele>45.730000000000004</ele>
   </trkpt>
   <trkpt lat="50.879780000000004" lon="4.57362">
    <ele>44.480000000000004</ele>
   </trkpt>
   <trkpt lat="50.879900000000006" lon="4.57392">
    <ele>44.480000000000004</ele>
   </trkpt>
   <trkpt lat="50.88015000000001" lon="4.57442">
    <ele>43.85000000000001</ele>
   </trkpt>
   <trkpt lat="50.8805950026929" lon="4.575214992395088">
    <ele>42.96</ele>
   </trkpt>
   <trkpt lat="50.881040000000006" lon="4.57601">
    <ele>42.2</ele>
   </trkpt>
   <trkpt lat="50.88132500160126" lon="4.57660999646357">
    <ele>41.72</ele>
   </trkpt>
   <trkpt lat="50.88161" lon="4.57721">
    <ele>41.32</ele>
   </trkpt>
   <trkpt lat="50.88194000000001" lon="4.57805">
    <ele>40.800000000000004</ele>
   </trkpt>
   <trkpt lat="50.88228" lon="4.579070000000001">
    <ele>40.0</ele>
   </trkpt>
   <trkpt lat="50.882546674544216" lon="4.580029989025532">
    <ele>39.53</ele>
   </trkpt>
   <trkpt lat="50.882813341214984" lon="4.580989989040175">
    <ele>39.0</ele>
   </trkpt>
   <trkpt lat="50.88308000000001" lon="4.58195">
    <ele>39.11000000000001</ele>
   </trkpt>
   <trkpt lat="50.882555003595655" lon="4.58287501052739">
    <ele>39.400000000000006</ele>
   </trkpt>
   <trkpt lat="50.88203000000001" lon="4.5838">
    <ele>39.760000000000005</ele>
   </trkpt>
   <trkpt lat="50.881780000000006" lon="4.584210000000001">
    <ele>39.86000000000001</ele>
   </trkpt>
   <trkpt lat="50.88132" lon="4.584820000000001">
    <ele>40.760000000000005</ele>
   </trkpt>
   <trkpt lat="50.88077000188301" lon="4.585475007671584">
    <ele>41.730000000000004</ele>
   </trkpt>
   <trkpt lat="50.88022" lon="4.586130000000001">
    <ele>43.2</ele>
   </trkpt>
   <trkpt lat="50.880660006290164" lon="4.586989983702155">
    <ele>44.82000000000001</ele>
   </trkpt>
   <trkpt lat="50.881100006261725" lon="4.587849983646307">
    <ele>45.03</ele>
   </trkpt>
   <trkpt lat="50.88154" lon="4.588710000000001">
    <ele>43.21000000000001</ele>
   </trkpt>
   <trkpt lat="50.88195000217025" lon="4.589424993684668">
    <ele>41.57</ele>
   </trkpt>
   <trkpt lat="50.882360000000006" lon="4.590140000000001">
    <ele>40.39</ele>
   </trkpt>
   <trkpt lat="50.88253" lon="4.59056">
    <ele>40.2</ele>
   </trkpt>
   <trkpt lat="50.882630000000006" lon="4.591010000000001">
    <ele>39.730000000000004</ele>
   </trkpt>
   <trkpt lat="50.88270000000001" lon="4.59192">
    <ele>39.49</ele>
   </trkpt>
   <trkpt lat="50.882760000000005" lon="4.59232">
    <ele>39.21</ele>
   </trkpt>
   <trkpt lat="50.88289" lon="4.592790000000001">
    <ele>38.96</ele>
   </trkpt>
   <trkpt lat="50.88297000000001" lon="4.592980000000001">
    <ele>38.96</ele>
   </trkpt>
   <trkpt lat="50.88356000471688" lon="4.594024986858941">
    <ele>38.43000000000001</ele>
   </trkpt>
   <trkpt lat="50.884150000000005" lon="4.595070000000001">
    <ele>38.400000000000006</ele>
   </trkpt>
   <trkpt lat="50.88462500291632" lon="4.59588999171571">
    <ele>38.650000000000006</ele>
   </trkpt>
   <trkpt lat="50.8851" lon="4.596710000000001">
    <ele>39.089999999999996</ele>
   </trkpt>
   <trkpt lat="50.885270000000006" lon="4.59686">
    <ele>39.36000000000001</ele>
   </trkpt>
   <trkpt lat="50.88548" lon="4.596990000000001">
    <ele>39.36000000000001</ele>
   </trkpt>
   <trkpt lat="50.885630000000006" lon="4.59719">
    <ele>39.71</ele>
   </trkpt>
   <trkpt lat="50.885850000000005" lon="4.59766">
    <ele>39.940000000000005</ele>
   </trkpt>
   <trkpt lat="50.88606000000001" lon="4.59804">
    <ele>40.0</ele>
   </trkpt>
   <trkpt lat="50.886713350312604" lon="4.5989316041383965">
    <ele>40.0</ele>
   </trkpt>
   <trkpt lat="50.887366693833656" lon="4.599823233286301">
    <ele>40.0</ele>
   </trkpt>
   <trkpt lat="50.888020030562764" lon="4.600714887444736">
    <ele>36.0</ele>
   </trkpt>
   <trkpt lat="50.888673360499645" lon="4.601606566614727">
    <ele>36.0</ele>
   </trkpt>
   <trkpt lat="50.8893266836439" lon="4.602498270797298">
    <ele>36.0</ele>
   </trkpt>
   <trkpt lat="50.88998" lon="4.60339">
    <ele>36.0</ele>
   </trkpt>
   <trkpt lat="50.8911" lon="4.60473">
    <ele>37.84</ele>
   </trkpt>
   <trkpt lat="50.89071500085633" lon="4.604274996206091">
    <ele>37.86000000000001</ele>
   </trkpt>
   <trkpt lat="50.890330000000006" lon="4.603820000000001">
    <ele>36.11</ele>
   </trkpt>
   <trkpt lat="50.890965016700115" lon="4.604567428656818">
    <ele>36.11</ele>
   </trkpt>
   <trkpt lat="50.891600028627664" lon="4.6053148776938215">
    <ele>36.11</ele>
   </trkpt>
   <trkpt lat="50.89223503578243" lon="4.606062347111875">
    <ele>36.11</ele>
   </trkpt>
   <trkpt lat="50.892870038164155" lon="4.606809836911842">
    <ele>38.19</ele>
   </trkpt>
   <trkpt lat="50.89350503577261" lon="4.607557347094588">
    <ele>38.19</ele>
   </trkpt>
   <trkpt lat="50.89414002860754" lon="4.608304877660975">
    <ele>38.19</ele>
   </trkpt>
   <trkpt lat="50.89477501666874" lon="4.609052428611871">
    <ele>38.19</ele>
   </trkpt>
   <trkpt lat="50.895410000000005" lon="4.609800000000001">
    <ele>38.19</ele>
   </trkpt>
   <trkpt lat="50.89602000000001" lon="4.610480000000001">
    <ele>36.71</ele>
   </trkpt>
   <trkpt lat="50.896480000000004" lon="4.611160000000001">
    <ele>35.24</ele>
   </trkpt>
   <trkpt lat="50.89679" lon="4.611800000000001">
    <ele>34.080000000000005</ele>
   </trkpt>
   <trkpt lat="50.89711500221071" lon="4.612514995069708">
    <ele>33.27</ele>
   </trkpt>
   <trkpt lat="50.89744" lon="4.613230000000001">
    <ele>32.97</ele>
   </trkpt>
   <trkpt lat="50.89777334039223" lon="4.614139986931088">
    <ele>32.75</ele>
   </trkpt>
   <trkpt lat="50.89810667371063" lon="4.6150499868901225">
    <ele>32.660000000000004</ele>
   </trkpt>
   <trkpt lat="50.89844" lon="4.61596">
    <ele>34.21</ele>
   </trkpt>
   <trkpt lat="50.898610000000005" lon="4.616300000000001">
    <ele>37.11000000000001</ele>
   </trkpt>
   <trkpt lat="50.89871" lon="4.6164000000000005">
    <ele>37.11000000000001</ele>
   </trkpt>
   <trkpt lat="50.89884000000001" lon="4.616510000000001">
    <ele>37.6</ele>
   </trkpt>
   <trkpt lat="50.89933500039268" lon="4.616719997854279">
    <ele>37.03</ele>
   </trkpt>
   <trkpt lat="50.89983" lon="4.61693">
    <ele>35.5</ele>
   </trkpt>
   <trkpt lat="50.89994" lon="4.617">
    <ele>34.81</ele>
   </trkpt>
   <trkpt lat="50.900000000000006" lon="4.617050000000001">
    <ele>34.690000000000005</ele>
   </trkpt>
   <trkpt lat="50.90012" lon="4.61721">
    <ele>34.35</ele>
   </trkpt>
   <trkpt lat="50.900220000000004" lon="4.61739">
    <ele>33.74</ele>
   </trkpt>
   <trkpt lat="50.90028" lon="4.61758">
    <ele>33.52</ele>
   </trkpt>
   <trkpt lat="50.900400000000005" lon="4.618130000000001">
    <ele>32.89</ele>
   </trkpt>
   <trkpt lat="50.900615004165815" lon="4.619109995765861">
    <ele>31.560000000000006</ele>
   </trkpt>
   <trkpt lat="50.900830000000006" lon="4.62009">
    <ele>30.890000000000004</ele>
   </trkpt>
   <trkpt lat="50.900940000000006" lon="4.62075">
    <ele>30.55</ele>
   </trkpt>
   <trkpt lat="50.901045002657746" lon="4.621534998422634">
    <ele>30.520000000000003</ele>
   </trkpt>
   <trkpt lat="50.90115" lon="4.62232">
    <ele>30.430000000000003</ele>
   </trkpt>
   <trkpt lat="50.90119000000001" lon="4.62249">
    <ele>30.36</ele>
   </trkpt>
   <trkpt lat="50.90126" lon="4.6226400000000005">
    <ele>30.36</ele>
   </trkpt>
   <trkpt lat="50.90122" lon="4.62286">
    <ele>30.500000000000004</ele>
   </trkpt>
   <trkpt lat="50.901230000000005" lon="4.62295">
    <ele>30.500000000000004</ele>
   </trkpt>
   <trkpt lat="50.901340000000005" lon="4.623340000000001">
    <ele>30.570000000000004</ele>
   </trkpt>
   <trkpt lat="50.901340000000005" lon="4.62347">
    <ele>30.570000000000004</ele>
   </trkpt>
   <trkpt lat="50.901410000000006" lon="4.62375">
    <ele>30.55</ele>
   </trkpt>
   <trkpt lat="50.901450000000004" lon="4.623810000000001">
    <ele>30.55</ele>
   </trkpt>
   <trkpt lat="50.901520000000005" lon="4.62406">
    <ele>30.570000000000004</ele>
   </trkpt>
   <trkpt lat="50.90157000000001" lon="4.62479">
    <ele>30.490000000000002</ele>
   </trkpt>
   <trkpt lat="50.901650000000004" lon="4.6254100000000005">
    <ele>30.410000000000004</ele>
   </trkpt>
   <trkpt lat="50.90171" lon="4.626180000000001">
    <ele>30.55</ele>
   </trkpt>
   <trkpt lat="50.90169" lon="4.62633">
    <ele>30.55</ele>
   </trkpt>
   <trkpt lat="50.90171" lon="4.62645">
    <ele>30.55</ele>
   </trkpt>
   <trkpt lat="50.901700000000005" lon="4.62659">
    <ele>30.53</ele>
   </trkpt>
   <trkpt lat="50.901650000000004" lon="4.62692">
    <ele>30.660000000000004</ele>
   </trkpt>
   <trkpt lat="50.90138252074359" lon="4.6281925219530695">
    <ele>30.660000000000004</ele>
   </trkpt>
   <trkpt lat="50.901115027654946" lon="4.629465029285229">
    <ele>32.64</ele>
   </trkpt>
   <trkpt lat="50.90084752073436" lon="4.6307375219960285">
    <ele>32.64</ele>
   </trkpt>
   <trkpt lat="50.900580000000005" lon="4.63201">
    <ele>32.64</ele>
   </trkpt>
   <trkpt lat="50.900580000000005" lon="4.63231">
    <ele>32.730000000000004</ele>
   </trkpt>
   <trkpt lat="50.900655003944564" lon="4.633269998560176">
    <ele>32.54</ele>
   </trkpt>
   <trkpt lat="50.90073" lon="4.6342300000000005">
    <ele>32.190000000000005</ele>
   </trkpt>
   <trkpt lat="50.90077" lon="4.63455">
    <ele>32.190000000000005</ele>
   </trkpt>
   <trkpt lat="50.90091" lon="4.63515">
    <ele>32.010000000000005</ele>
   </trkpt>
   <trkpt lat="50.90123000964318" lon="4.63621331866681">
    <ele>31.57</ele>
   </trkpt>
   <trkpt lat="50.90155000962807" lon="4.637276651949699">
    <ele>31.330000000000002</ele>
   </trkpt>
   <trkpt lat="50.90187" lon="4.63834">
    <ele>31.22</ele>
   </trkpt>
   <trkpt lat="50.90198" lon="4.6389700000000005">
    <ele>31.160000000000004</ele>
   </trkpt>
   <trkpt lat="50.90205" lon="4.6397200000000005">
    <ele>31.17</ele>
   </trkpt>
   <trkpt lat="50.90210000288019" lon="4.640539999256113">
    <ele>31.110000000000003</ele>
   </trkpt>
   <trkpt lat="50.902150000000006" lon="4.641360000000001">
    <ele>30.910000000000004</ele>
   </trkpt>
   <trkpt lat="50.902300000000004" lon="4.6420900000000005">
    <ele>30.820000000000004</ele>
   </trkpt>
   <trkpt lat="50.902590000000004" lon="4.64315">
    <ele>30.890000000000004</ele>
   </trkpt>
   <trkpt lat="50.902840000000005" lon="4.643800000000001">
    <ele>30.890000000000004</ele>
   </trkpt>
   <trkpt lat="50.90294" lon="4.64414">
    <ele>30.63</ele>
   </trkpt>
   <trkpt lat="50.90301" lon="4.644550000000001">
    <ele>30.63</ele>
   </trkpt>
   <trkpt lat="50.90305000000001" lon="4.64506">
    <ele>30.63</ele>
   </trkpt>
   <trkpt lat="50.90307000000001" lon="4.64581">
    <ele>30.730000000000004</ele>
   </trkpt>
   <trkpt lat="50.90312" lon="4.64588">
    <ele>30.69</ele>
   </trkpt>
   <trkpt lat="50.903130000000004" lon="4.645930000000001">
    <ele>30.69</ele>
   </trkpt>
   <trkpt lat="50.90307000000001" lon="4.646070000000001">
    <ele>30.62</ele>
   </trkpt>
   <trkpt lat="50.90305000369194" lon="4.647000000495571">
    <ele>30.04</ele>
   </trkpt>
   <trkpt lat="50.90303" lon="4.647930000000001">
    <ele>29.66</ele>
   </trkpt>
   <trkpt lat="50.90305000000001" lon="4.6483300000000005">
    <ele>29.66</ele>
   </trkpt>
   <trkpt lat="50.903090000000006" lon="4.64862">
    <ele>29.59</ele>
   </trkpt>
   <trkpt lat="50.90341000599241" lon="4.649804991836554">
    <ele>29.290000000000003</ele>
   </trkpt>
   <trkpt lat="50.90373" lon="4.65099">
    <ele>29.240000000000002</ele>
   </trkpt>
   <trkpt lat="50.903760000000005" lon="4.651210000000001">
    <ele>29.240000000000002</ele>
   </trkpt>
   <trkpt lat="50.90375500233693" lon="4.651950000354879">
    <ele>29.150000000000002</ele>
   </trkpt>
   <trkpt lat="50.90375" lon="4.652690000000001">
    <ele>29.05</ele>
   </trkpt>
   <trkpt lat="50.90391000284264" lon="4.653499997421008">
    <ele>28.770000000000003</ele>
   </trkpt>
   <trkpt lat="50.904070000000004" lon="4.654310000000001">
    <ele>28.87</ele>
   </trkpt>
   <trkpt lat="50.90415" lon="4.6551100000000005">
    <ele>28.89</ele>
   </trkpt>
   <trkpt lat="50.904133341481895" lon="4.656086667333584">
    <ele>29.150000000000002</ele>
   </trkpt>
   <trkpt lat="50.904116674815775" lon="4.657063333968065">
    <ele>29.44</ele>
   </trkpt>
   <trkpt lat="50.90410000000001" lon="4.658040000000001">
    <ele>30.0</ele>
   </trkpt>
   <trkpt lat="50.904340000000005" lon="4.659330000000001">
    <ele>30.590000000000003</ele>
   </trkpt>
   <trkpt lat="50.904490002130515" lon="4.6600399976059395">
    <ele>30.76</ele>
   </trkpt>
   <trkpt lat="50.90464000000001" lon="4.66075">
    <ele>30.680000000000003</ele>
   </trkpt>
   <trkpt lat="50.904810000000005" lon="4.66134">
    <ele>30.7</ele>
   </trkpt>
   <trkpt lat="50.905205006758955" lon="4.662599989240318">
    <ele>30.910000000000004</ele>
   </trkpt>
   <trkpt lat="50.90560000000001" lon="4.663860000000001">
    <ele>31.200000000000003</ele>
   </trkpt>
   <trkpt lat="50.90576" lon="4.664490000000001">
    <ele>31.540000000000006</ele>
   </trkpt>
   <trkpt lat="50.90599" lon="4.66551">
    <ele>31.540000000000006</ele>
   </trkpt>
   <trkpt lat="50.90610000786857" lon="4.666469995431841">
    <ele>30.88</ele>
   </trkpt>
   <trkpt lat="50.906210007864985" lon="4.6674299954006075">
    <ele>30.410000000000004</ele>
   </trkpt>
   <trkpt lat="50.90632" lon="4.6683900000000005">
    <ele>29.890000000000004</ele>
   </trkpt>
   <trkpt lat="50.90636000000001" lon="4.66887">
    <ele>29.740000000000002</ele>
   </trkpt>
   <trkpt lat="50.90643000000001" lon="4.66933">
    <ele>29.68</ele>
   </trkpt>
   <trkpt lat="50.906470000000006" lon="4.669440000000001">
    <ele>29.68</ele>
   </trkpt>
   <trkpt lat="50.90652000000001" lon="4.669490000000001">
    <ele>29.68</ele>
   </trkpt>
   <trkpt lat="50.9065" lon="4.66959">
    <ele>29.68</ele>
   </trkpt>
   <trkpt lat="50.906490000000005" lon="4.66981">
    <ele>29.7</ele>
   </trkpt>
   <trkpt lat="50.90659" lon="4.6707">
    <ele>29.210000000000004</ele>
   </trkpt>
   <trkpt lat="50.906580000000005" lon="4.67129">
    <ele>29.32</ele>
   </trkpt>
   <trkpt lat="50.90654000000001" lon="4.6717900000000006">
    <ele>29.43</ele>
   </trkpt>
   <trkpt lat="50.90648" lon="4.672090000000001">
    <ele>29.7</ele>
   </trkpt>
   <trkpt lat="50.90630000218751" lon="4.672795002472338">
    <ele>29.68</ele>
   </trkpt>
   <trkpt lat="50.90612" lon="4.673500000000001">
    <ele>29.48</ele>
   </trkpt>
   <trkpt lat="50.90607000000001" lon="4.67389">
    <ele>30.160000000000004</ele>
   </trkpt>
   <trkpt lat="50.90617" lon="4.67386">
    <ele>29.34</ele>
   </trkpt>
   <trkpt lat="50.90666" lon="4.6738">
    <ele>28.790000000000003</ele>
   </trkpt>
   <trkpt lat="50.906760000000006" lon="4.67389">
    <ele>28.600000000000005</ele>
   </trkpt>
   <trkpt lat="50.906980000000004" lon="4.67431">
    <ele>27.87</ele>
   </trkpt>
   <trkpt lat="50.90711" lon="4.67448">
    <ele>27.87</ele>
   </trkpt>
   <trkpt lat="50.90737000000001" lon="4.6745600000000005">
    <ele>27.15</ele>
   </trkpt>
   <trkpt lat="50.90748000000001" lon="4.6746300000000005">
    <ele>26.990000000000002</ele>
   </trkpt>
   <trkpt lat="50.907900000409164" lon="4.674924997364671">
    <ele>26.150000000000002</ele>
   </trkpt>
   <trkpt lat="50.90832" lon="4.67522">
    <ele>25.910000000000004</ele>
   </trkpt>
   <trkpt lat="50.908350000000006" lon="4.67536">
    <ele>25.730000000000004</ele>
   </trkpt>
   <trkpt lat="50.90879" lon="4.676500000000001">
    <ele>25.05</ele>
   </trkpt>
   <trkpt lat="50.90887000000001" lon="4.67661">
    <ele>24.98</ele>
   </trkpt>
   <trkpt lat="50.90907000000001" lon="4.6767900000000004">
    <ele>24.89</ele>
   </trkpt>
   <trkpt lat="50.909180000000006" lon="4.67685">
    <ele>24.810000000000002</ele>
   </trkpt>
   <trkpt lat="50.909690000000005" lon="4.676810000000001">
    <ele>24.400000000000002</ele>
   </trkpt>
   <trkpt lat="50.9104500002633" lon="4.676976661229674">
    <ele>23.560000000000002</ele>
   </trkpt>
   <trkpt lat="50.91121000028935" lon="4.677143327901944">
    <ele>23.020000000000003</ele>
   </trkpt>
   <trkpt lat="50.911970000000004" lon="4.67731">
    <ele>22.53</ele>
   </trkpt>
   <trkpt lat="50.912060000000004" lon="4.677370000000001">
    <ele>22.53</ele>
   </trkpt>
   <trkpt lat="50.912130000000005" lon="4.67745">
    <ele>22.53</ele>
   </trkpt>
   <trkpt lat="50.91227000000001" lon="4.67771">
    <ele>22.240000000000002</ele>
   </trkpt>
   <trkpt lat="50.91274000000001" lon="4.6786900000000005">
    <ele>22.04</ele>
   </trkpt>
   <trkpt lat="50.91282" lon="4.678920000000001">
    <ele>22.04</ele>
   </trkpt>
   <trkpt lat="50.91308" lon="4.67984">
    <ele>21.93</ele>
   </trkpt>
   <trkpt lat="50.91322" lon="4.680210000000001">
    <ele>21.800000000000004</ele>
   </trkpt>
   <trkpt lat="50.91342" lon="4.68062">
    <ele>21.79</ele>
   </trkpt>
   <trkpt lat="50.91371" lon="4.681150000000001">
    <ele>21.57</ele>
   </trkpt>
   <trkpt lat="50.91425" lon="4.68198">
    <ele>21.290000000000003</ele>
   </trkpt>
   <trkpt lat="50.914710001749796" lon="4.682604993933158">
    <ele>21.080000000000002</ele>
   </trkpt>
   <trkpt lat="50.91517" lon="4.68323">
    <ele>20.900000000000002</ele>
   </trkpt>
   <trkpt lat="50.9156600030101" lon="4.683816654396621">
    <ele>20.59</ele>
   </trkpt>
   <trkpt lat="50.91615000308058" lon="4.684403321147473">
    <ele>20.5</ele>
   </trkpt>
   <trkpt lat="50.91664" lon="4.68499">
    <ele>20.48</ele>
   </trkpt>
   <trkpt lat="50.91667" lon="4.68501">
    <ele>20.48</ele>
   </trkpt>
   <trkpt lat="50.91673" lon="4.68494">
    <ele>20.46</ele>
   </trkpt>
   <trkpt lat="50.916760000000004" lon="4.68494">
    <ele>20.46</ele>
   </trkpt>
   <trkpt lat="50.91682" lon="4.684970000000001">
    <ele>20.46</ele>
   </trkpt>
   <trkpt lat="50.91686000000001" lon="4.685040000000001">
    <ele>20.51</ele>
   </trkpt>
   <trkpt lat="50.91687" lon="4.6851400000000005">
    <ele>20.51</ele>
   </trkpt>
   <trkpt lat="50.91684000000001" lon="4.685230000000001">
    <ele>20.51</ele>
   </trkpt>
   <trkpt lat="50.91702" lon="4.68546">
    <ele>20.51</ele>
   </trkpt>
   <trkpt lat="50.91761250458806" lon="4.686057477190905">
    <ele>20.17</ele>
   </trkpt>
   <trkpt lat="50.91820500612703" lon="4.686654969597061">
    <ele>20.51</ele>
   </trkpt>
   <trkpt lat="50.918797504616784" lon="4.6872524772191">
    <ele>20.78</ele>
   </trkpt>
   <trkpt lat="50.91939000000001" lon="4.68785">
    <ele>20.78</ele>
   </trkpt>
   <trkpt lat="50.92007000113386" lon="4.688349992741543">
    <ele>20.790000000000003</ele>
   </trkpt>
   <trkpt lat="50.920750000000005" lon="4.68885">
    <ele>20.610000000000003</ele>
   </trkpt>
   <trkpt lat="50.92127000156491" lon="4.6894449934109135">
    <ele>20.380000000000003</ele>
   </trkpt>
   <trkpt lat="50.92179" lon="4.690040000000001">
    <ele>20.19</ele>
   </trkpt>
   <trkpt lat="50.92186" lon="4.690130000000001">
    <ele>20.040000000000003</ele>
   </trkpt>
   <trkpt lat="50.921910000000004" lon="4.690230000000001">
    <ele>20.040000000000003</ele>
   </trkpt>
   <trkpt lat="50.92210000238626" lon="4.690984996726079">
    <ele>19.770000000000003</ele>
   </trkpt>
   <trkpt lat="50.922290000000004" lon="4.69174">
    <ele>19.64</ele>
   </trkpt>
   <trkpt lat="50.9224" lon="4.691870000000001">
    <ele>19.41</ele>
   </trkpt>
   <trkpt lat="50.922450000000005" lon="4.6919">
    <ele>19.41</ele>
   </trkpt>
   <trkpt lat="50.92295000000001" lon="4.69204">
    <ele>18.96</ele>
   </trkpt>
   <trkpt lat="50.923640000000006" lon="4.69221">
    <ele>18.88</ele>
   </trkpt>
   <trkpt lat="50.923680000000004" lon="4.69221">
    <ele>18.88</ele>
   </trkpt>
   <trkpt lat="50.92378" lon="4.69214">
    <ele>18.88</ele>
   </trkpt>
   <trkpt lat="50.923880000000004" lon="4.69214">
    <ele>18.36</ele>
   </trkpt>
   <trkpt lat="50.92421" lon="4.692290000000001">
    <ele>17.980000000000004</ele>
   </trkpt>
   <trkpt lat="50.923590000000004" lon="4.69387">
    <ele>18.09</ele>
   </trkpt>
   <trkpt lat="50.923220016607466" lon="4.694856031363908">
    <ele>18.160000000000004</ele>
   </trkpt>
   <trkpt lat="50.922850024911234" lon="4.695842047045041">
    <ele>18.230000000000004</ele>
   </trkpt>
   <trkpt lat="50.92248002491153" lon="4.696828047043503">
    <ele>18.250000000000004</ele>
   </trkpt>
   <trkpt lat="50.92211001660861" lon="4.6978140313594">
    <ele>18.26</ele>
   </trkpt>
   <trkpt lat="50.92174000000001" lon="4.6988">
    <ele>18.01</ele>
   </trkpt>
   <trkpt lat="50.92129500552835" lon="4.6999400109583265">
    <ele>17.52</ele>
   </trkpt>
   <trkpt lat="50.92085" lon="4.70108">
    <ele>17.61</ele>
   </trkpt>
   <trkpt lat="50.92156000000001" lon="4.7017500000000005">
    <ele>17.19</ele>
   </trkpt>
   <trkpt lat="50.92165000000001" lon="4.70181">
    <ele>17.19</ele>
   </trkpt>
   <trkpt lat="50.92174000000001" lon="4.701840000000001">
    <ele>17.19</ele>
   </trkpt>
   <trkpt lat="50.92217" lon="4.70183">
    <ele>17.080000000000002</ele>
   </trkpt>
   <trkpt lat="50.92228" lon="4.70188">
    <ele>17.060000000000002</ele>
   </trkpt>
   <trkpt lat="50.922340000000005" lon="4.701960000000001">
    <ele>17.01</ele>
   </trkpt>
   <trkpt lat="50.922540000000005" lon="4.7023">
    <ele>16.59</ele>
   </trkpt>
   <trkpt lat="50.92273" lon="4.70256">
    <ele>16.200000000000003</ele>
   </trkpt>
   <trkpt lat="50.92322000000001" lon="4.7030400000000006">
    <ele>15.96</ele>
   </trkpt>
   <trkpt lat="50.92380333595221" lon="4.703593319461076">
    <ele>15.520000000000001</ele>
   </trkpt>
   <trkpt lat="50.92438666928946" lon="4.704146652797908">
    <ele>15.19</ele>
   </trkpt>
   <trkpt lat="50.92497" lon="4.704700000000001">
    <ele>14.780000000000001</ele>
   </trkpt>
   <trkpt lat="50.925090000000004" lon="4.7048700000000006">
    <ele>14.780000000000001</ele>
   </trkpt>
   <trkpt lat="50.925200000000004" lon="4.70507">
    <ele>14.730000000000002</ele>
   </trkpt>
   <trkpt lat="50.92531" lon="4.70544">
    <ele>14.780000000000001</ele>
   </trkpt>
   <trkpt lat="50.925380000000004" lon="4.70615">
    <ele>14.950000000000001</ele>
   </trkpt>
   <trkpt lat="50.925450000000005" lon="4.7072">
    <ele>14.470000000000002</ele>
   </trkpt>
   <trkpt lat="50.92551334732287" lon="4.708479996445134">
    <ele>13.53</ele>
   </trkpt>
   <trkpt lat="50.92557668065277" lon="4.709759996375838">
    <ele>13.47</ele>
   </trkpt>
   <trkpt lat="50.92564" lon="4.711040000000001">
    <ele>13.38</ele>
   </trkpt>
   <trkpt lat="50.92538001279083" lon="4.712263346963586">
    <ele>12.97</ele>
   </trkpt>
   <trkpt lat="50.92512001280002" lon="4.713486680253289">
    <ele>13.05</ele>
   </trkpt>
   <trkpt lat="50.92486" lon="4.71471">
    <ele>13.940000000000001</ele>
   </trkpt>
   <trkpt lat="50.924730000000004" lon="4.714650000000001">
    <ele>13.940000000000001</ele>
   </trkpt>
   <trkpt lat="50.92468" lon="4.71466">
    <ele>13.56</ele>
   </trkpt>
   <trkpt lat="50.92439" lon="4.71488">
    <ele>13.49</ele>
   </trkpt>
   <trkpt lat="50.9243" lon="4.714910000000001">
    <ele>13.540000000000001</ele>
   </trkpt>
   <trkpt lat="50.92378" lon="4.714980000000001">
    <ele>13.88</ele>
   </trkpt>
   <trkpt lat="50.92343" lon="4.715000000000001">
    <ele>13.97</ele>
   </trkpt>
   <trkpt lat="50.923170000000006" lon="4.71495">
    <ele>13.99</ele>
   </trkpt>
   <trkpt lat="50.922740000000005" lon="4.71483">
    <ele>13.950000000000001</ele>
   </trkpt>
   <trkpt lat="50.92251" lon="4.71471">
    <ele>13.950000000000001</ele>
   </trkpt>
   <trkpt lat="50.922450000000005" lon="4.71485">
    <ele>13.950000000000001</ele>
   </trkpt>
   <trkpt lat="50.92201000000001" lon="4.71499">
    <ele>13.89</ele>
   </trkpt>
   <trkpt lat="50.92188" lon="4.71511">
    <ele>13.860000000000001</ele>
   </trkpt>
   <trkpt lat="50.92179" lon="4.715380000000001">
    <ele>13.780000000000001</ele>
   </trkpt>
   <trkpt lat="50.921785005795385" lon="4.716545000257166">
    <ele>13.81</ele>
   </trkpt>
   <trkpt lat="50.921780000000005" lon="4.71771">
    <ele>13.590000000000002</ele>
   </trkpt>
   <trkpt lat="50.921640000000004" lon="4.718780000000001">
    <ele>13.770000000000001</ele>
   </trkpt>
   <trkpt lat="50.92188" lon="4.71975">
    <ele>14.13</ele>
   </trkpt>
   <trkpt lat="50.92195" lon="4.72025">
    <ele>13.9</ele>
   </trkpt>
   <trkpt lat="50.92217" lon="4.72109">
    <ele>13.91</ele>
   </trkpt>
   <trkpt lat="50.92237" lon="4.72207">
    <ele>13.71</ele>
   </trkpt>
   <trkpt lat="50.92244" lon="4.72283">
    <ele>14.0</ele>
   </trkpt>
   <trkpt lat="50.92242" lon="4.72342">
    <ele>14.350000000000001</ele>
   </trkpt>
   <trkpt lat="50.92242" lon="4.72428">
    <ele>13.940000000000001</ele>
   </trkpt>
   <trkpt lat="50.922450000000005" lon="4.724880000000001">
    <ele>14.030000000000001</ele>
   </trkpt>
   <trkpt lat="50.922410000000006" lon="4.72546">
    <ele>14.0</ele>
   </trkpt>
   <trkpt lat="50.922360000000005" lon="4.7256">
    <ele>14.110000000000001</ele>
   </trkpt>
   <trkpt lat="50.92222" lon="4.725770000000001">
    <ele>14.110000000000001</ele>
   </trkpt>
   <trkpt lat="50.92217" lon="4.725890000000001">
    <ele>14.110000000000001</ele>
   </trkpt>
   <trkpt lat="50.922160000000005" lon="4.7260100000000005">
    <ele>14.06</ele>
   </trkpt>
   <trkpt lat="50.92216500584634" lon="4.7271800000061885">
    <ele>14.100000000000001</ele>
   </trkpt>
   <trkpt lat="50.92217" lon="4.728350000000001">
    <ele>14.68</ele>
   </trkpt>
   <trkpt lat="50.92215" lon="4.728610000000001">
    <ele>14.88</ele>
   </trkpt>
   <trkpt lat="50.92211" lon="4.728770000000001">
    <ele>15.09</ele>
   </trkpt>
   <trkpt lat="50.92212000000001" lon="4.728770000000001">
    <ele>15.09</ele>
   </trkpt>
   <trkpt lat="50.92173001716553" lon="4.729927529105105">
    <ele>15.09</ele>
   </trkpt>
   <trkpt lat="50.92134002288753" lon="4.731085038805568">
    <ele>22.1</ele>
   </trkpt>
   <trkpt lat="50.920950017166405" lon="4.732242529101417">
    <ele>22.1</ele>
   </trkpt>
   <trkpt lat="50.92056" lon="4.7334000000000005">
    <ele>22.1</ele>
   </trkpt>
   <trkpt lat="50.92054" lon="4.73345">
    <ele>14.440000000000001</ele>
   </trkpt>
   <trkpt lat="50.92043" lon="4.7336800000000006">
    <ele>14.31</ele>
   </trkpt>
   <trkpt lat="50.920210000000004" lon="4.73399">
    <ele>14.39</ele>
   </trkpt>
   <trkpt lat="50.92015000000001" lon="4.73413">
    <ele>14.49</ele>
   </trkpt>
   <trkpt lat="50.92013000000001" lon="4.7342900000000006">
    <ele>14.49</ele>
   </trkpt>
   <trkpt lat="50.92015000000001" lon="4.73542">
    <ele>14.88</ele>
   </trkpt>
   <trkpt lat="50.92029500225561" lon="4.736149997623694">
    <ele>14.88</ele>
   </trkpt>
   <trkpt lat="50.920440000000006" lon="4.73688">
    <ele>14.860000000000001</ele>
   </trkpt>
   <trkpt lat="50.92047" lon="4.7374">
    <ele>14.75</ele>
   </trkpt>
   <trkpt lat="50.92051000000001" lon="4.7377">
    <ele>14.66</ele>
   </trkpt>
   <trkpt lat="50.920680000000004" lon="4.7384900000000005">
    <ele>14.59</ele>
   </trkpt>
   <trkpt lat="50.920770000000005" lon="4.73908">
    <ele>14.67</ele>
   </trkpt>
   <trkpt lat="50.92078000000001" lon="4.7392900000000004">
    <ele>14.990000000000002</ele>
   </trkpt>
   <trkpt lat="50.920770000000005" lon="4.73932">
    <ele>14.990000000000002</ele>
   </trkpt>
   <trkpt lat="50.920320000000004" lon="4.739680000000001">
    <ele>14.770000000000001</ele>
   </trkpt>
   <trkpt lat="50.91963000151211" lon="4.740270008727271">
    <ele>15.3</ele>
   </trkpt>
   <trkpt lat="50.918940000000006" lon="4.7408600000000005">
    <ele>15.92</ele>
   </trkpt>
   <trkpt lat="50.918220000000005" lon="4.7414000000000005">
    <ele>16.41</ele>
   </trkpt>
   <trkpt lat="50.917700000387896" lon="4.74175500406963">
    <ele>17.45</ele>
   </trkpt>
   <trkpt lat="50.91718" lon="4.74211">
    <ele>19.000000000000004</ele>
   </trkpt>
   <trkpt lat="50.916830000000004" lon="4.74246">
    <ele>20.32</ele>
   </trkpt>
   <trkpt lat="50.91704500231336" lon="4.743204996360696">
    <ele>20.34</ele>
   </trkpt>
   <trkpt lat="50.917260000000006" lon="4.743950000000001">
    <ele>20.470000000000002</ele>
   </trkpt>
   <trkpt lat="50.91747" lon="4.74455">
    <ele>20.69</ele>
   </trkpt>
   <trkpt lat="50.91780500453721" lon="4.745579992605094">
    <ele>21.28</ele>
   </trkpt>
   <trkpt lat="50.91814" lon="4.74661">
    <ele>21.88</ele>
   </trkpt>
   <trkpt lat="50.91836000000001" lon="4.747380000000001">
    <ele>21.92</ele>
   </trkpt>
   <trkpt lat="50.918640007278654" lon="4.74830332221149">
    <ele>22.02</ele>
   </trkpt>
   <trkpt lat="50.91892000727575" lon="4.7492266555351055">
    <ele>22.330000000000002</ele>
   </trkpt>
   <trkpt lat="50.919200000000004" lon="4.7501500000000005">
    <ele>24.03</ele>
   </trkpt>
   <trkpt lat="50.919180000000004" lon="4.750360000000001">
    <ele>24.380000000000003</ele>
   </trkpt>
   <trkpt lat="50.919360000000005" lon="4.75065">
    <ele>24.42</ele>
   </trkpt>
   <trkpt lat="50.91946" lon="4.750900000000001">
    <ele>24.17</ele>
   </trkpt>
   <trkpt lat="50.91973" lon="4.7517700000000005">
    <ele>24.25</ele>
   </trkpt>
   <trkpt lat="50.919830000000005" lon="4.7522">
    <ele>24.240000000000002</ele>
   </trkpt>
   <trkpt lat="50.919880000000006" lon="4.75262">
    <ele>24.39</ele>
   </trkpt>
   <trkpt lat="50.91990500301628" lon="4.753459999650011">
    <ele>24.5</ele>
   </trkpt>
   <trkpt lat="50.91993" lon="4.754300000000001">
    <ele>24.75</ele>
   </trkpt>
   <trkpt lat="50.920010000000005" lon="4.75537">
    <ele>25.11</ele>
   </trkpt>
   <trkpt lat="50.9201900072136" lon="4.75666999494554">
    <ele>25.43</ele>
   </trkpt>
   <trkpt lat="50.920370000000005" lon="4.75797">
    <ele>25.990000000000002</ele>
   </trkpt>
   <trkpt lat="50.920300000000005" lon="4.75818">
    <ele>26.340000000000003</ele>
   </trkpt>
   <trkpt lat="50.92013000000001" lon="4.758500000000001">
    <ele>26.45</ele>
   </trkpt>
   <trkpt lat="50.920100000000005" lon="4.75861">
    <ele>26.45</ele>
   </trkpt>
   <trkpt lat="50.920100000000005" lon="4.75879">
    <ele>26.02</ele>
   </trkpt>
   <trkpt lat="50.92023000411001" lon="4.759769997326999">
    <ele>24.53</ele>
   </trkpt>
   <trkpt lat="50.92036" lon="4.760750000000001">
    <ele>24.040000000000003</ele>
   </trkpt>
   <trkpt lat="50.920440000000006" lon="4.76177">
    <ele>23.96</ele>
   </trkpt>
   <trkpt lat="50.920483349598115" lon="4.763149997410106">
    <ele>24.39</ele>
   </trkpt>
   <trkpt lat="50.920526682930856" lon="4.764529997391129">
    <ele>24.77</ele>
   </trkpt>
   <trkpt lat="50.920570000000005" lon="4.765910000000001">
    <ele>24.650000000000002</ele>
   </trkpt>
   <trkpt lat="50.92052" lon="4.76705">
    <ele>24.09</ele>
   </trkpt>
   <trkpt lat="50.92052" lon="4.76747">
    <ele>23.98</ele>
   </trkpt>
   <trkpt lat="50.920600003321496" lon="4.768349998645743">
    <ele>24.39</ele>
   </trkpt>
   <trkpt lat="50.920680000000004" lon="4.76923">
    <ele>24.71</ele>
   </trkpt>
   <trkpt lat="50.92078500434381" lon="4.770234998024258">
    <ele>25.11</ele>
   </trkpt>
   <trkpt lat="50.92089000000001" lon="4.771240000000001">
    <ele>25.25</ele>
   </trkpt>
   <trkpt lat="50.9209" lon="4.7715000000000005">
    <ele>25.27</ele>
   </trkpt>
   <trkpt lat="50.92087" lon="4.772690000000001">
    <ele>25.07</ele>
   </trkpt>
   <trkpt lat="50.92080203021721" lon="4.774020007754483">
    <ele>24.380000000000003</ele>
   </trkpt>
   <trkpt lat="50.920734045326235" lon="4.775350011622734">
    <ele>24.020000000000003</ele>
   </trkpt>
   <trkpt lat="50.92066604532716" lon="4.776680011603909">
    <ele>22.950000000000003</ele>
   </trkpt>
   <trkpt lat="50.92059803022008" lon="4.778010007697167">
    <ele>22.71</ele>
   </trkpt>
   <trkpt lat="50.92053000000001" lon="4.77934">
    <ele>22.47</ele>
   </trkpt>
   <trkpt lat="50.919740000000004" lon="4.7797">
    <ele>22.71</ele>
   </trkpt>
   <trkpt lat="50.919470000000004" lon="4.77988">
    <ele>23.360000000000003</ele>
   </trkpt>
   <trkpt lat="50.918780001908424" lon="4.780555010045807">
    <ele>26.37</ele>
   </trkpt>
   <trkpt lat="50.91809000000001" lon="4.781230000000001">
    <ele>27.64</ele>
   </trkpt>
   <trkpt lat="50.91783" lon="4.781580000000001">
    <ele>27.560000000000002</ele>
   </trkpt>
   <trkpt lat="50.91808000772639" lon="4.7829249927785735">
    <ele>25.41</ele>
   </trkpt>
   <trkpt lat="50.918330000000005" lon="4.78427">
    <ele>25.030000000000005</ele>
   </trkpt>
   <trkpt lat="50.918350000000004" lon="4.78448">
    <ele>25.060000000000002</ele>
   </trkpt>
   <trkpt lat="50.9183" lon="4.784730000000001">
    <ele>25.210000000000004</ele>
   </trkpt>
   <trkpt lat="50.91819" lon="4.78495">
    <ele>25.23</ele>
   </trkpt>
   <trkpt lat="50.91832" lon="4.78462">
    <ele>25.060000000000002</ele>
   </trkpt>
   <trkpt lat="50.918350000000004" lon="4.78448">
    <ele>25.030000000000005</ele>
   </trkpt>
   <trkpt lat="50.918330000000005" lon="4.78427">
    <ele>25.02</ele>
   </trkpt>
   <trkpt lat="50.91817" lon="4.7834">
    <ele>25.16</ele>
   </trkpt>
   <trkpt lat="50.918330000000005" lon="4.78427">
    <ele>25.030000000000005</ele>
   </trkpt>
   <trkpt lat="50.918350000000004" lon="4.78448">
    <ele>25.060000000000002</ele>
   </trkpt>
   <trkpt lat="50.9183" lon="4.784730000000001">
    <ele>25.210000000000004</ele>
   </trkpt>
   <trkpt lat="50.918200000000006" lon="4.78493">
    <ele>25.25</ele>
   </trkpt>
   <trkpt lat="50.91818000000001" lon="4.785">
    <ele>25.25</ele>
   </trkpt>
   <trkpt lat="50.91818000000001" lon="4.78509">
    <ele>25.25</ele>
   </trkpt>
   <trkpt lat="50.918240000000004" lon="4.785480000000001">
    <ele>25.300000000000004</ele>
   </trkpt>
   <trkpt lat="50.918310000000005" lon="4.78556">
    <ele>25.310000000000002</ele>
   </trkpt>
   <trkpt lat="50.91839" lon="4.7857">
    <ele>25.310000000000002</ele>
   </trkpt>
   <trkpt lat="50.91859" lon="4.7864">
    <ele>25.5</ele>
   </trkpt>
   <trkpt lat="50.918690000000005" lon="4.786580000000001">
    <ele>25.76</ele>
   </trkpt>
   <trkpt lat="50.919070000000005" lon="4.786930000000001">
    <ele>25.910000000000004</ele>
   </trkpt>
   <trkpt lat="50.91917" lon="4.7870800000000004">
    <ele>25.910000000000004</ele>
   </trkpt>
   <trkpt lat="50.91942" lon="4.78795">
    <ele>26.81</ele>
   </trkpt>
   <trkpt lat="50.919710001527484" lon="4.788529996566937">
    <ele>27.080000000000002</ele>
   </trkpt>
   <trkpt lat="50.92" lon="4.78911">
    <ele>27.14</ele>
   </trkpt>
   <trkpt lat="50.92006000000001" lon="4.789210000000001">
    <ele>27.03</ele>
   </trkpt>
   <trkpt lat="50.920260000000006" lon="4.78941">
    <ele>27.03</ele>
   </trkpt>
   <trkpt lat="50.92027" lon="4.789540000000001">
    <ele>27.03</ele>
   </trkpt>
   <trkpt lat="50.92024000000001" lon="4.7896600000000005">
    <ele>26.740000000000002</ele>
   </trkpt>
   <trkpt lat="50.92018" lon="4.7898000000000005">
    <ele>26.740000000000002</ele>
   </trkpt>
   <trkpt lat="50.91996" lon="4.79021">
    <ele>27.53</ele>
   </trkpt>
   <trkpt lat="50.919760000000004" lon="4.7904800000000005">
    <ele>28.39</ele>
   </trkpt>
   <trkpt lat="50.919540000000005" lon="4.79074">
    <ele>29.810000000000002</ele>
   </trkpt>
   <trkpt lat="50.91913" lon="4.791110000000001">
    <ele>33.29</ele>
   </trkpt>
   <trkpt lat="50.91947500418024" lon="4.792099992644497">
    <ele>36.34</ele>
   </trkpt>
   <trkpt lat="50.91982" lon="4.79309">
    <ele>39.089999999999996</ele>
   </trkpt>
   <trkpt lat="50.91986000000001" lon="4.793290000000001">
    <ele>39.75</ele>
   </trkpt>
   <trkpt lat="50.919265001317775" lon="4.793865007443628">
    <ele>40.220000000000006</ele>
   </trkpt>
   <trkpt lat="50.918670000000006" lon="4.794440000000001">
    <ele>41.82</ele>
   </trkpt>
   <trkpt lat="50.91818000000001" lon="4.7947500000000005">
    <ele>44.17</ele>
   </trkpt>
   <trkpt lat="50.91816000000001" lon="4.794860000000001">
    <ele>44.25000000000001</ele>
   </trkpt>
   <trkpt lat="50.91842000827556" lon="4.795843322408234">
    <ele>45.63</ele>
   </trkpt>
   <trkpt lat="50.91868000829247" lon="4.796826655805331">
    <ele>46.99</ele>
   </trkpt>
   <trkpt lat="50.918940000000006" lon="4.79781">
    <ele>49.190000000000005</ele>
   </trkpt>
   <trkpt lat="50.918940000000006" lon="4.797910000000001">
    <ele>49.190000000000005</ele>
   </trkpt>
   <trkpt lat="50.91884" lon="4.79806">
    <ele>49.080000000000005</ele>
   </trkpt>
   <trkpt lat="50.91872000000001" lon="4.798220000000001">
    <ele>47.839999999999996</ele>
   </trkpt>
   <trkpt lat="50.91863000000001" lon="4.79839">
    <ele>47.839999999999996</ele>
   </trkpt>
   <trkpt lat="50.918440000000004" lon="4.79884">
    <ele>45.99</ele>
   </trkpt>
   <trkpt lat="50.91812" lon="4.80013">
    <ele>42.79</ele>
   </trkpt>
   <trkpt lat="50.91798000000001" lon="4.8003800000000005">
    <ele>42.57</ele>
   </trkpt>
   <trkpt lat="50.917820000000006" lon="4.80023">
    <ele>42.89</ele>
   </trkpt>
   <trkpt lat="50.91798000000001" lon="4.8003800000000005">
    <ele>42.89</ele>
   </trkpt>
   <trkpt lat="50.917345001285476" lon="4.800915007247356">
    <ele>41.68</ele>
   </trkpt>
   <trkpt lat="50.91671" lon="4.80145">
    <ele>40.79</ele>
   </trkpt>
   <trkpt lat="50.916140000000006" lon="4.80212">
    <ele>40.120000000000005</ele>
   </trkpt>
   <trkpt lat="50.915960000000005" lon="4.802300000000001">
    <ele>40.040000000000006</ele>
   </trkpt>
   <trkpt lat="50.91579" lon="4.80243">
    <ele>40.040000000000006</ele>
   </trkpt>
   <trkpt lat="50.9153" lon="4.802630000000001">
    <ele>39.980000000000004</ele>
   </trkpt>
   <trkpt lat="50.91516000000001" lon="4.80318">
    <ele>39.2</ele>
   </trkpt>
   <trkpt lat="50.9151" lon="4.80365">
    <ele>38.62</ele>
   </trkpt>
   <trkpt lat="50.91508" lon="4.8050500000000005">
    <ele>38.05</ele>
   </trkpt>
   <trkpt lat="50.91514" lon="4.80541">
    <ele>37.55</ele>
   </trkpt>
   <trkpt lat="50.91532500264301" lon="4.806189997087966">
    <ele>37.55</ele>
   </trkpt>
   <trkpt lat="50.915510000000005" lon="4.806970000000001">
    <ele>38.67</ele>
   </trkpt>
   <trkpt lat="50.915510000000005" lon="4.80712">
    <ele>39.260000000000005</ele>
   </trkpt>
   <trkpt lat="50.91473000000978" lon="4.80712">
    <ele>38.37</ele>
   </trkpt>
   <trkpt lat="50.913950000019575" lon="4.80712">
    <ele>38.44</ele>
   </trkpt>
   <trkpt lat="50.91317000002938" lon="4.80712">
    <ele>39.57</ele>
   </trkpt>
   <trkpt lat="50.91239000003918" lon="4.80712">
    <ele>42.25</ele>
   </trkpt>
   <trkpt lat="50.91161000004897" lon="4.80712">
    <ele>44.27</ele>
   </trkpt>
   <trkpt lat="50.910830000000004" lon="4.80712">
    <ele>47.290000000000006</ele>
   </trkpt>
   <trkpt lat="50.910120000000006" lon="4.80703">
    <ele>50.510000000000005</ele>
   </trkpt>
   <trkpt lat="50.909620000000004" lon="4.80694">
    <ele>51.9</ele>
   </trkpt>
   <trkpt lat="50.90943000000001" lon="4.80687">
    <ele>52.52</ele>
   </trkpt>
   <trkpt lat="50.90892500039949" lon="4.806634997526637">
    <ele>53.11000000000001</ele>
   </trkpt>
   <trkpt lat="50.90842000000001" lon="4.8064">
    <ele>53.58</ele>
   </trkpt>
   <trkpt lat="50.90818" lon="4.806310000000001">
    <ele>53.63</ele>
   </trkpt>
   <trkpt lat="50.907560000000004" lon="4.80616">
    <ele>53.57000000000001</ele>
   </trkpt>
   <trkpt lat="50.90710000000001" lon="4.80611">
    <ele>52.58</ele>
   </trkpt>
   <trkpt lat="50.906470000000006" lon="4.806170000000001">
    <ele>51.72</ele>
   </trkpt>
   <trkpt lat="50.906060000000004" lon="4.806290000000001">
    <ele>51.60000000000001</ele>
   </trkpt>
   <trkpt lat="50.9054500003309" lon="4.806530003111337">
    <ele>52.010000000000005</ele>
   </trkpt>
   <trkpt lat="50.90484000000001" lon="4.80677">
    <ele>54.220000000000006</ele>
   </trkpt>
   <trkpt lat="50.9044" lon="4.80693">
    <ele>54.8</ele>
   </trkpt>
   <trkpt lat="50.903850000000006" lon="4.8070900000000005">
    <ele>57.150000000000006</ele>
   </trkpt>
   <trkpt lat="50.90323" lon="4.807200000000001">
    <ele>57.92</ele>
   </trkpt>
   <trkpt lat="50.902530000000006" lon="4.80729">
    <ele>57.5</ele>
   </trkpt>
   <trkpt lat="50.90232" lon="4.807370000000001">
    <ele>57.290000000000006</ele>
   </trkpt>
   <trkpt lat="50.90213000000001" lon="4.8074900000000005">
    <ele>57.21</ele>
   </trkpt>
   <trkpt lat="50.90194" lon="4.80764">
    <ele>55.650000000000006</ele>
   </trkpt>
   <trkpt lat="50.901290005907505" lon="4.808320028496889">
    <ele>55.650000000000006</ele>
   </trkpt>
   <trkpt lat="50.90064000786488" lon="4.809000038007466">
    <ele>63.83000000000001</ele>
   </trkpt>
   <trkpt lat="50.89999000587236" lon="4.809680028532583">
    <ele>63.83000000000001</ele>
   </trkpt>
   <trkpt lat="50.89934" lon="4.81036">
    <ele>63.83000000000001</ele>
   </trkpt>
   <trkpt lat="50.899695030235414" lon="4.811549954617296">
    <ele>63.81</ele>
   </trkpt>
   <trkpt lat="50.90005004837491" lon="4.812739927380378">
    <ele>66.52000000000001</ele>
   </trkpt>
   <trkpt lat="50.90040505441811" lon="4.813929918289136">
    <ele>70.39</ele>
   </trkpt>
   <trkpt lat="50.9007600483647" lon="4.815119927343456">
    <ele>73.32000000000001</ele>
   </trkpt>
   <trkpt lat="50.90111503021435" lon="4.81630995454323">
    <ele>75.82000000000001</ele>
   </trkpt>
   <trkpt lat="50.90147" lon="4.817500000000001">
    <ele>77.86000000000001</ele>
   </trkpt>
   <trkpt lat="50.901630000000004" lon="4.818160000000001">
    <ele>78.95</ele>
   </trkpt>
   <trkpt lat="50.901856675389254" lon="4.819169990205242">
    <ele>79.14</ele>
   </trkpt>
   <trkpt lat="50.90208334206477" lon="4.820179990244547">
    <ele>78.79</ele>
   </trkpt>
   <trkpt lat="50.90231000000001" lon="4.8211900000000005">
    <ele>78.37</ele>
   </trkpt>
   <trkpt lat="50.902496675015946" lon="4.822179991940814">
    <ele>77.83000000000001</ele>
   </trkpt>
   <trkpt lat="50.902683341659895" lon="4.82316999182011">
    <ele>77.34</ele>
   </trkpt>
   <trkpt lat="50.90287000000001" lon="4.82416">
    <ele>76.86000000000001</ele>
   </trkpt>
   <trkpt lat="50.9031250064133" lon="4.825384993310283">
    <ele>76.48</ele>
   </trkpt>
   <trkpt lat="50.903380000000006" lon="4.8266100000000005">
    <ele>73.7</ele>
   </trkpt>
   <trkpt lat="50.90362000477053" lon="4.827664994635333">
    <ele>72.18</ele>
   </trkpt>
   <trkpt lat="50.90386" lon="4.828720000000001">
    <ele>71.69</ele>
   </trkpt>
   <trkpt lat="50.90335333808117" lon="4.829463349471088">
    <ele>70.26</ele>
   </trkpt>
   <trkpt lat="50.90284667144239" lon="4.83020668276326">
    <ele>70.26</ele>
   </trkpt>
   <trkpt lat="50.90234" lon="4.8309500000000005">
    <ele>71.38</ele>
   </trkpt>
   <trkpt lat="50.902" lon="4.8315600000000005">
    <ele>69.56</ele>
   </trkpt>
   <trkpt lat="50.90167" lon="4.83223">
    <ele>64.55000000000001</ele>
   </trkpt>
   <trkpt lat="50.901240004331164" lon="4.833235009241027">
    <ele>55.32</ele>
   </trkpt>
   <trkpt lat="50.90081000000001" lon="4.83424">
    <ele>50.74000000000001</ele>
   </trkpt>
   <trkpt lat="50.90055" lon="4.834930000000001">
    <ele>49.260000000000005</ele>
   </trkpt>
   <trkpt lat="50.9005" lon="4.835">
    <ele>49.220000000000006</ele>
   </trkpt>
   <trkpt lat="50.90037" lon="4.83506">
    <ele>49.18</ele>
   </trkpt>
   <trkpt lat="50.900150000000004" lon="4.8346100000000005">
    <ele>49.06</ele>
   </trkpt>
   <trkpt lat="50.899690002640874" lon="4.833834992471042">
    <ele>48.35</ele>
   </trkpt>
   <trkpt lat="50.89923" lon="4.833060000000001">
    <ele>47.36000000000001</ele>
   </trkpt>
   <trkpt lat="50.89913000000001" lon="4.83295">
    <ele>47.36000000000001</ele>
   </trkpt>
   <trkpt lat="50.898920000000004" lon="4.83281">
    <ele>46.64</ele>
   </trkpt>
   <trkpt lat="50.89844" lon="4.8326">
    <ele>45.92</ele>
   </trkpt>
   <trkpt lat="50.89835" lon="4.832610000000001">
    <ele>45.92</ele>
   </trkpt>
   <trkpt lat="50.898066678569684" lon="4.831429985676417">
    <ele>46.31</ele>
   </trkpt>
   <trkpt lat="50.89778334524484" lon="4.8302499857120935">
    <ele>46.940000000000005</ele>
   </trkpt>
   <trkpt lat="50.8975" lon="4.829070000000001">
    <ele>47.2</ele>
   </trkpt>
   <trkpt lat="50.89696000000001" lon="4.829350000000001">
    <ele>46.03</ele>
   </trkpt>
   <trkpt lat="50.89652000032723" lon="4.8295700020183965">
    <ele>45.44</ele>
   </trkpt>
   <trkpt lat="50.896080000000005" lon="4.82979">
    <ele>45.68000000000001</ele>
   </trkpt>
   <trkpt lat="50.895790000000005" lon="4.829980000000001">
    <ele>46.06</ele>
   </trkpt>
   <trkpt lat="50.89562" lon="4.8301300000000005">
    <ele>45.8</ele>
   </trkpt>
   <trkpt lat="50.895390000000006" lon="4.830380000000001">
    <ele>45.61000000000001</ele>
   </trkpt>
   <trkpt lat="50.89484667198539" lon="4.831170018451733">
    <ele>45.470000000000006</ele>
   </trkpt>
   <trkpt lat="50.89430333863921" lon="4.831960018470064">
    <ele>45.540000000000006</ele>
   </trkpt>
   <trkpt lat="50.89376000000001" lon="4.832750000000001">
    <ele>46.07000000000001</ele>
   </trkpt>
   <trkpt lat="50.89339000068571" lon="4.8331650033529">
    <ele>47.38</ele>
   </trkpt>
   <trkpt lat="50.89302000000001" lon="4.83358">
    <ele>49.080000000000005</ele>
   </trkpt>
   <trkpt lat="50.89255000000001" lon="4.83408">
    <ele>52.97</ele>
   </trkpt>
   <trkpt lat="50.89233" lon="4.834280000000001">
    <ele>52.97</ele>
   </trkpt>
   <trkpt lat="50.892100000000006" lon="4.8344000000000005">
    <ele>52.97</ele>
   </trkpt>
   <trkpt lat="50.891850000000005" lon="4.83446">
    <ele>56.56</ele>
   </trkpt>
   <trkpt lat="50.89161000000001" lon="4.83446">
    <ele>55.88</ele>
   </trkpt>
   <trkpt lat="50.890880000231846" lon="4.834319993413858">
    <ele>55.88</ele>
   </trkpt>
   <trkpt lat="50.89015000029625" lon="4.834179991216176">
    <ele>67.94</ele>
   </trkpt>
   <trkpt lat="50.88942000019322" lon="4.834039993406702">
    <ele>67.94</ele>
   </trkpt>
   <trkpt lat="50.888690000000004" lon="4.833900000000001">
    <ele>67.94</ele>
   </trkpt>
   <trkpt lat="50.88870000000001" lon="4.833900000000001">
    <ele>67.94</ele>
   </trkpt>
   <trkpt lat="50.888690000000004" lon="4.833900000000001">
    <ele>67.46000000000001</ele>
   </trkpt>
   <trkpt lat="50.88841000000001" lon="4.83387">
    <ele>67.36</ele>
   </trkpt>
   <trkpt lat="50.887820000000005" lon="4.83389">
    <ele>67.03</ele>
   </trkpt>
   <trkpt lat="50.88765" lon="4.8339300000000005">
    <ele>67.03</ele>
   </trkpt>
   <trkpt lat="50.887440000000005" lon="4.834040000000001">
    <ele>67.03</ele>
   </trkpt>
   <trkpt lat="50.8873" lon="4.83415">
    <ele>66.24000000000001</ele>
   </trkpt>
   <trkpt lat="50.887170000000005" lon="4.834280000000001">
    <ele>66.24000000000001</ele>
   </trkpt>
   <trkpt lat="50.886590003620825" lon="4.834930016172601">
    <ele>65.81</ele>
   </trkpt>
   <trkpt lat="50.88601000363211" lon="4.835580016159684">
    <ele>64.96000000000001</ele>
   </trkpt>
   <trkpt lat="50.88543000000001" lon="4.8362300000000005">
    <ele>64.44000000000001</ele>
   </trkpt>
   <trkpt lat="50.88505000159863" lon="4.836825004717956">
    <ele>64.02000000000001</ele>
   </trkpt>
   <trkpt lat="50.88467000000001" lon="4.837420000000001">
    <ele>62.82</ele>
   </trkpt>
   <trkpt lat="50.884370000000004" lon="4.83778">
    <ele>61.85</ele>
   </trkpt>
   <trkpt lat="50.88365" lon="4.83849">
    <ele>60.83</ele>
   </trkpt>
   <trkpt lat="50.88326000000001" lon="4.838920000000001">
    <ele>60.45</ele>
   </trkpt>
   <trkpt lat="50.88274333792461" lon="4.839650016135844">
    <ele>60.07000000000001</ele>
   </trkpt>
   <trkpt lat="50.882226671296365" lon="4.840380016081279">
    <ele>60.43000000000001</ele>
   </trkpt>
   <trkpt lat="50.881710000000005" lon="4.8411100000000005">
    <ele>60.97</ele>
   </trkpt>
   <trkpt lat="50.881730000000005" lon="4.84117">
    <ele>60.97</ele>
   </trkpt>
   <trkpt lat="50.881730000000005" lon="4.841290000000001">
    <ele>60.730000000000004</ele>
   </trkpt>
   <trkpt lat="50.881690000000006" lon="4.8414">
    <ele>60.730000000000004</ele>
   </trkpt>
   <trkpt lat="50.881710000000005" lon="4.841480000000001">
    <ele>60.730000000000004</ele>
   </trkpt>
   <trkpt lat="50.881730000000005" lon="4.84192">
    <ele>60.730000000000004</ele>
   </trkpt>
   <trkpt lat="50.88163" lon="4.84252">
    <ele>60.43000000000001</ele>
   </trkpt>
   <trkpt lat="50.881620000000005" lon="4.84252">
    <ele>60.43000000000001</ele>
   </trkpt>
   <trkpt lat="50.88163" lon="4.84276">
    <ele>59.93</ele>
   </trkpt>
   <trkpt lat="50.88168" lon="4.84299">
    <ele>58.61</ele>
   </trkpt>
   <trkpt lat="50.88192500288667" lon="4.843809995736367">
    <ele>55.410000000000004</ele>
   </trkpt>
   <trkpt lat="50.88217" lon="4.84463">
    <ele>53.22</ele>
   </trkpt>
   <trkpt lat="50.88261000426156" lon="4.845629990533353">
    <ele>50.72</ele>
   </trkpt>
   <trkpt lat="50.883050000000004" lon="4.84663">
    <ele>48.77</ele>
   </trkpt>
   <trkpt lat="50.883140000000004" lon="4.84701">
    <ele>47.53</ele>
   </trkpt>
   <trkpt lat="50.883160000000004" lon="4.84722">
    <ele>47.53</ele>
   </trkpt>
   <trkpt lat="50.88318" lon="4.84863">
    <ele>46.32000000000001</ele>
   </trkpt>
   <trkpt lat="50.88324" lon="4.8492500000000005">
    <ele>45.85</ele>
   </trkpt>
   <trkpt lat="50.883370000000006" lon="4.8498600000000005">
    <ele>45.95</ele>
   </trkpt>
   <trkpt lat="50.88361500222154" lon="4.850584996117238">
    <ele>46.55</ele>
   </trkpt>
   <trkpt lat="50.883860000000006" lon="4.851310000000001">
    <ele>47.440000000000005</ele>
   </trkpt>
   <trkpt lat="50.88392" lon="4.851660000000001">
    <ele>47.77</ele>
   </trkpt>
   <trkpt lat="50.884040000000006" lon="4.8516900000000005">
    <ele>47.980000000000004</ele>
   </trkpt>
   <trkpt lat="50.88429000000001" lon="4.85219">
    <ele>48.78</ele>
   </trkpt>
   <trkpt lat="50.88470000830877" lon="4.8531766492809005">
    <ele>50.03</ele>
   </trkpt>
   <trkpt lat="50.885110008300785" lon="4.8541633159280835">
    <ele>50.760000000000005</ele>
   </trkpt>
   <trkpt lat="50.88552000000001" lon="4.85515">
    <ele>51.99</ele>
   </trkpt>
   <trkpt lat="50.88588500161843" lon="4.855759995269137">
    <ele>56.0</ele>
   </trkpt>
   <trkpt lat="50.886250000000004" lon="4.85637">
    <ele>61.81</ele>
   </trkpt>
   <trkpt lat="50.88636" lon="4.85662">
    <ele>64.86</ele>
   </trkpt>
   <trkpt lat="50.88658500175677" lon="4.8572699967220565">
    <ele>68.31</ele>
   </trkpt>
   <trkpt lat="50.886810000000004" lon="4.85792">
    <ele>72.37</ele>
   </trkpt>
   <trkpt lat="50.886900000000004" lon="4.858300000000001">
    <ele>74.04</ele>
   </trkpt>
   <trkpt lat="50.88691000000001" lon="4.8594800000000005">
    <ele>79.13000000000001</ele>
   </trkpt>
   <trkpt lat="50.886900000000004" lon="4.85974">
    <ele>78.87</ele>
   </trkpt>
   <trkpt lat="50.88682000000001" lon="4.86035">
    <ele>78.59</ele>
   </trkpt>
   <trkpt lat="50.88683" lon="4.86085">
    <ele>78.52000000000001</ele>
   </trkpt>
   <trkpt lat="50.88693000000001" lon="4.861840000000001">
    <ele>78.47000000000001</ele>
   </trkpt>
   <trkpt lat="50.88696" lon="4.863">
    <ele>78.0</ele>
   </trkpt>
   <trkpt lat="50.88709000000001" lon="4.86376">
    <ele>78.45</ele>
   </trkpt>
   <trkpt lat="50.88734500265369" lon="4.864554995504682">
    <ele>79.17999999999999</ele>
   </trkpt>
   <trkpt lat="50.887600000000006" lon="4.86535">
    <ele>80.16000000000001</ele>
   </trkpt>
   <trkpt lat="50.887975006949596" lon="4.866629989529206">
    <ele>80.14</ele>
   </trkpt>
   <trkpt lat="50.88835" lon="4.86791">
    <ele>79.52000000000001</ele>
   </trkpt>
   <trkpt lat="50.888690000000004" lon="4.869190000000001">
    <ele>78.55000000000001</ele>
   </trkpt>
   <trkpt lat="50.88885500233559" lon="4.8699299973632515">
    <ele>78.16000000000001</ele>
   </trkpt>
   <trkpt lat="50.88902" lon="4.8706700000000005">
    <ele>77.83000000000001</ele>
   </trkpt>
   <trkpt lat="50.889030000000005" lon="4.871160000000001">
    <ele>77.17</ele>
   </trkpt>
   <trkpt lat="50.889" lon="4.87136">
    <ele>76.29</ele>
   </trkpt>
   <trkpt lat="50.888870000000004" lon="4.87171">
    <ele>76.06</ele>
   </trkpt>
   <trkpt lat="50.88870000000001" lon="4.87199">
    <ele>75.46</ele>
   </trkpt>
   <trkpt lat="50.88832000000001" lon="4.87242">
    <ele>74.68</ele>
   </trkpt>
   <trkpt lat="50.88819" lon="4.8726400000000005">
    <ele>74.55</ele>
   </trkpt>
   <trkpt lat="50.88798500299341" lon="4.873485003951677">
    <ele>74.38</ele>
   </trkpt>
   <trkpt lat="50.88778000000001" lon="4.8743300000000005">
    <ele>74.09</ele>
   </trkpt>
   <trkpt lat="50.88776000000001" lon="4.87457">
    <ele>73.93</ele>
   </trkpt>
   <trkpt lat="50.88779" lon="4.874980000000001">
    <ele>73.56</ele>
   </trkpt>
   <trkpt lat="50.88788" lon="4.875310000000001">
    <ele>73.31</ele>
   </trkpt>
   <trkpt lat="50.888380000000005" lon="4.876480000000001">
    <ele>70.35000000000001</ele>
   </trkpt>
   <trkpt lat="50.88891" lon="4.8774500000000005">
    <ele>69.69</ele>
   </trkpt>
   <trkpt lat="50.889010000000006" lon="4.87769">
    <ele>69.70000000000002</ele>
   </trkpt>
   <trkpt lat="50.889050000000005" lon="4.8778500000000005">
    <ele>69.79</ele>
   </trkpt>
   <trkpt lat="50.88918" lon="4.877820000000001">
    <ele>69.88000000000001</ele>
   </trkpt>
   <trkpt lat="50.889320000000005" lon="4.87774">
    <ele>69.85000000000001</ele>
   </trkpt>
   <trkpt lat="50.88996" lon="4.8773">
    <ele>70.19</ele>
   </trkpt>
   <trkpt lat="50.89025" lon="4.87713">
    <ele>70.62</ele>
   </trkpt>
   <trkpt lat="50.890620000000006" lon="4.876950000000001">
    <ele>71.21000000000001</ele>
   </trkpt>
   <trkpt lat="50.890750000000004" lon="4.87692">
    <ele>71.74000000000001</ele>
   </trkpt>
   <trkpt lat="50.89079" lon="4.876950000000001">
    <ele>71.74000000000001</ele>
   </trkpt>
   <trkpt lat="50.89086" lon="4.877070000000001">
    <ele>71.42000000000002</ele>
   </trkpt>
   <trkpt lat="50.890910000000005" lon="4.877210000000001">
    <ele>71.29</ele>
   </trkpt>
   <trkpt lat="50.89108500190853" lon="4.8778899971864815">
    <ele>71.01</ele>
   </trkpt>
   <trkpt lat="50.89126" lon="4.878570000000001">
    <ele>72.34</ele>
   </trkpt>
   <trkpt lat="50.8917600024937" lon="4.879329991881773">
    <ele>70.65</ele>
   </trkpt>
   <trkpt lat="50.89226000000001" lon="4.88009">
    <ele>69.86</ele>
   </trkpt>
   <trkpt lat="50.892410000000005" lon="4.88035">
    <ele>69.39</ele>
   </trkpt>
   <trkpt lat="50.89289001004914" lon="4.881433311056482">
    <ele>66.69</ele>
   </trkpt>
   <trkpt lat="50.89337001007273" lon="4.882516644442629">
    <ele>65.19000000000001</ele>
   </trkpt>
   <trkpt lat="50.89385000000001" lon="4.8836">
    <ele>64.43</ele>
   </trkpt>
   <trkpt lat="50.89425000115708" lon="4.884094995885328">
    <ele>64.06</ele>
   </trkpt>
   <trkpt lat="50.894650000000006" lon="4.88459">
    <ele>64.01</ele>
   </trkpt>
   <trkpt lat="50.89502500254602" lon="4.885364993719454">
    <ele>63.53</ele>
   </trkpt>
   <trkpt lat="50.8954" lon="4.88614">
    <ele>63.71</ele>
   </trkpt>
   <trkpt lat="50.895570000000006" lon="4.8865300000000005">
    <ele>63.53</ele>
   </trkpt>
   <trkpt lat="50.89564000000001" lon="4.886760000000001">
    <ele>63.46</ele>
   </trkpt>
   <trkpt lat="50.89569" lon="4.887020000000001">
    <ele>63.46</ele>
   </trkpt>
   <trkpt lat="50.89582500329584" lon="4.8878949976297905">
    <ele>63.25</ele>
   </trkpt>
   <trkpt lat="50.89596" lon="4.88877">
    <ele>62.63</ele>
   </trkpt>
   <trkpt lat="50.89607" lon="4.8891">
    <ele>62.330000000000005</ele>
   </trkpt>
   <trkpt lat="50.896150000000006" lon="4.889220000000001">
    <ele>62.330000000000005</ele>
   </trkpt>
   <trkpt lat="50.89625" lon="4.88933">
    <ele>61.92</ele>
   </trkpt>
   <trkpt lat="50.89638" lon="4.889410000000001">
    <ele>61.81</ele>
   </trkpt>
   <trkpt lat="50.89686000034723" lon="4.889624997850991">
    <ele>61.53000000000001</ele>
   </trkpt>
   <trkpt lat="50.89734000000001" lon="4.88984">
    <ele>61.300000000000004</ele>
   </trkpt>
   <trkpt lat="50.89753" lon="4.88989">
    <ele>61.00000000000001</ele>
   </trkpt>
   <trkpt lat="50.89761000000001" lon="4.88996">
    <ele>61.00000000000001</ele>
   </trkpt>
   <trkpt lat="50.897760000000005" lon="4.889950000000001">
    <ele>61.07000000000001</ele>
   </trkpt>
   <trkpt lat="50.89811" lon="4.890040000000001">
    <ele>60.800000000000004</ele>
   </trkpt>
   <trkpt lat="50.89828000000001" lon="4.89006">
    <ele>60.800000000000004</ele>
   </trkpt>
   <trkpt lat="50.89855000000001" lon="4.8900500000000005">
    <ele>60.800000000000004</ele>
   </trkpt>
   <trkpt lat="50.89884000000001" lon="4.889970000000001">
    <ele>60.68000000000001</ele>
   </trkpt>
   <trkpt lat="50.899570000000004" lon="4.8896500000000005">
    <ele>60.300000000000004</ele>
   </trkpt>
   <trkpt lat="50.89987000000001" lon="4.8894400000000005">
    <ele>59.67000000000001</ele>
   </trkpt>
   <trkpt lat="50.900285000607866" lon="4.88906500333573">
    <ele>58.870000000000005</ele>
   </trkpt>
   <trkpt lat="50.90070000000001" lon="4.88869">
    <ele>58.24000000000001</ele>
   </trkpt>
   <trkpt lat="50.90126" lon="4.888050000000001">
    <ele>58.11</ele>
   </trkpt>
   <trkpt lat="50.90194" lon="4.88712">
    <ele>57.870000000000005</ele>
   </trkpt>
   <trkpt lat="50.90222000000001" lon="4.886830000000001">
    <ele>57.43</ele>
   </trkpt>
   <trkpt lat="50.90240000000001" lon="4.88668">
    <ele>57.24</ele>
   </trkpt>
   <trkpt lat="50.902590000000004" lon="4.886550000000001">
    <ele>57.07</ele>
   </trkpt>
   <trkpt lat="50.90294" lon="4.88637">
    <ele>56.39</ele>
   </trkpt>
   <trkpt lat="50.90380000077966" lon="4.886076677488439">
    <ele>53.2</ele>
   </trkpt>
   <trkpt lat="50.90466000082435" lon="4.885783344140107">
    <ele>50.42000000000001</ele>
   </trkpt>
   <trkpt lat="50.90552" lon="4.885490000000001">
    <ele>49.54</ele>
   </trkpt>
   <trkpt lat="50.90612333383397" lon="4.8852533394591315">
    <ele>48.870000000000005</ele>
   </trkpt>
   <trkpt lat="50.9067266671895" lon="4.885016672783854">
    <ele>48.050000000000004</ele>
   </trkpt>
   <trkpt lat="50.90733" lon="4.88478">
    <ele>47.81</ele>
   </trkpt>
   <trkpt lat="50.90787500000024" lon="4.884635001721468">
    <ele>46.760000000000005</ele>
   </trkpt>
   <trkpt lat="50.90842000000001" lon="4.88449">
    <ele>46.53</ele>
   </trkpt>
   <trkpt lat="50.90847" lon="4.88548">
    <ele>45.19</ele>
   </trkpt>
   <trkpt lat="50.90854" lon="4.88611">
    <ele>45.26</ele>
   </trkpt>
   <trkpt lat="50.908640000000005" lon="4.886780000000001">
    <ele>45.12</ele>
   </trkpt>
   <trkpt lat="50.908750000000005" lon="4.88717">
    <ele>44.99</ele>
   </trkpt>
   <trkpt lat="50.90894" lon="4.88762">
    <ele>44.96000000000001</ele>
   </trkpt>
   <trkpt lat="50.90936000000001" lon="4.88827">
    <ele>45.38</ele>
   </trkpt>
   <trkpt lat="50.90952000000001" lon="4.88856">
    <ele>45.470000000000006</ele>
   </trkpt>
   <trkpt lat="50.909600000000005" lon="4.88881">
    <ele>45.59</ele>
   </trkpt>
   <trkpt lat="50.90964" lon="4.88916">
    <ele>45.87</ele>
   </trkpt>
   <trkpt lat="50.90961" lon="4.889670000000001">
    <ele>46.470000000000006</ele>
   </trkpt>
   <trkpt lat="50.90955" lon="4.889900000000001">
    <ele>46.81</ele>
   </trkpt>
   <trkpt lat="50.90928" lon="4.890680000000001">
    <ele>48.720000000000006</ele>
   </trkpt>
   <trkpt lat="50.90923" lon="4.89095">
    <ele>49.120000000000005</ele>
   </trkpt>
   <trkpt lat="50.90919" lon="4.89139">
    <ele>49.46</ele>
   </trkpt>
   <trkpt lat="50.90921" lon="4.891830000000001">
    <ele>49.84</ele>
   </trkpt>
   <trkpt lat="50.90932" lon="4.89257">
    <ele>50.78</ele>
   </trkpt>
   <trkpt lat="50.90934000000001" lon="4.8928400000000005">
    <ele>51.120000000000005</ele>
   </trkpt>
   <trkpt lat="50.90935" lon="4.893560000000001">
    <ele>52.49</ele>
   </trkpt>
   <trkpt lat="50.90926" lon="4.894220000000001">
    <ele>53.660000000000004</ele>
   </trkpt>
   <trkpt lat="50.909240000000004" lon="4.89473">
    <ele>54.470000000000006</ele>
   </trkpt>
   <trkpt lat="50.90928" lon="4.89527">
    <ele>55.63</ele>
   </trkpt>
   <trkpt lat="50.9095266794407" lon="4.896493320323774">
    <ele>57.690000000000005</ele>
   </trkpt>
   <trkpt lat="50.909773346098625" lon="4.8977166536133865">
    <ele>60.60000000000001</ele>
   </trkpt>
   <trkpt lat="50.91002" lon="4.8989400000000005">
    <ele>63.73000000000001</ele>
   </trkpt>
   <trkpt lat="50.910120000000006" lon="4.8995500000000005">
    <ele>65.91000000000001</ele>
   </trkpt>
   <trkpt lat="50.91015" lon="4.900060000000001">
    <ele>66.96000000000001</ele>
   </trkpt>
   <trkpt lat="50.910120000000006" lon="4.90125">
    <ele>69.02000000000001</ele>
   </trkpt>
   <trkpt lat="50.91015" lon="4.901490000000001">
    <ele>70.71000000000001</ele>
   </trkpt>
   <trkpt lat="50.91026" lon="4.901940000000001">
    <ele>71.57000000000001</ele>
   </trkpt>
   <trkpt lat="50.9104" lon="4.902310000000001">
    <ele>72.38</ele>
   </trkpt>
   <trkpt lat="50.91051" lon="4.90249">
    <ele>72.68</ele>
   </trkpt>
   <trkpt lat="50.91097666972898" lon="4.903089987952314">
    <ele>73.43</ele>
   </trkpt>
   <trkpt lat="50.91144333638308" lon="4.903689987935965">
    <ele>74.50000000000001</ele>
   </trkpt>
   <trkpt lat="50.911910000000006" lon="4.9042900000000005">
    <ele>75.57000000000001</ele>
   </trkpt>
   <trkpt lat="50.91201" lon="4.90446">
    <ele>75.65</ele>
   </trkpt>
   <trkpt lat="50.91219" lon="4.90493">
    <ele>75.29</ele>
   </trkpt>
   <trkpt lat="50.91237" lon="4.90603">
    <ele>73.60000000000001</ele>
   </trkpt>
   <trkpt lat="50.91246" lon="4.90655">
    <ele>72.95</ele>
   </trkpt>
   <trkpt lat="50.91255" lon="4.906890000000001">
    <ele>72.34</ele>
   </trkpt>
   <trkpt lat="50.91277" lon="4.907500000000001">
    <ele>71.61</ele>
   </trkpt>
   <trkpt lat="50.91295" lon="4.907430000000001">
    <ele>70.93</ele>
   </trkpt>
   <trkpt lat="50.91367" lon="4.9076">
    <ele>69.8</ele>
   </trkpt>
   <trkpt lat="50.91442000000001" lon="4.9076900000000006">
    <ele>69.53</ele>
   </trkpt>
   <trkpt lat="50.914570000000005" lon="4.90774">
    <ele>69.48</ele>
   </trkpt>
   <trkpt lat="50.91507000000001" lon="4.90803">
    <ele>69.55</ele>
   </trkpt>
   <trkpt lat="50.91532" lon="4.908">
    <ele>69.41</ele>
   </trkpt>
   <trkpt lat="50.915440000000004" lon="4.90793">
    <ele>69.41</ele>
   </trkpt>
   <trkpt lat="50.91572000000001" lon="4.907710000000001">
    <ele>69.25</ele>
   </trkpt>
   <trkpt lat="50.91586" lon="4.90763">
    <ele>69.21000000000001</ele>
   </trkpt>
   <trkpt lat="50.91635" lon="4.90746">
    <ele>69.51</ele>
   </trkpt>
   <trkpt lat="50.9166" lon="4.90746">
    <ele>69.59</ele>
   </trkpt>
   <trkpt lat="50.916790000000006" lon="4.90749">
    <ele>69.62</ele>
   </trkpt>
   <trkpt lat="50.91765" lon="4.90777">
    <ele>69.26</ele>
   </trkpt>
   <trkpt lat="50.91776" lon="4.90779">
    <ele>69.33</ele>
   </trkpt>
   <trkpt lat="50.91814" lon="4.90772">
    <ele>69.86</ele>
   </trkpt>
   <trkpt lat="50.918150000000004" lon="4.90772">
    <ele>69.87</ele>
   </trkpt>
   <trkpt lat="50.91816000410366" lon="4.906739999993081">
    <ele>68.34</ele>
   </trkpt>
   <trkpt lat="50.91817" lon="4.905760000000001">
    <ele>69.29</ele>
   </trkpt>
   <trkpt lat="50.918200000000006" lon="4.9056500000000005">
    <ele>69.29</ele>
   </trkpt>
   <trkpt lat="50.918380000000006" lon="4.905430000000001">
    <ele>69.65</ele>
   </trkpt>
   <trkpt lat="50.918420000000005" lon="4.905340000000001">
    <ele>69.75</ele>
   </trkpt>
   <trkpt lat="50.918510000000005" lon="4.9049700000000005">
    <ele>70.37</ele>
   </trkpt>
   <trkpt lat="50.91899000072178" lon="4.904535004565511">
    <ele>74.17</ele>
   </trkpt>
   <trkpt lat="50.919470000000004" lon="4.904100000000001">
    <ele>78.21</ele>
   </trkpt>
   <trkpt lat="50.919810000000005" lon="4.903860000000001">
    <ele>79.17</ele>
   </trkpt>
   <trkpt lat="50.920570000000005" lon="4.903390000000001">
    <ele>82.25</ele>
   </trkpt>
   <trkpt lat="50.921362000446656" lon="4.903228011030825">
    <ele>82.30000000000001</ele>
   </trkpt>
   <trkpt lat="50.92215400066919" lon="4.903066016546744">
    <ele>81.63000000000001</ele>
   </trkpt>
   <trkpt lat="50.92294600066759" lon="4.902904016547418">
    <ele>81.48</ele>
   </trkpt>
   <trkpt lat="50.923738000441816" lon="4.902742011032505">
    <ele>81.39</ele>
   </trkpt>
   <trkpt lat="50.924530000000004" lon="4.90258">
    <ele>80.97</ele>
   </trkpt>
   <trkpt lat="50.92456000000001" lon="4.902500000000001">
    <ele>80.4</ele>
   </trkpt>
   <trkpt lat="50.92461" lon="4.90244">
    <ele>80.4</ele>
   </trkpt>
   <trkpt lat="50.92488" lon="4.902170000000001">
    <ele>78.75</ele>
   </trkpt>
   <trkpt lat="50.924890000000005" lon="4.90191">
    <ele>78.77000000000001</ele>
   </trkpt>
   <trkpt lat="50.92449000475738" lon="4.900854990940615">
    <ele>79.58000000000001</ele>
   </trkpt>
   <trkpt lat="50.92409000000001" lon="4.899800000000001">
    <ele>79.78</ele>
   </trkpt>
   <trkpt lat="50.92389000000001" lon="4.899380000000001">
    <ele>80.28</ele>
   </trkpt>
   <trkpt lat="50.923790000000004" lon="4.899240000000001">
    <ele>80.59</ele>
   </trkpt>
   <trkpt lat="50.92367" lon="4.89902">
    <ele>80.59</ele>
   </trkpt>
   <trkpt lat="50.923380002461116" lon="4.898264995363865">
    <ele>81.57000000000001</ele>
   </trkpt>
   <trkpt lat="50.92309" lon="4.8975100000000005">
    <ele>81.97</ele>
   </trkpt>
   <trkpt lat="50.92264503658431" lon="4.896403675936587">
    <ele>81.41000000000001</ele>
   </trkpt>
   <trkpt lat="50.92220006271525" lon="4.895297373034712">
    <ele>81.28</ele>
   </trkpt>
   <trkpt lat="50.9217550783932" lon="4.8941910912941315">
    <ele>80.89</ele>
   </trkpt>
   <trkpt lat="50.92131008361851" lon="4.893084830714601">
    <ele>80.68</ele>
   </trkpt>
   <trkpt lat="50.920865078391564" lon="4.891978591295879">
    <ele>80.77000000000001</ele>
   </trkpt>
   <trkpt lat="50.920420062712736" lon="4.890872373037721">
    <ele>80.77000000000001</ele>
   </trkpt>
   <trkpt lat="50.91997503658237" lon="4.889766175939882">
    <ele>81.19000000000001</ele>
   </trkpt>
   <trkpt lat="50.91953" lon="4.888660000000001">
    <ele>81.53</ele>
   </trkpt>
   <trkpt lat="50.91946" lon="4.8883600000000005">
    <ele>81.65</ele>
   </trkpt>
   <trkpt lat="50.91930000000001" lon="4.8874">
    <ele>82.07000000000001</ele>
   </trkpt>
   <trkpt lat="50.91946" lon="4.88733">
    <ele>81.39</ele>
   </trkpt>
   <trkpt lat="50.91968000000001" lon="4.8872800000000005">
    <ele>81.12</ele>
   </trkpt>
   <trkpt lat="50.92002" lon="4.88726">
    <ele>80.64</ele>
   </trkpt>
   <trkpt lat="50.920495000056206" lon="4.8871800008118305">
    <ele>80.34</ele>
   </trkpt>
   <trkpt lat="50.920970000000004" lon="4.8871">
    <ele>78.73</ele>
   </trkpt>
   <trkpt lat="50.921350000000004" lon="4.887020000000001">
    <ele>77.84</ele>
   </trkpt>
   <trkpt lat="50.921710000000004" lon="4.886880000000001">
    <ele>77.67</ele>
   </trkpt>
   <trkpt lat="50.92177" lon="4.88677">
    <ele>77.7</ele>
   </trkpt>
   <trkpt lat="50.92177" lon="4.886270000000001">
    <ele>77.06</ele>
   </trkpt>
   <trkpt lat="50.92181" lon="4.885660000000001">
    <ele>77.16000000000001</ele>
   </trkpt>
   <trkpt lat="50.921800000000005" lon="4.885280000000001">
    <ele>77.57</ele>
   </trkpt>
   <trkpt lat="50.92177" lon="4.8849800000000005">
    <ele>77.72000000000001</ele>
   </trkpt>
   <trkpt lat="50.921670000000006" lon="4.88424">
    <ele>77.6</ele>
   </trkpt>
   <trkpt lat="50.92159" lon="4.88335">
    <ele>76.82</ele>
   </trkpt>
   <trkpt lat="50.92149000223377" lon="4.882619998124777">
    <ele>75.26</ele>
   </trkpt>
   <trkpt lat="50.92139" lon="4.88189">
    <ele>72.97</ele>
   </trkpt>
   <trkpt lat="50.92143" lon="4.881460000000001">
    <ele>72.05</ele>
   </trkpt>
   <trkpt lat="50.92162000466823" lon="4.88041000450847">
    <ele>72.2</ele>
   </trkpt>
   <trkpt lat="50.92181" lon="4.87936">
    <ele>74.2</ele>
   </trkpt>
   <trkpt lat="50.92186" lon="4.87887">
    <ele>74.09</ele>
   </trkpt>
   <trkpt lat="50.92186" lon="4.878310000000001">
    <ele>73.56</ele>
   </trkpt>
   <trkpt lat="50.92171500339106" lon="4.8774249975248">
    <ele>72.85000000000001</ele>
   </trkpt>
   <trkpt lat="50.92157" lon="4.87654">
    <ele>72.66</ele>
   </trkpt>
   <trkpt lat="50.921510000000005" lon="4.87642">
    <ele>72.54</ele>
   </trkpt>
   <trkpt lat="50.921510000000005" lon="4.87631">
    <ele>71.63</ele>
   </trkpt>
   <trkpt lat="50.92139" lon="4.87561">
    <ele>69.91</ele>
   </trkpt>
   <trkpt lat="50.92136000000001" lon="4.87514">
    <ele>69.24000000000001</ele>
   </trkpt>
   <trkpt lat="50.92140667509108" lon="4.874146668722963">
    <ele>65.66000000000001</ele>
   </trkpt>
   <trkpt lat="50.92145334175476" lon="4.873153335453138">
    <ele>65.05000000000001</ele>
   </trkpt>
   <trkpt lat="50.9215" lon="4.87216">
    <ele>65.49000000000001</ele>
   </trkpt>
   <trkpt lat="50.92147000000001" lon="4.87185">
    <ele>65.75999999999999</ele>
   </trkpt>
   <trkpt lat="50.921420000000005" lon="4.871600000000001">
    <ele>66.23</ele>
   </trkpt>
   <trkpt lat="50.92123" lon="4.87101">
    <ele>66.46000000000001</ele>
   </trkpt>
   <trkpt lat="50.92089000000001" lon="4.870080000000001">
    <ele>66.74000000000001</ele>
   </trkpt>
   <trkpt lat="50.92081" lon="4.86965">
    <ele>67.09</ele>
   </trkpt>
   <trkpt lat="50.92078000000001" lon="4.86932">
    <ele>67.09</ele>
   </trkpt>
   <trkpt lat="50.920726678963675" lon="4.8681199972051115">
    <ele>67.0</ele>
   </trkpt>
   <trkpt lat="50.92067334562836" lon="4.866919997160904">
    <ele>64.69000000000001</ele>
   </trkpt>
   <trkpt lat="50.92062000000001" lon="4.8657200000000005">
    <ele>64.57000000000001</ele>
   </trkpt>
   <trkpt lat="50.92065500843076" lon="4.864315001027618">
    <ele>66.07000000000001</ele>
   </trkpt>
   <trkpt lat="50.92069000000001" lon="4.86291">
    <ele>69.38000000000001</ele>
   </trkpt>
   <trkpt lat="50.920680000000004" lon="4.862640000000001">
    <ele>69.72</ele>
   </trkpt>
   <trkpt lat="50.92053000000001" lon="4.861820000000001">
    <ele>69.82000000000001</ele>
   </trkpt>
   <trkpt lat="50.920480000000005" lon="4.86127">
    <ele>69.56</ele>
   </trkpt>
   <trkpt lat="50.92049" lon="4.86078">
    <ele>69.49000000000001</ele>
   </trkpt>
   <trkpt lat="50.92053000000001" lon="4.8604400000000005">
    <ele>69.82000000000001</ele>
   </trkpt>
   <trkpt lat="50.920700000000004" lon="4.859310000000001">
    <ele>70.47</ele>
   </trkpt>
   <trkpt lat="50.92078000000001" lon="4.8590800000000005">
    <ele>69.66</ele>
   </trkpt>
   <trkpt lat="50.92094" lon="4.85885">
    <ele>68.23</ele>
   </trkpt>
   <trkpt lat="50.92123" lon="4.85857">
    <ele>63.14</ele>
   </trkpt>
   <trkpt lat="50.921400000000006" lon="4.858350000000001">
    <ele>61.82000000000001</ele>
   </trkpt>
   <trkpt lat="50.921530000000004" lon="4.858140000000001">
    <ele>59.830000000000005</ele>
   </trkpt>
   <trkpt lat="50.921600000000005" lon="4.8579300000000005">
    <ele>58.34</ele>
   </trkpt>
   <trkpt lat="50.92178000311013" lon="4.857075003363194">
    <ele>54.940000000000005</ele>
   </trkpt>
   <trkpt lat="50.921960000000006" lon="4.85622">
    <ele>52.82000000000001</ele>
   </trkpt>
   <trkpt lat="50.921980000000005" lon="4.856070000000001">
    <ele>51.31</ele>
   </trkpt>
   <trkpt lat="50.92199" lon="4.85543">
    <ele>49.800000000000004</ele>
   </trkpt>
   <trkpt lat="50.92273" lon="4.8552">
    <ele>41.730000000000004</ele>
   </trkpt>
   <trkpt lat="50.923545000345854" lon="4.854990003638161">
    <ele>35.230000000000004</ele>
   </trkpt>
   <trkpt lat="50.92436000000001" lon="4.854780000000001">
    <ele>30.980000000000004</ele>
   </trkpt>
   <trkpt lat="50.92446" lon="4.85477">
    <ele>30.680000000000003</ele>
   </trkpt>
   <trkpt lat="50.92457" lon="4.854780000000001">
    <ele>30.430000000000003</ele>
   </trkpt>
   <trkpt lat="50.924690000000005" lon="4.85482">
    <ele>30.04</ele>
   </trkpt>
   <trkpt lat="50.92544167159064" lon="4.855299961224087">
    <ele>29.110000000000003</ele>
   </trkpt>
   <trkpt lat="50.92619334121376" lon="4.855779937958596">
    <ele>28.53</ele>
   </trkpt>
   <trkpt lat="50.92694500886926" lon="4.8562599302044065">
    <ele>27.990000000000002</ele>
   </trkpt>
   <trkpt lat="50.927696674557005" lon="4.856739937962395">
    <ele>27.880000000000003</ele>
   </trkpt>
   <trkpt lat="50.928448338276915" lon="4.857219961233437">
    <ele>27.680000000000003</ele>
   </trkpt>
   <trkpt lat="50.9292" lon="4.8577">
    <ele>28.01</ele>
   </trkpt>
   <trkpt lat="50.92938" lon="4.8577900000000005">
    <ele>28.130000000000003</ele>
   </trkpt>
   <trkpt lat="50.929520000000004" lon="4.85784">
    <ele>28.330000000000002</ele>
   </trkpt>
   <trkpt lat="50.929790000000004" lon="4.85787">
    <ele>28.400000000000002</ele>
   </trkpt>
   <trkpt lat="50.929930000000006" lon="4.8578600000000005">
    <ele>28.41</ele>
   </trkpt>
   <trkpt lat="50.930260000000004" lon="4.85778">
    <ele>28.41</ele>
   </trkpt>
   <trkpt lat="50.930460000000004" lon="4.85777">
    <ele>28.290000000000003</ele>
   </trkpt>
   <trkpt lat="50.93056000000001" lon="4.8577900000000005">
    <ele>28.290000000000003</ele>
   </trkpt>
   <trkpt lat="50.9307" lon="4.8578600000000005">
    <ele>28.28</ele>
   </trkpt>
   <trkpt lat="50.931230000000006" lon="4.858230000000001">
    <ele>28.3</ele>
   </trkpt>
   <trkpt lat="50.93142" lon="4.858280000000001">
    <ele>28.290000000000003</ele>
   </trkpt>
   <trkpt lat="50.93164" lon="4.858300000000001">
    <ele>28.16</ele>
   </trkpt>
   <trkpt lat="50.932170000000006" lon="4.85825">
    <ele>27.770000000000003</ele>
   </trkpt>
   <trkpt lat="50.93253000000001" lon="4.85813">
    <ele>27.73</ele>
   </trkpt>
   <trkpt lat="50.932770000000005" lon="4.85796">
    <ele>27.970000000000002</ele>
   </trkpt>
   <trkpt lat="50.93254" lon="4.857550000000001">
    <ele>26.660000000000004</ele>
   </trkpt>
   <trkpt lat="50.93217500325563" lon="4.856669992970585">
    <ele>26.55</ele>
   </trkpt>
   <trkpt lat="50.931810000000006" lon="4.855790000000001">
    <ele>27.17</ele>
   </trkpt>
   <trkpt lat="50.93142" lon="4.85493">
    <ele>27.520000000000003</ele>
   </trkpt>
   <trkpt lat="50.93115" lon="4.854170000000001">
    <ele>27.750000000000004</ele>
   </trkpt>
   <trkpt lat="50.930880003871685" lon="4.853224994718476">
    <ele>27.680000000000003</ele>
   </trkpt>
   <trkpt lat="50.93061" lon="4.85228">
    <ele>27.610000000000003</ele>
   </trkpt>
   <trkpt lat="50.930440000000004" lon="4.8516200000000005">
    <ele>27.69</ele>
   </trkpt>
   <trkpt lat="50.93003500512439" lon="4.850529990646395">
    <ele>28.900000000000002</ele>
   </trkpt>
   <trkpt lat="50.92963" lon="4.84944">
    <ele>28.200000000000003</ele>
   </trkpt>
   <trkpt lat="50.929610000000004" lon="4.84916">
    <ele>28.200000000000003</ele>
   </trkpt>
   <trkpt lat="50.929660000000005" lon="4.84905">
    <ele>28.200000000000003</ele>
   </trkpt>
   <trkpt lat="50.92985" lon="4.848800000000001">
    <ele>27.590000000000003</ele>
   </trkpt>
   <trkpt lat="50.930335001205336" lon="4.8482500058329565">
    <ele>27.380000000000003</ele>
   </trkpt>
   <trkpt lat="50.930820000000004" lon="4.847700000000001">
    <ele>27.540000000000003</ele>
   </trkpt>
   <trkpt lat="50.9311" lon="4.847300000000001">
    <ele>27.57</ele>
   </trkpt>
   <trkpt lat="50.93151500211807" lon="4.846585006491569">
    <ele>27.630000000000003</ele>
   </trkpt>
   <trkpt lat="50.93193" lon="4.845870000000001">
    <ele>27.21</ele>
   </trkpt>
   <trkpt lat="50.932120000000005" lon="4.84558">
    <ele>27.160000000000004</ele>
   </trkpt>
   <trkpt lat="50.932280000000006" lon="4.84537">
    <ele>27.250000000000004</ele>
   </trkpt>
   <trkpt lat="50.932915002186135" lon="4.84465500975866">
    <ele>27.000000000000004</ele>
   </trkpt>
   <trkpt lat="50.933550000000004" lon="4.843940000000001">
    <ele>26.660000000000004</ele>
   </trkpt>
   <trkpt lat="50.9337" lon="4.843710000000001">
    <ele>26.660000000000004</ele>
   </trkpt>
   <trkpt lat="50.93385000000001" lon="4.843430000000001">
    <ele>26.67</ele>
   </trkpt>
   <trkpt lat="50.933960000000006" lon="4.84327">
    <ele>26.67</ele>
   </trkpt>
   <trkpt lat="50.93413" lon="4.84313">
    <ele>26.78</ele>
   </trkpt>
   <trkpt lat="50.93457500050897" lon="4.842855002516424">
    <ele>26.72</ele>
   </trkpt>
   <trkpt lat="50.93502" lon="4.842580000000001">
    <ele>26.53</ele>
   </trkpt>
   <trkpt lat="50.93524000000001" lon="4.8424000000000005">
    <ele>26.490000000000002</ele>
   </trkpt>
   <trkpt lat="50.93562000000001" lon="4.84198">
    <ele>26.7</ele>
   </trkpt>
   <trkpt lat="50.93567" lon="4.8418600000000005">
    <ele>24.330000000000002</ele>
   </trkpt>
   <trkpt lat="50.935700000000004" lon="4.841760000000001">
    <ele>24.37</ele>
   </trkpt>
   <trkpt lat="50.93569" lon="4.84175">
    <ele>26.69</ele>
   </trkpt>
   <trkpt lat="50.93569" lon="4.84163">
    <ele>26.650000000000002</ele>
   </trkpt>
   <trkpt lat="50.93533000000001" lon="4.840350000000001">
    <ele>25.830000000000002</ele>
   </trkpt>
   <trkpt lat="50.935230000000004" lon="4.84016">
    <ele>25.560000000000002</ele>
   </trkpt>
   <trkpt lat="50.934850000000004" lon="4.839740000000001">
    <ele>25.200000000000003</ele>
   </trkpt>
   <trkpt lat="50.934470000000005" lon="4.83936">
    <ele>25.0</ele>
   </trkpt>
   <trkpt lat="50.93397000288701" lon="4.838779987545064">
    <ele>25.62</ele>
   </trkpt>
   <trkpt lat="50.933470002901075" lon="4.838199987561564">
    <ele>25.970000000000002</ele>
   </trkpt>
   <trkpt lat="50.932970000000005" lon="4.83762">
    <ele>26.250000000000004</ele>
   </trkpt>
   <trkpt lat="50.932880000000004" lon="4.83753">
    <ele>26.3</ele>
   </trkpt>
   <trkpt lat="50.9322" lon="4.83731">
    <ele>26.750000000000004</ele>
   </trkpt>
   <trkpt lat="50.93211" lon="4.83638">
    <ele>27.51</ele>
   </trkpt>
   <trkpt lat="50.932100000000005" lon="4.836080000000001">
    <ele>27.720000000000002</ele>
   </trkpt>
   <trkpt lat="50.932170000000006" lon="4.83506">
    <ele>28.85</ele>
   </trkpt>
   <trkpt lat="50.93218" lon="4.834040000000001">
    <ele>28.98</ele>
   </trkpt>
   <trkpt lat="50.932160009296716" lon="4.832996665784832">
    <ele>29.87</ele>
   </trkpt>
   <trkpt lat="50.93214000929701" lon="4.831953332466759">
    <ele>27.91</ele>
   </trkpt>
   <trkpt lat="50.932120000000005" lon="4.83091">
    <ele>26.79</ele>
   </trkpt>
   <trkpt lat="50.932" lon="4.82964">
    <ele>26.6</ele>
   </trkpt>
   <trkpt lat="50.932" lon="4.829300000000001">
    <ele>26.650000000000002</ele>
   </trkpt>
   <trkpt lat="50.93210500431312" lon="4.828295002266901">
    <ele>26.63</ele>
   </trkpt>
   <trkpt lat="50.932210000000005" lon="4.8272900000000005">
    <ele>26.12</ele>
   </trkpt>
   <trkpt lat="50.932340003105864" lon="4.826435002493042">
    <ele>25.650000000000002</ele>
   </trkpt>
   <trkpt lat="50.93247" lon="4.82558">
    <ele>25.490000000000002</ele>
   </trkpt>
   <trkpt lat="50.93263" lon="4.82432">
    <ele>25.990000000000002</ele>
   </trkpt>
   <trkpt lat="50.93271000000001" lon="4.82334">
    <ele>26.69</ele>
   </trkpt>
   <trkpt lat="50.93272" lon="4.82307">
    <ele>27.080000000000002</ele>
   </trkpt>
   <trkpt lat="50.932700000000004" lon="4.82256">
    <ele>27.87</ele>
   </trkpt>
   <trkpt lat="50.932640000000006" lon="4.821940000000001">
    <ele>29.36</ele>
   </trkpt>
   <trkpt lat="50.9325150021088" lon="4.821234998028813">
    <ele>31.180000000000003</ele>
   </trkpt>
   <trkpt lat="50.932390000000005" lon="4.820530000000001">
    <ele>31.68</ele>
   </trkpt>
   <trkpt lat="50.932210000000005" lon="4.81975">
    <ele>30.890000000000004</ele>
   </trkpt>
   <trkpt lat="50.93198" lon="4.81895">
    <ele>29.960000000000004</ele>
   </trkpt>
   <trkpt lat="50.93182" lon="4.818420000000001">
    <ele>29.57</ele>
   </trkpt>
   <trkpt lat="50.931720000000006" lon="4.81801">
    <ele>29.400000000000002</ele>
   </trkpt>
   <trkpt lat="50.93147251708842" lon="4.816854981556642">
    <ele>28.93</ele>
   </trkpt>
   <trkpt lat="50.931225022783664" lon="4.81569997540516">
    <ele>29.720000000000002</ele>
   </trkpt>
   <trkpt lat="50.93097751708596" lon="4.81454498154588">
    <ele>29.330000000000002</ele>
   </trkpt>
   <trkpt lat="50.930730000000004" lon="4.81339">
    <ele>28.580000000000002</ele>
   </trkpt>
   <trkpt lat="50.930560002477314" lon="4.812634997432425">
    <ele>27.750000000000004</ele>
   </trkpt>
   <trkpt lat="50.93039" lon="4.81188">
    <ele>27.180000000000003</ele>
   </trkpt>
   <trkpt lat="50.93028" lon="4.811470000000001">
    <ele>26.72</ele>
   </trkpt>
   <trkpt lat="50.930060000000005" lon="4.81087">
    <ele>25.94</ele>
   </trkpt>
   <trkpt lat="50.9296" lon="4.810110000000001">
    <ele>25.25</ele>
   </trkpt>
   <trkpt lat="50.92942000000001" lon="4.80989">
    <ele>25.25</ele>
   </trkpt>
   <trkpt lat="50.92927" lon="4.809760000000001">
    <ele>25.210000000000004</ele>
   </trkpt>
   <trkpt lat="50.92913" lon="4.809710000000001">
    <ele>25.14</ele>
   </trkpt>
   <trkpt lat="50.92902" lon="4.809710000000001">
    <ele>25.16</ele>
   </trkpt>
   <trkpt lat="50.928920000000005" lon="4.80975">
    <ele>25.200000000000003</ele>
   </trkpt>
   <trkpt lat="50.92827666884859" lon="4.810256680689663">
    <ele>25.94</ele>
   </trkpt>
   <trkpt lat="50.92763333550467" lon="4.810763347364409">
    <ele>27.12</ele>
   </trkpt>
   <trkpt lat="50.92699" lon="4.81127">
    <ele>27.73</ele>
   </trkpt>
   <trkpt lat="50.926880000000004" lon="4.8113">
    <ele>27.83</ele>
   </trkpt>
   <trkpt lat="50.92681" lon="4.8112900000000005">
    <ele>27.83</ele>
   </trkpt>
   <trkpt lat="50.926750000000006" lon="4.811260000000001">
    <ele>27.83</ele>
   </trkpt>
   <trkpt lat="50.926680000000005" lon="4.811190000000001">
    <ele>27.6</ele>
   </trkpt>
   <trkpt lat="50.92662000000001" lon="4.811050000000001">
    <ele>27.6</ele>
   </trkpt>
   <trkpt lat="50.926370000000006" lon="4.81029">
    <ele>27.73</ele>
   </trkpt>
   <trkpt lat="50.926190000000005" lon="4.80961">
    <ele>28.01</ele>
   </trkpt>
   <trkpt lat="50.92606000000001" lon="4.809220000000001">
    <ele>28.37</ele>
   </trkpt>
   <trkpt lat="50.925900000000006" lon="4.808800000000001">
    <ele>29.0</ele>
   </trkpt>
   <trkpt lat="50.92582" lon="4.808470000000001">
    <ele>29.0</ele>
   </trkpt>
   <trkpt lat="50.925740000000005" lon="4.807880000000001">
    <ele>29.740000000000002</ele>
   </trkpt>
   <trkpt lat="50.92575" lon="4.807880000000001">
    <ele>29.730000000000004</ele>
   </trkpt>
   <trkpt lat="50.926140000000004" lon="4.807810000000001">
    <ele>28.51</ele>
   </trkpt>
   <trkpt lat="50.926230000000004" lon="4.80778">
    <ele>28.51</ele>
   </trkpt>
   <trkpt lat="50.926390000000005" lon="4.80768">
    <ele>27.53</ele>
   </trkpt>
   <trkpt lat="50.926570000000005" lon="4.8074900000000005">
    <ele>27.53</ele>
   </trkpt>
   <trkpt lat="50.927150007754776" lon="4.8067125290682">
    <ele>25.380000000000003</ele>
   </trkpt>
   <trkpt lat="50.927730010347005" lon="4.805935038748497">
    <ele>24.39</ele>
   </trkpt>
   <trkpt lat="50.928310007776446" lon="4.8051575290401765">
    <ele>23.790000000000003</ele>
   </trkpt>
   <trkpt lat="50.92889" lon="4.80438">
    <ele>22.96</ele>
   </trkpt>
   <trkpt lat="50.92925" lon="4.803800000000001">
    <ele>22.490000000000002</ele>
   </trkpt>
   <trkpt lat="50.929550000000006" lon="4.80323">
    <ele>22.320000000000004</ele>
   </trkpt>
   <trkpt lat="50.929660000000005" lon="4.80307">
    <ele>22.09</ele>
   </trkpt>
   <trkpt lat="50.9299" lon="4.802840000000001">
    <ele>21.900000000000002</ele>
   </trkpt>
   <trkpt lat="50.930060000000005" lon="4.80273">
    <ele>21.800000000000004</ele>
   </trkpt>
   <trkpt lat="50.930220000000006" lon="4.802650000000001">
    <ele>21.560000000000002</ele>
   </trkpt>
   <trkpt lat="50.93052" lon="4.80255">
    <ele>20.78</ele>
   </trkpt>
   <trkpt lat="50.93140000107116" lon="4.802262516314865">
    <ele>20.78</ele>
   </trkpt>
   <trkpt lat="50.93228000143646" lon="4.801975021750964">
    <ele>20.78</ele>
   </trkpt>
   <trkpt lat="50.93316000109588" lon="4.801687516307551">
    <ele>17.88</ele>
   </trkpt>
   <trkpt lat="50.93404" lon="4.8014">
    <ele>17.88</ele>
   </trkpt>
   <trkpt lat="50.93404" lon="4.8013900000000005">
    <ele>20.21</ele>
   </trkpt>
   <trkpt lat="50.934360000000005" lon="4.80131">
    <ele>20.03</ele>
   </trkpt>
   <trkpt lat="50.93455" lon="4.80131">
    <ele>20.03</ele>
   </trkpt>
   <trkpt lat="50.934720000000006" lon="4.80133">
    <ele>19.900000000000002</ele>
   </trkpt>
   <trkpt lat="50.934870000000004" lon="4.80138">
    <ele>19.790000000000003</ele>
   </trkpt>
   <trkpt lat="50.93515000000001" lon="4.801550000000001">
    <ele>19.73</ele>
   </trkpt>
   <trkpt lat="50.93531" lon="4.80168">
    <ele>19.610000000000003</ele>
   </trkpt>
   <trkpt lat="50.935550000000006" lon="4.80198">
    <ele>19.430000000000003</ele>
   </trkpt>
   <trkpt lat="50.936130000000006" lon="4.80292">
    <ele>19.110000000000003</ele>
   </trkpt>
   <trkpt lat="50.936240000000005" lon="4.80306">
    <ele>19.110000000000003</ele>
   </trkpt>
   <trkpt lat="50.9365" lon="4.80334">
    <ele>19.110000000000003</ele>
   </trkpt>
   <trkpt lat="50.936640000000004" lon="4.80344">
    <ele>19.05</ele>
   </trkpt>
   <trkpt lat="50.93686" lon="4.80355">
    <ele>19.05</ele>
   </trkpt>
   <trkpt lat="50.937000000000005" lon="4.803590000000001">
    <ele>19.06</ele>
   </trkpt>
   <trkpt lat="50.937310000000004" lon="4.80363">
    <ele>19.200000000000003</ele>
   </trkpt>
   <trkpt lat="50.937630000000006" lon="4.803570000000001">
    <ele>19.16</ele>
   </trkpt>
   <trkpt lat="50.937920000000005" lon="4.80349">
    <ele>19.1</ele>
   </trkpt>
   <trkpt lat="50.9384" lon="4.803380000000001">
    <ele>19.33</ele>
   </trkpt>
   <trkpt lat="50.938610000000004" lon="4.80337">
    <ele>19.33</ele>
   </trkpt>
   <trkpt lat="50.938880000000005" lon="4.80339">
    <ele>19.44</ele>
   </trkpt>
   <trkpt lat="50.93918000000001" lon="4.80346">
    <ele>19.560000000000002</ele>
   </trkpt>
   <trkpt lat="50.93972000025573" lon="4.803694997279471">
    <ele>19.630000000000003</ele>
   </trkpt>
   <trkpt lat="50.94026" lon="4.80393">
    <ele>19.470000000000002</ele>
   </trkpt>
   <trkpt lat="50.940430000000006" lon="4.803990000000001">
    <ele>19.380000000000003</ele>
   </trkpt>
   <trkpt lat="50.940690000000004" lon="4.8040400000000005">
    <ele>19.35</ele>
   </trkpt>
   <trkpt lat="50.94084" lon="4.8040400000000005">
    <ele>19.270000000000003</ele>
   </trkpt>
   <trkpt lat="50.941030000000005" lon="4.804">
    <ele>19.250000000000004</ele>
   </trkpt>
   <trkpt lat="50.941210000000005" lon="4.80393">
    <ele>19.110000000000003</ele>
   </trkpt>
   <trkpt lat="50.94144000000001" lon="4.803800000000001">
    <ele>19.06</ele>
   </trkpt>
   <trkpt lat="50.94171000000001" lon="4.80356">
    <ele>18.88</ele>
   </trkpt>
   <trkpt lat="50.94227250736402" lon="4.802802527475441">
    <ele>18.89</ele>
   </trkpt>
   <trkpt lat="50.94283500982819" lon="4.802045036621742">
    <ele>19.37</ele>
   </trkpt>
   <trkpt lat="50.94339750739233" lon="4.801287527438248">
    <ele>19.71</ele>
   </trkpt>
   <trkpt lat="50.943960000000004" lon="4.80053">
    <ele>20.17</ele>
   </trkpt>
   <trkpt lat="50.94404" lon="4.8004500000000005">
    <ele>20.32</ele>
   </trkpt>
   <trkpt lat="50.94392000212658" lon="4.799739998014688">
    <ele>20.34</ele>
   </trkpt>
   <trkpt lat="50.9438" lon="4.79903">
    <ele>20.46</ele>
   </trkpt>
   <trkpt lat="50.943760000000005" lon="4.799040000000001">
    <ele>20.43</ele>
   </trkpt>
   <trkpt lat="50.94357" lon="4.7978700000000005">
    <ele>20.560000000000002</ele>
   </trkpt>
   <trkpt lat="50.943490000000004" lon="4.79727">
    <ele>20.64</ele>
   </trkpt>
   <trkpt lat="50.9433625527709" lon="4.795941224496011">
    <ele>21.0</ele>
   </trkpt>
   <trkpt lat="50.94323509046415" lon="4.794612456277652">
    <ele>21.120000000000005</ele>
   </trkpt>
   <trkpt lat="50.94310761307986" lon="4.79328369534571">
    <ele>21.23</ele>
   </trkpt>
   <trkpt lat="50.9429801206182" lon="4.791954941700974">
    <ele>21.1</ele>
   </trkpt>
   <trkpt lat="50.942852613079324" lon="4.790626195344235">
    <ele>20.810000000000002</ele>
   </trkpt>
   <trkpt lat="50.942725090463405" lon="4.7892974562762785">
    <ele>20.46</ele>
   </trkpt>
   <trkpt lat="50.942597552770565" lon="4.787968724497896">
    <ele>20.110000000000003</ele>
   </trkpt>
   <trkpt lat="50.94247000000001" lon="4.78664">
    <ele>19.96</ele>
   </trkpt>
   <trkpt lat="50.94243" lon="4.78605">
    <ele>19.700000000000003</ele>
   </trkpt>
   <trkpt lat="50.94242500502652" lon="4.784964999888344">
    <ele>19.430000000000003</ele>
   </trkpt>
   <trkpt lat="50.942420000000006" lon="4.783880000000001">
    <ele>19.37</ele>
   </trkpt>
   <trkpt lat="50.942460000000004" lon="4.783880000000001">
    <ele>19.630000000000003</ele>
   </trkpt>
   <trkpt lat="50.94244000479004" lon="4.782819999147013">
    <ele>19.06</ele>
   </trkpt>
   <trkpt lat="50.942420000000006" lon="4.78176">
    <ele>19.12</ele>
   </trkpt>
   <trkpt lat="50.94268" lon="4.78176">
    <ele>19.720000000000002</ele>
   </trkpt>
   <trkpt lat="50.94316000023616" lon="4.78156000203766">
    <ele>22.01</ele>
   </trkpt>
   <trkpt lat="50.94364" lon="4.78136">
    <ele>24.46</ele>
   </trkpt>
   <trkpt lat="50.943920000000006" lon="4.78127">
    <ele>25.18</ele>
   </trkpt>
   <trkpt lat="50.94422" lon="4.78124">
    <ele>26.76</ele>
   </trkpt>
   <trkpt lat="50.94454" lon="4.781280000000001">
    <ele>26.42</ele>
   </trkpt>
   <trkpt lat="50.944630000000004" lon="4.781350000000001">
    <ele>26.250000000000004</ele>
   </trkpt>
   <trkpt lat="50.94487" lon="4.781160000000001">
    <ele>25.92</ele>
   </trkpt>
   <trkpt lat="50.94502000000001" lon="4.780390000000001">
    <ele>25.45</ele>
   </trkpt>
   <trkpt lat="50.94502000000001" lon="4.78009">
    <ele>23.590000000000003</ele>
   </trkpt>
   <trkpt lat="50.94523" lon="4.779610000000001">
    <ele>22.54</ele>
   </trkpt>
   <trkpt lat="50.94545" lon="4.77918">
    <ele>21.37</ele>
   </trkpt>
   <trkpt lat="50.94559" lon="4.77897">
    <ele>21.05</ele>
   </trkpt>
   <trkpt lat="50.94574" lon="4.7788">
    <ele>20.810000000000002</ele>
   </trkpt>
   <trkpt lat="50.945890000000006" lon="4.77866">
    <ele>20.82</ele>
   </trkpt>
   <trkpt lat="50.94646000062971" lon="4.77830000436601">
    <ele>23.62</ele>
   </trkpt>
   <trkpt lat="50.947030000000005" lon="4.77794">
    <ele>25.42</ele>
   </trkpt>
   <trkpt lat="50.94764000000001" lon="4.7775300000000005">
    <ele>23.990000000000002</ele>
   </trkpt>
   <trkpt lat="50.947700000000005" lon="4.7774600000000005">
    <ele>23.69</ele>
   </trkpt>
   <trkpt lat="50.94785" lon="4.777220000000001">
    <ele>22.64</ele>
   </trkpt>
   <trkpt lat="50.94793000000001" lon="4.776940000000001">
    <ele>22.060000000000002</ele>
   </trkpt>
   <trkpt lat="50.94796" lon="4.7767100000000005">
    <ele>20.03</ele>
   </trkpt>
   <trkpt lat="50.947950000000006" lon="4.7767100000000005">
    <ele>21.830000000000002</ele>
   </trkpt>
   <trkpt lat="50.94794" lon="4.77644">
    <ele>21.26</ele>
   </trkpt>
   <trkpt lat="50.94791000000001" lon="4.77627">
    <ele>21.01</ele>
   </trkpt>
   <trkpt lat="50.947715001871266" lon="4.7756049971527466">
    <ele>20.150000000000002</ele>
   </trkpt>
   <trkpt lat="50.947520000000004" lon="4.77494">
    <ele>20.040000000000003</ele>
   </trkpt>
   <trkpt lat="50.94749" lon="4.77479">
    <ele>20.040000000000003</ele>
   </trkpt>
   <trkpt lat="50.94749" lon="4.7746200000000005">
    <ele>19.900000000000002</ele>
   </trkpt>
   <trkpt lat="50.947590000000005" lon="4.773230000000001">
    <ele>20.25</ele>
   </trkpt>
   <trkpt lat="50.94763500266428" lon="4.772440000771785">
    <ele>20.41</ele>
   </trkpt>
   <trkpt lat="50.947680000000005" lon="4.77165">
    <ele>20.59</ele>
   </trkpt>
   <trkpt lat="50.94767" lon="4.77121">
    <ele>20.67</ele>
   </trkpt>
   <trkpt lat="50.947610000000005" lon="4.770250000000001">
    <ele>20.8</ele>
   </trkpt>
   <trkpt lat="50.94750500300344" lon="4.7694149983249785">
    <ele>21.02</ele>
   </trkpt>
   <trkpt lat="50.9474" lon="4.76858">
    <ele>21.02</ele>
   </trkpt>
   <trkpt lat="50.94736" lon="4.768070000000001">
    <ele>20.880000000000003</ele>
   </trkpt>
   <trkpt lat="50.94733" lon="4.7671600000000005">
    <ele>20.69</ele>
   </trkpt>
   <trkpt lat="50.94738" lon="4.766220000000001">
    <ele>20.450000000000003</ele>
   </trkpt>
   <trkpt lat="50.94736" lon="4.7656">
    <ele>20.42</ele>
   </trkpt>
   <trkpt lat="50.94737000000001" lon="4.7653300000000005">
    <ele>20.34</ele>
   </trkpt>
   <trkpt lat="50.94746000000001" lon="4.76473">
    <ele>20.28</ele>
   </trkpt>
   <trkpt lat="50.947523348064834" lon="4.763416670190947">
    <ele>19.3</ele>
   </trkpt>
   <trkpt lat="50.947586681400836" lon="4.762103336802725">
    <ele>18.520000000000003</ele>
   </trkpt>
   <trkpt lat="50.94765" lon="4.76079">
    <ele>17.740000000000002</ele>
   </trkpt>
   <trkpt lat="50.947660000000006" lon="4.759880000000001">
    <ele>17.35</ele>
   </trkpt>
   <trkpt lat="50.94765" lon="4.758830000000001">
    <ele>16.94</ele>
   </trkpt>
   <trkpt lat="50.94764000000001" lon="4.75814">
    <ele>16.69</ele>
   </trkpt>
   <trkpt lat="50.947590000000005" lon="4.75748">
    <ele>16.52</ele>
   </trkpt>
   <trkpt lat="50.94765" lon="4.75725">
    <ele>16.470000000000002</ele>
   </trkpt>
   <trkpt lat="50.947900000000004" lon="4.75671">
    <ele>16.68</ele>
   </trkpt>
   <trkpt lat="50.94798" lon="4.7564">
    <ele>16.91</ele>
   </trkpt>
   <trkpt lat="50.94802000000001" lon="4.756130000000001">
    <ele>17.040000000000003</ele>
   </trkpt>
   <trkpt lat="50.94825" lon="4.755190000000001">
    <ele>16.89</ele>
   </trkpt>
   <trkpt lat="50.94843" lon="4.754630000000001">
    <ele>16.220000000000002</ele>
   </trkpt>
   <trkpt lat="50.94867000000001" lon="4.75401">
    <ele>16.19</ele>
   </trkpt>
   <trkpt lat="50.94845" lon="4.75356">
    <ele>15.770000000000003</ele>
   </trkpt>
   <trkpt lat="50.948690000000006" lon="4.7533900000000004">
    <ele>15.39</ele>
   </trkpt>
   <trkpt lat="50.94895" lon="4.7533">
    <ele>15.19</ele>
   </trkpt>
   <trkpt lat="50.94884000820829" lon="4.751914996952372">
    <ele>14.270000000000001</ele>
   </trkpt>
   <trkpt lat="50.948730000000005" lon="4.75053">
    <ele>13.750000000000002</ele>
   </trkpt>
   <trkpt lat="50.94865000803241" lon="4.749559996635441">
    <ele>13.44</ele>
   </trkpt>
   <trkpt lat="50.94857000803028" lon="4.748589996609628">
    <ele>13.620000000000001</ele>
   </trkpt>
   <trkpt lat="50.94849000000001" lon="4.74762">
    <ele>13.46</ele>
   </trkpt>
   <trkpt lat="50.948460000000004" lon="4.74742">
    <ele>13.46</ele>
   </trkpt>
   <trkpt lat="50.94840000000001" lon="4.7472900000000005">
    <ele>13.46</ele>
   </trkpt>
   <trkpt lat="50.94827" lon="4.747190000000001">
    <ele>13.200000000000001</ele>
   </trkpt>
   <trkpt lat="50.94785" lon="4.74702">
    <ele>13.09</ele>
   </trkpt>
   <trkpt lat="50.947700000000005" lon="4.74699">
    <ele>13.19</ele>
   </trkpt>
   <trkpt lat="50.94755000000001" lon="4.74702">
    <ele>13.410000000000002</ele>
   </trkpt>
   <trkpt lat="50.94704" lon="4.74728">
    <ele>14.63</ele>
   </trkpt>
   <trkpt lat="50.946940000000005" lon="4.74674">
    <ele>13.780000000000001</ele>
   </trkpt>
   <trkpt lat="50.94661000000001" lon="4.74556">
    <ele>13.290000000000001</ele>
   </trkpt>
   <trkpt lat="50.946450000000006" lon="4.744770000000001">
    <ele>13.31</ele>
   </trkpt>
   <trkpt lat="50.94639" lon="4.74383">
    <ele>13.340000000000002</ele>
   </trkpt>
   <trkpt lat="50.94639" lon="4.742940000000001">
    <ele>14.110000000000001</ele>
   </trkpt>
   <trkpt lat="50.94642" lon="4.742730000000001">
    <ele>14.110000000000001</ele>
   </trkpt>
   <trkpt lat="50.946655003946454" lon="4.741770004806001">
    <ele>13.930000000000001</ele>
   </trkpt>
   <trkpt lat="50.94689" lon="4.740810000000001">
    <ele>14.13</ele>
   </trkpt>
   <trkpt lat="50.94697000000001" lon="4.7404">
    <ele>13.840000000000002</ele>
   </trkpt>
   <trkpt lat="50.947100000000006" lon="4.73937">
    <ele>13.81</ele>
   </trkpt>
   <trkpt lat="50.947120000000005" lon="4.738700000000001">
    <ele>13.96</ele>
   </trkpt>
   <trkpt lat="50.9471150043978" lon="4.737684999709344">
    <ele>13.72</ele>
   </trkpt>
   <trkpt lat="50.94711" lon="4.73667">
    <ele>12.81</ele>
   </trkpt>
   <trkpt lat="50.947" lon="4.7358">
    <ele>12.190000000000001</ele>
   </trkpt>
   <trkpt lat="50.94698" lon="4.735550000000001">
    <ele>12.15</ele>
   </trkpt>
   <trkpt lat="50.94706000000001" lon="4.73522">
    <ele>12.08</ele>
   </trkpt>
   <trkpt lat="50.94711" lon="4.7351600000000005">
    <ele>12.040000000000001</ele>
   </trkpt>
   <trkpt lat="50.946850000000005" lon="4.7344800000000005">
    <ele>11.670000000000002</ele>
   </trkpt>
   <trkpt lat="50.9468" lon="4.734400000000001">
    <ele>11.540000000000001</ele>
   </trkpt>
   <trkpt lat="50.94662" lon="4.73427">
    <ele>11.28</ele>
   </trkpt>
   <trkpt lat="50.94662" lon="4.73416">
    <ele>11.070000000000002</ele>
   </trkpt>
   <trkpt lat="50.946780000000004" lon="4.733770000000001">
    <ele>11.330000000000002</ele>
   </trkpt>
   <trkpt lat="50.946830000000006" lon="4.733770000000001">
    <ele>11.330000000000002</ele>
   </trkpt>
   <trkpt lat="50.94686" lon="4.733790000000001">
    <ele>11.330000000000002</ele>
   </trkpt>
   <trkpt lat="50.94693" lon="4.73392">
    <ele>11.61</ele>
   </trkpt>
   <trkpt lat="50.94699000000001" lon="4.733960000000001">
    <ele>11.81</ele>
   </trkpt>
   <trkpt lat="50.94706000000001" lon="4.73392">
    <ele>11.88</ele>
   </trkpt>
   <trkpt lat="50.94744000000001" lon="4.733440000000001">
    <ele>12.100000000000001</ele>
   </trkpt>
   <trkpt lat="50.94755000000001" lon="4.7331900000000005">
    <ele>12.14</ele>
   </trkpt>
   <trkpt lat="50.947570000000006" lon="4.73312">
    <ele>12.14</ele>
   </trkpt>
   <trkpt lat="50.947540000000004" lon="4.7327900000000005">
    <ele>12.3</ele>
   </trkpt>
   <trkpt lat="50.94737000193939" lon="4.7321199976393595">
    <ele>11.9</ele>
   </trkpt>
   <trkpt lat="50.9472" lon="4.731450000000001">
    <ele>12.120000000000001</ele>
   </trkpt>
   <trkpt lat="50.947100000000006" lon="4.73111">
    <ele>12.17</ele>
   </trkpt>
   <trkpt lat="50.947" lon="4.730860000000001">
    <ele>12.39</ele>
   </trkpt>
   <trkpt lat="50.94684" lon="4.73062">
    <ele>12.560000000000002</ele>
   </trkpt>
   <trkpt lat="50.946200000000005" lon="4.72982">
    <ele>13.120000000000001</ele>
   </trkpt>
   <trkpt lat="50.94555000140984" lon="4.729234991774151">
    <ele>13.110000000000001</ele>
   </trkpt>
   <trkpt lat="50.944900000000004" lon="4.72865">
    <ele>13.32</ele>
   </trkpt>
   <trkpt lat="50.94424" lon="4.72832">
    <ele>13.38</ele>
   </trkpt>
   <trkpt lat="50.944160000000004" lon="4.72825">
    <ele>13.38</ele>
   </trkpt>
   <trkpt lat="50.94411" lon="4.7282">
    <ele>13.32</ele>
   </trkpt>
   <trkpt lat="50.944100000000006" lon="4.728020000000001">
    <ele>13.280000000000001</ele>
   </trkpt>
   <trkpt lat="50.94407" lon="4.728020000000001">
    <ele>13.280000000000001</ele>
   </trkpt>
   <trkpt lat="50.94362000376376" lon="4.727349986926015">
    <ele>12.940000000000001</ele>
   </trkpt>
   <trkpt lat="50.94317000369409" lon="4.726679986822458">
    <ele>12.55</ele>
   </trkpt>
   <trkpt lat="50.94272" lon="4.7260100000000005">
    <ele>12.13</ele>
   </trkpt>
   <trkpt lat="50.94239500426001" lon="4.725014993145073">
    <ele>12.66</ele>
   </trkpt>
   <trkpt lat="50.94207" lon="4.72402">
    <ele>12.950000000000001</ele>
   </trkpt>
   <trkpt lat="50.94182000000001" lon="4.723380000000001">
    <ele>13.410000000000002</ele>
   </trkpt>
   <trkpt lat="50.9418" lon="4.72339">
    <ele>13.410000000000002</ele>
   </trkpt>
   <trkpt lat="50.941236673975204" lon="4.722463310837748">
    <ele>14.040000000000001</ele>
   </trkpt>
   <trkpt lat="50.94067334061714" lon="4.721536644130806">
    <ele>13.97</ele>
   </trkpt>
   <trkpt lat="50.940110000000004" lon="4.720610000000001">
    <ele>13.31</ele>
   </trkpt>
   <trkpt lat="50.93988" lon="4.7201200000000005">
    <ele>13.200000000000001</ele>
   </trkpt>
   <trkpt lat="50.93979" lon="4.718920000000001">
    <ele>12.860000000000001</ele>
   </trkpt>
   <trkpt lat="50.939780000000006" lon="4.71823">
    <ele>12.820000000000002</ele>
   </trkpt>
   <trkpt lat="50.93986000279376" lon="4.717420001471633">
    <ele>12.92</ele>
   </trkpt>
   <trkpt lat="50.93994000000001" lon="4.71661">
    <ele>13.030000000000001</ele>
   </trkpt>
   <trkpt lat="50.93995" lon="4.7161800000000005">
    <ele>13.18</ele>
   </trkpt>
   <trkpt lat="50.93992" lon="4.715680000000001">
    <ele>13.21</ele>
   </trkpt>
   <trkpt lat="50.939790010020374" lon="4.714596660592466">
    <ele>13.580000000000002</ele>
   </trkpt>
   <trkpt lat="50.93966001001836" lon="4.713513327242455">
    <ele>13.98</ele>
   </trkpt>
   <trkpt lat="50.939530000000005" lon="4.71243">
    <ele>14.15</ele>
   </trkpt>
   <trkpt lat="50.9395" lon="4.71185">
    <ele>13.790000000000001</ele>
   </trkpt>
   <trkpt lat="50.93954" lon="4.71163">
    <ele>13.770000000000001</ele>
   </trkpt>
   <trkpt lat="50.93963" lon="4.711410000000001">
    <ele>13.770000000000001</ele>
   </trkpt>
   <trkpt lat="50.94010500250964" lon="4.710635008006946">
    <ele>12.700000000000001</ele>
   </trkpt>
   <trkpt lat="50.940580000000004" lon="4.709860000000001">
    <ele>11.97</ele>
   </trkpt>
   <trkpt lat="50.94091" lon="4.70943">
    <ele>11.66</ele>
   </trkpt>
   <trkpt lat="50.94133" lon="4.708950000000001">
    <ele>11.53</ele>
   </trkpt>
   <trkpt lat="50.94153000000001" lon="4.708760000000001">
    <ele>11.55</ele>
   </trkpt>
   <trkpt lat="50.942120000924284" lon="4.70828500605925">
    <ele>11.28</ele>
   </trkpt>
   <trkpt lat="50.942710000000005" lon="4.70781">
    <ele>11.18</ele>
   </trkpt>
   <trkpt lat="50.94292" lon="4.707590000000001">
    <ele>11.120000000000001</ele>
   </trkpt>
   <trkpt lat="50.94303000000001" lon="4.70741">
    <ele>11.120000000000001</ele>
   </trkpt>
   <trkpt lat="50.943130000000004" lon="4.70716">
    <ele>11.170000000000002</ele>
   </trkpt>
   <trkpt lat="50.94323000000001" lon="4.7064900000000005">
    <ele>11.290000000000001</ele>
   </trkpt>
   <trkpt lat="50.94333" lon="4.706230000000001">
    <ele>11.290000000000001</ele>
   </trkpt>
   <trkpt lat="50.943470000000005" lon="4.706">
    <ele>11.290000000000001</ele>
   </trkpt>
   <trkpt lat="50.944226671495215" lon="4.705250024389229">
    <ele>11.28</ele>
   </trkpt>
   <trkpt lat="50.94498333818713" lon="4.7045000243647275">
    <ele>11.23</ele>
   </trkpt>
   <trkpt lat="50.94574" lon="4.70375">
    <ele>11.32</ele>
   </trkpt>
   <trkpt lat="50.945980000000006" lon="4.7035800000000005">
    <ele>11.290000000000001</ele>
   </trkpt>
   <trkpt lat="50.94626" lon="4.703460000000001">
    <ele>11.290000000000001</ele>
   </trkpt>
   <trkpt lat="50.94642" lon="4.70342">
    <ele>11.290000000000001</ele>
   </trkpt>
   <trkpt lat="50.94698" lon="4.703410000000001">
    <ele>11.160000000000002</ele>
   </trkpt>
   <trkpt lat="50.94722" lon="4.703480000000001">
    <ele>11.22</ele>
   </trkpt>
   <trkpt lat="50.94733" lon="4.703480000000001">
    <ele>11.22</ele>
   </trkpt>
   <trkpt lat="50.947810000000004" lon="4.70336">
    <ele>11.47</ele>
   </trkpt>
   <trkpt lat="50.947750000000006" lon="4.7029700000000005">
    <ele>11.47</ele>
   </trkpt>
   <trkpt lat="50.94765" lon="4.70246">
    <ele>11.49</ele>
   </trkpt>
   <trkpt lat="50.94753000000001" lon="4.70206">
    <ele>10.77</ele>
   </trkpt>
   <trkpt lat="50.94695001918966" lon="4.70099994709716">
    <ele>10.77</ele>
   </trkpt>
   <trkpt lat="50.94637002878383" lon="4.699939920646134">
    <ele>10.77</ele>
   </trkpt>
   <trkpt lat="50.94579002878299" lon="4.698879920646151">
    <ele>11.690000000000001</ele>
   </trkpt>
   <trkpt lat="50.945210019187535" lon="4.697819947096444">
    <ele>11.690000000000001</ele>
   </trkpt>
   <trkpt lat="50.944630000000004" lon="4.69676">
    <ele>11.690000000000001</ele>
   </trkpt>
   <trkpt lat="50.94442" lon="4.69639">
    <ele>11.290000000000001</ele>
   </trkpt>
   <trkpt lat="50.944480000000006" lon="4.69624">
    <ele>10.88</ele>
   </trkpt>
   <trkpt lat="50.944430000000004" lon="4.695740000000001">
    <ele>10.51</ele>
   </trkpt>
   <trkpt lat="50.944410000000005" lon="4.694940000000001">
    <ele>11.170000000000002</ele>
   </trkpt>
   <trkpt lat="50.94438" lon="4.694800000000001">
    <ele>11.080000000000002</ele>
   </trkpt>
   <trkpt lat="50.94409" lon="4.69425">
    <ele>11.01</ele>
   </trkpt>
   <trkpt lat="50.94371" lon="4.6936100000000005">
    <ele>11.64</ele>
   </trkpt>
   <trkpt lat="50.943870000000004" lon="4.693040000000001">
    <ele>11.330000000000002</ele>
   </trkpt>
   <trkpt lat="50.94409" lon="4.69238">
    <ele>11.38</ele>
   </trkpt>
   <trkpt lat="50.944410000000005" lon="4.69162">
    <ele>11.49</ele>
   </trkpt>
   <trkpt lat="50.94471500433592" lon="4.6906100066912675">
    <ele>11.82</ele>
   </trkpt>
   <trkpt lat="50.94502000000001" lon="4.6896">
    <ele>12.190000000000001</ele>
   </trkpt>
   <trkpt lat="50.945150000000005" lon="4.6890600000000004">
    <ele>12.14</ele>
   </trkpt>
   <trkpt lat="50.94545" lon="4.688210000000001">
    <ele>11.66</ele>
   </trkpt>
   <trkpt lat="50.945660000000004" lon="4.68783">
    <ele>11.510000000000002</ele>
   </trkpt>
   <trkpt lat="50.946020000000004" lon="4.687340000000001">
    <ele>11.13</ele>
   </trkpt>
   <trkpt lat="50.9461" lon="4.687180000000001">
    <ele>11.13</ele>
   </trkpt>
   <trkpt lat="50.946220000000004" lon="4.686590000000001">
    <ele>11.370000000000001</ele>
   </trkpt>
   <trkpt lat="50.94608" lon="4.686520000000001">
    <ele>11.31</ele>
   </trkpt>
   <trkpt lat="50.94601" lon="4.6865000000000006">
    <ele>11.31</ele>
   </trkpt>
   <trkpt lat="50.945690000000006" lon="4.68649">
    <ele>11.53</ele>
   </trkpt>
   <trkpt lat="50.94545" lon="4.686380000000001">
    <ele>11.590000000000002</ele>
   </trkpt>
   <trkpt lat="50.94532" lon="4.68625">
    <ele>11.600000000000001</ele>
   </trkpt>
   <trkpt lat="50.94521" lon="4.686030000000001">
    <ele>11.670000000000002</ele>
   </trkpt>
   <trkpt lat="50.945130000000006" lon="4.68562">
    <ele>11.670000000000002</ele>
   </trkpt>
   <trkpt lat="50.94505" lon="4.684830000000001">
    <ele>11.8</ele>
   </trkpt>
   <trkpt lat="50.944880000000005" lon="4.68409">
    <ele>12.180000000000001</ele>
   </trkpt>
   <trkpt lat="50.944790000000005" lon="4.683330000000001">
    <ele>12.520000000000001</ele>
   </trkpt>
   <trkpt lat="50.94473000000001" lon="4.68289">
    <ele>12.39</ele>
   </trkpt>
   <trkpt lat="50.94454" lon="4.681990000000001">
    <ele>12.5</ele>
   </trkpt>
   <trkpt lat="50.94454" lon="4.68184">
    <ele>12.48</ele>
   </trkpt>
   <trkpt lat="50.94451" lon="4.68167">
    <ele>12.010000000000002</ele>
   </trkpt>
   <trkpt lat="50.944250000000004" lon="4.6807300000000005">
    <ele>11.56</ele>
   </trkpt>
   <trkpt lat="50.94417000000001" lon="4.680020000000001">
    <ele>11.83</ele>
   </trkpt>
   <trkpt lat="50.944190000000006" lon="4.679550000000001">
    <ele>12.280000000000001</ele>
   </trkpt>
   <trkpt lat="50.94426000000001" lon="4.679340000000001">
    <ele>12.49</ele>
   </trkpt>
   <trkpt lat="50.9444" lon="4.67916">
    <ele>12.730000000000002</ele>
   </trkpt>
   <trkpt lat="50.94446000000001" lon="4.6790400000000005">
    <ele>12.76</ele>
   </trkpt>
   <trkpt lat="50.944500000000005" lon="4.67891">
    <ele>12.770000000000001</ele>
   </trkpt>
   <trkpt lat="50.94451" lon="4.678640000000001">
    <ele>12.700000000000001</ele>
   </trkpt>
   <trkpt lat="50.94449" lon="4.678470000000001">
    <ele>12.700000000000001</ele>
   </trkpt>
   <trkpt lat="50.944370000000006" lon="4.67802">
    <ele>12.700000000000001</ele>
   </trkpt>
   <trkpt lat="50.944320000000005" lon="4.6776800000000005">
    <ele>12.97</ele>
   </trkpt>
   <trkpt lat="50.94431" lon="4.67741">
    <ele>12.96</ele>
   </trkpt>
   <trkpt lat="50.94438500262013" lon="4.676625001381439">
    <ele>13.0</ele>
   </trkpt>
   <trkpt lat="50.94446000000001" lon="4.67584">
    <ele>13.05</ele>
   </trkpt>
   <trkpt lat="50.94447" lon="4.675400000000001">
    <ele>13.05</ele>
   </trkpt>
   <trkpt lat="50.9444" lon="4.67501">
    <ele>13.070000000000002</ele>
   </trkpt>
   <trkpt lat="50.94404" lon="4.67405">
    <ele>13.48</ele>
   </trkpt>
   <trkpt lat="50.94402" lon="4.6738800000000005">
    <ele>13.48</ele>
   </trkpt>
   <trkpt lat="50.94404" lon="4.67375">
    <ele>13.48</ele>
   </trkpt>
   <trkpt lat="50.94426000000001" lon="4.67295">
    <ele>13.260000000000002</ele>
   </trkpt>
   <trkpt lat="50.94436" lon="4.672820000000001">
    <ele>13.240000000000002</ele>
   </trkpt>
   <trkpt lat="50.944875001159126" lon="4.672300005755913">
    <ele>13.290000000000001</ele>
   </trkpt>
   <trkpt lat="50.94539" lon="4.67178">
    <ele>13.09</ele>
   </trkpt>
   <trkpt lat="50.94552" lon="4.67168">
    <ele>13.09</ele>
   </trkpt>
   <trkpt lat="50.945660000000004" lon="4.67163">
    <ele>13.14</ele>
   </trkpt>
   <trkpt lat="50.945780000000006" lon="4.67164">
    <ele>13.14</ele>
   </trkpt>
   <trkpt lat="50.9459" lon="4.671690000000001">
    <ele>13.35</ele>
   </trkpt>
   <trkpt lat="50.946000000000005" lon="4.6717">
    <ele>13.35</ele>
   </trkpt>
   <trkpt lat="50.94606" lon="4.671670000000001">
    <ele>13.340000000000002</ele>
   </trkpt>
   <trkpt lat="50.946110000000004" lon="4.67156">
    <ele>13.23</ele>
   </trkpt>
   <trkpt lat="50.94612000000001" lon="4.671340000000001">
    <ele>12.940000000000001</ele>
   </trkpt>
   <trkpt lat="50.94608" lon="4.67058">
    <ele>12.870000000000001</ele>
   </trkpt>
   <trkpt lat="50.94605000000001" lon="4.67037">
    <ele>12.870000000000001</ele>
   </trkpt>
   <trkpt lat="50.94575001108374" lon="4.6692299852328825">
    <ele>12.820000000000002</ele>
   </trkpt>
   <trkpt lat="50.945450011069596" lon="4.668089985179347">
    <ele>13.030000000000001</ele>
   </trkpt>
   <trkpt lat="50.945150000000005" lon="4.666950000000001">
    <ele>13.21</ele>
   </trkpt>
   <trkpt lat="50.94487" lon="4.66614">
    <ele>13.330000000000002</ele>
   </trkpt>
   <trkpt lat="50.94441000469243" lon="4.665094989727657">
    <ele>13.71</ele>
   </trkpt>
   <trkpt lat="50.94395" lon="4.6640500000000005">
    <ele>14.33</ele>
   </trkpt>
   <trkpt lat="50.94384" lon="4.66357">
    <ele>14.22</ele>
   </trkpt>
   <trkpt lat="50.94384" lon="4.66312">
    <ele>14.190000000000001</ele>
   </trkpt>
   <trkpt lat="50.94399334790858" lon="4.661813341994003">
    <ele>14.22</ele>
   </trkpt>
   <trkpt lat="50.944146681237136" lon="4.660506675368333">
    <ele>14.49</ele>
   </trkpt>
   <trkpt lat="50.944300000000005" lon="4.6592">
    <ele>15.23</ele>
   </trkpt>
   <trkpt lat="50.94438" lon="4.65892">
    <ele>15.320000000000002</ele>
   </trkpt>
   <trkpt lat="50.94449" lon="4.65866">
    <ele>15.410000000000002</ele>
   </trkpt>
   <trkpt lat="50.94445" lon="4.6586300000000005">
    <ele>15.410000000000002</ele>
   </trkpt>
   <trkpt lat="50.94456" lon="4.65821">
    <ele>15.450000000000001</ele>
   </trkpt>
   <trkpt lat="50.94476334469746" lon="4.657056676726121">
    <ele>15.250000000000002</ele>
   </trkpt>
   <trkpt lat="50.94496667803609" lon="4.655903343363062">
    <ele>15.21</ele>
   </trkpt>
   <trkpt lat="50.945170000000005" lon="4.65475">
    <ele>13.950000000000001</ele>
   </trkpt>
   <trkpt lat="50.94540005205068" lon="4.653515604413745">
    <ele>13.950000000000001</ele>
   </trkpt>
   <trkpt lat="50.94563009108946" lon="4.65228119661055">
    <ele>13.950000000000001</ele>
   </trkpt>
   <trkpt lat="50.94586011711614" lon="4.651046776590884">
    <ele>13.950000000000001</ele>
   </trkpt>
   <trkpt lat="50.94609013013048" lon="4.649812344355219">
    <ele>13.950000000000001</ele>
   </trkpt>
   <trkpt lat="50.946320130132236" lon="4.648577899904023">
    <ele>15.19</ele>
   </trkpt>
   <trkpt lat="50.94655011712117" lon="4.647343443237766">
    <ele>15.19</ele>
   </trkpt>
   <trkpt lat="50.94678009109705" lon="4.646108974356918">
    <ele>15.19</ele>
   </trkpt>
   <trkpt lat="50.94701005205963" lon="4.644874493261951">
    <ele>15.19</ele>
   </trkpt>
   <trkpt lat="50.94724" lon="4.64364">
    <ele>15.19</ele>
   </trkpt>
   <trkpt lat="50.94695" lon="4.6435">
    <ele>14.97</ele>
   </trkpt>
   <trkpt lat="50.94684" lon="4.643490000000001">
    <ele>14.92</ele>
   </trkpt>
   <trkpt lat="50.946810000000006" lon="4.64344">
    <ele>14.97</ele>
   </trkpt>
   <trkpt lat="50.94636000077341" lon="4.643840003791898">
    <ele>13.780000000000001</ele>
   </trkpt>
   <trkpt lat="50.945910000000005" lon="4.644240000000001">
    <ele>14.010000000000002</ele>
   </trkpt>
   <trkpt lat="50.94514" lon="4.644950000000001">
    <ele>14.020000000000001</ele>
   </trkpt>
   <trkpt lat="50.94502000000001" lon="4.645020000000001">
    <ele>14.020000000000001</ele>
   </trkpt>
   <trkpt lat="50.94487" lon="4.64505">
    <ele>14.120000000000001</ele>
   </trkpt>
   <trkpt lat="50.944750000000006" lon="4.645040000000001">
    <ele>14.14</ele>
   </trkpt>
   <trkpt lat="50.94401000022695" lon="4.644829996668312">
    <ele>14.39</ele>
   </trkpt>
   <trkpt lat="50.943270000000005" lon="4.644620000000001">
    <ele>14.650000000000002</ele>
   </trkpt>
   <trkpt lat="50.94323000000001" lon="4.644570000000001">
    <ele>14.650000000000002</ele>
   </trkpt>
   <trkpt lat="50.942640000000004" lon="4.64365">
    <ele>15.02</ele>
   </trkpt>
   <trkpt lat="50.94217500146215" lon="4.6430499939023475">
    <ele>15.160000000000002</ele>
   </trkpt>
   <trkpt lat="50.94171000000001" lon="4.64245">
    <ele>15.39</ele>
   </trkpt>
   <trkpt lat="50.94133000091436" lon="4.641934995495314">
    <ele>15.450000000000001</ele>
   </trkpt>
   <trkpt lat="50.94095" lon="4.64142">
    <ele>15.690000000000003</ele>
   </trkpt>
   <trkpt lat="50.94032750900287" lon="4.640579966213763">
    <ele>14.71</ele>
   </trkpt>
   <trkpt lat="50.93970501197982" lon="4.639739954920124">
    <ele>14.71</ele>
   </trkpt>
   <trkpt lat="50.93908250893111" lon="4.638899966118202">
    <ele>15.200000000000001</ele>
   </trkpt>
   <trkpt lat="50.938460000000006" lon="4.63806">
    <ele>15.200000000000001</ele>
   </trkpt>
   <trkpt lat="50.93847" lon="4.638070000000001">
    <ele>15.200000000000001</ele>
   </trkpt>
   <trkpt lat="50.938460000000006" lon="4.63806">
    <ele>16.62</ele>
   </trkpt>
   <trkpt lat="50.938410000000005" lon="4.63802">
    <ele>16.62</ele>
   </trkpt>
   <trkpt lat="50.938300000000005" lon="4.637980000000001">
    <ele>16.8</ele>
   </trkpt>
   <trkpt lat="50.938230000000004" lon="4.63801">
    <ele>16.8</ele>
   </trkpt>
   <trkpt lat="50.93806000000001" lon="4.63816">
    <ele>16.69</ele>
   </trkpt>
   <trkpt lat="50.93759500102157" lon="4.638630004620764">
    <ele>16.95</ele>
   </trkpt>
   <trkpt lat="50.93713" lon="4.6391">
    <ele>17.17</ele>
   </trkpt>
   <trkpt lat="50.93679" lon="4.63937">
    <ele>17.0</ele>
   </trkpt>
   <trkpt lat="50.936510000000006" lon="4.639530000000001">
    <ele>16.95</ele>
   </trkpt>
   <trkpt lat="50.93571000031567" lon="4.639815004913929">
    <ele>16.98</ele>
   </trkpt>
   <trkpt lat="50.93491" lon="4.6401">
    <ele>17.16</ele>
   </trkpt>
   <trkpt lat="50.934540000000005" lon="4.640230000000001">
    <ele>17.14</ele>
   </trkpt>
   <trkpt lat="50.93448" lon="4.64022">
    <ele>17.14</ele>
   </trkpt>
   <trkpt lat="50.934430000000006" lon="4.64017">
    <ele>17.14</ele>
   </trkpt>
   <trkpt lat="50.93439000000001" lon="4.640090000000001">
    <ele>17.14</ele>
   </trkpt>
   <trkpt lat="50.934360002907155" lon="4.63926499949138">
    <ele>17.11</ele>
   </trkpt>
   <trkpt lat="50.93433" lon="4.63844">
    <ele>17.42</ele>
   </trkpt>
   <trkpt lat="50.934380000000004" lon="4.63788">
    <ele>17.53</ele>
   </trkpt>
   <trkpt lat="50.93437" lon="4.63769">
    <ele>17.6</ele>
   </trkpt>
   <trkpt lat="50.93433" lon="4.63743">
    <ele>17.6</ele>
   </trkpt>
   <trkpt lat="50.93421000000001" lon="4.63694">
    <ele>17.76</ele>
   </trkpt>
   <trkpt lat="50.93393500479845" lon="4.635884993937249">
    <ele>17.85</ele>
   </trkpt>
   <trkpt lat="50.93366" lon="4.63483">
    <ele>17.79</ele>
   </trkpt>
   <trkpt lat="50.933470002632646" lon="4.634049996956021">
    <ele>17.580000000000002</ele>
   </trkpt>
   <trkpt lat="50.93328" lon="4.63327">
    <ele>17.54</ele>
   </trkpt>
   <trkpt lat="50.93314" lon="4.6328700000000005">
    <ele>17.490000000000002</ele>
   </trkpt>
   <trkpt lat="50.933020000000006" lon="4.63264">
    <ele>17.42</ele>
   </trkpt>
   <trkpt lat="50.93254000258951" lon="4.631864992041548">
    <ele>17.36</ele>
   </trkpt>
   <trkpt lat="50.93206000000001" lon="4.63109">
    <ele>17.380000000000003</ele>
   </trkpt>
   <trkpt lat="50.9316" lon="4.63055">
    <ele>17.93</ele>
   </trkpt>
   <trkpt lat="50.93150000000001" lon="4.630470000000001">
    <ele>17.67</ele>
   </trkpt>
   <trkpt lat="50.93142" lon="4.63044">
    <ele>17.67</ele>
   </trkpt>
   <trkpt lat="50.93071000016731" lon="4.630552505151036">
    <ele>16.42</ele>
   </trkpt>
   <trkpt lat="50.930000000226535" lon="4.630665006867375">
    <ele>16.67</ele>
   </trkpt>
   <trkpt lat="50.92929000017765" lon="4.630777505149206">
    <ele>16.990000000000002</ele>
   </trkpt>
   <trkpt lat="50.928580000000004" lon="4.63089">
    <ele>17.96</ele>
   </trkpt>
   <trkpt lat="50.92833" lon="4.63089">
    <ele>17.96</ele>
   </trkpt>
   <trkpt lat="50.928140000000006" lon="4.63084">
    <ele>18.13</ele>
   </trkpt>
   <trkpt lat="50.92756000000001" lon="4.6305000000000005">
    <ele>18.26</ele>
   </trkpt>
   <trkpt lat="50.92708500030199" lon="4.630214997062925">
    <ele>18.340000000000003</ele>
   </trkpt>
   <trkpt lat="50.926610000000004" lon="4.629930000000001">
    <ele>18.6</ele>
   </trkpt>
   <trkpt lat="50.92633000000001" lon="4.629790000000001">
    <ele>18.76</ele>
   </trkpt>
   <trkpt lat="50.92602" lon="4.62974">
    <ele>18.76</ele>
   </trkpt>
   <trkpt lat="50.925650000000005" lon="4.62976">
    <ele>18.96</ele>
   </trkpt>
   <trkpt lat="50.92544" lon="4.62985">
    <ele>19.000000000000004</ele>
   </trkpt>
   <trkpt lat="50.92524" lon="4.6299600000000005">
    <ele>19.000000000000004</ele>
   </trkpt>
   <trkpt lat="50.924580000000006" lon="4.630540000000001">
    <ele>19.16</ele>
   </trkpt>
   <trkpt lat="50.92405000115073" lon="4.631070006086689">
    <ele>19.35</ele>
   </trkpt>
   <trkpt lat="50.92352" lon="4.631600000000001">
    <ele>19.53</ele>
   </trkpt>
   <trkpt lat="50.92278" lon="4.63232">
    <ele>19.540000000000003</ele>
   </trkpt>
   <trkpt lat="50.922540000000005" lon="4.632580000000001">
    <ele>19.64</ele>
   </trkpt>
   <trkpt lat="50.92226" lon="4.63297">
    <ele>19.87</ele>
   </trkpt>
   <trkpt lat="50.921806671046475" lon="4.633686680643189">
    <ele>19.96</ele>
   </trkpt>
   <trkpt lat="50.92135333770619" lon="4.634403347320648">
    <ele>20.240000000000002</ele>
   </trkpt>
   <trkpt lat="50.9209" lon="4.635120000000001">
    <ele>20.150000000000002</ele>
   </trkpt>
   <trkpt lat="50.92074" lon="4.63532">
    <ele>20.14</ele>
   </trkpt>
   <trkpt lat="50.920460000000006" lon="4.635630000000001">
    <ele>20.07</ele>
   </trkpt>
   <trkpt lat="50.920080000000006" lon="4.63595">
    <ele>19.98</ele>
   </trkpt>
   <trkpt lat="50.91953" lon="4.63632">
    <ele>20.020000000000003</ele>
   </trkpt>
   <trkpt lat="50.91953" lon="4.63633">
    <ele>18.45</ele>
   </trkpt>
   <trkpt lat="50.918798002532725" lon="4.63671602429527">
    <ele>18.45</ele>
   </trkpt>
   <trkpt lat="50.91806600379275" lon="4.637102036445531">
    <ele>18.45</ele>
   </trkpt>
   <trkpt lat="50.91733400378015" lon="4.637488036451463">
    <ele>26.47</ele>
   </trkpt>
   <trkpt lat="50.916602002494976" lon="4.637874024313742">
    <ele>26.47</ele>
   </trkpt>
   <trkpt lat="50.915870000000005" lon="4.638260000000001">
    <ele>26.47</ele>
   </trkpt>
   <trkpt lat="50.91548" lon="4.63846">
    <ele>20.69</ele>
   </trkpt>
   <trkpt lat="50.91465" lon="4.638800000000001">
    <ele>21.05</ele>
   </trkpt>
   <trkpt lat="50.914320000000004" lon="4.63889">
    <ele>21.16</ele>
   </trkpt>
   <trkpt lat="50.91355500005873" lon="4.639025002222404">
    <ele>21.45</ele>
   </trkpt>
   <trkpt lat="50.91279" lon="4.63916">
    <ele>21.68</ele>
   </trkpt>
   <trkpt lat="50.91237" lon="4.639290000000001">
    <ele>22.03</ele>
   </trkpt>
   <trkpt lat="50.91196000000001" lon="4.6395100000000005">
    <ele>22.13</ele>
   </trkpt>
   <trkpt lat="50.911970000000004" lon="4.63952">
    <ele>29.120000000000005</ele>
   </trkpt>
   <trkpt lat="50.91120701319478" lon="4.6401060864577826">
    <ele>29.120000000000005</ele>
   </trkpt>
   <trkpt lat="50.910444023455696" lon="4.640692153700809">
    <ele>29.120000000000005</ele>
   </trkpt>
   <trkpt lat="50.90968103078288" lon="4.641278201730157">
    <ele>29.120000000000005</ele>
   </trkpt>
   <trkpt lat="50.9089180351765" lon="4.641864230546908">
    <ele>29.120000000000005</ele>
   </trkpt>
   <trkpt lat="50.908155036636764" lon="4.642450240152137">
    <ele>31.53</ele>
   </trkpt>
   <trkpt lat="50.907392035163824" lon="4.643036230546925">
    <ele>31.53</ele>
   </trkpt>
   <trkpt lat="50.906629030757884" lon="4.6436222017323505">
    <ele>31.53</ele>
   </trkpt>
   <trkpt lat="50.90586602341911" lon="4.644208153709492">
    <ele>31.53</ele>
   </trkpt>
   <trkpt lat="50.90510301314764" lon="4.644794086479427">
    <ele>31.53</ele>
   </trkpt>
   <trkpt lat="50.904340000000005" lon="4.64538">
    <ele>31.53</ele>
   </trkpt>
   <trkpt lat="50.903130000000004" lon="4.645930000000001">
    <ele>30.69</ele>
   </trkpt>
   <trkpt lat="50.90307000000001" lon="4.646070000000001">
    <ele>30.2</ele>
   </trkpt>
   <trkpt lat="50.90297" lon="4.6460300000000005">
    <ele>30.17</ele>
   </trkpt>
   <trkpt lat="50.902950000000004" lon="4.645930000000001">
    <ele>30.85</ele>
   </trkpt>
   <trkpt lat="50.90296000000001" lon="4.64588">
    <ele>30.85</ele>
   </trkpt>
   <trkpt lat="50.90301" lon="4.64581">
    <ele>30.85</ele>
   </trkpt>
   <trkpt lat="50.90307000000001" lon="4.64581">
    <ele>30.67</ele>
   </trkpt>
   <trkpt lat="50.90308" lon="4.64567">
    <ele>30.67</ele>
   </trkpt>
   <trkpt lat="50.90305000000001" lon="4.64506">
    <ele>30.63</ele>
   </trkpt>
   <trkpt lat="50.90301" lon="4.644550000000001">
    <ele>30.63</ele>
   </trkpt>
   <trkpt lat="50.90294" lon="4.64414">
    <ele>30.63</ele>
   </trkpt>
   <trkpt lat="50.902840000000005" lon="4.643800000000001">
    <ele>30.890000000000004</ele>
   </trkpt>
   <trkpt lat="50.902590000000004" lon="4.64315">
    <ele>30.890000000000004</ele>
   </trkpt>
   <trkpt lat="50.902300000000004" lon="4.6420900000000005">
    <ele>30.820000000000004</ele>
   </trkpt>
   <trkpt lat="50.902150000000006" lon="4.641360000000001">
    <ele>30.910000000000004</ele>
   </trkpt>
   <trkpt lat="50.902100002863506" lon="4.640539998982703">
    <ele>31.110000000000003</ele>
   </trkpt>
   <trkpt lat="50.90205" lon="4.6397200000000005">
    <ele>31.17</ele>
   </trkpt>
   <trkpt lat="50.90198" lon="4.6389700000000005">
    <ele>31.160000000000004</ele>
   </trkpt>
   <trkpt lat="50.90187" lon="4.63834">
    <ele>31.22</ele>
   </trkpt>
   <trkpt lat="50.90155000967364" lon="4.6372766521011055">
    <ele>31.330000000000002</ele>
   </trkpt>
   <trkpt lat="50.901230009688746" lon="4.636213318818215">
    <ele>31.57</ele>
   </trkpt>
   <trkpt lat="50.90091" lon="4.63515">
    <ele>32.010000000000005</ele>
   </trkpt>
   <trkpt lat="50.90077" lon="4.63455">
    <ele>32.190000000000005</ele>
   </trkpt>
   <trkpt lat="50.90073" lon="4.6342300000000005">
    <ele>32.190000000000005</ele>
   </trkpt>
   <trkpt lat="50.90065500369389" lon="4.6332999984999095">
    <ele>32.54</ele>
   </trkpt>
   <trkpt lat="50.900580000000005" lon="4.632370000000001">
    <ele>32.38</ele>
   </trkpt>
   <trkpt lat="50.900580000000005" lon="4.63201">
    <ele>32.64</ele>
   </trkpt>
   <trkpt lat="50.90084752075224" lon="4.630737521911007">
    <ele>32.64</ele>
   </trkpt>
   <trkpt lat="50.90111502767282" lon="4.6294650292002055">
    <ele>32.64</ele>
   </trkpt>
   <trkpt lat="50.90138252076147" lon="4.628192521868045">
    <ele>30.660000000000004</ele>
   </trkpt>
   <trkpt lat="50.901650000000004" lon="4.62692">
    <ele>30.660000000000004</ele>
   </trkpt>
   <trkpt lat="50.901650000000004" lon="4.6269100000000005">
    <ele>30.55</ele>
   </trkpt>
   <trkpt lat="50.901700000000005" lon="4.62659">
    <ele>30.53</ele>
   </trkpt>
   <trkpt lat="50.90171" lon="4.62645">
    <ele>30.55</ele>
   </trkpt>
   <trkpt lat="50.90169" lon="4.62633">
    <ele>30.55</ele>
   </trkpt>
   <trkpt lat="50.90171" lon="4.626180000000001">
    <ele>30.55</ele>
   </trkpt>
   <trkpt lat="50.901650000000004" lon="4.6254100000000005">
    <ele>30.410000000000004</ele>
   </trkpt>
   <trkpt lat="50.90157000000001" lon="4.62479">
    <ele>30.490000000000002</ele>
   </trkpt>
   <trkpt lat="50.901520000000005" lon="4.62406">
    <ele>30.570000000000004</ele>
   </trkpt>
   <trkpt lat="50.901450000000004" lon="4.623810000000001">
    <ele>30.55</ele>
   </trkpt>
   <trkpt lat="50.901410000000006" lon="4.62375">
    <ele>30.55</ele>
   </trkpt>
   <trkpt lat="50.901340000000005" lon="4.62347">
    <ele>30.570000000000004</ele>
   </trkpt>
   <trkpt lat="50.901340000000005" lon="4.623340000000001">
    <ele>30.570000000000004</ele>
   </trkpt>
   <trkpt lat="50.901230000000005" lon="4.62295">
    <ele>30.500000000000004</ele>
   </trkpt>
   <trkpt lat="50.90122" lon="4.62286">
    <ele>30.500000000000004</ele>
   </trkpt>
   <trkpt lat="50.90126" lon="4.6226400000000005">
    <ele>30.36</ele>
   </trkpt>
   <trkpt lat="50.90119000000001" lon="4.62249">
    <ele>30.430000000000003</ele>
   </trkpt>
   <trkpt lat="50.90115" lon="4.62232">
    <ele>30.430000000000003</ele>
   </trkpt>
   <trkpt lat="50.90104500260616" lon="4.6215349980368705">
    <ele>30.520000000000003</ele>
   </trkpt>
   <trkpt lat="50.900940000000006" lon="4.62075">
    <ele>30.63</ele>
   </trkpt>
   <trkpt lat="50.900830000000006" lon="4.62009">
    <ele>30.890000000000004</ele>
   </trkpt>
   <trkpt lat="50.900615004038116" lon="4.61910999518384">
    <ele>31.560000000000006</ele>
   </trkpt>
   <trkpt lat="50.900400000000005" lon="4.618130000000001">
    <ele>32.89</ele>
   </trkpt>
   <trkpt lat="50.90028" lon="4.61758">
    <ele>33.52</ele>
   </trkpt>
   <trkpt lat="50.900220000000004" lon="4.61739">
    <ele>33.74</ele>
   </trkpt>
   <trkpt lat="50.90012" lon="4.61721">
    <ele>34.35</ele>
   </trkpt>
   <trkpt lat="50.900000000000006" lon="4.617050000000001">
    <ele>34.690000000000005</ele>
   </trkpt>
   <trkpt lat="50.89994" lon="4.617">
    <ele>34.81</ele>
   </trkpt>
   <trkpt lat="50.89983" lon="4.61693">
    <ele>35.5</ele>
   </trkpt>
   <trkpt lat="50.899334999984035" lon="4.61671999768091">
    <ele>37.03</ele>
   </trkpt>
   <trkpt lat="50.89884000000001" lon="4.616510000000001">
    <ele>37.6</ele>
   </trkpt>
   <trkpt lat="50.89871" lon="4.6164000000000005">
    <ele>37.11000000000001</ele>
   </trkpt>
   <trkpt lat="50.898610000000005" lon="4.616300000000001">
    <ele>37.11000000000001</ele>
   </trkpt>
   <trkpt lat="50.89844" lon="4.61596">
    <ele>34.21</ele>
   </trkpt>
   <trkpt lat="50.898106673755635" lon="4.615049987012951">
    <ele>32.690000000000005</ele>
   </trkpt>
   <trkpt lat="50.897773340437226" lon="4.614139987053915">
    <ele>32.730000000000004</ele>
   </trkpt>
   <trkpt lat="50.89744" lon="4.613230000000001">
    <ele>32.97</ele>
   </trkpt>
   <trkpt lat="50.8971150021564" lon="4.612514994950222">
    <ele>33.27</ele>
   </trkpt>
   <trkpt lat="50.89679" lon="4.611800000000001">
    <ele>34.080000000000005</ele>
   </trkpt>
   <trkpt lat="50.896480000000004" lon="4.611160000000001">
    <ele>35.24</ele>
   </trkpt>
   <trkpt lat="50.89602000000001" lon="4.610480000000001">
    <ele>36.71</ele>
   </trkpt>
   <trkpt lat="50.895410000000005" lon="4.609800000000001">
    <ele>35.42</ele>
   </trkpt>
   <trkpt lat="50.89469168192188" lon="4.608954934840443">
    <ele>35.42</ele>
   </trkpt>
   <trkpt lat="50.89397335774341" lon="4.608109895748952">
    <ele>35.42</ele>
   </trkpt>
   <trkpt lat="50.89325502746493" lon="4.607264882724277">
    <ele>37.84</ele>
   </trkpt>
   <trkpt lat="50.89253669108677" lon="4.606419895765167">
    <ele>37.84</ele>
   </trkpt>
   <trkpt lat="50.891818348609306" lon="4.605574934870371">
    <ele>37.84</ele>
   </trkpt>
   <trkpt lat="50.8911" lon="4.60473">
    <ele>37.84</ele>
   </trkpt>
   <trkpt lat="50.89053500183282" lon="4.604059991772549">
    <ele>37.86000000000001</ele>
   </trkpt>
   <trkpt lat="50.889970000000005" lon="4.60339">
    <ele>37.88</ele>
   </trkpt>
   <trkpt lat="50.88998" lon="4.60339">
    <ele>36.0</ele>
   </trkpt>
   <trkpt lat="50.88932501698677" lon="4.6024982706507735">
    <ele>36.0</ele>
   </trkpt>
   <trkpt lat="50.888670027180595" lon="4.6016065663789645">
    <ele>36.0</ele>
   </trkpt>
   <trkpt lat="50.88801503058178" lon="4.600714887183541">
    <ele>36.0</ele>
   </trkpt>
   <trkpt lat="50.88736002719075" lon="4.599823233063474">
    <ele>40.0</ele>
   </trkpt>
   <trkpt lat="50.88670501700779" lon="4.598931604017732">
    <ele>40.0</ele>
   </trkpt>
   <trkpt lat="50.886050000000004" lon="4.59804">
    <ele>40.0</ele>
   </trkpt>
   <trkpt lat="50.88606000000001" lon="4.59804">
    <ele>40.0</ele>
   </trkpt>
   <trkpt lat="50.886050000000004" lon="4.59804">
    <ele>40.160000000000004</ele>
   </trkpt>
   <trkpt lat="50.885850000000005" lon="4.59766">
    <ele>39.940000000000005</ele>
   </trkpt>
   <trkpt lat="50.885630000000006" lon="4.59719">
    <ele>39.71</ele>
   </trkpt>
   <trkpt lat="50.88548" lon="4.596990000000001">
    <ele>39.36000000000001</ele>
   </trkpt>
   <trkpt lat="50.885270000000006" lon="4.59686">
    <ele>39.190000000000005</ele>
   </trkpt>
   <trkpt lat="50.8851" lon="4.596710000000001">
    <ele>39.089999999999996</ele>
   </trkpt>
   <trkpt lat="50.88462500282811" lon="4.595889991563444">
    <ele>38.650000000000006</ele>
   </trkpt>
   <trkpt lat="50.884150000000005" lon="4.595070000000001">
    <ele>38.400000000000006</ele>
   </trkpt>
   <trkpt lat="50.88356000461256" lon="4.594024986674189">
    <ele>38.43000000000001</ele>
   </trkpt>
   <trkpt lat="50.88297000000001" lon="4.592980000000001">
    <ele>38.96</ele>
   </trkpt>
   <trkpt lat="50.88289" lon="4.592790000000001">
    <ele>38.96</ele>
   </trkpt>
   <trkpt lat="50.882760000000005" lon="4.59232">
    <ele>39.21</ele>
   </trkpt>
   <trkpt lat="50.88270000000001" lon="4.59192">
    <ele>39.49</ele>
   </trkpt>
   <trkpt lat="50.882630000000006" lon="4.591010000000001">
    <ele>39.730000000000004</ele>
   </trkpt>
   <trkpt lat="50.88253" lon="4.59056">
    <ele>40.2</ele>
   </trkpt>
   <trkpt lat="50.882360000000006" lon="4.590140000000001">
    <ele>40.39</ele>
   </trkpt>
   <trkpt lat="50.881950002197335" lon="4.589424993731897">
    <ele>41.57</ele>
   </trkpt>
   <trkpt lat="50.88154" lon="4.588710000000001">
    <ele>43.21000000000001</ele>
   </trkpt>
   <trkpt lat="50.88110000634726" lon="4.587849983813517">
    <ele>45.22</ele>
   </trkpt>
   <trkpt lat="50.88066000637571" lon="4.586989983869363">
    <ele>44.82000000000001</ele>
   </trkpt>
   <trkpt lat="50.88022" lon="4.586130000000001">
    <ele>43.2</ele>
   </trkpt>
   <trkpt lat="50.880770001782345" lon="4.585475007791466">
    <ele>41.730000000000004</ele>
   </trkpt>
   <trkpt lat="50.88132" lon="4.584820000000001">
    <ele>40.760000000000005</ele>
   </trkpt>
   <trkpt lat="50.881780000000006" lon="4.584210000000001">
    <ele>39.86000000000001</ele>
   </trkpt>
   <trkpt lat="50.88203000000001" lon="4.5838">
    <ele>39.760000000000005</ele>
   </trkpt>
   <trkpt lat="50.882555003714224" lon="4.5828750103184674">
    <ele>39.400000000000006</ele>
   </trkpt>
   <trkpt lat="50.88308000000001" lon="4.58195">
    <ele>39.11000000000001</ele>
   </trkpt>
   <trkpt lat="50.88281334120282" lon="4.580989988996344">
    <ele>39.0</ele>
   </trkpt>
   <trkpt lat="50.88254667453203" lon="4.580029988981703">
    <ele>39.53</ele>
   </trkpt>
   <trkpt lat="50.88228" lon="4.579070000000001">
    <ele>40.0</ele>
   </trkpt>
   <trkpt lat="50.88194000000001" lon="4.57805">
    <ele>40.800000000000004</ele>
   </trkpt>
   <trkpt lat="50.88161" lon="4.57721">
    <ele>41.32</ele>
   </trkpt>
   <trkpt lat="50.881325001474366" lon="4.576609996196435">
    <ele>41.72</ele>
   </trkpt>
   <trkpt lat="50.881040000000006" lon="4.57601">
    <ele>42.2</ele>
   </trkpt>
   <trkpt lat="50.880595002706784" lon="4.575214992419887">
    <ele>43.28000000000001</ele>
   </trkpt>
   <trkpt lat="50.88015000000001" lon="4.57442">
    <ele>43.85000000000001</ele>
   </trkpt>
   <trkpt lat="50.879900000000006" lon="4.57392">
    <ele>44.480000000000004</ele>
   </trkpt>
   <trkpt lat="50.879780000000004" lon="4.57362">
    <ele>44.480000000000004</ele>
   </trkpt>
   <trkpt lat="50.87939" lon="4.57242">
    <ele>45.730000000000004</ele>
   </trkpt>
   <trkpt lat="50.879220000000004" lon="4.571960000000001">
    <ele>46.46</ele>
   </trkpt>
   <trkpt lat="50.878820000000005" lon="4.5712">
    <ele>47.82</ele>
   </trkpt>
   <trkpt lat="50.87865000000001" lon="4.57101">
    <ele>49.56</ele>
   </trkpt>
   <trkpt lat="50.87829000000001" lon="4.57073">
    <ele>49.95</ele>
   </trkpt>
   <trkpt lat="50.87820000000001" lon="4.57057">
    <ele>50.72</ele>
   </trkpt>
   <trkpt lat="50.8781" lon="4.57022">
    <ele>51.260000000000005</ele>
   </trkpt>
   <trkpt lat="50.87778" lon="4.569500000000001">
    <ele>53.550000000000004</ele>
   </trkpt>
   <trkpt lat="50.87747" lon="4.5689400000000004">
    <ele>55.31</ele>
   </trkpt>
   <trkpt lat="50.87735000000001" lon="4.5686">
    <ele>55.690000000000005</ele>
   </trkpt>
   <trkpt lat="50.877300000000005" lon="4.56832">
    <ele>55.970000000000006</ele>
   </trkpt>
   <trkpt lat="50.87727" lon="4.56832">
    <ele>55.970000000000006</ele>
   </trkpt>
   <trkpt lat="50.877210000000005" lon="4.56826">
    <ele>56.050000000000004</ele>
   </trkpt>
   <trkpt lat="50.877190000000006" lon="4.56815">
    <ele>56.050000000000004</ele>
   </trkpt>
   <trkpt lat="50.8772" lon="4.5681">
    <ele>55.64</ele>
   </trkpt>
   <trkpt lat="50.87724000000001" lon="4.568020000000001">
    <ele>55.64</ele>
   </trkpt>
   <trkpt lat="50.877080005513655" lon="4.566884996178082">
    <ele>52.18</ele>
   </trkpt>
   <trkpt lat="50.876920000000005" lon="4.56575">
    <ele>50.440000000000005</ele>
   </trkpt>
   <trkpt lat="50.87676000778359" lon="4.564399995349469">
    <ele>49.6</ele>
   </trkpt>
   <trkpt lat="50.8766" lon="4.5630500000000005">
    <ele>49.54</ele>
   </trkpt>
   <trkpt lat="50.876540000000006" lon="4.562460000000001">
    <ele>49.59</ele>
   </trkpt>
   <trkpt lat="50.8764866815526" lon="4.5611399969636475">
    <ele>49.720000000000006</ele>
   </trkpt>
   <trkpt lat="50.876433348218626" lon="4.5598199969482005">
    <ele>50.07</ele>
   </trkpt>
   <trkpt lat="50.876380000000005" lon="4.5585">
    <ele>50.510000000000005</ele>
   </trkpt>
   <trkpt lat="50.87635" lon="4.55816">
    <ele>50.730000000000004</ele>
   </trkpt>
   <trkpt lat="50.87630000000001" lon="4.55789">
    <ele>50.830000000000005</ele>
   </trkpt>
   <trkpt lat="50.87603000000001" lon="4.55694">
    <ele>50.940000000000005</ele>
   </trkpt>
   <trkpt lat="50.876020000000004" lon="4.55666">
    <ele>50.85000000000001</ele>
   </trkpt>
   <trkpt lat="50.876050000000006" lon="4.55633">
    <ele>50.85000000000001</ele>
   </trkpt>
   <trkpt lat="50.87599" lon="4.5551200000000005">
    <ele>50.980000000000004</ele>
   </trkpt>
   <trkpt lat="50.876020000000004" lon="4.5548">
    <ele>51.10000000000001</ele>
   </trkpt>
   <trkpt lat="50.87612000000001" lon="4.55447">
    <ele>51.14</ele>
   </trkpt>
   <trkpt lat="50.87628" lon="4.55405">
    <ele>51.14</ele>
   </trkpt>
   <trkpt lat="50.87641000000001" lon="4.55416">
    <ele>50.71</ele>
   </trkpt>
   <trkpt lat="50.877030000000005" lon="4.5544">
    <ele>50.24000000000001</ele>
   </trkpt>
   <trkpt lat="50.87762000000001" lon="4.55445">
    <ele>50.14</ele>
   </trkpt>
   <trkpt lat="50.878350000000005" lon="4.55445">
    <ele>50.010000000000005</ele>
   </trkpt>
   <trkpt lat="50.87924" lon="4.55463">
    <ele>51.050000000000004</ele>
   </trkpt>
   <trkpt lat="50.87913000356672" lon="4.5537149977593385">
    <ele>50.82</ele>
   </trkpt>
   <trkpt lat="50.879020000000004" lon="4.5528">
    <ele>50.980000000000004</ele>
   </trkpt>
   <trkpt lat="50.878930000000004" lon="4.55198">
    <ele>51.010000000000005</ele>
   </trkpt>
  </trkseg>
 </trk>
</gpx>
