<?xml version="1.0" encoding="UTF-8"?>
<gpx creator="StravaGPX" version="1.1" xmlns="http://www.topografix.com/GPX/1/1" xmlns:xsi="http://www.w3.org/2001/XMLSchema-instance" xsi:schemaLocation="http://www.topografix.com/GPX/1/1 http://www.topografix.com/GPX/1/1/gpx.xsd">
 <metadata>
  <name>OACT - Tomorrowland 2026</name>
  <desc>2025 omgekeerd</desc>
  <author>
   <name>Haecky 🐻</name>
   <link href="https://www.strava.com/athletes/1643587"/>
  </author>
  <copyright author="OpenStreetMap contributors">
   <year>2020</year>
   <license>https://www.openstreetmap.org/copyright</license>
  </copyright>
  <link href="https://www.strava.com/routes/3508830105428355376"/>
 </metadata>
 <trk>
  <name>OACT - Tomorrowland 2026</name>
  <desc>2025 omgekeerd</desc>
  <link href="https://www.strava.com/routes/3508830105428355376"/>
  <type>cycling</type>
  <trkseg>
   <trkpt lat="50.87858000000001" lon="4.54961">
    <ele>52.04</ele>
   </trkpt>
   <trkpt lat="50.87847000000001" lon="4.54905">
    <ele>52.46000000000001</ele>
   </trkpt>
   <trkpt lat="50.87825" lon="4.548290000000001">
    <ele>53.910000000000004</ele>
   </trkpt>
   <trkpt lat="50.87805" lon="4.54776">
    <ele>55.07000000000001</ele>
   </trkpt>
   <trkpt lat="50.87782000000001" lon="4.547280000000001">
    <ele>55.74</ele>
   </trkpt>
   <trkpt lat="50.87752000299403" lon="4.54643999453588">
    <ele>55.61000000000001</ele>
   </trkpt>
   <trkpt lat="50.87722" lon="4.5456">
    <ele>54.81</ele>
   </trkpt>
   <trkpt lat="50.87682500286735" lon="4.544769992806154">
    <ele>55.330000000000005</ele>
   </trkpt>
   <trkpt lat="50.876430000000006" lon="4.54394">
    <ele>56.290000000000006</ele>
   </trkpt>
   <trkpt lat="50.876340000000006" lon="4.54377">
    <ele>56.790000000000006</ele>
   </trkpt>
   <trkpt lat="50.87630000000001" lon="4.54377">
    <ele>56.790000000000006</ele>
   </trkpt>
   <trkpt lat="50.87603000000001" lon="4.54283">
    <ele>57.17</ele>
   </trkpt>
   <trkpt lat="50.87595" lon="4.54241">
    <ele>57.14</ele>
   </trkpt>
   <trkpt lat="50.87592" lon="4.54209">
    <ele>57.080000000000005</ele>
   </trkpt>
   <trkpt lat="50.87597" lon="4.541580000000001">
    <ele>55.53</ele>
   </trkpt>
   <trkpt lat="50.876050000000006" lon="4.541250000000001">
    <ele>55.31</ele>
   </trkpt>
   <trkpt lat="50.87622" lon="4.54087">
    <ele>54.74</ele>
   </trkpt>
   <trkpt lat="50.876290000000004" lon="4.540900000000001">
    <ele>54.43000000000001</ele>
   </trkpt>
   <trkpt lat="50.87637" lon="4.540900000000001">
    <ele>54.43000000000001</ele>
   </trkpt>
   <trkpt lat="50.87644" lon="4.54086">
    <ele>54.09</ele>
   </trkpt>
   <trkpt lat="50.876960000120455" lon="4.540755001156827">
    <ele>52.550000000000004</ele>
   </trkpt>
   <trkpt lat="50.877480000000006" lon="4.54065">
    <ele>51.75</ele>
   </trkpt>
   <trkpt lat="50.87807" lon="4.5407">
    <ele>51.370000000000005</ele>
   </trkpt>
   <trkpt lat="50.878545000062786" lon="4.540645000554866">
    <ele>51.10000000000001</ele>
   </trkpt>
   <trkpt lat="50.879020000000004" lon="4.540590000000001">
    <ele>50.620000000000005</ele>
   </trkpt>
   <trkpt lat="50.87913" lon="4.5406">
    <ele>50.510000000000005</ele>
   </trkpt>
   <trkpt lat="50.87917" lon="4.54063">
    <ele>50.510000000000005</ele>
   </trkpt>
   <trkpt lat="50.87950000195523" lon="4.5413099951429645">
    <ele>50.32</ele>
   </trkpt>
   <trkpt lat="50.879830000000005" lon="4.54199">
    <ele>49.6</ele>
   </trkpt>
   <trkpt lat="50.87999000000001" lon="4.54218">
    <ele>49.03</ele>
   </trkpt>
   <trkpt lat="50.8804350009789" lon="4.542649995548621">
    <ele>48.81</ele>
   </trkpt>
   <trkpt lat="50.880880000000005" lon="4.54312">
    <ele>48.13</ele>
   </trkpt>
   <trkpt lat="50.881310000000006" lon="4.54363">
    <ele>48.06</ele>
   </trkpt>
   <trkpt lat="50.881440000000005" lon="4.5437">
    <ele>47.970000000000006</ele>
   </trkpt>
   <trkpt lat="50.88203000000001" lon="4.54379">
    <ele>47.290000000000006</ele>
   </trkpt>
   <trkpt lat="50.882110000000004" lon="4.543830000000001">
    <ele>47.23</ele>
   </trkpt>
   <trkpt lat="50.88219" lon="4.5439300000000005">
    <ele>47.23</ele>
   </trkpt>
   <trkpt lat="50.882340000000006" lon="4.5444">
    <ele>47.16</ele>
   </trkpt>
   <trkpt lat="50.882470000000005" lon="4.54452">
    <ele>46.900000000000006</ele>
   </trkpt>
   <trkpt lat="50.882600000000004" lon="4.54455">
    <ele>46.71</ele>
   </trkpt>
   <trkpt lat="50.883370000000006" lon="4.5445400000000005">
    <ele>45.19</ele>
   </trkpt>
   <trkpt lat="50.883500000000005" lon="4.544580000000001">
    <ele>44.550000000000004</ele>
   </trkpt>
   <trkpt lat="50.88396" lon="4.54495">
    <ele>43.800000000000004</ele>
   </trkpt>
   <trkpt lat="50.88432" lon="4.545100000000001">
    <ele>43.56</ele>
   </trkpt>
   <trkpt lat="50.884930000000004" lon="4.54523">
    <ele>43.39</ele>
   </trkpt>
   <trkpt lat="50.88521" lon="4.545330000000001">
    <ele>43.550000000000004</ele>
   </trkpt>
   <trkpt lat="50.88537" lon="4.54537">
    <ele>43.550000000000004</ele>
   </trkpt>
   <trkpt lat="50.885540000000006" lon="4.54532">
    <ele>44.35</ele>
   </trkpt>
   <trkpt lat="50.886252501243455" lon="4.545010014218621">
    <ele>44.35</ele>
   </trkpt>
   <trkpt lat="50.88696500166598" lon="4.544700018955027">
    <ele>44.35</ele>
   </trkpt>
   <trkpt lat="50.88767750126749" lon="4.544390014208698">
    <ele>47.75</ele>
   </trkpt>
   <trkpt lat="50.88839" lon="4.54408">
    <ele>47.75</ele>
   </trkpt>
   <trkpt lat="50.88839" lon="4.544090000000001">
    <ele>47.75</ele>
   </trkpt>
   <trkpt lat="50.88839" lon="4.54408">
    <ele>46.17</ele>
   </trkpt>
   <trkpt lat="50.88868" lon="4.54389">
    <ele>46.19</ele>
   </trkpt>
   <trkpt lat="50.88915" lon="4.54365">
    <ele>46.17</ele>
   </trkpt>
   <trkpt lat="50.8899300017425" lon="4.543285018319899">
    <ele>47.43000000000001</ele>
   </trkpt>
   <trkpt lat="50.890710002346935" lon="4.54292002441599">
    <ele>43.67</ele>
   </trkpt>
   <trkpt lat="50.891490001813274" lon="4.54255501828754">
    <ele>43.67</ele>
   </trkpt>
   <trkpt lat="50.89227" lon="4.542190000000001">
    <ele>43.67</ele>
   </trkpt>
   <trkpt lat="50.89228000000001" lon="4.5422">
    <ele>43.67</ele>
   </trkpt>
   <trkpt lat="50.89246000000001" lon="4.5421000000000005">
    <ele>44.77</ele>
   </trkpt>
   <trkpt lat="50.89253" lon="4.54204">
    <ele>44.79</ele>
   </trkpt>
   <trkpt lat="50.892610000000005" lon="4.5417700000000005">
    <ele>44.190000000000005</ele>
   </trkpt>
   <trkpt lat="50.892540000000004" lon="4.54096">
    <ele>43.75</ele>
   </trkpt>
   <trkpt lat="50.89246000000001" lon="4.54032">
    <ele>45.86000000000001</ele>
   </trkpt>
   <trkpt lat="50.892340000000004" lon="4.53965">
    <ele>49.510000000000005</ele>
   </trkpt>
   <trkpt lat="50.892340000000004" lon="4.5392">
    <ele>50.47</ele>
   </trkpt>
   <trkpt lat="50.892390000000006" lon="4.53894">
    <ele>50.730000000000004</ele>
   </trkpt>
   <trkpt lat="50.89247" lon="4.538740000000001">
    <ele>50.620000000000005</ele>
   </trkpt>
   <trkpt lat="50.892570000000006" lon="4.53859">
    <ele>50.09</ele>
   </trkpt>
   <trkpt lat="50.892720000000004" lon="4.53847">
    <ele>49.7</ele>
   </trkpt>
   <trkpt lat="50.89287" lon="4.53842">
    <ele>48.6</ele>
   </trkpt>
   <trkpt lat="50.892990000000005" lon="4.53842">
    <ele>48.0</ele>
   </trkpt>
   <trkpt lat="50.89327" lon="4.538480000000001">
    <ele>47.440000000000005</ele>
   </trkpt>
   <trkpt lat="50.89343" lon="4.5384400000000005">
    <ele>44.910000000000004</ele>
   </trkpt>
   <trkpt lat="50.893550000000005" lon="4.53833">
    <ele>45.19</ele>
   </trkpt>
   <trkpt lat="50.893620000000006" lon="4.538670000000001">
    <ele>46.18000000000001</ele>
   </trkpt>
   <trkpt lat="50.894190011803914" lon="4.539629964742863">
    <ele>44.92</ele>
   </trkpt>
   <trkpt lat="50.89476001573538" lon="4.540589952984237">
    <ele>44.480000000000004</ele>
   </trkpt>
   <trkpt lat="50.89533001179401" lon="4.54154996472485">
    <ele>43.370000000000005</ele>
   </trkpt>
   <trkpt lat="50.895900000000005" lon="4.54251">
    <ele>42.760000000000005</ele>
   </trkpt>
   <trkpt lat="50.896300000000004" lon="4.54317">
    <ele>42.1</ele>
   </trkpt>
   <trkpt lat="50.89665" lon="4.543710000000001">
    <ele>41.81000000000001</ele>
   </trkpt>
   <trkpt lat="50.89707500143091" lon="4.54426499508535">
    <ele>41.2</ele>
   </trkpt>
   <trkpt lat="50.8975" lon="4.5448200000000005">
    <ele>40.89</ele>
   </trkpt>
   <trkpt lat="50.897740000000006" lon="4.544980000000001">
    <ele>40.580000000000005</ele>
   </trkpt>
   <trkpt lat="50.897920000000006" lon="4.54516">
    <ele>40.35</ele>
   </trkpt>
   <trkpt lat="50.89836500070825" lon="4.545559996199795">
    <ele>39.910000000000004</ele>
   </trkpt>
   <trkpt lat="50.898810000000005" lon="4.54596">
    <ele>40.120000000000005</ele>
   </trkpt>
   <trkpt lat="50.899190000000004" lon="4.54635">
    <ele>40.18</ele>
   </trkpt>
   <trkpt lat="50.89941" lon="4.54654">
    <ele>40.53</ele>
   </trkpt>
   <trkpt lat="50.89989000128636" lon="4.547079994479384">
    <ele>40.75</ele>
   </trkpt>
   <trkpt lat="50.90037" lon="4.54762">
    <ele>40.690000000000005</ele>
   </trkpt>
   <trkpt lat="50.90063000000001" lon="4.548050000000001">
    <ele>40.260000000000005</ele>
   </trkpt>
   <trkpt lat="50.90075" lon="4.5483">
    <ele>40.260000000000005</ele>
   </trkpt>
   <trkpt lat="50.90121500529891" lon="4.54941498883825">
    <ele>39.53</ele>
   </trkpt>
   <trkpt lat="50.901680000000006" lon="4.55053">
    <ele>38.86000000000001</ele>
   </trkpt>
   <trkpt lat="50.90198000285412" lon="4.551359994407968">
    <ele>38.650000000000006</ele>
   </trkpt>
   <trkpt lat="50.902280000000005" lon="4.55219">
    <ele>38.52</ele>
   </trkpt>
   <trkpt lat="50.90252500169534" lon="4.552814996779921">
    <ele>38.6</ele>
   </trkpt>
   <trkpt lat="50.902770000000004" lon="4.55344">
    <ele>38.57</ele>
   </trkpt>
   <trkpt lat="50.90287000000001" lon="4.55358">
    <ele>38.540000000000006</ele>
   </trkpt>
   <trkpt lat="50.903125002584474" lon="4.554349995940212">
    <ele>37.970000000000006</ele>
   </trkpt>
   <trkpt lat="50.903380000000006" lon="4.5551200000000005">
    <ele>37.63</ele>
   </trkpt>
   <trkpt lat="50.903670000000005" lon="4.5561300000000005">
    <ele>36.85</ele>
   </trkpt>
   <trkpt lat="50.90402" lon="4.55721">
    <ele>36.4</ele>
   </trkpt>
   <trkpt lat="50.90429" lon="4.5578">
    <ele>36.25000000000001</ele>
   </trkpt>
   <trkpt lat="50.904410000000006" lon="4.55813">
    <ele>36.04</ele>
   </trkpt>
   <trkpt lat="50.90467" lon="4.55905">
    <ele>35.550000000000004</ele>
   </trkpt>
   <trkpt lat="50.904910002500664" lon="4.55981999592914">
    <ele>34.49</ele>
   </trkpt>
   <trkpt lat="50.905150000000006" lon="4.56059">
    <ele>33.38</ele>
   </trkpt>
   <trkpt lat="50.90541" lon="4.561330000000001">
    <ele>32.59</ele>
   </trkpt>
   <trkpt lat="50.90554" lon="4.56158">
    <ele>32.11</ele>
   </trkpt>
   <trkpt lat="50.90602000222011" lon="4.562274993061527">
    <ele>31.43</ele>
   </trkpt>
   <trkpt lat="50.9065" lon="4.56297">
    <ele>30.910000000000004</ele>
   </trkpt>
   <trkpt lat="50.90697333720557" lon="4.5636366532162524">
    <ele>30.04</ele>
   </trkpt>
   <trkpt lat="50.90744667061486" lon="4.564303319989709">
    <ele>29.030000000000005</ele>
   </trkpt>
   <trkpt lat="50.907920000000004" lon="4.564970000000001">
    <ele>28.810000000000002</ele>
   </trkpt>
   <trkpt lat="50.90795000000001" lon="4.56515">
    <ele>28.810000000000002</ele>
   </trkpt>
   <trkpt lat="50.90838" lon="4.5654200000000005">
    <ele>28.68</ele>
   </trkpt>
   <trkpt lat="50.90863" lon="4.565440000000001">
    <ele>28.85</ele>
   </trkpt>
   <trkpt lat="50.90880000000001" lon="4.56533">
    <ele>28.78</ele>
   </trkpt>
   <trkpt lat="50.909436669286855" lon="4.564776681799224">
    <ele>29.27</ele>
   </trkpt>
   <trkpt lat="50.9100733359585" lon="4.5642233484618275">
    <ele>29.550000000000004</ele>
   </trkpt>
   <trkpt lat="50.91071" lon="4.56367">
    <ele>29.87</ele>
   </trkpt>
   <trkpt lat="50.910990000000005" lon="4.56348">
    <ele>29.92</ele>
   </trkpt>
   <trkpt lat="50.911210000000004" lon="4.56339">
    <ele>29.93</ele>
   </trkpt>
   <trkpt lat="50.911500000000004" lon="4.5633300000000006">
    <ele>29.880000000000003</ele>
   </trkpt>
   <trkpt lat="50.91172" lon="4.563350000000001">
    <ele>29.85</ele>
   </trkpt>
   <trkpt lat="50.91255" lon="4.56355">
    <ele>29.900000000000002</ele>
   </trkpt>
   <trkpt lat="50.91327000044948" lon="4.563739991178467">
    <ele>29.720000000000002</ele>
   </trkpt>
   <trkpt lat="50.91399000059062" lon="4.563929988235444">
    <ele>29.040000000000003</ele>
   </trkpt>
   <trkpt lat="50.91471000042343" lon="4.56411999117126">
    <ele>27.610000000000003</ele>
   </trkpt>
   <trkpt lat="50.91543" lon="4.564310000000001">
    <ele>27.240000000000002</ele>
   </trkpt>
   <trkpt lat="50.91575" lon="4.5643400000000005">
    <ele>27.01</ele>
   </trkpt>
   <trkpt lat="50.916070000000005" lon="4.564290000000001">
    <ele>26.680000000000003</ele>
   </trkpt>
   <trkpt lat="50.91639000000001" lon="4.56416">
    <ele>26.680000000000003</ele>
   </trkpt>
   <trkpt lat="50.916610000000006" lon="4.564030000000001">
    <ele>26.53</ele>
   </trkpt>
   <trkpt lat="50.917370000000005" lon="4.56346">
    <ele>25.78</ele>
   </trkpt>
   <trkpt lat="50.91785" lon="4.56313">
    <ele>25.490000000000002</ele>
   </trkpt>
   <trkpt lat="50.917970000000004" lon="4.56308">
    <ele>25.490000000000002</ele>
   </trkpt>
   <trkpt lat="50.9181" lon="4.5630500000000005">
    <ele>25.490000000000002</ele>
   </trkpt>
   <trkpt lat="50.91839" lon="4.56303">
    <ele>25.400000000000002</ele>
   </trkpt>
   <trkpt lat="50.918580000000006" lon="4.56304">
    <ele>25.26</ele>
   </trkpt>
   <trkpt lat="50.91868" lon="4.563000000000001">
    <ele>24.89</ele>
   </trkpt>
   <trkpt lat="50.919340000000005" lon="4.56254">
    <ele>24.01</ele>
   </trkpt>
   <trkpt lat="50.91986000000001" lon="4.56205">
    <ele>23.3</ele>
   </trkpt>
   <trkpt lat="50.91991" lon="4.56196">
    <ele>23.15</ele>
   </trkpt>
   <trkpt lat="50.919990000000006" lon="4.56156">
    <ele>22.79</ele>
   </trkpt>
   <trkpt lat="50.92005" lon="4.56135">
    <ele>22.37</ele>
   </trkpt>
   <trkpt lat="50.92033000000001" lon="4.56095">
    <ele>22.22</ele>
   </trkpt>
   <trkpt lat="50.92042000000001" lon="4.560790000000001">
    <ele>21.900000000000002</ele>
   </trkpt>
   <trkpt lat="50.92052" lon="4.56057">
    <ele>21.900000000000002</ele>
   </trkpt>
   <trkpt lat="50.92042000000001" lon="4.56031">
    <ele>21.88</ele>
   </trkpt>
   <trkpt lat="50.920210000000004" lon="4.55994">
    <ele>21.990000000000002</ele>
   </trkpt>
   <trkpt lat="50.92" lon="4.55963">
    <ele>22.060000000000002</ele>
   </trkpt>
   <trkpt lat="50.92014" lon="4.55893">
    <ele>21.980000000000004</ele>
   </trkpt>
   <trkpt lat="50.92029" lon="4.55834">
    <ele>22.520000000000003</ele>
   </trkpt>
   <trkpt lat="50.92056" lon="4.557440000000001">
    <ele>23.51</ele>
   </trkpt>
   <trkpt lat="50.92074" lon="4.55691">
    <ele>24.180000000000003</ele>
   </trkpt>
   <trkpt lat="50.92094" lon="4.5564100000000005">
    <ele>24.98</ele>
   </trkpt>
   <trkpt lat="50.921260007234174" lon="4.555490012639947">
    <ele>25.470000000000002</ele>
   </trkpt>
   <trkpt lat="50.92158000723943" lon="4.554570012625016">
    <ele>25.61</ele>
   </trkpt>
   <trkpt lat="50.9219" lon="4.55365">
    <ele>25.310000000000002</ele>
   </trkpt>
   <trkpt lat="50.922070000000005" lon="4.553240000000001">
    <ele>25.310000000000002</ele>
   </trkpt>
   <trkpt lat="50.92204" lon="4.55318">
    <ele>25.240000000000002</ele>
   </trkpt>
   <trkpt lat="50.92204" lon="4.55309">
    <ele>25.240000000000002</ele>
   </trkpt>
   <trkpt lat="50.922070000000005" lon="4.553030000000001">
    <ele>25.240000000000002</ele>
   </trkpt>
   <trkpt lat="50.92210000000001" lon="4.55302">
    <ele>25.240000000000002</ele>
   </trkpt>
   <trkpt lat="50.92202" lon="4.55283">
    <ele>25.19</ele>
   </trkpt>
   <trkpt lat="50.92199" lon="4.552630000000001">
    <ele>25.19</ele>
   </trkpt>
   <trkpt lat="50.921980000000005" lon="4.55215">
    <ele>24.75</ele>
   </trkpt>
   <trkpt lat="50.922075003010235" lon="4.551310001741478">
    <ele>24.39</ele>
   </trkpt>
   <trkpt lat="50.92217" lon="4.550470000000001">
    <ele>24.05</ele>
   </trkpt>
   <trkpt lat="50.92219000000001" lon="4.55015">
    <ele>23.680000000000003</ele>
   </trkpt>
   <trkpt lat="50.922180000000004" lon="4.549600000000001">
    <ele>23.37</ele>
   </trkpt>
   <trkpt lat="50.922230000000006" lon="4.54867">
    <ele>23.19</ele>
   </trkpt>
   <trkpt lat="50.92233" lon="4.548080000000001">
    <ele>22.930000000000003</ele>
   </trkpt>
   <trkpt lat="50.92286000000001" lon="4.54816">
    <ele>20.41</ele>
   </trkpt>
   <trkpt lat="50.92338" lon="4.5481300000000005">
    <ele>19.05</ele>
   </trkpt>
   <trkpt lat="50.923790000000004" lon="4.54807">
    <ele>18.1</ele>
   </trkpt>
   <trkpt lat="50.92403" lon="4.54806">
    <ele>17.39</ele>
   </trkpt>
   <trkpt lat="50.924220000000005" lon="4.5481300000000005">
    <ele>17.39</ele>
   </trkpt>
   <trkpt lat="50.92441" lon="4.5483">
    <ele>16.98</ele>
   </trkpt>
   <trkpt lat="50.924530000000004" lon="4.54849">
    <ele>16.92</ele>
   </trkpt>
   <trkpt lat="50.92461" lon="4.548660000000001">
    <ele>16.790000000000003</ele>
   </trkpt>
   <trkpt lat="50.924780000000005" lon="4.54914">
    <ele>16.77</ele>
   </trkpt>
   <trkpt lat="50.92486" lon="4.54931">
    <ele>16.77</ele>
   </trkpt>
   <trkpt lat="50.925290000000004" lon="4.54989">
    <ele>16.61</ele>
   </trkpt>
   <trkpt lat="50.92555" lon="4.5500300000000005">
    <ele>16.5</ele>
   </trkpt>
   <trkpt lat="50.925810000000006" lon="4.55008">
    <ele>16.28</ele>
   </trkpt>
   <trkpt lat="50.9266800000089" lon="4.550189997937356">
    <ele>16.060000000000002</ele>
   </trkpt>
   <trkpt lat="50.927550000000004" lon="4.5503">
    <ele>15.55</ele>
   </trkpt>
   <trkpt lat="50.927780000000006" lon="4.550260000000001">
    <ele>15.48</ele>
   </trkpt>
   <trkpt lat="50.928020000000004" lon="4.55016">
    <ele>15.21</ele>
   </trkpt>
   <trkpt lat="50.92824" lon="4.54999">
    <ele>15.02</ele>
   </trkpt>
   <trkpt lat="50.928720000000006" lon="4.54943">
    <ele>14.88</ele>
   </trkpt>
   <trkpt lat="50.92933000000001" lon="4.5486">
    <ele>15.06</ele>
   </trkpt>
   <trkpt lat="50.92971000000001" lon="4.548170000000001">
    <ele>15.590000000000002</ele>
   </trkpt>
   <trkpt lat="50.929790000000004" lon="4.548">
    <ele>15.590000000000002</ele>
   </trkpt>
   <trkpt lat="50.92992" lon="4.54751">
    <ele>16.0</ele>
   </trkpt>
   <trkpt lat="50.93018000000001" lon="4.54636">
    <ele>17.2</ele>
   </trkpt>
   <trkpt lat="50.93034" lon="4.54558">
    <ele>18.070000000000004</ele>
   </trkpt>
   <trkpt lat="50.93036000000001" lon="4.54502">
    <ele>18.39</ele>
   </trkpt>
   <trkpt lat="50.9303" lon="4.54426">
    <ele>19.26</ele>
   </trkpt>
   <trkpt lat="50.93032" lon="4.54373">
    <ele>20.21</ele>
   </trkpt>
   <trkpt lat="50.93038000000001" lon="4.54337">
    <ele>20.21</ele>
   </trkpt>
   <trkpt lat="50.930530000000005" lon="4.542730000000001">
    <ele>20.85</ele>
   </trkpt>
   <trkpt lat="50.93076000000001" lon="4.541860000000001">
    <ele>21.45</ele>
   </trkpt>
   <trkpt lat="50.93083000000001" lon="4.5415600000000005">
    <ele>21.52</ele>
   </trkpt>
   <trkpt lat="50.93086" lon="4.54129">
    <ele>21.51</ele>
   </trkpt>
   <trkpt lat="50.93085000000001" lon="4.5408100000000005">
    <ele>21.27</ele>
   </trkpt>
   <trkpt lat="50.930800000000005" lon="4.54013">
    <ele>20.580000000000002</ele>
   </trkpt>
   <trkpt lat="50.930890000000005" lon="4.53967">
    <ele>19.790000000000003</ele>
   </trkpt>
   <trkpt lat="50.93095" lon="4.539420000000001">
    <ele>19.470000000000002</ele>
   </trkpt>
   <trkpt lat="50.93126" lon="4.5385100000000005">
    <ele>17.720000000000002</ele>
   </trkpt>
   <trkpt lat="50.93157" lon="4.5377600000000005">
    <ele>17.11</ele>
   </trkpt>
   <trkpt lat="50.931810000000006" lon="4.53739">
    <ele>16.91</ele>
   </trkpt>
   <trkpt lat="50.93215000000001" lon="4.53697">
    <ele>16.830000000000002</ele>
   </trkpt>
   <trkpt lat="50.932500004839" lon="4.538034991972481">
    <ele>16.020000000000003</ele>
   </trkpt>
   <trkpt lat="50.93285" lon="4.5391">
    <ele>17.18</ele>
   </trkpt>
   <trkpt lat="50.933450000049916" lon="4.538865003104581">
    <ele>17.42</ele>
   </trkpt>
   <trkpt lat="50.934050000000006" lon="4.53863">
    <ele>16.810000000000002</ele>
   </trkpt>
   <trkpt lat="50.934110000000004" lon="4.538670000000001">
    <ele>16.810000000000002</ele>
   </trkpt>
   <trkpt lat="50.934430000000006" lon="4.53856">
    <ele>16.27</ele>
   </trkpt>
   <trkpt lat="50.934670000000004" lon="4.5385100000000005">
    <ele>16.040000000000003</ele>
   </trkpt>
   <trkpt lat="50.9352100001072" lon="4.538514999942933">
    <ele>15.72</ele>
   </trkpt>
   <trkpt lat="50.935750000000006" lon="4.53852">
    <ele>15.520000000000001</ele>
   </trkpt>
   <trkpt lat="50.93594" lon="4.5385">
    <ele>15.450000000000001</ele>
   </trkpt>
   <trkpt lat="50.9363" lon="4.538390000000001">
    <ele>15.27</ele>
   </trkpt>
   <trkpt lat="50.93652" lon="4.538320000000001">
    <ele>15.01</ele>
   </trkpt>
   <trkpt lat="50.93712500044288" lon="4.538030003732844">
    <ele>14.84</ele>
   </trkpt>
   <trkpt lat="50.93773" lon="4.53774">
    <ele>15.260000000000002</ele>
   </trkpt>
   <trkpt lat="50.93771" lon="4.53768">
    <ele>15.260000000000002</ele>
   </trkpt>
   <trkpt lat="50.938410000000005" lon="4.53728">
    <ele>15.4</ele>
   </trkpt>
   <trkpt lat="50.939150000000005" lon="4.536720000000001">
    <ele>15.160000000000002</ele>
   </trkpt>
   <trkpt lat="50.93972" lon="4.53622">
    <ele>14.900000000000002</ele>
   </trkpt>
   <trkpt lat="50.940180000000005" lon="4.53573">
    <ele>14.450000000000001</ele>
   </trkpt>
   <trkpt lat="50.940683336343" lon="4.535133346287904">
    <ele>13.65</ele>
   </trkpt>
   <trkpt lat="50.94118666964584" lon="4.5345366796575775">
    <ele>13.27</ele>
   </trkpt>
   <trkpt lat="50.94169" lon="4.53394">
    <ele>13.31</ele>
   </trkpt>
   <trkpt lat="50.9421" lon="4.5335600000000005">
    <ele>13.500000000000002</ele>
   </trkpt>
   <trkpt lat="50.942130000000006" lon="4.53333">
    <ele>13.330000000000002</ele>
   </trkpt>
   <trkpt lat="50.94210500489251" lon="4.532259999596443">
    <ele>13.38</ele>
   </trkpt>
   <trkpt lat="50.942080000000004" lon="4.5311900000000005">
    <ele>13.340000000000002</ele>
   </trkpt>
   <trkpt lat="50.9421" lon="4.53045">
    <ele>13.200000000000001</ele>
   </trkpt>
   <trkpt lat="50.942240000000005" lon="4.52907">
    <ele>13.0</ele>
   </trkpt>
   <trkpt lat="50.94241" lon="4.52824">
    <ele>12.700000000000001</ele>
   </trkpt>
   <trkpt lat="50.94268" lon="4.5273200000000005">
    <ele>12.47</ele>
   </trkpt>
   <trkpt lat="50.943005003030635" lon="4.526485005699254">
    <ele>12.3</ele>
   </trkpt>
   <trkpt lat="50.94333" lon="4.525650000000001">
    <ele>12.07</ele>
   </trkpt>
   <trkpt lat="50.943470000000005" lon="4.52501">
    <ele>12.010000000000002</ele>
   </trkpt>
   <trkpt lat="50.94350000000001" lon="4.52421">
    <ele>11.81</ele>
   </trkpt>
   <trkpt lat="50.943410003597506" lon="4.523289998051193">
    <ele>11.670000000000002</ele>
   </trkpt>
   <trkpt lat="50.94332000000001" lon="4.5223700000000004">
    <ele>11.600000000000001</ele>
   </trkpt>
   <trkpt lat="50.94332000000001" lon="4.5217">
    <ele>11.47</ele>
   </trkpt>
   <trkpt lat="50.943446674316625" lon="4.520753338513962">
    <ele>11.240000000000002</ele>
   </trkpt>
   <trkpt lat="50.94357334098036" lon="4.519806671869309">
    <ele>11.080000000000002</ele>
   </trkpt>
   <trkpt lat="50.94370000000001" lon="4.51886">
    <ele>11.170000000000002</ele>
   </trkpt>
   <trkpt lat="50.943753341815246" lon="4.5178633356343285">
    <ele>15.73</ele>
   </trkpt>
   <trkpt lat="50.94380667514782" lon="4.516866668981746">
    <ele>10.3</ele>
   </trkpt>
   <trkpt lat="50.94386" lon="4.5158700000000005">
    <ele>10.3</ele>
   </trkpt>
   <trkpt lat="50.943870000000004" lon="4.51588">
    <ele>10.3</ele>
   </trkpt>
   <trkpt lat="50.94386" lon="4.515370000000001">
    <ele>11.49</ele>
   </trkpt>
   <trkpt lat="50.943810000000006" lon="4.51496">
    <ele>11.420000000000002</ele>
   </trkpt>
   <trkpt lat="50.943635002145385" lon="4.514259997577871">
    <ele>11.39</ele>
   </trkpt>
   <trkpt lat="50.94346" lon="4.51356">
    <ele>11.7</ele>
   </trkpt>
   <trkpt lat="50.944970000000005" lon="4.511880000000001">
    <ele>11.670000000000002</ele>
   </trkpt>
   <trkpt lat="50.94565000000001" lon="4.511170000000001">
    <ele>11.330000000000002</ele>
   </trkpt>
   <trkpt lat="50.9461" lon="4.510730000000001">
    <ele>11.0</ele>
   </trkpt>
   <trkpt lat="50.94665666838371" lon="4.510283344020343">
    <ele>10.790000000000001</ele>
   </trkpt>
   <trkpt lat="50.94721333506376" lon="4.509836677343099">
    <ele>10.5</ele>
   </trkpt>
   <trkpt lat="50.947770000000006" lon="4.509390000000001">
    <ele>10.59</ele>
   </trkpt>
   <trkpt lat="50.94789" lon="4.509320000000001">
    <ele>10.59</ele>
   </trkpt>
   <trkpt lat="50.94796" lon="4.509390000000001">
    <ele>10.59</ele>
   </trkpt>
   <trkpt lat="50.948060000000005" lon="4.50955">
    <ele>10.560000000000002</ele>
   </trkpt>
   <trkpt lat="50.94811000000001" lon="4.5095600000000005">
    <ele>10.560000000000002</ele>
   </trkpt>
   <trkpt lat="50.94860500000608" lon="4.50945500112686">
    <ele>10.24</ele>
   </trkpt>
   <trkpt lat="50.9491" lon="4.50935">
    <ele>10.39</ele>
   </trkpt>
   <trkpt lat="50.949940000000005" lon="4.50922">
    <ele>10.15</ele>
   </trkpt>
   <trkpt lat="50.9502" lon="4.5092300000000005">
    <ele>10.15</ele>
   </trkpt>
   <trkpt lat="50.95068500005159" lon="4.50915500077835">
    <ele>9.97</ele>
   </trkpt>
   <trkpt lat="50.951170000000005" lon="4.50908">
    <ele>9.97</ele>
   </trkpt>
   <trkpt lat="50.95163" lon="4.5089500000000005">
    <ele>10.020000000000001</ele>
   </trkpt>
   <trkpt lat="50.952443336229855" lon="4.5083633538974">
    <ele>10.100000000000001</ele>
   </trkpt>
   <trkpt lat="50.95325666952088" lon="4.507776687261709">
    <ele>9.92</ele>
   </trkpt>
   <trkpt lat="50.95407" lon="4.5071900000000005">
    <ele>9.47</ele>
   </trkpt>
   <trkpt lat="50.954170000000005" lon="4.50713">
    <ele>9.47</ele>
   </trkpt>
   <trkpt lat="50.95429000000001" lon="4.507090000000001">
    <ele>9.56</ele>
   </trkpt>
   <trkpt lat="50.95432" lon="4.50724">
    <ele>9.46</ele>
   </trkpt>
   <trkpt lat="50.95458000184406" lon="4.507884996559812">
    <ele>9.05</ele>
   </trkpt>
   <trkpt lat="50.954840000000004" lon="4.50853">
    <ele>9.55</ele>
   </trkpt>
   <trkpt lat="50.9549" lon="4.508640000000001">
    <ele>9.66</ele>
   </trkpt>
   <trkpt lat="50.954950000000004" lon="4.50867">
    <ele>9.72</ele>
   </trkpt>
   <trkpt lat="50.955020000000005" lon="4.50868">
    <ele>9.72</ele>
   </trkpt>
   <trkpt lat="50.955400000000004" lon="4.508570000000001">
    <ele>9.940000000000001</ele>
   </trkpt>
   <trkpt lat="50.956105000248996" lon="4.508375002934399">
    <ele>9.63</ele>
   </trkpt>
   <trkpt lat="50.956810000000004" lon="4.50818">
    <ele>9.370000000000001</ele>
   </trkpt>
   <trkpt lat="50.956970000000005" lon="4.50818">
    <ele>9.370000000000001</ele>
   </trkpt>
   <trkpt lat="50.957600000000006" lon="4.50863">
    <ele>9.05</ele>
   </trkpt>
   <trkpt lat="50.95843250243877" lon="4.5090674764779965">
    <ele>8.81</ele>
   </trkpt>
   <trkpt lat="50.9592650032433" lon="4.50950496863222">
    <ele>8.32</ele>
   </trkpt>
   <trkpt lat="50.960097502413504" lon="4.509942476463672">
    <ele>8.26</ele>
   </trkpt>
   <trkpt lat="50.960930000000005" lon="4.5103800000000005">
    <ele>8.290000000000001</ele>
   </trkpt>
   <trkpt lat="50.96103" lon="4.5104500000000005">
    <ele>8.440000000000001</ele>
   </trkpt>
   <trkpt lat="50.961330000000004" lon="4.510890000000001">
    <ele>8.55</ele>
   </trkpt>
   <trkpt lat="50.96146" lon="4.511010000000001">
    <ele>8.780000000000001</ele>
   </trkpt>
   <trkpt lat="50.96166" lon="4.511080000000001">
    <ele>8.89</ele>
   </trkpt>
   <trkpt lat="50.96186" lon="4.511010000000001">
    <ele>8.94</ele>
   </trkpt>
   <trkpt lat="50.96201000000001" lon="4.510890000000001">
    <ele>9.05</ele>
   </trkpt>
   <trkpt lat="50.962410000000006" lon="4.51037">
    <ele>9.200000000000001</ele>
   </trkpt>
   <trkpt lat="50.962650000000004" lon="4.510020000000001">
    <ele>9.11</ele>
   </trkpt>
   <trkpt lat="50.962810000000005" lon="4.50985">
    <ele>9.11</ele>
   </trkpt>
   <trkpt lat="50.96356" lon="4.50933">
    <ele>8.97</ele>
   </trkpt>
   <trkpt lat="50.963530000000006" lon="4.5091">
    <ele>8.92</ele>
   </trkpt>
   <trkpt lat="50.96363" lon="4.509060000000001">
    <ele>8.92</ele>
   </trkpt>
   <trkpt lat="50.96421333443022" lon="4.5087100087590395">
    <ele>8.74</ele>
   </trkpt>
   <trkpt lat="50.964796667814525" lon="4.508360008728594">
    <ele>8.870000000000001</ele>
   </trkpt>
   <trkpt lat="50.96538" lon="4.5080100000000005">
    <ele>9.170000000000002</ele>
   </trkpt>
   <trkpt lat="50.965320000000006" lon="4.507890000000001">
    <ele>9.09</ele>
   </trkpt>
   <trkpt lat="50.96538" lon="4.5080100000000005">
    <ele>8.64</ele>
   </trkpt>
   <trkpt lat="50.96504801955225" lon="4.506939969416839">
    <ele>8.64</ele>
   </trkpt>
   <trkpt lat="50.96471602932876" lon="4.5058699541272365">
    <ele>8.64</ele>
   </trkpt>
   <trkpt lat="50.964384029329764" lon="4.504799954131241">
    <ele>8.08</ele>
   </trkpt>
   <trkpt lat="50.964052019555524" lon="4.503729969428904">
    <ele>8.08</ele>
   </trkpt>
   <trkpt lat="50.96372" lon="4.5026600000000006">
    <ele>8.08</ele>
   </trkpt>
   <trkpt lat="50.963680000000004" lon="4.50239">
    <ele>8.09</ele>
   </trkpt>
   <trkpt lat="50.963640000000005" lon="4.50168">
    <ele>8.010000000000002</ele>
   </trkpt>
   <trkpt lat="50.963595002336895" lon="4.500944999787713">
    <ele>7.94</ele>
   </trkpt>
   <trkpt lat="50.963550000000005" lon="4.50021">
    <ele>7.83</ele>
   </trkpt>
   <trkpt lat="50.96351000000001" lon="4.500030000000001">
    <ele>7.790000000000001</ele>
   </trkpt>
   <trkpt lat="50.96320500265268" lon="4.4992399947833395">
    <ele>7.83</ele>
   </trkpt>
   <trkpt lat="50.962900000000005" lon="4.49845">
    <ele>7.88</ele>
   </trkpt>
   <trkpt lat="50.96255000000001" lon="4.49765">
    <ele>7.87</ele>
   </trkpt>
   <trkpt lat="50.96222" lon="4.4968">
    <ele>8.07</ele>
   </trkpt>
   <trkpt lat="50.96206" lon="4.49626">
    <ele>8.16</ele>
   </trkpt>
   <trkpt lat="50.96202" lon="4.49601">
    <ele>8.450000000000001</ele>
   </trkpt>
   <trkpt lat="50.96217000000001" lon="4.49519">
    <ele>7.87</ele>
   </trkpt>
   <trkpt lat="50.962340000000005" lon="4.4945200000000005">
    <ele>7.4</ele>
   </trkpt>
   <trkpt lat="50.96251" lon="4.49411">
    <ele>8.030000000000001</ele>
   </trkpt>
   <trkpt lat="50.96303201868883" lon="4.493064047000382">
    <ele>8.030000000000001</ele>
   </trkpt>
   <trkpt lat="50.96355402803642" lon="4.492018070495533">
    <ele>8.030000000000001</ele>
   </trkpt>
   <trkpt lat="50.96407602804237" lon="4.49097207048491">
    <ele>7.280000000000001</ele>
   </trkpt>
   <trkpt lat="50.96459801870632" lon="4.489926046967965">
    <ele>7.280000000000001</ele>
   </trkpt>
   <trkpt lat="50.965120000000006" lon="4.48888">
    <ele>7.280000000000001</ele>
   </trkpt>
   <trkpt lat="50.96513" lon="4.4888900000000005">
    <ele>7.280000000000001</ele>
   </trkpt>
   <trkpt lat="50.965300000000006" lon="4.4884900000000005">
    <ele>9.98</ele>
   </trkpt>
   <trkpt lat="50.96537000000001" lon="4.4882800000000005">
    <ele>9.79</ele>
   </trkpt>
   <trkpt lat="50.96542" lon="4.48793">
    <ele>9.53</ele>
   </trkpt>
   <trkpt lat="50.96548000000001" lon="4.48793">
    <ele>9.82</ele>
   </trkpt>
   <trkpt lat="50.965590000000006" lon="4.48791">
    <ele>9.64</ele>
   </trkpt>
   <trkpt lat="50.965650000000004" lon="4.48782">
    <ele>9.510000000000002</ele>
   </trkpt>
   <trkpt lat="50.96621169312081" lon="4.48670673397987">
    <ele>6.19</ele>
   </trkpt>
   <trkpt lat="50.96677337565958" lon="4.485593441037341">
    <ele>6.19</ele>
   </trkpt>
   <trkpt lat="50.967335047615876" lon="4.4844801211717265">
    <ele>5.970000000000001</ele>
   </trkpt>
   <trkpt lat="50.96789670898919" lon="4.483366774382346">
    <ele>5.970000000000001</ele>
   </trkpt>
   <trkpt lat="50.9684583597791" lon="4.482253400668515">
    <ele>5.970000000000001</ele>
   </trkpt>
   <trkpt lat="50.96902000000001" lon="4.481140000000001">
    <ele>5.970000000000001</ele>
   </trkpt>
   <trkpt lat="50.96922000000001" lon="4.48073">
    <ele>9.32</ele>
   </trkpt>
   <trkpt lat="50.96931000000001" lon="4.48054">
    <ele>9.32</ele>
   </trkpt>
   <trkpt lat="50.96945" lon="4.4802100000000005">
    <ele>8.85</ele>
   </trkpt>
   <trkpt lat="50.96958000000001" lon="4.4796700000000005">
    <ele>8.85</ele>
   </trkpt>
   <trkpt lat="50.969660000000005" lon="4.47881">
    <ele>8.17</ele>
   </trkpt>
   <trkpt lat="50.969800000000006" lon="4.47884">
    <ele>8.110000000000001</ele>
   </trkpt>
   <trkpt lat="50.97040500149089" lon="4.479439992138952">
    <ele>7.470000000000001</ele>
   </trkpt>
   <trkpt lat="50.97101000000001" lon="4.480040000000001">
    <ele>7.450000000000001</ele>
   </trkpt>
   <trkpt lat="50.97106" lon="4.48007">
    <ele>7.450000000000001</ele>
   </trkpt>
   <trkpt lat="50.971210000000006" lon="4.4801">
    <ele>7.490000000000001</ele>
   </trkpt>
   <trkpt lat="50.97142" lon="4.48005">
    <ele>7.640000000000001</ele>
   </trkpt>
   <trkpt lat="50.9718" lon="4.4797">
    <ele>8.350000000000001</ele>
   </trkpt>
   <trkpt lat="50.972170000000006" lon="4.479500000000001">
    <ele>8.650000000000002</ele>
   </trkpt>
   <trkpt lat="50.97288" lon="4.479290000000001">
    <ele>9.850000000000001</ele>
   </trkpt>
   <trkpt lat="50.97298000000001" lon="4.479310000000001">
    <ele>9.850000000000001</ele>
   </trkpt>
   <trkpt lat="50.97363000000001" lon="4.479010000000001">
    <ele>10.6</ele>
   </trkpt>
   <trkpt lat="50.97404" lon="4.47878">
    <ele>10.92</ele>
   </trkpt>
   <trkpt lat="50.974690002275054" lon="4.478360017625729">
    <ele>10.92</ele>
   </trkpt>
   <trkpt lat="50.975340003044174" lon="4.477940023494432">
    <ele>9.670000000000002</ele>
   </trkpt>
   <trkpt lat="50.97599000230727" lon="4.477520017605536">
    <ele>9.670000000000002</ele>
   </trkpt>
   <trkpt lat="50.97664" lon="4.4771">
    <ele>9.670000000000002</ele>
   </trkpt>
   <trkpt lat="50.977090000000004" lon="4.47677">
    <ele>9.05</ele>
   </trkpt>
   <trkpt lat="50.97730000000001" lon="4.47653">
    <ele>8.88</ele>
   </trkpt>
   <trkpt lat="50.977410000000006" lon="4.476310000000001">
    <ele>8.88</ele>
   </trkpt>
   <trkpt lat="50.977540000000005" lon="4.475910000000001">
    <ele>8.620000000000001</ele>
   </trkpt>
   <trkpt lat="50.97762" lon="4.4755">
    <ele>8.620000000000001</ele>
   </trkpt>
   <trkpt lat="50.977720000000005" lon="4.475160000000001">
    <ele>8.51</ele>
   </trkpt>
   <trkpt lat="50.97796" lon="4.4747">
    <ele>8.530000000000001</ele>
   </trkpt>
   <trkpt lat="50.97805" lon="4.4745800000000004">
    <ele>8.6</ele>
   </trkpt>
   <trkpt lat="50.97822000000001" lon="4.474410000000001">
    <ele>8.780000000000001</ele>
   </trkpt>
   <trkpt lat="50.978860000000005" lon="4.47384">
    <ele>8.76</ele>
   </trkpt>
   <trkpt lat="50.979490000000006" lon="4.473260000000001">
    <ele>8.370000000000001</ele>
   </trkpt>
   <trkpt lat="50.97959" lon="4.47313">
    <ele>8.290000000000001</ele>
   </trkpt>
   <trkpt lat="50.97973" lon="4.47288">
    <ele>8.17</ele>
   </trkpt>
   <trkpt lat="50.97977" lon="4.47274">
    <ele>8.17</ele>
   </trkpt>
   <trkpt lat="50.97984" lon="4.4718800000000005">
    <ele>8.049999999999999</ele>
   </trkpt>
   <trkpt lat="50.97988" lon="4.47161">
    <ele>7.46</ele>
   </trkpt>
   <trkpt lat="50.979910000000004" lon="4.47152">
    <ele>7.46</ele>
   </trkpt>
   <trkpt lat="50.98026" lon="4.47102">
    <ele>7.3500000000000005</ele>
   </trkpt>
   <trkpt lat="50.9806" lon="4.4705">
    <ele>7.17</ele>
   </trkpt>
   <trkpt lat="50.98073" lon="4.47036">
    <ele>7.21</ele>
   </trkpt>
   <trkpt lat="50.98127" lon="4.46959">
    <ele>7.320000000000001</ele>
   </trkpt>
   <trkpt lat="50.98133000000001" lon="4.469460000000001">
    <ele>7.540000000000001</ele>
   </trkpt>
   <trkpt lat="50.98181" lon="4.468800000000001">
    <ele>8.21</ele>
   </trkpt>
   <trkpt lat="50.98207000000001" lon="4.4684800000000005">
    <ele>8.360000000000001</ele>
   </trkpt>
   <trkpt lat="50.98257" lon="4.46774">
    <ele>9.18</ele>
   </trkpt>
   <trkpt lat="50.98305000182893" lon="4.467090006685967">
    <ele>9.35</ele>
   </trkpt>
   <trkpt lat="50.98353" lon="4.46644">
    <ele>9.770000000000001</ele>
   </trkpt>
   <trkpt lat="50.9836" lon="4.46631">
    <ele>9.82</ele>
   </trkpt>
   <trkpt lat="50.98406000000001" lon="4.4657">
    <ele>9.9</ele>
   </trkpt>
   <trkpt lat="50.98418" lon="4.465590000000001">
    <ele>9.9</ele>
   </trkpt>
   <trkpt lat="50.98480000000001" lon="4.4652">
    <ele>10.08</ele>
   </trkpt>
   <trkpt lat="50.98492" lon="4.46511">
    <ele>10.21</ele>
   </trkpt>
   <trkpt lat="50.985110000000006" lon="4.46488">
    <ele>10.200000000000001</ele>
   </trkpt>
   <trkpt lat="50.985400000000006" lon="4.46443">
    <ele>10.31</ele>
   </trkpt>
   <trkpt lat="50.985490000000006" lon="4.464250000000001">
    <ele>10.370000000000001</ele>
   </trkpt>
   <trkpt lat="50.985620000000004" lon="4.4638100000000005">
    <ele>10.46</ele>
   </trkpt>
   <trkpt lat="50.98568" lon="4.463100000000001">
    <ele>10.730000000000002</ele>
   </trkpt>
   <trkpt lat="50.98577" lon="4.4626">
    <ele>11.080000000000002</ele>
   </trkpt>
   <trkpt lat="50.985820000000004" lon="4.46246">
    <ele>11.080000000000002</ele>
   </trkpt>
   <trkpt lat="50.98628000492896" lon="4.461385010661464">
    <ele>11.36</ele>
   </trkpt>
   <trkpt lat="50.986740000000005" lon="4.460310000000001">
    <ele>11.200000000000001</ele>
   </trkpt>
   <trkpt lat="50.98718" lon="4.4592">
    <ele>11.56</ele>
   </trkpt>
   <trkpt lat="50.987570000000005" lon="4.458410000000001">
    <ele>11.65</ele>
   </trkpt>
   <trkpt lat="50.98794" lon="4.45777">
    <ele>11.73</ele>
   </trkpt>
   <trkpt lat="50.98845000000001" lon="4.457140000000001">
    <ele>11.4</ele>
   </trkpt>
   <trkpt lat="50.98863000000001" lon="4.45681">
    <ele>10.85</ele>
   </trkpt>
   <trkpt lat="50.98877" lon="4.456440000000001">
    <ele>10.64</ele>
   </trkpt>
   <trkpt lat="50.98897" lon="4.45605">
    <ele>10.09</ele>
   </trkpt>
   <trkpt lat="50.98946" lon="4.4553400000000005">
    <ele>8.83</ele>
   </trkpt>
   <trkpt lat="50.98978" lon="4.4549900000000004">
    <ele>8.180000000000001</ele>
   </trkpt>
   <trkpt lat="50.98991" lon="4.45485">
    <ele>7.95</ele>
   </trkpt>
   <trkpt lat="50.99027" lon="4.454540000000001">
    <ele>7.710000000000001</ele>
   </trkpt>
   <trkpt lat="50.99077000091114" lon="4.454090004805692">
    <ele>7.710000000000001</ele>
   </trkpt>
   <trkpt lat="50.99127000000001" lon="4.45364">
    <ele>7.91</ele>
   </trkpt>
   <trkpt lat="50.99161" lon="4.45329">
    <ele>8.350000000000001</ele>
   </trkpt>
   <trkpt lat="50.992100003073396" lon="4.45269001266928">
    <ele>9.24</ele>
   </trkpt>
   <trkpt lat="50.99259000307375" lon="4.45209001266905">
    <ele>9.88</ele>
   </trkpt>
   <trkpt lat="50.993080000000006" lon="4.451490000000001">
    <ele>10.440000000000001</ele>
   </trkpt>
   <trkpt lat="50.99349" lon="4.4510000000000005">
    <ele>9.63</ele>
   </trkpt>
   <trkpt lat="50.994122007381435" lon="4.4503420358553">
    <ele>9.63</ele>
   </trkpt>
   <trkpt lat="50.994754011067265" lon="4.44968405378903">
    <ele>9.63</ele>
   </trkpt>
   <trkpt lat="50.99538601105728" lon="4.4490260538004005">
    <ele>8.110000000000001</ele>
   </trkpt>
   <trkpt lat="50.99601800735132" lon="4.448368035888625">
    <ele>8.110000000000001</ele>
   </trkpt>
   <trkpt lat="50.99665" lon="4.447710000000001">
    <ele>8.110000000000001</ele>
   </trkpt>
   <trkpt lat="50.99692" lon="4.44749">
    <ele>8.24</ele>
   </trkpt>
   <trkpt lat="50.99729000000001" lon="4.4472700000000005">
    <ele>8.450000000000001</ele>
   </trkpt>
   <trkpt lat="50.99772" lon="4.447100000000001">
    <ele>8.59</ele>
   </trkpt>
   <trkpt lat="50.99822" lon="4.446940000000001">
    <ele>8.71</ele>
   </trkpt>
   <trkpt lat="50.99851" lon="4.446770000000001">
    <ele>8.67</ele>
   </trkpt>
   <trkpt lat="50.99907" lon="4.44634">
    <ele>8.270000000000001</ele>
   </trkpt>
   <trkpt lat="50.99956" lon="4.446020000000001">
    <ele>7.55</ele>
   </trkpt>
   <trkpt lat="50.999930000000006" lon="4.445880000000001">
    <ele>7.260000000000001</ele>
   </trkpt>
   <trkpt lat="51.00045" lon="4.445740000000001">
    <ele>6.880000000000001</ele>
   </trkpt>
   <trkpt lat="51.000980000000006" lon="4.44557">
    <ele>6.48</ele>
   </trkpt>
   <trkpt lat="51.001340000000006" lon="4.44535">
    <ele>6.5600000000000005</ele>
   </trkpt>
   <trkpt lat="51.00155" lon="4.445110000000001">
    <ele>6.640000000000001</ele>
   </trkpt>
   <trkpt lat="51.00207" lon="4.4443600000000005">
    <ele>7.42</ele>
   </trkpt>
   <trkpt lat="51.00262333989513" lon="4.443480021068585">
    <ele>8.08</ele>
   </trkpt>
   <trkpt lat="51.0031766731803" lon="4.442600021145563">
    <ele>9.05</ele>
   </trkpt>
   <trkpt lat="51.003730000000004" lon="4.44172">
    <ele>9.4</ele>
   </trkpt>
   <trkpt lat="51.00401" lon="4.441350000000001">
    <ele>9.590000000000002</ele>
   </trkpt>
   <trkpt lat="51.00433" lon="4.44101">
    <ele>9.590000000000002</ele>
   </trkpt>
   <trkpt lat="51.004670000000004" lon="4.440860000000001">
    <ele>8.820000000000002</ele>
   </trkpt>
   <trkpt lat="51.00489" lon="4.440790000000001">
    <ele>8.820000000000002</ele>
   </trkpt>
   <trkpt lat="51.00535500014974" lon="4.440625001642068">
    <ele>7.88</ele>
   </trkpt>
   <trkpt lat="51.00582000000001" lon="4.440460000000001">
    <ele>7.16</ele>
   </trkpt>
   <trkpt lat="51.0061" lon="4.44031">
    <ele>7.07</ele>
   </trkpt>
   <trkpt lat="51.00636" lon="4.44015">
    <ele>6.7700000000000005</ele>
   </trkpt>
   <trkpt lat="51.00665000000001" lon="4.439900000000001">
    <ele>6.760000000000001</ele>
   </trkpt>
   <trkpt lat="51.007270000000005" lon="4.4393">
    <ele>7.57</ele>
   </trkpt>
   <trkpt lat="51.00750000000001" lon="4.43911">
    <ele>7.57</ele>
   </trkpt>
   <trkpt lat="51.007650000000005" lon="4.439030000000001">
    <ele>7.760000000000001</ele>
   </trkpt>
   <trkpt lat="51.007960000000004" lon="4.43899">
    <ele>8.06</ele>
   </trkpt>
   <trkpt lat="51.008160000000004" lon="4.43902">
    <ele>8.350000000000001</ele>
   </trkpt>
   <trkpt lat="51.00826000000001" lon="4.4390600000000004">
    <ele>8.350000000000001</ele>
   </trkpt>
   <trkpt lat="51.00844000000001" lon="4.43921">
    <ele>8.59</ele>
   </trkpt>
   <trkpt lat="51.00911000000001" lon="4.439970000000001">
    <ele>10.08</ele>
   </trkpt>
   <trkpt lat="51.00947000000001" lon="4.44029">
    <ele>10.25</ele>
   </trkpt>
   <trkpt lat="51.00987000000001" lon="4.440510000000001">
    <ele>10.270000000000001</ele>
   </trkpt>
   <trkpt lat="51.01026" lon="4.44061">
    <ele>10.43</ele>
   </trkpt>
   <trkpt lat="51.01089" lon="4.440650000000001">
    <ele>10.120000000000001</ele>
   </trkpt>
   <trkpt lat="51.01149" lon="4.440670000000001">
    <ele>9.670000000000002</ele>
   </trkpt>
   <trkpt lat="51.01232" lon="4.44082">
    <ele>8.71</ele>
   </trkpt>
   <trkpt lat="51.012750000000004" lon="4.44092">
    <ele>8.190000000000001</ele>
   </trkpt>
   <trkpt lat="51.01277" lon="4.44127">
    <ele>7.98</ele>
   </trkpt>
   <trkpt lat="51.012820000000005" lon="4.44158">
    <ele>7.57</ele>
   </trkpt>
   <trkpt lat="51.01297" lon="4.44198">
    <ele>7.29</ele>
   </trkpt>
   <trkpt lat="51.013485003285524" lon="4.442869989952575">
    <ele>6.85</ele>
   </trkpt>
   <trkpt lat="51.014" lon="4.44376">
    <ele>5.750000000000001</ele>
   </trkpt>
   <trkpt lat="51.014160000000004" lon="4.443980000000001">
    <ele>5.61</ele>
   </trkpt>
   <trkpt lat="51.01437000000001" lon="4.44414">
    <ele>5.53</ele>
   </trkpt>
   <trkpt lat="51.01465" lon="4.444570000000001">
    <ele>5.5200000000000005</ele>
   </trkpt>
   <trkpt lat="51.01475000000001" lon="4.444730000000001">
    <ele>5.51</ele>
   </trkpt>
   <trkpt lat="51.01478" lon="4.4448300000000005">
    <ele>5.450000000000001</ele>
   </trkpt>
   <trkpt lat="51.01489000207081" lon="4.445529998210578">
    <ele>5.15</ele>
   </trkpt>
   <trkpt lat="51.01500000000001" lon="4.446230000000001">
    <ele>5.04</ele>
   </trkpt>
   <trkpt lat="51.01507" lon="4.446960000000001">
    <ele>4.96</ele>
   </trkpt>
   <trkpt lat="51.01509" lon="4.447430000000001">
    <ele>4.99</ele>
   </trkpt>
   <trkpt lat="51.01509" lon="4.44878">
    <ele>6.33</ele>
   </trkpt>
   <trkpt lat="51.01559" lon="4.448370000000001">
    <ele>5.670000000000001</ele>
   </trkpt>
   <trkpt lat="51.015800000000006" lon="4.44815">
    <ele>5.64</ele>
   </trkpt>
   <trkpt lat="51.016310000000004" lon="4.4474">
    <ele>5.66</ele>
   </trkpt>
   <trkpt lat="51.016855003957964" lon="4.446435011370397">
    <ele>5.94</ele>
   </trkpt>
   <trkpt lat="51.0174" lon="4.44547">
    <ele>6.5600000000000005</ele>
   </trkpt>
   <trkpt lat="51.017700000000005" lon="4.44503">
    <ele>6.390000000000001</ele>
   </trkpt>
   <trkpt lat="51.018150000000006" lon="4.44447">
    <ele>6.44</ele>
   </trkpt>
   <trkpt lat="51.018600000000006" lon="4.44399">
    <ele>6.470000000000001</ele>
   </trkpt>
   <trkpt lat="51.0190550007215" lon="4.443590003891281">
    <ele>6.36</ele>
   </trkpt>
   <trkpt lat="51.019510000000004" lon="4.44319">
    <ele>6.46</ele>
   </trkpt>
   <trkpt lat="51.01999000000001" lon="4.442900000000001">
    <ele>6.38</ele>
   </trkpt>
   <trkpt lat="51.02051" lon="4.442620000000001">
    <ele>6.5</ele>
   </trkpt>
   <trkpt lat="51.02109" lon="4.44237">
    <ele>6.470000000000001</ele>
   </trkpt>
   <trkpt lat="51.02160000000001" lon="4.442200000000001">
    <ele>6.470000000000001</ele>
   </trkpt>
   <trkpt lat="51.022249999993726" lon="4.442010002710783">
    <ele>6.3500000000000005</ele>
   </trkpt>
   <trkpt lat="51.02290000000001" lon="4.441820000000001">
    <ele>6.34</ele>
   </trkpt>
   <trkpt lat="51.023140000000005" lon="4.44169">
    <ele>6.34</ele>
   </trkpt>
   <trkpt lat="51.02337000000001" lon="4.44143">
    <ele>6.37</ele>
   </trkpt>
   <trkpt lat="51.023480000000006" lon="4.44116">
    <ele>6.32</ele>
   </trkpt>
   <trkpt lat="51.02357000000001" lon="4.440840000000001">
    <ele>6.34</ele>
   </trkpt>
   <trkpt lat="51.0236750022901" lon="4.440105001770901">
    <ele>6.44</ele>
   </trkpt>
   <trkpt lat="51.02378" lon="4.43937">
    <ele>6.410000000000001</ele>
   </trkpt>
   <trkpt lat="51.023920000000004" lon="4.43886">
    <ele>6.390000000000001</ele>
   </trkpt>
   <trkpt lat="51.02407" lon="4.43846">
    <ele>6.3500000000000005</ele>
   </trkpt>
   <trkpt lat="51.02429000000001" lon="4.438090000000001">
    <ele>6.390000000000001</ele>
   </trkpt>
   <trkpt lat="51.02454" lon="4.4378400000000005">
    <ele>6.280000000000001</ele>
   </trkpt>
   <trkpt lat="51.02479" lon="4.4376500000000005">
    <ele>6.33</ele>
   </trkpt>
   <trkpt lat="51.02516000000001" lon="4.4374400000000005">
    <ele>6.4</ele>
   </trkpt>
   <trkpt lat="51.02569500017584" lon="4.437235002367338">
    <ele>6.4</ele>
   </trkpt>
   <trkpt lat="51.026230000000005" lon="4.43703">
    <ele>6.36</ele>
   </trkpt>
   <trkpt lat="51.02653" lon="4.43689">
    <ele>6.300000000000001</ele>
   </trkpt>
   <trkpt lat="51.026900000000005" lon="4.4366900000000005">
    <ele>6.300000000000001</ele>
   </trkpt>
   <trkpt lat="51.02731000000001" lon="4.43634">
    <ele>6.300000000000001</ele>
   </trkpt>
   <trkpt lat="51.027680000000004" lon="4.43585">
    <ele>6.24</ele>
   </trkpt>
   <trkpt lat="51.028000000000006" lon="4.43539">
    <ele>6.260000000000001</ele>
   </trkpt>
   <trkpt lat="51.02825000000001" lon="4.43499">
    <ele>6.280000000000001</ele>
   </trkpt>
   <trkpt lat="51.02875" lon="4.434060000000001">
    <ele>6.34</ele>
   </trkpt>
   <trkpt lat="51.02920334185232" lon="4.433063352738226">
    <ele>6.12</ele>
   </trkpt>
   <trkpt lat="51.02965667522751" lon="4.432066685979877">
    <ele>6.140000000000001</ele>
   </trkpt>
   <trkpt lat="51.03011000000001" lon="4.43107">
    <ele>6.17</ele>
   </trkpt>
   <trkpt lat="51.030280000000005" lon="4.43058">
    <ele>6.17</ele>
   </trkpt>
   <trkpt lat="51.030370000000005" lon="4.43024">
    <ele>6.12</ele>
   </trkpt>
   <trkpt lat="51.03045" lon="4.429740000000001">
    <ele>6.17</ele>
   </trkpt>
   <trkpt lat="51.03049000000001" lon="4.42916">
    <ele>6.130000000000001</ele>
   </trkpt>
   <trkpt lat="51.03051500304154" lon="4.42831500063223">
    <ele>6.16</ele>
   </trkpt>
   <trkpt lat="51.03054" lon="4.4274700000000005">
    <ele>6.130000000000001</ele>
   </trkpt>
   <trkpt lat="51.03060000000001" lon="4.4268">
    <ele>6.17</ele>
   </trkpt>
   <trkpt lat="51.03065" lon="4.42647">
    <ele>6.180000000000001</ele>
   </trkpt>
   <trkpt lat="51.030770000000004" lon="4.42588">
    <ele>6.090000000000001</ele>
   </trkpt>
   <trkpt lat="51.03096000000001" lon="4.42529">
    <ele>6.1000000000000005</ele>
   </trkpt>
   <trkpt lat="51.031110000000005" lon="4.42489">
    <ele>6.130000000000001</ele>
   </trkpt>
   <trkpt lat="51.03157" lon="4.424040000000001">
    <ele>6.0600000000000005</ele>
   </trkpt>
   <trkpt lat="51.031980000000004" lon="4.423450000000001">
    <ele>5.95</ele>
   </trkpt>
   <trkpt lat="51.03231" lon="4.423080000000001">
    <ele>5.9799999999999995</ele>
   </trkpt>
   <trkpt lat="51.032700000000006" lon="4.422700000000001">
    <ele>5.78</ele>
   </trkpt>
   <trkpt lat="51.033440000000006" lon="4.42218">
    <ele>5.47</ele>
   </trkpt>
   <trkpt lat="51.03372" lon="4.42203">
    <ele>5.410000000000001</ele>
   </trkpt>
   <trkpt lat="51.034060000000004" lon="4.42192">
    <ele>5.42</ele>
   </trkpt>
   <trkpt lat="51.03473" lon="4.421760000000001">
    <ele>5.44</ele>
   </trkpt>
   <trkpt lat="51.03492000000001" lon="4.42183">
    <ele>5.38</ele>
   </trkpt>
   <trkpt lat="51.035120000000006" lon="4.42175">
    <ele>5.33</ele>
   </trkpt>
   <trkpt lat="51.035450000000004" lon="4.42154">
    <ele>5.7700000000000005</ele>
   </trkpt>
   <trkpt lat="51.03627" lon="4.421320000000001">
    <ele>6.04</ele>
   </trkpt>
   <trkpt lat="51.03649000000001" lon="4.421250000000001">
    <ele>6.0200000000000005</ele>
   </trkpt>
   <trkpt lat="51.036820000000006" lon="4.421080000000001">
    <ele>6.08</ele>
   </trkpt>
   <trkpt lat="51.03712" lon="4.42086">
    <ele>6.0</ele>
   </trkpt>
   <trkpt lat="51.037380000000006" lon="4.42058">
    <ele>5.970000000000001</ele>
   </trkpt>
   <trkpt lat="51.037710000000004" lon="4.42013">
    <ele>5.890000000000001</ele>
   </trkpt>
   <trkpt lat="51.038035001155635" lon="4.41961000364438">
    <ele>5.87</ele>
   </trkpt>
   <trkpt lat="51.038360000000004" lon="4.419090000000001">
    <ele>5.840000000000001</ele>
   </trkpt>
   <trkpt lat="51.038630000000005" lon="4.41873">
    <ele>5.840000000000001</ele>
   </trkpt>
   <trkpt lat="51.038880000000006" lon="4.41849">
    <ele>5.7700000000000005</ele>
   </trkpt>
   <trkpt lat="51.03918" lon="4.418290000000001">
    <ele>5.760000000000001</ele>
   </trkpt>
   <trkpt lat="51.03938" lon="4.41819">
    <ele>5.760000000000001</ele>
   </trkpt>
   <trkpt lat="51.03960000000001" lon="4.418130000000001">
    <ele>5.68</ele>
   </trkpt>
   <trkpt lat="51.03985" lon="4.418100000000001">
    <ele>5.68</ele>
   </trkpt>
   <trkpt lat="51.04064" lon="4.41818">
    <ele>5.66</ele>
   </trkpt>
   <trkpt lat="51.04112000000001" lon="4.41828">
    <ele>5.78</ele>
   </trkpt>
   <trkpt lat="51.041360000000005" lon="4.418360000000001">
    <ele>5.7700000000000005</ele>
   </trkpt>
   <trkpt lat="51.042030000000004" lon="4.41866">
    <ele>5.86</ele>
   </trkpt>
   <trkpt lat="51.042590000000004" lon="4.418970000000001">
    <ele>5.86</ele>
   </trkpt>
   <trkpt lat="51.04317" lon="4.41934">
    <ele>5.880000000000001</ele>
   </trkpt>
   <trkpt lat="51.04361" lon="4.419650000000001">
    <ele>5.86</ele>
   </trkpt>
   <trkpt lat="51.04428000000001" lon="4.4202">
    <ele>5.82</ele>
   </trkpt>
   <trkpt lat="51.04487" lon="4.42074">
    <ele>5.880000000000001</ele>
   </trkpt>
   <trkpt lat="51.04525500070904" lon="4.421124996876774">
    <ele>5.73</ele>
   </trkpt>
   <trkpt lat="51.045640000000006" lon="4.4215100000000005">
    <ele>6.46</ele>
   </trkpt>
   <trkpt lat="51.04574" lon="4.421670000000001">
    <ele>6.3100000000000005</ele>
   </trkpt>
   <trkpt lat="51.046290000000006" lon="4.42231">
    <ele>5.64</ele>
   </trkpt>
   <trkpt lat="51.04639" lon="4.4222600000000005">
    <ele>5.29</ele>
   </trkpt>
   <trkpt lat="51.04656000000001" lon="4.42194">
    <ele>4.74</ele>
   </trkpt>
   <trkpt lat="51.04668" lon="4.4218">
    <ele>4.64</ele>
   </trkpt>
   <trkpt lat="51.046730000000004" lon="4.42192">
    <ele>4.65</ele>
   </trkpt>
   <trkpt lat="51.04681" lon="4.422020000000001">
    <ele>4.73</ele>
   </trkpt>
   <trkpt lat="51.04692000000001" lon="4.42206">
    <ele>4.73</ele>
   </trkpt>
   <trkpt lat="51.047050000000006" lon="4.42203">
    <ele>4.74</ele>
   </trkpt>
   <trkpt lat="51.04711" lon="4.4219800000000005">
    <ele>4.74</ele>
   </trkpt>
   <trkpt lat="51.04759000056965" lon="4.42159500404009">
    <ele>4.61</ele>
   </trkpt>
   <trkpt lat="51.04807" lon="4.42121">
    <ele>4.53</ele>
   </trkpt>
   <trkpt lat="51.048230000000004" lon="4.4210400000000005">
    <ele>4.430000000000001</ele>
   </trkpt>
   <trkpt lat="51.04833000000001" lon="4.42086">
    <ele>4.430000000000001</ele>
   </trkpt>
   <trkpt lat="51.048610000000004" lon="4.42046">
    <ele>4.53</ele>
   </trkpt>
   <trkpt lat="51.048880000000004" lon="4.42">
    <ele>4.42</ele>
   </trkpt>
   <trkpt lat="51.04905" lon="4.41969">
    <ele>4.42</ele>
   </trkpt>
   <trkpt lat="51.04921" lon="4.4193500000000006">
    <ele>4.29</ele>
   </trkpt>
   <trkpt lat="51.049490000000006" lon="4.41866">
    <ele>3.4000000000000004</ele>
   </trkpt>
   <trkpt lat="51.049875001757535" lon="4.418025005217188">
    <ele>3.12</ele>
   </trkpt>
   <trkpt lat="51.05026" lon="4.41739">
    <ele>2.85</ele>
   </trkpt>
   <trkpt lat="51.05080000359165" lon="4.416475010635221">
    <ele>2.4000000000000004</ele>
   </trkpt>
   <trkpt lat="51.05134" lon="4.41556">
    <ele>2.6100000000000003</ele>
   </trkpt>
   <trkpt lat="51.05162000000001" lon="4.41513">
    <ele>2.7</ele>
   </trkpt>
   <trkpt lat="51.051860000000005" lon="4.414820000000001">
    <ele>3.85</ele>
   </trkpt>
   <trkpt lat="51.05246334454453" lon="4.414095047228264">
    <ele>3.85</ele>
   </trkpt>
   <trkpt lat="51.05306668460457" lon="4.413370075566586">
    <ele>3.85</ele>
   </trkpt>
   <trkpt lat="51.0536700201799" lon="4.412645085014211">
    <ele>1.68</ele>
   </trkpt>
   <trkpt lat="51.05427335127033" lon="4.4119200755703805">
    <ele>1.68</ele>
   </trkpt>
   <trkpt lat="51.05487667787562" lon="4.411195047234334">
    <ele>1.68</ele>
   </trkpt>
   <trkpt lat="51.05548" lon="4.41047">
    <ele>1.68</ele>
   </trkpt>
   <trkpt lat="51.0559" lon="4.410100000000001">
    <ele>1.7400000000000002</ele>
   </trkpt>
   <trkpt lat="51.056140000000006" lon="4.40995">
    <ele>1.79</ele>
   </trkpt>
   <trkpt lat="51.05642" lon="4.40981">
    <ele>1.7100000000000002</ele>
   </trkpt>
   <trkpt lat="51.05662" lon="4.409750000000001">
    <ele>1.6600000000000001</ele>
   </trkpt>
   <trkpt lat="51.05709" lon="4.40965">
    <ele>1.6600000000000001</ele>
   </trkpt>
   <trkpt lat="51.057670000034896" lon="4.409625000311774">
    <ele>1.4700000000000002</ele>
   </trkpt>
   <trkpt lat="51.05825" lon="4.4096">
    <ele>1.27</ele>
   </trkpt>
   <trkpt lat="51.058780000000006" lon="4.409400000000001">
    <ele>1.12</ele>
   </trkpt>
   <trkpt lat="51.05917" lon="4.40911">
    <ele>1.1</ele>
   </trkpt>
   <trkpt lat="51.05959000000001" lon="4.4086300000000005">
    <ele>0.9600000000000001</ele>
   </trkpt>
   <trkpt lat="51.06023333964066" lon="4.40777002390453">
    <ele>0.7000000000000001</ele>
   </trkpt>
   <trkpt lat="51.06087667297114" lon="4.406910023908807">
    <ele>0.78</ele>
   </trkpt>
   <trkpt lat="51.06152" lon="4.4060500000000005">
    <ele>0.7300000000000001</ele>
   </trkpt>
   <trkpt lat="51.061800000000005" lon="4.40585">
    <ele>0.8700000000000001</ele>
   </trkpt>
   <trkpt lat="51.06215" lon="4.4057">
    <ele>0.8500000000000001</ele>
   </trkpt>
   <trkpt lat="51.062400000000004" lon="4.40564">
    <ele>0.9</ele>
   </trkpt>
   <trkpt lat="51.062560000000005" lon="4.4056500000000005">
    <ele>0.9</ele>
   </trkpt>
   <trkpt lat="51.06335000025982" lon="4.4058249970421635">
    <ele>0.9100000000000001</ele>
   </trkpt>
   <trkpt lat="51.06414" lon="4.406000000000001">
    <ele>0.8600000000000001</ele>
   </trkpt>
   <trkpt lat="51.064870000000006" lon="4.40615">
    <ele>0.5</ele>
   </trkpt>
   <trkpt lat="51.065090000000005" lon="4.4061200000000005">
    <ele>0.25</ele>
   </trkpt>
   <trkpt lat="51.065400000000004" lon="4.4060500000000005">
    <ele>0.21</ele>
   </trkpt>
   <trkpt lat="51.065560000000005" lon="4.4060500000000005">
    <ele>0.25</ele>
   </trkpt>
   <trkpt lat="51.06588000000001" lon="4.406140000000001">
    <ele>0.46</ele>
   </trkpt>
   <trkpt lat="51.06606000000001" lon="4.4062600000000005">
    <ele>0.5</ele>
   </trkpt>
   <trkpt lat="51.066500000000005" lon="4.40664">
    <ele>1.1400000000000001</ele>
   </trkpt>
   <trkpt lat="51.066700000000004" lon="4.40672">
    <ele>1.1400000000000001</ele>
   </trkpt>
   <trkpt lat="51.06702000000001" lon="4.40596">
    <ele>0.42</ele>
   </trkpt>
   <trkpt lat="51.067150000000005" lon="4.4055800000000005">
    <ele>0.22</ele>
   </trkpt>
   <trkpt lat="51.06725" lon="4.40521">
    <ele>0.2</ele>
   </trkpt>
   <trkpt lat="51.06727000000001" lon="4.40505">
    <ele>0.2</ele>
   </trkpt>
   <trkpt lat="51.06734" lon="4.40439">
    <ele>0.17</ele>
   </trkpt>
   <trkpt lat="51.067260000000005" lon="4.403090000000001">
    <ele>0.14</ele>
   </trkpt>
   <trkpt lat="51.06725" lon="4.40265">
    <ele>0.14</ele>
   </trkpt>
   <trkpt lat="51.06727000000001" lon="4.4023">
    <ele>0.14</ele>
   </trkpt>
   <trkpt lat="51.06732" lon="4.4019">
    <ele>0.28</ele>
   </trkpt>
   <trkpt lat="51.06739" lon="4.401470000000001">
    <ele>0.35000000000000003</ele>
   </trkpt>
   <trkpt lat="51.06757" lon="4.400740000000001">
    <ele>0.41000000000000003</ele>
   </trkpt>
   <trkpt lat="51.06768" lon="4.39989">
    <ele>0.64</ele>
   </trkpt>
   <trkpt lat="51.067690000000006" lon="4.3996">
    <ele>0.7400000000000001</ele>
   </trkpt>
   <trkpt lat="51.067690000000006" lon="4.39906">
    <ele>0.8500000000000001</ele>
   </trkpt>
   <trkpt lat="51.067660000000004" lon="4.398770000000001">
    <ele>0.8500000000000001</ele>
   </trkpt>
   <trkpt lat="51.06754" lon="4.39804">
    <ele>1.07</ele>
   </trkpt>
   <trkpt lat="51.06752" lon="4.397760000000001">
    <ele>1.3</ele>
   </trkpt>
   <trkpt lat="51.06754" lon="4.397220000000001">
    <ele>1.29</ele>
   </trkpt>
   <trkpt lat="51.06763" lon="4.396610000000001">
    <ele>1.37</ele>
   </trkpt>
   <trkpt lat="51.0677" lon="4.396330000000001">
    <ele>1.4500000000000002</ele>
   </trkpt>
   <trkpt lat="51.06788" lon="4.39583">
    <ele>1.5</ele>
   </trkpt>
   <trkpt lat="51.068130000000004" lon="4.3954200000000005">
    <ele>1.3900000000000001</ele>
   </trkpt>
   <trkpt lat="51.06841000000001" lon="4.39512">
    <ele>1.25</ele>
   </trkpt>
   <trkpt lat="51.06870000000001" lon="4.39494">
    <ele>1.1500000000000001</ele>
   </trkpt>
   <trkpt lat="51.06945" lon="4.39461">
    <ele>1.1400000000000001</ele>
   </trkpt>
   <trkpt lat="51.07009000000001" lon="4.394030000000001">
    <ele>0.88</ele>
   </trkpt>
   <trkpt lat="51.07023" lon="4.3938500000000005">
    <ele>0.63</ele>
   </trkpt>
   <trkpt lat="51.07039" lon="4.3936">
    <ele>0.56</ele>
   </trkpt>
   <trkpt lat="51.07052" lon="4.393280000000001">
    <ele>0.53</ele>
   </trkpt>
   <trkpt lat="51.070550000000004" lon="4.39303">
    <ele>0.54</ele>
   </trkpt>
   <trkpt lat="51.070563367194474" lon="4.39177000183205">
    <ele>0.39</ele>
   </trkpt>
   <trkpt lat="51.070576720844436" lon="4.390510002936619">
    <ele>0.44</ele>
   </trkpt>
   <trkpt lat="51.07059006094989" lon="4.389250003314442">
    <ele>0.44</ele>
   </trkpt>
   <trkpt lat="51.07060338751081" lon="4.387990002966256">
    <ele>0.4</ele>
   </trkpt>
   <trkpt lat="51.07061670052719" lon="4.386730001892799">
    <ele>0.36000000000000004</ele>
   </trkpt>
   <trkpt lat="51.07063" lon="4.385470000000001">
    <ele>0.23</ele>
   </trkpt>
   <trkpt lat="51.07067000000001" lon="4.385120000000001">
    <ele>0.25</ele>
   </trkpt>
   <trkpt lat="51.07090202901551" lon="4.383816026138036">
    <ele>1.02</ele>
   </trkpt>
   <trkpt lat="51.07113404352445" lon="4.3825120392012105">
    <ele>0.79</ele>
   </trkpt>
   <trkpt lat="51.07136604352659" lon="4.381208039190103">
    <ele>0.9800000000000002</ele>
   </trkpt>
   <trkpt lat="51.07159802902165" lon="4.379904026105288">
    <ele>1.1500000000000001</ele>
   </trkpt>
   <trkpt lat="51.071830000000006" lon="4.3786000000000005">
    <ele>1.2300000000000002</ele>
   </trkpt>
   <trkpt lat="51.072010000000006" lon="4.3775200000000005">
    <ele>1.17</ele>
   </trkpt>
   <trkpt lat="51.07204" lon="4.376810000000001">
    <ele>1.11</ele>
   </trkpt>
   <trkpt lat="51.072" lon="4.37636">
    <ele>1.12</ele>
   </trkpt>
   <trkpt lat="51.07193" lon="4.375990000000001">
    <ele>1.25</ele>
   </trkpt>
   <trkpt lat="51.07173" lon="4.3753400000000005">
    <ele>1.4800000000000002</ele>
   </trkpt>
   <trkpt lat="51.07189" lon="4.375100000000001">
    <ele>1.1900000000000002</ele>
   </trkpt>
   <trkpt lat="51.072120000000005" lon="4.3745">
    <ele>1.4600000000000002</ele>
   </trkpt>
   <trkpt lat="51.07215000000001" lon="4.37434">
    <ele>1.53</ele>
   </trkpt>
   <trkpt lat="51.07213" lon="4.374300000000001">
    <ele>1.5</ele>
   </trkpt>
   <trkpt lat="51.072050000000004" lon="4.374230000000001">
    <ele>1.43</ele>
   </trkpt>
   <trkpt lat="51.07204" lon="4.37415">
    <ele>1.24</ele>
   </trkpt>
   <trkpt lat="51.072190000000006" lon="4.373760000000001">
    <ele>0.62</ele>
   </trkpt>
   <trkpt lat="51.072340000000004" lon="4.3733">
    <ele>0.36000000000000004</ele>
   </trkpt>
   <trkpt lat="51.07271" lon="4.37246">
    <ele>0.7000000000000001</ele>
   </trkpt>
   <trkpt lat="51.07288000198546" lon="4.371780002445903">
    <ele>1.7000000000000002</ele>
   </trkpt>
   <trkpt lat="51.07305" lon="4.3711">
    <ele>2.06</ele>
   </trkpt>
   <trkpt lat="51.073130000000006" lon="4.37084">
    <ele>2.68</ele>
   </trkpt>
   <trkpt lat="51.073510002160035" lon="4.370135005715192">
    <ele>3.34</ele>
   </trkpt>
   <trkpt lat="51.073890000000006" lon="4.36943">
    <ele>3.52</ele>
   </trkpt>
   <trkpt lat="51.07426" lon="4.368580000000001">
    <ele>3.3200000000000003</ele>
   </trkpt>
   <trkpt lat="51.07464" lon="4.3676">
    <ele>3.16</ele>
   </trkpt>
   <trkpt lat="51.074720000000006" lon="4.367430000000001">
    <ele>3.16</ele>
   </trkpt>
   <trkpt lat="51.07486" lon="4.3673">
    <ele>2.97</ele>
   </trkpt>
   <trkpt lat="51.074940000000005" lon="4.36726">
    <ele>2.97</ele>
   </trkpt>
   <trkpt lat="51.075190000000006" lon="4.36726">
    <ele>2.73</ele>
   </trkpt>
   <trkpt lat="51.075450000000004" lon="4.367290000000001">
    <ele>2.4000000000000004</ele>
   </trkpt>
   <trkpt lat="51.07551" lon="4.36728">
    <ele>2.4000000000000004</ele>
   </trkpt>
   <trkpt lat="51.07583" lon="4.36704">
    <ele>2.52</ele>
   </trkpt>
   <trkpt lat="51.07598" lon="4.367">
    <ele>2.5500000000000003</ele>
   </trkpt>
   <trkpt lat="51.07673500012847" lon="4.367139997723917">
    <ele>2.39</ele>
   </trkpt>
   <trkpt lat="51.077490000000004" lon="4.36728">
    <ele>2.43</ele>
   </trkpt>
   <trkpt lat="51.07759" lon="4.36728">
    <ele>2.52</ele>
   </trkpt>
   <trkpt lat="51.077830000000006" lon="4.36709">
    <ele>2.4600000000000004</ele>
   </trkpt>
   <trkpt lat="51.077920000000006" lon="4.36704">
    <ele>2.48</ele>
   </trkpt>
   <trkpt lat="51.07824" lon="4.36709">
    <ele>2.56</ele>
   </trkpt>
   <trkpt lat="51.078340000000004" lon="4.367030000000001">
    <ele>2.5700000000000003</ele>
   </trkpt>
   <trkpt lat="51.07911000008511" lon="4.367124998424689">
    <ele>2.2900000000000005</ele>
   </trkpt>
   <trkpt lat="51.07988" lon="4.3672200000000005">
    <ele>2.9400000000000004</ele>
   </trkpt>
   <trkpt lat="51.080070000000006" lon="4.36728">
    <ele>3.06</ele>
   </trkpt>
   <trkpt lat="51.08041000000001" lon="4.3672200000000005">
    <ele>2.6</ele>
   </trkpt>
   <trkpt lat="51.080830000000006" lon="4.36706">
    <ele>3.23</ele>
   </trkpt>
   <trkpt lat="51.080870000000004" lon="4.366490000000001">
    <ele>3.2700000000000005</ele>
   </trkpt>
   <trkpt lat="51.081" lon="4.366300000000001">
    <ele>3.23</ele>
   </trkpt>
   <trkpt lat="51.081700000000005" lon="4.36605">
    <ele>3.98</ele>
   </trkpt>
   <trkpt lat="51.081720000000004" lon="4.36608">
    <ele>4.5200000000000005</ele>
   </trkpt>
   <trkpt lat="51.081900000000005" lon="4.36615">
    <ele>5.430000000000001</ele>
   </trkpt>
   <trkpt lat="51.08202000000001" lon="4.3656500000000005">
    <ele>5.33</ele>
   </trkpt>
   <trkpt lat="51.082060000000006" lon="4.364730000000001">
    <ele>4.74</ele>
   </trkpt>
   <trkpt lat="51.082190000000004" lon="4.363980000000001">
    <ele>4.5</ele>
   </trkpt>
   <trkpt lat="51.082300000000004" lon="4.363580000000001">
    <ele>4.4</ele>
   </trkpt>
   <trkpt lat="51.08272" lon="4.36261">
    <ele>4.19</ele>
   </trkpt>
   <trkpt lat="51.0830300061823" lon="4.361405008118088">
    <ele>3.96</ele>
   </trkpt>
   <trkpt lat="51.08334000000001" lon="4.360200000000001">
    <ele>7.010000000000001</ele>
   </trkpt>
   <trkpt lat="51.083380000000005" lon="4.3599000000000006">
    <ele>9.850000000000001</ele>
   </trkpt>
   <trkpt lat="51.083360000000006" lon="4.35972">
    <ele>9.850000000000001</ele>
   </trkpt>
   <trkpt lat="51.083470000000005" lon="4.359660000000001">
    <ele>10.33</ele>
   </trkpt>
   <trkpt lat="51.083540000000006" lon="4.35965">
    <ele>10.33</ele>
   </trkpt>
   <trkpt lat="51.083580000000005" lon="4.35956">
    <ele>10.67</ele>
   </trkpt>
   <trkpt lat="51.084163335539806" lon="4.360063320677905">
    <ele>10.77</ele>
   </trkpt>
   <trkpt lat="51.08474666891851" lon="4.360566654050171">
    <ele>10.77</ele>
   </trkpt>
   <trkpt lat="51.085330000000006" lon="4.361070000000001">
    <ele>11.040000000000001</ele>
   </trkpt>
   <trkpt lat="51.08561" lon="4.361280000000001">
    <ele>10.8</ele>
   </trkpt>
   <trkpt lat="51.08626000138078" lon="4.361839992167724">
    <ele>10.64</ele>
   </trkpt>
   <trkpt lat="51.08691" lon="4.3624">
    <ele>9.75</ele>
   </trkpt>
   <trkpt lat="51.08706" lon="4.3624600000000004">
    <ele>9.330000000000002</ele>
   </trkpt>
   <trkpt lat="51.087480000000006" lon="4.3628">
    <ele>8.51</ele>
   </trkpt>
   <trkpt lat="51.08820000000001" lon="4.36343">
    <ele>9.040000000000001</ele>
   </trkpt>
   <trkpt lat="51.088440000000006" lon="4.3636800000000004">
    <ele>8.59</ele>
   </trkpt>
   <trkpt lat="51.08888000055773" lon="4.364059996334653">
    <ele>8.46</ele>
   </trkpt>
   <trkpt lat="51.08932" lon="4.36444">
    <ele>8.780000000000001</ele>
   </trkpt>
   <trkpt lat="51.089600000000004" lon="4.364660000000001">
    <ele>8.84</ele>
   </trkpt>
   <trkpt lat="51.08955" lon="4.36484">
    <ele>9.31</ele>
   </trkpt>
   <trkpt lat="51.08970000000001" lon="4.36495">
    <ele>9.4</ele>
   </trkpt>
   <trkpt lat="51.08966" lon="4.365060000000001">
    <ele>9.4</ele>
   </trkpt>
   <trkpt lat="51.08954000000001" lon="4.36514">
    <ele>9.36</ele>
   </trkpt>
   <trkpt lat="51.08914000000001" lon="4.365220000000001">
    <ele>9.32</ele>
   </trkpt>
   <trkpt lat="51.088660000014784" lon="4.365340001257047">
    <ele>9.200000000000001</ele>
   </trkpt>
   <trkpt lat="51.08818" lon="4.365460000000001">
    <ele>9.19</ele>
   </trkpt>
   <trkpt lat="51.087790000000005" lon="4.365620000000001">
    <ele>9.15</ele>
   </trkpt>
   <trkpt lat="51.08793000000001" lon="4.36664">
    <ele>8.71</ele>
   </trkpt>
   <trkpt lat="51.08793000000001" lon="4.36678">
    <ele>8.71</ele>
   </trkpt>
   <trkpt lat="51.08758667242235" lon="4.367603345621103">
    <ele>9.200000000000001</ele>
   </trkpt>
   <trkpt lat="51.08724333906204" lon="4.368426679018937">
    <ele>9.13</ele>
   </trkpt>
   <trkpt lat="51.08690000000001" lon="4.36925">
    <ele>8.89</ele>
   </trkpt>
   <trkpt lat="51.086870000000005" lon="4.36936">
    <ele>8.89</ele>
   </trkpt>
   <trkpt lat="51.08684" lon="4.3696600000000005">
    <ele>8.870000000000001</ele>
   </trkpt>
   <trkpt lat="51.086830000000006" lon="4.370100000000001">
    <ele>8.84</ele>
   </trkpt>
   <trkpt lat="51.087120000000006" lon="4.370950000000001">
    <ele>9.44</ele>
   </trkpt>
   <trkpt lat="51.08737000000001" lon="4.371370000000001">
    <ele>9.91</ele>
   </trkpt>
   <trkpt lat="51.08785" lon="4.37201">
    <ele>10.910000000000002</ele>
   </trkpt>
   <trkpt lat="51.088080000000005" lon="4.372260000000001">
    <ele>11.340000000000002</ele>
   </trkpt>
   <trkpt lat="51.088190000000004" lon="4.37241">
    <ele>11.44</ele>
   </trkpt>
   <trkpt lat="51.08871000150595" lon="4.373009993220089">
    <ele>12.06</ele>
   </trkpt>
   <trkpt lat="51.08923000000001" lon="4.37361">
    <ele>12.97</ele>
   </trkpt>
   <trkpt lat="51.08968000094808" lon="4.374104995076992">
    <ele>13.790000000000001</ele>
   </trkpt>
   <trkpt lat="51.09013" lon="4.3746">
    <ele>14.730000000000002</ele>
   </trkpt>
   <trkpt lat="51.09051" lon="4.3749">
    <ele>15.18</ele>
   </trkpt>
   <trkpt lat="51.09055000000001" lon="4.374840000000001">
    <ele>15.260000000000002</ele>
   </trkpt>
   <trkpt lat="51.090770000000006" lon="4.37467">
    <ele>15.420000000000002</ele>
   </trkpt>
   <trkpt lat="51.09082" lon="4.37467">
    <ele>15.420000000000002</ele>
   </trkpt>
   <trkpt lat="51.090880000000006" lon="4.374750000000001">
    <ele>15.410000000000002</ele>
   </trkpt>
   <trkpt lat="51.09089" lon="4.37486">
    <ele>15.410000000000002</ele>
   </trkpt>
   <trkpt lat="51.09085" lon="4.37497">
    <ele>15.410000000000002</ele>
   </trkpt>
   <trkpt lat="51.09064000000001" lon="4.37514">
    <ele>14.89</ele>
   </trkpt>
   <trkpt lat="51.09058" lon="4.3751500000000005">
    <ele>14.89</ele>
   </trkpt>
   <trkpt lat="51.090500000000006" lon="4.37542">
    <ele>14.46</ele>
   </trkpt>
   <trkpt lat="51.0904" lon="4.375590000000001">
    <ele>14.33</ele>
   </trkpt>
   <trkpt lat="51.09028000000001" lon="4.37572">
    <ele>13.860000000000001</ele>
   </trkpt>
   <trkpt lat="51.09015" lon="4.37582">
    <ele>13.57</ele>
   </trkpt>
   <trkpt lat="51.09008000000001" lon="4.375850000000001">
    <ele>13.57</ele>
   </trkpt>
   <trkpt lat="51.08990000000001" lon="4.37587">
    <ele>13.410000000000002</ele>
   </trkpt>
   <trkpt lat="51.08973" lon="4.37581">
    <ele>13.38</ele>
   </trkpt>
   <trkpt lat="51.08948" lon="4.37561">
    <ele>13.23</ele>
   </trkpt>
   <trkpt lat="51.089330000000004" lon="4.37603">
    <ele>13.420000000000002</ele>
   </trkpt>
   <trkpt lat="51.089220000000005" lon="4.376270000000001">
    <ele>13.600000000000001</ele>
   </trkpt>
   <trkpt lat="51.08881" lon="4.377420000000001">
    <ele>13.450000000000001</ele>
   </trkpt>
   <trkpt lat="51.088750000000005" lon="4.377400000000001">
    <ele>13.280000000000001</ele>
   </trkpt>
   <trkpt lat="51.08861" lon="4.37774">
    <ele>13.120000000000001</ele>
   </trkpt>
   <trkpt lat="51.08852" lon="4.3776600000000006">
    <ele>13.120000000000001</ele>
   </trkpt>
   <trkpt lat="51.08841" lon="4.3776600000000006">
    <ele>12.76</ele>
   </trkpt>
   <trkpt lat="51.08791" lon="4.377280000000001">
    <ele>11.940000000000001</ele>
   </trkpt>
   <trkpt lat="51.08738" lon="4.376930000000001">
    <ele>9.74</ele>
   </trkpt>
   <trkpt lat="51.08713" lon="4.37666">
    <ele>9.18</ele>
   </trkpt>
   <trkpt lat="51.08704" lon="4.3765">
    <ele>8.610000000000001</ele>
   </trkpt>
   <trkpt lat="51.086870000000005" lon="4.376320000000001">
    <ele>8.25</ele>
   </trkpt>
   <trkpt lat="51.08684" lon="4.37647">
    <ele>7.9700000000000015</ele>
   </trkpt>
   <trkpt lat="51.087" lon="4.37662">
    <ele>7.24</ele>
   </trkpt>
   <trkpt lat="51.087070000000004" lon="4.37676">
    <ele>7.04</ele>
   </trkpt>
   <trkpt lat="51.08755000000001" lon="4.377210000000001">
    <ele>5.74</ele>
   </trkpt>
   <trkpt lat="51.088170000000005" lon="4.37776">
    <ele>4.07</ele>
   </trkpt>
   <trkpt lat="51.08827" lon="4.377870000000001">
    <ele>3.43</ele>
   </trkpt>
   <trkpt lat="51.088330000000006" lon="4.37807">
    <ele>3.1</ele>
   </trkpt>
   <trkpt lat="51.088460000000005" lon="4.37821">
    <ele>3.0900000000000003</ele>
   </trkpt>
   <trkpt lat="51.08843" lon="4.378340000000001">
    <ele>3.0100000000000002</ele>
   </trkpt>
   <trkpt lat="51.08863" lon="4.37954">
    <ele>3.0500000000000003</ele>
   </trkpt>
   <trkpt lat="51.08851000000001" lon="4.37971">
    <ele>2.72</ele>
   </trkpt>
   <trkpt lat="51.08807" lon="4.37929">
    <ele>2.34</ele>
   </trkpt>
   <trkpt lat="51.087680000000006" lon="4.3788800000000005">
    <ele>2.4200000000000004</ele>
   </trkpt>
   <trkpt lat="51.0872650043612" lon="4.379890009037138">
    <ele>2.17</ele>
   </trkpt>
   <trkpt lat="51.086850000000005" lon="4.3809000000000005">
    <ele>2.19</ele>
   </trkpt>
   <trkpt lat="51.08734000035196" lon="4.381164997220961">
    <ele>2.16</ele>
   </trkpt>
   <trkpt lat="51.087830000000004" lon="4.38143">
    <ele>2.18</ele>
   </trkpt>
   <trkpt lat="51.08784000000001" lon="4.3814">
    <ele>2.18</ele>
   </trkpt>
   <trkpt lat="51.08812" lon="4.38156">
    <ele>2.32</ele>
   </trkpt>
   <trkpt lat="51.088875001351006" lon="4.382129990668964">
    <ele>5.16</ele>
   </trkpt>
   <trkpt lat="51.08963000000001" lon="4.382700000000001">
    <ele>8.540000000000001</ele>
   </trkpt>
   <trkpt lat="51.089830000000006" lon="4.3828000000000005">
    <ele>8.47</ele>
   </trkpt>
   <trkpt lat="51.090050000000005" lon="4.38288">
    <ele>7.82</ele>
   </trkpt>
   <trkpt lat="51.090340000000005" lon="4.38288">
    <ele>7.1000000000000005</ele>
   </trkpt>
   <trkpt lat="51.090520000000005" lon="4.382840000000001">
    <ele>6.180000000000001</ele>
   </trkpt>
   <trkpt lat="51.090590000000006" lon="4.3828700000000005">
    <ele>6.12</ele>
   </trkpt>
   <trkpt lat="51.090630000000004" lon="4.382910000000001">
    <ele>6.12</ele>
   </trkpt>
   <trkpt lat="51.09076" lon="4.38316">
    <ele>5.81</ele>
   </trkpt>
   <trkpt lat="51.09096" lon="4.38342">
    <ele>4.920000000000001</ele>
   </trkpt>
   <trkpt lat="51.09109" lon="4.3835500000000005">
    <ele>4.49</ele>
   </trkpt>
   <trkpt lat="51.091240000000006" lon="4.38365">
    <ele>4.4</ele>
   </trkpt>
   <trkpt lat="51.09120000000001" lon="4.38403">
    <ele>5.180000000000001</ele>
   </trkpt>
   <trkpt lat="51.09145" lon="4.3841">
    <ele>7.150000000000001</ele>
   </trkpt>
   <trkpt lat="51.09194" lon="4.384510000000001">
    <ele>10.360000000000001</ele>
   </trkpt>
   <trkpt lat="51.092020000000005" lon="4.38449">
    <ele>10.690000000000001</ele>
   </trkpt>
   <trkpt lat="51.09207000000001" lon="4.38443">
    <ele>10.690000000000001</ele>
   </trkpt>
   <trkpt lat="51.09225000000001" lon="4.38403">
    <ele>11.600000000000001</ele>
   </trkpt>
   <trkpt lat="51.092380000000006" lon="4.38389">
    <ele>12.46</ele>
   </trkpt>
   <trkpt lat="51.092470000000006" lon="4.38387">
    <ele>13.81</ele>
   </trkpt>
   <trkpt lat="51.09254000000001" lon="4.38388">
    <ele>13.81</ele>
   </trkpt>
   <trkpt lat="51.092620000000004" lon="4.38394">
    <ele>14.790000000000001</ele>
   </trkpt>
   <trkpt lat="51.092760000000006" lon="4.384180000000001">
    <ele>16.290000000000003</ele>
   </trkpt>
   <trkpt lat="51.09295" lon="4.3847000000000005">
    <ele>18.910000000000004</ele>
   </trkpt>
   <trkpt lat="51.093" lon="4.38497">
    <ele>19.84</ele>
   </trkpt>
   <trkpt lat="51.09301000000001" lon="4.38541">
    <ele>20.41</ele>
   </trkpt>
   <trkpt lat="51.093070000000004" lon="4.38563">
    <ele>20.71</ele>
   </trkpt>
   <trkpt lat="51.09313" lon="4.385750000000001">
    <ele>20.87</ele>
   </trkpt>
   <trkpt lat="51.09317" lon="4.38579">
    <ele>20.87</ele>
   </trkpt>
   <trkpt lat="51.093430000000005" lon="4.385940000000001">
    <ele>21.62</ele>
   </trkpt>
   <trkpt lat="51.093520000000005" lon="4.3860600000000005">
    <ele>21.720000000000002</ele>
   </trkpt>
   <trkpt lat="51.09358" lon="4.38635">
    <ele>22.060000000000002</ele>
   </trkpt>
   <trkpt lat="51.093680000000006" lon="4.3866700000000005">
    <ele>22.070000000000004</ele>
   </trkpt>
   <trkpt lat="51.093540000000004" lon="4.3868">
    <ele>22.13</ele>
   </trkpt>
   <trkpt lat="51.093410000000006" lon="4.38701">
    <ele>22.400000000000002</ele>
   </trkpt>
   <trkpt lat="51.093320000000006" lon="4.38722">
    <ele>22.400000000000002</ele>
   </trkpt>
   <trkpt lat="51.09297500512936" lon="4.388310007935782">
    <ele>22.92</ele>
   </trkpt>
   <trkpt lat="51.09263000000001" lon="4.3894">
    <ele>23.200000000000003</ele>
   </trkpt>
   <trkpt lat="51.092380000000006" lon="4.39025">
    <ele>23.62</ele>
   </trkpt>
   <trkpt lat="51.092310000000005" lon="4.39055">
    <ele>23.62</ele>
   </trkpt>
   <trkpt lat="51.092270000000006" lon="4.3908700000000005">
    <ele>23.48</ele>
   </trkpt>
   <trkpt lat="51.09220001728129" lon="4.392293337634124">
    <ele>23.48</ele>
   </trkpt>
   <trkpt lat="51.09213001728165" lon="4.393716670959815">
    <ele>26.02</ele>
   </trkpt>
   <trkpt lat="51.092060000000004" lon="4.3951400000000005">
    <ele>26.01</ele>
   </trkpt>
   <trkpt lat="51.09165" lon="4.3948">
    <ele>26.6</ele>
   </trkpt>
   <trkpt lat="51.09142000000001" lon="4.3947">
    <ele>27.01</ele>
   </trkpt>
   <trkpt lat="51.09120000000001" lon="4.394570000000001">
    <ele>27.19</ele>
   </trkpt>
   <trkpt lat="51.090970000000006" lon="4.394500000000001">
    <ele>27.48</ele>
   </trkpt>
   <trkpt lat="51.090120000000006" lon="4.39419">
    <ele>27.96</ele>
   </trkpt>
   <trkpt lat="51.08970000000001" lon="4.394">
    <ele>27.96</ele>
   </trkpt>
   <trkpt lat="51.08968" lon="4.393940000000001">
    <ele>27.96</ele>
   </trkpt>
   <trkpt lat="51.08972000000001" lon="4.392580000000001">
    <ele>27.49</ele>
   </trkpt>
   <trkpt lat="51.08975" lon="4.39116">
    <ele>26.89</ele>
   </trkpt>
   <trkpt lat="51.08966" lon="4.39113">
    <ele>26.89</ele>
   </trkpt>
   <trkpt lat="51.089270000000006" lon="4.39074">
    <ele>25.880000000000003</ele>
   </trkpt>
   <trkpt lat="51.08890500082748" lon="4.390289996404009">
    <ele>25.240000000000002</ele>
   </trkpt>
   <trkpt lat="51.08854" lon="4.38984">
    <ele>24.330000000000002</ele>
   </trkpt>
   <trkpt lat="51.088170000000005" lon="4.389550000000001">
    <ele>22.45</ele>
   </trkpt>
   <trkpt lat="51.08749000163616" lon="4.388919990685286">
    <ele>19.4</ele>
   </trkpt>
   <trkpt lat="51.08681000000001" lon="4.3882900000000005">
    <ele>17.12</ele>
   </trkpt>
   <trkpt lat="51.08668" lon="4.38816">
    <ele>16.71</ele>
   </trkpt>
   <trkpt lat="51.0865" lon="4.387910000000001">
    <ele>16.060000000000002</ele>
   </trkpt>
   <trkpt lat="51.086380000000005" lon="4.38764">
    <ele>14.820000000000002</ele>
   </trkpt>
   <trkpt lat="51.08625000000001" lon="4.38717">
    <ele>13.680000000000001</ele>
   </trkpt>
   <trkpt lat="51.08621" lon="4.38687">
    <ele>12.64</ele>
   </trkpt>
   <trkpt lat="51.086200000000005" lon="4.38618">
    <ele>11.01</ele>
   </trkpt>
   <trkpt lat="51.086130000000004" lon="4.3857800000000005">
    <ele>9.81</ele>
   </trkpt>
   <trkpt lat="51.08605000000001" lon="4.3856">
    <ele>9.14</ele>
   </trkpt>
   <trkpt lat="51.085910000000005" lon="4.38544">
    <ele>8.51</ele>
   </trkpt>
   <trkpt lat="51.08545" lon="4.385140000000001">
    <ele>6.19</ele>
   </trkpt>
   <trkpt lat="51.08523" lon="4.38504">
    <ele>5.44</ele>
   </trkpt>
   <trkpt lat="51.08507" lon="4.38499">
    <ele>5.17</ele>
   </trkpt>
   <trkpt lat="51.084830000000004" lon="4.38499">
    <ele>5.090000000000001</ele>
   </trkpt>
   <trkpt lat="51.08457000000001" lon="4.384930000000001">
    <ele>5.47</ele>
   </trkpt>
   <trkpt lat="51.08465" lon="4.38454">
    <ele>5.33</ele>
   </trkpt>
   <trkpt lat="51.08476" lon="4.38389">
    <ele>5.5</ele>
   </trkpt>
   <trkpt lat="51.08485500405411" lon="4.38291500200803">
    <ele>6.11</ele>
   </trkpt>
   <trkpt lat="51.084950000000006" lon="4.38194">
    <ele>7.2</ele>
   </trkpt>
   <trkpt lat="51.08511000000001" lon="4.380990000000001">
    <ele>9.13</ele>
   </trkpt>
   <trkpt lat="51.08522000000001" lon="4.38008">
    <ele>10.16</ele>
   </trkpt>
   <trkpt lat="51.085350000000005" lon="4.378760000000001">
    <ele>10.42</ele>
   </trkpt>
   <trkpt lat="51.08541000505631" lon="4.377670001618023">
    <ele>10.360000000000001</ele>
   </trkpt>
   <trkpt lat="51.08547" lon="4.376580000000001">
    <ele>9.57</ele>
   </trkpt>
   <trkpt lat="51.08552" lon="4.37575">
    <ele>8.94</ele>
   </trkpt>
   <trkpt lat="51.08558000000001" lon="4.37518">
    <ele>8.530000000000001</ele>
   </trkpt>
   <trkpt lat="51.08552" lon="4.37516">
    <ele>8.530000000000001</ele>
   </trkpt>
   <trkpt lat="51.085530000000006" lon="4.374980000000001">
    <ele>8.21</ele>
   </trkpt>
   <trkpt lat="51.08500000014973" lon="4.37476999757866">
    <ele>6.38</ele>
   </trkpt>
   <trkpt lat="51.08447" lon="4.374560000000001">
    <ele>4.800000000000001</ele>
   </trkpt>
   <trkpt lat="51.084140000000005" lon="4.37438">
    <ele>4.4</ele>
   </trkpt>
   <trkpt lat="51.083690000000004" lon="4.37404">
    <ele>4.260000000000001</ele>
   </trkpt>
   <trkpt lat="51.08362" lon="4.37413">
    <ele>4.260000000000001</ele>
   </trkpt>
   <trkpt lat="51.083290000000005" lon="4.37485">
    <ele>4.5</ele>
   </trkpt>
   <trkpt lat="51.08319" lon="4.374960000000001">
    <ele>4.5</ele>
   </trkpt>
   <trkpt lat="51.08285000000001" lon="4.37492">
    <ele>4.95</ele>
   </trkpt>
   <trkpt lat="51.08278000000001" lon="4.37497">
    <ele>5.07</ele>
   </trkpt>
   <trkpt lat="51.08279" lon="4.374960000000001">
    <ele>5.07</ele>
   </trkpt>
   <trkpt lat="51.082703342617904" lon="4.376003337260155">
    <ele>5.3100000000000005</ele>
   </trkpt>
   <trkpt lat="51.082616675949744" lon="4.377046670611242">
    <ele>5.800000000000001</ele>
   </trkpt>
   <trkpt lat="51.082530000000006" lon="4.37809">
    <ele>5.750000000000001</ele>
   </trkpt>
   <trkpt lat="51.08254" lon="4.37837">
    <ele>5.81</ele>
   </trkpt>
   <trkpt lat="51.0825133418061" lon="4.379366667858769">
    <ele>5.7</ele>
   </trkpt>
   <trkpt lat="51.08248667513828" lon="4.380363334568678">
    <ele>5.72</ele>
   </trkpt>
   <trkpt lat="51.082460000000005" lon="4.38136">
    <ele>5.790000000000001</ele>
   </trkpt>
   <trkpt lat="51.08238000000001" lon="4.38204">
    <ele>5.74</ele>
   </trkpt>
   <trkpt lat="51.08220000000001" lon="4.383220000000001">
    <ele>5.66</ele>
   </trkpt>
   <trkpt lat="51.08191000000001" lon="4.38433">
    <ele>5.85</ele>
   </trkpt>
   <trkpt lat="51.081720000000004" lon="4.38494">
    <ele>5.73</ele>
   </trkpt>
   <trkpt lat="51.08129" lon="4.38588">
    <ele>5.73</ele>
   </trkpt>
   <trkpt lat="51.081100000000006" lon="4.386340000000001">
    <ele>5.7</ele>
   </trkpt>
   <trkpt lat="51.08097" lon="4.38672">
    <ele>5.74</ele>
   </trkpt>
   <trkpt lat="51.08062000417234" lon="4.3877150076711064">
    <ele>5.72</ele>
   </trkpt>
   <trkpt lat="51.080270000000006" lon="4.3887100000000006">
    <ele>5.74</ele>
   </trkpt>
   <trkpt lat="51.079980000000006" lon="4.38931">
    <ele>5.840000000000001</ele>
   </trkpt>
   <trkpt lat="51.0795" lon="4.38997">
    <ele>5.83</ele>
   </trkpt>
   <trkpt lat="51.07912500286915" lon="4.390785006527671">
    <ele>5.82</ele>
   </trkpt>
   <trkpt lat="51.07875000000001" lon="4.3916">
    <ele>5.800000000000001</ele>
   </trkpt>
   <trkpt lat="51.07845000223905" lon="4.392345005149457">
    <ele>5.800000000000001</ele>
   </trkpt>
   <trkpt lat="51.07815" lon="4.39309">
    <ele>5.710000000000001</ele>
   </trkpt>
   <trkpt lat="51.077920000000006" lon="4.39377">
    <ele>5.7</ele>
   </trkpt>
   <trkpt lat="51.07782" lon="4.39402">
    <ele>5.64</ele>
   </trkpt>
   <trkpt lat="51.077470000000005" lon="4.39473">
    <ele>5.61</ele>
   </trkpt>
   <trkpt lat="51.07715" lon="4.3953500000000005">
    <ele>5.46</ele>
   </trkpt>
   <trkpt lat="51.07661" lon="4.396470000000001">
    <ele>5.7</ele>
   </trkpt>
   <trkpt lat="51.07632" lon="4.39731">
    <ele>5.57</ele>
   </trkpt>
   <trkpt lat="51.07607" lon="4.39825">
    <ele>5.580000000000001</ele>
   </trkpt>
   <trkpt lat="51.07593000000001" lon="4.39899">
    <ele>5.580000000000001</ele>
   </trkpt>
   <trkpt lat="51.075860000000006" lon="4.39949">
    <ele>5.46</ele>
   </trkpt>
   <trkpt lat="51.07585" lon="4.39987">
    <ele>5.46</ele>
   </trkpt>
   <trkpt lat="51.07587500287528" lon="4.4006899997903846">
    <ele>5.5200000000000005</ele>
   </trkpt>
   <trkpt lat="51.075900000000004" lon="4.40151">
    <ele>5.46</ele>
   </trkpt>
   <trkpt lat="51.075950000000006" lon="4.40205">
    <ele>5.5600000000000005</ele>
   </trkpt>
   <trkpt lat="51.07607" lon="4.4024600000000005">
    <ele>5.5600000000000005</ele>
   </trkpt>
   <trkpt lat="51.076370000000004" lon="4.4032100000000005">
    <ele>5.5600000000000005</ele>
   </trkpt>
   <trkpt lat="51.076550000000005" lon="4.403420000000001">
    <ele>5.580000000000001</ele>
   </trkpt>
   <trkpt lat="51.0771" lon="4.40387">
    <ele>5.5600000000000005</ele>
   </trkpt>
   <trkpt lat="51.07728" lon="4.40407">
    <ele>5.38</ele>
   </trkpt>
   <trkpt lat="51.077540000000006" lon="4.40448">
    <ele>5.33</ele>
   </trkpt>
   <trkpt lat="51.077650000000006" lon="4.40472">
    <ele>5.2700000000000005</ele>
   </trkpt>
   <trkpt lat="51.07799000000001" lon="4.40523">
    <ele>5.03</ele>
   </trkpt>
   <trkpt lat="51.078430000000004" lon="4.405620000000001">
    <ele>4.74</ele>
   </trkpt>
   <trkpt lat="51.07865" lon="4.40596">
    <ele>4.920000000000001</ele>
   </trkpt>
   <trkpt lat="51.07891000170838" lon="4.406599996308052">
    <ele>5.180000000000001</ele>
   </trkpt>
   <trkpt lat="51.079170000000005" lon="4.407240000000001">
    <ele>5.450000000000001</ele>
   </trkpt>
   <trkpt lat="51.07931000000001" lon="4.40775">
    <ele>5.48</ele>
   </trkpt>
   <trkpt lat="51.079480000000004" lon="4.408580000000001">
    <ele>5.410000000000001</ele>
   </trkpt>
   <trkpt lat="51.079550000000005" lon="4.408810000000001">
    <ele>5.010000000000001</ele>
   </trkpt>
   <trkpt lat="51.07969000000001" lon="4.40906">
    <ele>4.46</ele>
   </trkpt>
   <trkpt lat="51.07985000000001" lon="4.409280000000001">
    <ele>4.050000000000001</ele>
   </trkpt>
   <trkpt lat="51.0799" lon="4.40943">
    <ele>3.5900000000000003</ele>
   </trkpt>
   <trkpt lat="51.07992" lon="4.40977">
    <ele>3.4000000000000004</ele>
   </trkpt>
   <trkpt lat="51.0799" lon="4.41018">
    <ele>3.36</ele>
   </trkpt>
   <trkpt lat="51.080000000000005" lon="4.41078">
    <ele>4.540000000000001</ele>
   </trkpt>
   <trkpt lat="51.08012" lon="4.4110000000000005">
    <ele>4.78</ele>
   </trkpt>
   <trkpt lat="51.080130000000004" lon="4.411090000000001">
    <ele>4.94</ele>
   </trkpt>
   <trkpt lat="51.08012" lon="4.411180000000001">
    <ele>4.94</ele>
   </trkpt>
   <trkpt lat="51.08006" lon="4.41127">
    <ele>5.15</ele>
   </trkpt>
   <trkpt lat="51.079950000000004" lon="4.41136">
    <ele>5.25</ele>
   </trkpt>
   <trkpt lat="51.07992" lon="4.41141">
    <ele>5.25</ele>
   </trkpt>
   <trkpt lat="51.0799" lon="4.4115">
    <ele>5.3</ele>
   </trkpt>
   <trkpt lat="51.079890000000006" lon="4.41206">
    <ele>5.13</ele>
   </trkpt>
   <trkpt lat="51.079800000000006" lon="4.41281">
    <ele>5.12</ele>
   </trkpt>
   <trkpt lat="51.07967000000001" lon="4.413530000000001">
    <ele>5.16</ele>
   </trkpt>
   <trkpt lat="51.079660000000004" lon="4.41384">
    <ele>5.140000000000001</ele>
   </trkpt>
   <trkpt lat="51.0795" lon="4.41444">
    <ele>5.03</ele>
   </trkpt>
   <trkpt lat="51.07940000000001" lon="4.41474">
    <ele>5.010000000000001</ele>
   </trkpt>
   <trkpt lat="51.07932" lon="4.4148700000000005">
    <ele>5.0200000000000005</ele>
   </trkpt>
   <trkpt lat="51.078920000000004" lon="4.41577">
    <ele>4.7</ele>
   </trkpt>
   <trkpt lat="51.07884000000001" lon="4.415900000000001">
    <ele>4.38</ele>
   </trkpt>
   <trkpt lat="51.078790000000005" lon="4.41591">
    <ele>4.38</ele>
   </trkpt>
   <trkpt lat="51.078440001088154" lon="4.416425003959323">
    <ele>3.43</ele>
   </trkpt>
   <trkpt lat="51.07809" lon="4.41694">
    <ele>3.21</ele>
   </trkpt>
   <trkpt lat="51.07773000130066" lon="4.4174950043386225">
    <ele>4.38</ele>
   </trkpt>
   <trkpt lat="51.07737" lon="4.41805">
    <ele>5.220000000000001</ele>
   </trkpt>
   <trkpt lat="51.07734000000001" lon="4.41821">
    <ele>5.220000000000001</ele>
   </trkpt>
   <trkpt lat="51.07689500041259" lon="4.418605004023417">
    <ele>5.19</ele>
   </trkpt>
   <trkpt lat="51.07645" lon="4.4190000000000005">
    <ele>4.95</ele>
   </trkpt>
   <trkpt lat="51.07596000055622" lon="4.419400004338927">
    <ele>4.64</ele>
   </trkpt>
   <trkpt lat="51.07547" lon="4.4198">
    <ele>4.66</ele>
   </trkpt>
   <trkpt lat="51.075390000000006" lon="4.42032">
    <ele>4.55</ele>
   </trkpt>
   <trkpt lat="51.075320000000005" lon="4.42023">
    <ele>4.59</ele>
   </trkpt>
   <trkpt lat="51.07527" lon="4.4202">
    <ele>4.59</ele>
   </trkpt>
   <trkpt lat="51.075050000000005" lon="4.4202200000000005">
    <ele>4.82</ele>
   </trkpt>
   <trkpt lat="51.074980000000004" lon="4.420190000000001">
    <ele>4.86</ele>
   </trkpt>
   <trkpt lat="51.07475" lon="4.420330000000001">
    <ele>4.91</ele>
   </trkpt>
   <trkpt lat="51.07441000000001" lon="4.4206">
    <ele>4.91</ele>
   </trkpt>
   <trkpt lat="51.07421" lon="4.42095">
    <ele>5.25</ele>
   </trkpt>
   <trkpt lat="51.07405000000001" lon="4.421320000000001">
    <ele>5.25</ele>
   </trkpt>
   <trkpt lat="51.0739" lon="4.42177">
    <ele>4.96</ele>
   </trkpt>
   <trkpt lat="51.07377" lon="4.42246">
    <ele>4.760000000000001</ele>
   </trkpt>
   <trkpt lat="51.07374" lon="4.42297">
    <ele>4.750000000000001</ele>
   </trkpt>
   <trkpt lat="51.07377" lon="4.42333">
    <ele>4.710000000000001</ele>
   </trkpt>
   <trkpt lat="51.07396500476952" lon="4.424384995672121">
    <ele>5.2</ele>
   </trkpt>
   <trkpt lat="51.074160000000006" lon="4.42544">
    <ele>6.090000000000001</ele>
   </trkpt>
   <trkpt lat="51.0741" lon="4.42537">
    <ele>7.2</ele>
   </trkpt>
   <trkpt lat="51.07394000000001" lon="4.424510000000001">
    <ele>10.09</ele>
   </trkpt>
   <trkpt lat="51.073265000083595" lon="4.424409998547427">
    <ele>9.510000000000002</ele>
   </trkpt>
   <trkpt lat="51.072590000000005" lon="4.42431">
    <ele>5.87</ele>
   </trkpt>
   <trkpt lat="51.072500000000005" lon="4.424370000000001">
    <ele>5.85</ele>
   </trkpt>
   <trkpt lat="51.072970000000005" lon="4.424440000000001">
    <ele>5.750000000000001</ele>
   </trkpt>
   <trkpt lat="51.07303" lon="4.42447">
    <ele>5.750000000000001</ele>
   </trkpt>
   <trkpt lat="51.073080000000004" lon="4.42455">
    <ele>5.750000000000001</ele>
   </trkpt>
   <trkpt lat="51.07322000352719" lon="4.4254549974788855">
    <ele>5.48</ele>
   </trkpt>
   <trkpt lat="51.07336" lon="4.426360000000001">
    <ele>5.47</ele>
   </trkpt>
   <trkpt lat="51.073440000000005" lon="4.426740000000001">
    <ele>5.6000000000000005</ele>
   </trkpt>
   <trkpt lat="51.07363" lon="4.42746">
    <ele>5.59</ele>
   </trkpt>
   <trkpt lat="51.07385000000001" lon="4.428100000000001">
    <ele>5.620000000000001</ele>
   </trkpt>
   <trkpt lat="51.07428" lon="4.429180000000001">
    <ele>5.580000000000001</ele>
   </trkpt>
   <trkpt lat="51.07446" lon="4.4295100000000005">
    <ele>5.580000000000001</ele>
   </trkpt>
   <trkpt lat="51.074850000000005" lon="4.430020000000001">
    <ele>5.61</ele>
   </trkpt>
   <trkpt lat="51.07506000000001" lon="4.4302600000000005">
    <ele>5.61</ele>
   </trkpt>
   <trkpt lat="51.075590000000005" lon="4.4308000000000005">
    <ele>5.580000000000001</ele>
   </trkpt>
   <trkpt lat="51.07629000000001" lon="4.43146">
    <ele>5.57</ele>
   </trkpt>
   <trkpt lat="51.07667000000001" lon="4.43189">
    <ele>5.450000000000001</ele>
   </trkpt>
   <trkpt lat="51.07701" lon="4.432370000000001">
    <ele>5.430000000000001</ele>
   </trkpt>
   <trkpt lat="51.07714000000001" lon="4.432600000000001">
    <ele>5.430000000000001</ele>
   </trkpt>
   <trkpt lat="51.07737" lon="4.433050000000001">
    <ele>5.44</ele>
   </trkpt>
   <trkpt lat="51.077600000000004" lon="4.433590000000001">
    <ele>5.48</ele>
   </trkpt>
   <trkpt lat="51.0778" lon="4.434270000000001">
    <ele>5.450000000000001</ele>
   </trkpt>
   <trkpt lat="51.07795" lon="4.43496">
    <ele>5.5600000000000005</ele>
   </trkpt>
   <trkpt lat="51.078050000000005" lon="4.4356100000000005">
    <ele>5.49</ele>
   </trkpt>
   <trkpt lat="51.078100000000006" lon="4.436380000000001">
    <ele>5.47</ele>
   </trkpt>
   <trkpt lat="51.07809" lon="4.43714">
    <ele>5.47</ele>
   </trkpt>
   <trkpt lat="51.078030000000005" lon="4.4379100000000005">
    <ele>5.44</ele>
   </trkpt>
   <trkpt lat="51.07791" lon="4.438680000000001">
    <ele>5.390000000000001</ele>
   </trkpt>
   <trkpt lat="51.07779000000001" lon="4.439220000000001">
    <ele>5.620000000000001</ele>
   </trkpt>
   <trkpt lat="51.077600000000004" lon="4.43984">
    <ele>5.55</ele>
   </trkpt>
   <trkpt lat="51.077450000000006" lon="4.44019">
    <ele>5.5600000000000005</ele>
   </trkpt>
   <trkpt lat="51.07719" lon="4.44071">
    <ele>5.51</ele>
   </trkpt>
   <trkpt lat="51.07701" lon="4.44102">
    <ele>5.37</ele>
   </trkpt>
   <trkpt lat="51.07674" lon="4.44139">
    <ele>5.2700000000000005</ele>
   </trkpt>
   <trkpt lat="51.076240000000006" lon="4.44197">
    <ele>5.140000000000001</ele>
   </trkpt>
   <trkpt lat="51.075900000000004" lon="4.442270000000001">
    <ele>5.13</ele>
   </trkpt>
   <trkpt lat="51.075350000717464" lon="4.442670004728997">
    <ele>5.140000000000001</ele>
   </trkpt>
   <trkpt lat="51.0748" lon="4.4430700000000005">
    <ele>4.9799999999999995</ele>
   </trkpt>
   <trkpt lat="51.07424" lon="4.443440000000001">
    <ele>4.21</ele>
   </trkpt>
   <trkpt lat="51.07388" lon="4.4437500000000005">
    <ele>5.0</ele>
   </trkpt>
   <trkpt lat="51.073550000000004" lon="4.444100000000001">
    <ele>4.94</ele>
   </trkpt>
   <trkpt lat="51.072970000000005" lon="4.444640000000001">
    <ele>4.46</ele>
   </trkpt>
   <trkpt lat="51.072610000000005" lon="4.44514">
    <ele>5.0600000000000005</ele>
   </trkpt>
   <trkpt lat="51.07247" lon="4.44538">
    <ele>5.0600000000000005</ele>
   </trkpt>
   <trkpt lat="51.072070000000004" lon="4.44617">
    <ele>5.010000000000001</ele>
   </trkpt>
   <trkpt lat="51.07193" lon="4.44651">
    <ele>4.96</ele>
   </trkpt>
   <trkpt lat="51.07161000000001" lon="4.447520000000001">
    <ele>4.81</ele>
   </trkpt>
   <trkpt lat="51.07146" lon="4.44815">
    <ele>4.800000000000001</ele>
   </trkpt>
   <trkpt lat="51.07135" lon="4.44876">
    <ele>4.81</ele>
   </trkpt>
   <trkpt lat="51.07127000276712" lon="4.449565001362792">
    <ele>4.53</ele>
   </trkpt>
   <trkpt lat="51.07119" lon="4.45037">
    <ele>4.540000000000001</ele>
   </trkpt>
   <trkpt lat="51.071180000000005" lon="4.450900000000001">
    <ele>4.44</ele>
   </trkpt>
   <trkpt lat="51.07123000000001" lon="4.45187">
    <ele>4.64</ele>
   </trkpt>
   <trkpt lat="51.07128" lon="4.452500000000001">
    <ele>4.890000000000001</ele>
   </trkpt>
   <trkpt lat="51.07126" lon="4.452570000000001">
    <ele>7.840000000000002</ele>
   </trkpt>
   <trkpt lat="51.071270000000005" lon="4.452640000000001">
    <ele>7.840000000000002</ele>
   </trkpt>
   <trkpt lat="51.071310000000004" lon="4.45261">
    <ele>7.840000000000002</ele>
   </trkpt>
   <trkpt lat="51.071340000000006" lon="4.452730000000001">
    <ele>7.630000000000001</ele>
   </trkpt>
   <trkpt lat="51.07092" lon="4.45298">
    <ele>6.2</ele>
   </trkpt>
   <trkpt lat="51.070240000000005" lon="4.45356">
    <ele>3.58</ele>
   </trkpt>
   <trkpt lat="51.07032" lon="4.45363">
    <ele>3.5700000000000003</ele>
   </trkpt>
   <trkpt lat="51.070820000000005" lon="4.453270000000001">
    <ele>2.37</ele>
   </trkpt>
   <trkpt lat="51.071340000000006" lon="4.45302">
    <ele>3.68</ele>
   </trkpt>
   <trkpt lat="51.071380000000005" lon="4.45303">
    <ele>3.68</ele>
   </trkpt>
   <trkpt lat="51.07141000000001" lon="4.45309">
    <ele>3.97</ele>
   </trkpt>
   <trkpt lat="51.07150000000001" lon="4.45359">
    <ele>4.390000000000001</ele>
   </trkpt>
   <trkpt lat="51.07155" lon="4.453720000000001">
    <ele>4.5200000000000005</ele>
   </trkpt>
   <trkpt lat="51.07184" lon="4.45479">
    <ele>4.95</ele>
   </trkpt>
   <trkpt lat="51.07206000000001" lon="4.45544">
    <ele>5.08</ele>
   </trkpt>
   <trkpt lat="51.072470004547164" lon="4.45646999092915">
    <ele>5.47</ele>
   </trkpt>
   <trkpt lat="51.072880000000005" lon="4.4575000000000005">
    <ele>5.37</ele>
   </trkpt>
   <trkpt lat="51.073100000000004" lon="4.45817">
    <ele>5.37</ele>
   </trkpt>
   <trkpt lat="51.073260000000005" lon="4.458830000000001">
    <ele>5.42</ele>
   </trkpt>
   <trkpt lat="51.07340000000001" lon="4.45953">
    <ele>5.36</ele>
   </trkpt>
   <trkpt lat="51.07348" lon="4.4600800000000005">
    <ele>5.38</ele>
   </trkpt>
   <trkpt lat="51.07352" lon="4.46058">
    <ele>5.47</ele>
   </trkpt>
   <trkpt lat="51.07352" lon="4.461530000000001">
    <ele>5.48</ele>
   </trkpt>
   <trkpt lat="51.07347000000001" lon="4.4621200000000005">
    <ele>5.540000000000001</ele>
   </trkpt>
   <trkpt lat="51.073280000000004" lon="4.463240000000001">
    <ele>5.46</ele>
   </trkpt>
   <trkpt lat="51.07307000418178" lon="4.464235004710962">
    <ele>5.59</ele>
   </trkpt>
   <trkpt lat="51.072860000000006" lon="4.46523">
    <ele>5.620000000000001</ele>
   </trkpt>
   <trkpt lat="51.07271000257492" lon="4.4660100026338485">
    <ele>5.630000000000001</ele>
   </trkpt>
   <trkpt lat="51.07256" lon="4.4667900000000005">
    <ele>5.68</ele>
   </trkpt>
   <trkpt lat="51.072480000000006" lon="4.46739">
    <ele>5.710000000000001</ele>
   </trkpt>
   <trkpt lat="51.07245" lon="4.46802">
    <ele>5.68</ele>
   </trkpt>
   <trkpt lat="51.07247" lon="4.46858">
    <ele>5.59</ele>
   </trkpt>
   <trkpt lat="51.072560003964384" lon="4.469544998038393">
    <ele>5.59</ele>
   </trkpt>
   <trkpt lat="51.07265" lon="4.47051">
    <ele>5.630000000000001</ele>
   </trkpt>
   <trkpt lat="51.07273000000001" lon="4.47121">
    <ele>5.450000000000001</ele>
   </trkpt>
   <trkpt lat="51.07282000000001" lon="4.47175">
    <ele>5.53</ele>
   </trkpt>
   <trkpt lat="51.07289" lon="4.47233">
    <ele>5.670000000000001</ele>
   </trkpt>
   <trkpt lat="51.073025003082705" lon="4.473184997280329">
    <ele>5.670000000000001</ele>
   </trkpt>
   <trkpt lat="51.07316" lon="4.4740400000000005">
    <ele>5.66</ele>
   </trkpt>
   <trkpt lat="51.07348" lon="4.47529">
    <ele>5.57</ele>
   </trkpt>
   <trkpt lat="51.07374" lon="4.475980000000001">
    <ele>5.57</ele>
   </trkpt>
   <trkpt lat="51.07392" lon="4.47639">
    <ele>5.57</ele>
   </trkpt>
   <trkpt lat="51.07423000160573" lon="4.476999995949899">
    <ele>5.53</ele>
   </trkpt>
   <trkpt lat="51.074540000000006" lon="4.47761">
    <ele>5.46</ele>
   </trkpt>
   <trkpt lat="51.07491000142661" lon="4.478189995349268">
    <ele>5.47</ele>
   </trkpt>
   <trkpt lat="51.07528000000001" lon="4.478770000000001">
    <ele>5.59</ele>
   </trkpt>
   <trkpt lat="51.075950000000006" lon="4.479690000000001">
    <ele>5.540000000000001</ele>
   </trkpt>
   <trkpt lat="51.07658000000001" lon="4.48045">
    <ele>5.5600000000000005</ele>
   </trkpt>
   <trkpt lat="51.077200000000005" lon="4.481260000000001">
    <ele>5.5600000000000005</ele>
   </trkpt>
   <trkpt lat="51.07766500191708" lon="4.481939993085157">
    <ele>5.48</ele>
   </trkpt>
   <trkpt lat="51.07813" lon="4.482620000000001">
    <ele>5.34</ele>
   </trkpt>
   <trkpt lat="51.078630000000004" lon="4.48339">
    <ele>5.3500000000000005</ele>
   </trkpt>
   <trkpt lat="51.07900000171607" lon="4.484019995001154">
    <ele>5.410000000000001</ele>
   </trkpt>
   <trkpt lat="51.079370000000004" lon="4.48465">
    <ele>5.37</ele>
   </trkpt>
   <trkpt lat="51.07981" lon="4.485340000000001">
    <ele>5.36</ele>
   </trkpt>
   <trkpt lat="51.080150000956124" lon="4.485834996232632">
    <ele>5.430000000000001</ele>
   </trkpt>
   <trkpt lat="51.080490000000005" lon="4.486330000000001">
    <ele>5.51</ele>
   </trkpt>
   <trkpt lat="51.08115" lon="4.487170000000001">
    <ele>5.450000000000001</ele>
   </trkpt>
   <trkpt lat="51.08170667037575" lon="4.487829984108356">
    <ele>5.48</ele>
   </trkpt>
   <trkpt lat="51.08226333703557" lon="4.488489984099993">
    <ele>5.450000000000001</ele>
   </trkpt>
   <trkpt lat="51.082820000000005" lon="4.48915">
    <ele>5.38</ele>
   </trkpt>
   <trkpt lat="51.083130000000004" lon="4.489540000000001">
    <ele>5.620000000000001</ele>
   </trkpt>
   <trkpt lat="51.08348500113763" lon="4.490049996126735">
    <ele>5.64</ele>
   </trkpt>
   <trkpt lat="51.08384" lon="4.49056">
    <ele>5.66</ele>
   </trkpt>
   <trkpt lat="51.0844" lon="4.49159">
    <ele>5.5200000000000005</ele>
   </trkpt>
   <trkpt lat="51.08465" lon="4.4921500000000005">
    <ele>5.49</ele>
   </trkpt>
   <trkpt lat="51.0848" lon="4.492570000000001">
    <ele>5.51</ele>
   </trkpt>
   <trkpt lat="51.084970000000006" lon="4.493130000000001">
    <ele>5.430000000000001</ele>
   </trkpt>
   <trkpt lat="51.085280000000004" lon="4.494420000000001">
    <ele>5.580000000000001</ele>
   </trkpt>
   <trkpt lat="51.08543" lon="4.4952000000000005">
    <ele>6.17</ele>
   </trkpt>
   <trkpt lat="51.08567000228533" lon="4.495924996369407">
    <ele>5.99</ele>
   </trkpt>
   <trkpt lat="51.085910000000005" lon="4.496650000000001">
    <ele>5.970000000000001</ele>
   </trkpt>
   <trkpt lat="51.0861" lon="4.497120000000001">
    <ele>5.95</ele>
   </trkpt>
   <trkpt lat="51.08639" lon="4.49772">
    <ele>5.9799999999999995</ele>
   </trkpt>
   <trkpt lat="51.08664" lon="4.4981800000000005">
    <ele>5.9799999999999995</ele>
   </trkpt>
   <trkpt lat="51.08691" lon="4.49859">
    <ele>5.85</ele>
   </trkpt>
   <trkpt lat="51.087270000000004" lon="4.49908">
    <ele>5.800000000000001</ele>
   </trkpt>
   <trkpt lat="51.08762" lon="4.499490000000001">
    <ele>5.800000000000001</ele>
   </trkpt>
   <trkpt lat="51.08827500191311" lon="4.500154990609775">
    <ele>5.91</ele>
   </trkpt>
   <trkpt lat="51.088930000000005" lon="4.50082">
    <ele>5.82</ele>
   </trkpt>
   <trkpt lat="51.08952000000001" lon="4.50152">
    <ele>5.800000000000001</ele>
   </trkpt>
   <trkpt lat="51.090030000000006" lon="4.50229">
    <ele>5.78</ele>
   </trkpt>
   <trkpt lat="51.09026" lon="4.50271">
    <ele>5.710000000000001</ele>
   </trkpt>
   <trkpt lat="51.09064000260954" lon="4.503504993287577">
    <ele>5.65</ele>
   </trkpt>
   <trkpt lat="51.09102000000001" lon="4.504300000000001">
    <ele>5.620000000000001</ele>
   </trkpt>
   <trkpt lat="51.091570000000004" lon="4.505330000000001">
    <ele>5.840000000000001</ele>
   </trkpt>
   <trkpt lat="51.09208" lon="4.50614">
    <ele>5.3500000000000005</ele>
   </trkpt>
   <trkpt lat="51.09225000000001" lon="4.50637">
    <ele>4.95</ele>
   </trkpt>
   <trkpt lat="51.09293" lon="4.5071">
    <ele>4.66</ele>
   </trkpt>
   <trkpt lat="51.09322" lon="4.50736">
    <ele>4.44</ele>
   </trkpt>
   <trkpt lat="51.09337000000001" lon="4.507440000000001">
    <ele>4.430000000000001</ele>
   </trkpt>
   <trkpt lat="51.093810000000005" lon="4.5076">
    <ele>5.38</ele>
   </trkpt>
   <trkpt lat="51.09407" lon="4.50776">
    <ele>7.430000000000001</ele>
   </trkpt>
   <trkpt lat="51.094660000000005" lon="4.50793">
    <ele>5.47</ele>
   </trkpt>
   <trkpt lat="51.094730000000006" lon="4.50807">
    <ele>5.36</ele>
   </trkpt>
   <trkpt lat="51.09479" lon="4.50804">
    <ele>5.36</ele>
   </trkpt>
   <trkpt lat="51.0949" lon="4.50804">
    <ele>5.090000000000001</ele>
   </trkpt>
   <trkpt lat="51.09497" lon="4.507960000000001">
    <ele>5.090000000000001</ele>
   </trkpt>
   <trkpt lat="51.09555" lon="4.50806">
    <ele>5.2700000000000005</ele>
   </trkpt>
   <trkpt lat="51.09642" lon="4.5083">
    <ele>5.48</ele>
   </trkpt>
   <trkpt lat="51.096790000000006" lon="4.5086200000000005">
    <ele>5.4</ele>
   </trkpt>
   <trkpt lat="51.09705" lon="4.508780000000001">
    <ele>5.51</ele>
   </trkpt>
   <trkpt lat="51.097480000000004" lon="4.5091">
    <ele>5.44</ele>
   </trkpt>
   <trkpt lat="51.09774" lon="4.5094">
    <ele>5.430000000000001</ele>
   </trkpt>
   <trkpt lat="51.098110000000005" lon="4.50989">
    <ele>5.3500000000000005</ele>
   </trkpt>
   <trkpt lat="51.098440000000004" lon="4.51037">
    <ele>5.33</ele>
   </trkpt>
   <trkpt lat="51.098690000000005" lon="4.51079">
    <ele>5.390000000000001</ele>
   </trkpt>
   <trkpt lat="51.09892000000001" lon="4.51128">
    <ele>5.5</ele>
   </trkpt>
   <trkpt lat="51.099050000000005" lon="4.51161">
    <ele>5.5</ele>
   </trkpt>
   <trkpt lat="51.09928000000001" lon="4.5124">
    <ele>5.38</ele>
   </trkpt>
   <trkpt lat="51.09951500406278" lon="4.513379994880459">
    <ele>5.4</ele>
   </trkpt>
   <trkpt lat="51.09975000000001" lon="4.51436">
    <ele>5.5</ele>
   </trkpt>
   <trkpt lat="51.099900000000005" lon="4.5148600000000005">
    <ele>5.5</ele>
   </trkpt>
   <trkpt lat="51.10013000000001" lon="4.51553">
    <ele>5.620000000000001</ele>
   </trkpt>
   <trkpt lat="51.100260000000006" lon="4.515840000000001">
    <ele>5.630000000000001</ele>
   </trkpt>
   <trkpt lat="51.100660000000005" lon="4.51665">
    <ele>5.55</ele>
   </trkpt>
   <trkpt lat="51.100970000000004" lon="4.5171600000000005">
    <ele>5.49</ele>
   </trkpt>
   <trkpt lat="51.101330000000004" lon="4.51762">
    <ele>5.5200000000000005</ele>
   </trkpt>
   <trkpt lat="51.101670000000006" lon="4.518020000000001">
    <ele>5.57</ele>
   </trkpt>
   <trkpt lat="51.10244" lon="4.51874">
    <ele>5.59</ele>
   </trkpt>
   <trkpt lat="51.10276" lon="4.519">
    <ele>5.65</ele>
   </trkpt>
   <trkpt lat="51.10342000000001" lon="4.51958">
    <ele>5.6000000000000005</ele>
   </trkpt>
   <trkpt lat="51.10412" lon="4.52031">
    <ele>5.620000000000001</ele>
   </trkpt>
   <trkpt lat="51.104440000000004" lon="4.520700000000001">
    <ele>5.620000000000001</ele>
   </trkpt>
   <trkpt lat="51.10502500317501" lon="4.52156498902917">
    <ele>5.66</ele>
   </trkpt>
   <trkpt lat="51.105610000000006" lon="4.52243">
    <ele>5.4</ele>
   </trkpt>
   <trkpt lat="51.10596500130394" lon="4.522969995944489">
    <ele>5.47</ele>
   </trkpt>
   <trkpt lat="51.106320000000004" lon="4.523510000000001">
    <ele>5.4</ele>
   </trkpt>
   <trkpt lat="51.106625001244225" lon="4.524039996583131">
    <ele>5.49</ele>
   </trkpt>
   <trkpt lat="51.106930000000006" lon="4.524570000000001">
    <ele>5.5200000000000005</ele>
   </trkpt>
   <trkpt lat="51.107260000000004" lon="4.525180000000001">
    <ele>5.55</ele>
   </trkpt>
   <trkpt lat="51.10756000180716" lon="4.5258399956050175">
    <ele>5.430000000000001</ele>
   </trkpt>
   <trkpt lat="51.10786" lon="4.5265">
    <ele>5.620000000000001</ele>
   </trkpt>
   <trkpt lat="51.108135003793976" lon="4.527439994495312">
    <ele>5.55</ele>
   </trkpt>
   <trkpt lat="51.108410000000006" lon="4.52838">
    <ele>5.4</ele>
   </trkpt>
   <trkpt lat="51.108650000000004" lon="4.529100000000001">
    <ele>5.65</ele>
   </trkpt>
   <trkpt lat="51.108720000000005" lon="4.5295000000000005">
    <ele>5.64</ele>
   </trkpt>
   <trkpt lat="51.10889000618923" lon="4.530704995546911">
    <ele>5.57</ele>
   </trkpt>
   <trkpt lat="51.10906000000001" lon="4.531910000000001">
    <ele>4.79</ele>
   </trkpt>
   <trkpt lat="51.109150002624034" lon="4.532694998437758">
    <ele>4.61</ele>
   </trkpt>
   <trkpt lat="51.10924000000001" lon="4.53348">
    <ele>4.62</ele>
   </trkpt>
   <trkpt lat="51.109546696692185" lon="4.534666627296598">
    <ele>4.4</ele>
   </trkpt>
   <trkpt lat="51.10985338137474" lon="4.535853270342251">
    <ele>3.8100000000000005</ele>
   </trkpt>
   <trkpt lat="51.11016005404738" lon="4.537039929136721">
    <ele>3.98</ele>
   </trkpt>
   <trkpt lat="51.110466714709766" lon="4.538226603679775">
    <ele>4.1000000000000005</ele>
   </trkpt>
   <trkpt lat="51.110773363361666" lon="4.539413293971176">
    <ele>4.12</ele>
   </trkpt>
   <trkpt lat="51.11108" lon="4.5406">
    <ele>3.95</ele>
   </trkpt>
   <trkpt lat="51.11122" lon="4.540780000000001">
    <ele>3.8200000000000003</ele>
   </trkpt>
   <trkpt lat="51.1114" lon="4.54143">
    <ele>3.8000000000000003</ele>
   </trkpt>
   <trkpt lat="51.11148000000001" lon="4.5418">
    <ele>3.93</ele>
   </trkpt>
   <trkpt lat="51.111520000000006" lon="4.54229">
    <ele>3.93</ele>
   </trkpt>
   <trkpt lat="51.111580000000004" lon="4.54253">
    <ele>3.93</ele>
   </trkpt>
   <trkpt lat="51.111850008779676" lon="4.543543321574693">
    <ele>4.57</ele>
   </trkpt>
   <trkpt lat="51.1121200088017" lon="4.5445566549905125">
    <ele>4.5600000000000005</ele>
   </trkpt>
   <trkpt lat="51.112390000000005" lon="4.5455700000000006">
    <ele>4.260000000000001</ele>
   </trkpt>
   <trkpt lat="51.1126740203469" lon="4.54666197318084">
    <ele>4.220000000000001</ele>
   </trkpt>
   <trkpt lat="51.11295803052398" lon="4.547753959784428">
    <ele>4.410000000000001</ele>
   </trkpt>
   <trkpt lat="51.113242030530955" lon="4.5488459598105875">
    <ele>4.34</ele>
   </trkpt>
   <trkpt lat="51.11352602036764" lon="4.549937973259135">
    <ele>4.38</ele>
   </trkpt>
   <trkpt lat="51.11381" lon="4.551030000000001">
    <ele>4.36</ele>
   </trkpt>
   <trkpt lat="51.11407500579185" lon="4.552194993337309">
    <ele>4.4</ele>
   </trkpt>
   <trkpt lat="51.114340000000006" lon="4.5533600000000005">
    <ele>4.55</ele>
   </trkpt>
   <trkpt lat="51.114621702329416" lon="4.554653293906866">
    <ele>4.580000000000001</ele>
   </trkpt>
   <trkpt lat="51.114903390393586" lon="4.555946603582388">
    <ele>4.5200000000000005</ele>
   </trkpt>
   <trkpt lat="51.11518506419223" lon="4.557239929026119">
    <ele>4.46</ele>
   </trkpt>
   <trkpt lat="51.11546672372502" lon="4.558533270237611">
    <ele>4.62</ele>
   </trkpt>
   <trkpt lat="51.11574836899164" lon="4.559826627216416">
    <ele>4.62</ele>
   </trkpt>
   <trkpt lat="51.11603" lon="4.561120000000001">
    <ele>4.65</ele>
   </trkpt>
   <trkpt lat="51.11619500203491" lon="4.561819997268725">
    <ele>4.62</ele>
   </trkpt>
   <trkpt lat="51.11636000000001" lon="4.56252">
    <ele>4.36</ele>
   </trkpt>
   <trkpt lat="51.11660802155617" lon="4.5636439758993">
    <ele>4.13</ele>
   </trkpt>
   <trkpt lat="51.11685603233799" lon="4.564767963865217">
    <ele>4.07</ele>
   </trkpt>
   <trkpt lat="51.117104032345246" lon="4.565891963897463">
    <ele>4.1000000000000005</ele>
   </trkpt>
   <trkpt lat="51.11735202157774" lon="4.567015975995748">
    <ele>4.0600000000000005</ele>
   </trkpt>
   <trkpt lat="51.1176" lon="4.5681400000000005">
    <ele>3.96</ele>
   </trkpt>
   <trkpt lat="51.116890004253264" lon="4.568843354914945">
    <ele>3.12</ele>
   </trkpt>
   <trkpt lat="51.116180004287536" lon="4.569546688213882">
    <ele>3.24</ele>
   </trkpt>
   <trkpt lat="51.11547" lon="4.570250000000001">
    <ele>3.62</ele>
   </trkpt>
   <trkpt lat="51.11542000000001" lon="4.570320000000001">
    <ele>3.62</ele>
   </trkpt>
   <trkpt lat="51.11502" lon="4.5704400000000005">
    <ele>3.8000000000000003</ele>
   </trkpt>
   <trkpt lat="51.114790000000006" lon="4.570550000000001">
    <ele>4.0</ele>
   </trkpt>
   <trkpt lat="51.114720000000005" lon="4.5706500000000005">
    <ele>4.0</ele>
   </trkpt>
   <trkpt lat="51.11424" lon="4.5715200000000005">
    <ele>4.45</ele>
   </trkpt>
   <trkpt lat="51.11413" lon="4.571770000000001">
    <ele>4.69</ele>
   </trkpt>
   <trkpt lat="51.11406" lon="4.57204">
    <ele>4.750000000000001</ele>
   </trkpt>
   <trkpt lat="51.11384" lon="4.57324">
    <ele>4.7700000000000005</ele>
   </trkpt>
   <trkpt lat="51.113710000000005" lon="4.57368">
    <ele>4.79</ele>
   </trkpt>
   <trkpt lat="51.11339500147239" lon="4.574265003963587">
    <ele>4.94</ele>
   </trkpt>
   <trkpt lat="51.113080000000004" lon="4.5748500000000005">
    <ele>5.1000000000000005</ele>
   </trkpt>
   <trkpt lat="51.11307000000001" lon="4.57486">
    <ele>5.1000000000000005</ele>
   </trkpt>
   <trkpt lat="51.11298000000001" lon="4.57493">
    <ele>5.11</ele>
   </trkpt>
   <trkpt lat="51.112880000000004" lon="4.5749200000000005">
    <ele>5.010000000000001</ele>
   </trkpt>
   <trkpt lat="51.112213333910844" lon="4.574673326238023">
    <ele>4.95</ele>
   </trkpt>
   <trkpt lat="51.11154666730274" lon="4.57442665959315">
    <ele>5.0200000000000005</ele>
   </trkpt>
   <trkpt lat="51.11088" lon="4.57418">
    <ele>5.390000000000001</ele>
   </trkpt>
   <trkpt lat="51.11072000000001" lon="4.57406">
    <ele>5.33</ele>
   </trkpt>
   <trkpt lat="51.11059" lon="4.573860000000001">
    <ele>5.33</ele>
   </trkpt>
   <trkpt lat="51.11034500176593" lon="4.573219996657299">
    <ele>5.410000000000001</ele>
   </trkpt>
   <trkpt lat="51.1101" lon="4.57258">
    <ele>5.6000000000000005</ele>
   </trkpt>
   <trkpt lat="51.109970000000004" lon="4.57235">
    <ele>5.9799999999999995</ele>
   </trkpt>
   <trkpt lat="51.10987" lon="4.57228">
    <ele>5.9799999999999995</ele>
   </trkpt>
   <trkpt lat="51.109453339493705" lon="4.571433318161262">
    <ele>5.9</ele>
   </trkpt>
   <trkpt lat="51.10903667287335" lon="4.570586651588937">
    <ele>6.1000000000000005</ele>
   </trkpt>
   <trkpt lat="51.10862" lon="4.56974">
    <ele>5.95</ele>
   </trkpt>
   <trkpt lat="51.108540000000005" lon="4.569640000000001">
    <ele>5.85</ele>
   </trkpt>
   <trkpt lat="51.10800333541389" lon="4.569146655214413">
    <ele>5.2</ele>
   </trkpt>
   <trkpt lat="51.10746666875193" lon="4.56865332188559">
    <ele>4.73</ele>
   </trkpt>
   <trkpt lat="51.106930000000006" lon="4.568160000000001">
    <ele>4.64</ele>
   </trkpt>
   <trkpt lat="51.106820000000006" lon="4.56812">
    <ele>4.72</ele>
   </trkpt>
   <trkpt lat="51.106750000000005" lon="4.56815">
    <ele>4.710000000000001</ele>
   </trkpt>
   <trkpt lat="51.106680000000004" lon="4.56824">
    <ele>4.65</ele>
   </trkpt>
   <trkpt lat="51.10638000133558" lon="4.568790003486295">
    <ele>4.15</ele>
   </trkpt>
   <trkpt lat="51.106080000000006" lon="4.56934">
    <ele>3.99</ele>
   </trkpt>
   <trkpt lat="51.106" lon="4.56942">
    <ele>3.99</ele>
   </trkpt>
   <trkpt lat="51.105880000000006" lon="4.56949">
    <ele>3.85</ele>
   </trkpt>
   <trkpt lat="51.10521000000001" lon="4.569470000000001">
    <ele>3.8400000000000003</ele>
   </trkpt>
   <trkpt lat="51.104870000000005" lon="4.56939">
    <ele>3.8800000000000003</ele>
   </trkpt>
   <trkpt lat="51.10472000000001" lon="4.569310000000001">
    <ele>4.12</ele>
   </trkpt>
   <trkpt lat="51.104580000000006" lon="4.5691500000000005">
    <ele>4.12</ele>
   </trkpt>
   <trkpt lat="51.10445000000001" lon="4.5689400000000004">
    <ele>4.12</ele>
   </trkpt>
   <trkpt lat="51.10427000000001" lon="4.568490000000001">
    <ele>4.32</ele>
   </trkpt>
   <trkpt lat="51.10419" lon="4.56824">
    <ele>4.760000000000001</ele>
   </trkpt>
   <trkpt lat="51.10396000686421" lon="4.566974993924679">
    <ele>4.95</ele>
   </trkpt>
   <trkpt lat="51.103730000000006" lon="4.56571">
    <ele>5.4</ele>
   </trkpt>
   <trkpt lat="51.103480000000005" lon="4.564590000000001">
    <ele>5.430000000000001</ele>
   </trkpt>
   <trkpt lat="51.1026" lon="4.5644800000000005">
    <ele>4.87</ele>
   </trkpt>
   <trkpt lat="51.10177" lon="4.56451">
    <ele>5.03</ele>
   </trkpt>
   <trkpt lat="51.10105999999268" lon="4.564525000691319">
    <ele>4.970000000000001</ele>
   </trkpt>
   <trkpt lat="51.10034999998345" lon="4.564540000921885">
    <ele>4.880000000000001</ele>
   </trkpt>
   <trkpt lat="51.0996399999723" lon="4.564555000691724">
    <ele>4.580000000000001</ele>
   </trkpt>
   <trkpt lat="51.09893" lon="4.564570000000001">
    <ele>4.99</ele>
   </trkpt>
   <trkpt lat="51.09879" lon="4.5646">
    <ele>5.29</ele>
   </trkpt>
   <trkpt lat="51.098690000000005" lon="4.56466">
    <ele>5.7700000000000005</ele>
   </trkpt>
   <trkpt lat="51.09861" lon="4.56442">
    <ele>5.85</ele>
   </trkpt>
   <trkpt lat="51.0985" lon="4.56447">
    <ele>5.7</ele>
   </trkpt>
   <trkpt lat="51.098180000000006" lon="4.56454">
    <ele>5.29</ele>
   </trkpt>
   <trkpt lat="51.098000000000006" lon="4.564620000000001">
    <ele>5.2700000000000005</ele>
   </trkpt>
   <trkpt lat="51.09778000000001" lon="4.56475">
    <ele>5.2700000000000005</ele>
   </trkpt>
   <trkpt lat="51.097460000000005" lon="4.5650200000000005">
    <ele>5.36</ele>
   </trkpt>
   <trkpt lat="51.09725" lon="4.56527">
    <ele>5.69</ele>
   </trkpt>
   <trkpt lat="51.09711" lon="4.56554">
    <ele>5.840000000000001</ele>
   </trkpt>
   <trkpt lat="51.09693000000001" lon="4.56595">
    <ele>5.85</ele>
   </trkpt>
   <trkpt lat="51.09667" lon="4.5667100000000005">
    <ele>6.0200000000000005</ele>
   </trkpt>
   <trkpt lat="51.096250000000005" lon="4.56782">
    <ele>5.840000000000001</ele>
   </trkpt>
   <trkpt lat="51.09582" lon="4.5685400000000005">
    <ele>5.620000000000001</ele>
   </trkpt>
   <trkpt lat="51.09528000305491" lon="4.569390009968247">
    <ele>5.68</ele>
   </trkpt>
   <trkpt lat="51.09474" lon="4.57024">
    <ele>5.9</ele>
   </trkpt>
   <trkpt lat="51.094125001861" lon="4.570920009166683">
    <ele>5.9799999999999995</ele>
   </trkpt>
   <trkpt lat="51.09351" lon="4.5716">
    <ele>6.24</ele>
   </trkpt>
   <trkpt lat="51.09333" lon="4.5719">
    <ele>6.24</ele>
   </trkpt>
   <trkpt lat="51.092830000000006" lon="4.57308">
    <ele>6.15</ele>
   </trkpt>
   <trkpt lat="51.09268" lon="4.5733500000000005">
    <ele>6.17</ele>
   </trkpt>
   <trkpt lat="51.092470000000006" lon="4.57362">
    <ele>6.17</ele>
   </trkpt>
   <trkpt lat="51.092110000000005" lon="4.574000000000001">
    <ele>6.21</ele>
   </trkpt>
   <trkpt lat="51.091710000000006" lon="4.574450000000001">
    <ele>7.430000000000001</ele>
   </trkpt>
   <trkpt lat="51.09165" lon="4.5739">
    <ele>7.37</ele>
   </trkpt>
   <trkpt lat="51.09163" lon="4.57383">
    <ele>7.540000000000001</ele>
   </trkpt>
   <trkpt lat="51.09154" lon="4.573790000000001">
    <ele>7.540000000000001</ele>
   </trkpt>
   <trkpt lat="51.091280000000005" lon="4.57388">
    <ele>7.0200000000000005</ele>
   </trkpt>
   <trkpt lat="51.09104000000001" lon="4.573930000000001">
    <ele>6.86</ele>
   </trkpt>
   <trkpt lat="51.09093000000001" lon="4.57397">
    <ele>6.920000000000001</ele>
   </trkpt>
   <trkpt lat="51.09051" lon="4.57434">
    <ele>6.840000000000001</ele>
   </trkpt>
   <trkpt lat="51.09013" lon="4.574610000000001">
    <ele>6.970000000000001</ele>
   </trkpt>
   <trkpt lat="51.08946" lon="4.574990000000001">
    <ele>6.7700000000000005</ele>
   </trkpt>
   <trkpt lat="51.08932" lon="4.575030000000001">
    <ele>6.8100000000000005</ele>
   </trkpt>
   <trkpt lat="51.08894" lon="4.57497">
    <ele>7.07</ele>
   </trkpt>
   <trkpt lat="51.08872" lon="4.57502">
    <ele>7.07</ele>
   </trkpt>
   <trkpt lat="51.088350000000005" lon="4.575220000000001">
    <ele>6.91</ele>
   </trkpt>
   <trkpt lat="51.088210000000004" lon="4.57526">
    <ele>6.930000000000001</ele>
   </trkpt>
   <trkpt lat="51.08814" lon="4.57524">
    <ele>6.930000000000001</ele>
   </trkpt>
   <trkpt lat="51.087900000000005" lon="4.575010000000001">
    <ele>6.750000000000001</ele>
   </trkpt>
   <trkpt lat="51.087430000000005" lon="4.57444">
    <ele>6.920000000000001</ele>
   </trkpt>
   <trkpt lat="51.08719000000001" lon="4.57404">
    <ele>7.2700000000000005</ele>
   </trkpt>
   <trkpt lat="51.08673" lon="4.573530000000001">
    <ele>8.540000000000001</ele>
   </trkpt>
   <trkpt lat="51.08657" lon="4.57341">
    <ele>10.0</ele>
   </trkpt>
   <trkpt lat="51.086490000000005" lon="4.57333">
    <ele>10.0</ele>
   </trkpt>
   <trkpt lat="51.08654000000001" lon="4.572710000000001">
    <ele>9.64</ele>
   </trkpt>
   <trkpt lat="51.086555003772155" lon="4.571770000091285">
    <ele>9.4</ele>
   </trkpt>
   <trkpt lat="51.08657" lon="4.57083">
    <ele>9.46</ele>
   </trkpt>
   <trkpt lat="51.086650000000006" lon="4.570130000000001">
    <ele>9.9</ele>
   </trkpt>
   <trkpt lat="51.086780000000005" lon="4.56954">
    <ele>10.66</ele>
   </trkpt>
   <trkpt lat="51.086020000000005" lon="4.56913">
    <ele>10.41</ele>
   </trkpt>
   <trkpt lat="51.0859" lon="4.5690100000000005">
    <ele>10.690000000000001</ele>
   </trkpt>
   <trkpt lat="51.085355002608324" lon="4.568229990828942">
    <ele>10.75</ele>
   </trkpt>
   <trkpt lat="51.084810000000004" lon="4.56745">
    <ele>8.59</ele>
   </trkpt>
   <trkpt lat="51.084302507004764" lon="4.566709975640845">
    <ele>8.59</ele>
   </trkpt>
   <trkpt lat="51.08379500933798" lon="4.5659699675191625">
    <ele>11.48</ele>
   </trkpt>
   <trkpt lat="51.08328750699985" lon="4.565229975634452">
    <ele>11.48</ele>
   </trkpt>
   <trkpt lat="51.08278000000001" lon="4.56449">
    <ele>11.48</ele>
   </trkpt>
   <trkpt lat="51.08268" lon="4.56437">
    <ele>11.48</ele>
   </trkpt>
   <trkpt lat="51.08254" lon="4.56428">
    <ele>11.48</ele>
   </trkpt>
   <trkpt lat="51.08195999997809" lon="4.564129998088907">
    <ele>12.17</ele>
   </trkpt>
   <trkpt lat="51.08138" lon="4.563980000000001">
    <ele>12.790000000000001</ele>
   </trkpt>
   <trkpt lat="51.08071750309237" lon="4.563487478833675">
    <ele>13.200000000000001</ele>
   </trkpt>
   <trkpt lat="51.080055004115394" lon="4.562994971772988">
    <ele>13.7</ele>
   </trkpt>
   <trkpt lat="51.07939250306921" lon="4.562502478817245">
    <ele>13.920000000000002</ele>
   </trkpt>
   <trkpt lat="51.07873000000001" lon="4.562010000000001">
    <ele>14.350000000000001</ele>
   </trkpt>
   <trkpt lat="51.078590000000005" lon="4.56196">
    <ele>11.860000000000001</ele>
   </trkpt>
   <trkpt lat="51.077270000000006" lon="4.5644100000000005">
    <ele>13.81</ele>
   </trkpt>
   <trkpt lat="51.076800000000006" lon="4.565320000000001">
    <ele>13.66</ele>
   </trkpt>
   <trkpt lat="51.07672" lon="4.566190000000001">
    <ele>13.72</ele>
   </trkpt>
   <trkpt lat="51.07667000000001" lon="4.56644">
    <ele>13.72</ele>
   </trkpt>
   <trkpt lat="51.07637500488309" lon="4.567505006627461">
    <ele>14.16</ele>
   </trkpt>
   <trkpt lat="51.076080000000005" lon="4.56857">
    <ele>14.350000000000001</ele>
   </trkpt>
   <trkpt lat="51.075915005949234" lon="4.569750004137091">
    <ele>14.780000000000001</ele>
   </trkpt>
   <trkpt lat="51.075750000000006" lon="4.570930000000001">
    <ele>15.030000000000001</ele>
   </trkpt>
   <trkpt lat="51.0756450020614" lon="4.571630001779954">
    <ele>15.05</ele>
   </trkpt>
   <trkpt lat="51.075540000000004" lon="4.57233">
    <ele>15.1</ele>
   </trkpt>
   <trkpt lat="51.075520000000004" lon="4.57282">
    <ele>15.150000000000002</ele>
   </trkpt>
   <trkpt lat="51.075550003848925" lon="4.5737699993604455">
    <ele>14.910000000000002</ele>
   </trkpt>
   <trkpt lat="51.07558" lon="4.57472">
    <ele>15.14</ele>
   </trkpt>
   <trkpt lat="51.0748200010526" lon="4.575230008414454">
    <ele>14.090000000000002</ele>
   </trkpt>
   <trkpt lat="51.07406" lon="4.575740000000001">
    <ele>14.58</ele>
   </trkpt>
   <trkpt lat="51.073780000000006" lon="4.5753200000000005">
    <ele>14.32</ele>
   </trkpt>
   <trkpt lat="51.073280000000004" lon="4.57479">
    <ele>14.51</ele>
   </trkpt>
   <trkpt lat="51.0728200005484" lon="4.57444499660115">
    <ele>14.450000000000001</ele>
   </trkpt>
   <trkpt lat="51.07236" lon="4.5741000000000005">
    <ele>14.67</ele>
   </trkpt>
   <trkpt lat="51.072070000000004" lon="4.57383">
    <ele>15.110000000000001</ele>
   </trkpt>
   <trkpt lat="51.07202" lon="4.57392">
    <ele>15.14</ele>
   </trkpt>
   <trkpt lat="51.07191" lon="4.57402">
    <ele>15.170000000000002</ele>
   </trkpt>
   <trkpt lat="51.07145500038206" lon="4.57426000228768">
    <ele>15.520000000000001</ele>
   </trkpt>
   <trkpt lat="51.071000000000005" lon="4.5745000000000005">
    <ele>15.940000000000003</ele>
   </trkpt>
   <trkpt lat="51.07048000077317" lon="4.5749150046321265">
    <ele>16.66</ele>
   </trkpt>
   <trkpt lat="51.06996" lon="4.57533">
    <ele>16.990000000000002</ele>
   </trkpt>
   <trkpt lat="51.06942500078497" lon="4.575785005343045">
    <ele>17.17</ele>
   </trkpt>
   <trkpt lat="51.06889" lon="4.57624">
    <ele>17.6</ele>
   </trkpt>
   <trkpt lat="51.068470000000005" lon="4.57653">
    <ele>17.59</ele>
   </trkpt>
   <trkpt lat="51.068090000000005" lon="4.576700000000001">
    <ele>17.63</ele>
   </trkpt>
   <trkpt lat="51.06772" lon="4.5768200000000006">
    <ele>17.57</ele>
   </trkpt>
   <trkpt lat="51.066880000000005" lon="4.577">
    <ele>17.71</ele>
   </trkpt>
   <trkpt lat="51.06667" lon="4.5770800000000005">
    <ele>17.8</ele>
   </trkpt>
   <trkpt lat="51.066500000000005" lon="4.5772200000000005">
    <ele>18.1</ele>
   </trkpt>
   <trkpt lat="51.066390000000006" lon="4.57734">
    <ele>18.1</ele>
   </trkpt>
   <trkpt lat="51.066100000000006" lon="4.57774">
    <ele>18.580000000000002</ele>
   </trkpt>
   <trkpt lat="51.06555" lon="4.578620000000001">
    <ele>19.03</ele>
   </trkpt>
   <trkpt lat="51.06508500225895" lon="4.579325006871804">
    <ele>19.35</ele>
   </trkpt>
   <trkpt lat="51.064620000000005" lon="4.580030000000001">
    <ele>20.220000000000002</ele>
   </trkpt>
   <trkpt lat="51.06418000000001" lon="4.580430000000001">
    <ele>20.810000000000002</ele>
   </trkpt>
   <trkpt lat="51.063990000000004" lon="4.58056">
    <ele>21.080000000000002</ele>
   </trkpt>
   <trkpt lat="51.063770000000005" lon="4.58063">
    <ele>21.220000000000002</ele>
   </trkpt>
   <trkpt lat="51.063480000000006" lon="4.5806700000000005">
    <ele>21.39</ele>
   </trkpt>
   <trkpt lat="51.063210000000005" lon="4.5806700000000005">
    <ele>21.560000000000002</ele>
   </trkpt>
   <trkpt lat="51.06307" lon="4.580710000000001">
    <ele>21.62</ele>
   </trkpt>
   <trkpt lat="51.06246" lon="4.580970000000001">
    <ele>21.43</ele>
   </trkpt>
   <trkpt lat="51.06215" lon="4.57957">
    <ele>20.91</ele>
   </trkpt>
   <trkpt lat="51.06203000000001" lon="4.57917">
    <ele>20.57</ele>
   </trkpt>
   <trkpt lat="51.061910000000005" lon="4.57894">
    <ele>20.310000000000002</ele>
   </trkpt>
   <trkpt lat="51.061690000000006" lon="4.57871">
    <ele>19.82</ele>
   </trkpt>
   <trkpt lat="51.06134" lon="4.578410000000001">
    <ele>18.740000000000002</ele>
   </trkpt>
   <trkpt lat="51.06072" lon="4.57779">
    <ele>17.52</ele>
   </trkpt>
   <trkpt lat="51.06017500124842" lon="4.5772699939692565">
    <ele>16.470000000000002</ele>
   </trkpt>
   <trkpt lat="51.059630000000006" lon="4.5767500000000005">
    <ele>15.540000000000001</ele>
   </trkpt>
   <trkpt lat="51.05955" lon="4.576630000000001">
    <ele>15.540000000000001</ele>
   </trkpt>
   <trkpt lat="51.05928" lon="4.57636">
    <ele>15.170000000000002</ele>
   </trkpt>
   <trkpt lat="51.05917" lon="4.57626">
    <ele>14.74</ele>
   </trkpt>
   <trkpt lat="51.059070000000006" lon="4.5762">
    <ele>14.74</ele>
   </trkpt>
   <trkpt lat="51.0583900037123" lon="4.575543314076901">
    <ele>13.81</ele>
   </trkpt>
   <trkpt lat="51.05771000374531" lon="4.574886647442475">
    <ele>12.39</ele>
   </trkpt>
   <trkpt lat="51.057030000000005" lon="4.57423">
    <ele>11.680000000000001</ele>
   </trkpt>
   <trkpt lat="51.056470000000004" lon="4.573740000000001">
    <ele>10.910000000000002</ele>
   </trkpt>
   <trkpt lat="51.05589000102201" lon="4.573254993940479">
    <ele>10.55</ele>
   </trkpt>
   <trkpt lat="51.055310000000006" lon="4.57277">
    <ele>10.620000000000001</ele>
   </trkpt>
   <trkpt lat="51.055200000000006" lon="4.572640000000001">
    <ele>10.700000000000001</ele>
   </trkpt>
   <trkpt lat="51.055130000000005" lon="4.572500000000001">
    <ele>10.860000000000001</ele>
   </trkpt>
   <trkpt lat="51.05505" lon="4.5723400000000005">
    <ele>10.910000000000002</ele>
   </trkpt>
   <trkpt lat="51.05498000000001" lon="4.57214">
    <ele>10.910000000000002</ele>
   </trkpt>
   <trkpt lat="51.054930000000006" lon="4.57186">
    <ele>10.85</ele>
   </trkpt>
   <trkpt lat="51.05492" lon="4.57164">
    <ele>10.85</ele>
   </trkpt>
   <trkpt lat="51.05494" lon="4.57131">
    <ele>10.610000000000001</ele>
   </trkpt>
   <trkpt lat="51.054970000000004" lon="4.57115">
    <ele>10.610000000000001</ele>
   </trkpt>
   <trkpt lat="51.0550975197536" lon="4.5699075103122695">
    <ele>10.610000000000001</ele>
   </trkpt>
   <trkpt lat="51.0552250263349" lon="4.568665013781621">
    <ele>11.99</ele>
   </trkpt>
   <trkpt lat="51.05535251974378" lon="4.5674225104086945">
    <ele>11.99</ele>
   </trkpt>
   <trkpt lat="51.05548" lon="4.56618">
    <ele>11.99</ele>
   </trkpt>
   <trkpt lat="51.05523" lon="4.56592">
    <ele>12.14</ele>
   </trkpt>
   <trkpt lat="51.05514" lon="4.56587">
    <ele>12.14</ele>
   </trkpt>
   <trkpt lat="51.054670000123956" lon="4.565749998798001">
    <ele>11.860000000000001</ele>
   </trkpt>
   <trkpt lat="51.0542" lon="4.5656300000000005">
    <ele>11.860000000000001</ele>
   </trkpt>
   <trkpt lat="51.053470000000004" lon="4.56541">
    <ele>11.860000000000001</ele>
   </trkpt>
   <trkpt lat="51.0527400000297" lon="4.565259997621877">
    <ele>10.900000000000002</ele>
   </trkpt>
   <trkpt lat="51.05201" lon="4.565110000000001">
    <ele>9.4</ele>
   </trkpt>
   <trkpt lat="51.05124400061675" lon="4.564915987158756">
    <ele>8.66</ele>
   </trkpt>
   <trkpt lat="51.050478000912335" lon="4.564721980735283">
    <ele>8.200000000000001</ele>
   </trkpt>
   <trkpt lat="51.049712000886764" lon="4.564527980729198">
    <ele>7.94</ele>
   </trkpt>
   <trkpt lat="51.04894600054005" lon="4.564333987140114">
    <ele>7.5600000000000005</ele>
   </trkpt>
   <trkpt lat="51.04818" lon="4.56414">
    <ele>7.36</ele>
   </trkpt>
   <trkpt lat="51.04798" lon="4.564010000000001">
    <ele>7.34</ele>
   </trkpt>
   <trkpt lat="51.047830000000005" lon="4.56383">
    <ele>7.2</ele>
   </trkpt>
   <trkpt lat="51.047670000000004" lon="4.5635900000000005">
    <ele>7.2</ele>
   </trkpt>
   <trkpt lat="51.0476" lon="4.5634500000000005">
    <ele>7.11</ele>
   </trkpt>
   <trkpt lat="51.04751" lon="4.5631900000000005">
    <ele>7.11</ele>
   </trkpt>
   <trkpt lat="51.047430000000006" lon="4.56277">
    <ele>6.91</ele>
   </trkpt>
   <trkpt lat="51.047410000000006" lon="4.5625800000000005">
    <ele>6.87</ele>
   </trkpt>
   <trkpt lat="51.047380000000004" lon="4.561310000000001">
    <ele>6.78</ele>
   </trkpt>
   <trkpt lat="51.04732500349081" lon="4.56040499886711">
    <ele>6.710000000000001</ele>
   </trkpt>
   <trkpt lat="51.047270000000005" lon="4.559500000000001">
    <ele>6.960000000000001</ele>
   </trkpt>
   <trkpt lat="51.04722" lon="4.55905">
    <ele>7.03</ele>
   </trkpt>
   <trkpt lat="51.047160000000005" lon="4.558750000000001">
    <ele>7.0600000000000005</ele>
   </trkpt>
   <trkpt lat="51.04706" lon="4.55839">
    <ele>7.2</ele>
   </trkpt>
   <trkpt lat="51.04695" lon="4.55811">
    <ele>7.25</ele>
   </trkpt>
   <trkpt lat="51.046780000000005" lon="4.557790000000001">
    <ele>7.300000000000001</ele>
   </trkpt>
   <trkpt lat="51.04628" lon="4.5570200000000005">
    <ele>7.220000000000001</ele>
   </trkpt>
   <trkpt lat="51.045820000000006" lon="4.55639">
    <ele>7.5200000000000005</ele>
   </trkpt>
   <trkpt lat="51.04556" lon="4.556150000000001">
    <ele>7.51</ele>
   </trkpt>
   <trkpt lat="51.04531" lon="4.555980000000001">
    <ele>7.580000000000001</ele>
   </trkpt>
   <trkpt lat="51.045010000000005" lon="4.55586">
    <ele>7.57</ele>
   </trkpt>
   <trkpt lat="51.044520000077995" lon="4.55570999840782">
    <ele>7.38</ele>
   </trkpt>
   <trkpt lat="51.04403000000001" lon="4.555560000000001">
    <ele>7.33</ele>
   </trkpt>
   <trkpt lat="51.04379" lon="4.55543">
    <ele>7.25</ele>
   </trkpt>
   <trkpt lat="51.04320750418411" lon="4.554857478393286">
    <ele>6.91</ele>
   </trkpt>
   <trkpt lat="51.04262500557125" lon="4.554284971184108">
    <ele>6.620000000000001</ele>
   </trkpt>
   <trkpt lat="51.042042504161586" lon="4.553712478371874">
    <ele>6.4</ele>
   </trkpt>
   <trkpt lat="51.04146" lon="4.55314">
    <ele>6.36</ele>
   </trkpt>
   <trkpt lat="51.041140000000006" lon="4.5528900000000005">
    <ele>6.17</ele>
   </trkpt>
   <trkpt lat="51.04045000086241" lon="4.552627488264323">
    <ele>6.15</ele>
   </trkpt>
   <trkpt lat="51.039760001136784" lon="4.552364984347736">
    <ele>6.16</ele>
   </trkpt>
   <trkpt lat="51.03907000082314" lon="4.552102488249818">
    <ele>6.140000000000001</ele>
   </trkpt>
   <trkpt lat="51.038380000000004" lon="4.55184">
    <ele>6.140000000000001</ele>
   </trkpt>
   <trkpt lat="51.038120000000006" lon="4.55178">
    <ele>6.180000000000001</ele>
   </trkpt>
   <trkpt lat="51.03773" lon="4.55178">
    <ele>5.920000000000001</ele>
   </trkpt>
   <trkpt lat="51.03685000015467" lon="4.551820000752945">
    <ele>6.32</ele>
   </trkpt>
   <trkpt lat="51.035970000000006" lon="4.5518600000000005">
    <ele>6.59</ele>
   </trkpt>
   <trkpt lat="51.036005004877374" lon="4.550790001044294">
    <ele>5.140000000000001</ele>
   </trkpt>
   <trkpt lat="51.03604000000001" lon="4.549720000000001">
    <ele>5.3100000000000005</ele>
   </trkpt>
   <trkpt lat="51.03596500484642" lon="4.548654998373519">
    <ele>5.91</ele>
   </trkpt>
   <trkpt lat="51.03589" lon="4.5475900000000005">
    <ele>6.25</ele>
   </trkpt>
   <trkpt lat="51.035710005739524" lon="4.546429995481527">
    <ele>6.16</ele>
   </trkpt>
   <trkpt lat="51.03553" lon="4.54527">
    <ele>6.280000000000001</ele>
   </trkpt>
   <trkpt lat="51.03539000766141" lon="4.543929995950085">
    <ele>6.34</ele>
   </trkpt>
   <trkpt lat="51.035250000000005" lon="4.542590000000001">
    <ele>6.29</ele>
   </trkpt>
   <trkpt lat="51.03510000000001" lon="4.541810000000001">
    <ele>6.280000000000001</ele>
   </trkpt>
   <trkpt lat="51.034865003581615" lon="4.540889995217511">
    <ele>6.3100000000000005</ele>
   </trkpt>
   <trkpt lat="51.03463000000001" lon="4.53997">
    <ele>6.48</ele>
   </trkpt>
   <trkpt lat="51.03447500225442" lon="4.539239997466886">
    <ele>6.3100000000000005</ele>
   </trkpt>
   <trkpt lat="51.03432" lon="4.5385100000000005">
    <ele>5.99</ele>
   </trkpt>
   <trkpt lat="51.03418000374252" lon="4.537574997257469">
    <ele>5.99</ele>
   </trkpt>
   <trkpt lat="51.034040000000005" lon="4.53664">
    <ele>6.090000000000001</ele>
   </trkpt>
   <trkpt lat="51.03326333478376" lon="4.537050013734273">
    <ele>5.82</ele>
   </trkpt>
   <trkpt lat="51.03248666813293" lon="4.537460013725624">
    <ele>6.48</ele>
   </trkpt>
   <trkpt lat="51.031710000000004" lon="4.537870000000001">
    <ele>6.670000000000001</ele>
   </trkpt>
   <trkpt lat="51.03123000040768" lon="4.538130002628235">
    <ele>6.710000000000001</ele>
   </trkpt>
   <trkpt lat="51.030750000000005" lon="4.538390000000001">
    <ele>6.68</ele>
   </trkpt>
   <trkpt lat="51.02998" lon="4.5387900000000005">
    <ele>6.470000000000001</ele>
   </trkpt>
   <trkpt lat="51.029860000000006" lon="4.538930000000001">
    <ele>6.430000000000001</ele>
   </trkpt>
   <trkpt lat="51.02934500307891" lon="4.5380749904326425">
    <ele>5.82</ele>
   </trkpt>
   <trkpt lat="51.028830000000006" lon="4.5372200000000005">
    <ele>6.0200000000000005</ele>
   </trkpt>
   <trkpt lat="51.02866" lon="4.5368900000000005">
    <ele>5.9799999999999995</ele>
   </trkpt>
   <trkpt lat="51.028470000000006" lon="4.536390000000001">
    <ele>5.800000000000001</ele>
   </trkpt>
   <trkpt lat="51.027930000000005" lon="4.53531">
    <ele>5.65</ele>
   </trkpt>
   <trkpt lat="51.02765" lon="4.534870000000001">
    <ele>5.51</ele>
   </trkpt>
   <trkpt lat="51.027530000000006" lon="4.53479">
    <ele>5.29</ele>
   </trkpt>
   <trkpt lat="51.026680000000006" lon="4.534680000000001">
    <ele>6.960000000000001</ele>
   </trkpt>
   <trkpt lat="51.0266" lon="4.534610000000001">
    <ele>7.0600000000000005</ele>
   </trkpt>
   <trkpt lat="51.02655000000001" lon="4.534610000000001">
    <ele>7.0600000000000005</ele>
   </trkpt>
   <trkpt lat="51.026450000000004" lon="4.534800000000001">
    <ele>7.050000000000001</ele>
   </trkpt>
   <trkpt lat="51.02642" lon="4.5347800000000005">
    <ele>6.790000000000001</ele>
   </trkpt>
   <trkpt lat="51.02638" lon="4.53479">
    <ele>6.790000000000001</ele>
   </trkpt>
   <trkpt lat="51.02628000000001" lon="4.534890000000001">
    <ele>6.69</ele>
   </trkpt>
   <trkpt lat="51.025830005306325" lon="4.533769989011789">
    <ele>5.970000000000001</ele>
   </trkpt>
   <trkpt lat="51.025380000000006" lon="4.53265">
    <ele>6.2700000000000005</ele>
   </trkpt>
   <trkpt lat="51.02519" lon="4.53225">
    <ele>6.260000000000001</ele>
   </trkpt>
   <trkpt lat="51.02492" lon="4.53192">
    <ele>6.2</ele>
   </trkpt>
   <trkpt lat="51.02438" lon="4.53141">
    <ele>6.260000000000001</ele>
   </trkpt>
   <trkpt lat="51.02418" lon="4.5311900000000005">
    <ele>6.12</ele>
   </trkpt>
   <trkpt lat="51.023880000000005" lon="4.53073">
    <ele>5.61</ele>
   </trkpt>
   <trkpt lat="51.02376" lon="4.53063">
    <ele>5.61</ele>
   </trkpt>
   <trkpt lat="51.02365" lon="4.53059">
    <ele>5.260000000000001</ele>
   </trkpt>
   <trkpt lat="51.0234" lon="4.53057">
    <ele>5.090000000000001</ele>
   </trkpt>
   <trkpt lat="51.02311" lon="4.5305800000000005">
    <ele>5.010000000000001</ele>
   </trkpt>
   <trkpt lat="51.02282" lon="4.53056">
    <ele>4.880000000000001</ele>
   </trkpt>
   <trkpt lat="51.02268" lon="4.53047">
    <ele>4.880000000000001</ele>
   </trkpt>
   <trkpt lat="51.022580000000005" lon="4.530340000000001">
    <ele>4.82</ele>
   </trkpt>
   <trkpt lat="51.02246" lon="4.5301100000000005">
    <ele>4.630000000000001</ele>
   </trkpt>
   <trkpt lat="51.02206500334739" lon="4.529239992846272">
    <ele>4.28</ele>
   </trkpt>
   <trkpt lat="51.02167000000001" lon="4.528370000000001">
    <ele>4.3100000000000005</ele>
   </trkpt>
   <trkpt lat="51.021300000000004" lon="4.527780000000001">
    <ele>4.66</ele>
   </trkpt>
   <trkpt lat="51.02097000095163" lon="4.52728999640391">
    <ele>4.34</ele>
   </trkpt>
   <trkpt lat="51.02064000000001" lon="4.526800000000001">
    <ele>4.65</ele>
   </trkpt>
   <trkpt lat="51.02049" lon="4.52665">
    <ele>4.800000000000001</ele>
   </trkpt>
   <trkpt lat="51.0204" lon="4.52664">
    <ele>4.800000000000001</ele>
   </trkpt>
   <trkpt lat="51.02031" lon="4.526660000000001">
    <ele>4.800000000000001</ele>
   </trkpt>
   <trkpt lat="51.01980000037506" lon="4.526970003431237">
    <ele>4.540000000000001</ele>
   </trkpt>
   <trkpt lat="51.019290000000005" lon="4.52728">
    <ele>5.2700000000000005</ele>
   </trkpt>
   <trkpt lat="51.018566668374476" lon="4.527736680960446">
    <ele>4.95</ele>
   </trkpt>
   <trkpt lat="51.01784333496904" lon="4.528193347672362">
    <ele>4.9</ele>
   </trkpt>
   <trkpt lat="51.017120000000006" lon="4.528650000000001">
    <ele>4.260000000000001</ele>
   </trkpt>
   <trkpt lat="51.01686" lon="4.52885">
    <ele>4.3500000000000005</ele>
   </trkpt>
   <trkpt lat="51.01621" lon="4.52925">
    <ele>4.9</ele>
   </trkpt>
   <trkpt lat="51.01612" lon="4.52937">
    <ele>4.9</ele>
   </trkpt>
   <trkpt lat="51.015370001689995" lon="4.528734989703689">
    <ele>4.880000000000001</ele>
   </trkpt>
   <trkpt lat="51.01462" lon="4.5281">
    <ele>4.87</ele>
   </trkpt>
   <trkpt lat="51.01462" lon="4.528110000000001">
    <ele>5.930000000000001</ele>
   </trkpt>
   <trkpt lat="51.01387400669282" lon="4.527483959722555">
    <ele>5.930000000000001</ele>
   </trkpt>
   <trkpt lat="51.013128010040646" lon="4.526857939586264">
    <ele>5.930000000000001</ele>
   </trkpt>
   <trkpt lat="51.012382010043616" lon="4.526231939590034">
    <ele>4.260000000000001</ele>
   </trkpt>
   <trkpt lat="51.011636006702" lon="4.525605959732774">
    <ele>4.260000000000001</ele>
   </trkpt>
   <trkpt lat="51.01089" lon="4.52498">
    <ele>4.260000000000001</ele>
   </trkpt>
   <trkpt lat="51.01090000000001" lon="4.52498">
    <ele>4.260000000000001</ele>
   </trkpt>
   <trkpt lat="51.01068" lon="4.524730000000001">
    <ele>4.970000000000001</ele>
   </trkpt>
   <trkpt lat="51.01073" lon="4.52461">
    <ele>4.99</ele>
   </trkpt>
   <trkpt lat="51.01091500280775" lon="4.523795003369516">
    <ele>4.800000000000001</ele>
   </trkpt>
   <trkpt lat="51.011100000000006" lon="4.5229800000000004">
    <ele>4.78</ele>
   </trkpt>
   <trkpt lat="51.01136" lon="4.5221">
    <ele>4.9</ele>
   </trkpt>
   <trkpt lat="51.01164000000001" lon="4.52149">
    <ele>6.16</ele>
   </trkpt>
   <trkpt lat="51.011630000000004" lon="4.521330000000001">
    <ele>6.300000000000001</ele>
   </trkpt>
   <trkpt lat="51.01109" lon="4.52047">
    <ele>6.53</ele>
   </trkpt>
   <trkpt lat="51.01091" lon="4.52026">
    <ele>6.23</ele>
   </trkpt>
   <trkpt lat="51.010350000751835" lon="4.5198449950017086">
    <ele>6.65</ele>
   </trkpt>
   <trkpt lat="51.00979" lon="4.519430000000001">
    <ele>8.270000000000001</ele>
   </trkpt>
   <trkpt lat="51.00817000000001" lon="4.52268">
    <ele>7.21</ele>
   </trkpt>
   <trkpt lat="51.00774500234482" lon="4.523415006666548">
    <ele>6.61</ele>
   </trkpt>
   <trkpt lat="51.00732000000001" lon="4.524150000000001">
    <ele>5.450000000000001</ele>
   </trkpt>
   <trkpt lat="51.006990002731825" lon="4.524965006052295">
    <ele>4.72</ele>
   </trkpt>
   <trkpt lat="51.006660000000004" lon="4.52578">
    <ele>4.6000000000000005</ele>
   </trkpt>
   <trkpt lat="51.00643" lon="4.52622">
    <ele>4.6000000000000005</ele>
   </trkpt>
   <trkpt lat="51.0061" lon="4.526730000000001">
    <ele>4.68</ele>
   </trkpt>
   <trkpt lat="51.005900000000004" lon="4.52698">
    <ele>4.62</ele>
   </trkpt>
   <trkpt lat="51.005660000000006" lon="4.52724">
    <ele>4.410000000000001</ele>
   </trkpt>
   <trkpt lat="51.00491" lon="4.527810000000001">
    <ele>4.12</ele>
   </trkpt>
   <trkpt lat="51.004580000000004" lon="4.52798">
    <ele>4.19</ele>
   </trkpt>
   <trkpt lat="51.004400000000004" lon="4.5281">
    <ele>4.19</ele>
   </trkpt>
   <trkpt lat="51.00367000000001" lon="4.52878">
    <ele>4.390000000000001</ele>
   </trkpt>
   <trkpt lat="51.00307" lon="4.52941">
    <ele>4.55</ele>
   </trkpt>
   <trkpt lat="51.002700000000004" lon="4.530080000000001">
    <ele>4.44</ele>
   </trkpt>
   <trkpt lat="51.00247" lon="4.53038">
    <ele>4.710000000000001</ele>
   </trkpt>
   <trkpt lat="51.00231" lon="4.53063">
    <ele>4.760000000000001</ele>
   </trkpt>
   <trkpt lat="51.002230000000004" lon="4.5307200000000005">
    <ele>4.760000000000001</ele>
   </trkpt>
   <trkpt lat="51.00159000000001" lon="4.5310500000000005">
    <ele>5.08</ele>
   </trkpt>
   <trkpt lat="51.00150000000001" lon="4.531070000000001">
    <ele>5.08</ele>
   </trkpt>
   <trkpt lat="51.001380000000005" lon="4.53143">
    <ele>5.08</ele>
   </trkpt>
   <trkpt lat="51.001340000000006" lon="4.531680000000001">
    <ele>5.04</ele>
   </trkpt>
   <trkpt lat="51.00133" lon="4.531980000000001">
    <ele>5.0600000000000005</ele>
   </trkpt>
   <trkpt lat="51.001340000000006" lon="4.53233">
    <ele>5.140000000000001</ele>
   </trkpt>
   <trkpt lat="51.00132000000001" lon="4.532660000000001">
    <ele>5.36</ele>
   </trkpt>
   <trkpt lat="51.00112000000001" lon="4.533390000000001">
    <ele>5.6000000000000005</ele>
   </trkpt>
   <trkpt lat="51.000960000000006" lon="4.53385">
    <ele>5.7700000000000005</ele>
   </trkpt>
   <trkpt lat="51.000560008983264" lon="4.534876684405156">
    <ele>6.2</ele>
   </trkpt>
   <trkpt lat="51.00016000896913" lon="4.53590335110779">
    <ele>6.48</ele>
   </trkpt>
   <trkpt lat="50.99976" lon="4.536930000000001">
    <ele>6.5200000000000005</ele>
   </trkpt>
   <trkpt lat="50.99962000000001" lon="4.537330000000001">
    <ele>6.66</ele>
   </trkpt>
   <trkpt lat="50.99958" lon="4.53746">
    <ele>6.66</ele>
   </trkpt>
   <trkpt lat="50.999390000000005" lon="4.53798">
    <ele>6.580000000000001</ele>
   </trkpt>
   <trkpt lat="50.99915000000001" lon="4.53838">
    <ele>6.580000000000001</ele>
   </trkpt>
   <trkpt lat="50.99904" lon="4.5385">
    <ele>6.55</ele>
   </trkpt>
   <trkpt lat="50.99860000051472" lon="4.538870003567167">
    <ele>6.66</ele>
   </trkpt>
   <trkpt lat="50.998160000000006" lon="4.53924">
    <ele>6.580000000000001</ele>
   </trkpt>
   <trkpt lat="50.99801" lon="4.53925">
    <ele>6.670000000000001</ele>
   </trkpt>
   <trkpt lat="50.99792000000001" lon="4.539980000000001">
    <ele>6.0200000000000005</ele>
   </trkpt>
   <trkpt lat="50.99774000000001" lon="4.5408800000000005">
    <ele>6.19</ele>
   </trkpt>
   <trkpt lat="50.997500007968796" lon="4.542245006966572">
    <ele>6.21</ele>
   </trkpt>
   <trkpt lat="50.997260000000004" lon="4.54361">
    <ele>6.66</ele>
   </trkpt>
   <trkpt lat="50.99716500217105" lon="4.5443250015459284">
    <ele>6.86</ele>
   </trkpt>
   <trkpt lat="50.99707" lon="4.54504">
    <ele>7.11</ele>
   </trkpt>
   <trkpt lat="50.996990000000004" lon="4.54591">
    <ele>7.4</ele>
   </trkpt>
   <trkpt lat="50.99692" lon="4.54704">
    <ele>7.74</ele>
   </trkpt>
   <trkpt lat="50.99685" lon="4.5479400000000005">
    <ele>7.94</ele>
   </trkpt>
   <trkpt lat="50.996790000000004" lon="4.548310000000001">
    <ele>8.049999999999999</ele>
   </trkpt>
   <trkpt lat="50.996700000000004" lon="4.548690000000001">
    <ele>8.17</ele>
   </trkpt>
   <trkpt lat="50.996480000000005" lon="4.549320000000001">
    <ele>8.43</ele>
   </trkpt>
   <trkpt lat="50.996340000000004" lon="4.54961">
    <ele>8.43</ele>
   </trkpt>
   <trkpt lat="50.99616" lon="4.549930000000001">
    <ele>8.49</ele>
   </trkpt>
   <trkpt lat="50.99556667140208" lon="4.550673352318471">
    <ele>8.76</ele>
   </trkpt>
   <trkpt lat="50.99497333808742" lon="4.551416685628103">
    <ele>9.170000000000002</ele>
   </trkpt>
   <trkpt lat="50.99438000000001" lon="4.552160000000001">
    <ele>9.520000000000001</ele>
   </trkpt>
   <trkpt lat="50.99399500116563" lon="4.552675004227566">
    <ele>9.520000000000001</ele>
   </trkpt>
   <trkpt lat="50.993610000000004" lon="4.553190000000001">
    <ele>9.62</ele>
   </trkpt>
   <trkpt lat="50.9933450013016" lon="4.553770003605681">
    <ele>9.760000000000002</ele>
   </trkpt>
   <trkpt lat="50.993080000000006" lon="4.55435">
    <ele>9.940000000000001</ele>
   </trkpt>
   <trkpt lat="50.99278" lon="4.5545800000000005">
    <ele>9.99</ele>
   </trkpt>
   <trkpt lat="50.992650000000005" lon="4.554670000000001">
    <ele>10.06</ele>
   </trkpt>
   <trkpt lat="50.99259000000001" lon="4.554740000000001">
    <ele>10.08</ele>
   </trkpt>
   <trkpt lat="50.99257000000001" lon="4.554810000000001">
    <ele>10.08</ele>
   </trkpt>
   <trkpt lat="50.99255" lon="4.55513">
    <ele>9.99</ele>
   </trkpt>
   <trkpt lat="50.99248000000001" lon="4.55524">
    <ele>9.99</ele>
   </trkpt>
   <trkpt lat="50.9924" lon="4.555300000000001">
    <ele>10.09</ele>
   </trkpt>
   <trkpt lat="50.99230000000001" lon="4.55534">
    <ele>10.09</ele>
   </trkpt>
   <trkpt lat="50.992050000000006" lon="4.55558">
    <ele>10.030000000000001</ele>
   </trkpt>
   <trkpt lat="50.991420000000005" lon="4.556310000000001">
    <ele>9.65</ele>
   </trkpt>
   <trkpt lat="50.99082000000001" lon="4.5567">
    <ele>9.200000000000001</ele>
   </trkpt>
   <trkpt lat="50.990010000000005" lon="4.5571600000000005">
    <ele>8.68</ele>
   </trkpt>
   <trkpt lat="50.98975" lon="4.5573500000000005">
    <ele>8.49</ele>
   </trkpt>
   <trkpt lat="50.989760000000004" lon="4.55745">
    <ele>8.350000000000001</ele>
   </trkpt>
   <trkpt lat="50.98973" lon="4.5575600000000005">
    <ele>8.350000000000001</ele>
   </trkpt>
   <trkpt lat="50.9892220166661" lon="4.558548043253463">
    <ele>7.390000000000001</ele>
   </trkpt>
   <trkpt lat="50.988714024998664" lon="4.559536064879971">
    <ele>6.8100000000000005</ele>
   </trkpt>
   <trkpt lat="50.98820602499803" lon="4.5605240648800365">
    <ele>7.010000000000001</ele>
   </trkpt>
   <trkpt lat="50.987698016664545" lon="4.56151204325417">
    <ele>7.630000000000001</ele>
   </trkpt>
   <trkpt lat="50.987190000000005" lon="4.5625">
    <ele>8.73</ele>
   </trkpt>
   <trkpt lat="50.986900000000006" lon="4.563160000000001">
    <ele>8.88</ele>
   </trkpt>
   <trkpt lat="50.98686000000001" lon="4.5631200000000005">
    <ele>8.88</ele>
   </trkpt>
   <trkpt lat="50.98648667241697" lon="4.563943346657576">
    <ele>9.41</ele>
   </trkpt>
   <trkpt lat="50.986113339046916" lon="4.564766680071691">
    <ele>9.9</ele>
   </trkpt>
   <trkpt lat="50.98574000000001" lon="4.56559">
    <ele>9.97</ele>
   </trkpt>
   <trkpt lat="50.98528334264709" lon="4.566633353812794">
    <ele>9.370000000000001</ele>
   </trkpt>
   <trkpt lat="50.98482667600121" lon="4.567676687098265">
    <ele>8.860000000000001</ele>
   </trkpt>
   <trkpt lat="50.984370000000006" lon="4.568720000000001">
    <ele>8.790000000000001</ele>
   </trkpt>
   <trkpt lat="50.98425" lon="4.56902">
    <ele>9.080000000000002</ele>
   </trkpt>
   <trkpt lat="50.98425" lon="4.5690800000000005">
    <ele>9.080000000000002</ele>
   </trkpt>
   <trkpt lat="50.98422000000001" lon="4.5691500000000005">
    <ele>9.080000000000002</ele>
   </trkpt>
   <trkpt lat="50.983810000000005" lon="4.56937">
    <ele>8.83</ele>
   </trkpt>
   <trkpt lat="50.98334000011932" lon="4.569550001829567">
    <ele>8.010000000000002</ele>
   </trkpt>
   <trkpt lat="50.982870000000005" lon="4.569730000000001">
    <ele>7.470000000000001</ele>
   </trkpt>
   <trkpt lat="50.98288" lon="4.56972">
    <ele>7.470000000000001</ele>
   </trkpt>
   <trkpt lat="50.982580000000006" lon="4.569780000000001">
    <ele>7.34</ele>
   </trkpt>
   <trkpt lat="50.982290000000006" lon="4.56977">
    <ele>7.44</ele>
   </trkpt>
   <trkpt lat="50.98214" lon="4.56979">
    <ele>7.44</ele>
   </trkpt>
   <trkpt lat="50.982040000000005" lon="4.569850000000001">
    <ele>7.61</ele>
   </trkpt>
   <trkpt lat="50.98189000000001" lon="4.5699000000000005">
    <ele>7.59</ele>
   </trkpt>
   <trkpt lat="50.981350000000006" lon="4.56921">
    <ele>7.630000000000001</ele>
   </trkpt>
   <trkpt lat="50.98089000114656" lon="4.568679994688494">
    <ele>7.96</ele>
   </trkpt>
   <trkpt lat="50.980430000000005" lon="4.56815">
    <ele>8.270000000000001</ele>
   </trkpt>
   <trkpt lat="50.979800000000004" lon="4.567360000000001">
    <ele>8.370000000000001</ele>
   </trkpt>
   <trkpt lat="50.97937" lon="4.5667100000000005">
    <ele>8.49</ele>
   </trkpt>
   <trkpt lat="50.97893334113003" lon="4.565753315302895">
    <ele>8.040000000000001</ele>
   </trkpt>
   <trkpt lat="50.9784966744465" lon="4.564796648599576">
    <ele>7.760000000000001</ele>
   </trkpt>
   <trkpt lat="50.978060000000006" lon="4.563840000000001">
    <ele>7.7</ele>
   </trkpt>
   <trkpt lat="50.97775000000001" lon="4.56334">
    <ele>7.78</ele>
   </trkpt>
   <trkpt lat="50.9774" lon="4.5628400000000005">
    <ele>7.87</ele>
   </trkpt>
   <trkpt lat="50.97670500302944" lon="4.561994987330432">
    <ele>8.43</ele>
   </trkpt>
   <trkpt lat="50.97601" lon="4.5611500000000005">
    <ele>9.540000000000001</ele>
   </trkpt>
   <trkpt lat="50.97543" lon="4.560180000000001">
    <ele>8.67</ele>
   </trkpt>
   <trkpt lat="50.97493000000001" lon="4.5594600000000005">
    <ele>9.500000000000002</ele>
   </trkpt>
   <trkpt lat="50.974470000000004" lon="4.55876">
    <ele>10.07</ele>
   </trkpt>
   <trkpt lat="50.97428000000001" lon="4.558520000000001">
    <ele>9.49</ele>
   </trkpt>
   <trkpt lat="50.97411" lon="4.5583800000000005">
    <ele>9.3</ele>
   </trkpt>
   <trkpt lat="50.97397" lon="4.55832">
    <ele>9.27</ele>
   </trkpt>
   <trkpt lat="50.97334500010377" lon="4.558219998663988">
    <ele>9.46</ele>
   </trkpt>
   <trkpt lat="50.97272" lon="4.558120000000001">
    <ele>9.45</ele>
   </trkpt>
   <trkpt lat="50.972370000000005" lon="4.5582">
    <ele>9.510000000000002</ele>
   </trkpt>
   <trkpt lat="50.97165500026785" lon="4.5584850044189755">
    <ele>9.7</ele>
   </trkpt>
   <trkpt lat="50.970940000000006" lon="4.55877">
    <ele>9.950000000000001</ele>
   </trkpt>
   <trkpt lat="50.970620000000004" lon="4.559">
    <ele>10.100000000000001</ele>
   </trkpt>
   <trkpt lat="50.97016000000001" lon="4.55942">
    <ele>10.010000000000002</ele>
   </trkpt>
   <trkpt lat="50.969710000000006" lon="4.55977">
    <ele>9.74</ele>
   </trkpt>
   <trkpt lat="50.969390000000004" lon="4.5598600000000005">
    <ele>9.66</ele>
   </trkpt>
   <trkpt lat="50.96923" lon="4.55982">
    <ele>9.66</ele>
   </trkpt>
   <trkpt lat="50.969080000000005" lon="4.55972">
    <ele>9.680000000000001</ele>
   </trkpt>
   <trkpt lat="50.96895000000001" lon="4.55958">
    <ele>9.74</ele>
   </trkpt>
   <trkpt lat="50.96871" lon="4.55924">
    <ele>9.930000000000001</ele>
   </trkpt>
   <trkpt lat="50.968610000000005" lon="4.55917">
    <ele>9.930000000000001</ele>
   </trkpt>
   <trkpt lat="50.968410000000006" lon="4.55912">
    <ele>9.98</ele>
   </trkpt>
   <trkpt lat="50.967980000000004" lon="4.559200000000001">
    <ele>10.15</ele>
   </trkpt>
   <trkpt lat="50.967850000000006" lon="4.55926">
    <ele>10.180000000000001</ele>
   </trkpt>
   <trkpt lat="50.967760000000006" lon="4.55935">
    <ele>10.180000000000001</ele>
   </trkpt>
   <trkpt lat="50.96748" lon="4.5597">
    <ele>10.16</ele>
   </trkpt>
   <trkpt lat="50.96694500130709" lon="4.560280006819886">
    <ele>10.22</ele>
   </trkpt>
   <trkpt lat="50.96641" lon="4.560860000000001">
    <ele>10.31</ele>
   </trkpt>
   <trkpt lat="50.966" lon="4.56121">
    <ele>10.180000000000001</ele>
   </trkpt>
   <trkpt lat="50.96543500118868" lon="4.5617650068742135">
    <ele>10.020000000000001</ele>
   </trkpt>
   <trkpt lat="50.964870000000005" lon="4.562320000000001">
    <ele>9.860000000000001</ele>
   </trkpt>
   <trkpt lat="50.964600000000004" lon="4.56273">
    <ele>10.650000000000002</ele>
   </trkpt>
   <trkpt lat="50.96454000000001" lon="4.56278">
    <ele>10.650000000000002</ele>
   </trkpt>
   <trkpt lat="50.964490000000005" lon="4.56275">
    <ele>10.650000000000002</ele>
   </trkpt>
   <trkpt lat="50.96400000245191" lon="4.561984991858628">
    <ele>10.25</ele>
   </trkpt>
   <trkpt lat="50.96351000000001" lon="4.5612200000000005">
    <ele>10.92</ele>
   </trkpt>
   <trkpt lat="50.96331000000001" lon="4.56095">
    <ele>10.97</ele>
   </trkpt>
   <trkpt lat="50.96287" lon="4.56041">
    <ele>10.950000000000001</ele>
   </trkpt>
   <trkpt lat="50.96275000000001" lon="4.5602100000000005">
    <ele>10.860000000000001</ele>
   </trkpt>
   <trkpt lat="50.96244000494652" lon="4.559124992483014">
    <ele>10.94</ele>
   </trkpt>
   <trkpt lat="50.96213" lon="4.55804">
    <ele>11.120000000000001</ele>
   </trkpt>
   <trkpt lat="50.96204" lon="4.55789">
    <ele>11.120000000000001</ele>
   </trkpt>
   <trkpt lat="50.961510000000004" lon="4.557390000000001">
    <ele>11.250000000000002</ele>
   </trkpt>
   <trkpt lat="50.96088" lon="4.55684">
    <ele>11.21</ele>
   </trkpt>
   <trkpt lat="50.96072" lon="4.5567400000000005">
    <ele>11.21</ele>
   </trkpt>
   <trkpt lat="50.96031000000001" lon="4.55653">
    <ele>11.1</ele>
   </trkpt>
   <trkpt lat="50.959770000000006" lon="4.556080000000001">
    <ele>11.23</ele>
   </trkpt>
   <trkpt lat="50.959700000000005" lon="4.55607">
    <ele>11.0</ele>
   </trkpt>
   <trkpt lat="50.95962" lon="4.556080000000001">
    <ele>11.0</ele>
   </trkpt>
   <trkpt lat="50.95884" lon="4.55651">
    <ele>10.92</ele>
   </trkpt>
   <trkpt lat="50.95870000000001" lon="4.55651">
    <ele>10.98</ele>
   </trkpt>
   <trkpt lat="50.95863000000001" lon="4.5564800000000005">
    <ele>10.98</ele>
   </trkpt>
   <trkpt lat="50.958400000000005" lon="4.556240000000001">
    <ele>11.030000000000001</ele>
   </trkpt>
   <trkpt lat="50.957730000000005" lon="4.55543">
    <ele>11.080000000000002</ele>
   </trkpt>
   <trkpt lat="50.95754" lon="4.55515">
    <ele>11.370000000000001</ele>
   </trkpt>
   <trkpt lat="50.95747" lon="4.55511">
    <ele>11.370000000000001</ele>
   </trkpt>
   <trkpt lat="50.95665" lon="4.555420000000001">
    <ele>10.66</ele>
   </trkpt>
   <trkpt lat="50.956390000000006" lon="4.555610000000001">
    <ele>10.77</ele>
   </trkpt>
   <trkpt lat="50.956210000000006" lon="4.5559">
    <ele>10.780000000000001</ele>
   </trkpt>
   <trkpt lat="50.95615" lon="4.55604">
    <ele>10.780000000000001</ele>
   </trkpt>
   <trkpt lat="50.955830000000006" lon="4.5571600000000005">
    <ele>10.530000000000001</ele>
   </trkpt>
   <trkpt lat="50.95561000000001" lon="4.5577000000000005">
    <ele>10.450000000000001</ele>
   </trkpt>
   <trkpt lat="50.95515333969859" lon="4.558563350299199">
    <ele>10.84</ele>
   </trkpt>
   <trkpt lat="50.95469667303276" lon="4.559426683630726">
    <ele>10.96</ele>
   </trkpt>
   <trkpt lat="50.954240000000006" lon="4.56029">
    <ele>10.76</ele>
   </trkpt>
   <trkpt lat="50.954040000000006" lon="4.56064">
    <ele>10.780000000000001</ele>
   </trkpt>
   <trkpt lat="50.95365000074381" lon="4.561010002953812">
    <ele>10.63</ele>
   </trkpt>
   <trkpt lat="50.95326000000001" lon="4.561380000000001">
    <ele>10.72</ele>
   </trkpt>
   <trkpt lat="50.95265666905726" lon="4.561910013767602">
    <ele>10.98</ele>
   </trkpt>
   <trkpt lat="50.95205333571589" lon="4.562440013774441">
    <ele>11.430000000000001</ele>
   </trkpt>
   <trkpt lat="50.95145" lon="4.56297">
    <ele>11.770000000000001</ele>
   </trkpt>
   <trkpt lat="50.95074" lon="4.56348">
    <ele>11.91</ele>
   </trkpt>
   <trkpt lat="50.95042" lon="4.5636600000000005">
    <ele>11.88</ele>
   </trkpt>
   <trkpt lat="50.949830000000006" lon="4.5639400000000006">
    <ele>11.73</ele>
   </trkpt>
   <trkpt lat="50.94919" lon="4.56418">
    <ele>11.55</ele>
   </trkpt>
   <trkpt lat="50.94839500030359" lon="4.564455004710036">
    <ele>11.45</ele>
   </trkpt>
   <trkpt lat="50.9476" lon="4.56473">
    <ele>11.63</ele>
   </trkpt>
   <trkpt lat="50.947480000000006" lon="4.564760000000001">
    <ele>11.63</ele>
   </trkpt>
   <trkpt lat="50.947340000000004" lon="4.56477">
    <ele>11.63</ele>
   </trkpt>
   <trkpt lat="50.94667999998178" lon="4.564756666287657">
    <ele>11.770000000000001</ele>
   </trkpt>
   <trkpt lat="50.94601999996204" lon="4.564743332953931">
    <ele>11.88</ele>
   </trkpt>
   <trkpt lat="50.94536" lon="4.56473">
    <ele>12.010000000000002</ele>
   </trkpt>
   <trkpt lat="50.945150000000005" lon="4.56468">
    <ele>12.16</ele>
   </trkpt>
   <trkpt lat="50.94505" lon="4.564640000000001">
    <ele>12.16</ele>
   </trkpt>
   <trkpt lat="50.944770000000005" lon="4.56446">
    <ele>12.430000000000001</ele>
   </trkpt>
   <trkpt lat="50.944570000000006" lon="4.56437">
    <ele>12.48</ele>
   </trkpt>
   <trkpt lat="50.94447" lon="4.56435">
    <ele>12.48</ele>
   </trkpt>
   <trkpt lat="50.943995000152114" lon="4.5643900003964575">
    <ele>13.06</ele>
   </trkpt>
   <trkpt lat="50.94352000000001" lon="4.564430000000001">
    <ele>14.030000000000001</ele>
   </trkpt>
   <trkpt lat="50.94321000000001" lon="4.56439">
    <ele>14.190000000000001</ele>
   </trkpt>
   <trkpt lat="50.942800000000005" lon="4.564360000000001">
    <ele>14.470000000000002</ele>
   </trkpt>
   <trkpt lat="50.94257" lon="4.5644100000000005">
    <ele>14.560000000000002</ele>
   </trkpt>
   <trkpt lat="50.941944999914604" lon="4.564440000407568">
    <ele>14.58</ele>
   </trkpt>
   <trkpt lat="50.941320000000005" lon="4.56447">
    <ele>14.520000000000001</ele>
   </trkpt>
   <trkpt lat="50.94109" lon="4.56444">
    <ele>14.530000000000001</ele>
   </trkpt>
   <trkpt lat="50.940380000000005" lon="4.56411">
    <ele>13.96</ele>
   </trkpt>
   <trkpt lat="50.9395933334296" lon="4.56398666248817">
    <ele>13.860000000000001</ele>
   </trkpt>
   <trkpt lat="50.93880666672929" lon="4.563863329149649">
    <ele>13.540000000000001</ele>
   </trkpt>
   <trkpt lat="50.93802" lon="4.56374">
    <ele>13.410000000000002</ele>
   </trkpt>
   <trkpt lat="50.93779000000001" lon="4.563750000000001">
    <ele>13.32</ele>
   </trkpt>
   <trkpt lat="50.937630000000006" lon="4.56378">
    <ele>13.32</ele>
   </trkpt>
   <trkpt lat="50.93728" lon="4.56392">
    <ele>13.370000000000001</ele>
   </trkpt>
   <trkpt lat="50.9369" lon="4.5642000000000005">
    <ele>13.63</ele>
   </trkpt>
   <trkpt lat="50.93661" lon="4.564450000000001">
    <ele>13.680000000000001</ele>
   </trkpt>
   <trkpt lat="50.936620000000005" lon="4.56446">
    <ele>12.32</ele>
   </trkpt>
   <trkpt lat="50.93591334364446" lon="4.565155052807134">
    <ele>12.32</ele>
   </trkpt>
   <trkpt lat="50.935206683163415" lon="4.565850084490766">
    <ele>12.32</ele>
   </trkpt>
   <trkpt lat="50.93450001855707" lon="4.56654509505195">
    <ele>14.280000000000001</ele>
   </trkpt>
   <trkpt lat="50.933793349825635" lon="4.5672400844917345">
    <ele>14.280000000000001</ele>
   </trkpt>
   <trkpt lat="50.93308667696937" lon="4.567935052811173">
    <ele>14.280000000000001</ele>
   </trkpt>
   <trkpt lat="50.93238" lon="4.568630000000001">
    <ele>14.280000000000001</ele>
   </trkpt>
   <trkpt lat="50.932390000000005" lon="4.56864">
    <ele>14.23</ele>
   </trkpt>
   <trkpt lat="50.932190000000006" lon="4.568840000000001">
    <ele>14.84</ele>
   </trkpt>
   <trkpt lat="50.931615002193105" lon="4.5695650090278095">
    <ele>14.88</ele>
   </trkpt>
   <trkpt lat="50.93104" lon="4.57029">
    <ele>14.74</ele>
   </trkpt>
   <trkpt lat="50.930930000000004" lon="4.57042">
    <ele>14.74</ele>
   </trkpt>
   <trkpt lat="50.93077" lon="4.570460000000001">
    <ele>14.690000000000001</ele>
   </trkpt>
   <trkpt lat="50.93066" lon="4.57045">
    <ele>14.610000000000001</ele>
   </trkpt>
   <trkpt lat="50.930490000000006" lon="4.5703700000000005">
    <ele>14.58</ele>
   </trkpt>
   <trkpt lat="50.93038000000001" lon="4.57019">
    <ele>14.57</ele>
   </trkpt>
   <trkpt lat="50.92996000272237" lon="4.569399992974429">
    <ele>14.5</ele>
   </trkpt>
   <trkpt lat="50.92954" lon="4.5686100000000005">
    <ele>14.810000000000002</ele>
   </trkpt>
   <trkpt lat="50.929145002652966" lon="4.567844993801777">
    <ele>15.05</ele>
   </trkpt>
   <trkpt lat="50.92875" lon="4.567080000000001">
    <ele>15.21</ele>
   </trkpt>
   <trkpt lat="50.928560000000004" lon="4.5667800000000005">
    <ele>15.71</ele>
   </trkpt>
   <trkpt lat="50.92824" lon="4.566400000000001">
    <ele>15.71</ele>
   </trkpt>
   <trkpt lat="50.927476668948685" lon="4.565883316378245">
    <ele>16.220000000000002</ele>
   </trkpt>
   <trkpt lat="50.926713335617464" lon="4.565366649713356">
    <ele>16.98</ele>
   </trkpt>
   <trkpt lat="50.92595000000001" lon="4.564850000000001">
    <ele>17.720000000000002</ele>
   </trkpt>
   <trkpt lat="50.92575" lon="4.56475">
    <ele>18.11</ele>
   </trkpt>
   <trkpt lat="50.92553" lon="4.564690000000001">
    <ele>18.11</ele>
   </trkpt>
   <trkpt lat="50.92535" lon="4.564690000000001">
    <ele>17.88</ele>
   </trkpt>
   <trkpt lat="50.92519" lon="4.564710000000001">
    <ele>17.88</ele>
   </trkpt>
   <trkpt lat="50.925090000000004" lon="4.5647400000000005">
    <ele>17.88</ele>
   </trkpt>
   <trkpt lat="50.924850000000006" lon="4.56486">
    <ele>17.57</ele>
   </trkpt>
   <trkpt lat="50.92466" lon="4.565040000000001">
    <ele>17.2</ele>
   </trkpt>
   <trkpt lat="50.92430500112281" lon="4.565590004458656">
    <ele>16.77</ele>
   </trkpt>
   <trkpt lat="50.923950000000005" lon="4.566140000000001">
    <ele>16.75</ele>
   </trkpt>
   <trkpt lat="50.923570000000005" lon="4.5667800000000005">
    <ele>17.92</ele>
   </trkpt>
   <trkpt lat="50.92316" lon="4.5661700000000005">
    <ele>18.2</ele>
   </trkpt>
   <trkpt lat="50.923080000000006" lon="4.566070000000001">
    <ele>18.240000000000002</ele>
   </trkpt>
   <trkpt lat="50.922920000000005" lon="4.56568">
    <ele>18.38</ele>
   </trkpt>
   <trkpt lat="50.922670000000004" lon="4.56437">
    <ele>18.62</ele>
   </trkpt>
   <trkpt lat="50.9226" lon="4.56419">
    <ele>18.79</ele>
   </trkpt>
   <trkpt lat="50.9221500029387" lon="4.563349991736472">
    <ele>19.51</ele>
   </trkpt>
   <trkpt lat="50.9217" lon="4.5625100000000005">
    <ele>20.240000000000002</ele>
   </trkpt>
   <trkpt lat="50.92159" lon="4.5623700000000005">
    <ele>20.39</ele>
   </trkpt>
   <trkpt lat="50.92139" lon="4.56224">
    <ele>20.73</ele>
   </trkpt>
   <trkpt lat="50.921290000000006" lon="4.56226">
    <ele>20.73</ele>
   </trkpt>
   <trkpt lat="50.92125000000001" lon="4.56229">
    <ele>20.73</ele>
   </trkpt>
   <trkpt lat="50.92086000111025" lon="4.5627650038027525">
    <ele>21.330000000000002</ele>
   </trkpt>
   <trkpt lat="50.92047" lon="4.56324">
    <ele>22.46</ele>
   </trkpt>
   <trkpt lat="50.91977000000001" lon="4.56404">
    <ele>23.12</ele>
   </trkpt>
   <trkpt lat="50.919500000000006" lon="4.56423">
    <ele>23.880000000000003</ele>
   </trkpt>
   <trkpt lat="50.919290000000004" lon="4.56435">
    <ele>24.32</ele>
   </trkpt>
   <trkpt lat="50.91921000000001" lon="4.56435">
    <ele>24.630000000000003</ele>
   </trkpt>
   <trkpt lat="50.919070000000005" lon="4.5643400000000005">
    <ele>24.77</ele>
   </trkpt>
   <trkpt lat="50.918980000000005" lon="4.5643">
    <ele>24.990000000000002</ele>
   </trkpt>
   <trkpt lat="50.918760000000006" lon="4.563980000000001">
    <ele>25.240000000000002</ele>
   </trkpt>
   <trkpt lat="50.918580000000006" lon="4.56304">
    <ele>25.400000000000002</ele>
   </trkpt>
   <trkpt lat="50.91839" lon="4.56303">
    <ele>25.400000000000002</ele>
   </trkpt>
   <trkpt lat="50.9181" lon="4.5630500000000005">
    <ele>25.490000000000002</ele>
   </trkpt>
   <trkpt lat="50.917970000000004" lon="4.56308">
    <ele>25.490000000000002</ele>
   </trkpt>
   <trkpt lat="50.91785" lon="4.56313">
    <ele>25.490000000000002</ele>
   </trkpt>
   <trkpt lat="50.917370000000005" lon="4.56346">
    <ele>25.78</ele>
   </trkpt>
   <trkpt lat="50.916610000000006" lon="4.564030000000001">
    <ele>26.53</ele>
   </trkpt>
   <trkpt lat="50.91639000000001" lon="4.56416">
    <ele>26.680000000000003</ele>
   </trkpt>
   <trkpt lat="50.916070000000005" lon="4.564290000000001">
    <ele>26.680000000000003</ele>
   </trkpt>
   <trkpt lat="50.91575" lon="4.5643400000000005">
    <ele>27.01</ele>
   </trkpt>
   <trkpt lat="50.91543" lon="4.564310000000001">
    <ele>27.240000000000002</ele>
   </trkpt>
   <trkpt lat="50.91537" lon="4.564360000000001">
    <ele>27.290000000000003</ele>
   </trkpt>
   <trkpt lat="50.915040000000005" lon="4.564310000000001">
    <ele>27.4</ele>
   </trkpt>
   <trkpt lat="50.914930000000005" lon="4.564240000000001">
    <ele>28.66</ele>
   </trkpt>
   <trkpt lat="50.91415000054113" lon="4.564034989693421">
    <ele>29.36</ele>
   </trkpt>
   <trkpt lat="50.91337000072329" lon="4.563829986258645">
    <ele>30.04</ele>
   </trkpt>
   <trkpt lat="50.9125900005465" lon="4.563624989695257">
    <ele>30.150000000000002</ele>
   </trkpt>
   <trkpt lat="50.91181" lon="4.563420000000001">
    <ele>30.080000000000002</ele>
   </trkpt>
   <trkpt lat="50.91149000000001" lon="4.563400000000001">
    <ele>30.18</ele>
   </trkpt>
   <trkpt lat="50.91133000000001" lon="4.563420000000001">
    <ele>30.240000000000002</ele>
   </trkpt>
   <trkpt lat="50.91116" lon="4.563470000000001">
    <ele>30.240000000000002</ele>
   </trkpt>
   <trkpt lat="50.91082" lon="4.56365">
    <ele>30.240000000000002</ele>
   </trkpt>
   <trkpt lat="50.910130003013066" lon="4.564243350919221">
    <ele>29.810000000000002</ele>
   </trkpt>
   <trkpt lat="50.909440003019036" lon="4.564836684247094">
    <ele>29.300000000000004</ele>
   </trkpt>
   <trkpt lat="50.908750000000005" lon="4.56543">
    <ele>28.810000000000002</ele>
   </trkpt>
   <trkpt lat="50.90869000000001" lon="4.56545">
    <ele>28.85</ele>
   </trkpt>
   <trkpt lat="50.90838" lon="4.5654200000000005">
    <ele>28.68</ele>
   </trkpt>
   <trkpt lat="50.90795000000001" lon="4.56515">
    <ele>28.810000000000002</ele>
   </trkpt>
   <trkpt lat="50.907920000000004" lon="4.564970000000001">
    <ele>28.67</ele>
   </trkpt>
   <trkpt lat="50.90744667038714" lon="4.564303319668947">
    <ele>29.030000000000005</ele>
   </trkpt>
   <trkpt lat="50.906973336977835" lon="4.563636652895497">
    <ele>30.26</ele>
   </trkpt>
   <trkpt lat="50.9065" lon="4.56297">
    <ele>30.950000000000003</ele>
   </trkpt>
   <trkpt lat="50.906020001905794" lon="4.562274992606429">
    <ele>31.43</ele>
   </trkpt>
   <trkpt lat="50.90554" lon="4.56158">
    <ele>32.11</ele>
   </trkpt>
   <trkpt lat="50.90541" lon="4.561330000000001">
    <ele>32.59</ele>
   </trkpt>
   <trkpt lat="50.905150000000006" lon="4.56059">
    <ele>33.38</ele>
   </trkpt>
   <trkpt lat="50.90491000256384" lon="4.55981999613184">
    <ele>34.49</ele>
   </trkpt>
   <trkpt lat="50.90467" lon="4.55905">
    <ele>35.550000000000004</ele>
   </trkpt>
   <trkpt lat="50.90453" lon="4.55853">
    <ele>35.550000000000004</ele>
   </trkpt>
   <trkpt lat="50.90438" lon="4.5580300000000005">
    <ele>36.21000000000001</ele>
   </trkpt>
   <trkpt lat="50.90402" lon="4.55721">
    <ele>36.4</ele>
   </trkpt>
   <trkpt lat="50.90364" lon="4.55754">
    <ele>35.4</ele>
   </trkpt>
   <trkpt lat="50.903510000000004" lon="4.55764">
    <ele>35.11</ele>
   </trkpt>
   <trkpt lat="50.90346" lon="4.55776">
    <ele>34.77</ele>
   </trkpt>
   <trkpt lat="50.90345000000001" lon="4.55806">
    <ele>34.18</ele>
   </trkpt>
   <trkpt lat="50.9035" lon="4.558400000000001">
    <ele>33.84</ele>
   </trkpt>
   <trkpt lat="50.9035" lon="4.55846">
    <ele>33.620000000000005</ele>
   </trkpt>
   <trkpt lat="50.903470000000006" lon="4.55853">
    <ele>33.620000000000005</ele>
   </trkpt>
   <trkpt lat="50.90274" lon="4.5591800000000005">
    <ele>31.89</ele>
   </trkpt>
   <trkpt lat="50.90218" lon="4.55978">
    <ele>32.6</ele>
   </trkpt>
   <trkpt lat="50.90184000000001" lon="4.5593900000000005">
    <ele>32.92</ele>
   </trkpt>
   <trkpt lat="50.90171" lon="4.55956">
    <ele>33.06</ele>
   </trkpt>
   <trkpt lat="50.90106001224785" lon="4.56025148648916">
    <ele>33.06</ele>
   </trkpt>
   <trkpt lat="50.900410020411336" lon="4.560942953672446">
    <ele>33.06</ele>
   </trkpt>
   <trkpt lat="50.89976002449069" lon="4.561634401550721">
    <ele>33.06</ele>
   </trkpt>
   <trkpt lat="50.89911002448611" lon="4.562325830124855">
    <ele>37.15</ele>
   </trkpt>
   <trkpt lat="50.89846002039779" lon="4.563017239395707">
    <ele>37.15</ele>
   </trkpt>
   <trkpt lat="50.897810012225975" lon="4.563708629364148">
    <ele>37.15</ele>
   </trkpt>
   <trkpt lat="50.89716000000001" lon="4.5644">
    <ele>37.15</ele>
   </trkpt>
   <trkpt lat="50.896240000000006" lon="4.56534">
    <ele>38.290000000000006</ele>
   </trkpt>
   <trkpt lat="50.89614" lon="4.5654900000000005">
    <ele>38.290000000000006</ele>
   </trkpt>
   <trkpt lat="50.89547000166468" lon="4.566125009190194">
    <ele>43.46000000000001</ele>
   </trkpt>
   <trkpt lat="50.894800000000004" lon="4.56676">
    <ele>44.50000000000001</ele>
   </trkpt>
   <trkpt lat="50.89466" lon="4.566890000000001">
    <ele>43.60000000000001</ele>
   </trkpt>
   <trkpt lat="50.8942600011267" lon="4.567390004220769">
    <ele>40.39</ele>
   </trkpt>
   <trkpt lat="50.893860000000004" lon="4.56789">
    <ele>38.7</ele>
   </trkpt>
   <trkpt lat="50.89344000083041" lon="4.56836000436502">
    <ele>37.89</ele>
   </trkpt>
   <trkpt lat="50.89302000000001" lon="4.56883">
    <ele>37.410000000000004</ele>
   </trkpt>
   <trkpt lat="50.89269" lon="4.56923">
    <ele>37.45</ele>
   </trkpt>
   <trkpt lat="50.892345000957015" lon="4.5697200037269186">
    <ele>37.64</ele>
   </trkpt>
   <trkpt lat="50.892" lon="4.57021">
    <ele>38.11000000000001</ele>
   </trkpt>
   <trkpt lat="50.89186" lon="4.5704400000000005">
    <ele>38.49</ele>
   </trkpt>
   <trkpt lat="50.891780000000004" lon="4.57054">
    <ele>38.50000000000001</ele>
   </trkpt>
   <trkpt lat="50.891690000000004" lon="4.57078">
    <ele>38.720000000000006</ele>
   </trkpt>
   <trkpt lat="50.891690000000004" lon="4.5709">
    <ele>38.720000000000006</ele>
   </trkpt>
   <trkpt lat="50.8915" lon="4.570950000000001">
    <ele>38.77</ele>
   </trkpt>
   <trkpt lat="50.89148" lon="4.570860000000001">
    <ele>38.74</ele>
   </trkpt>
   <trkpt lat="50.89137" lon="4.570740000000001">
    <ele>38.59</ele>
   </trkpt>
   <trkpt lat="50.89132000000001" lon="4.570720000000001">
    <ele>38.59</ele>
   </trkpt>
   <trkpt lat="50.89123000000001" lon="4.57078">
    <ele>38.59</ele>
   </trkpt>
   <trkpt lat="50.89101" lon="4.57115">
    <ele>38.43000000000001</ele>
   </trkpt>
   <trkpt lat="50.890930000000004" lon="4.571540000000001">
    <ele>38.27</ele>
   </trkpt>
   <trkpt lat="50.89077" lon="4.57185">
    <ele>38.27</ele>
   </trkpt>
   <trkpt lat="50.8905" lon="4.57228">
    <ele>37.98</ele>
   </trkpt>
   <trkpt lat="50.89020000000001" lon="4.57268">
    <ele>37.540000000000006</ele>
   </trkpt>
   <trkpt lat="50.889693335605585" lon="4.573196677914928">
    <ele>37.34</ele>
   </trkpt>
   <trkpt lat="50.88918666893065" lon="4.5737133445898674">
    <ele>36.83</ele>
   </trkpt>
   <trkpt lat="50.88868" lon="4.57423">
    <ele>36.54</ele>
   </trkpt>
   <trkpt lat="50.888290000000005" lon="4.574750000000001">
    <ele>36.51</ele>
   </trkpt>
   <trkpt lat="50.88812" lon="4.57507">
    <ele>36.2</ele>
   </trkpt>
   <trkpt lat="50.88784000229391" lon="4.575790004123127">
    <ele>35.870000000000005</ele>
   </trkpt>
   <trkpt lat="50.88756000000001" lon="4.576510000000001">
    <ele>35.660000000000004</ele>
   </trkpt>
   <trkpt lat="50.887420000000006" lon="4.5768">
    <ele>35.63</ele>
   </trkpt>
   <trkpt lat="50.887190000000004" lon="4.57718">
    <ele>35.660000000000004</ele>
   </trkpt>
   <trkpt lat="50.88672000128498" lon="4.577710005251236">
    <ele>35.77</ele>
   </trkpt>
   <trkpt lat="50.886250000000004" lon="4.57824">
    <ele>36.14000000000001</ele>
   </trkpt>
   <trkpt lat="50.88559667042937" lon="4.578900018469852">
    <ele>36.38</ele>
   </trkpt>
   <trkpt lat="50.884943337137265" lon="4.579560018427872">
    <ele>36.7</ele>
   </trkpt>
   <trkpt lat="50.88429000000001" lon="4.580220000000001">
    <ele>37.09</ele>
   </trkpt>
   <trkpt lat="50.88400000000001" lon="4.58056">
    <ele>38.07</ele>
   </trkpt>
   <trkpt lat="50.88356" lon="4.58115">
    <ele>38.07</ele>
   </trkpt>
   <trkpt lat="50.88344000000001" lon="4.581320000000001">
    <ele>38.62</ele>
   </trkpt>
   <trkpt lat="50.88308000000001" lon="4.58195">
    <ele>39.11000000000001</ele>
   </trkpt>
   <trkpt lat="50.882740000000005" lon="4.58072">
    <ele>39.330000000000005</ele>
   </trkpt>
   <trkpt lat="50.8825100029313" lon="4.579894996013129">
    <ele>39.53</ele>
   </trkpt>
   <trkpt lat="50.88228" lon="4.579070000000001">
    <ele>40.0</ele>
   </trkpt>
   <trkpt lat="50.88194000000001" lon="4.57805">
    <ele>40.800000000000004</ele>
   </trkpt>
   <trkpt lat="50.88161" lon="4.57721">
    <ele>41.32</ele>
   </trkpt>
   <trkpt lat="50.881325001474366" lon="4.576609996196435">
    <ele>41.72</ele>
   </trkpt>
   <trkpt lat="50.881040000000006" lon="4.57601">
    <ele>42.2</ele>
   </trkpt>
   <trkpt lat="50.880595002706784" lon="4.575214992419887">
    <ele>42.96</ele>
   </trkpt>
   <trkpt lat="50.88015000000001" lon="4.57442">
    <ele>43.85000000000001</ele>
   </trkpt>
   <trkpt lat="50.879900000000006" lon="4.57392">
    <ele>44.480000000000004</ele>
   </trkpt>
   <trkpt lat="50.879780000000004" lon="4.57362">
    <ele>44.480000000000004</ele>
   </trkpt>
   <trkpt lat="50.87939" lon="4.57242">
    <ele>45.730000000000004</ele>
   </trkpt>
   <trkpt lat="50.879220000000004" lon="4.571960000000001">
    <ele>46.46</ele>
   </trkpt>
   <trkpt lat="50.878820000000005" lon="4.5712">
    <ele>47.82</ele>
   </trkpt>
   <trkpt lat="50.87865000000001" lon="4.57101">
    <ele>47.82</ele>
   </trkpt>
   <trkpt lat="50.87829000000001" lon="4.57073">
    <ele>49.95</ele>
   </trkpt>
   <trkpt lat="50.87820000000001" lon="4.57057">
    <ele>50.72</ele>
   </trkpt>
   <trkpt lat="50.8781" lon="4.57022">
    <ele>51.260000000000005</ele>
   </trkpt>
   <trkpt lat="50.87778" lon="4.569500000000001">
    <ele>53.550000000000004</ele>
   </trkpt>
   <trkpt lat="50.87747" lon="4.5689400000000004">
    <ele>55.06</ele>
   </trkpt>
   <trkpt lat="50.87735000000001" lon="4.5686">
    <ele>55.690000000000005</ele>
   </trkpt>
   <trkpt lat="50.877300000000005" lon="4.56832">
    <ele>55.970000000000006</ele>
   </trkpt>
   <trkpt lat="50.87727" lon="4.56832">
    <ele>55.970000000000006</ele>
   </trkpt>
   <trkpt lat="50.877210000000005" lon="4.56826">
    <ele>56.050000000000004</ele>
   </trkpt>
   <trkpt lat="50.877190000000006" lon="4.56815">
    <ele>56.050000000000004</ele>
   </trkpt>
   <trkpt lat="50.8772" lon="4.5681">
    <ele>56.050000000000004</ele>
   </trkpt>
   <trkpt lat="50.87724000000001" lon="4.568020000000001">
    <ele>55.64</ele>
   </trkpt>
   <trkpt lat="50.877300000000005" lon="4.5680000000000005">
    <ele>55.64</ele>
   </trkpt>
   <trkpt lat="50.87733" lon="4.56801">
    <ele>55.84</ele>
   </trkpt>
   <trkpt lat="50.877390000000005" lon="4.5681">
    <ele>55.84</ele>
   </trkpt>
   <trkpt lat="50.87783" lon="4.5678600000000005">
    <ele>53.74</ele>
   </trkpt>
   <trkpt lat="50.87834500078646" lon="4.567430004755095">
    <ele>50.910000000000004</ele>
   </trkpt>
   <trkpt lat="50.87886" lon="4.567">
    <ele>47.510000000000005</ele>
   </trkpt>
   <trkpt lat="50.87944000054393" lon="4.566675003993348">
    <ele>45.87</ele>
   </trkpt>
   <trkpt lat="50.88002" lon="4.566350000000001">
    <ele>45.43000000000001</ele>
   </trkpt>
   <trkpt lat="50.880030000000005" lon="4.56625">
    <ele>45.43000000000001</ele>
   </trkpt>
   <trkpt lat="50.88009" lon="4.566190000000001">
    <ele>45.43000000000001</ele>
   </trkpt>
   <trkpt lat="50.88007500397583" lon="4.5652249995527665">
    <ele>45.62</ele>
   </trkpt>
   <trkpt lat="50.88006000000001" lon="4.56426">
    <ele>46.3</ele>
   </trkpt>
   <trkpt lat="50.88009" lon="4.564">
    <ele>46.6</ele>
   </trkpt>
   <trkpt lat="50.8802800044732" lon="4.562975004259301">
    <ele>49.06</ele>
   </trkpt>
   <trkpt lat="50.88047" lon="4.56195">
    <ele>50.81</ele>
   </trkpt>
   <trkpt lat="50.880500000000005" lon="4.5613600000000005">
    <ele>51.050000000000004</ele>
   </trkpt>
   <trkpt lat="50.88045" lon="4.56078">
    <ele>55.81</ele>
   </trkpt>
   <trkpt lat="50.88046000000001" lon="4.5608">
    <ele>55.81</ele>
   </trkpt>
   <trkpt lat="50.8802566791076" lon="4.5595933228095475">
    <ele>55.81</ele>
   </trkpt>
   <trkpt lat="50.880053345775444" lon="4.558386656150045">
    <ele>53.42</ele>
   </trkpt>
   <trkpt lat="50.879850000000005" lon="4.557180000000001">
    <ele>53.42</ele>
   </trkpt>
   <trkpt lat="50.879585004370135" lon="4.556164994109897">
    <ele>53.050000000000004</ele>
   </trkpt>
   <trkpt lat="50.87932000000001" lon="4.55515">
    <ele>51.510000000000005</ele>
   </trkpt>
   <trkpt lat="50.87917000588044" lon="4.553974996082411">
    <ele>50.81</ele>
   </trkpt>
   <trkpt lat="50.879020000000004" lon="4.5528">
    <ele>50.980000000000004</ele>
   </trkpt>
   <trkpt lat="50.87886" lon="4.5514">
    <ele>51.14</ele>
   </trkpt>
   <trkpt lat="50.87872" lon="4.5504500000000005">
    <ele>51.59</ele>
   </trkpt>
  </trkseg>
 </trk>
</gpx>
