<?xml version="1.0" encoding="UTF-8"?>
<gpx xmlns="http://www.topografix.com/GPX/1/1" creator="RouteYou" version="1.1" xmlns:xsi="http://www.w3.org/2001/XMLSchema-instance" xsi:schemaLocation="http://www.topografix.com/GPX/1/1 http://www.topografix.com/GPX/1/1/gpx.xsd">
  <trk>
    <name>Willebringen 2025</name>
    <desc>&lt;p&gt;Van Annonciadenstraat 30, 3078 Everberg, België&lt;br/&gt;
Naar Annonciadenstraat 26a, 3078 Everberg, België&lt;/p&gt;

&lt;p&gt;Routering Recreatief fietsen - mooiste, Kortste - OSM&lt;/p&gt;</desc>
    <trkseg>
      <trkpt lat="50.87888" lon="4.55154">
        <ele>48</ele>
      </trkpt>
      <trkpt lat="50.87926" lon="4.5547">
        <ele>48</ele>
      </trkpt>
      <trkpt lat="50.87933" lon="4.55516">
        <ele>49</ele>
      </trkpt>
      <trkpt lat="50.87985" lon="4.55718">
        <ele>52</ele>
      </trkpt>
      <trkpt lat="50.88046" lon="4.5608">
        <ele>49</ele>
      </trkpt>
      <trkpt lat="50.88051" lon="4.56157">
        <ele>49</ele>
      </trkpt>
      <trkpt lat="50.88048" lon="4.56195">
        <ele>48</ele>
      </trkpt>
      <trkpt lat="50.88009" lon="4.56401">
        <ele>44</ele>
      </trkpt>
      <trkpt lat="50.88006" lon="4.56426">
        <ele>44</ele>
      </trkpt>
      <trkpt lat="50.88009" lon="4.56619">
        <ele>43</ele>
      </trkpt>
      <trkpt lat="50.88004" lon="4.56625">
        <ele>43</ele>
      </trkpt>
      <trkpt lat="50.88002" lon="4.56636">
        <ele>43</ele>
      </trkpt>
      <trkpt lat="50.87886" lon="4.567">
        <ele>45</ele>
      </trkpt>
      <trkpt lat="50.87784" lon="4.56786">
        <ele>52</ele>
      </trkpt>
      <trkpt lat="50.87739" lon="4.5681">
        <ele>53</ele>
      </trkpt>
      <trkpt lat="50.87735" lon="4.56804">
        <ele>53</ele>
      </trkpt>
      <trkpt lat="50.8773" lon="4.568">
        <ele>54</ele>
      </trkpt>
      <trkpt lat="50.87725" lon="4.56802">
        <ele>54</ele>
      </trkpt>
      <trkpt lat="50.8772" lon="4.56811">
        <ele>54</ele>
      </trkpt>
      <trkpt lat="50.87719" lon="4.56816">
        <ele>54</ele>
      </trkpt>
      <trkpt lat="50.87706" lon="4.56815">
        <ele>54</ele>
      </trkpt>
      <trkpt lat="50.87662" lon="4.56822">
        <ele>56</ele>
      </trkpt>
      <trkpt lat="50.87597" lon="4.5685">
        <ele>57</ele>
      </trkpt>
      <trkpt lat="50.87515" lon="4.56865">
        <ele>58</ele>
      </trkpt>
      <trkpt lat="50.87479" lon="4.56875">
        <ele>58</ele>
      </trkpt>
      <trkpt lat="50.87461" lon="4.56871">
        <ele>59</ele>
      </trkpt>
      <trkpt lat="50.87417" lon="4.56852">
        <ele>58</ele>
      </trkpt>
      <trkpt lat="50.87387" lon="4.56838">
        <ele>58</ele>
      </trkpt>
      <trkpt lat="50.87369" lon="4.56827">
        <ele>58</ele>
      </trkpt>
      <trkpt lat="50.87352" lon="4.56811">
        <ele>59</ele>
      </trkpt>
      <trkpt lat="50.87336" lon="4.56785">
        <ele>59</ele>
      </trkpt>
      <trkpt lat="50.87327" lon="4.56763">
        <ele>60</ele>
      </trkpt>
      <trkpt lat="50.87317" lon="4.56718">
        <ele>60</ele>
      </trkpt>
      <trkpt lat="50.87299" lon="4.56596">
        <ele>62</ele>
      </trkpt>
      <trkpt lat="50.87288" lon="4.56564">
        <ele>62</ele>
      </trkpt>
      <trkpt lat="50.87279" lon="4.56547">
        <ele>62</ele>
      </trkpt>
      <trkpt lat="50.87265" lon="4.56538">
        <ele>62</ele>
      </trkpt>
      <trkpt lat="50.87132" lon="4.56478">
        <ele>65</ele>
      </trkpt>
      <trkpt lat="50.871" lon="4.56461">
        <ele>64</ele>
      </trkpt>
      <trkpt lat="50.87067" lon="4.56437">
        <ele>64</ele>
      </trkpt>
      <trkpt lat="50.87054" lon="4.56424">
        <ele>64</ele>
      </trkpt>
      <trkpt lat="50.86932" lon="4.56278">
        <ele>64</ele>
      </trkpt>
      <trkpt lat="50.86896" lon="4.5624">
        <ele>64</ele>
      </trkpt>
      <trkpt lat="50.86653" lon="4.5604">
        <ele>71</ele>
      </trkpt>
      <trkpt lat="50.86631" lon="4.56017">
        <ele>72</ele>
      </trkpt>
      <trkpt lat="50.8657" lon="4.55939">
        <ele>77</ele>
      </trkpt>
      <trkpt lat="50.86544" lon="4.5591">
        <ele>79</ele>
      </trkpt>
      <trkpt lat="50.86369" lon="4.55744">
        <ele>91</ele>
      </trkpt>
      <trkpt lat="50.86341" lon="4.55723">
        <ele>92</ele>
      </trkpt>
      <trkpt lat="50.86323" lon="4.55715">
        <ele>93</ele>
      </trkpt>
      <trkpt lat="50.86105" lon="4.5569">
        <ele>97</ele>
      </trkpt>
      <trkpt lat="50.86087" lon="4.55684">
        <ele>97</ele>
      </trkpt>
      <trkpt lat="50.86076" lon="4.55677">
        <ele>97</ele>
      </trkpt>
      <trkpt lat="50.86066" lon="4.55665">
        <ele>97</ele>
      </trkpt>
      <trkpt lat="50.86043" lon="4.55629">
        <ele>97</ele>
      </trkpt>
      <trkpt lat="50.85952" lon="4.55451">
        <ele>98</ele>
      </trkpt>
      <trkpt lat="50.85924" lon="4.55405">
        <ele>99</ele>
      </trkpt>
      <trkpt lat="50.85832" lon="4.5528">
        <ele>99</ele>
      </trkpt>
      <trkpt lat="50.85811" lon="4.55256">
        <ele>99</ele>
      </trkpt>
      <trkpt lat="50.8578" lon="4.55233">
        <ele>99</ele>
      </trkpt>
      <trkpt lat="50.85765" lon="4.55227">
        <ele>99</ele>
      </trkpt>
      <trkpt lat="50.85733" lon="4.55221">
        <ele>99</ele>
      </trkpt>
      <trkpt lat="50.85644" lon="4.55222">
        <ele>96</ele>
      </trkpt>
      <trkpt lat="50.85589" lon="4.55223">
        <ele>94</ele>
      </trkpt>
      <trkpt lat="50.85593" lon="4.55238">
        <ele>94</ele>
      </trkpt>
      <trkpt lat="50.85618" lon="4.55296">
        <ele>96</ele>
      </trkpt>
      <trkpt lat="50.85628" lon="4.55328">
        <ele>96</ele>
      </trkpt>
      <trkpt lat="50.85638" lon="4.55372">
        <ele>95</ele>
      </trkpt>
      <trkpt lat="50.85669" lon="4.55539">
        <ele>93</ele>
      </trkpt>
      <trkpt lat="50.85684" lon="4.55595">
        <ele>92</ele>
      </trkpt>
      <trkpt lat="50.85693" lon="4.55631">
        <ele>91</ele>
      </trkpt>
      <trkpt lat="50.8575" lon="4.55794">
        <ele>92</ele>
      </trkpt>
      <trkpt lat="50.8578" lon="4.55938">
        <ele>93</ele>
      </trkpt>
      <trkpt lat="50.85785" lon="4.56027">
        <ele>91</ele>
      </trkpt>
      <trkpt lat="50.85793" lon="4.56131">
        <ele>87</ele>
      </trkpt>
      <trkpt lat="50.85789" lon="4.56152">
        <ele>86</ele>
      </trkpt>
      <trkpt lat="50.85778" lon="4.56185">
        <ele>84</ele>
      </trkpt>
      <trkpt lat="50.85762" lon="4.56223">
        <ele>82</ele>
      </trkpt>
      <trkpt lat="50.85688" lon="4.5632">
        <ele>73</ele>
      </trkpt>
      <trkpt lat="50.85679" lon="4.56338">
        <ele>72</ele>
      </trkpt>
      <trkpt lat="50.85668" lon="4.56378">
        <ele>70</ele>
      </trkpt>
      <trkpt lat="50.8565" lon="4.56481">
        <ele>66</ele>
      </trkpt>
      <trkpt lat="50.85633" lon="4.56549">
        <ele>63</ele>
      </trkpt>
      <trkpt lat="50.85588" lon="4.56709">
        <ele>59</ele>
      </trkpt>
      <trkpt lat="50.85504" lon="4.56891">
        <ele>59</ele>
      </trkpt>
      <trkpt lat="50.85462" lon="4.56947">
        <ele>58</ele>
      </trkpt>
      <trkpt lat="50.85296" lon="4.5712">
        <ele>59</ele>
      </trkpt>
      <trkpt lat="50.85242" lon="4.57176">
        <ele>61</ele>
      </trkpt>
      <trkpt lat="50.8523" lon="4.57179">
        <ele>61</ele>
      </trkpt>
      <trkpt lat="50.85239" lon="4.57434">
        <ele>69</ele>
      </trkpt>
      <trkpt lat="50.85239" lon="4.57491">
        <ele>70</ele>
      </trkpt>
      <trkpt lat="50.85232" lon="4.57569">
        <ele>71</ele>
      </trkpt>
      <trkpt lat="50.85219" lon="4.57661">
        <ele>71</ele>
      </trkpt>
      <trkpt lat="50.85198" lon="4.57746">
        <ele>72</ele>
      </trkpt>
      <trkpt lat="50.85164" lon="4.57857">
        <ele>73</ele>
      </trkpt>
      <trkpt lat="50.85138" lon="4.5788">
        <ele>74</ele>
      </trkpt>
      <trkpt lat="50.85151" lon="4.57916">
        <ele>73</ele>
      </trkpt>
      <trkpt lat="50.85137" lon="4.57932">
        <ele>73</ele>
      </trkpt>
      <trkpt lat="50.85131" lon="4.57948">
        <ele>72</ele>
      </trkpt>
      <trkpt lat="50.85101" lon="4.58057">
        <ele>67</ele>
      </trkpt>
      <trkpt lat="50.85084" lon="4.58084">
        <ele>66</ele>
      </trkpt>
      <trkpt lat="50.84992" lon="4.58203">
        <ele>58</ele>
      </trkpt>
      <trkpt lat="50.84912" lon="4.58307">
        <ele>52</ele>
      </trkpt>
      <trkpt lat="50.84775" lon="4.58505">
        <ele>46</ele>
      </trkpt>
      <trkpt lat="50.8465" lon="4.58674">
        <ele>48</ele>
      </trkpt>
      <trkpt lat="50.84617" lon="4.58703">
        <ele>49</ele>
      </trkpt>
      <trkpt lat="50.84598" lon="4.58717">
        <ele>50</ele>
      </trkpt>
      <trkpt lat="50.84628" lon="4.58769">
        <ele>49</ele>
      </trkpt>
      <trkpt lat="50.8466" lon="4.5882">
        <ele>48</ele>
      </trkpt>
      <trkpt lat="50.84687" lon="4.58859">
        <ele>48</ele>
      </trkpt>
      <trkpt lat="50.847" lon="4.58889">
        <ele>48</ele>
      </trkpt>
      <trkpt lat="50.84708" lon="4.58922">
        <ele>49</ele>
      </trkpt>
      <trkpt lat="50.84724" lon="4.59026">
        <ele>51</ele>
      </trkpt>
      <trkpt lat="50.84729" lon="4.59044">
        <ele>51</ele>
      </trkpt>
      <trkpt lat="50.8475" lon="4.591">
        <ele>51</ele>
      </trkpt>
      <trkpt lat="50.8477" lon="4.59147">
        <ele>51</ele>
      </trkpt>
      <trkpt lat="50.8471" lon="4.59203">
        <ele>54</ele>
      </trkpt>
      <trkpt lat="50.8465" lon="4.5926">
        <ele>57</ele>
      </trkpt>
      <trkpt lat="50.84615" lon="4.59291">
        <ele>59</ele>
      </trkpt>
      <trkpt lat="50.84484" lon="4.59401">
        <ele>65</ele>
      </trkpt>
      <trkpt lat="50.84454" lon="4.59419">
        <ele>66</ele>
      </trkpt>
      <trkpt lat="50.84434" lon="4.59428">
        <ele>67</ele>
      </trkpt>
      <trkpt lat="50.84406" lon="4.5943">
        <ele>68</ele>
      </trkpt>
      <trkpt lat="50.84378" lon="4.59427">
        <ele>69</ele>
      </trkpt>
      <trkpt lat="50.84312" lon="4.59415">
        <ele>73</ele>
      </trkpt>
      <trkpt lat="50.84257" lon="4.59402">
        <ele>76</ele>
      </trkpt>
      <trkpt lat="50.84193" lon="4.59363">
        <ele>79</ele>
      </trkpt>
      <trkpt lat="50.84175" lon="4.59358">
        <ele>80</ele>
      </trkpt>
      <trkpt lat="50.84139" lon="4.59358">
        <ele>80</ele>
      </trkpt>
      <trkpt lat="50.84114" lon="4.59374">
        <ele>81</ele>
      </trkpt>
      <trkpt lat="50.84092" lon="4.59394">
        <ele>81</ele>
      </trkpt>
      <trkpt lat="50.83726" lon="4.59826">
        <ele>90</ele>
      </trkpt>
      <trkpt lat="50.83695" lon="4.59858">
        <ele>90</ele>
      </trkpt>
      <trkpt lat="50.83673" lon="4.59877">
        <ele>90</ele>
      </trkpt>
      <trkpt lat="50.8346" lon="4.60041">
        <ele>91</ele>
      </trkpt>
      <trkpt lat="50.83431" lon="4.60066">
        <ele>91</ele>
      </trkpt>
      <trkpt lat="50.83419" lon="4.60083">
        <ele>91</ele>
      </trkpt>
      <trkpt lat="50.83384" lon="4.60138">
        <ele>91</ele>
      </trkpt>
      <trkpt lat="50.83356" lon="4.60171">
        <ele>92</ele>
      </trkpt>
      <trkpt lat="50.83071" lon="4.6041">
        <ele>83</ele>
      </trkpt>
      <trkpt lat="50.82999" lon="4.60469">
        <ele>86</ele>
      </trkpt>
      <trkpt lat="50.82973" lon="4.60495">
        <ele>86</ele>
      </trkpt>
      <trkpt lat="50.82948" lon="4.60524">
        <ele>87</ele>
      </trkpt>
      <trkpt lat="50.82765" lon="4.60773">
        <ele>87</ele>
      </trkpt>
      <trkpt lat="50.82678" lon="4.6089">
        <ele>85</ele>
      </trkpt>
      <trkpt lat="50.82239" lon="4.61404">
        <ele>82</ele>
      </trkpt>
      <trkpt lat="50.82165" lon="4.61497">
        <ele>82</ele>
      </trkpt>
      <trkpt lat="50.81951" lon="4.61808">
        <ele>74</ele>
      </trkpt>
      <trkpt lat="50.81926" lon="4.61848">
        <ele>70</ele>
      </trkpt>
      <trkpt lat="50.8188" lon="4.61953">
        <ele>65</ele>
      </trkpt>
      <trkpt lat="50.81858" lon="4.62008">
        <ele>63</ele>
      </trkpt>
      <trkpt lat="50.81845" lon="4.62031">
        <ele>62</ele>
      </trkpt>
      <trkpt lat="50.81756" lon="4.62153">
        <ele>53</ele>
      </trkpt>
      <trkpt lat="50.81721" lon="4.62197">
        <ele>50</ele>
      </trkpt>
      <trkpt lat="50.81723" lon="4.62262">
        <ele>50</ele>
      </trkpt>
      <trkpt lat="50.81727" lon="4.62299">
        <ele>50</ele>
      </trkpt>
      <trkpt lat="50.81732" lon="4.62316">
        <ele>50</ele>
      </trkpt>
      <trkpt lat="50.81743" lon="4.62347">
        <ele>50</ele>
      </trkpt>
      <trkpt lat="50.8175" lon="4.62373">
        <ele>50</ele>
      </trkpt>
      <trkpt lat="50.81752" lon="4.62394">
        <ele>49</ele>
      </trkpt>
      <trkpt lat="50.8175" lon="4.62417">
        <ele>49</ele>
      </trkpt>
      <trkpt lat="50.81734" lon="4.6248">
        <ele>48</ele>
      </trkpt>
      <trkpt lat="50.81753" lon="4.62539">
        <ele>48</ele>
      </trkpt>
      <trkpt lat="50.81748" lon="4.62545">
        <ele>48</ele>
      </trkpt>
      <trkpt lat="50.81747" lon="4.62551">
        <ele>47</ele>
      </trkpt>
      <trkpt lat="50.81747" lon="4.62582">
        <ele>46</ele>
      </trkpt>
      <trkpt lat="50.81746" lon="4.62594">
        <ele>45</ele>
      </trkpt>
      <trkpt lat="50.81743" lon="4.62609">
        <ele>44</ele>
      </trkpt>
      <trkpt lat="50.81731" lon="4.62625">
        <ele>43</ele>
      </trkpt>
      <trkpt lat="50.81722" lon="4.62629">
        <ele>42</ele>
      </trkpt>
      <trkpt lat="50.81717" lon="4.62626">
        <ele>42</ele>
      </trkpt>
      <trkpt lat="50.81694" lon="4.62587">
        <ele>39</ele>
      </trkpt>
      <trkpt lat="50.81676" lon="4.62568">
        <ele>36</ele>
      </trkpt>
      <trkpt lat="50.81637" lon="4.62533">
        <ele>34</ele>
      </trkpt>
      <trkpt lat="50.81623" lon="4.62514">
        <ele>33</ele>
      </trkpt>
      <trkpt lat="50.81593" lon="4.62445">
        <ele>32</ele>
      </trkpt>
      <trkpt lat="50.8158" lon="4.6242">
        <ele>31</ele>
      </trkpt>
      <trkpt lat="50.81573" lon="4.6241">
        <ele>31</ele>
      </trkpt>
      <trkpt lat="50.81568" lon="4.62403">
        <ele>31</ele>
      </trkpt>
      <trkpt lat="50.81559" lon="4.62405">
        <ele>30</ele>
      </trkpt>
      <trkpt lat="50.8153" lon="4.62431">
        <ele>30</ele>
      </trkpt>
      <trkpt lat="50.81432" lon="4.62529">
        <ele>29</ele>
      </trkpt>
      <trkpt lat="50.81265" lon="4.62675">
        <ele>33</ele>
      </trkpt>
      <trkpt lat="50.81204" lon="4.62725">
        <ele>38</ele>
      </trkpt>
      <trkpt lat="50.81184" lon="4.62732">
        <ele>39</ele>
      </trkpt>
      <trkpt lat="50.81136" lon="4.62726">
        <ele>42</ele>
      </trkpt>
      <trkpt lat="50.81112" lon="4.62728">
        <ele>44</ele>
      </trkpt>
      <trkpt lat="50.81099" lon="4.62733">
        <ele>45</ele>
      </trkpt>
      <trkpt lat="50.81078" lon="4.62749">
        <ele>46</ele>
      </trkpt>
      <trkpt lat="50.80949" lon="4.62918">
        <ele>43</ele>
      </trkpt>
      <trkpt lat="50.80936" lon="4.62928">
        <ele>43</ele>
      </trkpt>
      <trkpt lat="50.80923" lon="4.62935">
        <ele>42</ele>
      </trkpt>
      <trkpt lat="50.80901" lon="4.62938">
        <ele>43</ele>
      </trkpt>
      <trkpt lat="50.80891" lon="4.62936">
        <ele>42</ele>
      </trkpt>
      <trkpt lat="50.80812" lon="4.62898">
        <ele>40</ele>
      </trkpt>
      <trkpt lat="50.80622" lon="4.62853">
        <ele>37</ele>
      </trkpt>
      <trkpt lat="50.80605" lon="4.62852">
        <ele>37</ele>
      </trkpt>
      <trkpt lat="50.80586" lon="4.62857">
        <ele>36</ele>
      </trkpt>
      <trkpt lat="50.80563" lon="4.62866">
        <ele>35</ele>
      </trkpt>
      <trkpt lat="50.80525" lon="4.62879">
        <ele>34</ele>
      </trkpt>
      <trkpt lat="50.80503" lon="4.62878">
        <ele>34</ele>
      </trkpt>
      <trkpt lat="50.80407" lon="4.62849">
        <ele>32</ele>
      </trkpt>
      <trkpt lat="50.80384" lon="4.62849">
        <ele>31</ele>
      </trkpt>
      <trkpt lat="50.80329" lon="4.62864">
        <ele>31</ele>
      </trkpt>
      <trkpt lat="50.80308" lon="4.62874">
        <ele>30</ele>
      </trkpt>
      <trkpt lat="50.8019" lon="4.62965">
        <ele>29</ele>
      </trkpt>
      <trkpt lat="50.80173" lon="4.62973">
        <ele>29</ele>
      </trkpt>
      <trkpt lat="50.80157" lon="4.62978">
        <ele>29</ele>
      </trkpt>
      <trkpt lat="50.8013" lon="4.62977">
        <ele>30</ele>
      </trkpt>
      <trkpt lat="50.80103" lon="4.62968">
        <ele>30</ele>
      </trkpt>
      <trkpt lat="50.80065" lon="4.62949">
        <ele>30</ele>
      </trkpt>
      <trkpt lat="50.79881" lon="4.62857">
        <ele>33</ele>
      </trkpt>
      <trkpt lat="50.79658" lon="4.62668">
        <ele>34</ele>
      </trkpt>
      <trkpt lat="50.79637" lon="4.62654">
        <ele>34</ele>
      </trkpt>
      <trkpt lat="50.79597" lon="4.62632">
        <ele>34</ele>
      </trkpt>
      <trkpt lat="50.79546" lon="4.62613">
        <ele>34</ele>
      </trkpt>
      <trkpt lat="50.79528" lon="4.6261">
        <ele>34</ele>
      </trkpt>
      <trkpt lat="50.79444" lon="4.62603">
        <ele>34</ele>
      </trkpt>
      <trkpt lat="50.79196" lon="4.62582">
        <ele>34</ele>
      </trkpt>
      <trkpt lat="50.78995" lon="4.62564">
        <ele>32</ele>
      </trkpt>
      <trkpt lat="50.78966" lon="4.62549">
        <ele>32</ele>
      </trkpt>
      <trkpt lat="50.78915" lon="4.62506">
        <ele>31</ele>
      </trkpt>
      <trkpt lat="50.78896" lon="4.62494">
        <ele>31</ele>
      </trkpt>
      <trkpt lat="50.78865" lon="4.62483">
        <ele>31</ele>
      </trkpt>
      <trkpt lat="50.78844" lon="4.6248">
        <ele>31</ele>
      </trkpt>
      <trkpt lat="50.78832" lon="4.62479">
        <ele>32</ele>
      </trkpt>
      <trkpt lat="50.78815" lon="4.62471">
        <ele>32</ele>
      </trkpt>
      <trkpt lat="50.78583" lon="4.63166">
        <ele>42</ele>
      </trkpt>
      <trkpt lat="50.78576" lon="4.63203">
        <ele>42</ele>
      </trkpt>
      <trkpt lat="50.78569" lon="4.63247">
        <ele>40</ele>
      </trkpt>
      <trkpt lat="50.78555" lon="4.6341">
        <ele>32</ele>
      </trkpt>
      <trkpt lat="50.78529" lon="4.63417">
        <ele>31</ele>
      </trkpt>
      <trkpt lat="50.78481" lon="4.63416">
        <ele>32</ele>
      </trkpt>
      <trkpt lat="50.78429" lon="4.63411">
        <ele>31</ele>
      </trkpt>
      <trkpt lat="50.78417" lon="4.63413">
        <ele>31</ele>
      </trkpt>
      <trkpt lat="50.78398" lon="4.63411">
        <ele>31</ele>
      </trkpt>
      <trkpt lat="50.78386" lon="4.63409">
        <ele>31</ele>
      </trkpt>
      <trkpt lat="50.78375" lon="4.63402">
        <ele>31</ele>
      </trkpt>
      <trkpt lat="50.78258" lon="4.63358">
        <ele>29</ele>
      </trkpt>
      <trkpt lat="50.78202" lon="4.63355">
        <ele>29</ele>
      </trkpt>
      <trkpt lat="50.78175" lon="4.63351">
        <ele>29</ele>
      </trkpt>
      <trkpt lat="50.77994" lon="4.63305">
        <ele>30</ele>
      </trkpt>
      <trkpt lat="50.77889" lon="4.63298">
        <ele>31</ele>
      </trkpt>
      <trkpt lat="50.77859" lon="4.63294">
        <ele>32</ele>
      </trkpt>
      <trkpt lat="50.77855" lon="4.63312">
        <ele>31</ele>
      </trkpt>
      <trkpt lat="50.77848" lon="4.63338">
        <ele>31</ele>
      </trkpt>
      <trkpt lat="50.7784" lon="4.63355">
        <ele>31</ele>
      </trkpt>
      <trkpt lat="50.77832" lon="4.63366">
        <ele>31</ele>
      </trkpt>
      <trkpt lat="50.77822" lon="4.63375">
        <ele>31</ele>
      </trkpt>
      <trkpt lat="50.77807" lon="4.63384">
        <ele>30</ele>
      </trkpt>
      <trkpt lat="50.77614" lon="4.63463">
        <ele>30</ele>
      </trkpt>
      <trkpt lat="50.77539" lon="4.6349">
        <ele>30</ele>
      </trkpt>
      <trkpt lat="50.77452" lon="4.63532">
        <ele>30</ele>
      </trkpt>
      <trkpt lat="50.77434" lon="4.63538">
        <ele>30</ele>
      </trkpt>
      <trkpt lat="50.77409" lon="4.63543">
        <ele>30</ele>
      </trkpt>
      <trkpt lat="50.77377" lon="4.63544">
        <ele>31</ele>
      </trkpt>
      <trkpt lat="50.77288" lon="4.63535">
        <ele>32</ele>
      </trkpt>
      <trkpt lat="50.77242" lon="4.63539">
        <ele>32</ele>
      </trkpt>
      <trkpt lat="50.77203" lon="4.63549">
        <ele>33</ele>
      </trkpt>
      <trkpt lat="50.77163" lon="4.63552">
        <ele>34</ele>
      </trkpt>
      <trkpt lat="50.77116" lon="4.63545">
        <ele>36</ele>
      </trkpt>
      <trkpt lat="50.76976" lon="4.63499">
        <ele>38</ele>
      </trkpt>
      <trkpt lat="50.76953" lon="4.63497">
        <ele>39</ele>
      </trkpt>
      <trkpt lat="50.7693" lon="4.63499">
        <ele>39</ele>
      </trkpt>
      <trkpt lat="50.76902" lon="4.63508">
        <ele>38</ele>
      </trkpt>
      <trkpt lat="50.76895" lon="4.63511">
        <ele>38</ele>
      </trkpt>
      <trkpt lat="50.76861" lon="4.63532">
        <ele>37</ele>
      </trkpt>
      <trkpt lat="50.76813" lon="4.63567">
        <ele>36</ele>
      </trkpt>
      <trkpt lat="50.76743" lon="4.63632">
        <ele>35</ele>
      </trkpt>
      <trkpt lat="50.76701" lon="4.63674">
        <ele>34</ele>
      </trkpt>
      <trkpt lat="50.76664" lon="4.63706">
        <ele>33</ele>
      </trkpt>
      <trkpt lat="50.7663" lon="4.63728">
        <ele>33</ele>
      </trkpt>
      <trkpt lat="50.76529" lon="4.63788">
        <ele>34</ele>
      </trkpt>
      <trkpt lat="50.765" lon="4.6381">
        <ele>34</ele>
      </trkpt>
      <trkpt lat="50.76471" lon="4.63839">
        <ele>34</ele>
      </trkpt>
      <trkpt lat="50.76439" lon="4.63886">
        <ele>34</ele>
      </trkpt>
      <trkpt lat="50.76392" lon="4.63936">
        <ele>34</ele>
      </trkpt>
      <trkpt lat="50.76356" lon="4.63971">
        <ele>33</ele>
      </trkpt>
      <trkpt lat="50.76318" lon="4.64002">
        <ele>33</ele>
      </trkpt>
      <trkpt lat="50.76302" lon="4.6401">
        <ele>33</ele>
      </trkpt>
      <trkpt lat="50.76288" lon="4.64012">
        <ele>33</ele>
      </trkpt>
      <trkpt lat="50.76271" lon="4.6401">
        <ele>33</ele>
      </trkpt>
      <trkpt lat="50.76259" lon="4.64005">
        <ele>33</ele>
      </trkpt>
      <trkpt lat="50.76177" lon="4.63961">
        <ele>34</ele>
      </trkpt>
      <trkpt lat="50.76114" lon="4.63927">
        <ele>34</ele>
      </trkpt>
      <trkpt lat="50.76096" lon="4.63924">
        <ele>34</ele>
      </trkpt>
      <trkpt lat="50.76052" lon="4.63934">
        <ele>35</ele>
      </trkpt>
      <trkpt lat="50.76012" lon="4.63955">
        <ele>36</ele>
      </trkpt>
      <trkpt lat="50.75953" lon="4.6397">
        <ele>36</ele>
      </trkpt>
      <trkpt lat="50.75922" lon="4.63974">
        <ele>37</ele>
      </trkpt>
      <trkpt lat="50.75914" lon="4.64014">
        <ele>37</ele>
      </trkpt>
      <trkpt lat="50.75907" lon="4.6407">
        <ele>37</ele>
      </trkpt>
      <trkpt lat="50.75901" lon="4.64221">
        <ele>34</ele>
      </trkpt>
      <trkpt lat="50.75901" lon="4.64235">
        <ele>34</ele>
      </trkpt>
      <trkpt lat="50.75906" lon="4.64261">
        <ele>34</ele>
      </trkpt>
      <trkpt lat="50.75912" lon="4.64281">
        <ele>33</ele>
      </trkpt>
      <trkpt lat="50.7593" lon="4.64325">
        <ele>32</ele>
      </trkpt>
      <trkpt lat="50.75943" lon="4.64363">
        <ele>32</ele>
      </trkpt>
      <trkpt lat="50.75965" lon="4.64476">
        <ele>31</ele>
      </trkpt>
      <trkpt lat="50.75967" lon="4.64516">
        <ele>31</ele>
      </trkpt>
      <trkpt lat="50.75966" lon="4.64629">
        <ele>32</ele>
      </trkpt>
      <trkpt lat="50.75969" lon="4.64706">
        <ele>30</ele>
      </trkpt>
      <trkpt lat="50.75969" lon="4.64814">
        <ele>32</ele>
      </trkpt>
      <trkpt lat="50.75974" lon="4.64863">
        <ele>32</ele>
      </trkpt>
      <trkpt lat="50.75978" lon="4.64892">
        <ele>31</ele>
      </trkpt>
      <trkpt lat="50.75993" lon="4.64954">
        <ele>32</ele>
      </trkpt>
      <trkpt lat="50.76069" lon="4.65186">
        <ele>34</ele>
      </trkpt>
      <trkpt lat="50.76121" lon="4.65352">
        <ele>40</ele>
      </trkpt>
      <trkpt lat="50.7613" lon="4.65356">
        <ele>40</ele>
      </trkpt>
      <trkpt lat="50.76145" lon="4.65357">
        <ele>41</ele>
      </trkpt>
      <trkpt lat="50.76168" lon="4.65331">
        <ele>42</ele>
      </trkpt>
      <trkpt lat="50.7654" lon="4.64939">
        <ele>44</ele>
      </trkpt>
      <trkpt lat="50.76566" lon="4.64916">
        <ele>41</ele>
      </trkpt>
      <trkpt lat="50.76633" lon="4.64873">
        <ele>37</ele>
      </trkpt>
      <trkpt lat="50.76673" lon="4.6485">
        <ele>34</ele>
      </trkpt>
      <trkpt lat="50.76685" lon="4.64846">
        <ele>33</ele>
      </trkpt>
      <trkpt lat="50.76704" lon="4.64844">
        <ele>33</ele>
      </trkpt>
      <trkpt lat="50.76726" lon="4.64849">
        <ele>33</ele>
      </trkpt>
      <trkpt lat="50.76779" lon="4.6487">
        <ele>33</ele>
      </trkpt>
      <trkpt lat="50.76801" lon="4.64871">
        <ele>33</ele>
      </trkpt>
      <trkpt lat="50.7681" lon="4.64871">
        <ele>33</ele>
      </trkpt>
      <trkpt lat="50.76879" lon="4.64856">
        <ele>34</ele>
      </trkpt>
      <trkpt lat="50.76925" lon="4.64853">
        <ele>35</ele>
      </trkpt>
      <trkpt lat="50.76935" lon="4.64854">
        <ele>35</ele>
      </trkpt>
      <trkpt lat="50.76955" lon="4.64862">
        <ele>36</ele>
      </trkpt>
      <trkpt lat="50.76969" lon="4.64873">
        <ele>36</ele>
      </trkpt>
      <trkpt lat="50.7699" lon="4.64895">
        <ele>36</ele>
      </trkpt>
      <trkpt lat="50.76997" lon="4.64897">
        <ele>36</ele>
      </trkpt>
      <trkpt lat="50.77064" lon="4.64905">
        <ele>36</ele>
      </trkpt>
      <trkpt lat="50.77113" lon="4.64916">
        <ele>36</ele>
      </trkpt>
      <trkpt lat="50.77165" lon="4.64929">
        <ele>35</ele>
      </trkpt>
      <trkpt lat="50.77215" lon="4.64947">
        <ele>37</ele>
      </trkpt>
      <trkpt lat="50.77311" lon="4.64977">
        <ele>38</ele>
      </trkpt>
      <trkpt lat="50.77348" lon="4.64993">
        <ele>39</ele>
      </trkpt>
      <trkpt lat="50.77365" lon="4.64998">
        <ele>40</ele>
      </trkpt>
      <trkpt lat="50.77583" lon="4.65052">
        <ele>39</ele>
      </trkpt>
      <trkpt lat="50.77826" lon="4.65122">
        <ele>37</ele>
      </trkpt>
      <trkpt lat="50.77819" lon="4.65172">
        <ele>37</ele>
      </trkpt>
      <trkpt lat="50.77811" lon="4.65213">
        <ele>38</ele>
      </trkpt>
      <trkpt lat="50.77826" lon="4.65217">
        <ele>40</ele>
      </trkpt>
      <trkpt lat="50.77864" lon="4.65214">
        <ele>42</ele>
      </trkpt>
      <trkpt lat="50.7788" lon="4.65216">
        <ele>43</ele>
      </trkpt>
      <trkpt lat="50.77905" lon="4.65231">
        <ele>45</ele>
      </trkpt>
      <trkpt lat="50.77914" lon="4.65241">
        <ele>46</ele>
      </trkpt>
      <trkpt lat="50.77922" lon="4.65252">
        <ele>48</ele>
      </trkpt>
      <trkpt lat="50.77935" lon="4.6528">
        <ele>50</ele>
      </trkpt>
      <trkpt lat="50.77944" lon="4.65293">
        <ele>51</ele>
      </trkpt>
      <trkpt lat="50.78014" lon="4.65383">
        <ele>62</ele>
      </trkpt>
      <trkpt lat="50.78026" lon="4.65414">
        <ele>66</ele>
      </trkpt>
      <trkpt lat="50.78031" lon="4.65435">
        <ele>69</ele>
      </trkpt>
      <trkpt lat="50.78035" lon="4.65458">
        <ele>70</ele>
      </trkpt>
      <trkpt lat="50.78043" lon="4.65517">
        <ele>74</ele>
      </trkpt>
      <trkpt lat="50.7805" lon="4.65545">
        <ele>76</ele>
      </trkpt>
      <trkpt lat="50.78076" lon="4.65627">
        <ele>76</ele>
      </trkpt>
      <trkpt lat="50.7812" lon="4.65753">
        <ele>76</ele>
      </trkpt>
      <trkpt lat="50.7814" lon="4.6586">
        <ele>74</ele>
      </trkpt>
      <trkpt lat="50.78159" lon="4.65946">
        <ele>74</ele>
      </trkpt>
      <trkpt lat="50.782" lon="4.66082">
        <ele>72</ele>
      </trkpt>
      <trkpt lat="50.7821" lon="4.66126">
        <ele>72</ele>
      </trkpt>
      <trkpt lat="50.78213" lon="4.66152">
        <ele>72</ele>
      </trkpt>
      <trkpt lat="50.78214" lon="4.66195">
        <ele>71</ele>
      </trkpt>
      <trkpt lat="50.78212" lon="4.66231">
        <ele>71</ele>
      </trkpt>
      <trkpt lat="50.78204" lon="4.66284">
        <ele>70</ele>
      </trkpt>
      <trkpt lat="50.78197" lon="4.66358">
        <ele>69</ele>
      </trkpt>
      <trkpt lat="50.78196" lon="4.66404">
        <ele>68</ele>
      </trkpt>
      <trkpt lat="50.782" lon="4.66478">
        <ele>67</ele>
      </trkpt>
      <trkpt lat="50.78207" lon="4.66526">
        <ele>66</ele>
      </trkpt>
      <trkpt lat="50.78238" lon="4.66632">
        <ele>62</ele>
      </trkpt>
      <trkpt lat="50.78245" lon="4.66667">
        <ele>61</ele>
      </trkpt>
      <trkpt lat="50.78263" lon="4.66824">
        <ele>54</ele>
      </trkpt>
      <trkpt lat="50.78281" lon="4.67026">
        <ele>48</ele>
      </trkpt>
      <trkpt lat="50.78287" lon="4.67073">
        <ele>47</ele>
      </trkpt>
      <trkpt lat="50.78294" lon="4.67111">
        <ele>46</ele>
      </trkpt>
      <trkpt lat="50.78329" lon="4.67312">
        <ele>43</ele>
      </trkpt>
      <trkpt lat="50.78335" lon="4.67334">
        <ele>43</ele>
      </trkpt>
      <trkpt lat="50.7834" lon="4.67345">
        <ele>43</ele>
      </trkpt>
      <trkpt lat="50.78378" lon="4.67405">
        <ele>42</ele>
      </trkpt>
      <trkpt lat="50.78322" lon="4.67479">
        <ele>42</ele>
      </trkpt>
      <trkpt lat="50.7831" lon="4.675">
        <ele>42</ele>
      </trkpt>
      <trkpt lat="50.78309" lon="4.67511">
        <ele>42</ele>
      </trkpt>
      <trkpt lat="50.7831" lon="4.67531">
        <ele>41</ele>
      </trkpt>
      <trkpt lat="50.78315" lon="4.67544">
        <ele>41</ele>
      </trkpt>
      <trkpt lat="50.78387" lon="4.67693">
        <ele>39</ele>
      </trkpt>
      <trkpt lat="50.78395" lon="4.67715">
        <ele>39</ele>
      </trkpt>
      <trkpt lat="50.784" lon="4.67738">
        <ele>39</ele>
      </trkpt>
      <trkpt lat="50.78408" lon="4.67817">
        <ele>38</ele>
      </trkpt>
      <trkpt lat="50.78418" lon="4.67843">
        <ele>38</ele>
      </trkpt>
      <trkpt lat="50.78432" lon="4.67864">
        <ele>37</ele>
      </trkpt>
      <trkpt lat="50.78458" lon="4.67902">
        <ele>37</ele>
      </trkpt>
      <trkpt lat="50.78462" lon="4.67911">
        <ele>38</ele>
      </trkpt>
      <trkpt lat="50.78465" lon="4.67923">
        <ele>38</ele>
      </trkpt>
      <trkpt lat="50.78474" lon="4.67993">
        <ele>38</ele>
      </trkpt>
      <trkpt lat="50.78475" lon="4.68013">
        <ele>39</ele>
      </trkpt>
      <trkpt lat="50.78471" lon="4.68042">
        <ele>39</ele>
      </trkpt>
      <trkpt lat="50.78466" lon="4.68057">
        <ele>39</ele>
      </trkpt>
      <trkpt lat="50.78462" lon="4.68066">
        <ele>39</ele>
      </trkpt>
      <trkpt lat="50.78406" lon="4.68139">
        <ele>39</ele>
      </trkpt>
      <trkpt lat="50.78376" lon="4.68185">
        <ele>40</ele>
      </trkpt>
      <trkpt lat="50.78368" lon="4.68199">
        <ele>40</ele>
      </trkpt>
      <trkpt lat="50.78361" lon="4.68219">
        <ele>40</ele>
      </trkpt>
      <trkpt lat="50.78342" lon="4.68283">
        <ele>41</ele>
      </trkpt>
      <trkpt lat="50.78307" lon="4.68465">
        <ele>40</ele>
      </trkpt>
      <trkpt lat="50.78299" lon="4.68501">
        <ele>40</ele>
      </trkpt>
      <trkpt lat="50.78213" lon="4.68757">
        <ele>40</ele>
      </trkpt>
      <trkpt lat="50.78211" lon="4.68769">
        <ele>40</ele>
      </trkpt>
      <trkpt lat="50.78211" lon="4.68816">
        <ele>40</ele>
      </trkpt>
      <trkpt lat="50.78212" lon="4.68966">
        <ele>40</ele>
      </trkpt>
      <trkpt lat="50.78212" lon="4.68991">
        <ele>40</ele>
      </trkpt>
      <trkpt lat="50.78225" lon="4.69041">
        <ele>40</ele>
      </trkpt>
      <trkpt lat="50.78234" lon="4.69063">
        <ele>40</ele>
      </trkpt>
      <trkpt lat="50.78239" lon="4.69071">
        <ele>40</ele>
      </trkpt>
      <trkpt lat="50.78246" lon="4.69076">
        <ele>40</ele>
      </trkpt>
      <trkpt lat="50.78268" lon="4.6908">
        <ele>40</ele>
      </trkpt>
      <trkpt lat="50.7831" lon="4.69088">
        <ele>40</ele>
      </trkpt>
      <trkpt lat="50.78317" lon="4.69093">
        <ele>40</ele>
      </trkpt>
      <trkpt lat="50.78334" lon="4.6911">
        <ele>40</ele>
      </trkpt>
      <trkpt lat="50.78351" lon="4.69134">
        <ele>40</ele>
      </trkpt>
      <trkpt lat="50.78372" lon="4.69176">
        <ele>41</ele>
      </trkpt>
      <trkpt lat="50.78377" lon="4.69188">
        <ele>41</ele>
      </trkpt>
      <trkpt lat="50.78379" lon="4.69195">
        <ele>41</ele>
      </trkpt>
      <trkpt lat="50.78382" lon="4.69222">
        <ele>41</ele>
      </trkpt>
      <trkpt lat="50.78379" lon="4.69248">
        <ele>41</ele>
      </trkpt>
      <trkpt lat="50.78375" lon="4.69263">
        <ele>41</ele>
      </trkpt>
      <trkpt lat="50.78293" lon="4.69407">
        <ele>45</ele>
      </trkpt>
      <trkpt lat="50.78262" lon="4.6946">
        <ele>47</ele>
      </trkpt>
      <trkpt lat="50.78247" lon="4.69494">
        <ele>48</ele>
      </trkpt>
      <trkpt lat="50.78237" lon="4.69538">
        <ele>49</ele>
      </trkpt>
      <trkpt lat="50.78191" lon="4.69918">
        <ele>55</ele>
      </trkpt>
      <trkpt lat="50.78183" lon="4.69956">
        <ele>55</ele>
      </trkpt>
      <trkpt lat="50.78178" lon="4.69976">
        <ele>55</ele>
      </trkpt>
      <trkpt lat="50.78171" lon="4.69994">
        <ele>54</ele>
      </trkpt>
      <trkpt lat="50.78154" lon="4.70033">
        <ele>53</ele>
      </trkpt>
      <trkpt lat="50.78017" lon="4.70307">
        <ele>47</ele>
      </trkpt>
      <trkpt lat="50.78006" lon="4.70332">
        <ele>47</ele>
      </trkpt>
      <trkpt lat="50.77989" lon="4.70389">
        <ele>48</ele>
      </trkpt>
      <trkpt lat="50.77952" lon="4.70641">
        <ele>50</ele>
      </trkpt>
      <trkpt lat="50.77922" lon="4.71052">
        <ele>51</ele>
      </trkpt>
      <trkpt lat="50.77923" lon="4.71107">
        <ele>52</ele>
      </trkpt>
      <trkpt lat="50.77951" lon="4.71555">
        <ele>54</ele>
      </trkpt>
      <trkpt lat="50.77953" lon="4.71584">
        <ele>53</ele>
      </trkpt>
      <trkpt lat="50.77951" lon="4.71605">
        <ele>53</ele>
      </trkpt>
      <trkpt lat="50.7794" lon="4.71677">
        <ele>53</ele>
      </trkpt>
      <trkpt lat="50.77941" lon="4.71693">
        <ele>53</ele>
      </trkpt>
      <trkpt lat="50.77951" lon="4.71698">
        <ele>53</ele>
      </trkpt>
      <trkpt lat="50.77955" lon="4.71714">
        <ele>53</ele>
      </trkpt>
      <trkpt lat="50.77952" lon="4.71845">
        <ele>54</ele>
      </trkpt>
      <trkpt lat="50.7795" lon="4.71863">
        <ele>55</ele>
      </trkpt>
      <trkpt lat="50.77939" lon="4.71893">
        <ele>55</ele>
      </trkpt>
      <trkpt lat="50.77932" lon="4.71917">
        <ele>55</ele>
      </trkpt>
      <trkpt lat="50.77932" lon="4.7196">
        <ele>56</ele>
      </trkpt>
      <trkpt lat="50.77935" lon="4.72031">
        <ele>57</ele>
      </trkpt>
      <trkpt lat="50.77939" lon="4.72049">
        <ele>57</ele>
      </trkpt>
      <trkpt lat="50.77943" lon="4.72059">
        <ele>57</ele>
      </trkpt>
      <trkpt lat="50.77952" lon="4.72071">
        <ele>58</ele>
      </trkpt>
      <trkpt lat="50.7796" lon="4.72096">
        <ele>58</ele>
      </trkpt>
      <trkpt lat="50.77961" lon="4.72115">
        <ele>58</ele>
      </trkpt>
      <trkpt lat="50.77957" lon="4.72157">
        <ele>59</ele>
      </trkpt>
      <trkpt lat="50.77951" lon="4.72185">
        <ele>59</ele>
      </trkpt>
      <trkpt lat="50.77946" lon="4.72201">
        <ele>59</ele>
      </trkpt>
      <trkpt lat="50.77935" lon="4.72225">
        <ele>59</ele>
      </trkpt>
      <trkpt lat="50.77876" lon="4.72334">
        <ele>60</ele>
      </trkpt>
      <trkpt lat="50.77836" lon="4.72401">
        <ele>61</ele>
      </trkpt>
      <trkpt lat="50.77815" lon="4.7244">
        <ele>61</ele>
      </trkpt>
      <trkpt lat="50.77801" lon="4.72467">
        <ele>61</ele>
      </trkpt>
      <trkpt lat="50.77783" lon="4.72509">
        <ele>61</ele>
      </trkpt>
      <trkpt lat="50.77777" lon="4.72538">
        <ele>61</ele>
      </trkpt>
      <trkpt lat="50.77771" lon="4.72578">
        <ele>61</ele>
      </trkpt>
      <trkpt lat="50.77771" lon="4.72606">
        <ele>61</ele>
      </trkpt>
      <trkpt lat="50.77795" lon="4.72863">
        <ele>62</ele>
      </trkpt>
      <trkpt lat="50.77807" lon="4.72968">
        <ele>62</ele>
      </trkpt>
      <trkpt lat="50.77815" lon="4.73002">
        <ele>61</ele>
      </trkpt>
      <trkpt lat="50.77833" lon="4.73049">
        <ele>61</ele>
      </trkpt>
      <trkpt lat="50.77861" lon="4.73091">
        <ele>60</ele>
      </trkpt>
      <trkpt lat="50.77895" lon="4.73131">
        <ele>60</ele>
      </trkpt>
      <trkpt lat="50.77917" lon="4.73151">
        <ele>59</ele>
      </trkpt>
      <trkpt lat="50.78031" lon="4.7319">
        <ele>58</ele>
      </trkpt>
      <trkpt lat="50.78056" lon="4.73199">
        <ele>58</ele>
      </trkpt>
      <trkpt lat="50.78074" lon="4.73233">
        <ele>58</ele>
      </trkpt>
      <trkpt lat="50.78083" lon="4.73257">
        <ele>58</ele>
      </trkpt>
      <trkpt lat="50.78086" lon="4.73314">
        <ele>58</ele>
      </trkpt>
      <trkpt lat="50.78072" lon="4.73436">
        <ele>59</ele>
      </trkpt>
      <trkpt lat="50.7806" lon="4.73542">
        <ele>59</ele>
      </trkpt>
      <trkpt lat="50.78047" lon="4.73582">
        <ele>59</ele>
      </trkpt>
      <trkpt lat="50.78016" lon="4.73629">
        <ele>59</ele>
      </trkpt>
      <trkpt lat="50.78008" lon="4.73648">
        <ele>59</ele>
      </trkpt>
      <trkpt lat="50.78006" lon="4.73669">
        <ele>59</ele>
      </trkpt>
      <trkpt lat="50.78036" lon="4.73941">
        <ele>59</ele>
      </trkpt>
      <trkpt lat="50.78037" lon="4.73995">
        <ele>60</ele>
      </trkpt>
      <trkpt lat="50.78032" lon="4.74124">
        <ele>60</ele>
      </trkpt>
      <trkpt lat="50.78024" lon="4.7415">
        <ele>60</ele>
      </trkpt>
      <trkpt lat="50.78006" lon="4.74191">
        <ele>61</ele>
      </trkpt>
      <trkpt lat="50.77974" lon="4.74242">
        <ele>61</ele>
      </trkpt>
      <trkpt lat="50.77967" lon="4.74258">
        <ele>61</ele>
      </trkpt>
      <trkpt lat="50.77959" lon="4.74287">
        <ele>61</ele>
      </trkpt>
      <trkpt lat="50.77959" lon="4.74312">
        <ele>62</ele>
      </trkpt>
      <trkpt lat="50.7796" lon="4.74338">
        <ele>62</ele>
      </trkpt>
      <trkpt lat="50.77959" lon="4.74352">
        <ele>62</ele>
      </trkpt>
      <trkpt lat="50.7796" lon="4.74359">
        <ele>62</ele>
      </trkpt>
      <trkpt lat="50.77949" lon="4.74371">
        <ele>62</ele>
      </trkpt>
      <trkpt lat="50.77921" lon="4.74394">
        <ele>64</ele>
      </trkpt>
      <trkpt lat="50.77903" lon="4.74403">
        <ele>64</ele>
      </trkpt>
      <trkpt lat="50.77875" lon="4.74404">
        <ele>64</ele>
      </trkpt>
      <trkpt lat="50.77852" lon="4.74409">
        <ele>64</ele>
      </trkpt>
      <trkpt lat="50.77832" lon="4.74421">
        <ele>65</ele>
      </trkpt>
      <trkpt lat="50.77792" lon="4.7444">
        <ele>65</ele>
      </trkpt>
      <trkpt lat="50.77758" lon="4.74469">
        <ele>63</ele>
      </trkpt>
      <trkpt lat="50.77767" lon="4.74569">
        <ele>65</ele>
      </trkpt>
      <trkpt lat="50.7777" lon="4.74599">
        <ele>67</ele>
      </trkpt>
      <trkpt lat="50.77767" lon="4.74635">
        <ele>67</ele>
      </trkpt>
      <trkpt lat="50.77758" lon="4.74672">
        <ele>67</ele>
      </trkpt>
      <trkpt lat="50.77748" lon="4.74698">
        <ele>67</ele>
      </trkpt>
      <trkpt lat="50.77728" lon="4.74738">
        <ele>68</ele>
      </trkpt>
      <trkpt lat="50.77721" lon="4.74761">
        <ele>68</ele>
      </trkpt>
      <trkpt lat="50.77718" lon="4.74784">
        <ele>69</ele>
      </trkpt>
      <trkpt lat="50.77717" lon="4.74823">
        <ele>69</ele>
      </trkpt>
      <trkpt lat="50.77719" lon="4.74862">
        <ele>69</ele>
      </trkpt>
      <trkpt lat="50.77727" lon="4.74916">
        <ele>68</ele>
      </trkpt>
      <trkpt lat="50.77744" lon="4.75008">
        <ele>68</ele>
      </trkpt>
      <trkpt lat="50.7775" lon="4.75032">
        <ele>68</ele>
      </trkpt>
      <trkpt lat="50.77768" lon="4.75064">
        <ele>68</ele>
      </trkpt>
      <trkpt lat="50.77794" lon="4.751">
        <ele>70</ele>
      </trkpt>
      <trkpt lat="50.77801" lon="4.75115">
        <ele>70</ele>
      </trkpt>
      <trkpt lat="50.77848" lon="4.75355">
        <ele>71</ele>
      </trkpt>
      <trkpt lat="50.77887" lon="4.75528">
        <ele>70</ele>
      </trkpt>
      <trkpt lat="50.77889" lon="4.75543">
        <ele>71</ele>
      </trkpt>
      <trkpt lat="50.77888" lon="4.75566">
        <ele>71</ele>
      </trkpt>
      <trkpt lat="50.77856" lon="4.75741">
        <ele>72</ele>
      </trkpt>
      <trkpt lat="50.77851" lon="4.75767">
        <ele>72</ele>
      </trkpt>
      <trkpt lat="50.77849" lon="4.75796">
        <ele>72</ele>
      </trkpt>
      <trkpt lat="50.77849" lon="4.75844">
        <ele>71</ele>
      </trkpt>
      <trkpt lat="50.77863" lon="4.75971">
        <ele>70</ele>
      </trkpt>
      <trkpt lat="50.77868" lon="4.76043">
        <ele>71</ele>
      </trkpt>
      <trkpt lat="50.77868" lon="4.76091">
        <ele>72</ele>
      </trkpt>
      <trkpt lat="50.77864" lon="4.76157">
        <ele>74</ele>
      </trkpt>
      <trkpt lat="50.77807" lon="4.76585">
        <ele>86</ele>
      </trkpt>
      <trkpt lat="50.77797" lon="4.76666">
        <ele>87</ele>
      </trkpt>
      <trkpt lat="50.77792" lon="4.76721">
        <ele>88</ele>
      </trkpt>
      <trkpt lat="50.77794" lon="4.76763">
        <ele>88</ele>
      </trkpt>
      <trkpt lat="50.77803" lon="4.76828">
        <ele>88</ele>
      </trkpt>
      <trkpt lat="50.77814" lon="4.76861">
        <ele>88</ele>
      </trkpt>
      <trkpt lat="50.77867" lon="4.76995">
        <ele>87</ele>
      </trkpt>
      <trkpt lat="50.77883" lon="4.77041">
        <ele>87</ele>
      </trkpt>
      <trkpt lat="50.77899" lon="4.77095">
        <ele>86</ele>
      </trkpt>
      <trkpt lat="50.77907" lon="4.77112">
        <ele>86</ele>
      </trkpt>
      <trkpt lat="50.77953" lon="4.77176">
        <ele>86</ele>
      </trkpt>
      <trkpt lat="50.77989" lon="4.77211">
        <ele>85</ele>
      </trkpt>
      <trkpt lat="50.78016" lon="4.77233">
        <ele>84</ele>
      </trkpt>
      <trkpt lat="50.78027" lon="4.7725">
        <ele>84</ele>
      </trkpt>
      <trkpt lat="50.78033" lon="4.77272">
        <ele>84</ele>
      </trkpt>
      <trkpt lat="50.78045" lon="4.77384">
        <ele>82</ele>
      </trkpt>
      <trkpt lat="50.78056" lon="4.77425">
        <ele>81</ele>
      </trkpt>
      <trkpt lat="50.78062" lon="4.77458">
        <ele>81</ele>
      </trkpt>
      <trkpt lat="50.78063" lon="4.77498">
        <ele>80</ele>
      </trkpt>
      <trkpt lat="50.78065" lon="4.77585">
        <ele>80</ele>
      </trkpt>
      <trkpt lat="50.7806" lon="4.77608">
        <ele>79</ele>
      </trkpt>
      <trkpt lat="50.78061" lon="4.77633">
        <ele>79</ele>
      </trkpt>
      <trkpt lat="50.78096" lon="4.77635">
        <ele>79</ele>
      </trkpt>
      <trkpt lat="50.78102" lon="4.77627">
        <ele>79</ele>
      </trkpt>
      <trkpt lat="50.78165" lon="4.776">
        <ele>79</ele>
      </trkpt>
      <trkpt lat="50.78182" lon="4.77599">
        <ele>79</ele>
      </trkpt>
      <trkpt lat="50.78235" lon="4.77611">
        <ele>80</ele>
      </trkpt>
      <trkpt lat="50.78251" lon="4.77608">
        <ele>80</ele>
      </trkpt>
      <trkpt lat="50.78297" lon="4.77579">
        <ele>81</ele>
      </trkpt>
      <trkpt lat="50.78312" lon="4.77574">
        <ele>81</ele>
      </trkpt>
      <trkpt lat="50.78354" lon="4.7757">
        <ele>82</ele>
      </trkpt>
      <trkpt lat="50.78373" lon="4.77566">
        <ele>82</ele>
      </trkpt>
      <trkpt lat="50.78401" lon="4.77554">
        <ele>83</ele>
      </trkpt>
      <trkpt lat="50.78421" lon="4.77541">
        <ele>83</ele>
      </trkpt>
      <trkpt lat="50.78465" lon="4.77511">
        <ele>84</ele>
      </trkpt>
      <trkpt lat="50.78476" lon="4.77507">
        <ele>84</ele>
      </trkpt>
      <trkpt lat="50.78503" lon="4.77505">
        <ele>85</ele>
      </trkpt>
      <trkpt lat="50.78745" lon="4.77509">
        <ele>90</ele>
      </trkpt>
      <trkpt lat="50.78825" lon="4.77502">
        <ele>91</ele>
      </trkpt>
      <trkpt lat="50.78975" lon="4.77463">
        <ele>93</ele>
      </trkpt>
      <trkpt lat="50.79136" lon="4.77377">
        <ele>99</ele>
      </trkpt>
      <trkpt lat="50.79171" lon="4.77362">
        <ele>100</ele>
      </trkpt>
      <trkpt lat="50.79217" lon="4.77354">
        <ele>101</ele>
      </trkpt>
      <trkpt lat="50.79264" lon="4.77364">
        <ele>101</ele>
      </trkpt>
      <trkpt lat="50.79301" lon="4.77384">
        <ele>101</ele>
      </trkpt>
      <trkpt lat="50.79308" lon="4.77387">
        <ele>101</ele>
      </trkpt>
      <trkpt lat="50.79408" lon="4.77468">
        <ele>100</ele>
      </trkpt>
      <trkpt lat="50.79458" lon="4.7751">
        <ele>99</ele>
      </trkpt>
      <trkpt lat="50.79564" lon="4.77607">
        <ele>96</ele>
      </trkpt>
      <trkpt lat="50.79747" lon="4.77806">
        <ele>90</ele>
      </trkpt>
      <trkpt lat="50.799" lon="4.77963">
        <ele>87</ele>
      </trkpt>
      <trkpt lat="50.80049" lon="4.78048">
        <ele>85</ele>
      </trkpt>
      <trkpt lat="50.8019" lon="4.78143">
        <ele>82</ele>
      </trkpt>
      <trkpt lat="50.80234" lon="4.78157">
        <ele>82</ele>
      </trkpt>
      <trkpt lat="50.80535" lon="4.78194">
        <ele>80</ele>
      </trkpt>
      <trkpt lat="50.80554" lon="4.78206">
        <ele>80</ele>
      </trkpt>
      <trkpt lat="50.80732" lon="4.78348">
        <ele>78</ele>
      </trkpt>
      <trkpt lat="50.80781" lon="4.78399">
        <ele>78</ele>
      </trkpt>
      <trkpt lat="50.80818" lon="4.78448">
        <ele>77</ele>
      </trkpt>
      <trkpt lat="50.80862" lon="4.78515">
        <ele>76</ele>
      </trkpt>
      <trkpt lat="50.8099" lon="4.78721">
        <ele>75</ele>
      </trkpt>
      <trkpt lat="50.81027" lon="4.78773">
        <ele>75</ele>
      </trkpt>
      <trkpt lat="50.81099" lon="4.78865">
        <ele>76</ele>
      </trkpt>
      <trkpt lat="50.81124" lon="4.78905">
        <ele>76</ele>
      </trkpt>
      <trkpt lat="50.81139" lon="4.78937">
        <ele>77</ele>
      </trkpt>
      <trkpt lat="50.81165" lon="4.78994">
        <ele>78</ele>
      </trkpt>
      <trkpt lat="50.812" lon="4.79063">
        <ele>79</ele>
      </trkpt>
      <trkpt lat="50.81168" lon="4.79147">
        <ele>77</ele>
      </trkpt>
      <trkpt lat="50.81155" lon="4.79177">
        <ele>77</ele>
      </trkpt>
      <trkpt lat="50.81131" lon="4.79224">
        <ele>76</ele>
      </trkpt>
      <trkpt lat="50.8111" lon="4.79254">
        <ele>75</ele>
      </trkpt>
      <trkpt lat="50.81097" lon="4.7927">
        <ele>75</ele>
      </trkpt>
      <trkpt lat="50.81077" lon="4.79294">
        <ele>74</ele>
      </trkpt>
      <trkpt lat="50.81053" lon="4.79313">
        <ele>74</ele>
      </trkpt>
      <trkpt lat="50.81024" lon="4.79332">
        <ele>74</ele>
      </trkpt>
      <trkpt lat="50.80999" lon="4.79338">
        <ele>74</ele>
      </trkpt>
      <trkpt lat="50.8094" lon="4.79364">
        <ele>75</ele>
      </trkpt>
      <trkpt lat="50.8091" lon="4.79385">
        <ele>76</ele>
      </trkpt>
      <trkpt lat="50.80885" lon="4.79408">
        <ele>76</ele>
      </trkpt>
      <trkpt lat="50.8087" lon="4.79426">
        <ele>76</ele>
      </trkpt>
      <trkpt lat="50.80853" lon="4.7945">
        <ele>76</ele>
      </trkpt>
      <trkpt lat="50.80831" lon="4.79492">
        <ele>77</ele>
      </trkpt>
      <trkpt lat="50.80684" lon="4.79886">
        <ele>82</ele>
      </trkpt>
      <trkpt lat="50.80438" lon="4.80528">
        <ele>92</ele>
      </trkpt>
      <trkpt lat="50.80375" lon="4.80681">
        <ele>93</ele>
      </trkpt>
      <trkpt lat="50.8023" lon="4.80977">
        <ele>90</ele>
      </trkpt>
      <trkpt lat="50.80083" lon="4.81281">
        <ele>85</ele>
      </trkpt>
      <trkpt lat="50.80066" lon="4.81324">
        <ele>85</ele>
      </trkpt>
      <trkpt lat="50.80052" lon="4.81372">
        <ele>84</ele>
      </trkpt>
      <trkpt lat="50.79995" lon="4.81736">
        <ele>84</ele>
      </trkpt>
      <trkpt lat="50.79989" lon="4.81766">
        <ele>84</ele>
      </trkpt>
      <trkpt lat="50.7998" lon="4.81803">
        <ele>83</ele>
      </trkpt>
      <trkpt lat="50.79959" lon="4.81855">
        <ele>82</ele>
      </trkpt>
      <trkpt lat="50.79991" lon="4.81882">
        <ele>83</ele>
      </trkpt>
      <trkpt lat="50.80107" lon="4.81957">
        <ele>83</ele>
      </trkpt>
      <trkpt lat="50.80139" lon="4.81979">
        <ele>82</ele>
      </trkpt>
      <trkpt lat="50.80152" lon="4.81994">
        <ele>82</ele>
      </trkpt>
      <trkpt lat="50.80172" lon="4.82022">
        <ele>81</ele>
      </trkpt>
      <trkpt lat="50.80241" lon="4.82137">
        <ele>79</ele>
      </trkpt>
      <trkpt lat="50.8028" lon="4.82198">
        <ele>80</ele>
      </trkpt>
      <trkpt lat="50.80883" lon="4.82936">
        <ele>84</ele>
      </trkpt>
      <trkpt lat="50.80979" lon="4.83054">
        <ele>82</ele>
      </trkpt>
      <trkpt lat="50.81005" lon="4.83088">
        <ele>82</ele>
      </trkpt>
      <trkpt lat="50.81024" lon="4.83124">
        <ele>82</ele>
      </trkpt>
      <trkpt lat="50.81041" lon="4.83164">
        <ele>81</ele>
      </trkpt>
      <trkpt lat="50.81056" lon="4.83205">
        <ele>81</ele>
      </trkpt>
      <trkpt lat="50.81068" lon="4.83254">
        <ele>80</ele>
      </trkpt>
      <trkpt lat="50.8112" lon="4.8354">
        <ele>79</ele>
      </trkpt>
      <trkpt lat="50.81122" lon="4.83562">
        <ele>79</ele>
      </trkpt>
      <trkpt lat="50.81121" lon="4.83582">
        <ele>79</ele>
      </trkpt>
      <trkpt lat="50.81111" lon="4.83645">
        <ele>79</ele>
      </trkpt>
      <trkpt lat="50.81111" lon="4.83668">
        <ele>78</ele>
      </trkpt>
      <trkpt lat="50.81124" lon="4.83853">
        <ele>76</ele>
      </trkpt>
      <trkpt lat="50.81132" lon="4.83927">
        <ele>75</ele>
      </trkpt>
      <trkpt lat="50.81156" lon="4.84022">
        <ele>73</ele>
      </trkpt>
      <trkpt lat="50.81157" lon="4.84038">
        <ele>72</ele>
      </trkpt>
      <trkpt lat="50.81157" lon="4.84054">
        <ele>72</ele>
      </trkpt>
      <trkpt lat="50.81155" lon="4.84073">
        <ele>71</ele>
      </trkpt>
      <trkpt lat="50.81147" lon="4.84102">
        <ele>71</ele>
      </trkpt>
      <trkpt lat="50.81144" lon="4.84121">
        <ele>70</ele>
      </trkpt>
      <trkpt lat="50.81144" lon="4.8414">
        <ele>70</ele>
      </trkpt>
      <trkpt lat="50.81147" lon="4.84167">
        <ele>69</ele>
      </trkpt>
      <trkpt lat="50.81165" lon="4.84263">
        <ele>69</ele>
      </trkpt>
      <trkpt lat="50.81172" lon="4.8429">
        <ele>69</ele>
      </trkpt>
      <trkpt lat="50.81184" lon="4.84321">
        <ele>70</ele>
      </trkpt>
      <trkpt lat="50.81192" lon="4.84338">
        <ele>70</ele>
      </trkpt>
      <trkpt lat="50.81264" lon="4.84461">
        <ele>76</ele>
      </trkpt>
      <trkpt lat="50.81281" lon="4.84498">
        <ele>76</ele>
      </trkpt>
      <trkpt lat="50.81358" lon="4.84412">
        <ele>79</ele>
      </trkpt>
      <trkpt lat="50.81377" lon="4.84396">
        <ele>80</ele>
      </trkpt>
      <trkpt lat="50.81397" lon="4.84383">
        <ele>80</ele>
      </trkpt>
      <trkpt lat="50.81419" lon="4.84373">
        <ele>80</ele>
      </trkpt>
      <trkpt lat="50.81437" lon="4.84371">
        <ele>81</ele>
      </trkpt>
      <trkpt lat="50.8146" lon="4.84373">
        <ele>81</ele>
      </trkpt>
      <trkpt lat="50.81498" lon="4.8438">
        <ele>81</ele>
      </trkpt>
      <trkpt lat="50.81519" lon="4.8438">
        <ele>81</ele>
      </trkpt>
      <trkpt lat="50.81538" lon="4.84376">
        <ele>80</ele>
      </trkpt>
      <trkpt lat="50.81972" lon="4.84171">
        <ele>78</ele>
      </trkpt>
      <trkpt lat="50.82432" lon="4.83954">
        <ele>73</ele>
      </trkpt>
      <trkpt lat="50.82707" lon="4.83821">
        <ele>69</ele>
      </trkpt>
      <trkpt lat="50.82731" lon="4.83803">
        <ele>70</ele>
      </trkpt>
      <trkpt lat="50.82756" lon="4.83778">
        <ele>69</ele>
      </trkpt>
      <trkpt lat="50.82781" lon="4.83749">
        <ele>68</ele>
      </trkpt>
      <trkpt lat="50.82803" lon="4.83712">
        <ele>68</ele>
      </trkpt>
      <trkpt lat="50.82823" lon="4.83669">
        <ele>67</ele>
      </trkpt>
      <trkpt lat="50.82842" lon="4.83633">
        <ele>67</ele>
      </trkpt>
      <trkpt lat="50.82901" lon="4.83557">
        <ele>66</ele>
      </trkpt>
      <trkpt lat="50.8295" lon="4.83499">
        <ele>65</ele>
      </trkpt>
      <trkpt lat="50.82976" lon="4.8346">
        <ele>64</ele>
      </trkpt>
      <trkpt lat="50.82993" lon="4.83414">
        <ele>62</ele>
      </trkpt>
      <trkpt lat="50.83006" lon="4.83394">
        <ele>62</ele>
      </trkpt>
      <trkpt lat="50.83025" lon="4.83371">
        <ele>61</ele>
      </trkpt>
      <trkpt lat="50.83036" lon="4.83352">
        <ele>61</ele>
      </trkpt>
      <trkpt lat="50.83043" lon="4.83328">
        <ele>60</ele>
      </trkpt>
      <trkpt lat="50.83047" lon="4.83329">
        <ele>60</ele>
      </trkpt>
      <trkpt lat="50.8306" lon="4.83332">
        <ele>60</ele>
      </trkpt>
      <trkpt lat="50.83087" lon="4.83319">
        <ele>59</ele>
      </trkpt>
      <trkpt lat="50.83107" lon="4.83319">
        <ele>58</ele>
      </trkpt>
      <trkpt lat="50.83127" lon="4.83324">
        <ele>58</ele>
      </trkpt>
      <trkpt lat="50.8315" lon="4.83341">
        <ele>58</ele>
      </trkpt>
      <trkpt lat="50.83198" lon="4.83383">
        <ele>57</ele>
      </trkpt>
      <trkpt lat="50.8322" lon="4.83395">
        <ele>57</ele>
      </trkpt>
      <trkpt lat="50.83229" lon="4.83398">
        <ele>57</ele>
      </trkpt>
      <trkpt lat="50.83254" lon="4.83404">
        <ele>57</ele>
      </trkpt>
      <trkpt lat="50.83272" lon="4.83403">
        <ele>57</ele>
      </trkpt>
      <trkpt lat="50.83328" lon="4.83388">
        <ele>57</ele>
      </trkpt>
      <trkpt lat="50.8334" lon="4.83369">
        <ele>57</ele>
      </trkpt>
      <trkpt lat="50.83344" lon="4.83374">
        <ele>57</ele>
      </trkpt>
      <trkpt lat="50.83352" lon="4.83377">
        <ele>57</ele>
      </trkpt>
      <trkpt lat="50.83404" lon="4.83368">
        <ele>57</ele>
      </trkpt>
      <trkpt lat="50.83419" lon="4.83375">
        <ele>57</ele>
      </trkpt>
      <trkpt lat="50.83432" lon="4.83387">
        <ele>57</ele>
      </trkpt>
      <trkpt lat="50.83471" lon="4.83457">
        <ele>57</ele>
      </trkpt>
      <trkpt lat="50.83509" lon="4.83527">
        <ele>57</ele>
      </trkpt>
      <trkpt lat="50.8355" lon="4.83625">
        <ele>56</ele>
      </trkpt>
      <trkpt lat="50.83571" lon="4.83669">
        <ele>56</ele>
      </trkpt>
      <trkpt lat="50.83596" lon="4.83718">
        <ele>55</ele>
      </trkpt>
      <trkpt lat="50.83627" lon="4.8377">
        <ele>56</ele>
      </trkpt>
      <trkpt lat="50.83667" lon="4.83831">
        <ele>57</ele>
      </trkpt>
      <trkpt lat="50.8377" lon="4.8408">
        <ele>54</ele>
      </trkpt>
      <trkpt lat="50.83811" lon="4.84131">
        <ele>54</ele>
      </trkpt>
      <trkpt lat="50.83847" lon="4.84165">
        <ele>54</ele>
      </trkpt>
      <trkpt lat="50.83869" lon="4.84099">
        <ele>54</ele>
      </trkpt>
      <trkpt lat="50.83879" lon="4.84067">
        <ele>54</ele>
      </trkpt>
      <trkpt lat="50.83889" lon="4.84069">
        <ele>53</ele>
      </trkpt>
      <trkpt lat="50.83935" lon="4.84054">
        <ele>53</ele>
      </trkpt>
      <trkpt lat="50.83948" lon="4.84047">
        <ele>53</ele>
      </trkpt>
      <trkpt lat="50.84003" lon="4.83994">
        <ele>55</ele>
      </trkpt>
      <trkpt lat="50.8402" lon="4.83969">
        <ele>56</ele>
      </trkpt>
      <trkpt lat="50.84052" lon="4.8392">
        <ele>57</ele>
      </trkpt>
      <trkpt lat="50.84151" lon="4.83779">
        <ele>59</ele>
      </trkpt>
      <trkpt lat="50.84201" lon="4.83721">
        <ele>61</ele>
      </trkpt>
      <trkpt lat="50.84229" lon="4.83688">
        <ele>60</ele>
      </trkpt>
      <trkpt lat="50.84322" lon="4.8357">
        <ele>61</ele>
      </trkpt>
      <trkpt lat="50.84351" lon="4.83529">
        <ele>61</ele>
      </trkpt>
      <trkpt lat="50.84407" lon="4.83399">
        <ele>62</ele>
      </trkpt>
      <trkpt lat="50.84492" lon="4.83208">
        <ele>63</ele>
      </trkpt>
      <trkpt lat="50.84561" lon="4.83027">
        <ele>63</ele>
      </trkpt>
      <trkpt lat="50.84574" lon="4.82998">
        <ele>63</ele>
      </trkpt>
      <trkpt lat="50.84623" lon="4.82915">
        <ele>64</ele>
      </trkpt>
      <trkpt lat="50.8466" lon="4.82872">
        <ele>65</ele>
      </trkpt>
      <trkpt lat="50.847" lon="4.82833">
        <ele>65</ele>
      </trkpt>
      <trkpt lat="50.84736" lon="4.82784">
        <ele>66</ele>
      </trkpt>
      <trkpt lat="50.84787" lon="4.82661">
        <ele>70</ele>
      </trkpt>
      <trkpt lat="50.84792" lon="4.82648">
        <ele>70</ele>
      </trkpt>
      <trkpt lat="50.84796" lon="4.82621">
        <ele>71</ele>
      </trkpt>
      <trkpt lat="50.84796" lon="4.82584">
        <ele>72</ele>
      </trkpt>
      <trkpt lat="50.84781" lon="4.82517">
        <ele>74</ele>
      </trkpt>
      <trkpt lat="50.84778" lon="4.82486">
        <ele>74</ele>
      </trkpt>
      <trkpt lat="50.84779" lon="4.8245">
        <ele>75</ele>
      </trkpt>
      <trkpt lat="50.84809" lon="4.82223">
        <ele>79</ele>
      </trkpt>
      <trkpt lat="50.84813" lon="4.82189">
        <ele>80</ele>
      </trkpt>
      <trkpt lat="50.84817" lon="4.82113">
        <ele>80</ele>
      </trkpt>
      <trkpt lat="50.84822" lon="4.82095">
        <ele>80</ele>
      </trkpt>
      <trkpt lat="50.84852" lon="4.82118">
        <ele>79</ele>
      </trkpt>
      <trkpt lat="50.84876" lon="4.82138">
        <ele>79</ele>
      </trkpt>
      <trkpt lat="50.84906" lon="4.82157">
        <ele>78</ele>
      </trkpt>
      <trkpt lat="50.84934" lon="4.8217">
        <ele>77</ele>
      </trkpt>
      <trkpt lat="50.84973" lon="4.82183">
        <ele>77</ele>
      </trkpt>
      <trkpt lat="50.85004" lon="4.8219">
        <ele>77</ele>
      </trkpt>
      <trkpt lat="50.85064" lon="4.82199">
        <ele>78</ele>
      </trkpt>
      <trkpt lat="50.85127" lon="4.82204">
        <ele>78</ele>
      </trkpt>
      <trkpt lat="50.85278" lon="4.8221">
        <ele>73</ele>
      </trkpt>
      <trkpt lat="50.85329" lon="4.82206">
        <ele>71</ele>
      </trkpt>
      <trkpt lat="50.85522" lon="4.82165">
        <ele>67</ele>
      </trkpt>
      <trkpt lat="50.8588" lon="4.82172">
        <ele>65</ele>
      </trkpt>
      <trkpt lat="50.86079" lon="4.82175">
        <ele>63</ele>
      </trkpt>
      <trkpt lat="50.86093" lon="4.8218">
        <ele>63</ele>
      </trkpt>
      <trkpt lat="50.86101" lon="4.82186">
        <ele>63</ele>
      </trkpt>
      <trkpt lat="50.86107" lon="4.82194">
        <ele>63</ele>
      </trkpt>
      <trkpt lat="50.86122" lon="4.82243">
        <ele>64</ele>
      </trkpt>
      <trkpt lat="50.86132" lon="4.82263">
        <ele>63</ele>
      </trkpt>
      <trkpt lat="50.86191" lon="4.82338">
        <ele>63</ele>
      </trkpt>
      <trkpt lat="50.86202" lon="4.8236">
        <ele>63</ele>
      </trkpt>
      <trkpt lat="50.8627" lon="4.82515">
        <ele>64</ele>
      </trkpt>
      <trkpt lat="50.86309" lon="4.82594">
        <ele>64</ele>
      </trkpt>
      <trkpt lat="50.86315" lon="4.8261">
        <ele>64</ele>
      </trkpt>
      <trkpt lat="50.86318" lon="4.82619">
        <ele>65</ele>
      </trkpt>
      <trkpt lat="50.86329" lon="4.82661">
        <ele>65</ele>
      </trkpt>
      <trkpt lat="50.86337" lon="4.82679">
        <ele>65</ele>
      </trkpt>
      <trkpt lat="50.86351" lon="4.82697">
        <ele>65</ele>
      </trkpt>
      <trkpt lat="50.86362" lon="4.82703">
        <ele>65</ele>
      </trkpt>
      <trkpt lat="50.86381" lon="4.82705">
        <ele>65</ele>
      </trkpt>
      <trkpt lat="50.86389" lon="4.82702">
        <ele>65</ele>
      </trkpt>
      <trkpt lat="50.86437" lon="4.82669">
        <ele>64</ele>
      </trkpt>
      <trkpt lat="50.8645" lon="4.82667">
        <ele>65</ele>
      </trkpt>
      <trkpt lat="50.86475" lon="4.82679">
        <ele>65</ele>
      </trkpt>
      <trkpt lat="50.86493" lon="4.82692">
        <ele>66</ele>
      </trkpt>
      <trkpt lat="50.86584" lon="4.82771">
        <ele>70</ele>
      </trkpt>
      <trkpt lat="50.86648" lon="4.82832">
        <ele>72</ele>
      </trkpt>
      <trkpt lat="50.86711" lon="4.82917">
        <ele>74</ele>
      </trkpt>
      <trkpt lat="50.86732" lon="4.82943">
        <ele>73</ele>
      </trkpt>
      <trkpt lat="50.86795" lon="4.83009">
        <ele>72</ele>
      </trkpt>
      <trkpt lat="50.86811" lon="4.83035">
        <ele>71</ele>
      </trkpt>
      <trkpt lat="50.86852" lon="4.8313">
        <ele>69</ele>
      </trkpt>
      <trkpt lat="50.86898" lon="4.83215">
        <ele>68</ele>
      </trkpt>
      <trkpt lat="50.87065" lon="4.83525">
        <ele>66</ele>
      </trkpt>
      <trkpt lat="50.87089" lon="4.8356">
        <ele>65</ele>
      </trkpt>
      <trkpt lat="50.87156" lon="4.8363">
        <ele>65</ele>
      </trkpt>
      <trkpt lat="50.87282" lon="4.83817">
        <ele>62</ele>
      </trkpt>
      <trkpt lat="50.87303" lon="4.83842">
        <ele>61</ele>
      </trkpt>
      <trkpt lat="50.87331" lon="4.83865">
        <ele>61</ele>
      </trkpt>
      <trkpt lat="50.87422" lon="4.8392">
        <ele>59</ele>
      </trkpt>
      <trkpt lat="50.87543" lon="4.83992">
        <ele>58</ele>
      </trkpt>
      <trkpt lat="50.87601" lon="4.84034">
        <ele>58</ele>
      </trkpt>
      <trkpt lat="50.87764" lon="4.84182">
        <ele>55</ele>
      </trkpt>
      <trkpt lat="50.87815" lon="4.84231">
        <ele>54</ele>
      </trkpt>
      <trkpt lat="50.87842" lon="4.84262">
        <ele>54</ele>
      </trkpt>
      <trkpt lat="50.87909" lon="4.84352">
        <ele>52</ele>
      </trkpt>
      <trkpt lat="50.87915" lon="4.84356">
        <ele>52</ele>
      </trkpt>
      <trkpt lat="50.87925" lon="4.84351">
        <ele>52</ele>
      </trkpt>
      <trkpt lat="50.88024" lon="4.84257">
        <ele>51</ele>
      </trkpt>
      <trkpt lat="50.88066" lon="4.84226">
        <ele>53</ele>
      </trkpt>
      <trkpt lat="50.88089" lon="4.84193">
        <ele>55</ele>
      </trkpt>
      <trkpt lat="50.8811" lon="4.84168">
        <ele>57</ele>
      </trkpt>
      <trkpt lat="50.88143" lon="4.84135">
        <ele>58</ele>
      </trkpt>
      <trkpt lat="50.88148" lon="4.84132">
        <ele>59</ele>
      </trkpt>
      <trkpt lat="50.88152" lon="4.84141">
        <ele>59</ele>
      </trkpt>
      <trkpt lat="50.88162" lon="4.84145">
        <ele>59</ele>
      </trkpt>
      <trkpt lat="50.88169" lon="4.8414">
        <ele>59</ele>
      </trkpt>
      <trkpt lat="50.88172" lon="4.84135">
        <ele>59</ele>
      </trkpt>
      <trkpt lat="50.88173" lon="4.8413">
        <ele>59</ele>
      </trkpt>
      <trkpt lat="50.88173" lon="4.84119">
        <ele>59</ele>
      </trkpt>
      <trkpt lat="50.88171" lon="4.84112">
        <ele>59</ele>
      </trkpt>
      <trkpt lat="50.8818" lon="4.84101">
        <ele>59</ele>
      </trkpt>
      <trkpt lat="50.88298" lon="4.83933">
        <ele>58</ele>
      </trkpt>
      <trkpt lat="50.88327" lon="4.83893">
        <ele>59</ele>
      </trkpt>
      <trkpt lat="50.88359" lon="4.83856">
        <ele>59</ele>
      </trkpt>
      <trkpt lat="50.88438" lon="4.83778">
        <ele>60</ele>
      </trkpt>
      <trkpt lat="50.88467" lon="4.83743">
        <ele>61</ele>
      </trkpt>
      <trkpt lat="50.88544" lon="4.83624">
        <ele>62</ele>
      </trkpt>
      <trkpt lat="50.88731" lon="4.83415">
        <ele>65</ele>
      </trkpt>
      <trkpt lat="50.88744" lon="4.83404">
        <ele>65</ele>
      </trkpt>
      <trkpt lat="50.88766" lon="4.83394">
        <ele>65</ele>
      </trkpt>
      <trkpt lat="50.88782" lon="4.8339">
        <ele>65</ele>
      </trkpt>
      <trkpt lat="50.88842" lon="4.83388">
        <ele>66</ele>
      </trkpt>
      <trkpt lat="50.8887" lon="4.83391">
        <ele>66</ele>
      </trkpt>
      <trkpt lat="50.89164" lon="4.83446">
        <ele>55</ele>
      </trkpt>
      <trkpt lat="50.89186" lon="4.83447">
        <ele>54</ele>
      </trkpt>
      <trkpt lat="50.8921" lon="4.8344">
        <ele>53</ele>
      </trkpt>
      <trkpt lat="50.89233" lon="4.83428">
        <ele>52</ele>
      </trkpt>
      <trkpt lat="50.89255" lon="4.83408">
        <ele>51</ele>
      </trkpt>
      <trkpt lat="50.89302" lon="4.83358">
        <ele>48</ele>
      </trkpt>
      <trkpt lat="50.89376" lon="4.83276">
        <ele>45</ele>
      </trkpt>
      <trkpt lat="50.8954" lon="4.83039">
        <ele>44</ele>
      </trkpt>
      <trkpt lat="50.89563" lon="4.83013">
        <ele>44</ele>
      </trkpt>
      <trkpt lat="50.8958" lon="4.82998">
        <ele>44</ele>
      </trkpt>
      <trkpt lat="50.8953" lon="4.82821">
        <ele>46</ele>
      </trkpt>
      <trkpt lat="50.8952" lon="4.82798">
        <ele>46</ele>
      </trkpt>
      <trkpt lat="50.89508" lon="4.82781">
        <ele>46</ele>
      </trkpt>
      <trkpt lat="50.89432" lon="4.82696">
        <ele>48</ele>
      </trkpt>
      <trkpt lat="50.89417" lon="4.82678">
        <ele>48</ele>
      </trkpt>
      <trkpt lat="50.89405" lon="4.82658">
        <ele>48</ele>
      </trkpt>
      <trkpt lat="50.89397" lon="4.82638">
        <ele>48</ele>
      </trkpt>
      <trkpt lat="50.89367" lon="4.8254">
        <ele>48</ele>
      </trkpt>
      <trkpt lat="50.8935" lon="4.82487">
        <ele>49</ele>
      </trkpt>
      <trkpt lat="50.89335" lon="4.82446">
        <ele>49</ele>
      </trkpt>
      <trkpt lat="50.89292" lon="4.82344">
        <ele>49</ele>
      </trkpt>
      <trkpt lat="50.89251" lon="4.82217">
        <ele>50</ele>
      </trkpt>
      <trkpt lat="50.89191" lon="4.81997">
        <ele>49</ele>
      </trkpt>
      <trkpt lat="50.89192" lon="4.81985">
        <ele>49</ele>
      </trkpt>
      <trkpt lat="50.8921" lon="4.81933">
        <ele>48</ele>
      </trkpt>
      <trkpt lat="50.89228" lon="4.81875">
        <ele>48</ele>
      </trkpt>
      <trkpt lat="50.89244" lon="4.81819">
        <ele>48</ele>
      </trkpt>
      <trkpt lat="50.89251" lon="4.81786">
        <ele>48</ele>
      </trkpt>
      <trkpt lat="50.89256" lon="4.81738">
        <ele>48</ele>
      </trkpt>
      <trkpt lat="50.89254" lon="4.81654">
        <ele>49</ele>
      </trkpt>
      <trkpt lat="50.89317" lon="4.81623">
        <ele>49</ele>
      </trkpt>
      <trkpt lat="50.89385" lon="4.8159">
        <ele>49</ele>
      </trkpt>
      <trkpt lat="50.89398" lon="4.81581">
        <ele>49</ele>
      </trkpt>
      <trkpt lat="50.89432" lon="4.81547">
        <ele>50</ele>
      </trkpt>
      <trkpt lat="50.89441" lon="4.81537">
        <ele>50</ele>
      </trkpt>
      <trkpt lat="50.89553" lon="4.81364">
        <ele>54</ele>
      </trkpt>
      <trkpt lat="50.8958" lon="4.81329">
        <ele>56</ele>
      </trkpt>
      <trkpt lat="50.89616" lon="4.81295">
        <ele>57</ele>
      </trkpt>
      <trkpt lat="50.89782" lon="4.81179">
        <ele>64</ele>
      </trkpt>
      <trkpt lat="50.8984" lon="4.81133">
        <ele>66</ele>
      </trkpt>
      <trkpt lat="50.8997" lon="4.80999">
        <ele>61</ele>
      </trkpt>
      <trkpt lat="50.90195" lon="4.80764">
        <ele>55</ele>
      </trkpt>
      <trkpt lat="50.90213" lon="4.8075">
        <ele>55</ele>
      </trkpt>
      <trkpt lat="50.90232" lon="4.80738">
        <ele>56</ele>
      </trkpt>
      <trkpt lat="50.90254" lon="4.80729">
        <ele>56</ele>
      </trkpt>
      <trkpt lat="50.90324" lon="4.8072">
        <ele>56</ele>
      </trkpt>
      <trkpt lat="50.90386" lon="4.8071">
        <ele>56</ele>
      </trkpt>
      <trkpt lat="50.9044" lon="4.80694">
        <ele>54</ele>
      </trkpt>
      <trkpt lat="50.90507" lon="4.80669">
        <ele>52</ele>
      </trkpt>
      <trkpt lat="50.90606" lon="4.8063">
        <ele>50</ele>
      </trkpt>
      <trkpt lat="50.90648" lon="4.80618">
        <ele>51</ele>
      </trkpt>
      <trkpt lat="50.9071" lon="4.80612">
        <ele>51</ele>
      </trkpt>
      <trkpt lat="50.90757" lon="4.80616">
        <ele>52</ele>
      </trkpt>
      <trkpt lat="50.90798" lon="4.80626">
        <ele>52</ele>
      </trkpt>
      <trkpt lat="50.90843" lon="4.80641">
        <ele>52</ele>
      </trkpt>
      <trkpt lat="50.90943" lon="4.80687">
        <ele>51</ele>
      </trkpt>
      <trkpt lat="50.90979" lon="4.80699">
        <ele>50</ele>
      </trkpt>
      <trkpt lat="50.91084" lon="4.80712">
        <ele>46</ele>
      </trkpt>
      <trkpt lat="50.91552" lon="4.80712">
        <ele>37</ele>
      </trkpt>
      <trkpt lat="50.91572" lon="4.80715">
        <ele>38</ele>
      </trkpt>
      <trkpt lat="50.91592" lon="4.80722">
        <ele>38</ele>
      </trkpt>
      <trkpt lat="50.91627" lon="4.80739">
        <ele>39</ele>
      </trkpt>
      <trkpt lat="50.91666" lon="4.80749">
        <ele>41</ele>
      </trkpt>
      <trkpt lat="50.91925" lon="4.80751">
        <ele>40</ele>
      </trkpt>
      <trkpt lat="50.91948" lon="4.80754">
        <ele>40</ele>
      </trkpt>
      <trkpt lat="50.91984" lon="4.80767">
        <ele>40</ele>
      </trkpt>
      <trkpt lat="50.92003" lon="4.80777">
        <ele>40</ele>
      </trkpt>
      <trkpt lat="50.92077" lon="4.80827">
        <ele>39</ele>
      </trkpt>
      <trkpt lat="50.9212" lon="4.80842">
        <ele>39</ele>
      </trkpt>
      <trkpt lat="50.92165" lon="4.8085">
        <ele>39</ele>
      </trkpt>
      <trkpt lat="50.92205" lon="4.80847">
        <ele>39</ele>
      </trkpt>
      <trkpt lat="50.92572" lon="4.80764">
        <ele>28</ele>
      </trkpt>
      <trkpt lat="50.92567" lon="4.80732">
        <ele>29</ele>
      </trkpt>
      <trkpt lat="50.92562" lon="4.80692">
        <ele>29</ele>
      </trkpt>
      <trkpt lat="50.92563" lon="4.80664">
        <ele>29</ele>
      </trkpt>
      <trkpt lat="50.92566" lon="4.80646">
        <ele>30</ele>
      </trkpt>
      <trkpt lat="50.92597" lon="4.80496">
        <ele>27</ele>
      </trkpt>
      <trkpt lat="50.92599" lon="4.80476">
        <ele>26</ele>
      </trkpt>
      <trkpt lat="50.92595" lon="4.80435">
        <ele>26</ele>
      </trkpt>
      <trkpt lat="50.92564" lon="4.80274">
        <ele>24</ele>
      </trkpt>
      <trkpt lat="50.92561" lon="4.80246">
        <ele>24</ele>
      </trkpt>
      <trkpt lat="50.92562" lon="4.80216">
        <ele>24</ele>
      </trkpt>
      <trkpt lat="50.92565" lon="4.80186">
        <ele>24</ele>
      </trkpt>
      <trkpt lat="50.92578" lon="4.80123">
        <ele>23</ele>
      </trkpt>
      <trkpt lat="50.9258" lon="4.80089">
        <ele>23</ele>
      </trkpt>
      <trkpt lat="50.92579" lon="4.80075">
        <ele>23</ele>
      </trkpt>
      <trkpt lat="50.92554" lon="4.79954">
        <ele>23</ele>
      </trkpt>
      <trkpt lat="50.92475" lon="4.79499">
        <ele>23</ele>
      </trkpt>
      <trkpt lat="50.92454" lon="4.79367">
        <ele>22</ele>
      </trkpt>
      <trkpt lat="50.92444" lon="4.79317">
        <ele>21</ele>
      </trkpt>
      <trkpt lat="50.9243" lon="4.7926">
        <ele>21</ele>
      </trkpt>
      <trkpt lat="50.92401" lon="4.79168">
        <ele>21</ele>
      </trkpt>
      <trkpt lat="50.92383" lon="4.79088">
        <ele>20</ele>
      </trkpt>
      <trkpt lat="50.92373" lon="4.7905">
        <ele>21</ele>
      </trkpt>
      <trkpt lat="50.92277" lon="4.788">
        <ele>21</ele>
      </trkpt>
      <trkpt lat="50.92264" lon="4.78763">
        <ele>21</ele>
      </trkpt>
      <trkpt lat="50.92256" lon="4.78734">
        <ele>21</ele>
      </trkpt>
      <trkpt lat="50.92245" lon="4.7868">
        <ele>20</ele>
      </trkpt>
      <trkpt lat="50.92239" lon="4.78641">
        <ele>20</ele>
      </trkpt>
      <trkpt lat="50.92235" lon="4.78581">
        <ele>20</ele>
      </trkpt>
      <trkpt lat="50.9223" lon="4.78546">
        <ele>20</ele>
      </trkpt>
      <trkpt lat="50.92224" lon="4.78524">
        <ele>20</ele>
      </trkpt>
      <trkpt lat="50.92214" lon="4.78495">
        <ele>20</ele>
      </trkpt>
      <trkpt lat="50.92147" lon="4.78352">
        <ele>21</ele>
      </trkpt>
      <trkpt lat="50.92114" lon="4.78266">
        <ele>21</ele>
      </trkpt>
      <trkpt lat="50.92096" lon="4.782">
        <ele>21</ele>
      </trkpt>
      <trkpt lat="50.92088" lon="4.78162">
        <ele>21</ele>
      </trkpt>
      <trkpt lat="50.92059" lon="4.77986">
        <ele>20</ele>
      </trkpt>
      <trkpt lat="50.92054" lon="4.77934">
        <ele>20</ele>
      </trkpt>
      <trkpt lat="50.92054" lon="4.77911">
        <ele>20</ele>
      </trkpt>
      <trkpt lat="50.92088" lon="4.77269">
        <ele>23</ele>
      </trkpt>
      <trkpt lat="50.9209" lon="4.77151">
        <ele>24</ele>
      </trkpt>
      <trkpt lat="50.92089" lon="4.77125">
        <ele>24</ele>
      </trkpt>
      <trkpt lat="50.92068" lon="4.76923">
        <ele>23</ele>
      </trkpt>
      <trkpt lat="50.92053" lon="4.76748">
        <ele>22</ele>
      </trkpt>
      <trkpt lat="50.92052" lon="4.76706">
        <ele>22</ele>
      </trkpt>
      <trkpt lat="50.92057" lon="4.7663">
        <ele>23</ele>
      </trkpt>
      <trkpt lat="50.92057" lon="4.76591">
        <ele>23</ele>
      </trkpt>
      <trkpt lat="50.92045" lon="4.76178">
        <ele>22</ele>
      </trkpt>
      <trkpt lat="50.92036" lon="4.76076">
        <ele>22</ele>
      </trkpt>
      <trkpt lat="50.92011" lon="4.75879">
        <ele>24</ele>
      </trkpt>
      <trkpt lat="50.92011" lon="4.75862">
        <ele>25</ele>
      </trkpt>
      <trkpt lat="50.92014" lon="4.7585">
        <ele>25</ele>
      </trkpt>
      <trkpt lat="50.92031" lon="4.75818">
        <ele>24</ele>
      </trkpt>
      <trkpt lat="50.92038" lon="4.75798">
        <ele>24</ele>
      </trkpt>
      <trkpt lat="50.92009" lon="4.75601">
        <ele>23</ele>
      </trkpt>
      <trkpt lat="50.92001" lon="4.7553">
        <ele>23</ele>
      </trkpt>
      <trkpt lat="50.91994" lon="4.75431">
        <ele>23</ele>
      </trkpt>
      <trkpt lat="50.91988" lon="4.75255">
        <ele>23</ele>
      </trkpt>
      <trkpt lat="50.91983" lon="4.75221">
        <ele>22</ele>
      </trkpt>
      <trkpt lat="50.91973" lon="4.75178">
        <ele>22</ele>
      </trkpt>
      <trkpt lat="50.91946" lon="4.75091">
        <ele>22</ele>
      </trkpt>
      <trkpt lat="50.91937" lon="4.75065">
        <ele>23</ele>
      </trkpt>
      <trkpt lat="50.91919" lon="4.75036">
        <ele>23</ele>
      </trkpt>
      <trkpt lat="50.91906" lon="4.75024">
        <ele>24</ele>
      </trkpt>
      <trkpt lat="50.91887" lon="4.75012">
        <ele>24</ele>
      </trkpt>
      <trkpt lat="50.9184" lon="4.75002">
        <ele>26</ele>
      </trkpt>
      <trkpt lat="50.91831" lon="4.74998">
        <ele>26</ele>
      </trkpt>
      <trkpt lat="50.91809" lon="4.7498">
        <ele>27</ele>
      </trkpt>
      <trkpt lat="50.91791" lon="4.74958">
        <ele>28</ele>
      </trkpt>
      <trkpt lat="50.91761" lon="4.74899">
        <ele>28</ele>
      </trkpt>
      <trkpt lat="50.91727" lon="4.74822">
        <ele>28</ele>
      </trkpt>
      <trkpt lat="50.91719" lon="4.74794">
        <ele>27</ele>
      </trkpt>
      <trkpt lat="50.91702" lon="4.7469">
        <ele>26</ele>
      </trkpt>
      <trkpt lat="50.91692" lon="4.74658">
        <ele>26</ele>
      </trkpt>
      <trkpt lat="50.91677" lon="4.7463">
        <ele>26</ele>
      </trkpt>
      <trkpt lat="50.91641" lon="4.74583">
        <ele>26</ele>
      </trkpt>
      <trkpt lat="50.91627" lon="4.74554">
        <ele>27</ele>
      </trkpt>
      <trkpt lat="50.91575" lon="4.7441">
        <ele>26</ele>
      </trkpt>
      <trkpt lat="50.91569" lon="4.74386">
        <ele>26</ele>
      </trkpt>
      <trkpt lat="50.91563" lon="4.7436">
        <ele>26</ele>
      </trkpt>
      <trkpt lat="50.91621" lon="4.74307">
        <ele>22</ele>
      </trkpt>
      <trkpt lat="50.91723" lon="4.74208">
        <ele>17</ele>
      </trkpt>
      <trkpt lat="50.91865" lon="4.74111">
        <ele>14</ele>
      </trkpt>
      <trkpt lat="50.91883" lon="4.74096">
        <ele>14</ele>
      </trkpt>
      <trkpt lat="50.92058" lon="4.73947">
        <ele>13</ele>
      </trkpt>
      <trkpt lat="50.92073" lon="4.73938">
        <ele>12</ele>
      </trkpt>
      <trkpt lat="50.92077" lon="4.73933">
        <ele>12</ele>
      </trkpt>
      <trkpt lat="50.92079" lon="4.73923">
        <ele>12</ele>
      </trkpt>
      <trkpt lat="50.92077" lon="4.73901">
        <ele>12</ele>
      </trkpt>
      <trkpt lat="50.92047" lon="4.73741">
        <ele>12</ele>
      </trkpt>
      <trkpt lat="50.92045" lon="4.73693">
        <ele>12</ele>
      </trkpt>
      <trkpt lat="50.92016" lon="4.73544">
        <ele>13</ele>
      </trkpt>
      <trkpt lat="50.92012" lon="4.73439">
        <ele>13</ele>
      </trkpt>
      <trkpt lat="50.92015" lon="4.73413">
        <ele>12</ele>
      </trkpt>
      <trkpt lat="50.92043" lon="4.7337">
        <ele>12</ele>
      </trkpt>
      <trkpt lat="50.92057" lon="4.73341">
        <ele>12</ele>
      </trkpt>
      <trkpt lat="50.92212" lon="4.72878">
        <ele>12</ele>
      </trkpt>
      <trkpt lat="50.92215" lon="4.72861">
        <ele>12</ele>
      </trkpt>
      <trkpt lat="50.92217" lon="4.72835">
        <ele>12</ele>
      </trkpt>
      <trkpt lat="50.92217" lon="4.72601">
        <ele>12</ele>
      </trkpt>
      <trkpt lat="50.92218" lon="4.7259">
        <ele>12</ele>
      </trkpt>
      <trkpt lat="50.92222" lon="4.72578">
        <ele>12</ele>
      </trkpt>
      <trkpt lat="50.92236" lon="4.72561">
        <ele>12</ele>
      </trkpt>
      <trkpt lat="50.92242" lon="4.72547">
        <ele>12</ele>
      </trkpt>
      <trkpt lat="50.92245" lon="4.72488">
        <ele>12</ele>
      </trkpt>
      <trkpt lat="50.92242" lon="4.72428">
        <ele>12</ele>
      </trkpt>
      <trkpt lat="50.92244" lon="4.72284">
        <ele>12</ele>
      </trkpt>
      <trkpt lat="50.92243" lon="4.72254">
        <ele>12</ele>
      </trkpt>
      <trkpt lat="50.92237" lon="4.72207">
        <ele>12</ele>
      </trkpt>
      <trkpt lat="50.92217" lon="4.72109">
        <ele>12</ele>
      </trkpt>
      <trkpt lat="50.92196" lon="4.72026">
        <ele>12</ele>
      </trkpt>
      <trkpt lat="50.92185" lon="4.71958">
        <ele>12</ele>
      </trkpt>
      <trkpt lat="50.92166" lon="4.71881">
        <ele>12</ele>
      </trkpt>
      <trkpt lat="50.92164" lon="4.71869">
        <ele>12</ele>
      </trkpt>
      <trkpt lat="50.92179" lon="4.71771">
        <ele>12</ele>
      </trkpt>
      <trkpt lat="50.9218" lon="4.71538">
        <ele>12</ele>
      </trkpt>
      <trkpt lat="50.92184" lon="4.71521">
        <ele>12</ele>
      </trkpt>
      <trkpt lat="50.92188" lon="4.71512">
        <ele>12</ele>
      </trkpt>
      <trkpt lat="50.92202" lon="4.71499">
        <ele>11</ele>
      </trkpt>
      <trkpt lat="50.92246" lon="4.71485">
        <ele>12</ele>
      </trkpt>
      <trkpt lat="50.92249" lon="4.7148">
        <ele>12</ele>
      </trkpt>
      <trkpt lat="50.92252" lon="4.71472">
        <ele>12</ele>
      </trkpt>
      <trkpt lat="50.92274" lon="4.71484">
        <ele>12</ele>
      </trkpt>
      <trkpt lat="50.92291" lon="4.71488">
        <ele>12</ele>
      </trkpt>
      <trkpt lat="50.92344" lon="4.715">
        <ele>12</ele>
      </trkpt>
      <trkpt lat="50.92379" lon="4.71499">
        <ele>12</ele>
      </trkpt>
      <trkpt lat="50.92431" lon="4.71491">
        <ele>12</ele>
      </trkpt>
      <trkpt lat="50.92439" lon="4.71488">
        <ele>12</ele>
      </trkpt>
      <trkpt lat="50.92461" lon="4.71471">
        <ele>12</ele>
      </trkpt>
      <trkpt lat="50.92473" lon="4.71465">
        <ele>12</ele>
      </trkpt>
      <trkpt lat="50.92487" lon="4.71472">
        <ele>12</ele>
      </trkpt>
      <trkpt lat="50.92502" lon="4.71401">
        <ele>12</ele>
      </trkpt>
      <trkpt lat="50.9255" lon="4.71179">
        <ele>11</ele>
      </trkpt>
      <trkpt lat="50.92564" lon="4.71105">
        <ele>11</ele>
      </trkpt>
      <trkpt lat="50.92564" lon="4.71077">
        <ele>11</ele>
      </trkpt>
      <trkpt lat="50.9254" lon="4.70641">
        <ele>13</ele>
      </trkpt>
      <trkpt lat="50.92533" lon="4.70554">
        <ele>13</ele>
      </trkpt>
      <trkpt lat="50.9253" lon="4.70536">
        <ele>13</ele>
      </trkpt>
      <trkpt lat="50.92523" lon="4.70514">
        <ele>13</ele>
      </trkpt>
      <trkpt lat="50.92514" lon="4.70495">
        <ele>13</ele>
      </trkpt>
      <trkpt lat="50.92497" lon="4.70471">
        <ele>13</ele>
      </trkpt>
      <trkpt lat="50.9227" lon="4.70253">
        <ele>14</ele>
      </trkpt>
      <trkpt lat="50.92228" lon="4.70189">
        <ele>15</ele>
      </trkpt>
      <trkpt lat="50.92217" lon="4.70184">
        <ele>15</ele>
      </trkpt>
      <trkpt lat="50.92177" lon="4.70185">
        <ele>15</ele>
      </trkpt>
      <trkpt lat="50.92162" lon="4.70181">
        <ele>15</ele>
      </trkpt>
      <trkpt lat="50.92085" lon="4.70109">
        <ele>15</ele>
      </trkpt>
      <trkpt lat="50.92092" lon="4.70092">
        <ele>16</ele>
      </trkpt>
      <trkpt lat="50.9217" lon="4.69893">
        <ele>16</ele>
      </trkpt>
      <trkpt lat="50.92359" lon="4.69387">
        <ele>16</ele>
      </trkpt>
      <trkpt lat="50.92415" lon="4.69244">
        <ele>17</ele>
      </trkpt>
      <trkpt lat="50.92411" lon="4.69239">
        <ele>17</ele>
      </trkpt>
      <trkpt lat="50.92412" lon="4.69234">
        <ele>17</ele>
      </trkpt>
      <trkpt lat="50.9241" lon="4.6923">
        <ele>17</ele>
      </trkpt>
      <trkpt lat="50.92388" lon="4.69221">
        <ele>16</ele>
      </trkpt>
      <trkpt lat="50.92381" lon="4.69223">
        <ele>17</ele>
      </trkpt>
      <trkpt lat="50.92376" lon="4.69231">
        <ele>17</ele>
      </trkpt>
      <trkpt lat="50.9237" lon="4.6923">
        <ele>17</ele>
      </trkpt>
      <trkpt lat="50.92368" lon="4.69222">
        <ele>17</ele>
      </trkpt>
      <trkpt lat="50.92346" lon="4.69217">
        <ele>17</ele>
      </trkpt>
      <trkpt lat="50.92295" lon="4.69205">
        <ele>17</ele>
      </trkpt>
      <trkpt lat="50.9224" lon="4.69188">
        <ele>17</ele>
      </trkpt>
      <trkpt lat="50.92229" lon="4.69174">
        <ele>18</ele>
      </trkpt>
      <trkpt lat="50.92225" lon="4.69161">
        <ele>18</ele>
      </trkpt>
      <trkpt lat="50.92191" lon="4.69024">
        <ele>18</ele>
      </trkpt>
      <trkpt lat="50.92186" lon="4.69013">
        <ele>18</ele>
      </trkpt>
      <trkpt lat="50.92179" lon="4.69005">
        <ele>18</ele>
      </trkpt>
      <trkpt lat="50.92076" lon="4.68885">
        <ele>19</ele>
      </trkpt>
      <trkpt lat="50.91939" lon="4.68785">
        <ele>19</ele>
      </trkpt>
      <trkpt lat="50.91702" lon="4.68547">
        <ele>18</ele>
      </trkpt>
      <trkpt lat="50.91685" lon="4.68523">
        <ele>18</ele>
      </trkpt>
      <trkpt lat="50.91677" lon="4.68529">
        <ele>18</ele>
      </trkpt>
      <trkpt lat="50.9167" lon="4.68525">
        <ele>18</ele>
      </trkpt>
      <trkpt lat="50.91666" lon="4.68514">
        <ele>18</ele>
      </trkpt>
      <trkpt lat="50.91668" lon="4.68502">
        <ele>18</ele>
      </trkpt>
      <trkpt lat="50.91518" lon="4.68323">
        <ele>19</ele>
      </trkpt>
      <trkpt lat="50.91456" lon="4.6824">
        <ele>19</ele>
      </trkpt>
      <trkpt lat="50.91372" lon="4.68116">
        <ele>20</ele>
      </trkpt>
      <trkpt lat="50.91342" lon="4.68062">
        <ele>20</ele>
      </trkpt>
      <trkpt lat="50.91322" lon="4.68022">
        <ele>20</ele>
      </trkpt>
      <trkpt lat="50.91307" lon="4.6798">
        <ele>20</ele>
      </trkpt>
      <trkpt lat="50.91283" lon="4.67893">
        <ele>20</ele>
      </trkpt>
      <trkpt lat="50.91274" lon="4.67869">
        <ele>20</ele>
      </trkpt>
      <trkpt lat="50.91214" lon="4.67745">
        <ele>20</ele>
      </trkpt>
      <trkpt lat="50.91198" lon="4.67732">
        <ele>21</ele>
      </trkpt>
      <trkpt lat="50.9112" lon="4.67715">
        <ele>21</ele>
      </trkpt>
      <trkpt lat="50.9097" lon="4.67682">
        <ele>22</ele>
      </trkpt>
      <trkpt lat="50.90919" lon="4.67685">
        <ele>23</ele>
      </trkpt>
      <trkpt lat="50.90907" lon="4.6768">
        <ele>23</ele>
      </trkpt>
      <trkpt lat="50.90887" lon="4.67661">
        <ele>23</ele>
      </trkpt>
      <trkpt lat="50.9088" lon="4.67651">
        <ele>23</ele>
      </trkpt>
      <trkpt lat="50.90874" lon="4.67637">
        <ele>23</ele>
      </trkpt>
      <trkpt lat="50.90836" lon="4.67537">
        <ele>23</ele>
      </trkpt>
      <trkpt lat="50.90832" lon="4.67523">
        <ele>24</ele>
      </trkpt>
      <trkpt lat="50.90778" lon="4.67484">
        <ele>24</ele>
      </trkpt>
      <trkpt lat="50.90737" lon="4.67456">
        <ele>25</ele>
      </trkpt>
      <trkpt lat="50.90712" lon="4.67448">
        <ele>26</ele>
      </trkpt>
      <trkpt lat="50.90698" lon="4.67432">
        <ele>26</ele>
      </trkpt>
      <trkpt lat="50.90676" lon="4.67389">
        <ele>26</ele>
      </trkpt>
      <trkpt lat="50.90666" lon="4.6738">
        <ele>27</ele>
      </trkpt>
      <trkpt lat="50.90618" lon="4.67386">
        <ele>27</ele>
      </trkpt>
      <trkpt lat="50.90607" lon="4.67389">
        <ele>27</ele>
      </trkpt>
      <trkpt lat="50.90613" lon="4.67352">
        <ele>27</ele>
      </trkpt>
      <trkpt lat="50.90648" lon="4.67209">
        <ele>28</ele>
      </trkpt>
      <trkpt lat="50.90654" lon="4.6718">
        <ele>27</ele>
      </trkpt>
      <trkpt lat="50.90658" lon="4.67129">
        <ele>27</ele>
      </trkpt>
      <trkpt lat="50.9066" lon="4.67073">
        <ele>27</ele>
      </trkpt>
      <trkpt lat="50.9065" lon="4.66982">
        <ele>27</ele>
      </trkpt>
      <trkpt lat="50.9065" lon="4.6696">
        <ele>27</ele>
      </trkpt>
      <trkpt lat="50.90652" lon="4.6695">
        <ele>27</ele>
      </trkpt>
      <trkpt lat="50.90647" lon="4.66944">
        <ele>27</ele>
      </trkpt>
      <trkpt lat="50.90644" lon="4.66934">
        <ele>27</ele>
      </trkpt>
      <trkpt lat="50.90636" lon="4.66888">
        <ele>27</ele>
      </trkpt>
      <trkpt lat="50.90619" lon="4.66714">
        <ele>28</ele>
      </trkpt>
      <trkpt lat="50.906" lon="4.66552">
        <ele>30</ele>
      </trkpt>
      <trkpt lat="50.90575" lon="4.66444">
        <ele>29</ele>
      </trkpt>
      <trkpt lat="50.9056" lon="4.66387">
        <ele>30</ele>
      </trkpt>
      <trkpt lat="50.90481" lon="4.66134">
        <ele>29</ele>
      </trkpt>
      <trkpt lat="50.90465" lon="4.66076">
        <ele>29</ele>
      </trkpt>
      <trkpt lat="50.90444" lon="4.65979">
        <ele>29</ele>
      </trkpt>
      <trkpt lat="50.9041" lon="4.65804">
        <ele>28</ele>
      </trkpt>
      <trkpt lat="50.90416" lon="4.65512">
        <ele>27</ele>
      </trkpt>
      <trkpt lat="50.90414" lon="4.65481">
        <ele>27</ele>
      </trkpt>
      <trkpt lat="50.90407" lon="4.65432">
        <ele>27</ele>
      </trkpt>
      <trkpt lat="50.90376" lon="4.6527">
        <ele>27</ele>
      </trkpt>
      <trkpt lat="50.90375" lon="4.65193">
        <ele>27</ele>
      </trkpt>
      <trkpt lat="50.90376" lon="4.65121">
        <ele>27</ele>
      </trkpt>
      <trkpt lat="50.90374" lon="4.651">
        <ele>27</ele>
      </trkpt>
      <trkpt lat="50.9031" lon="4.64862">
        <ele>27</ele>
      </trkpt>
      <trkpt lat="50.90305" lon="4.64834">
        <ele>28</ele>
      </trkpt>
      <trkpt lat="50.90303" lon="4.64793">
        <ele>28</ele>
      </trkpt>
      <trkpt lat="50.90304" lon="4.64768">
        <ele>28</ele>
      </trkpt>
      <trkpt lat="50.90308" lon="4.64608">
        <ele>28</ele>
      </trkpt>
      <trkpt lat="50.90311" lon="4.64604">
        <ele>28</ele>
      </trkpt>
      <trkpt lat="50.90313" lon="4.64594">
        <ele>28</ele>
      </trkpt>
      <trkpt lat="50.90312" lon="4.64589">
        <ele>28</ele>
      </trkpt>
      <trkpt lat="50.90309" lon="4.64584">
        <ele>29</ele>
      </trkpt>
      <trkpt lat="50.90308" lon="4.64582">
        <ele>29</ele>
      </trkpt>
      <trkpt lat="50.90301" lon="4.64582">
        <ele>29</ele>
      </trkpt>
      <trkpt lat="50.90297" lon="4.64589">
        <ele>29</ele>
      </trkpt>
      <trkpt lat="50.90296" lon="4.64594">
        <ele>29</ele>
      </trkpt>
      <trkpt lat="50.90274" lon="4.64595">
        <ele>30</ele>
      </trkpt>
      <trkpt lat="50.9012" lon="4.64623">
        <ele>38</ele>
      </trkpt>
      <trkpt lat="50.9011" lon="4.64622">
        <ele>38</ele>
      </trkpt>
      <trkpt lat="50.90041" lon="4.64593">
        <ele>35</ele>
      </trkpt>
      <trkpt lat="50.89992" lon="4.64572">
        <ele>32</ele>
      </trkpt>
      <trkpt lat="50.8996" lon="4.64543">
        <ele>31</ele>
      </trkpt>
      <trkpt lat="50.89952" lon="4.64532">
        <ele>31</ele>
      </trkpt>
      <trkpt lat="50.89929" lon="4.64495">
        <ele>31</ele>
      </trkpt>
      <trkpt lat="50.89904" lon="4.64457">
        <ele>31</ele>
      </trkpt>
      <trkpt lat="50.89858" lon="4.64396">
        <ele>31</ele>
      </trkpt>
      <trkpt lat="50.8983" lon="4.64428">
        <ele>32</ele>
      </trkpt>
      <trkpt lat="50.89817" lon="4.64438">
        <ele>32</ele>
      </trkpt>
      <trkpt lat="50.89801" lon="4.64443">
        <ele>32</ele>
      </trkpt>
      <trkpt lat="50.89801" lon="4.64442">
        <ele>32</ele>
      </trkpt>
      <trkpt lat="50.89756" lon="4.64457">
        <ele>33</ele>
      </trkpt>
      <trkpt lat="50.89752" lon="4.64458">
        <ele>33</ele>
      </trkpt>
      <trkpt lat="50.897" lon="4.64481">
        <ele>35</ele>
      </trkpt>
      <trkpt lat="50.89538" lon="4.64549">
        <ele>42</ele>
      </trkpt>
      <trkpt lat="50.89533" lon="4.64553">
        <ele>43</ele>
      </trkpt>
      <trkpt lat="50.89526" lon="4.64569">
        <ele>44</ele>
      </trkpt>
      <trkpt lat="50.89524" lon="4.64576">
        <ele>45</ele>
      </trkpt>
      <trkpt lat="50.89523" lon="4.6458">
        <ele>45</ele>
      </trkpt>
      <trkpt lat="50.89525" lon="4.64614">
        <ele>46</ele>
      </trkpt>
      <trkpt lat="50.89523" lon="4.64637">
        <ele>47</ele>
      </trkpt>
      <trkpt lat="50.89519" lon="4.64647">
        <ele>47</ele>
      </trkpt>
      <trkpt lat="50.89513" lon="4.64656">
        <ele>47</ele>
      </trkpt>
      <trkpt lat="50.89506" lon="4.64661">
        <ele>48</ele>
      </trkpt>
      <trkpt lat="50.89466" lon="4.64676">
        <ele>50</ele>
      </trkpt>
      <trkpt lat="50.89405" lon="4.64693">
        <ele>53</ele>
      </trkpt>
      <trkpt lat="50.89371" lon="4.64699">
        <ele>55</ele>
      </trkpt>
      <trkpt lat="50.89317" lon="4.64704">
        <ele>59</ele>
      </trkpt>
      <trkpt lat="50.89303" lon="4.64703">
        <ele>60</ele>
      </trkpt>
      <trkpt lat="50.89292" lon="4.64692">
        <ele>61</ele>
      </trkpt>
      <trkpt lat="50.89287" lon="4.64682">
        <ele>62</ele>
      </trkpt>
      <trkpt lat="50.89282" lon="4.64657">
        <ele>62</ele>
      </trkpt>
      <trkpt lat="50.89281" lon="4.64629">
        <ele>62</ele>
      </trkpt>
      <trkpt lat="50.89276" lon="4.64605">
        <ele>63</ele>
      </trkpt>
      <trkpt lat="50.89272" lon="4.64595">
        <ele>64</ele>
      </trkpt>
      <trkpt lat="50.89263" lon="4.64582">
        <ele>64</ele>
      </trkpt>
      <trkpt lat="50.8922" lon="4.64539">
        <ele>67</ele>
      </trkpt>
      <trkpt lat="50.89211" lon="4.64536">
        <ele>67</ele>
      </trkpt>
      <trkpt lat="50.89203" lon="4.64536">
        <ele>68</ele>
      </trkpt>
      <trkpt lat="50.89191" lon="4.64543">
        <ele>68</ele>
      </trkpt>
      <trkpt lat="50.89187" lon="4.64549">
        <ele>69</ele>
      </trkpt>
      <trkpt lat="50.89179" lon="4.64566">
        <ele>70</ele>
      </trkpt>
      <trkpt lat="50.89172" lon="4.64599">
        <ele>71</ele>
      </trkpt>
      <trkpt lat="50.89165" lon="4.6462">
        <ele>71</ele>
      </trkpt>
      <trkpt lat="50.89161" lon="4.64612">
        <ele>71</ele>
      </trkpt>
      <trkpt lat="50.89161" lon="4.64613">
        <ele>71</ele>
      </trkpt>
      <trkpt lat="50.89155" lon="4.64602">
        <ele>70</ele>
      </trkpt>
      <trkpt lat="50.89156" lon="4.64592">
        <ele>70</ele>
      </trkpt>
      <trkpt lat="50.89167" lon="4.64556">
        <ele>69</ele>
      </trkpt>
      <trkpt lat="50.89182" lon="4.64491">
        <ele>66</ele>
      </trkpt>
      <trkpt lat="50.89197" lon="4.64439">
        <ele>61</ele>
      </trkpt>
      <trkpt lat="50.89205" lon="4.64425">
        <ele>61</ele>
      </trkpt>
      <trkpt lat="50.8925" lon="4.64395">
        <ele>57</ele>
      </trkpt>
      <trkpt lat="50.8927" lon="4.64391">
        <ele>55</ele>
      </trkpt>
      <trkpt lat="50.89285" lon="4.64394">
        <ele>54</ele>
      </trkpt>
      <trkpt lat="50.89297" lon="4.64403">
        <ele>54</ele>
      </trkpt>
      <trkpt lat="50.89308" lon="4.64418">
        <ele>53</ele>
      </trkpt>
      <trkpt lat="50.8932" lon="4.64424">
        <ele>52</ele>
      </trkpt>
      <trkpt lat="50.89325" lon="4.64423">
        <ele>52</ele>
      </trkpt>
      <trkpt lat="50.89337" lon="4.64417">
        <ele>50</ele>
      </trkpt>
      <trkpt lat="50.89359" lon="4.64403">
        <ele>50</ele>
      </trkpt>
      <trkpt lat="50.89389" lon="4.64394">
        <ele>47</ele>
      </trkpt>
      <trkpt lat="50.89408" lon="4.64385">
        <ele>45</ele>
      </trkpt>
      <trkpt lat="50.89469" lon="4.6432">
        <ele>40</ele>
      </trkpt>
      <trkpt lat="50.89485" lon="4.64311">
        <ele>39</ele>
      </trkpt>
      <trkpt lat="50.89506" lon="4.64307">
        <ele>38</ele>
      </trkpt>
      <trkpt lat="50.89552" lon="4.64297">
        <ele>36</ele>
      </trkpt>
      <trkpt lat="50.89569" lon="4.64292">
        <ele>35</ele>
      </trkpt>
      <trkpt lat="50.89574" lon="4.64287">
        <ele>35</ele>
      </trkpt>
      <trkpt lat="50.8959" lon="4.64307">
        <ele>35</ele>
      </trkpt>
      <trkpt lat="50.89616" lon="4.64327">
        <ele>34</ele>
      </trkpt>
      <trkpt lat="50.89668" lon="4.64339">
        <ele>33</ele>
      </trkpt>
      <trkpt lat="50.89735" lon="4.64353">
        <ele>32</ele>
      </trkpt>
      <trkpt lat="50.89748" lon="4.64349">
        <ele>32</ele>
      </trkpt>
      <trkpt lat="50.8976" lon="4.64323">
        <ele>32</ele>
      </trkpt>
      <trkpt lat="50.89768" lon="4.64295">
        <ele>32</ele>
      </trkpt>
      <trkpt lat="50.89794" lon="4.64193">
        <ele>33</ele>
      </trkpt>
      <trkpt lat="50.8981" lon="4.64138">
        <ele>33</ele>
      </trkpt>
      <trkpt lat="50.89844" lon="4.64019">
        <ele>33</ele>
      </trkpt>
      <trkpt lat="50.8992" lon="4.63738">
        <ele>35</ele>
      </trkpt>
      <trkpt lat="50.89965" lon="4.63581">
        <ele>34</ele>
      </trkpt>
      <trkpt lat="50.89984" lon="4.63489">
        <ele>34</ele>
      </trkpt>
      <trkpt lat="50.90017" lon="4.63321">
        <ele>31</ele>
      </trkpt>
      <trkpt lat="50.90015" lon="4.63277">
        <ele>31</ele>
      </trkpt>
      <trkpt lat="50.90009" lon="4.6322">
        <ele>31</ele>
      </trkpt>
      <trkpt lat="50.89996" lon="4.63183">
        <ele>31</ele>
      </trkpt>
      <trkpt lat="50.89938" lon="4.63034">
        <ele>32</ele>
      </trkpt>
      <trkpt lat="50.89935" lon="4.63019">
        <ele>32</ele>
      </trkpt>
      <trkpt lat="50.89931" lon="4.62995">
        <ele>32</ele>
      </trkpt>
      <trkpt lat="50.89936" lon="4.62852">
        <ele>33</ele>
      </trkpt>
      <trkpt lat="50.89936" lon="4.62834">
        <ele>33</ele>
      </trkpt>
      <trkpt lat="50.89924" lon="4.62788">
        <ele>33</ele>
      </trkpt>
      <trkpt lat="50.89921" lon="4.62757">
        <ele>33</ele>
      </trkpt>
      <trkpt lat="50.89923" lon="4.62743">
        <ele>33</ele>
      </trkpt>
      <trkpt lat="50.89921" lon="4.62714">
        <ele>34</ele>
      </trkpt>
      <trkpt lat="50.89925" lon="4.62706">
        <ele>34</ele>
      </trkpt>
      <trkpt lat="50.89926" lon="4.62695">
        <ele>34</ele>
      </trkpt>
      <trkpt lat="50.89924" lon="4.62686">
        <ele>34</ele>
      </trkpt>
      <trkpt lat="50.89918" lon="4.62679">
        <ele>34</ele>
      </trkpt>
      <trkpt lat="50.89916" lon="4.62674">
        <ele>34</ele>
      </trkpt>
      <trkpt lat="50.89913" lon="4.62653">
        <ele>33</ele>
      </trkpt>
      <trkpt lat="50.89907" lon="4.62635">
        <ele>33</ele>
      </trkpt>
      <trkpt lat="50.89904" lon="4.62577">
        <ele>33</ele>
      </trkpt>
      <trkpt lat="50.89904" lon="4.62504">
        <ele>32</ele>
      </trkpt>
      <trkpt lat="50.89906" lon="4.62496">
        <ele>32</ele>
      </trkpt>
      <trkpt lat="50.89908" lon="4.62372">
        <ele>32</ele>
      </trkpt>
      <trkpt lat="50.89909" lon="4.6233">
        <ele>31</ele>
      </trkpt>
      <trkpt lat="50.89908" lon="4.6224">
        <ele>31</ele>
      </trkpt>
      <trkpt lat="50.89905" lon="4.62173">
        <ele>31</ele>
      </trkpt>
      <trkpt lat="50.89902" lon="4.62137">
        <ele>31</ele>
      </trkpt>
      <trkpt lat="50.89901" lon="4.62078">
        <ele>31</ele>
      </trkpt>
      <trkpt lat="50.89895" lon="4.6193">
        <ele>31</ele>
      </trkpt>
      <trkpt lat="50.89896" lon="4.61916">
        <ele>30</ele>
      </trkpt>
      <trkpt lat="50.8988" lon="4.61713">
        <ele>35</ele>
      </trkpt>
      <trkpt lat="50.8988" lon="4.61688">
        <ele>36</ele>
      </trkpt>
      <trkpt lat="50.89876" lon="4.61686">
        <ele>36</ele>
      </trkpt>
      <trkpt lat="50.89877" lon="4.61667">
        <ele>36</ele>
      </trkpt>
      <trkpt lat="50.89876" lon="4.61656">
        <ele>36</ele>
      </trkpt>
      <trkpt lat="50.89869" lon="4.61647">
        <ele>36</ele>
      </trkpt>
      <trkpt lat="50.89871" lon="4.6164">
        <ele>36</ele>
      </trkpt>
      <trkpt lat="50.89862" lon="4.6163">
        <ele>35</ele>
      </trkpt>
      <trkpt lat="50.89853" lon="4.61616">
        <ele>34</ele>
      </trkpt>
      <trkpt lat="50.89836" lon="4.61573">
        <ele>32</ele>
      </trkpt>
      <trkpt lat="50.89744" lon="4.61323">
        <ele>31</ele>
      </trkpt>
      <trkpt lat="50.89679" lon="4.61181">
        <ele>33</ele>
      </trkpt>
      <trkpt lat="50.89649" lon="4.61116">
        <ele>34</ele>
      </trkpt>
      <trkpt lat="50.89602" lon="4.61049">
        <ele>35</ele>
      </trkpt>
      <trkpt lat="50.89589" lon="4.61033">
        <ele>36</ele>
      </trkpt>
      <trkpt lat="50.89556" lon="4.60997">
        <ele>36</ele>
      </trkpt>
      <trkpt lat="50.8911" lon="4.60475">
        <ele>36</ele>
      </trkpt>
      <trkpt lat="50.88998" lon="4.60338">
        <ele>36</ele>
      </trkpt>
      <trkpt lat="50.8868" lon="4.59905">
        <ele>39</ele>
      </trkpt>
      <trkpt lat="50.88606" lon="4.59804">
        <ele>38</ele>
      </trkpt>
      <trkpt lat="50.88586" lon="4.59767">
        <ele>38</ele>
      </trkpt>
      <trkpt lat="50.88564" lon="4.59719">
        <ele>38</ele>
      </trkpt>
      <trkpt lat="50.88548" lon="4.59699">
        <ele>38</ele>
      </trkpt>
      <trkpt lat="50.88528" lon="4.59687">
        <ele>37</ele>
      </trkpt>
      <trkpt lat="50.88511" lon="4.59672">
        <ele>37</ele>
      </trkpt>
      <trkpt lat="50.88416" lon="4.59508">
        <ele>36</ele>
      </trkpt>
      <trkpt lat="50.88298" lon="4.59299">
        <ele>37</ele>
      </trkpt>
      <trkpt lat="50.8829" lon="4.5928">
        <ele>37</ele>
      </trkpt>
      <trkpt lat="50.88276" lon="4.59233">
        <ele>37</ele>
      </trkpt>
      <trkpt lat="50.88271" lon="4.59193">
        <ele>37</ele>
      </trkpt>
      <trkpt lat="50.88267" lon="4.59131">
        <ele>38</ele>
      </trkpt>
      <trkpt lat="50.8826" lon="4.5908">
        <ele>38</ele>
      </trkpt>
      <trkpt lat="50.88254" lon="4.59057">
        <ele>38</ele>
      </trkpt>
      <trkpt lat="50.88237" lon="4.59015">
        <ele>38</ele>
      </trkpt>
      <trkpt lat="50.88142" lon="4.58848">
        <ele>42</ele>
      </trkpt>
      <trkpt lat="50.88051" lon="4.58668">
        <ele>42</ele>
      </trkpt>
      <trkpt lat="50.88023" lon="4.58614">
        <ele>41</ele>
      </trkpt>
      <trkpt lat="50.8809" lon="4.58533">
        <ele>40</ele>
      </trkpt>
      <trkpt lat="50.88133" lon="4.58482">
        <ele>39</ele>
      </trkpt>
      <trkpt lat="50.88178" lon="4.58422">
        <ele>38</ele>
      </trkpt>
      <trkpt lat="50.88204" lon="4.58381">
        <ele>38</ele>
      </trkpt>
      <trkpt lat="50.88309" lon="4.58195">
        <ele>37</ele>
      </trkpt>
      <trkpt lat="50.88223" lon="4.57892">
        <ele>38</ele>
      </trkpt>
      <trkpt lat="50.88195" lon="4.57805">
        <ele>39</ele>
      </trkpt>
      <trkpt lat="50.88162" lon="4.57722">
        <ele>39</ele>
      </trkpt>
      <trkpt lat="50.88125" lon="4.57644">
        <ele>40</ele>
      </trkpt>
      <trkpt lat="50.88092" lon="4.57579">
        <ele>40</ele>
      </trkpt>
      <trkpt lat="50.88015" lon="4.57443">
        <ele>42</ele>
      </trkpt>
      <trkpt lat="50.8799" lon="4.57392">
        <ele>42</ele>
      </trkpt>
      <trkpt lat="50.8794" lon="4.57243">
        <ele>44</ele>
      </trkpt>
      <trkpt lat="50.87922" lon="4.57197">
        <ele>44</ele>
      </trkpt>
      <trkpt lat="50.87882" lon="4.57121">
        <ele>45</ele>
      </trkpt>
      <trkpt lat="50.87888" lon="4.57109">
        <ele>46</ele>
      </trkpt>
      <trkpt lat="50.87899" lon="4.57089">
        <ele>45</ele>
      </trkpt>
      <trkpt lat="50.87919" lon="4.57056">
        <ele>45</ele>
      </trkpt>
      <trkpt lat="50.8792" lon="4.57044">
        <ele>45</ele>
      </trkpt>
      <trkpt lat="50.87911" lon="4.56987">
        <ele>44</ele>
      </trkpt>
      <trkpt lat="50.87914" lon="4.56977">
        <ele>44</ele>
      </trkpt>
      <trkpt lat="50.87948" lon="4.56914">
        <ele>43</ele>
      </trkpt>
      <trkpt lat="50.87986" lon="4.56854">
        <ele>42</ele>
      </trkpt>
      <trkpt lat="50.87986" lon="4.56853">
        <ele>42</ele>
      </trkpt>
      <trkpt lat="50.88014" lon="4.56811">
        <ele>42</ele>
      </trkpt>
      <trkpt lat="50.8802" lon="4.56788">
        <ele>42</ele>
      </trkpt>
      <trkpt lat="50.88012" lon="4.56689">
        <ele>42</ele>
      </trkpt>
      <trkpt lat="50.88013" lon="4.5667">
        <ele>42</ele>
      </trkpt>
      <trkpt lat="50.88012" lon="4.56647">
        <ele>43</ele>
      </trkpt>
      <trkpt lat="50.88006" lon="4.56644">
        <ele>43</ele>
      </trkpt>
      <trkpt lat="50.88002" lon="4.56636">
        <ele>43</ele>
      </trkpt>
      <trkpt lat="50.88004" lon="4.56625">
        <ele>43</ele>
      </trkpt>
      <trkpt lat="50.88009" lon="4.56619">
        <ele>43</ele>
      </trkpt>
      <trkpt lat="50.88006" lon="4.56426">
        <ele>44</ele>
      </trkpt>
      <trkpt lat="50.88009" lon="4.56401">
        <ele>44</ele>
      </trkpt>
      <trkpt lat="50.88048" lon="4.56195">
        <ele>48</ele>
      </trkpt>
      <trkpt lat="50.88051" lon="4.56157">
        <ele>49</ele>
      </trkpt>
      <trkpt lat="50.88046" lon="4.5608">
        <ele>49</ele>
      </trkpt>
      <trkpt lat="50.87985" lon="4.55718">
        <ele>52</ele>
      </trkpt>
      <trkpt lat="50.87933" lon="4.55516">
        <ele>49</ele>
      </trkpt>
      <trkpt lat="50.87926" lon="4.5547">
        <ele>48</ele>
      </trkpt>
      <trkpt lat="50.87887" lon="4.55149">
        <ele>48</ele>
      </trkpt>
    </trkseg>
  </trk>
</gpx>
