<?xml version="1.0" encoding="UTF-8"?>
<gpx xmlns="http://www.topografix.com/GPX/1/1" creator="RouteYou" version="1.1" xmlns:xsi="http://www.w3.org/2001/XMLSchema-instance" xsi:schemaLocation="http://www.topografix.com/GPX/1/1 http://www.topografix.com/GPX/1/1/gpx.xsd">
  <trk>
    <name>Scherpenheuvel 2025</name>
    <desc>&lt;p&gt;E’berg-Meerbeek-Veltem-Winksele-Herent-Wijgmaal-Holsbeek-KortijkDutsel-Nieuwrode-Houwaart-Rillaar-Scherpenheuvel-Zichem-Testelt-Langdorp-Aarschot-Betekom-Werchter-Wijgmaal-Herent-Winksele-Veltem-Meerbeek-E’berg&lt;/p&gt;</desc>
    <trkseg>
      <trkpt lat="50.8789" lon="4.55173">
        <ele>48</ele>
      </trkpt>
      <trkpt lat="50.87926" lon="4.5547">
        <ele>48</ele>
      </trkpt>
      <trkpt lat="50.87933" lon="4.55516">
        <ele>49</ele>
      </trkpt>
      <trkpt lat="50.87985" lon="4.55718">
        <ele>52</ele>
      </trkpt>
      <trkpt lat="50.88046" lon="4.5608">
        <ele>49</ele>
      </trkpt>
      <trkpt lat="50.88051" lon="4.56157">
        <ele>49</ele>
      </trkpt>
      <trkpt lat="50.88048" lon="4.56195">
        <ele>48</ele>
      </trkpt>
      <trkpt lat="50.88009" lon="4.56401">
        <ele>44</ele>
      </trkpt>
      <trkpt lat="50.88006" lon="4.56426">
        <ele>44</ele>
      </trkpt>
      <trkpt lat="50.88009" lon="4.56619">
        <ele>43</ele>
      </trkpt>
      <trkpt lat="50.88005" lon="4.56624">
        <ele>43</ele>
      </trkpt>
      <trkpt lat="50.88004" lon="4.56625">
        <ele>43</ele>
      </trkpt>
      <trkpt lat="50.88002" lon="4.56636">
        <ele>43</ele>
      </trkpt>
      <trkpt lat="50.87886" lon="4.567">
        <ele>45</ele>
      </trkpt>
      <trkpt lat="50.87784" lon="4.56786">
        <ele>52</ele>
      </trkpt>
      <trkpt lat="50.87739" lon="4.5681">
        <ele>53</ele>
      </trkpt>
      <trkpt lat="50.87737" lon="4.56806">
        <ele>53</ele>
      </trkpt>
      <trkpt lat="50.87734" lon="4.56801">
        <ele>53</ele>
      </trkpt>
      <trkpt lat="50.8773" lon="4.568">
        <ele>54</ele>
      </trkpt>
      <trkpt lat="50.87725" lon="4.56802">
        <ele>54</ele>
      </trkpt>
      <trkpt lat="50.8772" lon="4.56811">
        <ele>54</ele>
      </trkpt>
      <trkpt lat="50.87719" lon="4.56816">
        <ele>54</ele>
      </trkpt>
      <trkpt lat="50.87721" lon="4.56826">
        <ele>54</ele>
      </trkpt>
      <trkpt lat="50.87727" lon="4.56833">
        <ele>54</ele>
      </trkpt>
      <trkpt lat="50.87731" lon="4.56833">
        <ele>54</ele>
      </trkpt>
      <trkpt lat="50.87735" lon="4.56861">
        <ele>54</ele>
      </trkpt>
      <trkpt lat="50.87748" lon="4.56894">
        <ele>53</ele>
      </trkpt>
      <trkpt lat="50.87779" lon="4.5695">
        <ele>51</ele>
      </trkpt>
      <trkpt lat="50.87798" lon="4.56991">
        <ele>50</ele>
      </trkpt>
      <trkpt lat="50.8781" lon="4.57023">
        <ele>49</ele>
      </trkpt>
      <trkpt lat="50.87821" lon="4.57058">
        <ele>48</ele>
      </trkpt>
      <trkpt lat="50.87829" lon="4.57074">
        <ele>48</ele>
      </trkpt>
      <trkpt lat="50.87866" lon="4.57102">
        <ele>46</ele>
      </trkpt>
      <trkpt lat="50.87885" lon="4.57126">
        <ele>45</ele>
      </trkpt>
      <trkpt lat="50.87904" lon="4.5716">
        <ele>44</ele>
      </trkpt>
      <trkpt lat="50.87806" lon="4.57267">
        <ele>46</ele>
      </trkpt>
      <trkpt lat="50.87809" lon="4.57273">
        <ele>46</ele>
      </trkpt>
      <trkpt lat="50.87814" lon="4.57283">
        <ele>46</ele>
      </trkpt>
      <trkpt lat="50.87817" lon="4.57421">
        <ele>43</ele>
      </trkpt>
      <trkpt lat="50.87827" lon="4.576">
        <ele>42</ele>
      </trkpt>
      <trkpt lat="50.87823" lon="4.57649">
        <ele>42</ele>
      </trkpt>
      <trkpt lat="50.87742" lon="4.58094">
        <ele>43</ele>
      </trkpt>
      <trkpt lat="50.87738" lon="4.58122">
        <ele>43</ele>
      </trkpt>
      <trkpt lat="50.87737" lon="4.58137">
        <ele>43</ele>
      </trkpt>
      <trkpt lat="50.87738" lon="4.58164">
        <ele>43</ele>
      </trkpt>
      <trkpt lat="50.87751" lon="4.58221">
        <ele>42</ele>
      </trkpt>
      <trkpt lat="50.87794" lon="4.58336">
        <ele>42</ele>
      </trkpt>
      <trkpt lat="50.87813" lon="4.5838">
        <ele>41</ele>
      </trkpt>
      <trkpt lat="50.8783" lon="4.58408">
        <ele>41</ele>
      </trkpt>
      <trkpt lat="50.87913" lon="4.58536">
        <ele>40</ele>
      </trkpt>
      <trkpt lat="50.87931" lon="4.58544">
        <ele>40</ele>
      </trkpt>
      <trkpt lat="50.8797" lon="4.58535">
        <ele>40</ele>
      </trkpt>
      <trkpt lat="50.87982" lon="4.58539">
        <ele>40</ele>
      </trkpt>
      <trkpt lat="50.87988" lon="4.58545">
        <ele>40</ele>
      </trkpt>
      <trkpt lat="50.88061" lon="4.58687">
        <ele>43</ele>
      </trkpt>
      <trkpt lat="50.88067" lon="4.58699">
        <ele>43</ele>
      </trkpt>
      <trkpt lat="50.88155" lon="4.58872">
        <ele>42</ele>
      </trkpt>
      <trkpt lat="50.88177" lon="4.5891">
        <ele>40</ele>
      </trkpt>
      <trkpt lat="50.88237" lon="4.59015">
        <ele>38</ele>
      </trkpt>
      <trkpt lat="50.88254" lon="4.59057">
        <ele>38</ele>
      </trkpt>
      <trkpt lat="50.8826" lon="4.5908">
        <ele>38</ele>
      </trkpt>
      <trkpt lat="50.88264" lon="4.59101">
        <ele>38</ele>
      </trkpt>
      <trkpt lat="50.88267" lon="4.59131">
        <ele>38</ele>
      </trkpt>
      <trkpt lat="50.88271" lon="4.59193">
        <ele>37</ele>
      </trkpt>
      <trkpt lat="50.88276" lon="4.59233">
        <ele>37</ele>
      </trkpt>
      <trkpt lat="50.8829" lon="4.5928">
        <ele>37</ele>
      </trkpt>
      <trkpt lat="50.88298" lon="4.59299">
        <ele>37</ele>
      </trkpt>
      <trkpt lat="50.88416" lon="4.59508">
        <ele>36</ele>
      </trkpt>
      <trkpt lat="50.88511" lon="4.59672">
        <ele>37</ele>
      </trkpt>
      <trkpt lat="50.88528" lon="4.59687">
        <ele>37</ele>
      </trkpt>
      <trkpt lat="50.88548" lon="4.59699">
        <ele>38</ele>
      </trkpt>
      <trkpt lat="50.88561" lon="4.59715">
        <ele>38</ele>
      </trkpt>
      <trkpt lat="50.88564" lon="4.59719">
        <ele>38</ele>
      </trkpt>
      <trkpt lat="50.88586" lon="4.59767">
        <ele>38</ele>
      </trkpt>
      <trkpt lat="50.88606" lon="4.59804">
        <ele>38</ele>
      </trkpt>
      <trkpt lat="50.88998" lon="4.60338">
        <ele>36</ele>
      </trkpt>
      <trkpt lat="50.8911" lon="4.60475">
        <ele>36</ele>
      </trkpt>
      <trkpt lat="50.89556" lon="4.60997">
        <ele>36</ele>
      </trkpt>
      <trkpt lat="50.8956" lon="4.61002">
        <ele>36</ele>
      </trkpt>
      <trkpt lat="50.89602" lon="4.61049">
        <ele>35</ele>
      </trkpt>
      <trkpt lat="50.89649" lon="4.61116">
        <ele>34</ele>
      </trkpt>
      <trkpt lat="50.89744" lon="4.61323">
        <ele>31</ele>
      </trkpt>
      <trkpt lat="50.89845" lon="4.61597">
        <ele>34</ele>
      </trkpt>
      <trkpt lat="50.89853" lon="4.61616">
        <ele>34</ele>
      </trkpt>
      <trkpt lat="50.89862" lon="4.6163">
        <ele>35</ele>
      </trkpt>
      <trkpt lat="50.89871" lon="4.6164">
        <ele>36</ele>
      </trkpt>
      <trkpt lat="50.89885" lon="4.61652">
        <ele>36</ele>
      </trkpt>
      <trkpt lat="50.89983" lon="4.61694">
        <ele>34</ele>
      </trkpt>
      <trkpt lat="50.89995" lon="4.61701">
        <ele>33</ele>
      </trkpt>
      <trkpt lat="50.90004" lon="4.6171">
        <ele>33</ele>
      </trkpt>
      <trkpt lat="50.90013" lon="4.61722">
        <ele>33</ele>
      </trkpt>
      <trkpt lat="50.90022" lon="4.61739">
        <ele>32</ele>
      </trkpt>
      <trkpt lat="50.90029" lon="4.61759">
        <ele>32</ele>
      </trkpt>
      <trkpt lat="50.90036" lon="4.61791">
        <ele>31</ele>
      </trkpt>
      <trkpt lat="50.90083" lon="4.6201">
        <ele>29</ele>
      </trkpt>
      <trkpt lat="50.90095" lon="4.62076">
        <ele>29</ele>
      </trkpt>
      <trkpt lat="50.90107" lon="4.62174">
        <ele>29</ele>
      </trkpt>
      <trkpt lat="50.90116" lon="4.62233">
        <ele>29</ele>
      </trkpt>
      <trkpt lat="50.90119" lon="4.62249">
        <ele>29</ele>
      </trkpt>
      <trkpt lat="50.90126" lon="4.62264">
        <ele>29</ele>
      </trkpt>
      <trkpt lat="50.90122" lon="4.62287">
        <ele>29</ele>
      </trkpt>
      <trkpt lat="50.90123" lon="4.62295">
        <ele>29</ele>
      </trkpt>
      <trkpt lat="50.90134" lon="4.62334">
        <ele>29</ele>
      </trkpt>
      <trkpt lat="50.90135" lon="4.62348">
        <ele>29</ele>
      </trkpt>
      <trkpt lat="50.90141" lon="4.62375">
        <ele>29</ele>
      </trkpt>
      <trkpt lat="50.90146" lon="4.62381">
        <ele>29</ele>
      </trkpt>
      <trkpt lat="50.90152" lon="4.62407">
        <ele>29</ele>
      </trkpt>
      <trkpt lat="50.90152" lon="4.62418">
        <ele>29</ele>
      </trkpt>
      <trkpt lat="50.90162" lon="4.62526">
        <ele>28</ele>
      </trkpt>
      <trkpt lat="50.90166" lon="4.62542">
        <ele>28</ele>
      </trkpt>
      <trkpt lat="50.90171" lon="4.6261">
        <ele>28</ele>
      </trkpt>
      <trkpt lat="50.90172" lon="4.62619">
        <ele>28</ele>
      </trkpt>
      <trkpt lat="50.90169" lon="4.62634">
        <ele>28</ele>
      </trkpt>
      <trkpt lat="50.90171" lon="4.62646">
        <ele>28</ele>
      </trkpt>
      <trkpt lat="50.90171" lon="4.6266">
        <ele>28</ele>
      </trkpt>
      <trkpt lat="50.90161" lon="4.62718">
        <ele>29</ele>
      </trkpt>
      <trkpt lat="50.90057" lon="4.6321">
        <ele>31</ele>
      </trkpt>
      <trkpt lat="50.90073" lon="4.63424">
        <ele>30</ele>
      </trkpt>
      <trkpt lat="50.90078" lon="4.63456">
        <ele>30</ele>
      </trkpt>
      <trkpt lat="50.90084" lon="4.63485">
        <ele>30</ele>
      </trkpt>
      <trkpt lat="50.90091" lon="4.63515">
        <ele>30</ele>
      </trkpt>
      <trkpt lat="50.90188" lon="4.63835">
        <ele>29</ele>
      </trkpt>
      <trkpt lat="50.90196" lon="4.63879">
        <ele>29</ele>
      </trkpt>
      <trkpt lat="50.90199" lon="4.63897">
        <ele>29</ele>
      </trkpt>
      <trkpt lat="50.90206" lon="4.63972">
        <ele>29</ele>
      </trkpt>
      <trkpt lat="50.90215" lon="4.64136">
        <ele>29</ele>
      </trkpt>
      <trkpt lat="50.90222" lon="4.64174">
        <ele>29</ele>
      </trkpt>
      <trkpt lat="50.9023" lon="4.64209">
        <ele>29</ele>
      </trkpt>
      <trkpt lat="50.9026" lon="4.64315">
        <ele>29</ele>
      </trkpt>
      <trkpt lat="50.90285" lon="4.64381">
        <ele>29</ele>
      </trkpt>
      <trkpt lat="50.90295" lon="4.64414">
        <ele>29</ele>
      </trkpt>
      <trkpt lat="50.90301" lon="4.64456">
        <ele>29</ele>
      </trkpt>
      <trkpt lat="50.90305" lon="4.64506">
        <ele>29</ele>
      </trkpt>
      <trkpt lat="50.90309" lon="4.64567">
        <ele>29</ele>
      </trkpt>
      <trkpt lat="50.90308" lon="4.64582">
        <ele>29</ele>
      </trkpt>
      <trkpt lat="50.90301" lon="4.64582">
        <ele>29</ele>
      </trkpt>
      <trkpt lat="50.90297" lon="4.64589">
        <ele>29</ele>
      </trkpt>
      <trkpt lat="50.90296" lon="4.64594">
        <ele>29</ele>
      </trkpt>
      <trkpt lat="50.90298" lon="4.64604">
        <ele>28</ele>
      </trkpt>
      <trkpt lat="50.90301" lon="4.64607">
        <ele>28</ele>
      </trkpt>
      <trkpt lat="50.90308" lon="4.64608">
        <ele>28</ele>
      </trkpt>
      <trkpt lat="50.90303" lon="4.64793">
        <ele>28</ele>
      </trkpt>
      <trkpt lat="50.90305" lon="4.64834">
        <ele>28</ele>
      </trkpt>
      <trkpt lat="50.9031" lon="4.64862">
        <ele>27</ele>
      </trkpt>
      <trkpt lat="50.90374" lon="4.651">
        <ele>27</ele>
      </trkpt>
      <trkpt lat="50.90376" lon="4.65121">
        <ele>27</ele>
      </trkpt>
      <trkpt lat="50.90375" lon="4.65193">
        <ele>27</ele>
      </trkpt>
      <trkpt lat="50.90376" lon="4.6527">
        <ele>27</ele>
      </trkpt>
      <trkpt lat="50.90377" lon="4.65277">
        <ele>27</ele>
      </trkpt>
      <trkpt lat="50.90407" lon="4.65432">
        <ele>27</ele>
      </trkpt>
      <trkpt lat="50.90414" lon="4.65481">
        <ele>27</ele>
      </trkpt>
      <trkpt lat="50.90416" lon="4.65512">
        <ele>27</ele>
      </trkpt>
      <trkpt lat="50.9041" lon="4.65804">
        <ele>28</ele>
      </trkpt>
      <trkpt lat="50.90435" lon="4.65933">
        <ele>28</ele>
      </trkpt>
      <trkpt lat="50.90465" lon="4.66076">
        <ele>29</ele>
      </trkpt>
      <trkpt lat="50.90481" lon="4.66134">
        <ele>29</ele>
      </trkpt>
      <trkpt lat="50.9056" lon="4.66387">
        <ele>30</ele>
      </trkpt>
      <trkpt lat="50.90575" lon="4.66444">
        <ele>29</ele>
      </trkpt>
      <trkpt lat="50.906" lon="4.66552">
        <ele>30</ele>
      </trkpt>
      <trkpt lat="50.90613" lon="4.66658">
        <ele>29</ele>
      </trkpt>
      <trkpt lat="50.90635" lon="4.66874">
        <ele>28</ele>
      </trkpt>
      <trkpt lat="50.90636" lon="4.66888">
        <ele>27</ele>
      </trkpt>
      <trkpt lat="50.90641" lon="4.66895">
        <ele>27</ele>
      </trkpt>
      <trkpt lat="50.90646" lon="4.66923">
        <ele>27</ele>
      </trkpt>
      <trkpt lat="50.90654" lon="4.66941">
        <ele>27</ele>
      </trkpt>
      <trkpt lat="50.90659" lon="4.66942">
        <ele>27</ele>
      </trkpt>
      <trkpt lat="50.90663" lon="4.66955">
        <ele>27</ele>
      </trkpt>
      <trkpt lat="50.9066" lon="4.66959">
        <ele>27</ele>
      </trkpt>
      <trkpt lat="50.90655" lon="4.66985">
        <ele>27</ele>
      </trkpt>
      <trkpt lat="50.90651" lon="4.66988">
        <ele>27</ele>
      </trkpt>
      <trkpt lat="50.9066" lon="4.67071">
        <ele>27</ele>
      </trkpt>
      <trkpt lat="50.90658" lon="4.67129">
        <ele>27</ele>
      </trkpt>
      <trkpt lat="50.90654" lon="4.6718">
        <ele>27</ele>
      </trkpt>
      <trkpt lat="50.90648" lon="4.67209">
        <ele>28</ele>
      </trkpt>
      <trkpt lat="50.90613" lon="4.67351">
        <ele>27</ele>
      </trkpt>
      <trkpt lat="50.90607" lon="4.67389">
        <ele>27</ele>
      </trkpt>
      <trkpt lat="50.90612" lon="4.67687">
        <ele>27</ele>
      </trkpt>
      <trkpt lat="50.9061" lon="4.6772">
        <ele>26</ele>
      </trkpt>
      <trkpt lat="50.90599" lon="4.67813">
        <ele>26</ele>
      </trkpt>
      <trkpt lat="50.90599" lon="4.67817">
        <ele>26</ele>
      </trkpt>
      <trkpt lat="50.90603" lon="4.67835">
        <ele>25</ele>
      </trkpt>
      <trkpt lat="50.90599" lon="4.67871">
        <ele>26</ele>
      </trkpt>
      <trkpt lat="50.9059" lon="4.67886">
        <ele>26</ele>
      </trkpt>
      <trkpt lat="50.90551" lon="4.68173">
        <ele>25</ele>
      </trkpt>
      <trkpt lat="50.90552" lon="4.68392">
        <ele>24</ele>
      </trkpt>
      <trkpt lat="50.90555" lon="4.68402">
        <ele>24</ele>
      </trkpt>
      <trkpt lat="50.90554" lon="4.68403">
        <ele>24</ele>
      </trkpt>
      <trkpt lat="50.90555" lon="4.68402">
        <ele>24</ele>
      </trkpt>
      <trkpt lat="50.9056" lon="4.68413">
        <ele>24</ele>
      </trkpt>
      <trkpt lat="50.9057" lon="4.68405">
        <ele>24</ele>
      </trkpt>
      <trkpt lat="50.90572" lon="4.68413">
        <ele>24</ele>
      </trkpt>
      <trkpt lat="50.90654" lon="4.68368">
        <ele>23</ele>
      </trkpt>
      <trkpt lat="50.90693" lon="4.68352">
        <ele>23</ele>
      </trkpt>
      <trkpt lat="50.90727" lon="4.68344">
        <ele>22</ele>
      </trkpt>
      <trkpt lat="50.90926" lon="4.6833">
        <ele>21</ele>
      </trkpt>
      <trkpt lat="50.90937" lon="4.68333">
        <ele>21</ele>
      </trkpt>
      <trkpt lat="50.90955" lon="4.68343">
        <ele>21</ele>
      </trkpt>
      <trkpt lat="50.90964" lon="4.68351">
        <ele>21</ele>
      </trkpt>
      <trkpt lat="50.91163" lon="4.68522">
        <ele>20</ele>
      </trkpt>
      <trkpt lat="50.91255" lon="4.68599">
        <ele>20</ele>
      </trkpt>
      <trkpt lat="50.91277" lon="4.68616">
        <ele>19</ele>
      </trkpt>
      <trkpt lat="50.91296" lon="4.68627">
        <ele>19</ele>
      </trkpt>
      <trkpt lat="50.91337" lon="4.68641">
        <ele>19</ele>
      </trkpt>
      <trkpt lat="50.91391" lon="4.68647">
        <ele>19</ele>
      </trkpt>
      <trkpt lat="50.91436" lon="4.68637">
        <ele>19</ele>
      </trkpt>
      <trkpt lat="50.91659" lon="4.68535">
        <ele>18</ele>
      </trkpt>
      <trkpt lat="50.91667" lon="4.68529">
        <ele>18</ele>
      </trkpt>
      <trkpt lat="50.9167" lon="4.68525">
        <ele>18</ele>
      </trkpt>
      <trkpt lat="50.91677" lon="4.68529">
        <ele>18</ele>
      </trkpt>
      <trkpt lat="50.91685" lon="4.68523">
        <ele>18</ele>
      </trkpt>
      <trkpt lat="50.91702" lon="4.68547">
        <ele>18</ele>
      </trkpt>
      <trkpt lat="50.91763" lon="4.68609">
        <ele>18</ele>
      </trkpt>
      <trkpt lat="50.91939" lon="4.68785">
        <ele>19</ele>
      </trkpt>
      <trkpt lat="50.92076" lon="4.68885">
        <ele>19</ele>
      </trkpt>
      <trkpt lat="50.92186" lon="4.69013">
        <ele>18</ele>
      </trkpt>
      <trkpt lat="50.92191" lon="4.69024">
        <ele>18</ele>
      </trkpt>
      <trkpt lat="50.92225" lon="4.69161">
        <ele>18</ele>
      </trkpt>
      <trkpt lat="50.92229" lon="4.69174">
        <ele>18</ele>
      </trkpt>
      <trkpt lat="50.9224" lon="4.69188">
        <ele>17</ele>
      </trkpt>
      <trkpt lat="50.92246" lon="4.6919">
        <ele>17</ele>
      </trkpt>
      <trkpt lat="50.92309" lon="4.69208">
        <ele>17</ele>
      </trkpt>
      <trkpt lat="50.92368" lon="4.69222">
        <ele>17</ele>
      </trkpt>
      <trkpt lat="50.9237" lon="4.6923">
        <ele>17</ele>
      </trkpt>
      <trkpt lat="50.92376" lon="4.69231">
        <ele>17</ele>
      </trkpt>
      <trkpt lat="50.92381" lon="4.69223">
        <ele>17</ele>
      </trkpt>
      <trkpt lat="50.92388" lon="4.69221">
        <ele>16</ele>
      </trkpt>
      <trkpt lat="50.9241" lon="4.6923">
        <ele>17</ele>
      </trkpt>
      <trkpt lat="50.92412" lon="4.69234">
        <ele>17</ele>
      </trkpt>
      <trkpt lat="50.92411" lon="4.69239">
        <ele>17</ele>
      </trkpt>
      <trkpt lat="50.92415" lon="4.69244">
        <ele>17</ele>
      </trkpt>
      <trkpt lat="50.92384" lon="4.69325">
        <ele>16</ele>
      </trkpt>
      <trkpt lat="50.9217" lon="4.69893">
        <ele>16</ele>
      </trkpt>
      <trkpt lat="50.92085" lon="4.70109">
        <ele>15</ele>
      </trkpt>
      <trkpt lat="50.92089" lon="4.70112">
        <ele>15</ele>
      </trkpt>
      <trkpt lat="50.92162" lon="4.70181">
        <ele>15</ele>
      </trkpt>
      <trkpt lat="50.92177" lon="4.70185">
        <ele>15</ele>
      </trkpt>
      <trkpt lat="50.92217" lon="4.70184">
        <ele>15</ele>
      </trkpt>
      <trkpt lat="50.92228" lon="4.70189">
        <ele>15</ele>
      </trkpt>
      <trkpt lat="50.9227" lon="4.70253">
        <ele>14</ele>
      </trkpt>
      <trkpt lat="50.92497" lon="4.70471">
        <ele>13</ele>
      </trkpt>
      <trkpt lat="50.92514" lon="4.70495">
        <ele>13</ele>
      </trkpt>
      <trkpt lat="50.92523" lon="4.70514">
        <ele>13</ele>
      </trkpt>
      <trkpt lat="50.9253" lon="4.70536">
        <ele>13</ele>
      </trkpt>
      <trkpt lat="50.92533" lon="4.70554">
        <ele>13</ele>
      </trkpt>
      <trkpt lat="50.92536" lon="4.70594">
        <ele>13</ele>
      </trkpt>
      <trkpt lat="50.92545" lon="4.70721">
        <ele>12</ele>
      </trkpt>
      <trkpt lat="50.92564" lon="4.71077">
        <ele>11</ele>
      </trkpt>
      <trkpt lat="50.92564" lon="4.71105">
        <ele>11</ele>
      </trkpt>
      <trkpt lat="50.9255" lon="4.71179">
        <ele>11</ele>
      </trkpt>
      <trkpt lat="50.92489" lon="4.71461">
        <ele>12</ele>
      </trkpt>
      <trkpt lat="50.92487" lon="4.71472">
        <ele>12</ele>
      </trkpt>
      <trkpt lat="50.92473" lon="4.71465">
        <ele>12</ele>
      </trkpt>
      <trkpt lat="50.92461" lon="4.71471">
        <ele>12</ele>
      </trkpt>
      <trkpt lat="50.92439" lon="4.71488">
        <ele>12</ele>
      </trkpt>
      <trkpt lat="50.92431" lon="4.71491">
        <ele>12</ele>
      </trkpt>
      <trkpt lat="50.92379" lon="4.71499">
        <ele>12</ele>
      </trkpt>
      <trkpt lat="50.92344" lon="4.715">
        <ele>12</ele>
      </trkpt>
      <trkpt lat="50.92317" lon="4.71496">
        <ele>11</ele>
      </trkpt>
      <trkpt lat="50.92274" lon="4.71484">
        <ele>12</ele>
      </trkpt>
      <trkpt lat="50.92252" lon="4.71472">
        <ele>12</ele>
      </trkpt>
      <trkpt lat="50.92249" lon="4.7148">
        <ele>12</ele>
      </trkpt>
      <trkpt lat="50.92246" lon="4.71485">
        <ele>12</ele>
      </trkpt>
      <trkpt lat="50.92202" lon="4.71499">
        <ele>11</ele>
      </trkpt>
      <trkpt lat="50.92188" lon="4.71512">
        <ele>12</ele>
      </trkpt>
      <trkpt lat="50.92184" lon="4.71521">
        <ele>12</ele>
      </trkpt>
      <trkpt lat="50.9218" lon="4.71538">
        <ele>12</ele>
      </trkpt>
      <trkpt lat="50.92179" lon="4.71771">
        <ele>12</ele>
      </trkpt>
      <trkpt lat="50.92164" lon="4.71869">
        <ele>12</ele>
      </trkpt>
      <trkpt lat="50.92164" lon="4.71873">
        <ele>12</ele>
      </trkpt>
      <trkpt lat="50.92165" lon="4.71873">
        <ele>12</ele>
      </trkpt>
      <trkpt lat="50.92185" lon="4.71958">
        <ele>12</ele>
      </trkpt>
      <trkpt lat="50.92196" lon="4.72026">
        <ele>12</ele>
      </trkpt>
      <trkpt lat="50.92217" lon="4.72109">
        <ele>12</ele>
      </trkpt>
      <trkpt lat="50.92237" lon="4.72207">
        <ele>12</ele>
      </trkpt>
      <trkpt lat="50.92243" lon="4.72254">
        <ele>12</ele>
      </trkpt>
      <trkpt lat="50.92244" lon="4.72284">
        <ele>12</ele>
      </trkpt>
      <trkpt lat="50.92242" lon="4.72428">
        <ele>12</ele>
      </trkpt>
      <trkpt lat="50.92245" lon="4.72488">
        <ele>12</ele>
      </trkpt>
      <trkpt lat="50.92242" lon="4.72547">
        <ele>12</ele>
      </trkpt>
      <trkpt lat="50.92236" lon="4.72561">
        <ele>12</ele>
      </trkpt>
      <trkpt lat="50.92222" lon="4.72578">
        <ele>12</ele>
      </trkpt>
      <trkpt lat="50.9222" lon="4.72584">
        <ele>12</ele>
      </trkpt>
      <trkpt lat="50.92218" lon="4.7259">
        <ele>12</ele>
      </trkpt>
      <trkpt lat="50.92217" lon="4.72601">
        <ele>12</ele>
      </trkpt>
      <trkpt lat="50.92217" lon="4.72835">
        <ele>12</ele>
      </trkpt>
      <trkpt lat="50.92215" lon="4.72861">
        <ele>12</ele>
      </trkpt>
      <trkpt lat="50.92212" lon="4.72878">
        <ele>12</ele>
      </trkpt>
      <trkpt lat="50.92057" lon="4.73341">
        <ele>12</ele>
      </trkpt>
      <trkpt lat="50.92043" lon="4.7337">
        <ele>12</ele>
      </trkpt>
      <trkpt lat="50.92015" lon="4.73413">
        <ele>12</ele>
      </trkpt>
      <trkpt lat="50.92012" lon="4.73439">
        <ele>13</ele>
      </trkpt>
      <trkpt lat="50.92016" lon="4.73544">
        <ele>13</ele>
      </trkpt>
      <trkpt lat="50.92045" lon="4.73693">
        <ele>12</ele>
      </trkpt>
      <trkpt lat="50.92047" lon="4.73741">
        <ele>12</ele>
      </trkpt>
      <trkpt lat="50.92075" lon="4.73891">
        <ele>12</ele>
      </trkpt>
      <trkpt lat="50.92079" lon="4.73923">
        <ele>12</ele>
      </trkpt>
      <trkpt lat="50.92077" lon="4.73933">
        <ele>12</ele>
      </trkpt>
      <trkpt lat="50.92073" lon="4.73938">
        <ele>12</ele>
      </trkpt>
      <trkpt lat="50.92058" lon="4.73947">
        <ele>13</ele>
      </trkpt>
      <trkpt lat="50.91895" lon="4.74086">
        <ele>13</ele>
      </trkpt>
      <trkpt lat="50.91865" lon="4.74111">
        <ele>14</ele>
      </trkpt>
      <trkpt lat="50.91723" lon="4.74208">
        <ele>17</ele>
      </trkpt>
      <trkpt lat="50.91621" lon="4.74307">
        <ele>22</ele>
      </trkpt>
      <trkpt lat="50.91579" lon="4.74345">
        <ele>25</ele>
      </trkpt>
      <trkpt lat="50.91563" lon="4.7436">
        <ele>26</ele>
      </trkpt>
      <trkpt lat="50.91575" lon="4.7441">
        <ele>26</ele>
      </trkpt>
      <trkpt lat="50.91627" lon="4.74554">
        <ele>27</ele>
      </trkpt>
      <trkpt lat="50.91641" lon="4.74583">
        <ele>26</ele>
      </trkpt>
      <trkpt lat="50.91677" lon="4.7463">
        <ele>26</ele>
      </trkpt>
      <trkpt lat="50.91692" lon="4.74658">
        <ele>26</ele>
      </trkpt>
      <trkpt lat="50.91702" lon="4.7469">
        <ele>26</ele>
      </trkpt>
      <trkpt lat="50.91719" lon="4.74794">
        <ele>27</ele>
      </trkpt>
      <trkpt lat="50.91727" lon="4.74822">
        <ele>28</ele>
      </trkpt>
      <trkpt lat="50.91761" lon="4.74899">
        <ele>28</ele>
      </trkpt>
      <trkpt lat="50.91791" lon="4.74958">
        <ele>28</ele>
      </trkpt>
      <trkpt lat="50.91809" lon="4.7498">
        <ele>27</ele>
      </trkpt>
      <trkpt lat="50.91831" lon="4.74998">
        <ele>26</ele>
      </trkpt>
      <trkpt lat="50.9184" lon="4.75002">
        <ele>26</ele>
      </trkpt>
      <trkpt lat="50.91887" lon="4.75012">
        <ele>24</ele>
      </trkpt>
      <trkpt lat="50.91906" lon="4.75024">
        <ele>24</ele>
      </trkpt>
      <trkpt lat="50.91919" lon="4.75036">
        <ele>23</ele>
      </trkpt>
      <trkpt lat="50.91937" lon="4.75065">
        <ele>23</ele>
      </trkpt>
      <trkpt lat="50.91946" lon="4.75091">
        <ele>22</ele>
      </trkpt>
      <trkpt lat="50.91973" lon="4.75178">
        <ele>22</ele>
      </trkpt>
      <trkpt lat="50.91983" lon="4.75221">
        <ele>22</ele>
      </trkpt>
      <trkpt lat="50.91989" lon="4.75265">
        <ele>23</ele>
      </trkpt>
      <trkpt lat="50.91994" lon="4.75431">
        <ele>23</ele>
      </trkpt>
      <trkpt lat="50.92002" lon="4.75538">
        <ele>23</ele>
      </trkpt>
      <trkpt lat="50.92009" lon="4.75601">
        <ele>23</ele>
      </trkpt>
      <trkpt lat="50.92038" lon="4.75798">
        <ele>24</ele>
      </trkpt>
      <trkpt lat="50.92031" lon="4.75818">
        <ele>24</ele>
      </trkpt>
      <trkpt lat="50.92014" lon="4.7585">
        <ele>25</ele>
      </trkpt>
      <trkpt lat="50.92011" lon="4.75862">
        <ele>25</ele>
      </trkpt>
      <trkpt lat="50.92011" lon="4.75879">
        <ele>24</ele>
      </trkpt>
      <trkpt lat="50.9202" lon="4.75953">
        <ele>23</ele>
      </trkpt>
      <trkpt lat="50.92036" lon="4.76076">
        <ele>22</ele>
      </trkpt>
      <trkpt lat="50.9204" lon="4.76115">
        <ele>22</ele>
      </trkpt>
      <trkpt lat="50.92045" lon="4.76178">
        <ele>22</ele>
      </trkpt>
      <trkpt lat="50.92046" lon="4.76256">
        <ele>22</ele>
      </trkpt>
      <trkpt lat="50.92057" lon="4.76591">
        <ele>23</ele>
      </trkpt>
      <trkpt lat="50.92057" lon="4.7663">
        <ele>23</ele>
      </trkpt>
      <trkpt lat="50.92052" lon="4.76706">
        <ele>22</ele>
      </trkpt>
      <trkpt lat="50.92053" lon="4.76748">
        <ele>22</ele>
      </trkpt>
      <trkpt lat="50.92068" lon="4.76923">
        <ele>23</ele>
      </trkpt>
      <trkpt lat="50.92089" lon="4.77125">
        <ele>24</ele>
      </trkpt>
      <trkpt lat="50.92089" lon="4.77242">
        <ele>23</ele>
      </trkpt>
      <trkpt lat="50.92087" lon="4.77287">
        <ele>23</ele>
      </trkpt>
      <trkpt lat="50.92054" lon="4.77911">
        <ele>20</ele>
      </trkpt>
      <trkpt lat="50.92054" lon="4.77934">
        <ele>20</ele>
      </trkpt>
      <trkpt lat="50.92059" lon="4.77986">
        <ele>20</ele>
      </trkpt>
      <trkpt lat="50.92088" lon="4.78162">
        <ele>21</ele>
      </trkpt>
      <trkpt lat="50.92096" lon="4.782">
        <ele>21</ele>
      </trkpt>
      <trkpt lat="50.92114" lon="4.78266">
        <ele>21</ele>
      </trkpt>
      <trkpt lat="50.92126" lon="4.78299">
        <ele>21</ele>
      </trkpt>
      <trkpt lat="50.92147" lon="4.78352">
        <ele>21</ele>
      </trkpt>
      <trkpt lat="50.92214" lon="4.78495">
        <ele>20</ele>
      </trkpt>
      <trkpt lat="50.92224" lon="4.78524">
        <ele>20</ele>
      </trkpt>
      <trkpt lat="50.9223" lon="4.78546">
        <ele>20</ele>
      </trkpt>
      <trkpt lat="50.92235" lon="4.78581">
        <ele>20</ele>
      </trkpt>
      <trkpt lat="50.92239" lon="4.78641">
        <ele>20</ele>
      </trkpt>
      <trkpt lat="50.92245" lon="4.7868">
        <ele>20</ele>
      </trkpt>
      <trkpt lat="50.92256" lon="4.78734">
        <ele>21</ele>
      </trkpt>
      <trkpt lat="50.92264" lon="4.78763">
        <ele>21</ele>
      </trkpt>
      <trkpt lat="50.92277" lon="4.788">
        <ele>21</ele>
      </trkpt>
      <trkpt lat="50.92373" lon="4.7905">
        <ele>21</ele>
      </trkpt>
      <trkpt lat="50.92383" lon="4.79088">
        <ele>20</ele>
      </trkpt>
      <trkpt lat="50.92401" lon="4.79168">
        <ele>21</ele>
      </trkpt>
      <trkpt lat="50.9243" lon="4.7926">
        <ele>21</ele>
      </trkpt>
      <trkpt lat="50.92444" lon="4.79317">
        <ele>21</ele>
      </trkpt>
      <trkpt lat="50.92454" lon="4.79367">
        <ele>22</ele>
      </trkpt>
      <trkpt lat="50.92475" lon="4.79499">
        <ele>23</ele>
      </trkpt>
      <trkpt lat="50.92554" lon="4.79954">
        <ele>23</ele>
      </trkpt>
      <trkpt lat="50.92579" lon="4.80075">
        <ele>23</ele>
      </trkpt>
      <trkpt lat="50.9258" lon="4.80089">
        <ele>23</ele>
      </trkpt>
      <trkpt lat="50.92577" lon="4.8013">
        <ele>23</ele>
      </trkpt>
      <trkpt lat="50.92565" lon="4.80186">
        <ele>24</ele>
      </trkpt>
      <trkpt lat="50.92562" lon="4.80205">
        <ele>24</ele>
      </trkpt>
      <trkpt lat="50.92561" lon="4.80246">
        <ele>24</ele>
      </trkpt>
      <trkpt lat="50.92564" lon="4.80274">
        <ele>24</ele>
      </trkpt>
      <trkpt lat="50.92595" lon="4.80435">
        <ele>26</ele>
      </trkpt>
      <trkpt lat="50.92599" lon="4.80476">
        <ele>26</ele>
      </trkpt>
      <trkpt lat="50.92597" lon="4.80496">
        <ele>27</ele>
      </trkpt>
      <trkpt lat="50.92587" lon="4.80549">
        <ele>28</ele>
      </trkpt>
      <trkpt lat="50.92566" lon="4.80646">
        <ele>30</ele>
      </trkpt>
      <trkpt lat="50.92563" lon="4.80664">
        <ele>29</ele>
      </trkpt>
      <trkpt lat="50.92562" lon="4.80688">
        <ele>29</ele>
      </trkpt>
      <trkpt lat="50.92572" lon="4.80764">
        <ele>28</ele>
      </trkpt>
      <trkpt lat="50.92583" lon="4.80848">
        <ele>27</ele>
      </trkpt>
      <trkpt lat="50.92591" lon="4.8088">
        <ele>27</ele>
      </trkpt>
      <trkpt lat="50.9262" lon="4.80961">
        <ele>26</ele>
      </trkpt>
      <trkpt lat="50.92638" lon="4.81029">
        <ele>25</ele>
      </trkpt>
      <trkpt lat="50.92663" lon="4.81105">
        <ele>26</ele>
      </trkpt>
      <trkpt lat="50.92669" lon="4.81119">
        <ele>26</ele>
      </trkpt>
      <trkpt lat="50.92674" lon="4.81124">
        <ele>26</ele>
      </trkpt>
      <trkpt lat="50.92688" lon="4.81131">
        <ele>26</ele>
      </trkpt>
      <trkpt lat="50.92699" lon="4.81128">
        <ele>26</ele>
      </trkpt>
      <trkpt lat="50.92893" lon="4.80976">
        <ele>23</ele>
      </trkpt>
      <trkpt lat="50.92903" lon="4.80972">
        <ele>23</ele>
      </trkpt>
      <trkpt lat="50.92913" lon="4.80972">
        <ele>23</ele>
      </trkpt>
      <trkpt lat="50.92928" lon="4.80977">
        <ele>23</ele>
      </trkpt>
      <trkpt lat="50.92943" lon="4.80989">
        <ele>23</ele>
      </trkpt>
      <trkpt lat="50.92961" lon="4.81012">
        <ele>24</ele>
      </trkpt>
      <trkpt lat="50.92982" lon="4.81044">
        <ele>24</ele>
      </trkpt>
      <trkpt lat="50.93006" lon="4.81087">
        <ele>24</ele>
      </trkpt>
      <trkpt lat="50.93029" lon="4.81147">
        <ele>25</ele>
      </trkpt>
      <trkpt lat="50.9304" lon="4.81188">
        <ele>25</ele>
      </trkpt>
      <trkpt lat="50.93073" lon="4.8134">
        <ele>27</ele>
      </trkpt>
      <trkpt lat="50.93132" lon="4.81615">
        <ele>28</ele>
      </trkpt>
      <trkpt lat="50.93183" lon="4.81843">
        <ele>28</ele>
      </trkpt>
      <trkpt lat="50.93199" lon="4.81896">
        <ele>28</ele>
      </trkpt>
      <trkpt lat="50.93232" lon="4.82019">
        <ele>30</ele>
      </trkpt>
      <trkpt lat="50.93256" lon="4.82138">
        <ele>31</ele>
      </trkpt>
      <trkpt lat="50.93264" lon="4.82194">
        <ele>29</ele>
      </trkpt>
      <trkpt lat="50.93271" lon="4.82256">
        <ele>27</ele>
      </trkpt>
      <trkpt lat="50.93272" lon="4.82307">
        <ele>26</ele>
      </trkpt>
      <trkpt lat="50.93272" lon="4.82334">
        <ele>25</ele>
      </trkpt>
      <trkpt lat="50.93269" lon="4.82374">
        <ele>25</ele>
      </trkpt>
      <trkpt lat="50.93272" lon="4.82379">
        <ele>25</ele>
      </trkpt>
      <trkpt lat="50.93276" lon="4.82386">
        <ele>25</ele>
      </trkpt>
      <trkpt lat="50.93285" lon="4.82392">
        <ele>24</ele>
      </trkpt>
      <trkpt lat="50.93308" lon="4.82401">
        <ele>24</ele>
      </trkpt>
      <trkpt lat="50.93328" lon="4.82406">
        <ele>24</ele>
      </trkpt>
      <trkpt lat="50.93389" lon="4.82403">
        <ele>23</ele>
      </trkpt>
      <trkpt lat="50.93405" lon="4.82403">
        <ele>23</ele>
      </trkpt>
      <trkpt lat="50.93417" lon="4.82406">
        <ele>23</ele>
      </trkpt>
      <trkpt lat="50.93455" lon="4.82431">
        <ele>22</ele>
      </trkpt>
      <trkpt lat="50.93464" lon="4.82441">
        <ele>22</ele>
      </trkpt>
      <trkpt lat="50.93474" lon="4.82462">
        <ele>22</ele>
      </trkpt>
      <trkpt lat="50.93537" lon="4.8266">
        <ele>22</ele>
      </trkpt>
      <trkpt lat="50.93546" lon="4.82684">
        <ele>22</ele>
      </trkpt>
      <trkpt lat="50.93571" lon="4.82723">
        <ele>22</ele>
      </trkpt>
      <trkpt lat="50.93585" lon="4.82736">
        <ele>22</ele>
      </trkpt>
      <trkpt lat="50.93614" lon="4.82752">
        <ele>22</ele>
      </trkpt>
      <trkpt lat="50.93893" lon="4.82807">
        <ele>20</ele>
      </trkpt>
      <trkpt lat="50.9408" lon="4.82838">
        <ele>21</ele>
      </trkpt>
      <trkpt lat="50.94518" lon="4.82889">
        <ele>21</ele>
      </trkpt>
      <trkpt lat="50.94524" lon="4.8289">
        <ele>21</ele>
      </trkpt>
      <trkpt lat="50.94524" lon="4.82907">
        <ele>22</ele>
      </trkpt>
      <trkpt lat="50.94583" lon="4.83049">
        <ele>22</ele>
      </trkpt>
      <trkpt lat="50.94584" lon="4.83056">
        <ele>22</ele>
      </trkpt>
      <trkpt lat="50.94584" lon="4.83061">
        <ele>22</ele>
      </trkpt>
      <trkpt lat="50.94579" lon="4.83074">
        <ele>22</ele>
      </trkpt>
      <trkpt lat="50.94427" lon="4.83342">
        <ele>21</ele>
      </trkpt>
      <trkpt lat="50.94419" lon="4.83362">
        <ele>21</ele>
      </trkpt>
      <trkpt lat="50.94337" lon="4.83503">
        <ele>21</ele>
      </trkpt>
      <trkpt lat="50.94288" lon="4.83604">
        <ele>22</ele>
      </trkpt>
      <trkpt lat="50.94258" lon="4.83682">
        <ele>21</ele>
      </trkpt>
      <trkpt lat="50.94249" lon="4.83707">
        <ele>21</ele>
      </trkpt>
      <trkpt lat="50.94243" lon="4.83734">
        <ele>21</ele>
      </trkpt>
      <trkpt lat="50.94223" lon="4.83837">
        <ele>22</ele>
      </trkpt>
      <trkpt lat="50.94208" lon="4.83943">
        <ele>22</ele>
      </trkpt>
      <trkpt lat="50.94198" lon="4.84049">
        <ele>23</ele>
      </trkpt>
      <trkpt lat="50.94191" lon="4.84097">
        <ele>23</ele>
      </trkpt>
      <trkpt lat="50.94189" lon="4.8411">
        <ele>23</ele>
      </trkpt>
      <trkpt lat="50.94179" lon="4.84117">
        <ele>23</ele>
      </trkpt>
      <trkpt lat="50.94178" lon="4.84134">
        <ele>23</ele>
      </trkpt>
      <trkpt lat="50.9417" lon="4.84153">
        <ele>24</ele>
      </trkpt>
      <trkpt lat="50.94174" lon="4.84158">
        <ele>23</ele>
      </trkpt>
      <trkpt lat="50.94176" lon="4.84163">
        <ele>23</ele>
      </trkpt>
      <trkpt lat="50.94177" lon="4.84172">
        <ele>23</ele>
      </trkpt>
      <trkpt lat="50.9417" lon="4.84207">
        <ele>23</ele>
      </trkpt>
      <trkpt lat="50.94171" lon="4.84216">
        <ele>23</ele>
      </trkpt>
      <trkpt lat="50.9411" lon="4.84427">
        <ele>25</ele>
      </trkpt>
      <trkpt lat="50.94099" lon="4.84457">
        <ele>25</ele>
      </trkpt>
      <trkpt lat="50.94089" lon="4.84478">
        <ele>25</ele>
      </trkpt>
      <trkpt lat="50.94066" lon="4.84516">
        <ele>25</ele>
      </trkpt>
      <trkpt lat="50.94054" lon="4.84532">
        <ele>24</ele>
      </trkpt>
      <trkpt lat="50.93804" lon="4.84765">
        <ele>25</ele>
      </trkpt>
      <trkpt lat="50.93777" lon="4.84795">
        <ele>25</ele>
      </trkpt>
      <trkpt lat="50.93748" lon="4.84835">
        <ele>25</ele>
      </trkpt>
      <trkpt lat="50.93728" lon="4.84866">
        <ele>25</ele>
      </trkpt>
      <trkpt lat="50.93706" lon="4.84919">
        <ele>25</ele>
      </trkpt>
      <trkpt lat="50.93696" lon="4.8495">
        <ele>25</ele>
      </trkpt>
      <trkpt lat="50.9368" lon="4.85009">
        <ele>25</ele>
      </trkpt>
      <trkpt lat="50.93655" lon="4.85145">
        <ele>24</ele>
      </trkpt>
      <trkpt lat="50.93639" lon="4.85225">
        <ele>24</ele>
      </trkpt>
      <trkpt lat="50.93626" lon="4.85277">
        <ele>24</ele>
      </trkpt>
      <trkpt lat="50.93616" lon="4.8531">
        <ele>24</ele>
      </trkpt>
      <trkpt lat="50.93594" lon="4.8537">
        <ele>24</ele>
      </trkpt>
      <trkpt lat="50.93536" lon="4.85505">
        <ele>25</ele>
      </trkpt>
      <trkpt lat="50.93521" lon="4.85533">
        <ele>25</ele>
      </trkpt>
      <trkpt lat="50.93499" lon="4.85565">
        <ele>25</ele>
      </trkpt>
      <trkpt lat="50.93392" lon="4.85692">
        <ele>25</ele>
      </trkpt>
      <trkpt lat="50.93292" lon="4.85783">
        <ele>26</ele>
      </trkpt>
      <trkpt lat="50.9329" lon="4.85785">
        <ele>26</ele>
      </trkpt>
      <trkpt lat="50.93316" lon="4.85846">
        <ele>26</ele>
      </trkpt>
      <trkpt lat="50.93326" lon="4.85886">
        <ele>26</ele>
      </trkpt>
      <trkpt lat="50.93379" lon="4.8598">
        <ele>25</ele>
      </trkpt>
      <trkpt lat="50.93409" lon="4.86053">
        <ele>25</ele>
      </trkpt>
      <trkpt lat="50.93417" lon="4.86063">
        <ele>25</ele>
      </trkpt>
      <trkpt lat="50.93442" lon="4.86121">
        <ele>24</ele>
      </trkpt>
      <trkpt lat="50.93474" lon="4.86184">
        <ele>25</ele>
      </trkpt>
      <trkpt lat="50.93507" lon="4.86243">
        <ele>25</ele>
      </trkpt>
      <trkpt lat="50.93636" lon="4.86435">
        <ele>25</ele>
      </trkpt>
      <trkpt lat="50.93669" lon="4.86477">
        <ele>25</ele>
      </trkpt>
      <trkpt lat="50.93689" lon="4.865">
        <ele>25</ele>
      </trkpt>
      <trkpt lat="50.93724" lon="4.86529">
        <ele>25</ele>
      </trkpt>
      <trkpt lat="50.93772" lon="4.86564">
        <ele>26</ele>
      </trkpt>
      <trkpt lat="50.93801" lon="4.86594">
        <ele>26</ele>
      </trkpt>
      <trkpt lat="50.93828" lon="4.86627">
        <ele>25</ele>
      </trkpt>
      <trkpt lat="50.93858" lon="4.8668">
        <ele>25</ele>
      </trkpt>
      <trkpt lat="50.94027" lon="4.87079">
        <ele>26</ele>
      </trkpt>
      <trkpt lat="50.94065" lon="4.87165">
        <ele>26</ele>
      </trkpt>
      <trkpt lat="50.94107" lon="4.87251">
        <ele>25</ele>
      </trkpt>
      <trkpt lat="50.9424" lon="4.87514">
        <ele>25</ele>
      </trkpt>
      <trkpt lat="50.9428" lon="4.87613">
        <ele>25</ele>
      </trkpt>
      <trkpt lat="50.94306" lon="4.87696">
        <ele>25</ele>
      </trkpt>
      <trkpt lat="50.94331" lon="4.87787">
        <ele>25</ele>
      </trkpt>
      <trkpt lat="50.94505" lon="4.88478">
        <ele>24</ele>
      </trkpt>
      <trkpt lat="50.94521" lon="4.88528">
        <ele>24</ele>
      </trkpt>
      <trkpt lat="50.94542" lon="4.88581">
        <ele>24</ele>
      </trkpt>
      <trkpt lat="50.94565" lon="4.88623">
        <ele>24</ele>
      </trkpt>
      <trkpt lat="50.94596" lon="4.88668">
        <ele>24</ele>
      </trkpt>
      <trkpt lat="50.94758" lon="4.88847">
        <ele>23</ele>
      </trkpt>
      <trkpt lat="50.94855" lon="4.88947">
        <ele>23</ele>
      </trkpt>
      <trkpt lat="50.94892" lon="4.88983">
        <ele>24</ele>
      </trkpt>
      <trkpt lat="50.94922" lon="4.89019">
        <ele>24</ele>
      </trkpt>
      <trkpt lat="50.95213" lon="4.89441">
        <ele>22</ele>
      </trkpt>
      <trkpt lat="50.95272" lon="4.89525">
        <ele>21</ele>
      </trkpt>
      <trkpt lat="50.95304" lon="4.89564">
        <ele>21</ele>
      </trkpt>
      <trkpt lat="50.95358" lon="4.89607">
        <ele>21</ele>
      </trkpt>
      <trkpt lat="50.95414" lon="4.89631">
        <ele>21</ele>
      </trkpt>
      <trkpt lat="50.95614" lon="4.89698">
        <ele>20</ele>
      </trkpt>
      <trkpt lat="50.95649" lon="4.89709">
        <ele>20</ele>
      </trkpt>
      <trkpt lat="50.95657" lon="4.89714">
        <ele>20</ele>
      </trkpt>
      <trkpt lat="50.95665" lon="4.89728">
        <ele>20</ele>
      </trkpt>
      <trkpt lat="50.95697" lon="4.89691">
        <ele>20</ele>
      </trkpt>
      <trkpt lat="50.95713" lon="4.89678">
        <ele>20</ele>
      </trkpt>
      <trkpt lat="50.95736" lon="4.89667">
        <ele>20</ele>
      </trkpt>
      <trkpt lat="50.95765" lon="4.89667">
        <ele>20</ele>
      </trkpt>
      <trkpt lat="50.95785" lon="4.89675">
        <ele>20</ele>
      </trkpt>
      <trkpt lat="50.95798" lon="4.89682">
        <ele>20</ele>
      </trkpt>
      <trkpt lat="50.96032" lon="4.8992">
        <ele>20</ele>
      </trkpt>
      <trkpt lat="50.96062" lon="4.89944">
        <ele>20</ele>
      </trkpt>
      <trkpt lat="50.96095" lon="4.8996">
        <ele>20</ele>
      </trkpt>
      <trkpt lat="50.96117" lon="4.89966">
        <ele>20</ele>
      </trkpt>
      <trkpt lat="50.96311" lon="4.89976">
        <ele>20</ele>
      </trkpt>
      <trkpt lat="50.9636" lon="4.89969">
        <ele>20</ele>
      </trkpt>
      <trkpt lat="50.96385" lon="4.8996">
        <ele>20</ele>
      </trkpt>
      <trkpt lat="50.96411" lon="4.89947">
        <ele>20</ele>
      </trkpt>
      <trkpt lat="50.96448" lon="4.89921">
        <ele>20</ele>
      </trkpt>
      <trkpt lat="50.9648" lon="4.8989">
        <ele>20</ele>
      </trkpt>
      <trkpt lat="50.96504" lon="4.89864">
        <ele>21</ele>
      </trkpt>
      <trkpt lat="50.96533" lon="4.89825">
        <ele>21</ele>
      </trkpt>
      <trkpt lat="50.96566" lon="4.89771">
        <ele>21</ele>
      </trkpt>
      <trkpt lat="50.96628" lon="4.89653">
        <ele>20</ele>
      </trkpt>
      <trkpt lat="50.96697" lon="4.89519">
        <ele>19</ele>
      </trkpt>
      <trkpt lat="50.96713" lon="4.89495">
        <ele>19</ele>
      </trkpt>
      <trkpt lat="50.96743" lon="4.89463">
        <ele>19</ele>
      </trkpt>
      <trkpt lat="50.96756" lon="4.89454">
        <ele>19</ele>
      </trkpt>
      <trkpt lat="50.96782" lon="4.89441">
        <ele>19</ele>
      </trkpt>
      <trkpt lat="50.9701" lon="4.89394">
        <ele>18</ele>
      </trkpt>
      <trkpt lat="50.97011" lon="4.89438">
        <ele>18</ele>
      </trkpt>
      <trkpt lat="50.97012" lon="4.89482">
        <ele>18</ele>
      </trkpt>
      <trkpt lat="50.97015" lon="4.89513">
        <ele>18</ele>
      </trkpt>
      <trkpt lat="50.97028" lon="4.89569">
        <ele>18</ele>
      </trkpt>
      <trkpt lat="50.97033" lon="4.89598">
        <ele>18</ele>
      </trkpt>
      <trkpt lat="50.97034" lon="4.89617">
        <ele>18</ele>
      </trkpt>
      <trkpt lat="50.97026" lon="4.89735">
        <ele>19</ele>
      </trkpt>
      <trkpt lat="50.97089" lon="4.89746">
        <ele>18</ele>
      </trkpt>
      <trkpt lat="50.97167" lon="4.89757">
        <ele>18</ele>
      </trkpt>
      <trkpt lat="50.97273" lon="4.8977">
        <ele>18</ele>
      </trkpt>
      <trkpt lat="50.97293" lon="4.89774">
        <ele>18</ele>
      </trkpt>
      <trkpt lat="50.97316" lon="4.89785">
        <ele>18</ele>
      </trkpt>
      <trkpt lat="50.9731" lon="4.89834">
        <ele>18</ele>
      </trkpt>
      <trkpt lat="50.97309" lon="4.89869">
        <ele>18</ele>
      </trkpt>
      <trkpt lat="50.97319" lon="4.90161">
        <ele>18</ele>
      </trkpt>
      <trkpt lat="50.97314" lon="4.90305">
        <ele>17</ele>
      </trkpt>
      <trkpt lat="50.97288" lon="4.90601">
        <ele>18</ele>
      </trkpt>
      <trkpt lat="50.97278" lon="4.90642">
        <ele>18</ele>
      </trkpt>
      <trkpt lat="50.97268" lon="4.90668">
        <ele>18</ele>
      </trkpt>
      <trkpt lat="50.97254" lon="4.90694">
        <ele>18</ele>
      </trkpt>
      <trkpt lat="50.9725" lon="4.90699">
        <ele>18</ele>
      </trkpt>
      <trkpt lat="50.97069" lon="4.90908">
        <ele>22</ele>
      </trkpt>
      <trkpt lat="50.97047" lon="4.9094">
        <ele>23</ele>
      </trkpt>
      <trkpt lat="50.97035" lon="4.90961">
        <ele>22</ele>
      </trkpt>
      <trkpt lat="50.97014" lon="4.91004">
        <ele>22</ele>
      </trkpt>
      <trkpt lat="50.97002" lon="4.91041">
        <ele>22</ele>
      </trkpt>
      <trkpt lat="50.96986" lon="4.91103">
        <ele>21</ele>
      </trkpt>
      <trkpt lat="50.96905" lon="4.9151">
        <ele>21</ele>
      </trkpt>
      <trkpt lat="50.96895" lon="4.91573">
        <ele>20</ele>
      </trkpt>
      <trkpt lat="50.96889" lon="4.91654">
        <ele>21</ele>
      </trkpt>
      <trkpt lat="50.96871" lon="4.9212">
        <ele>22</ele>
      </trkpt>
      <trkpt lat="50.96866" lon="4.9221">
        <ele>22</ele>
      </trkpt>
      <trkpt lat="50.96854" lon="4.92338">
        <ele>22</ele>
      </trkpt>
      <trkpt lat="50.9685" lon="4.92399">
        <ele>23</ele>
      </trkpt>
      <trkpt lat="50.96851" lon="4.92445">
        <ele>23</ele>
      </trkpt>
      <trkpt lat="50.96854" lon="4.92468">
        <ele>23</ele>
      </trkpt>
      <trkpt lat="50.969" lon="4.92735">
        <ele>24</ele>
      </trkpt>
      <trkpt lat="50.96906" lon="4.92775">
        <ele>24</ele>
      </trkpt>
      <trkpt lat="50.96921" lon="4.92883">
        <ele>25</ele>
      </trkpt>
      <trkpt lat="50.96939" lon="4.9305">
        <ele>27</ele>
      </trkpt>
      <trkpt lat="50.96956" lon="4.93408">
        <ele>37</ele>
      </trkpt>
      <trkpt lat="50.96955" lon="4.93444">
        <ele>39</ele>
      </trkpt>
      <trkpt lat="50.96951" lon="4.93473">
        <ele>40</ele>
      </trkpt>
      <trkpt lat="50.96949" lon="4.93486">
        <ele>41</ele>
      </trkpt>
      <trkpt lat="50.9694" lon="4.93513">
        <ele>43</ele>
      </trkpt>
      <trkpt lat="50.97001" lon="4.93597">
        <ele>46</ele>
      </trkpt>
      <trkpt lat="50.97028" lon="4.93639">
        <ele>48</ele>
      </trkpt>
      <trkpt lat="50.97058" lon="4.93699">
        <ele>49</ele>
      </trkpt>
      <trkpt lat="50.97106" lon="4.93801">
        <ele>50</ele>
      </trkpt>
      <trkpt lat="50.97116" lon="4.93825">
        <ele>51</ele>
      </trkpt>
      <trkpt lat="50.97135" lon="4.93877">
        <ele>52</ele>
      </trkpt>
      <trkpt lat="50.97145" lon="4.93917">
        <ele>52</ele>
      </trkpt>
      <trkpt lat="50.97152" lon="4.93962">
        <ele>53</ele>
      </trkpt>
      <trkpt lat="50.9716" lon="4.93989">
        <ele>52</ele>
      </trkpt>
      <trkpt lat="50.97152" lon="4.94009">
        <ele>54</ele>
      </trkpt>
      <trkpt lat="50.97148" lon="4.94026">
        <ele>55</ele>
      </trkpt>
      <trkpt lat="50.97146" lon="4.94079">
        <ele>56</ele>
      </trkpt>
      <trkpt lat="50.97147" lon="4.94111">
        <ele>57</ele>
      </trkpt>
      <trkpt lat="50.97154" lon="4.94183">
        <ele>59</ele>
      </trkpt>
      <trkpt lat="50.97156" lon="4.94406">
        <ele>61</ele>
      </trkpt>
      <trkpt lat="50.97158" lon="4.9445">
        <ele>61</ele>
      </trkpt>
      <trkpt lat="50.97165" lon="4.94671">
        <ele>62</ele>
      </trkpt>
      <trkpt lat="50.97171" lon="4.94719">
        <ele>62</ele>
      </trkpt>
      <trkpt lat="50.97184" lon="4.94803">
        <ele>61</ele>
      </trkpt>
      <trkpt lat="50.97207" lon="4.94914">
        <ele>59</ele>
      </trkpt>
      <trkpt lat="50.97212" lon="4.94963">
        <ele>59</ele>
      </trkpt>
      <trkpt lat="50.97213" lon="4.95187">
        <ele>58</ele>
      </trkpt>
      <trkpt lat="50.9721" lon="4.95212">
        <ele>58</ele>
      </trkpt>
      <trkpt lat="50.97203" lon="4.95224">
        <ele>58</ele>
      </trkpt>
      <trkpt lat="50.97191" lon="4.95231">
        <ele>58</ele>
      </trkpt>
      <trkpt lat="50.97156" lon="4.95241">
        <ele>60</ele>
      </trkpt>
      <trkpt lat="50.97146" lon="4.9525">
        <ele>60</ele>
      </trkpt>
      <trkpt lat="50.97142" lon="4.95258">
        <ele>60</ele>
      </trkpt>
      <trkpt lat="50.97139" lon="4.95269">
        <ele>61</ele>
      </trkpt>
      <trkpt lat="50.97139" lon="4.95441">
        <ele>62</ele>
      </trkpt>
      <trkpt lat="50.97129" lon="4.95596">
        <ele>65</ele>
      </trkpt>
      <trkpt lat="50.97133" lon="4.95688">
        <ele>66</ele>
      </trkpt>
      <trkpt lat="50.97134" lon="4.95742">
        <ele>66</ele>
      </trkpt>
      <trkpt lat="50.97133" lon="4.95819">
        <ele>66</ele>
      </trkpt>
      <trkpt lat="50.97126" lon="4.95932">
        <ele>66</ele>
      </trkpt>
      <trkpt lat="50.97127" lon="4.95948">
        <ele>66</ele>
      </trkpt>
      <trkpt lat="50.9713" lon="4.95965">
        <ele>65</ele>
      </trkpt>
      <trkpt lat="50.97136" lon="4.95982">
        <ele>65</ele>
      </trkpt>
      <trkpt lat="50.97174" lon="4.96046">
        <ele>63</ele>
      </trkpt>
      <trkpt lat="50.97185" lon="4.9606">
        <ele>63</ele>
      </trkpt>
      <trkpt lat="50.97213" lon="4.96083">
        <ele>61</ele>
      </trkpt>
      <trkpt lat="50.97219" lon="4.96095">
        <ele>62</ele>
      </trkpt>
      <trkpt lat="50.97227" lon="4.9612">
        <ele>61</ele>
      </trkpt>
      <trkpt lat="50.97261" lon="4.96241">
        <ele>59</ele>
      </trkpt>
      <trkpt lat="50.9725" lon="4.96244">
        <ele>59</ele>
      </trkpt>
      <trkpt lat="50.97275" lon="4.96368">
        <ele>60</ele>
      </trkpt>
      <trkpt lat="50.9733" lon="4.966">
        <ele>60</ele>
      </trkpt>
      <trkpt lat="50.97345" lon="4.96695">
        <ele>61</ele>
      </trkpt>
      <trkpt lat="50.97347" lon="4.96727">
        <ele>61</ele>
      </trkpt>
      <trkpt lat="50.9731" lon="4.96913">
        <ele>65</ele>
      </trkpt>
      <trkpt lat="50.97301" lon="4.96988">
        <ele>67</ele>
      </trkpt>
      <trkpt lat="50.97284" lon="4.97192">
        <ele>65</ele>
      </trkpt>
      <trkpt lat="50.97097" lon="4.97124">
        <ele>72</ele>
      </trkpt>
      <trkpt lat="50.9705" lon="4.97113">
        <ele>72</ele>
      </trkpt>
      <trkpt lat="50.97005" lon="4.97102">
        <ele>71</ele>
      </trkpt>
      <trkpt lat="50.97005" lon="4.97111">
        <ele>71</ele>
      </trkpt>
      <trkpt lat="50.9701" lon="4.97123">
        <ele>71</ele>
      </trkpt>
      <trkpt lat="50.97064" lon="4.97193">
        <ele>71</ele>
      </trkpt>
      <trkpt lat="50.97081" lon="4.97224">
        <ele>72</ele>
      </trkpt>
      <trkpt lat="50.97164" lon="4.97517">
        <ele>70</ele>
      </trkpt>
      <trkpt lat="50.97175" lon="4.97568">
        <ele>69</ele>
      </trkpt>
      <trkpt lat="50.97188" lon="4.97642">
        <ele>67</ele>
      </trkpt>
      <trkpt lat="50.97273" lon="4.97654">
        <ele>66</ele>
      </trkpt>
      <trkpt lat="50.97353" lon="4.97642">
        <ele>64</ele>
      </trkpt>
      <trkpt lat="50.97428" lon="4.97625">
        <ele>62</ele>
      </trkpt>
      <trkpt lat="50.97511" lon="4.97605">
        <ele>60</ele>
      </trkpt>
      <trkpt lat="50.97525" lon="4.97608">
        <ele>59</ele>
      </trkpt>
      <trkpt lat="50.97533" lon="4.97613">
        <ele>58</ele>
      </trkpt>
      <trkpt lat="50.97543" lon="4.97623">
        <ele>57</ele>
      </trkpt>
      <trkpt lat="50.97651" lon="4.97757">
        <ele>54</ele>
      </trkpt>
      <trkpt lat="50.97658" lon="4.97763">
        <ele>54</ele>
      </trkpt>
      <trkpt lat="50.97676" lon="4.97772">
        <ele>53</ele>
      </trkpt>
      <trkpt lat="50.97694" lon="4.97776">
        <ele>53</ele>
      </trkpt>
      <trkpt lat="50.97719" lon="4.97774">
        <ele>53</ele>
      </trkpt>
      <trkpt lat="50.97729" lon="4.97771">
        <ele>53</ele>
      </trkpt>
      <trkpt lat="50.97792" lon="4.97734">
        <ele>52</ele>
      </trkpt>
      <trkpt lat="50.97814" lon="4.97737">
        <ele>52</ele>
      </trkpt>
      <trkpt lat="50.97812" lon="4.97784">
        <ele>51</ele>
      </trkpt>
      <trkpt lat="50.97812" lon="4.97802">
        <ele>50</ele>
      </trkpt>
      <trkpt lat="50.97816" lon="4.97816">
        <ele>50</ele>
      </trkpt>
      <trkpt lat="50.97852" lon="4.97914">
        <ele>50</ele>
      </trkpt>
      <trkpt lat="50.97859" lon="4.97947">
        <ele>50</ele>
      </trkpt>
      <trkpt lat="50.97893" lon="4.97923">
        <ele>53</ele>
      </trkpt>
      <trkpt lat="50.97911" lon="4.97907">
        <ele>54</ele>
      </trkpt>
      <trkpt lat="50.97947" lon="4.97882">
        <ele>57</ele>
      </trkpt>
      <trkpt lat="50.97953" lon="4.97873">
        <ele>58</ele>
      </trkpt>
      <trkpt lat="50.97954" lon="4.97866">
        <ele>58</ele>
      </trkpt>
      <trkpt lat="50.97945" lon="4.97825">
        <ele>59</ele>
      </trkpt>
      <trkpt lat="50.97945" lon="4.97814">
        <ele>60</ele>
      </trkpt>
      <trkpt lat="50.97979" lon="4.97713">
        <ele>61</ele>
      </trkpt>
      <trkpt lat="50.97983" lon="4.97705">
        <ele>61</ele>
      </trkpt>
      <trkpt lat="50.97987" lon="4.97702">
        <ele>61</ele>
      </trkpt>
      <trkpt lat="50.98011" lon="4.97696">
        <ele>60</ele>
      </trkpt>
      <trkpt lat="50.98016" lon="4.9769">
        <ele>60</ele>
      </trkpt>
      <trkpt lat="50.98018" lon="4.97675">
        <ele>60</ele>
      </trkpt>
      <trkpt lat="50.98006" lon="4.97558">
        <ele>59</ele>
      </trkpt>
      <trkpt lat="50.98009" lon="4.97556">
        <ele>59</ele>
      </trkpt>
      <trkpt lat="50.98013" lon="4.9755">
        <ele>59</ele>
      </trkpt>
      <trkpt lat="50.98014" lon="4.97544">
        <ele>59</ele>
      </trkpt>
      <trkpt lat="50.98012" lon="4.97536">
        <ele>58</ele>
      </trkpt>
      <trkpt lat="50.9802" lon="4.97534">
        <ele>59</ele>
      </trkpt>
      <trkpt lat="50.98045" lon="4.97525">
        <ele>59</ele>
      </trkpt>
      <trkpt lat="50.98093" lon="4.97504">
        <ele>59</ele>
      </trkpt>
      <trkpt lat="50.98105" lon="4.97501">
        <ele>59</ele>
      </trkpt>
      <trkpt lat="50.98128" lon="4.97506">
        <ele>58</ele>
      </trkpt>
      <trkpt lat="50.98165" lon="4.97507">
        <ele>57</ele>
      </trkpt>
      <trkpt lat="50.98288" lon="4.97507">
        <ele>52</ele>
      </trkpt>
      <trkpt lat="50.98365" lon="4.97504">
        <ele>50</ele>
      </trkpt>
      <trkpt lat="50.98368" lon="4.97511">
        <ele>50</ele>
      </trkpt>
      <trkpt lat="50.98385" lon="4.97513">
        <ele>49</ele>
      </trkpt>
      <trkpt lat="50.98409" lon="4.97513">
        <ele>49</ele>
      </trkpt>
      <trkpt lat="50.98425" lon="4.97509">
        <ele>48</ele>
      </trkpt>
      <trkpt lat="50.9845" lon="4.97508">
        <ele>48</ele>
      </trkpt>
      <trkpt lat="50.98667" lon="4.975">
        <ele>45</ele>
      </trkpt>
      <trkpt lat="50.98829" lon="4.97511">
        <ele>41</ele>
      </trkpt>
      <trkpt lat="50.98839" lon="4.97511">
        <ele>40</ele>
      </trkpt>
      <trkpt lat="50.98936" lon="4.97511">
        <ele>37</ele>
      </trkpt>
      <trkpt lat="50.99192" lon="4.97497">
        <ele>33</ele>
      </trkpt>
      <trkpt lat="50.9921" lon="4.97499">
        <ele>34</ele>
      </trkpt>
      <trkpt lat="50.9932" lon="4.97496">
        <ele>37</ele>
      </trkpt>
      <trkpt lat="50.99341" lon="4.9749">
        <ele>37</ele>
      </trkpt>
      <trkpt lat="50.9935" lon="4.97483">
        <ele>37</ele>
      </trkpt>
      <trkpt lat="50.99355" lon="4.97479">
        <ele>37</ele>
      </trkpt>
      <trkpt lat="50.9937" lon="4.97456">
        <ele>36</ele>
      </trkpt>
      <trkpt lat="50.99396" lon="4.97391">
        <ele>35</ele>
      </trkpt>
      <trkpt lat="50.9941" lon="4.97364">
        <ele>34</ele>
      </trkpt>
      <trkpt lat="50.99421" lon="4.97351">
        <ele>33</ele>
      </trkpt>
      <trkpt lat="50.99433" lon="4.97343">
        <ele>32</ele>
      </trkpt>
      <trkpt lat="50.99451" lon="4.9734">
        <ele>32</ele>
      </trkpt>
      <trkpt lat="50.99471" lon="4.97347">
        <ele>31</ele>
      </trkpt>
      <trkpt lat="50.99488" lon="4.97359">
        <ele>31</ele>
      </trkpt>
      <trkpt lat="50.99532" lon="4.97396">
        <ele>29</ele>
      </trkpt>
      <trkpt lat="50.99585" lon="4.9743">
        <ele>28</ele>
      </trkpt>
      <trkpt lat="50.99672" lon="4.97479">
        <ele>25</ele>
      </trkpt>
      <trkpt lat="50.99711" lon="4.97509">
        <ele>24</ele>
      </trkpt>
      <trkpt lat="50.99736" lon="4.97534">
        <ele>24</ele>
      </trkpt>
      <trkpt lat="50.99773" lon="4.97578">
        <ele>23</ele>
      </trkpt>
      <trkpt lat="50.9979" lon="4.97603">
        <ele>23</ele>
      </trkpt>
      <trkpt lat="50.99904" lon="4.9778">
        <ele>20</ele>
      </trkpt>
      <trkpt lat="50.99925" lon="4.97799">
        <ele>20</ele>
      </trkpt>
      <trkpt lat="50.99926" lon="4.97787">
        <ele>20</ele>
      </trkpt>
      <trkpt lat="50.99929" lon="4.97782">
        <ele>20</ele>
      </trkpt>
      <trkpt lat="50.99931" lon="4.97778">
        <ele>20</ele>
      </trkpt>
      <trkpt lat="50.99938" lon="4.97774">
        <ele>20</ele>
      </trkpt>
      <trkpt lat="50.99938" lon="4.97762">
        <ele>20</ele>
      </trkpt>
      <trkpt lat="50.99903" lon="4.97592">
        <ele>22</ele>
      </trkpt>
      <trkpt lat="50.99888" lon="4.97484">
        <ele>23</ele>
      </trkpt>
      <trkpt lat="50.99881" lon="4.97388">
        <ele>24</ele>
      </trkpt>
      <trkpt lat="50.99875" lon="4.97194">
        <ele>23</ele>
      </trkpt>
      <trkpt lat="50.99873" lon="4.9699">
        <ele>23</ele>
      </trkpt>
      <trkpt lat="50.99871" lon="4.96952">
        <ele>23</ele>
      </trkpt>
      <trkpt lat="50.99864" lon="4.96887">
        <ele>22</ele>
      </trkpt>
      <trkpt lat="50.99838" lon="4.96713">
        <ele>21</ele>
      </trkpt>
      <trkpt lat="50.99834" lon="4.96663">
        <ele>21</ele>
      </trkpt>
      <trkpt lat="50.99835" lon="4.96633">
        <ele>21</ele>
      </trkpt>
      <trkpt lat="50.99837" lon="4.96596">
        <ele>20</ele>
      </trkpt>
      <trkpt lat="50.99842" lon="4.96563">
        <ele>20</ele>
      </trkpt>
      <trkpt lat="50.99855" lon="4.96514">
        <ele>20</ele>
      </trkpt>
      <trkpt lat="50.99897" lon="4.96397">
        <ele>21</ele>
      </trkpt>
      <trkpt lat="50.99906" lon="4.96363">
        <ele>21</ele>
      </trkpt>
      <trkpt lat="50.99921" lon="4.96296">
        <ele>22</ele>
      </trkpt>
      <trkpt lat="50.99929" lon="4.96239">
        <ele>23</ele>
      </trkpt>
      <trkpt lat="50.99931" lon="4.9618">
        <ele>24</ele>
      </trkpt>
      <trkpt lat="50.99928" lon="4.96086">
        <ele>25</ele>
      </trkpt>
      <trkpt lat="50.99925" lon="4.96066">
        <ele>25</ele>
      </trkpt>
      <trkpt lat="50.99915" lon="4.96004">
        <ele>26</ele>
      </trkpt>
      <trkpt lat="50.9987" lon="4.95782">
        <ele>29</ele>
      </trkpt>
      <trkpt lat="50.99861" lon="4.95753">
        <ele>29</ele>
      </trkpt>
      <trkpt lat="50.99847" lon="4.95714">
        <ele>30</ele>
      </trkpt>
      <trkpt lat="50.99833" lon="4.95683">
        <ele>30</ele>
      </trkpt>
      <trkpt lat="50.99818" lon="4.95659">
        <ele>30</ele>
      </trkpt>
      <trkpt lat="50.99797" lon="4.95632">
        <ele>30</ele>
      </trkpt>
      <trkpt lat="50.99709" lon="4.95543">
        <ele>29</ele>
      </trkpt>
      <trkpt lat="50.99695" lon="4.95523">
        <ele>29</ele>
      </trkpt>
      <trkpt lat="50.99672" lon="4.95484">
        <ele>28</ele>
      </trkpt>
      <trkpt lat="50.99656" lon="4.9545">
        <ele>28</ele>
      </trkpt>
      <trkpt lat="50.99625" lon="4.9535">
        <ele>27</ele>
      </trkpt>
      <trkpt lat="50.99601" lon="4.95285">
        <ele>27</ele>
      </trkpt>
      <trkpt lat="50.9954" lon="4.95182">
        <ele>26</ele>
      </trkpt>
      <trkpt lat="50.99519" lon="4.95136">
        <ele>25</ele>
      </trkpt>
      <trkpt lat="50.99512" lon="4.95116">
        <ele>25</ele>
      </trkpt>
      <trkpt lat="50.99514" lon="4.95116">
        <ele>25</ele>
      </trkpt>
      <trkpt lat="50.99535" lon="4.95114">
        <ele>25</ele>
      </trkpt>
      <trkpt lat="50.99571" lon="4.95117">
        <ele>26</ele>
      </trkpt>
      <trkpt lat="50.99602" lon="4.95124">
        <ele>26</ele>
      </trkpt>
      <trkpt lat="50.99931" lon="4.95254">
        <ele>25</ele>
      </trkpt>
      <trkpt lat="50.99975" lon="4.95268">
        <ele>22</ele>
      </trkpt>
      <trkpt lat="51.00017" lon="4.95275">
        <ele>20</ele>
      </trkpt>
      <trkpt lat="51.00045" lon="4.95275">
        <ele>18</ele>
      </trkpt>
      <trkpt lat="51.00154" lon="4.95256">
        <ele>15</ele>
      </trkpt>
      <trkpt lat="51.0018" lon="4.95255">
        <ele>15</ele>
      </trkpt>
      <trkpt lat="51.00212" lon="4.95253">
        <ele>15</ele>
      </trkpt>
      <trkpt lat="51.00273" lon="4.95259">
        <ele>15</ele>
      </trkpt>
      <trkpt lat="51.00665" lon="4.95371">
        <ele>15</ele>
      </trkpt>
      <trkpt lat="51.00715" lon="4.95394">
        <ele>15</ele>
      </trkpt>
      <trkpt lat="51.00745" lon="4.95415">
        <ele>15</ele>
      </trkpt>
      <trkpt lat="51.00771" lon="4.95437">
        <ele>15</ele>
      </trkpt>
      <trkpt lat="51.00794" lon="4.95461">
        <ele>15</ele>
      </trkpt>
      <trkpt lat="51.00814" lon="4.95475">
        <ele>15</ele>
      </trkpt>
      <trkpt lat="51.00843" lon="4.95487">
        <ele>13</ele>
      </trkpt>
      <trkpt lat="51.00867" lon="4.95495">
        <ele>15</ele>
      </trkpt>
      <trkpt lat="51.00871" lon="4.95496">
        <ele>15</ele>
      </trkpt>
      <trkpt lat="51.00895" lon="4.95502">
        <ele>16</ele>
      </trkpt>
      <trkpt lat="51.009" lon="4.955">
        <ele>17</ele>
      </trkpt>
      <trkpt lat="51.00903" lon="4.95487">
        <ele>17</ele>
      </trkpt>
      <trkpt lat="51.00902" lon="4.95453">
        <ele>17</ele>
      </trkpt>
      <trkpt lat="51.00902" lon="4.95398">
        <ele>17</ele>
      </trkpt>
      <trkpt lat="51.00898" lon="4.95324">
        <ele>16</ele>
      </trkpt>
      <trkpt lat="51.00891" lon="4.95269">
        <ele>15</ele>
      </trkpt>
      <trkpt lat="51.00873" lon="4.95178">
        <ele>14</ele>
      </trkpt>
      <trkpt lat="51.00874" lon="4.95169">
        <ele>14</ele>
      </trkpt>
      <trkpt lat="51.0095" lon="4.94851">
        <ele>15</ele>
      </trkpt>
      <trkpt lat="51.00954" lon="4.94842">
        <ele>15</ele>
      </trkpt>
      <trkpt lat="51.00958" lon="4.94838">
        <ele>15</ele>
      </trkpt>
      <trkpt lat="51.01063" lon="4.94772">
        <ele>14</ele>
      </trkpt>
      <trkpt lat="51.01093" lon="4.94744">
        <ele>14</ele>
      </trkpt>
      <trkpt lat="51.01108" lon="4.94722">
        <ele>14</ele>
      </trkpt>
      <trkpt lat="51.0113" lon="4.94683">
        <ele>14</ele>
      </trkpt>
      <trkpt lat="51.01142" lon="4.94651">
        <ele>14</ele>
      </trkpt>
      <trkpt lat="51.01155" lon="4.94606">
        <ele>13</ele>
      </trkpt>
      <trkpt lat="51.01161" lon="4.94566">
        <ele>14</ele>
      </trkpt>
      <trkpt lat="51.01198" lon="4.94295">
        <ele>13</ele>
      </trkpt>
      <trkpt lat="51.01222" lon="4.94121">
        <ele>14</ele>
      </trkpt>
      <trkpt lat="51.01226" lon="4.94078">
        <ele>14</ele>
      </trkpt>
      <trkpt lat="51.01226" lon="4.94016">
        <ele>13</ele>
      </trkpt>
      <trkpt lat="51.01223" lon="4.93987">
        <ele>14</ele>
      </trkpt>
      <trkpt lat="51.01212" lon="4.93915">
        <ele>14</ele>
      </trkpt>
      <trkpt lat="51.01206" lon="4.93847">
        <ele>13</ele>
      </trkpt>
      <trkpt lat="51.01206" lon="4.93785">
        <ele>13</ele>
      </trkpt>
      <trkpt lat="51.01217" lon="4.93625">
        <ele>14</ele>
      </trkpt>
      <trkpt lat="51.01217" lon="4.93594">
        <ele>14</ele>
      </trkpt>
      <trkpt lat="51.01213" lon="4.93532">
        <ele>13</ele>
      </trkpt>
      <trkpt lat="51.01197" lon="4.9342">
        <ele>14</ele>
      </trkpt>
      <trkpt lat="51.01193" lon="4.93372">
        <ele>14</ele>
      </trkpt>
      <trkpt lat="51.01194" lon="4.93337">
        <ele>14</ele>
      </trkpt>
      <trkpt lat="51.01233" lon="4.93027">
        <ele>14</ele>
      </trkpt>
      <trkpt lat="51.01234" lon="4.92987">
        <ele>13</ele>
      </trkpt>
      <trkpt lat="51.01229" lon="4.92946">
        <ele>13</ele>
      </trkpt>
      <trkpt lat="51.01231" lon="4.92933">
        <ele>13</ele>
      </trkpt>
      <trkpt lat="51.01223" lon="4.92923">
        <ele>13</ele>
      </trkpt>
      <trkpt lat="51.01175" lon="4.92695">
        <ele>13</ele>
      </trkpt>
      <trkpt lat="51.01139" lon="4.92548">
        <ele>13</ele>
      </trkpt>
      <trkpt lat="51.01123" lon="4.92477">
        <ele>13</ele>
      </trkpt>
      <trkpt lat="51.0111" lon="4.9238">
        <ele>13</ele>
      </trkpt>
      <trkpt lat="51.01079" lon="4.92213">
        <ele>13</ele>
      </trkpt>
      <trkpt lat="51.01077" lon="4.92172">
        <ele>14</ele>
      </trkpt>
      <trkpt lat="51.01079" lon="4.9211">
        <ele>15</ele>
      </trkpt>
      <trkpt lat="51.01087" lon="4.92062">
        <ele>15</ele>
      </trkpt>
      <trkpt lat="51.01095" lon="4.92037">
        <ele>16</ele>
      </trkpt>
      <trkpt lat="51.01106" lon="4.92011">
        <ele>18</ele>
      </trkpt>
      <trkpt lat="51.01102" lon="4.92008">
        <ele>19</ele>
      </trkpt>
      <trkpt lat="51.01045" lon="4.91964">
        <ele>18</ele>
      </trkpt>
      <trkpt lat="51.01032" lon="4.91947">
        <ele>18</ele>
      </trkpt>
      <trkpt lat="51.01025" lon="4.91934">
        <ele>19</ele>
      </trkpt>
      <trkpt lat="51.01014" lon="4.91903">
        <ele>17</ele>
      </trkpt>
      <trkpt lat="51.01008" lon="4.91853">
        <ele>15</ele>
      </trkpt>
      <trkpt lat="51.01004" lon="4.91793">
        <ele>14</ele>
      </trkpt>
      <trkpt lat="51.00999" lon="4.91744">
        <ele>14</ele>
      </trkpt>
      <trkpt lat="51.0099" lon="4.91715">
        <ele>14</ele>
      </trkpt>
      <trkpt lat="51.00982" lon="4.91696">
        <ele>14</ele>
      </trkpt>
      <trkpt lat="51.00974" lon="4.9167">
        <ele>14</ele>
      </trkpt>
      <trkpt lat="51.00957" lon="4.91613">
        <ele>14</ele>
      </trkpt>
      <trkpt lat="51.00935" lon="4.91556">
        <ele>14</ele>
      </trkpt>
      <trkpt lat="51.00845" lon="4.91394">
        <ele>13</ele>
      </trkpt>
      <trkpt lat="51.00819" lon="4.9135">
        <ele>13</ele>
      </trkpt>
      <trkpt lat="51.00643" lon="4.91088">
        <ele>13</ele>
      </trkpt>
      <trkpt lat="51.00615" lon="4.91026">
        <ele>13</ele>
      </trkpt>
      <trkpt lat="51.00605" lon="4.90995">
        <ele>13</ele>
      </trkpt>
      <trkpt lat="51.00445" lon="4.90432">
        <ele>14</ele>
      </trkpt>
      <trkpt lat="51.00429" lon="4.90369">
        <ele>15</ele>
      </trkpt>
      <trkpt lat="51.00411" lon="4.90282">
        <ele>15</ele>
      </trkpt>
      <trkpt lat="51.00387" lon="4.90118">
        <ele>15</ele>
      </trkpt>
      <trkpt lat="51.00381" lon="4.90088">
        <ele>15</ele>
      </trkpt>
      <trkpt lat="51.00372" lon="4.90059">
        <ele>15</ele>
      </trkpt>
      <trkpt lat="51.00362" lon="4.90042">
        <ele>15</ele>
      </trkpt>
      <trkpt lat="51.0035" lon="4.90023">
        <ele>15</ele>
      </trkpt>
      <trkpt lat="51.00298" lon="4.89971">
        <ele>15</ele>
      </trkpt>
      <trkpt lat="51.00264" lon="4.89931">
        <ele>16</ele>
      </trkpt>
      <trkpt lat="51.00249" lon="4.89909">
        <ele>16</ele>
      </trkpt>
      <trkpt lat="51.00225" lon="4.89866">
        <ele>17</ele>
      </trkpt>
      <trkpt lat="51.0021" lon="4.89828">
        <ele>17</ele>
      </trkpt>
      <trkpt lat="51.0012" lon="4.89552">
        <ele>22</ele>
      </trkpt>
      <trkpt lat="51.00106" lon="4.89495">
        <ele>24</ele>
      </trkpt>
      <trkpt lat="51.00096" lon="4.89442">
        <ele>24</ele>
      </trkpt>
      <trkpt lat="51.0009" lon="4.89376">
        <ele>26</ele>
      </trkpt>
      <trkpt lat="51.00088" lon="4.89312">
        <ele>26</ele>
      </trkpt>
      <trkpt lat="51.0009" lon="4.89265">
        <ele>26</ele>
      </trkpt>
      <trkpt lat="51.00099" lon="4.89192">
        <ele>28</ele>
      </trkpt>
      <trkpt lat="51.00126" lon="4.8901">
        <ele>28</ele>
      </trkpt>
      <trkpt lat="51.00131" lon="4.88953">
        <ele>28</ele>
      </trkpt>
      <trkpt lat="51.0013" lon="4.88929">
        <ele>28</ele>
      </trkpt>
      <trkpt lat="51.00127" lon="4.88907">
        <ele>28</ele>
      </trkpt>
      <trkpt lat="51.00109" lon="4.88863">
        <ele>28</ele>
      </trkpt>
      <trkpt lat="51.00023" lon="4.88675">
        <ele>27</ele>
      </trkpt>
      <trkpt lat="51.00013" lon="4.88648">
        <ele>27</ele>
      </trkpt>
      <trkpt lat="50.99997" lon="4.88594">
        <ele>25</ele>
      </trkpt>
      <trkpt lat="50.99857" lon="4.87905">
        <ele>20</ele>
      </trkpt>
      <trkpt lat="50.99835" lon="4.87826">
        <ele>19</ele>
      </trkpt>
      <trkpt lat="50.99823" lon="4.8779">
        <ele>19</ele>
      </trkpt>
      <trkpt lat="50.99787" lon="4.87705">
        <ele>18</ele>
      </trkpt>
      <trkpt lat="50.99712" lon="4.87543">
        <ele>18</ele>
      </trkpt>
      <trkpt lat="50.99697" lon="4.87505">
        <ele>19</ele>
      </trkpt>
      <trkpt lat="50.9963" lon="4.87289">
        <ele>19</ele>
      </trkpt>
      <trkpt lat="50.99617" lon="4.87253">
        <ele>20</ele>
      </trkpt>
      <trkpt lat="50.9959" lon="4.87199">
        <ele>21</ele>
      </trkpt>
      <trkpt lat="50.99535" lon="4.87087">
        <ele>21</ele>
      </trkpt>
      <trkpt lat="50.99512" lon="4.87066">
        <ele>21</ele>
      </trkpt>
      <trkpt lat="50.99505" lon="4.87061">
        <ele>21</ele>
      </trkpt>
      <trkpt lat="50.9947" lon="4.87051">
        <ele>19</ele>
      </trkpt>
      <trkpt lat="50.99443" lon="4.8704">
        <ele>18</ele>
      </trkpt>
      <trkpt lat="50.99411" lon="4.8702">
        <ele>17</ele>
      </trkpt>
      <trkpt lat="50.99382" lon="4.86995">
        <ele>17</ele>
      </trkpt>
      <trkpt lat="50.99361" lon="4.86971">
        <ele>17</ele>
      </trkpt>
      <trkpt lat="50.9934" lon="4.86939">
        <ele>17</ele>
      </trkpt>
      <trkpt lat="50.99326" lon="4.86897">
        <ele>17</ele>
      </trkpt>
      <trkpt lat="50.9931" lon="4.86833">
        <ele>18</ele>
      </trkpt>
      <trkpt lat="50.99246" lon="4.86533">
        <ele>26</ele>
      </trkpt>
      <trkpt lat="50.99242" lon="4.86497">
        <ele>27</ele>
      </trkpt>
      <trkpt lat="50.9924" lon="4.86448">
        <ele>29</ele>
      </trkpt>
      <trkpt lat="50.99243" lon="4.8641">
        <ele>30</ele>
      </trkpt>
      <trkpt lat="50.99254" lon="4.86353">
        <ele>31</ele>
      </trkpt>
      <trkpt lat="50.99263" lon="4.86321">
        <ele>33</ele>
      </trkpt>
      <trkpt lat="50.99273" lon="4.86298">
        <ele>33</ele>
      </trkpt>
      <trkpt lat="50.99296" lon="4.86254">
        <ele>34</ele>
      </trkpt>
      <trkpt lat="50.9933" lon="4.86198">
        <ele>34</ele>
      </trkpt>
      <trkpt lat="50.9934" lon="4.86176">
        <ele>33</ele>
      </trkpt>
      <trkpt lat="50.99351" lon="4.86146">
        <ele>33</ele>
      </trkpt>
      <trkpt lat="50.9936" lon="4.86103">
        <ele>32</ele>
      </trkpt>
      <trkpt lat="50.99361" lon="4.86087">
        <ele>31</ele>
      </trkpt>
      <trkpt lat="50.9936" lon="4.86048">
        <ele>30</ele>
      </trkpt>
      <trkpt lat="50.99356" lon="4.86012">
        <ele>29</ele>
      </trkpt>
      <trkpt lat="50.99302" lon="4.8573">
        <ele>23</ele>
      </trkpt>
      <trkpt lat="50.99298" lon="4.85663">
        <ele>22</ele>
      </trkpt>
      <trkpt lat="50.99325" lon="4.85297">
        <ele>18</ele>
      </trkpt>
      <trkpt lat="50.99346" lon="4.8508">
        <ele>16</ele>
      </trkpt>
      <trkpt lat="50.99367" lon="4.84888">
        <ele>14</ele>
      </trkpt>
      <trkpt lat="50.9937" lon="4.84841">
        <ele>14</ele>
      </trkpt>
      <trkpt lat="50.9937" lon="4.84811">
        <ele>14</ele>
      </trkpt>
      <trkpt lat="50.99366" lon="4.84767">
        <ele>14</ele>
      </trkpt>
      <trkpt lat="50.99361" lon="4.84737">
        <ele>14</ele>
      </trkpt>
      <trkpt lat="50.99328" lon="4.84611">
        <ele>13</ele>
      </trkpt>
      <trkpt lat="50.99249" lon="4.84335">
        <ele>12</ele>
      </trkpt>
      <trkpt lat="50.99249" lon="4.84303">
        <ele>12</ele>
      </trkpt>
      <trkpt lat="50.9924" lon="4.84303">
        <ele>12</ele>
      </trkpt>
      <trkpt lat="50.99236" lon="4.84286">
        <ele>12</ele>
      </trkpt>
      <trkpt lat="50.99235" lon="4.84279">
        <ele>12</ele>
      </trkpt>
      <trkpt lat="50.99234" lon="4.8426">
        <ele>12</ele>
      </trkpt>
      <trkpt lat="50.99198" lon="4.84159">
        <ele>12</ele>
      </trkpt>
      <trkpt lat="50.9917" lon="4.84084">
        <ele>12</ele>
      </trkpt>
      <trkpt lat="50.99171" lon="4.84076">
        <ele>12</ele>
      </trkpt>
      <trkpt lat="50.99169" lon="4.84069">
        <ele>12</ele>
      </trkpt>
      <trkpt lat="50.99163" lon="4.84063">
        <ele>12</ele>
      </trkpt>
      <trkpt lat="50.99154" lon="4.84063">
        <ele>12</ele>
      </trkpt>
      <trkpt lat="50.99135" lon="4.83908">
        <ele>11</ele>
      </trkpt>
      <trkpt lat="50.99128" lon="4.83738">
        <ele>12</ele>
      </trkpt>
      <trkpt lat="50.99134" lon="4.83731">
        <ele>12</ele>
      </trkpt>
      <trkpt lat="50.99136" lon="4.83723">
        <ele>12</ele>
      </trkpt>
      <trkpt lat="50.99134" lon="4.83714">
        <ele>12</ele>
      </trkpt>
      <trkpt lat="50.99128" lon="4.83707">
        <ele>12</ele>
      </trkpt>
      <trkpt lat="50.99122" lon="4.83708">
        <ele>12</ele>
      </trkpt>
      <trkpt lat="50.99118" lon="4.83713">
        <ele>12</ele>
      </trkpt>
      <trkpt lat="50.99109" lon="4.83704">
        <ele>12</ele>
      </trkpt>
      <trkpt lat="50.99111" lon="4.83699">
        <ele>12</ele>
      </trkpt>
      <trkpt lat="50.99011" lon="4.83586">
        <ele>12</ele>
      </trkpt>
      <trkpt lat="50.98767" lon="4.83302">
        <ele>11</ele>
      </trkpt>
      <trkpt lat="50.98761" lon="4.83292">
        <ele>11</ele>
      </trkpt>
      <trkpt lat="50.98748" lon="4.83258">
        <ele>11</ele>
      </trkpt>
      <trkpt lat="50.98745" lon="4.83253">
        <ele>11</ele>
      </trkpt>
      <trkpt lat="50.98745" lon="4.83252">
        <ele>11</ele>
      </trkpt>
      <trkpt lat="50.98739" lon="4.83235">
        <ele>11</ele>
      </trkpt>
      <trkpt lat="50.98696" lon="4.82977">
        <ele>12</ele>
      </trkpt>
      <trkpt lat="50.98691" lon="4.8294">
        <ele>12</ele>
      </trkpt>
      <trkpt lat="50.98692" lon="4.82915">
        <ele>11</ele>
      </trkpt>
      <trkpt lat="50.98696" lon="4.82875">
        <ele>12</ele>
      </trkpt>
      <trkpt lat="50.98698" lon="4.82842">
        <ele>12</ele>
      </trkpt>
      <trkpt lat="50.98703" lon="4.82836">
        <ele>12</ele>
      </trkpt>
      <trkpt lat="50.98711" lon="4.82708">
        <ele>14</ele>
      </trkpt>
      <trkpt lat="50.98714" lon="4.82675">
        <ele>16</ele>
      </trkpt>
      <trkpt lat="50.98722" lon="4.8262">
        <ele>17</ele>
      </trkpt>
      <trkpt lat="50.98738" lon="4.82551">
        <ele>15</ele>
      </trkpt>
      <trkpt lat="50.98816" lon="4.82305">
        <ele>11</ele>
      </trkpt>
      <trkpt lat="50.98813" lon="4.82302">
        <ele>11</ele>
      </trkpt>
      <trkpt lat="50.98815" lon="4.82295">
        <ele>11</ele>
      </trkpt>
      <trkpt lat="50.9882" lon="4.82277">
        <ele>10</ele>
      </trkpt>
      <trkpt lat="50.98883" lon="4.82297">
        <ele>10</ele>
      </trkpt>
      <trkpt lat="50.9914" lon="4.82269">
        <ele>10</ele>
      </trkpt>
      <trkpt lat="50.9917" lon="4.82262">
        <ele>11</ele>
      </trkpt>
      <trkpt lat="50.99183" lon="4.82255">
        <ele>11</ele>
      </trkpt>
      <trkpt lat="50.99198" lon="4.82246">
        <ele>11</ele>
      </trkpt>
      <trkpt lat="50.99223" lon="4.82223">
        <ele>11</ele>
      </trkpt>
      <trkpt lat="50.99299" lon="4.82157">
        <ele>11</ele>
      </trkpt>
      <trkpt lat="50.99198" lon="4.81915">
        <ele>11</ele>
      </trkpt>
      <trkpt lat="50.99162" lon="4.81817">
        <ele>10</ele>
      </trkpt>
      <trkpt lat="50.99136" lon="4.81729">
        <ele>10</ele>
      </trkpt>
      <trkpt lat="50.99107" lon="4.81606">
        <ele>10</ele>
      </trkpt>
      <trkpt lat="50.99096" lon="4.81548">
        <ele>11</ele>
      </trkpt>
      <trkpt lat="50.99086" lon="4.81475">
        <ele>11</ele>
      </trkpt>
      <trkpt lat="50.99076" lon="4.81356">
        <ele>11</ele>
      </trkpt>
      <trkpt lat="50.99078" lon="4.81347">
        <ele>11</ele>
      </trkpt>
      <trkpt lat="50.99075" lon="4.81265">
        <ele>11</ele>
      </trkpt>
      <trkpt lat="50.99067" lon="4.8103">
        <ele>12</ele>
      </trkpt>
      <trkpt lat="50.99073" lon="4.81026">
        <ele>12</ele>
      </trkpt>
      <trkpt lat="50.99077" lon="4.81021">
        <ele>12</ele>
      </trkpt>
      <trkpt lat="50.99081" lon="4.81006">
        <ele>12</ele>
      </trkpt>
      <trkpt lat="50.99081" lon="4.80995">
        <ele>12</ele>
      </trkpt>
      <trkpt lat="50.99078" lon="4.80985">
        <ele>12</ele>
      </trkpt>
      <trkpt lat="50.9907" lon="4.80975">
        <ele>12</ele>
      </trkpt>
      <trkpt lat="50.99061" lon="4.80907">
        <ele>12</ele>
      </trkpt>
      <trkpt lat="50.99054" lon="4.80696">
        <ele>14</ele>
      </trkpt>
      <trkpt lat="50.99025" lon="4.79834">
        <ele>15</ele>
      </trkpt>
      <trkpt lat="50.99021" lon="4.79808">
        <ele>15</ele>
      </trkpt>
      <trkpt lat="50.99016" lon="4.79791">
        <ele>15</ele>
      </trkpt>
      <trkpt lat="50.98911" lon="4.7954">
        <ele>14</ele>
      </trkpt>
      <trkpt lat="50.9888" lon="4.79463">
        <ele>14</ele>
      </trkpt>
      <trkpt lat="50.98871" lon="4.79431">
        <ele>14</ele>
      </trkpt>
      <trkpt lat="50.98826" lon="4.79191">
        <ele>16</ele>
      </trkpt>
      <trkpt lat="50.9881" lon="4.7913">
        <ele>17</ele>
      </trkpt>
      <trkpt lat="50.98738" lon="4.78885">
        <ele>17</ele>
      </trkpt>
      <trkpt lat="50.98704" lon="4.78757">
        <ele>16</ele>
      </trkpt>
      <trkpt lat="50.98701" lon="4.78735">
        <ele>16</ele>
      </trkpt>
      <trkpt lat="50.987" lon="4.78733">
        <ele>16</ele>
      </trkpt>
      <trkpt lat="50.98663" lon="4.78234">
        <ele>17</ele>
      </trkpt>
      <trkpt lat="50.9866" lon="4.78194">
        <ele>17</ele>
      </trkpt>
      <trkpt lat="50.98659" lon="4.78182">
        <ele>17</ele>
      </trkpt>
      <trkpt lat="50.98661" lon="4.7818">
        <ele>17</ele>
      </trkpt>
      <trkpt lat="50.98663" lon="4.78172">
        <ele>17</ele>
      </trkpt>
      <trkpt lat="50.98661" lon="4.78165">
        <ele>17</ele>
      </trkpt>
      <trkpt lat="50.98657" lon="4.78163">
        <ele>17</ele>
      </trkpt>
      <trkpt lat="50.9865" lon="4.78062">
        <ele>17</ele>
      </trkpt>
      <trkpt lat="50.98642" lon="4.77972">
        <ele>16</ele>
      </trkpt>
      <trkpt lat="50.98632" lon="4.77908">
        <ele>16</ele>
      </trkpt>
      <trkpt lat="50.98603" lon="4.77752">
        <ele>12</ele>
      </trkpt>
      <trkpt lat="50.98602" lon="4.77745">
        <ele>12</ele>
      </trkpt>
      <trkpt lat="50.986" lon="4.77712">
        <ele>11</ele>
      </trkpt>
      <trkpt lat="50.98601" lon="4.77687">
        <ele>11</ele>
      </trkpt>
      <trkpt lat="50.98604" lon="4.77668">
        <ele>11</ele>
      </trkpt>
      <trkpt lat="50.9861" lon="4.77637">
        <ele>10</ele>
      </trkpt>
      <trkpt lat="50.98664" lon="4.77442">
        <ele>11</ele>
      </trkpt>
      <trkpt lat="50.98686" lon="4.77338">
        <ele>12</ele>
      </trkpt>
      <trkpt lat="50.98691" lon="4.77299">
        <ele>12</ele>
      </trkpt>
      <trkpt lat="50.98691" lon="4.7727">
        <ele>12</ele>
      </trkpt>
      <trkpt lat="50.98683" lon="4.77111">
        <ele>13</ele>
      </trkpt>
      <trkpt lat="50.98677" lon="4.77072">
        <ele>13</ele>
      </trkpt>
      <trkpt lat="50.98595" lon="4.76698">
        <ele>13</ele>
      </trkpt>
      <trkpt lat="50.98537" lon="4.76386">
        <ele>11</ele>
      </trkpt>
      <trkpt lat="50.98531" lon="4.76362">
        <ele>11</ele>
      </trkpt>
      <trkpt lat="50.98396" lon="4.7568">
        <ele>9</ele>
      </trkpt>
      <trkpt lat="50.98315" lon="4.75215">
        <ele>9</ele>
      </trkpt>
      <trkpt lat="50.98303" lon="4.75159">
        <ele>9</ele>
      </trkpt>
      <trkpt lat="50.97989" lon="4.74181">
        <ele>8</ele>
      </trkpt>
      <trkpt lat="50.97939" lon="4.74019">
        <ele>8</ele>
      </trkpt>
      <trkpt lat="50.9791" lon="4.73904">
        <ele>8</ele>
      </trkpt>
      <trkpt lat="50.97747" lon="4.73026">
        <ele>8</ele>
      </trkpt>
      <trkpt lat="50.9774" lon="4.72998">
        <ele>8</ele>
      </trkpt>
      <trkpt lat="50.97732" lon="4.72971">
        <ele>8</ele>
      </trkpt>
      <trkpt lat="50.97489" lon="4.72429">
        <ele>8</ele>
      </trkpt>
      <trkpt lat="50.97479" lon="4.72396">
        <ele>8</ele>
      </trkpt>
      <trkpt lat="50.97469" lon="4.72335">
        <ele>8</ele>
      </trkpt>
      <trkpt lat="50.97467" lon="4.72311">
        <ele>8</ele>
      </trkpt>
      <trkpt lat="50.97467" lon="4.7222">
        <ele>8</ele>
      </trkpt>
      <trkpt lat="50.97464" lon="4.72166">
        <ele>8</ele>
      </trkpt>
      <trkpt lat="50.97451" lon="4.72062">
        <ele>8</ele>
      </trkpt>
      <trkpt lat="50.97449" lon="4.72035">
        <ele>8</ele>
      </trkpt>
      <trkpt lat="50.97448" lon="4.71975">
        <ele>9</ele>
      </trkpt>
      <trkpt lat="50.97454" lon="4.71906">
        <ele>8</ele>
      </trkpt>
      <trkpt lat="50.97478" lon="4.71747">
        <ele>9</ele>
      </trkpt>
      <trkpt lat="50.9748" lon="4.71708">
        <ele>9</ele>
      </trkpt>
      <trkpt lat="50.97479" lon="4.71682">
        <ele>9</ele>
      </trkpt>
      <trkpt lat="50.97474" lon="4.71634">
        <ele>9</ele>
      </trkpt>
      <trkpt lat="50.97457" lon="4.71552">
        <ele>9</ele>
      </trkpt>
      <trkpt lat="50.97448" lon="4.71503">
        <ele>9</ele>
      </trkpt>
      <trkpt lat="50.97445" lon="4.71466">
        <ele>9</ele>
      </trkpt>
      <trkpt lat="50.97457" lon="4.70984">
        <ele>9</ele>
      </trkpt>
      <trkpt lat="50.97456" lon="4.70932">
        <ele>9</ele>
      </trkpt>
      <trkpt lat="50.97453" lon="4.7089">
        <ele>9</ele>
      </trkpt>
      <trkpt lat="50.97442" lon="4.70843">
        <ele>9</ele>
      </trkpt>
      <trkpt lat="50.9743" lon="4.70805">
        <ele>9</ele>
      </trkpt>
      <trkpt lat="50.97384" lon="4.70642">
        <ele>9</ele>
      </trkpt>
      <trkpt lat="50.97374" lon="4.70585">
        <ele>9</ele>
      </trkpt>
      <trkpt lat="50.97373" lon="4.70525">
        <ele>8</ele>
      </trkpt>
      <trkpt lat="50.9738" lon="4.70402">
        <ele>8</ele>
      </trkpt>
      <trkpt lat="50.97379" lon="4.70381">
        <ele>8</ele>
      </trkpt>
      <trkpt lat="50.97378" lon="4.70359">
        <ele>8</ele>
      </trkpt>
      <trkpt lat="50.97373" lon="4.70328">
        <ele>8</ele>
      </trkpt>
      <trkpt lat="50.97368" lon="4.70308">
        <ele>8</ele>
      </trkpt>
      <trkpt lat="50.97357" lon="4.70278">
        <ele>8</ele>
      </trkpt>
      <trkpt lat="50.97359" lon="4.70275">
        <ele>8</ele>
      </trkpt>
      <trkpt lat="50.97361" lon="4.70267">
        <ele>8</ele>
      </trkpt>
      <trkpt lat="50.9736" lon="4.7026">
        <ele>8</ele>
      </trkpt>
      <trkpt lat="50.97355" lon="4.70255">
        <ele>8</ele>
      </trkpt>
      <trkpt lat="50.97343" lon="4.70248">
        <ele>8</ele>
      </trkpt>
      <trkpt lat="50.97339" lon="4.70249">
        <ele>8</ele>
      </trkpt>
      <trkpt lat="50.97335" lon="4.70253">
        <ele>8</ele>
      </trkpt>
      <trkpt lat="50.97334" lon="4.70265">
        <ele>8</ele>
      </trkpt>
      <trkpt lat="50.9733" lon="4.70262">
        <ele>8</ele>
      </trkpt>
      <trkpt lat="50.97323" lon="4.70256">
        <ele>8</ele>
      </trkpt>
      <trkpt lat="50.9732" lon="4.70257">
        <ele>8</ele>
      </trkpt>
      <trkpt lat="50.97308" lon="4.70257">
        <ele>8</ele>
      </trkpt>
      <trkpt lat="50.97289" lon="4.70267">
        <ele>8</ele>
      </trkpt>
      <trkpt lat="50.97149" lon="4.70355">
        <ele>9</ele>
      </trkpt>
      <trkpt lat="50.97132" lon="4.70365">
        <ele>9</ele>
      </trkpt>
      <trkpt lat="50.9711" lon="4.70371">
        <ele>9</ele>
      </trkpt>
      <trkpt lat="50.97085" lon="4.70371">
        <ele>8</ele>
      </trkpt>
      <trkpt lat="50.97066" lon="4.70366">
        <ele>9</ele>
      </trkpt>
      <trkpt lat="50.97045" lon="4.70357">
        <ele>8</ele>
      </trkpt>
      <trkpt lat="50.97029" lon="4.70345">
        <ele>9</ele>
      </trkpt>
      <trkpt lat="50.96999" lon="4.70313">
        <ele>9</ele>
      </trkpt>
      <trkpt lat="50.96984" lon="4.70285">
        <ele>9</ele>
      </trkpt>
      <trkpt lat="50.9697" lon="4.70252">
        <ele>9</ele>
      </trkpt>
      <trkpt lat="50.96962" lon="4.70226">
        <ele>9</ele>
      </trkpt>
      <trkpt lat="50.96957" lon="4.70201">
        <ele>9</ele>
      </trkpt>
      <trkpt lat="50.96954" lon="4.70175">
        <ele>9</ele>
      </trkpt>
      <trkpt lat="50.96935" lon="4.69907">
        <ele>8</ele>
      </trkpt>
      <trkpt lat="50.96905" lon="4.69497">
        <ele>9</ele>
      </trkpt>
      <trkpt lat="50.96902" lon="4.69432">
        <ele>9</ele>
      </trkpt>
      <trkpt lat="50.96902" lon="4.6941">
        <ele>9</ele>
      </trkpt>
      <trkpt lat="50.96905" lon="4.69395">
        <ele>9</ele>
      </trkpt>
      <trkpt lat="50.96907" lon="4.6936">
        <ele>10</ele>
      </trkpt>
      <trkpt lat="50.96908" lon="4.69335">
        <ele>10</ele>
      </trkpt>
      <trkpt lat="50.96928" lon="4.69145">
        <ele>10</ele>
      </trkpt>
      <trkpt lat="50.96934" lon="4.6911">
        <ele>10</ele>
      </trkpt>
      <trkpt lat="50.96943" lon="4.69036">
        <ele>9</ele>
      </trkpt>
      <trkpt lat="50.96943" lon="4.69009">
        <ele>8</ele>
      </trkpt>
      <trkpt lat="50.96942" lon="4.68991">
        <ele>8</ele>
      </trkpt>
      <trkpt lat="50.96977" lon="4.68656">
        <ele>8</ele>
      </trkpt>
      <trkpt lat="50.96983" lon="4.68623">
        <ele>8</ele>
      </trkpt>
      <trkpt lat="50.96987" lon="4.6859">
        <ele>8</ele>
      </trkpt>
      <trkpt lat="50.96989" lon="4.68547">
        <ele>8</ele>
      </trkpt>
      <trkpt lat="50.97184" lon="4.667">
        <ele>7</ele>
      </trkpt>
      <trkpt lat="50.97234" lon="4.66235">
        <ele>7</ele>
      </trkpt>
      <trkpt lat="50.97249" lon="4.66148">
        <ele>7</ele>
      </trkpt>
      <trkpt lat="50.9726" lon="4.66049">
        <ele>7</ele>
      </trkpt>
      <trkpt lat="50.97211" lon="4.66039">
        <ele>6</ele>
      </trkpt>
      <trkpt lat="50.97184" lon="4.66038">
        <ele>6</ele>
      </trkpt>
      <trkpt lat="50.97167" lon="4.6604">
        <ele>6</ele>
      </trkpt>
      <trkpt lat="50.9714" lon="4.66053">
        <ele>6</ele>
      </trkpt>
      <trkpt lat="50.96982" lon="4.66153">
        <ele>6</ele>
      </trkpt>
      <trkpt lat="50.96931" lon="4.66172">
        <ele>6</ele>
      </trkpt>
      <trkpt lat="50.96889" lon="4.66182">
        <ele>6</ele>
      </trkpt>
      <trkpt lat="50.96642" lon="4.66188">
        <ele>6</ele>
      </trkpt>
      <trkpt lat="50.964" lon="4.66195">
        <ele>7</ele>
      </trkpt>
      <trkpt lat="50.96361" lon="4.662">
        <ele>7</ele>
      </trkpt>
      <trkpt lat="50.96345" lon="4.66208">
        <ele>7</ele>
      </trkpt>
      <trkpt lat="50.96323" lon="4.6623">
        <ele>7</ele>
      </trkpt>
      <trkpt lat="50.96303" lon="4.66256">
        <ele>7</ele>
      </trkpt>
      <trkpt lat="50.96255" lon="4.66196">
        <ele>7</ele>
      </trkpt>
      <trkpt lat="50.9621" lon="4.66135">
        <ele>7</ele>
      </trkpt>
      <trkpt lat="50.9617" lon="4.66069">
        <ele>7</ele>
      </trkpt>
      <trkpt lat="50.96094" lon="4.6597">
        <ele>7</ele>
      </trkpt>
      <trkpt lat="50.96061" lon="4.65934">
        <ele>7</ele>
      </trkpt>
      <trkpt lat="50.96019" lon="4.65894">
        <ele>7</ele>
      </trkpt>
      <trkpt lat="50.96015" lon="4.65891">
        <ele>7</ele>
      </trkpt>
      <trkpt lat="50.96012" lon="4.65879">
        <ele>7</ele>
      </trkpt>
      <trkpt lat="50.96012" lon="4.65864">
        <ele>7</ele>
      </trkpt>
      <trkpt lat="50.96023" lon="4.65801">
        <ele>7</ele>
      </trkpt>
      <trkpt lat="50.96046" lon="4.65746">
        <ele>7</ele>
      </trkpt>
      <trkpt lat="50.96045" lon="4.6574">
        <ele>7</ele>
      </trkpt>
      <trkpt lat="50.96002" lon="4.65708">
        <ele>8</ele>
      </trkpt>
      <trkpt lat="50.95955" lon="4.65661">
        <ele>8</ele>
      </trkpt>
      <trkpt lat="50.95894" lon="4.6561">
        <ele>8</ele>
      </trkpt>
      <trkpt lat="50.95867" lon="4.65595">
        <ele>8</ele>
      </trkpt>
      <trkpt lat="50.95848" lon="4.65594">
        <ele>8</ele>
      </trkpt>
      <trkpt lat="50.9581" lon="4.65605">
        <ele>8</ele>
      </trkpt>
      <trkpt lat="50.95788" lon="4.65609">
        <ele>8</ele>
      </trkpt>
      <trkpt lat="50.95768" lon="4.65604">
        <ele>8</ele>
      </trkpt>
      <trkpt lat="50.95748" lon="4.65592">
        <ele>8</ele>
      </trkpt>
      <trkpt lat="50.95726" lon="4.65582">
        <ele>9</ele>
      </trkpt>
      <trkpt lat="50.95721" lon="4.65683">
        <ele>8</ele>
      </trkpt>
      <trkpt lat="50.95711" lon="4.65683">
        <ele>8</ele>
      </trkpt>
      <trkpt lat="50.957" lon="4.6567">
        <ele>9</ele>
      </trkpt>
      <trkpt lat="50.95676" lon="4.65633">
        <ele>9</ele>
      </trkpt>
      <trkpt lat="50.95658" lon="4.65595">
        <ele>10</ele>
      </trkpt>
      <trkpt lat="50.95639" lon="4.65592">
        <ele>10</ele>
      </trkpt>
      <trkpt lat="50.95625" lon="4.65592">
        <ele>10</ele>
      </trkpt>
      <trkpt lat="50.95601" lon="4.65595">
        <ele>10</ele>
      </trkpt>
      <trkpt lat="50.95593" lon="4.656">
        <ele>10</ele>
      </trkpt>
      <trkpt lat="50.95502" lon="4.65707">
        <ele>9</ele>
      </trkpt>
      <trkpt lat="50.95492" lon="4.65711">
        <ele>9</ele>
      </trkpt>
      <trkpt lat="50.95482" lon="4.6571">
        <ele>9</ele>
      </trkpt>
      <trkpt lat="50.95446" lon="4.65669">
        <ele>9</ele>
      </trkpt>
      <trkpt lat="50.95431" lon="4.65667">
        <ele>9</ele>
      </trkpt>
      <trkpt lat="50.95414" lon="4.65724">
        <ele>9</ele>
      </trkpt>
      <trkpt lat="50.95405" lon="4.65746">
        <ele>9</ele>
      </trkpt>
      <trkpt lat="50.95387" lon="4.65778">
        <ele>9</ele>
      </trkpt>
      <trkpt lat="50.95282" lon="4.65971">
        <ele>10</ele>
      </trkpt>
      <trkpt lat="50.9522" lon="4.66081">
        <ele>11</ele>
      </trkpt>
      <trkpt lat="50.95183" lon="4.66142">
        <ele>11</ele>
      </trkpt>
      <trkpt lat="50.9514" lon="4.66261">
        <ele>10</ele>
      </trkpt>
      <trkpt lat="50.95124" lon="4.66317">
        <ele>10</ele>
      </trkpt>
      <trkpt lat="50.95106" lon="4.66366">
        <ele>10</ele>
      </trkpt>
      <trkpt lat="50.95079" lon="4.66413">
        <ele>10</ele>
      </trkpt>
      <trkpt lat="50.95036" lon="4.66469">
        <ele>10</ele>
      </trkpt>
      <trkpt lat="50.95031" lon="4.66481">
        <ele>10</ele>
      </trkpt>
      <trkpt lat="50.95016" lon="4.66529">
        <ele>10</ele>
      </trkpt>
      <trkpt lat="50.95011" lon="4.66538">
        <ele>10</ele>
      </trkpt>
      <trkpt lat="50.95" lon="4.6654">
        <ele>10</ele>
      </trkpt>
      <trkpt lat="50.9498" lon="4.66529">
        <ele>10</ele>
      </trkpt>
      <trkpt lat="50.94959" lon="4.6651">
        <ele>10</ele>
      </trkpt>
      <trkpt lat="50.94946" lon="4.66494">
        <ele>11</ele>
      </trkpt>
      <trkpt lat="50.94937" lon="4.66472">
        <ele>11</ele>
      </trkpt>
      <trkpt lat="50.94923" lon="4.66372">
        <ele>11</ele>
      </trkpt>
      <trkpt lat="50.94902" lon="4.66281">
        <ele>11</ele>
      </trkpt>
      <trkpt lat="50.94874" lon="4.66185">
        <ele>12</ele>
      </trkpt>
      <trkpt lat="50.94856" lon="4.66106">
        <ele>12</ele>
      </trkpt>
      <trkpt lat="50.94851" lon="4.66072">
        <ele>12</ele>
      </trkpt>
      <trkpt lat="50.94849" lon="4.66049">
        <ele>12</ele>
      </trkpt>
      <trkpt lat="50.94845" lon="4.65918">
        <ele>11</ele>
      </trkpt>
      <trkpt lat="50.94843" lon="4.65769">
        <ele>11</ele>
      </trkpt>
      <trkpt lat="50.94837" lon="4.65651">
        <ele>11</ele>
      </trkpt>
      <trkpt lat="50.94834" lon="4.65624">
        <ele>11</ele>
      </trkpt>
      <trkpt lat="50.94819" lon="4.65539">
        <ele>11</ele>
      </trkpt>
      <trkpt lat="50.94735" lon="4.65104">
        <ele>10</ele>
      </trkpt>
      <trkpt lat="50.94668" lon="4.64755">
        <ele>12</ele>
      </trkpt>
      <trkpt lat="50.94662" lon="4.64735">
        <ele>13</ele>
      </trkpt>
      <trkpt lat="50.94663" lon="4.64728">
        <ele>13</ele>
      </trkpt>
      <trkpt lat="50.9473" lon="4.64376">
        <ele>13</ele>
      </trkpt>
      <trkpt lat="50.94758" lon="4.64249">
        <ele>13</ele>
      </trkpt>
      <trkpt lat="50.94735" lon="4.64237">
        <ele>13</ele>
      </trkpt>
      <trkpt lat="50.94723" lon="4.64233">
        <ele>13</ele>
      </trkpt>
      <trkpt lat="50.94718" lon="4.64234">
        <ele>14</ele>
      </trkpt>
      <trkpt lat="50.94712" lon="4.64242">
        <ele>14</ele>
      </trkpt>
      <trkpt lat="50.9469" lon="4.64328">
        <ele>13</ele>
      </trkpt>
      <trkpt lat="50.94682" lon="4.64344">
        <ele>13</ele>
      </trkpt>
      <trkpt lat="50.94514" lon="4.64496">
        <ele>12</ele>
      </trkpt>
      <trkpt lat="50.94502" lon="4.64502">
        <ele>12</ele>
      </trkpt>
      <trkpt lat="50.94476" lon="4.64505">
        <ele>12</ele>
      </trkpt>
      <trkpt lat="50.94328" lon="4.64463">
        <ele>13</ele>
      </trkpt>
      <trkpt lat="50.94323" lon="4.64458">
        <ele>13</ele>
      </trkpt>
      <trkpt lat="50.94264" lon="4.64366">
        <ele>13</ele>
      </trkpt>
      <trkpt lat="50.94171" lon="4.64246">
        <ele>14</ele>
      </trkpt>
      <trkpt lat="50.93853" lon="4.63812">
        <ele>15</ele>
      </trkpt>
      <trkpt lat="50.93839" lon="4.63802">
        <ele>15</ele>
      </trkpt>
      <trkpt lat="50.9383" lon="4.63799">
        <ele>15</ele>
      </trkpt>
      <trkpt lat="50.93824" lon="4.63802">
        <ele>15</ele>
      </trkpt>
      <trkpt lat="50.93806" lon="4.63817">
        <ele>15</ele>
      </trkpt>
      <trkpt lat="50.93714" lon="4.6391">
        <ele>15</ele>
      </trkpt>
      <trkpt lat="50.93679" lon="4.63938">
        <ele>15</ele>
      </trkpt>
      <trkpt lat="50.93651" lon="4.63953">
        <ele>15</ele>
      </trkpt>
      <trkpt lat="50.93457" lon="4.64023">
        <ele>15</ele>
      </trkpt>
      <trkpt lat="50.93448" lon="4.64023">
        <ele>15</ele>
      </trkpt>
      <trkpt lat="50.93443" lon="4.64018">
        <ele>15</ele>
      </trkpt>
      <trkpt lat="50.9344" lon="4.64009">
        <ele>15</ele>
      </trkpt>
      <trkpt lat="50.93434" lon="4.63887">
        <ele>15</ele>
      </trkpt>
      <trkpt lat="50.93434" lon="4.63844">
        <ele>16</ele>
      </trkpt>
      <trkpt lat="50.93438" lon="4.63789">
        <ele>16</ele>
      </trkpt>
      <trkpt lat="50.93438" lon="4.63769">
        <ele>16</ele>
      </trkpt>
      <trkpt lat="50.93434" lon="4.63744">
        <ele>16</ele>
      </trkpt>
      <trkpt lat="50.93366" lon="4.63484">
        <ele>16</ele>
      </trkpt>
      <trkpt lat="50.93342" lon="4.63383">
        <ele>16</ele>
      </trkpt>
      <trkpt lat="50.93329" lon="4.63327">
        <ele>16</ele>
      </trkpt>
      <trkpt lat="50.93315" lon="4.63288">
        <ele>16</ele>
      </trkpt>
      <trkpt lat="50.93302" lon="4.63265">
        <ele>15</ele>
      </trkpt>
      <trkpt lat="50.93207" lon="4.63109">
        <ele>15</ele>
      </trkpt>
      <trkpt lat="50.93161" lon="4.63056">
        <ele>16</ele>
      </trkpt>
      <trkpt lat="50.93151" lon="4.63048">
        <ele>16</ele>
      </trkpt>
      <trkpt lat="50.93143" lon="4.63045">
        <ele>16</ele>
      </trkpt>
      <trkpt lat="50.92859" lon="4.6309">
        <ele>16</ele>
      </trkpt>
      <trkpt lat="50.92834" lon="4.63089">
        <ele>16</ele>
      </trkpt>
      <trkpt lat="50.92815" lon="4.63085">
        <ele>16</ele>
      </trkpt>
      <trkpt lat="50.92662" lon="4.62994">
        <ele>17</ele>
      </trkpt>
      <trkpt lat="50.92633" lon="4.62979">
        <ele>17</ele>
      </trkpt>
      <trkpt lat="50.92593" lon="4.62975">
        <ele>17</ele>
      </trkpt>
      <trkpt lat="50.92566" lon="4.62977">
        <ele>17</ele>
      </trkpt>
      <trkpt lat="50.92545" lon="4.62985">
        <ele>17</ele>
      </trkpt>
      <trkpt lat="50.92525" lon="4.62997">
        <ele>17</ele>
      </trkpt>
      <trkpt lat="50.92459" lon="4.63054">
        <ele>17</ele>
      </trkpt>
      <trkpt lat="50.92278" lon="4.63232">
        <ele>18</ele>
      </trkpt>
      <trkpt lat="50.92254" lon="4.63258">
        <ele>18</ele>
      </trkpt>
      <trkpt lat="50.92226" lon="4.63297">
        <ele>18</ele>
      </trkpt>
      <trkpt lat="50.9209" lon="4.63513">
        <ele>18</ele>
      </trkpt>
      <trkpt lat="50.92071" lon="4.63537">
        <ele>18</ele>
      </trkpt>
      <trkpt lat="50.92047" lon="4.63563">
        <ele>18</ele>
      </trkpt>
      <trkpt lat="50.92009" lon="4.63596">
        <ele>18</ele>
      </trkpt>
      <trkpt lat="50.91955" lon="4.63632">
        <ele>18</ele>
      </trkpt>
      <trkpt lat="50.91548" lon="4.63846">
        <ele>18</ele>
      </trkpt>
      <trkpt lat="50.91465" lon="4.63881">
        <ele>19</ele>
      </trkpt>
      <trkpt lat="50.91433" lon="4.6389">
        <ele>19</ele>
      </trkpt>
      <trkpt lat="50.91351" lon="4.63904">
        <ele>19</ele>
      </trkpt>
      <trkpt lat="50.9128" lon="4.63916">
        <ele>19</ele>
      </trkpt>
      <trkpt lat="50.91238" lon="4.6393">
        <ele>20</ele>
      </trkpt>
      <trkpt lat="50.91197" lon="4.63952">
        <ele>20</ele>
      </trkpt>
      <trkpt lat="50.90437" lon="4.64536">
        <ele>29</ele>
      </trkpt>
      <trkpt lat="50.90324" lon="4.64589">
        <ele>28</ele>
      </trkpt>
      <trkpt lat="50.90313" lon="4.64594">
        <ele>28</ele>
      </trkpt>
      <trkpt lat="50.90312" lon="4.64589">
        <ele>28</ele>
      </trkpt>
      <trkpt lat="50.90308" lon="4.64582">
        <ele>29</ele>
      </trkpt>
      <trkpt lat="50.90309" lon="4.64567">
        <ele>29</ele>
      </trkpt>
      <trkpt lat="50.90305" lon="4.64506">
        <ele>29</ele>
      </trkpt>
      <trkpt lat="50.90301" lon="4.64456">
        <ele>29</ele>
      </trkpt>
      <trkpt lat="50.90295" lon="4.64414">
        <ele>29</ele>
      </trkpt>
      <trkpt lat="50.90285" lon="4.64381">
        <ele>29</ele>
      </trkpt>
      <trkpt lat="50.9026" lon="4.64315">
        <ele>29</ele>
      </trkpt>
      <trkpt lat="50.9023" lon="4.64209">
        <ele>29</ele>
      </trkpt>
      <trkpt lat="50.90222" lon="4.64174">
        <ele>29</ele>
      </trkpt>
      <trkpt lat="50.90215" lon="4.64136">
        <ele>29</ele>
      </trkpt>
      <trkpt lat="50.90206" lon="4.63972">
        <ele>29</ele>
      </trkpt>
      <trkpt lat="50.90199" lon="4.63897">
        <ele>29</ele>
      </trkpt>
      <trkpt lat="50.90188" lon="4.63835">
        <ele>29</ele>
      </trkpt>
      <trkpt lat="50.90091" lon="4.63515">
        <ele>30</ele>
      </trkpt>
      <trkpt lat="50.90078" lon="4.63456">
        <ele>30</ele>
      </trkpt>
      <trkpt lat="50.90073" lon="4.63424">
        <ele>30</ele>
      </trkpt>
      <trkpt lat="50.90058" lon="4.63232">
        <ele>31</ele>
      </trkpt>
      <trkpt lat="50.90057" lon="4.6321">
        <ele>31</ele>
      </trkpt>
      <trkpt lat="50.90059" lon="4.63202">
        <ele>31</ele>
      </trkpt>
      <trkpt lat="50.90161" lon="4.62718">
        <ele>29</ele>
      </trkpt>
      <trkpt lat="50.90171" lon="4.6266">
        <ele>28</ele>
      </trkpt>
      <trkpt lat="50.90171" lon="4.62646">
        <ele>28</ele>
      </trkpt>
      <trkpt lat="50.90169" lon="4.62634">
        <ele>28</ele>
      </trkpt>
      <trkpt lat="50.90172" lon="4.62619">
        <ele>28</ele>
      </trkpt>
      <trkpt lat="50.9017" lon="4.62603">
        <ele>28</ele>
      </trkpt>
      <trkpt lat="50.90166" lon="4.62542">
        <ele>28</ele>
      </trkpt>
      <trkpt lat="50.90162" lon="4.62526">
        <ele>28</ele>
      </trkpt>
      <trkpt lat="50.90158" lon="4.62479">
        <ele>28</ele>
      </trkpt>
      <trkpt lat="50.90152" lon="4.62418">
        <ele>29</ele>
      </trkpt>
      <trkpt lat="50.90152" lon="4.62407">
        <ele>29</ele>
      </trkpt>
      <trkpt lat="50.90146" lon="4.62381">
        <ele>29</ele>
      </trkpt>
      <trkpt lat="50.90141" lon="4.62375">
        <ele>29</ele>
      </trkpt>
      <trkpt lat="50.90135" lon="4.62348">
        <ele>29</ele>
      </trkpt>
      <trkpt lat="50.90134" lon="4.62334">
        <ele>29</ele>
      </trkpt>
      <trkpt lat="50.90123" lon="4.62295">
        <ele>29</ele>
      </trkpt>
      <trkpt lat="50.90122" lon="4.62287">
        <ele>29</ele>
      </trkpt>
      <trkpt lat="50.90126" lon="4.62264">
        <ele>29</ele>
      </trkpt>
      <trkpt lat="50.90119" lon="4.62249">
        <ele>29</ele>
      </trkpt>
      <trkpt lat="50.90116" lon="4.62233">
        <ele>29</ele>
      </trkpt>
      <trkpt lat="50.90107" lon="4.62174">
        <ele>29</ele>
      </trkpt>
      <trkpt lat="50.90095" lon="4.62076">
        <ele>29</ele>
      </trkpt>
      <trkpt lat="50.90086" lon="4.62026">
        <ele>29</ele>
      </trkpt>
      <trkpt lat="50.90029" lon="4.61759">
        <ele>32</ele>
      </trkpt>
      <trkpt lat="50.90022" lon="4.61739">
        <ele>32</ele>
      </trkpt>
      <trkpt lat="50.90013" lon="4.61722">
        <ele>33</ele>
      </trkpt>
      <trkpt lat="50.90001" lon="4.61706">
        <ele>33</ele>
      </trkpt>
      <trkpt lat="50.89988" lon="4.61697">
        <ele>33</ele>
      </trkpt>
      <trkpt lat="50.89885" lon="4.61652">
        <ele>36</ele>
      </trkpt>
      <trkpt lat="50.89871" lon="4.6164">
        <ele>36</ele>
      </trkpt>
      <trkpt lat="50.89862" lon="4.6163">
        <ele>35</ele>
      </trkpt>
      <trkpt lat="50.89853" lon="4.61616">
        <ele>34</ele>
      </trkpt>
      <trkpt lat="50.89845" lon="4.61597">
        <ele>34</ele>
      </trkpt>
      <trkpt lat="50.89744" lon="4.61323">
        <ele>31</ele>
      </trkpt>
      <trkpt lat="50.89697" lon="4.6122">
        <ele>32</ele>
      </trkpt>
      <trkpt lat="50.89649" lon="4.61116">
        <ele>34</ele>
      </trkpt>
      <trkpt lat="50.89602" lon="4.61049">
        <ele>35</ele>
      </trkpt>
      <trkpt lat="50.89556" lon="4.60997">
        <ele>36</ele>
      </trkpt>
      <trkpt lat="50.8911" lon="4.60475">
        <ele>36</ele>
      </trkpt>
      <trkpt lat="50.88998" lon="4.60338">
        <ele>36</ele>
      </trkpt>
      <trkpt lat="50.88606" lon="4.59804">
        <ele>38</ele>
      </trkpt>
      <trkpt lat="50.88586" lon="4.59767">
        <ele>38</ele>
      </trkpt>
      <trkpt lat="50.88564" lon="4.59719">
        <ele>38</ele>
      </trkpt>
      <trkpt lat="50.88548" lon="4.59699">
        <ele>38</ele>
      </trkpt>
      <trkpt lat="50.88528" lon="4.59687">
        <ele>37</ele>
      </trkpt>
      <trkpt lat="50.88511" lon="4.59672">
        <ele>37</ele>
      </trkpt>
      <trkpt lat="50.88416" lon="4.59508">
        <ele>36</ele>
      </trkpt>
      <trkpt lat="50.88298" lon="4.59299">
        <ele>37</ele>
      </trkpt>
      <trkpt lat="50.8829" lon="4.5928">
        <ele>37</ele>
      </trkpt>
      <trkpt lat="50.88276" lon="4.59233">
        <ele>37</ele>
      </trkpt>
      <trkpt lat="50.88271" lon="4.59194">
        <ele>37</ele>
      </trkpt>
      <trkpt lat="50.88267" lon="4.59131">
        <ele>38</ele>
      </trkpt>
      <trkpt lat="50.8826" lon="4.5908">
        <ele>38</ele>
      </trkpt>
      <trkpt lat="50.88254" lon="4.59057">
        <ele>38</ele>
      </trkpt>
      <trkpt lat="50.88237" lon="4.59015">
        <ele>38</ele>
      </trkpt>
      <trkpt lat="50.88155" lon="4.58872">
        <ele>42</ele>
      </trkpt>
      <trkpt lat="50.88067" lon="4.58699">
        <ele>43</ele>
      </trkpt>
      <trkpt lat="50.88061" lon="4.58687">
        <ele>43</ele>
      </trkpt>
      <trkpt lat="50.88023" lon="4.58614">
        <ele>41</ele>
      </trkpt>
      <trkpt lat="50.88133" lon="4.58482">
        <ele>39</ele>
      </trkpt>
      <trkpt lat="50.88184" lon="4.58412">
        <ele>38</ele>
      </trkpt>
      <trkpt lat="50.88204" lon="4.58381">
        <ele>38</ele>
      </trkpt>
      <trkpt lat="50.88309" lon="4.58195">
        <ele>37</ele>
      </trkpt>
      <trkpt lat="50.88228" lon="4.57907">
        <ele>38</ele>
      </trkpt>
      <trkpt lat="50.88195" lon="4.57805">
        <ele>39</ele>
      </trkpt>
      <trkpt lat="50.88162" lon="4.57722">
        <ele>39</ele>
      </trkpt>
      <trkpt lat="50.88125" lon="4.57644">
        <ele>40</ele>
      </trkpt>
      <trkpt lat="50.88091" lon="4.57578">
        <ele>40</ele>
      </trkpt>
      <trkpt lat="50.88015" lon="4.57443">
        <ele>42</ele>
      </trkpt>
      <trkpt lat="50.8799" lon="4.57392">
        <ele>42</ele>
      </trkpt>
      <trkpt lat="50.8794" lon="4.57243">
        <ele>44</ele>
      </trkpt>
      <trkpt lat="50.87922" lon="4.57197">
        <ele>44</ele>
      </trkpt>
      <trkpt lat="50.87882" lon="4.57121">
        <ele>45</ele>
      </trkpt>
      <trkpt lat="50.87899" lon="4.57089">
        <ele>45</ele>
      </trkpt>
      <trkpt lat="50.87919" lon="4.57056">
        <ele>45</ele>
      </trkpt>
      <trkpt lat="50.8792" lon="4.57044">
        <ele>45</ele>
      </trkpt>
      <trkpt lat="50.87911" lon="4.56987">
        <ele>44</ele>
      </trkpt>
      <trkpt lat="50.87914" lon="4.56977">
        <ele>44</ele>
      </trkpt>
      <trkpt lat="50.87948" lon="4.56914">
        <ele>43</ele>
      </trkpt>
      <trkpt lat="50.88014" lon="4.56811">
        <ele>42</ele>
      </trkpt>
      <trkpt lat="50.8802" lon="4.56788">
        <ele>42</ele>
      </trkpt>
      <trkpt lat="50.88017" lon="4.56744">
        <ele>42</ele>
      </trkpt>
      <trkpt lat="50.88012" lon="4.56689">
        <ele>42</ele>
      </trkpt>
      <trkpt lat="50.88013" lon="4.5667">
        <ele>42</ele>
      </trkpt>
      <trkpt lat="50.88012" lon="4.56647">
        <ele>43</ele>
      </trkpt>
      <trkpt lat="50.88018" lon="4.56641">
        <ele>43</ele>
      </trkpt>
      <trkpt lat="50.8802" lon="4.56633">
        <ele>43</ele>
      </trkpt>
      <trkpt lat="50.88016" lon="4.56621">
        <ele>43</ele>
      </trkpt>
      <trkpt lat="50.88009" lon="4.56619">
        <ele>43</ele>
      </trkpt>
      <trkpt lat="50.88006" lon="4.56426">
        <ele>44</ele>
      </trkpt>
      <trkpt lat="50.88009" lon="4.56401">
        <ele>44</ele>
      </trkpt>
      <trkpt lat="50.88048" lon="4.56195">
        <ele>48</ele>
      </trkpt>
      <trkpt lat="50.88051" lon="4.56157">
        <ele>49</ele>
      </trkpt>
      <trkpt lat="50.88046" lon="4.5608">
        <ele>49</ele>
      </trkpt>
      <trkpt lat="50.87985" lon="4.55718">
        <ele>52</ele>
      </trkpt>
      <trkpt lat="50.87933" lon="4.55516">
        <ele>49</ele>
      </trkpt>
      <trkpt lat="50.87926" lon="4.5547">
        <ele>48</ele>
      </trkpt>
      <trkpt lat="50.87893" lon="4.55196">
        <ele>48</ele>
      </trkpt>
    </trkseg>
  </trk>
</gpx>
