<?xml version="1.0" encoding="UTF-8"?>
<gpx xmlns="http://www.topografix.com/GPX/1/1" creator="RouteYou" version="1.1" xmlns:xsi="http://www.w3.org/2001/XMLSchema-instance" xsi:schemaLocation="http://www.topografix.com/GPX/1/1 http://www.topografix.com/GPX/1/1/gpx.xsd">
  <trk>
    <name>Heist O/D Berg 2025</name>
    <desc></desc>
    <trkseg>
      <trkpt lat="50.87885" lon="4.55136">
        <ele>54</ele>
      </trkpt>
      <trkpt lat="50.8788" lon="4.5509">
        <ele>55</ele>
      </trkpt>
      <trkpt lat="50.87859" lon="4.54962">
        <ele>62</ele>
      </trkpt>
      <trkpt lat="50.87842" lon="4.54885">
        <ele>60</ele>
      </trkpt>
      <trkpt lat="50.87825" lon="4.5483">
        <ele>60</ele>
      </trkpt>
      <trkpt lat="50.87805" lon="4.54777">
        <ele>61</ele>
      </trkpt>
      <trkpt lat="50.87783" lon="4.54728">
        <ele>65</ele>
      </trkpt>
      <trkpt lat="50.87759" lon="4.54667">
        <ele>59</ele>
      </trkpt>
      <trkpt lat="50.87734" lon="4.54596">
        <ele>59</ele>
      </trkpt>
      <trkpt lat="50.87722" lon="4.54561">
        <ele>60</ele>
      </trkpt>
      <trkpt lat="50.87637" lon="4.54381">
        <ele>62</ele>
      </trkpt>
      <trkpt lat="50.87635" lon="4.54377">
        <ele>62</ele>
      </trkpt>
      <trkpt lat="50.8763" lon="4.54378">
        <ele>62</ele>
      </trkpt>
      <trkpt lat="50.87604" lon="4.54284">
        <ele>63</ele>
      </trkpt>
      <trkpt lat="50.87595" lon="4.54242">
        <ele>62</ele>
      </trkpt>
      <trkpt lat="50.87593" lon="4.5421">
        <ele>62</ele>
      </trkpt>
      <trkpt lat="50.87594" lon="4.54184">
        <ele>62</ele>
      </trkpt>
      <trkpt lat="50.87598" lon="4.54159">
        <ele>60</ele>
      </trkpt>
      <trkpt lat="50.87605" lon="4.54126">
        <ele>59</ele>
      </trkpt>
      <trkpt lat="50.87622" lon="4.54087">
        <ele>59</ele>
      </trkpt>
      <trkpt lat="50.87633" lon="4.5409">
        <ele>59</ele>
      </trkpt>
      <trkpt lat="50.87728" lon="4.54066">
        <ele>55</ele>
      </trkpt>
      <trkpt lat="50.87753" lon="4.54064">
        <ele>55</ele>
      </trkpt>
      <trkpt lat="50.87818" lon="4.5407">
        <ele>53</ele>
      </trkpt>
      <trkpt lat="50.87866" lon="4.54062">
        <ele>49</ele>
      </trkpt>
      <trkpt lat="50.8791" lon="4.5406">
        <ele>48</ele>
      </trkpt>
      <trkpt lat="50.8792" lon="4.54065">
        <ele>48</ele>
      </trkpt>
      <trkpt lat="50.87989" lon="4.54205">
        <ele>50</ele>
      </trkpt>
      <trkpt lat="50.8809" lon="4.54313">
        <ele>49</ele>
      </trkpt>
      <trkpt lat="50.88123" lon="4.54354">
        <ele>47</ele>
      </trkpt>
      <trkpt lat="50.88141" lon="4.54368">
        <ele>46</ele>
      </trkpt>
      <trkpt lat="50.88164" lon="4.54374">
        <ele>47</ele>
      </trkpt>
      <trkpt lat="50.88204" lon="4.54379">
        <ele>45</ele>
      </trkpt>
      <trkpt lat="50.88212" lon="4.54384">
        <ele>45</ele>
      </trkpt>
      <trkpt lat="50.8822" lon="4.54393">
        <ele>45</ele>
      </trkpt>
      <trkpt lat="50.88235" lon="4.5444">
        <ele>45</ele>
      </trkpt>
      <trkpt lat="50.88242" lon="4.54449">
        <ele>45</ele>
      </trkpt>
      <trkpt lat="50.8825" lon="4.54454">
        <ele>45</ele>
      </trkpt>
      <trkpt lat="50.88261" lon="4.54456">
        <ele>45</ele>
      </trkpt>
      <trkpt lat="50.88337" lon="4.54454">
        <ele>44</ele>
      </trkpt>
      <trkpt lat="50.88349" lon="4.54458">
        <ele>43</ele>
      </trkpt>
      <trkpt lat="50.88392" lon="4.54492">
        <ele>43</ele>
      </trkpt>
      <trkpt lat="50.88432" lon="4.54511">
        <ele>43</ele>
      </trkpt>
      <trkpt lat="50.88495" lon="4.54523">
        <ele>44</ele>
      </trkpt>
      <trkpt lat="50.88536" lon="4.5454">
        <ele>44</ele>
      </trkpt>
      <trkpt lat="50.88559" lon="4.54535">
        <ele>44</ele>
      </trkpt>
      <trkpt lat="50.88793" lon="4.5442">
        <ele>47</ele>
      </trkpt>
      <trkpt lat="50.88837" lon="4.54401">
        <ele>47</ele>
      </trkpt>
      <trkpt lat="50.88839" lon="4.54409">
        <ele>47</ele>
      </trkpt>
      <trkpt lat="50.88889" lon="4.54378">
        <ele>47</ele>
      </trkpt>
      <trkpt lat="50.89232" lon="4.54218">
        <ele>44</ele>
      </trkpt>
      <trkpt lat="50.8925" lon="4.54209">
        <ele>44</ele>
      </trkpt>
      <trkpt lat="50.89254" lon="4.54205">
        <ele>44</ele>
      </trkpt>
      <trkpt lat="50.89261" lon="4.54197">
        <ele>44</ele>
      </trkpt>
      <trkpt lat="50.89264" lon="4.5418">
        <ele>44</ele>
      </trkpt>
      <trkpt lat="50.89252" lon="4.54053">
        <ele>44</ele>
      </trkpt>
      <trkpt lat="50.89238" lon="4.53948">
        <ele>44</ele>
      </trkpt>
      <trkpt lat="50.89238" lon="4.53924">
        <ele>44</ele>
      </trkpt>
      <trkpt lat="50.8924" lon="4.5391">
        <ele>44</ele>
      </trkpt>
      <trkpt lat="50.89247" lon="4.53886">
        <ele>44</ele>
      </trkpt>
      <trkpt lat="50.89261" lon="4.53865">
        <ele>44</ele>
      </trkpt>
      <trkpt lat="50.89275" lon="4.53854">
        <ele>45</ele>
      </trkpt>
      <trkpt lat="50.89287" lon="4.5385">
        <ele>45</ele>
      </trkpt>
      <trkpt lat="50.89298" lon="4.5385">
        <ele>45</ele>
      </trkpt>
      <trkpt lat="50.89314" lon="4.53853">
        <ele>45</ele>
      </trkpt>
      <trkpt lat="50.89334" lon="4.53857">
        <ele>45</ele>
      </trkpt>
      <trkpt lat="50.89339" lon="4.53861">
        <ele>45</ele>
      </trkpt>
      <trkpt lat="50.89342" lon="4.53869">
        <ele>45</ele>
      </trkpt>
      <trkpt lat="50.89352" lon="4.53876">
        <ele>45</ele>
      </trkpt>
      <trkpt lat="50.89356" lon="4.53876">
        <ele>45</ele>
      </trkpt>
      <trkpt lat="50.89363" lon="4.53869">
        <ele>45</ele>
      </trkpt>
      <trkpt lat="50.8963" lon="4.54318">
        <ele>43</ele>
      </trkpt>
      <trkpt lat="50.89666" lon="4.54372">
        <ele>42</ele>
      </trkpt>
      <trkpt lat="50.89751" lon="4.54483">
        <ele>41</ele>
      </trkpt>
      <trkpt lat="50.89786" lon="4.54534">
        <ele>41</ele>
      </trkpt>
      <trkpt lat="50.89806" lon="4.54574">
        <ele>41</ele>
      </trkpt>
      <trkpt lat="50.89853" lon="4.54668">
        <ele>40</ele>
      </trkpt>
      <trkpt lat="50.8987" lon="4.54644">
        <ele>41</ele>
      </trkpt>
      <trkpt lat="50.89879" lon="4.54636">
        <ele>41</ele>
      </trkpt>
      <trkpt lat="50.899" lon="4.54631">
        <ele>41</ele>
      </trkpt>
      <trkpt lat="50.89919" lon="4.54636">
        <ele>41</ele>
      </trkpt>
      <trkpt lat="50.89939" lon="4.54652">
        <ele>41</ele>
      </trkpt>
      <trkpt lat="50.90028" lon="4.5475">
        <ele>41</ele>
      </trkpt>
      <trkpt lat="50.90037" lon="4.54762">
        <ele>41</ele>
      </trkpt>
      <trkpt lat="50.90072" lon="4.54823">
        <ele>41</ele>
      </trkpt>
      <trkpt lat="50.90169" lon="4.55053">
        <ele>39</ele>
      </trkpt>
      <trkpt lat="50.9019" lon="4.55115">
        <ele>39</ele>
      </trkpt>
      <trkpt lat="50.90276" lon="4.55344">
        <ele>39</ele>
      </trkpt>
      <trkpt lat="50.90287" lon="4.55359">
        <ele>38</ele>
      </trkpt>
      <trkpt lat="50.90338" lon="4.55512">
        <ele>37</ele>
      </trkpt>
      <trkpt lat="50.90368" lon="4.55614">
        <ele>37</ele>
      </trkpt>
      <trkpt lat="50.90398" lon="4.55708">
        <ele>37</ele>
      </trkpt>
      <trkpt lat="50.90437" lon="4.55799">
        <ele>36</ele>
      </trkpt>
      <trkpt lat="50.90442" lon="4.55815">
        <ele>36</ele>
      </trkpt>
      <trkpt lat="50.90466" lon="4.55907">
        <ele>35</ele>
      </trkpt>
      <trkpt lat="50.90515" lon="4.56057">
        <ele>34</ele>
      </trkpt>
      <trkpt lat="50.90543" lon="4.56132">
        <ele>32</ele>
      </trkpt>
      <trkpt lat="50.90551" lon="4.5615">
        <ele>32</ele>
      </trkpt>
      <trkpt lat="50.90651" lon="4.56297">
        <ele>29</ele>
      </trkpt>
      <trkpt lat="50.9082" lon="4.56534">
        <ele>28</ele>
      </trkpt>
      <trkpt lat="50.90839" lon="4.56543">
        <ele>27</ele>
      </trkpt>
      <trkpt lat="50.90861" lon="4.56546">
        <ele>27</ele>
      </trkpt>
      <trkpt lat="50.90995" lon="4.56435">
        <ele>27</ele>
      </trkpt>
      <trkpt lat="50.91083" lon="4.56358">
        <ele>27</ele>
      </trkpt>
      <trkpt lat="50.91119" lon="4.56338">
        <ele>27</ele>
      </trkpt>
      <trkpt lat="50.91152" lon="4.56332">
        <ele>27</ele>
      </trkpt>
      <trkpt lat="50.91255" lon="4.56356">
        <ele>28</ele>
      </trkpt>
      <trkpt lat="50.91366" lon="4.56386">
        <ele>27</ele>
      </trkpt>
      <trkpt lat="50.91543" lon="4.56432">
        <ele>26</ele>
      </trkpt>
      <trkpt lat="50.91572" lon="4.56436">
        <ele>25</ele>
      </trkpt>
      <trkpt lat="50.91607" lon="4.56431">
        <ele>25</ele>
      </trkpt>
      <trkpt lat="50.91616" lon="4.56428">
        <ele>25</ele>
      </trkpt>
      <trkpt lat="50.91661" lon="4.56403">
        <ele>25</ele>
      </trkpt>
      <trkpt lat="50.91774" lon="4.56321">
        <ele>24</ele>
      </trkpt>
      <trkpt lat="50.91803" lon="4.56307">
        <ele>24</ele>
      </trkpt>
      <trkpt lat="50.91836" lon="4.56303">
        <ele>24</ele>
      </trkpt>
      <trkpt lat="50.91858" lon="4.56305">
        <ele>24</ele>
      </trkpt>
      <trkpt lat="50.91865" lon="4.56342">
        <ele>24</ele>
      </trkpt>
      <trkpt lat="50.91876" lon="4.56398">
        <ele>24</ele>
      </trkpt>
      <trkpt lat="50.91895" lon="4.56426">
        <ele>24</ele>
      </trkpt>
      <trkpt lat="50.91904" lon="4.56433">
        <ele>24</ele>
      </trkpt>
      <trkpt lat="50.91912" lon="4.56435">
        <ele>23</ele>
      </trkpt>
      <trkpt lat="50.9193" lon="4.56435">
        <ele>23</ele>
      </trkpt>
      <trkpt lat="50.9197" lon="4.5641">
        <ele>22</ele>
      </trkpt>
      <trkpt lat="50.92048" lon="4.56324">
        <ele>21</ele>
      </trkpt>
      <trkpt lat="50.92125" lon="4.56229">
        <ele>20</ele>
      </trkpt>
      <trkpt lat="50.92132" lon="4.56226">
        <ele>19</ele>
      </trkpt>
      <trkpt lat="50.92145" lon="4.56229">
        <ele>19</ele>
      </trkpt>
      <trkpt lat="50.9215" lon="4.56231">
        <ele>19</ele>
      </trkpt>
      <trkpt lat="50.9216" lon="4.5624">
        <ele>19</ele>
      </trkpt>
      <trkpt lat="50.9217" lon="4.56254">
        <ele>19</ele>
      </trkpt>
      <trkpt lat="50.92264" lon="4.56428">
        <ele>18</ele>
      </trkpt>
      <trkpt lat="50.92268" lon="4.56438">
        <ele>18</ele>
      </trkpt>
      <trkpt lat="50.92293" lon="4.56569">
        <ele>17</ele>
      </trkpt>
      <trkpt lat="50.92309" lon="4.56607">
        <ele>17</ele>
      </trkpt>
      <trkpt lat="50.92357" lon="4.56679">
        <ele>17</ele>
      </trkpt>
      <trkpt lat="50.92396" lon="4.56614">
        <ele>16</ele>
      </trkpt>
      <trkpt lat="50.92441" lon="4.56542">
        <ele>17</ele>
      </trkpt>
      <trkpt lat="50.92467" lon="4.56504">
        <ele>17</ele>
      </trkpt>
      <trkpt lat="50.92486" lon="4.56487">
        <ele>18</ele>
      </trkpt>
      <trkpt lat="50.9252" lon="4.56471">
        <ele>18</ele>
      </trkpt>
      <trkpt lat="50.92554" lon="4.5647">
        <ele>18</ele>
      </trkpt>
      <trkpt lat="50.92575" lon="4.56475">
        <ele>17</ele>
      </trkpt>
      <trkpt lat="50.92595" lon="4.56486">
        <ele>17</ele>
      </trkpt>
      <trkpt lat="50.92705" lon="4.56559">
        <ele>15</ele>
      </trkpt>
      <trkpt lat="50.92825" lon="4.5664">
        <ele>14</ele>
      </trkpt>
      <trkpt lat="50.92856" lon="4.56679">
        <ele>14</ele>
      </trkpt>
      <trkpt lat="50.92875" lon="4.56709">
        <ele>14</ele>
      </trkpt>
      <trkpt lat="50.92954" lon="4.56862">
        <ele>15</ele>
      </trkpt>
      <trkpt lat="50.93038" lon="4.5702">
        <ele>15</ele>
      </trkpt>
      <trkpt lat="50.9305" lon="4.57037">
        <ele>15</ele>
      </trkpt>
      <trkpt lat="50.93066" lon="4.57045">
        <ele>15</ele>
      </trkpt>
      <trkpt lat="50.93087" lon="4.57046">
        <ele>15</ele>
      </trkpt>
      <trkpt lat="50.93099" lon="4.57037">
        <ele>14</ele>
      </trkpt>
      <trkpt lat="50.93111" lon="4.57021">
        <ele>14</ele>
      </trkpt>
      <trkpt lat="50.93226" lon="4.56877">
        <ele>14</ele>
      </trkpt>
      <trkpt lat="50.93627" lon="4.56478">
        <ele>12</ele>
      </trkpt>
      <trkpt lat="50.93688" lon="4.56422">
        <ele>12</ele>
      </trkpt>
      <trkpt lat="50.93729" lon="4.56393">
        <ele>12</ele>
      </trkpt>
      <trkpt lat="50.93763" lon="4.56379">
        <ele>13</ele>
      </trkpt>
      <trkpt lat="50.9378" lon="4.56376">
        <ele>13</ele>
      </trkpt>
      <trkpt lat="50.93803" lon="4.56375">
        <ele>13</ele>
      </trkpt>
      <trkpt lat="50.94038" lon="4.56411">
        <ele>13</ele>
      </trkpt>
      <trkpt lat="50.9411" lon="4.56444">
        <ele>13</ele>
      </trkpt>
      <trkpt lat="50.94133" lon="4.56448">
        <ele>13</ele>
      </trkpt>
      <trkpt lat="50.94258" lon="4.56441">
        <ele>13</ele>
      </trkpt>
      <trkpt lat="50.94281" lon="4.56436">
        <ele>13</ele>
      </trkpt>
      <trkpt lat="50.94354" lon="4.56444">
        <ele>12</ele>
      </trkpt>
      <trkpt lat="50.94409" lon="4.56438">
        <ele>11</ele>
      </trkpt>
      <trkpt lat="50.9445" lon="4.56436">
        <ele>11</ele>
      </trkpt>
      <trkpt lat="50.94477" lon="4.56446">
        <ele>10</ele>
      </trkpt>
      <trkpt lat="50.94506" lon="4.56465">
        <ele>11</ele>
      </trkpt>
      <trkpt lat="50.94525" lon="4.56471">
        <ele>11</ele>
      </trkpt>
      <trkpt lat="50.94609" lon="4.56473">
        <ele>11</ele>
      </trkpt>
      <trkpt lat="50.94734" lon="4.56478">
        <ele>10</ele>
      </trkpt>
      <trkpt lat="50.94761" lon="4.56474">
        <ele>10</ele>
      </trkpt>
      <trkpt lat="50.94984" lon="4.56395">
        <ele>11</ele>
      </trkpt>
      <trkpt lat="50.95075" lon="4.56349">
        <ele>11</ele>
      </trkpt>
      <trkpt lat="50.95146" lon="4.56298">
        <ele>10</ele>
      </trkpt>
      <trkpt lat="50.95327" lon="4.56139">
        <ele>10</ele>
      </trkpt>
      <trkpt lat="50.95404" lon="4.56065">
        <ele>9</ele>
      </trkpt>
      <trkpt lat="50.95554" lon="4.55787">
        <ele>9</ele>
      </trkpt>
      <trkpt lat="50.95572" lon="4.55747">
        <ele>9</ele>
      </trkpt>
      <trkpt lat="50.95589" lon="4.55699">
        <ele>10</ele>
      </trkpt>
      <trkpt lat="50.95618" lon="4.55595">
        <ele>10</ele>
      </trkpt>
      <trkpt lat="50.95634" lon="4.5557">
        <ele>10</ele>
      </trkpt>
      <trkpt lat="50.95647" lon="4.55554">
        <ele>11</ele>
      </trkpt>
      <trkpt lat="50.95665" lon="4.55544">
        <ele>11</ele>
      </trkpt>
      <trkpt lat="50.95741" lon="4.55513">
        <ele>10</ele>
      </trkpt>
      <trkpt lat="50.95742" lon="4.55519">
        <ele>10</ele>
      </trkpt>
      <trkpt lat="50.95754" lon="4.55523">
        <ele>10</ele>
      </trkpt>
      <trkpt lat="50.95791" lon="4.55571">
        <ele>10</ele>
      </trkpt>
      <trkpt lat="50.95859" lon="4.5565">
        <ele>9</ele>
      </trkpt>
      <trkpt lat="50.95866" lon="4.55656">
        <ele>9</ele>
      </trkpt>
      <trkpt lat="50.95871" lon="4.55657">
        <ele>9</ele>
      </trkpt>
      <trkpt lat="50.95871" lon="4.55652">
        <ele>9</ele>
      </trkpt>
      <trkpt lat="50.95884" lon="4.55652">
        <ele>9</ele>
      </trkpt>
      <trkpt lat="50.9592" lon="4.55631">
        <ele>9</ele>
      </trkpt>
      <trkpt lat="50.95962" lon="4.55609">
        <ele>9</ele>
      </trkpt>
      <trkpt lat="50.95977" lon="4.55608">
        <ele>8</ele>
      </trkpt>
      <trkpt lat="50.9603" lon="4.55655">
        <ele>9</ele>
      </trkpt>
      <trkpt lat="50.96083" lon="4.55681">
        <ele>9</ele>
      </trkpt>
      <trkpt lat="50.961" lon="4.55693">
        <ele>9</ele>
      </trkpt>
      <trkpt lat="50.96151" lon="4.5574">
        <ele>9</ele>
      </trkpt>
      <trkpt lat="50.96149" lon="4.55744">
        <ele>9</ele>
      </trkpt>
      <trkpt lat="50.96202" lon="4.55793">
        <ele>9</ele>
      </trkpt>
      <trkpt lat="50.96208" lon="4.55801">
        <ele>9</ele>
      </trkpt>
      <trkpt lat="50.96213" lon="4.55812">
        <ele>9</ele>
      </trkpt>
      <trkpt lat="50.96269" lon="4.56012">
        <ele>10</ele>
      </trkpt>
      <trkpt lat="50.96273" lon="4.56024">
        <ele>10</ele>
      </trkpt>
      <trkpt lat="50.96284" lon="4.56044">
        <ele>10</ele>
      </trkpt>
      <trkpt lat="50.96328" lon="4.56095">
        <ele>9</ele>
      </trkpt>
      <trkpt lat="50.96347" lon="4.56122">
        <ele>10</ele>
      </trkpt>
      <trkpt lat="50.9645" lon="4.56282">
        <ele>9</ele>
      </trkpt>
      <trkpt lat="50.96459" lon="4.56282">
        <ele>9</ele>
      </trkpt>
      <trkpt lat="50.96465" lon="4.56276">
        <ele>9</ele>
      </trkpt>
      <trkpt lat="50.96489" lon="4.56238">
        <ele>9</ele>
      </trkpt>
      <trkpt lat="50.96509" lon="4.56215">
        <ele>9</ele>
      </trkpt>
      <trkpt lat="50.96679" lon="4.56053">
        <ele>8</ele>
      </trkpt>
      <trkpt lat="50.96755" lon="4.55972">
        <ele>8</ele>
      </trkpt>
      <trkpt lat="50.9678" lon="4.55939">
        <ele>9</ele>
      </trkpt>
      <trkpt lat="50.9679" lon="4.55931">
        <ele>9</ele>
      </trkpt>
      <trkpt lat="50.96802" lon="4.55926">
        <ele>9</ele>
      </trkpt>
      <trkpt lat="50.96837" lon="4.55919">
        <ele>9</ele>
      </trkpt>
      <trkpt lat="50.96858" lon="4.55922">
        <ele>9</ele>
      </trkpt>
      <trkpt lat="50.96871" lon="4.55933">
        <ele>9</ele>
      </trkpt>
      <trkpt lat="50.96903" lon="4.55972">
        <ele>9</ele>
      </trkpt>
      <trkpt lat="50.96928" lon="4.55988">
        <ele>9</ele>
      </trkpt>
      <trkpt lat="50.96942" lon="4.55992">
        <ele>9</ele>
      </trkpt>
      <trkpt lat="50.96964" lon="4.55986">
        <ele>9</ele>
      </trkpt>
      <trkpt lat="50.9698" lon="4.55979">
        <ele>9</ele>
      </trkpt>
      <trkpt lat="50.96995" lon="4.55969">
        <ele>9</ele>
      </trkpt>
      <trkpt lat="50.97019" lon="4.55948">
        <ele>8</ele>
      </trkpt>
      <trkpt lat="50.97017" lon="4.55942">
        <ele>8</ele>
      </trkpt>
      <trkpt lat="50.97063" lon="4.559">
        <ele>8</ele>
      </trkpt>
      <trkpt lat="50.97095" lon="4.55878">
        <ele>8</ele>
      </trkpt>
      <trkpt lat="50.97241" lon="4.55819">
        <ele>8</ele>
      </trkpt>
      <trkpt lat="50.97273" lon="4.55812">
        <ele>8</ele>
      </trkpt>
      <trkpt lat="50.97321" lon="4.5582">
        <ele>8</ele>
      </trkpt>
      <trkpt lat="50.97397" lon="4.55833">
        <ele>8</ele>
      </trkpt>
      <trkpt lat="50.97412" lon="4.55839">
        <ele>8</ele>
      </trkpt>
      <trkpt lat="50.97433" lon="4.55857">
        <ele>8</ele>
      </trkpt>
      <trkpt lat="50.97448" lon="4.55877">
        <ele>8</ele>
      </trkpt>
      <trkpt lat="50.97464" lon="4.55906">
        <ele>8</ele>
      </trkpt>
      <trkpt lat="50.97508" lon="4.55973">
        <ele>8</ele>
      </trkpt>
      <trkpt lat="50.97543" lon="4.56018">
        <ele>7</ele>
      </trkpt>
      <trkpt lat="50.97601" lon="4.56116">
        <ele>8</ele>
      </trkpt>
      <trkpt lat="50.9774" lon="4.56285">
        <ele>8</ele>
      </trkpt>
      <trkpt lat="50.97775" lon="4.56335">
        <ele>8</ele>
      </trkpt>
      <trkpt lat="50.97807" lon="4.56385">
        <ele>8</ele>
      </trkpt>
      <trkpt lat="50.97829" lon="4.56431">
        <ele>8</ele>
      </trkpt>
      <trkpt lat="50.97859" lon="4.56499">
        <ele>8</ele>
      </trkpt>
      <trkpt lat="50.97931" lon="4.56655">
        <ele>8</ele>
      </trkpt>
      <trkpt lat="50.9798" lon="4.56736">
        <ele>8</ele>
      </trkpt>
      <trkpt lat="50.98034" lon="4.56804">
        <ele>8</ele>
      </trkpt>
      <trkpt lat="50.98141" lon="4.56928">
        <ele>7</ele>
      </trkpt>
      <trkpt lat="50.9819" lon="4.5699">
        <ele>7</ele>
      </trkpt>
      <trkpt lat="50.98215" lon="4.5698">
        <ele>7</ele>
      </trkpt>
      <trkpt lat="50.98229" lon="4.56978">
        <ele>7</ele>
      </trkpt>
      <trkpt lat="50.98258" lon="4.56978">
        <ele>7</ele>
      </trkpt>
      <trkpt lat="50.98288" lon="4.56973">
        <ele>8</ele>
      </trkpt>
      <trkpt lat="50.98382" lon="4.56937">
        <ele>8</ele>
      </trkpt>
      <trkpt lat="50.98418" lon="4.56918">
        <ele>8</ele>
      </trkpt>
      <trkpt lat="50.98528" lon="4.56864">
        <ele>9</ele>
      </trkpt>
      <trkpt lat="50.98541" lon="4.56859">
        <ele>9</ele>
      </trkpt>
      <trkpt lat="50.98554" lon="4.56858">
        <ele>9</ele>
      </trkpt>
      <trkpt lat="50.98565" lon="4.5686">
        <ele>9</ele>
      </trkpt>
      <trkpt lat="50.98595" lon="4.56866">
        <ele>9</ele>
      </trkpt>
      <trkpt lat="50.98601" lon="4.56871">
        <ele>8</ele>
      </trkpt>
      <trkpt lat="50.98604" lon="4.56879">
        <ele>8</ele>
      </trkpt>
      <trkpt lat="50.98644" lon="4.57005">
        <ele>6</ele>
      </trkpt>
      <trkpt lat="50.98707" lon="4.57222">
        <ele>5</ele>
      </trkpt>
      <trkpt lat="50.98713" lon="4.57256">
        <ele>5</ele>
      </trkpt>
      <trkpt lat="50.98714" lon="4.57288">
        <ele>5</ele>
      </trkpt>
      <trkpt lat="50.98707" lon="4.57352">
        <ele>5</ele>
      </trkpt>
      <trkpt lat="50.987" lon="4.57377">
        <ele>5</ele>
      </trkpt>
      <trkpt lat="50.98692" lon="4.57393">
        <ele>5</ele>
      </trkpt>
      <trkpt lat="50.98645" lon="4.57458">
        <ele>6</ele>
      </trkpt>
      <trkpt lat="50.98598" lon="4.57529">
        <ele>6</ele>
      </trkpt>
      <trkpt lat="50.98592" lon="4.57538">
        <ele>6</ele>
      </trkpt>
      <trkpt lat="50.98663" lon="4.57616">
        <ele>5</ele>
      </trkpt>
      <trkpt lat="50.98716" lon="4.5767">
        <ele>5</ele>
      </trkpt>
      <trkpt lat="50.98761" lon="4.57724">
        <ele>5</ele>
      </trkpt>
      <trkpt lat="50.98989" lon="4.57969">
        <ele>5</ele>
      </trkpt>
      <trkpt lat="50.99003" lon="4.5799">
        <ele>5</ele>
      </trkpt>
      <trkpt lat="50.99103" lon="4.58179">
        <ele>4</ele>
      </trkpt>
      <trkpt lat="50.99116" lon="4.58203">
        <ele>4</ele>
      </trkpt>
      <trkpt lat="50.99141" lon="4.58244">
        <ele>4</ele>
      </trkpt>
      <trkpt lat="50.99186" lon="4.58302">
        <ele>4</ele>
      </trkpt>
      <trkpt lat="50.99246" lon="4.58367">
        <ele>5</ele>
      </trkpt>
      <trkpt lat="50.9933" lon="4.58467">
        <ele>5</ele>
      </trkpt>
      <trkpt lat="50.99608" lon="4.58789">
        <ele>6</ele>
      </trkpt>
      <trkpt lat="50.99614" lon="4.588">
        <ele>6</ele>
      </trkpt>
      <trkpt lat="50.99654" lon="4.58787">
        <ele>6</ele>
      </trkpt>
      <trkpt lat="50.99654" lon="4.58787">
        <ele>6</ele>
      </trkpt>
      <trkpt lat="50.99654" lon="4.58787">
        <ele>6</ele>
      </trkpt>
      <trkpt lat="50.99668" lon="4.58778">
        <ele>6</ele>
      </trkpt>
      <trkpt lat="50.99824" lon="4.58636">
        <ele>4</ele>
      </trkpt>
      <trkpt lat="50.99844" lon="4.58621">
        <ele>4</ele>
      </trkpt>
      <trkpt lat="50.99856" lon="4.58621">
        <ele>5</ele>
      </trkpt>
      <trkpt lat="50.99873" lon="4.58628">
        <ele>5</ele>
      </trkpt>
      <trkpt lat="50.99897" lon="4.58651">
        <ele>5</ele>
      </trkpt>
      <trkpt lat="50.99914" lon="4.58664">
        <ele>5</ele>
      </trkpt>
      <trkpt lat="50.99922" lon="4.58666">
        <ele>5</ele>
      </trkpt>
      <trkpt lat="50.99941" lon="4.58662">
        <ele>6</ele>
      </trkpt>
      <trkpt lat="50.99959" lon="4.58655">
        <ele>6</ele>
      </trkpt>
      <trkpt lat="50.99983" lon="4.58642">
        <ele>6</ele>
      </trkpt>
      <trkpt lat="51.00042" lon="4.58581">
        <ele>6</ele>
      </trkpt>
      <trkpt lat="51.00088" lon="4.58518">
        <ele>6</ele>
      </trkpt>
      <trkpt lat="51.00108" lon="4.58513">
        <ele>6</ele>
      </trkpt>
      <trkpt lat="51.00124" lon="4.58517">
        <ele>6</ele>
      </trkpt>
      <trkpt lat="51.00144" lon="4.58537">
        <ele>6</ele>
      </trkpt>
      <trkpt lat="51.00171" lon="4.58578">
        <ele>6</ele>
      </trkpt>
      <trkpt lat="51.00215" lon="4.58635">
        <ele>6</ele>
      </trkpt>
      <trkpt lat="51.00296" lon="4.58734">
        <ele>7</ele>
      </trkpt>
      <trkpt lat="51.00384" lon="4.58852">
        <ele>9</ele>
      </trkpt>
      <trkpt lat="51.00643" lon="4.5919">
        <ele>12</ele>
      </trkpt>
      <trkpt lat="51.0077" lon="4.59344">
        <ele>13</ele>
      </trkpt>
      <trkpt lat="51.00884" lon="4.59501">
        <ele>13</ele>
      </trkpt>
      <trkpt lat="51.01006" lon="4.59657">
        <ele>11</ele>
      </trkpt>
      <trkpt lat="51.01066" lon="4.59735">
        <ele>11</ele>
      </trkpt>
      <trkpt lat="51.01096" lon="4.5976">
        <ele>11</ele>
      </trkpt>
      <trkpt lat="51.01093" lon="4.59772">
        <ele>11</ele>
      </trkpt>
      <trkpt lat="51.01104" lon="4.59784">
        <ele>10</ele>
      </trkpt>
      <trkpt lat="51.01253" lon="4.59975">
        <ele>9</ele>
      </trkpt>
      <trkpt lat="51.01268" lon="4.59989">
        <ele>8</ele>
      </trkpt>
      <trkpt lat="51.01278" lon="4.59996">
        <ele>7</ele>
      </trkpt>
      <trkpt lat="51.01292" lon="4.60002">
        <ele>7</ele>
      </trkpt>
      <trkpt lat="51.01311" lon="4.60007">
        <ele>7</ele>
      </trkpt>
      <trkpt lat="51.01381" lon="4.60018">
        <ele>7</ele>
      </trkpt>
      <trkpt lat="51.01406" lon="4.60106">
        <ele>7</ele>
      </trkpt>
      <trkpt lat="51.0144" lon="4.60178">
        <ele>7</ele>
      </trkpt>
      <trkpt lat="51.01476" lon="4.60255">
        <ele>8</ele>
      </trkpt>
      <trkpt lat="51.01487" lon="4.60283">
        <ele>8</ele>
      </trkpt>
      <trkpt lat="51.01497" lon="4.60313">
        <ele>8</ele>
      </trkpt>
      <trkpt lat="51.01541" lon="4.6055">
        <ele>10</ele>
      </trkpt>
      <trkpt lat="51.01567" lon="4.60959">
        <ele>8</ele>
      </trkpt>
      <trkpt lat="51.01584" lon="4.61401">
        <ele>8</ele>
      </trkpt>
      <trkpt lat="51.01581" lon="4.61452">
        <ele>8</ele>
      </trkpt>
      <trkpt lat="51.0157" lon="4.61508">
        <ele>9</ele>
      </trkpt>
      <trkpt lat="51.0153" lon="4.61621">
        <ele>9</ele>
      </trkpt>
      <trkpt lat="51.01506" lon="4.6173">
        <ele>8</ele>
      </trkpt>
      <trkpt lat="51.01449" lon="4.62006">
        <ele>6</ele>
      </trkpt>
      <trkpt lat="51.01447" lon="4.62022">
        <ele>6</ele>
      </trkpt>
      <trkpt lat="51.01446" lon="4.62071">
        <ele>6</ele>
      </trkpt>
      <trkpt lat="51.01451" lon="4.62137">
        <ele>6</ele>
      </trkpt>
      <trkpt lat="51.01522" lon="4.62665">
        <ele>7</ele>
      </trkpt>
      <trkpt lat="51.01523" lon="4.62698">
        <ele>7</ele>
      </trkpt>
      <trkpt lat="51.01515" lon="4.6282">
        <ele>7</ele>
      </trkpt>
      <trkpt lat="51.01516" lon="4.62847">
        <ele>8</ele>
      </trkpt>
      <trkpt lat="51.01533" lon="4.63032">
        <ele>9</ele>
      </trkpt>
      <trkpt lat="51.01542" lon="4.63088">
        <ele>9</ele>
      </trkpt>
      <trkpt lat="51.01574" lon="4.63235">
        <ele>10</ele>
      </trkpt>
      <trkpt lat="51.01583" lon="4.63271">
        <ele>10</ele>
      </trkpt>
      <trkpt lat="51.01594" lon="4.63299">
        <ele>10</ele>
      </trkpt>
      <trkpt lat="51.0161" lon="4.63328">
        <ele>9</ele>
      </trkpt>
      <trkpt lat="51.01678" lon="4.63401">
        <ele>9</ele>
      </trkpt>
      <trkpt lat="51.01699" lon="4.63431">
        <ele>9</ele>
      </trkpt>
      <trkpt lat="51.01723" lon="4.63474">
        <ele>9</ele>
      </trkpt>
      <trkpt lat="51.01733" lon="4.63501">
        <ele>8</ele>
      </trkpt>
      <trkpt lat="51.01747" lon="4.63546">
        <ele>8</ele>
      </trkpt>
      <trkpt lat="51.01764" lon="4.63621">
        <ele>8</ele>
      </trkpt>
      <trkpt lat="51.01768" lon="4.63648">
        <ele>8</ele>
      </trkpt>
      <trkpt lat="51.01772" lon="4.63677">
        <ele>9</ele>
      </trkpt>
      <trkpt lat="51.01782" lon="4.63831">
        <ele>10</ele>
      </trkpt>
      <trkpt lat="51.01789" lon="4.63899">
        <ele>10</ele>
      </trkpt>
      <trkpt lat="51.01857" lon="4.64347">
        <ele>12</ele>
      </trkpt>
      <trkpt lat="51.01871" lon="4.6442">
        <ele>12</ele>
      </trkpt>
      <trkpt lat="51.01931" lon="4.64651">
        <ele>10</ele>
      </trkpt>
      <trkpt lat="51.01951" lon="4.64732">
        <ele>10</ele>
      </trkpt>
      <trkpt lat="51.01981" lon="4.64703">
        <ele>10</ele>
      </trkpt>
      <trkpt lat="51.01986" lon="4.64705">
        <ele>10</ele>
      </trkpt>
      <trkpt lat="51.01996" lon="4.64703">
        <ele>10</ele>
      </trkpt>
      <trkpt lat="51.0201" lon="4.6469">
        <ele>11</ele>
      </trkpt>
      <trkpt lat="51.02015" lon="4.64681">
        <ele>11</ele>
      </trkpt>
      <trkpt lat="51.02015" lon="4.64672">
        <ele>11</ele>
      </trkpt>
      <trkpt lat="51.02304" lon="4.64403">
        <ele>10</ele>
      </trkpt>
      <trkpt lat="51.02485" lon="4.642">
        <ele>7</ele>
      </trkpt>
      <trkpt lat="51.02505" lon="4.64175">
        <ele>7</ele>
      </trkpt>
      <trkpt lat="51.02541" lon="4.64124">
        <ele>8</ele>
      </trkpt>
      <trkpt lat="51.02607" lon="4.6401">
        <ele>9</ele>
      </trkpt>
      <trkpt lat="51.02672" lon="4.63905">
        <ele>8</ele>
      </trkpt>
      <trkpt lat="51.02711" lon="4.63861">
        <ele>8</ele>
      </trkpt>
      <trkpt lat="51.02765" lon="4.63822">
        <ele>8</ele>
      </trkpt>
      <trkpt lat="51.02857" lon="4.63776">
        <ele>9</ele>
      </trkpt>
      <trkpt lat="51.02873" lon="4.63766">
        <ele>9</ele>
      </trkpt>
      <trkpt lat="51.03245" lon="4.63512">
        <ele>7</ele>
      </trkpt>
      <trkpt lat="51.03267" lon="4.63502">
        <ele>7</ele>
      </trkpt>
      <trkpt lat="51.03291" lon="4.63496">
        <ele>7</ele>
      </trkpt>
      <trkpt lat="51.03312" lon="4.63493">
        <ele>7</ele>
      </trkpt>
      <trkpt lat="51.03454" lon="4.63498">
        <ele>7</ele>
      </trkpt>
      <trkpt lat="51.03481" lon="4.63495">
        <ele>7</ele>
      </trkpt>
      <trkpt lat="51.03819" lon="4.63412">
        <ele>9</ele>
      </trkpt>
      <trkpt lat="51.0386" lon="4.63404">
        <ele>11</ele>
      </trkpt>
      <trkpt lat="51.03898" lon="4.63403">
        <ele>11</ele>
      </trkpt>
      <trkpt lat="51.03917" lon="4.63405">
        <ele>11</ele>
      </trkpt>
      <trkpt lat="51.0411" lon="4.63452">
        <ele>13</ele>
      </trkpt>
      <trkpt lat="51.04132" lon="4.6346">
        <ele>13</ele>
      </trkpt>
      <trkpt lat="51.04354" lon="4.63496">
        <ele>14</ele>
      </trkpt>
      <trkpt lat="51.04458" lon="4.63512">
        <ele>16</ele>
      </trkpt>
      <trkpt lat="51.0449" lon="4.63511">
        <ele>16</ele>
      </trkpt>
      <trkpt lat="51.04511" lon="4.63506">
        <ele>17</ele>
      </trkpt>
      <trkpt lat="51.04592" lon="4.63477">
        <ele>18</ele>
      </trkpt>
      <trkpt lat="51.04639" lon="4.63454">
        <ele>20</ele>
      </trkpt>
      <trkpt lat="51.04673" lon="4.63433">
        <ele>20</ele>
      </trkpt>
      <trkpt lat="51.04728" lon="4.63389">
        <ele>22</ele>
      </trkpt>
      <trkpt lat="51.04791" lon="4.63332">
        <ele>22</ele>
      </trkpt>
      <trkpt lat="51.04835" lon="4.63289">
        <ele>22</ele>
      </trkpt>
      <trkpt lat="51.0498" lon="4.63133">
        <ele>24</ele>
      </trkpt>
      <trkpt lat="51.05029" lon="4.63093">
        <ele>24</ele>
      </trkpt>
      <trkpt lat="51.05142" lon="4.63008">
        <ele>24</ele>
      </trkpt>
      <trkpt lat="51.05181" lon="4.62984">
        <ele>23</ele>
      </trkpt>
      <trkpt lat="51.0525" lon="4.62946">
        <ele>23</ele>
      </trkpt>
      <trkpt lat="51.05283" lon="4.62931">
        <ele>23</ele>
      </trkpt>
      <trkpt lat="51.05312" lon="4.62922">
        <ele>24</ele>
      </trkpt>
      <trkpt lat="51.05404" lon="4.62904">
        <ele>24</ele>
      </trkpt>
      <trkpt lat="51.05475" lon="4.62875">
        <ele>24</ele>
      </trkpt>
      <trkpt lat="51.0548" lon="4.62867">
        <ele>24</ele>
      </trkpt>
      <trkpt lat="51.05497" lon="4.629">
        <ele>24</ele>
      </trkpt>
      <trkpt lat="51.05509" lon="4.62891">
        <ele>24</ele>
      </trkpt>
      <trkpt lat="51.05518" lon="4.62888">
        <ele>24</ele>
      </trkpt>
      <trkpt lat="51.05527" lon="4.6289">
        <ele>24</ele>
      </trkpt>
      <trkpt lat="51.05571" lon="4.62888">
        <ele>24</ele>
      </trkpt>
      <trkpt lat="51.05668" lon="4.629">
        <ele>24</ele>
      </trkpt>
      <trkpt lat="51.05752" lon="4.62919">
        <ele>23</ele>
      </trkpt>
      <trkpt lat="51.05785" lon="4.62913">
        <ele>22</ele>
      </trkpt>
      <trkpt lat="51.058" lon="4.62905">
        <ele>22</ele>
      </trkpt>
      <trkpt lat="51.059" lon="4.62839">
        <ele>22</ele>
      </trkpt>
      <trkpt lat="51.05915" lon="4.62835">
        <ele>22</ele>
      </trkpt>
      <trkpt lat="51.06157" lon="4.62845">
        <ele>22</ele>
      </trkpt>
      <trkpt lat="51.0633" lon="4.62879">
        <ele>20</ele>
      </trkpt>
      <trkpt lat="51.06359" lon="4.62877">
        <ele>19</ele>
      </trkpt>
      <trkpt lat="51.06377" lon="4.62871">
        <ele>19</ele>
      </trkpt>
      <trkpt lat="51.06397" lon="4.62863">
        <ele>19</ele>
      </trkpt>
      <trkpt lat="51.06415" lon="4.62852">
        <ele>19</ele>
      </trkpt>
      <trkpt lat="51.06432" lon="4.62838">
        <ele>19</ele>
      </trkpt>
      <trkpt lat="51.06465" lon="4.62803">
        <ele>18</ele>
      </trkpt>
      <trkpt lat="51.06615" lon="4.62607">
        <ele>17</ele>
      </trkpt>
      <trkpt lat="51.06657" lon="4.62558">
        <ele>17</ele>
      </trkpt>
      <trkpt lat="51.06678" lon="4.62541">
        <ele>17</ele>
      </trkpt>
      <trkpt lat="51.06691" lon="4.62534">
        <ele>16</ele>
      </trkpt>
      <trkpt lat="51.06711" lon="4.62527">
        <ele>16</ele>
      </trkpt>
      <trkpt lat="51.0673" lon="4.62524">
        <ele>16</ele>
      </trkpt>
      <trkpt lat="51.06781" lon="4.62524">
        <ele>16</ele>
      </trkpt>
      <trkpt lat="51.06818" lon="4.62518">
        <ele>16</ele>
      </trkpt>
      <trkpt lat="51.06839" lon="4.62511">
        <ele>16</ele>
      </trkpt>
      <trkpt lat="51.06869" lon="4.62494">
        <ele>15</ele>
      </trkpt>
      <trkpt lat="51.06896" lon="4.62474">
        <ele>15</ele>
      </trkpt>
      <trkpt lat="51.07011" lon="4.62366">
        <ele>15</ele>
      </trkpt>
      <trkpt lat="51.07043" lon="4.62347">
        <ele>15</ele>
      </trkpt>
      <trkpt lat="51.0721" lon="4.62271">
        <ele>14</ele>
      </trkpt>
      <trkpt lat="51.07265" lon="4.62247">
        <ele>14</ele>
      </trkpt>
      <trkpt lat="51.07314" lon="4.62219">
        <ele>14</ele>
      </trkpt>
      <trkpt lat="51.0734" lon="4.62199">
        <ele>14</ele>
      </trkpt>
      <trkpt lat="51.07388" lon="4.62157">
        <ele>13</ele>
      </trkpt>
      <trkpt lat="51.07403" lon="4.62141">
        <ele>13</ele>
      </trkpt>
      <trkpt lat="51.07443" lon="4.62089">
        <ele>13</ele>
      </trkpt>
      <trkpt lat="51.07522" lon="4.61979">
        <ele>12</ele>
      </trkpt>
      <trkpt lat="51.07552" lon="4.61943">
        <ele>12</ele>
      </trkpt>
      <trkpt lat="51.07622" lon="4.61868">
        <ele>12</ele>
      </trkpt>
      <trkpt lat="51.0766" lon="4.61833">
        <ele>12</ele>
      </trkpt>
      <trkpt lat="51.07699" lon="4.61801">
        <ele>11</ele>
      </trkpt>
      <trkpt lat="51.07741" lon="4.61772">
        <ele>11</ele>
      </trkpt>
      <trkpt lat="51.0778" lon="4.61749">
        <ele>11</ele>
      </trkpt>
      <trkpt lat="51.07836" lon="4.6172">
        <ele>11</ele>
      </trkpt>
      <trkpt lat="51.07999" lon="4.61648">
        <ele>11</ele>
      </trkpt>
      <trkpt lat="51.08028" lon="4.61638">
        <ele>10</ele>
      </trkpt>
      <trkpt lat="51.08103" lon="4.6162">
        <ele>10</ele>
      </trkpt>
      <trkpt lat="51.08132" lon="4.61618">
        <ele>9</ele>
      </trkpt>
      <trkpt lat="51.08185" lon="4.61623">
        <ele>9</ele>
      </trkpt>
      <trkpt lat="51.08213" lon="4.61629">
        <ele>9</ele>
      </trkpt>
      <trkpt lat="51.08292" lon="4.61656">
        <ele>9</ele>
      </trkpt>
      <trkpt lat="51.08318" lon="4.61662">
        <ele>9</ele>
      </trkpt>
      <trkpt lat="51.08355" lon="4.61666">
        <ele>9</ele>
      </trkpt>
      <trkpt lat="51.08393" lon="4.61661">
        <ele>9</ele>
      </trkpt>
      <trkpt lat="51.0853" lon="4.61626">
        <ele>8</ele>
      </trkpt>
      <trkpt lat="51.08648" lon="4.61593">
        <ele>8</ele>
      </trkpt>
      <trkpt lat="51.08676" lon="4.61587">
        <ele>8</ele>
      </trkpt>
      <trkpt lat="51.08702" lon="4.61589">
        <ele>8</ele>
      </trkpt>
      <trkpt lat="51.08715" lon="4.61593">
        <ele>8</ele>
      </trkpt>
      <trkpt lat="51.08743" lon="4.61606">
        <ele>8</ele>
      </trkpt>
      <trkpt lat="51.08772" lon="4.61627">
        <ele>9</ele>
      </trkpt>
      <trkpt lat="51.08924" lon="4.61795">
        <ele>9</ele>
      </trkpt>
      <trkpt lat="51.08934" lon="4.6178">
        <ele>9</ele>
      </trkpt>
      <trkpt lat="51.08957" lon="4.6176">
        <ele>10</ele>
      </trkpt>
      <trkpt lat="51.0908" lon="4.61695">
        <ele>10</ele>
      </trkpt>
      <trkpt lat="51.09116" lon="4.61663">
        <ele>10</ele>
      </trkpt>
      <trkpt lat="51.09142" lon="4.61631">
        <ele>10</ele>
      </trkpt>
      <trkpt lat="51.09165" lon="4.61593">
        <ele>10</ele>
      </trkpt>
      <trkpt lat="51.09269" lon="4.61409">
        <ele>11</ele>
      </trkpt>
      <trkpt lat="51.09365" lon="4.61238">
        <ele>12</ele>
      </trkpt>
      <trkpt lat="51.0937" lon="4.61226">
        <ele>12</ele>
      </trkpt>
      <trkpt lat="51.09371" lon="4.61209">
        <ele>12</ele>
      </trkpt>
      <trkpt lat="51.0938" lon="4.61207">
        <ele>12</ele>
      </trkpt>
      <trkpt lat="51.09387" lon="4.61199">
        <ele>12</ele>
      </trkpt>
      <trkpt lat="51.09414" lon="4.61153">
        <ele>11</ele>
      </trkpt>
      <trkpt lat="51.09445" lon="4.61105">
        <ele>11</ele>
      </trkpt>
      <trkpt lat="51.09459" lon="4.61086">
        <ele>11</ele>
      </trkpt>
      <trkpt lat="51.09513" lon="4.61027">
        <ele>10</ele>
      </trkpt>
      <trkpt lat="51.09595" lon="4.6093">
        <ele>9</ele>
      </trkpt>
      <trkpt lat="51.09607" lon="4.60913">
        <ele>10</ele>
      </trkpt>
      <trkpt lat="51.09663" lon="4.60816">
        <ele>9</ele>
      </trkpt>
      <trkpt lat="51.09675" lon="4.60802">
        <ele>9</ele>
      </trkpt>
      <trkpt lat="51.09696" lon="4.60783">
        <ele>9</ele>
      </trkpt>
      <trkpt lat="51.09709" lon="4.60774">
        <ele>9</ele>
      </trkpt>
      <trkpt lat="51.09727" lon="4.60766">
        <ele>9</ele>
      </trkpt>
      <trkpt lat="51.09827" lon="4.60752">
        <ele>9</ele>
      </trkpt>
      <trkpt lat="51.09906" lon="4.60737">
        <ele>9</ele>
      </trkpt>
      <trkpt lat="51.10012" lon="4.60713">
        <ele>9</ele>
      </trkpt>
      <trkpt lat="51.10028" lon="4.60706">
        <ele>9</ele>
      </trkpt>
      <trkpt lat="51.1004" lon="4.60698">
        <ele>9</ele>
      </trkpt>
      <trkpt lat="51.10048" lon="4.6069">
        <ele>9</ele>
      </trkpt>
      <trkpt lat="51.10063" lon="4.6067">
        <ele>9</ele>
      </trkpt>
      <trkpt lat="51.10164" lon="4.60444">
        <ele>7</ele>
      </trkpt>
      <trkpt lat="51.10198" lon="4.60374">
        <ele>6</ele>
      </trkpt>
      <trkpt lat="51.10343" lon="4.60096">
        <ele>5</ele>
      </trkpt>
      <trkpt lat="51.10368" lon="4.60058">
        <ele>4</ele>
      </trkpt>
      <trkpt lat="51.10394" lon="4.60027">
        <ele>4</ele>
      </trkpt>
      <trkpt lat="51.10421" lon="4.60003">
        <ele>4</ele>
      </trkpt>
      <trkpt lat="51.10635" lon="4.59868">
        <ele>5</ele>
      </trkpt>
      <trkpt lat="51.10685" lon="4.59837">
        <ele>6</ele>
      </trkpt>
      <trkpt lat="51.10696" lon="4.59837">
        <ele>6</ele>
      </trkpt>
      <trkpt lat="51.10705" lon="4.59833">
        <ele>6</ele>
      </trkpt>
      <trkpt lat="51.10752" lon="4.59802">
        <ele>6</ele>
      </trkpt>
      <trkpt lat="51.10785" lon="4.59772">
        <ele>6</ele>
      </trkpt>
      <trkpt lat="51.10814" lon="4.59736">
        <ele>5</ele>
      </trkpt>
      <trkpt lat="51.10859" lon="4.5966">
        <ele>4</ele>
      </trkpt>
      <trkpt lat="51.10874" lon="4.59676">
        <ele>4</ele>
      </trkpt>
      <trkpt lat="51.10869" lon="4.59687">
        <ele>4</ele>
      </trkpt>
      <trkpt lat="51.10817" lon="4.59812">
        <ele>5</ele>
      </trkpt>
      <trkpt lat="51.10761" lon="4.59978">
        <ele>6</ele>
      </trkpt>
      <trkpt lat="51.10752" lon="4.60003">
        <ele>6</ele>
      </trkpt>
      <trkpt lat="51.1078" lon="4.60032">
        <ele>5</ele>
      </trkpt>
      <trkpt lat="51.10802" lon="4.60058">
        <ele>5</ele>
      </trkpt>
      <trkpt lat="51.10837" lon="4.60112">
        <ele>5</ele>
      </trkpt>
      <trkpt lat="51.10905" lon="4.60217">
        <ele>6</ele>
      </trkpt>
      <trkpt lat="51.10913" lon="4.60226">
        <ele>6</ele>
      </trkpt>
      <trkpt lat="51.11054" lon="4.60357">
        <ele>5</ele>
      </trkpt>
      <trkpt lat="51.11063" lon="4.6037">
        <ele>5</ele>
      </trkpt>
      <trkpt lat="51.1112" lon="4.60497">
        <ele>4</ele>
      </trkpt>
      <trkpt lat="51.11291" lon="4.60867">
        <ele>4</ele>
      </trkpt>
      <trkpt lat="51.113" lon="4.60871">
        <ele>4</ele>
      </trkpt>
      <trkpt lat="51.11316" lon="4.60867">
        <ele>4</ele>
      </trkpt>
      <trkpt lat="51.11498" lon="4.60732">
        <ele>3</ele>
      </trkpt>
      <trkpt lat="51.11624" lon="4.60676">
        <ele>3</ele>
      </trkpt>
      <trkpt lat="51.11713" lon="4.60662">
        <ele>2</ele>
      </trkpt>
      <trkpt lat="51.11913" lon="4.60577">
        <ele>2</ele>
      </trkpt>
      <trkpt lat="51.11925" lon="4.60569">
        <ele>3</ele>
      </trkpt>
      <trkpt lat="51.11934" lon="4.60559">
        <ele>3</ele>
      </trkpt>
      <trkpt lat="51.12026" lon="4.60444">
        <ele>3</ele>
      </trkpt>
      <trkpt lat="51.12034" lon="4.60438">
        <ele>3</ele>
      </trkpt>
      <trkpt lat="51.12079" lon="4.60438">
        <ele>3</ele>
      </trkpt>
      <trkpt lat="51.12087" lon="4.60441">
        <ele>3</ele>
      </trkpt>
      <trkpt lat="51.12095" lon="4.60452">
        <ele>3</ele>
      </trkpt>
      <trkpt lat="51.12185" lon="4.60646">
        <ele>3</ele>
      </trkpt>
      <trkpt lat="51.12195" lon="4.60657">
        <ele>2</ele>
      </trkpt>
      <trkpt lat="51.12208" lon="4.60663">
        <ele>3</ele>
      </trkpt>
      <trkpt lat="51.12215" lon="4.60665">
        <ele>3</ele>
      </trkpt>
      <trkpt lat="51.12516" lon="4.60626">
        <ele>2</ele>
      </trkpt>
      <trkpt lat="51.12447" lon="4.61014">
        <ele>3</ele>
      </trkpt>
      <trkpt lat="51.12436" lon="4.61073">
        <ele>3</ele>
      </trkpt>
      <trkpt lat="51.1243" lon="4.61149">
        <ele>3</ele>
      </trkpt>
      <trkpt lat="51.12426" lon="4.61305">
        <ele>3</ele>
      </trkpt>
      <trkpt lat="51.12424" lon="4.61333">
        <ele>4</ele>
      </trkpt>
      <trkpt lat="51.12418" lon="4.61392">
        <ele>4</ele>
      </trkpt>
      <trkpt lat="51.12344" lon="4.61839">
        <ele>4</ele>
      </trkpt>
      <trkpt lat="51.12321" lon="4.6201">
        <ele>4</ele>
      </trkpt>
      <trkpt lat="51.12296" lon="4.62185">
        <ele>5</ele>
      </trkpt>
      <trkpt lat="51.12282" lon="4.62183">
        <ele>5</ele>
      </trkpt>
      <trkpt lat="51.12274" lon="4.62185">
        <ele>5</ele>
      </trkpt>
      <trkpt lat="51.12269" lon="4.62192">
        <ele>5</ele>
      </trkpt>
      <trkpt lat="51.12267" lon="4.62201">
        <ele>5</ele>
      </trkpt>
      <trkpt lat="51.12267" lon="4.62215">
        <ele>5</ele>
      </trkpt>
      <trkpt lat="51.12259" lon="4.62246">
        <ele>5</ele>
      </trkpt>
      <trkpt lat="51.11955" lon="4.62783">
        <ele>7</ele>
      </trkpt>
      <trkpt lat="51.11947" lon="4.62787">
        <ele>7</ele>
      </trkpt>
      <trkpt lat="51.11787" lon="4.62812">
        <ele>6</ele>
      </trkpt>
      <trkpt lat="51.11391" lon="4.62868">
        <ele>10</ele>
      </trkpt>
      <trkpt lat="51.11293" lon="4.62891">
        <ele>10</ele>
      </trkpt>
      <trkpt lat="51.11186" lon="4.62925">
        <ele>10</ele>
      </trkpt>
      <trkpt lat="51.11175" lon="4.62933">
        <ele>10</ele>
      </trkpt>
      <trkpt lat="51.11156" lon="4.62951">
        <ele>9</ele>
      </trkpt>
      <trkpt lat="51.11109" lon="4.63004">
        <ele>9</ele>
      </trkpt>
      <trkpt lat="51.1109" lon="4.63015">
        <ele>9</ele>
      </trkpt>
      <trkpt lat="51.11076" lon="4.63021">
        <ele>9</ele>
      </trkpt>
      <trkpt lat="51.11066" lon="4.63032">
        <ele>8</ele>
      </trkpt>
      <trkpt lat="51.10961" lon="4.63212">
        <ele>9</ele>
      </trkpt>
      <trkpt lat="51.1093" lon="4.63264">
        <ele>9</ele>
      </trkpt>
      <trkpt lat="51.11042" lon="4.63516">
        <ele>11</ele>
      </trkpt>
      <trkpt lat="51.11079" lon="4.63581">
        <ele>11</ele>
      </trkpt>
      <trkpt lat="51.11159" lon="4.63702">
        <ele>10</ele>
      </trkpt>
      <trkpt lat="51.1125" lon="4.63832">
        <ele>10</ele>
      </trkpt>
      <trkpt lat="51.11312" lon="4.63928">
        <ele>10</ele>
      </trkpt>
      <trkpt lat="51.11325" lon="4.63954">
        <ele>10</ele>
      </trkpt>
      <trkpt lat="51.1135" lon="4.64018">
        <ele>10</ele>
      </trkpt>
      <trkpt lat="51.1136" lon="4.6405">
        <ele>9</ele>
      </trkpt>
      <trkpt lat="51.11376" lon="4.64127">
        <ele>9</ele>
      </trkpt>
      <trkpt lat="51.11387" lon="4.64169">
        <ele>10</ele>
      </trkpt>
      <trkpt lat="51.11424" lon="4.64274">
        <ele>9</ele>
      </trkpt>
      <trkpt lat="51.11435" lon="4.64302">
        <ele>9</ele>
      </trkpt>
      <trkpt lat="51.11483" lon="4.64441">
        <ele>9</ele>
      </trkpt>
      <trkpt lat="51.11572" lon="4.64684">
        <ele>8</ele>
      </trkpt>
      <trkpt lat="51.11573" lon="4.64693">
        <ele>8</ele>
      </trkpt>
      <trkpt lat="51.11596" lon="4.64761">
        <ele>8</ele>
      </trkpt>
      <trkpt lat="51.11601" lon="4.64772">
        <ele>8</ele>
      </trkpt>
      <trkpt lat="51.11697" lon="4.65063">
        <ele>6</ele>
      </trkpt>
      <trkpt lat="51.11694" lon="4.65069">
        <ele>6</ele>
      </trkpt>
      <trkpt lat="51.11694" lon="4.65076">
        <ele>6</ele>
      </trkpt>
      <trkpt lat="51.11695" lon="4.65081">
        <ele>6</ele>
      </trkpt>
      <trkpt lat="51.11699" lon="4.65086">
        <ele>6</ele>
      </trkpt>
      <trkpt lat="51.117" lon="4.65127">
        <ele>6</ele>
      </trkpt>
      <trkpt lat="51.11706" lon="4.65147">
        <ele>6</ele>
      </trkpt>
      <trkpt lat="51.11725" lon="4.65309">
        <ele>6</ele>
      </trkpt>
      <trkpt lat="51.11768" lon="4.65497">
        <ele>7</ele>
      </trkpt>
      <trkpt lat="51.11775" lon="4.65538">
        <ele>7</ele>
      </trkpt>
      <trkpt lat="51.11789" lon="4.65644">
        <ele>7</ele>
      </trkpt>
      <trkpt lat="51.11798" lon="4.65731">
        <ele>7</ele>
      </trkpt>
      <trkpt lat="51.118" lon="4.6575">
        <ele>7</ele>
      </trkpt>
      <trkpt lat="51.11882" lon="4.65725">
        <ele>6</ele>
      </trkpt>
      <trkpt lat="51.11919" lon="4.65719">
        <ele>6</ele>
      </trkpt>
      <trkpt lat="51.1228" lon="4.65736">
        <ele>3</ele>
      </trkpt>
      <trkpt lat="51.12299" lon="4.65734">
        <ele>3</ele>
      </trkpt>
      <trkpt lat="51.12319" lon="4.65726">
        <ele>3</ele>
      </trkpt>
      <trkpt lat="51.12336" lon="4.65715">
        <ele>3</ele>
      </trkpt>
      <trkpt lat="51.12339" lon="4.65722">
        <ele>3</ele>
      </trkpt>
      <trkpt lat="51.12346" lon="4.65722">
        <ele>3</ele>
      </trkpt>
      <trkpt lat="51.12367" lon="4.65729">
        <ele>4</ele>
      </trkpt>
      <trkpt lat="51.12473" lon="4.65846">
        <ele>4</ele>
      </trkpt>
      <trkpt lat="51.12497" lon="4.65881">
        <ele>4</ele>
      </trkpt>
      <trkpt lat="51.12506" lon="4.659">
        <ele>4</ele>
      </trkpt>
      <trkpt lat="51.12517" lon="4.65928">
        <ele>4</ele>
      </trkpt>
      <trkpt lat="51.12527" lon="4.65958">
        <ele>4</ele>
      </trkpt>
      <trkpt lat="51.12545" lon="4.66037">
        <ele>4</ele>
      </trkpt>
      <trkpt lat="51.12614" lon="4.6633">
        <ele>4</ele>
      </trkpt>
      <trkpt lat="51.12628" lon="4.66375">
        <ele>4</ele>
      </trkpt>
      <trkpt lat="51.12653" lon="4.66419">
        <ele>4</ele>
      </trkpt>
      <trkpt lat="51.12676" lon="4.66449">
        <ele>4</ele>
      </trkpt>
      <trkpt lat="51.12705" lon="4.66476">
        <ele>5</ele>
      </trkpt>
      <trkpt lat="51.12736" lon="4.66497">
        <ele>5</ele>
      </trkpt>
      <trkpt lat="51.12765" lon="4.66522">
        <ele>5</ele>
      </trkpt>
      <trkpt lat="51.12787" lon="4.66548">
        <ele>6</ele>
      </trkpt>
      <trkpt lat="51.12803" lon="4.66574">
        <ele>6</ele>
      </trkpt>
      <trkpt lat="51.12825" lon="4.66623">
        <ele>5</ele>
      </trkpt>
      <trkpt lat="51.12838" lon="4.66668">
        <ele>5</ele>
      </trkpt>
      <trkpt lat="51.12868" lon="4.66889">
        <ele>4</ele>
      </trkpt>
      <trkpt lat="51.12891" lon="4.67066">
        <ele>4</ele>
      </trkpt>
      <trkpt lat="51.12892" lon="4.67118">
        <ele>4</ele>
      </trkpt>
      <trkpt lat="51.12888" lon="4.67158">
        <ele>4</ele>
      </trkpt>
      <trkpt lat="51.1288" lon="4.67199">
        <ele>5</ele>
      </trkpt>
      <trkpt lat="51.12859" lon="4.67262">
        <ele>4</ele>
      </trkpt>
      <trkpt lat="51.12763" lon="4.67473">
        <ele>5</ele>
      </trkpt>
      <trkpt lat="51.12734" lon="4.67511">
        <ele>5</ele>
      </trkpt>
      <trkpt lat="51.12722" lon="4.67516">
        <ele>5</ele>
      </trkpt>
      <trkpt lat="51.12707" lon="4.67538">
        <ele>5</ele>
      </trkpt>
      <trkpt lat="51.12698" lon="4.67561">
        <ele>5</ele>
      </trkpt>
      <trkpt lat="51.12569" lon="4.67741">
        <ele>4</ele>
      </trkpt>
      <trkpt lat="51.12549" lon="4.67761">
        <ele>4</ele>
      </trkpt>
      <trkpt lat="51.12497" lon="4.67795">
        <ele>4</ele>
      </trkpt>
      <trkpt lat="51.12461" lon="4.67817">
        <ele>4</ele>
      </trkpt>
      <trkpt lat="51.12432" lon="4.67844">
        <ele>5</ele>
      </trkpt>
      <trkpt lat="51.12399" lon="4.6789">
        <ele>5</ele>
      </trkpt>
      <trkpt lat="51.12385" lon="4.67913">
        <ele>6</ele>
      </trkpt>
      <trkpt lat="51.12283" lon="4.68164">
        <ele>6</ele>
      </trkpt>
      <trkpt lat="51.12243" lon="4.68271">
        <ele>7</ele>
      </trkpt>
      <trkpt lat="51.1221" lon="4.68417">
        <ele>8</ele>
      </trkpt>
      <trkpt lat="51.122" lon="4.68493">
        <ele>7</ele>
      </trkpt>
      <trkpt lat="51.12198" lon="4.6852">
        <ele>7</ele>
      </trkpt>
      <trkpt lat="51.12197" lon="4.68658">
        <ele>7</ele>
      </trkpt>
      <trkpt lat="51.12189" lon="4.68687">
        <ele>7</ele>
      </trkpt>
      <trkpt lat="51.12134" lon="4.68793">
        <ele>8</ele>
      </trkpt>
      <trkpt lat="51.12116" lon="4.68865">
        <ele>7</ele>
      </trkpt>
      <trkpt lat="51.12104" lon="4.68922">
        <ele>6</ele>
      </trkpt>
      <trkpt lat="51.12099" lon="4.68942">
        <ele>7</ele>
      </trkpt>
      <trkpt lat="51.12053" lon="4.69097">
        <ele>6</ele>
      </trkpt>
      <trkpt lat="51.12045" lon="4.691">
        <ele>6</ele>
      </trkpt>
      <trkpt lat="51.12048" lon="4.69357">
        <ele>6</ele>
      </trkpt>
      <trkpt lat="51.12042" lon="4.69453">
        <ele>6</ele>
      </trkpt>
      <trkpt lat="51.12042" lon="4.6951">
        <ele>5</ele>
      </trkpt>
      <trkpt lat="51.12047" lon="4.69547">
        <ele>5</ele>
      </trkpt>
      <trkpt lat="51.1205" lon="4.69561">
        <ele>5</ele>
      </trkpt>
      <trkpt lat="51.1206" lon="4.69592">
        <ele>5</ele>
      </trkpt>
      <trkpt lat="51.12073" lon="4.69618">
        <ele>5</ele>
      </trkpt>
      <trkpt lat="51.12054" lon="4.69642">
        <ele>5</ele>
      </trkpt>
      <trkpt lat="51.12041" lon="4.69652">
        <ele>5</ele>
      </trkpt>
      <trkpt lat="51.11969" lon="4.69698">
        <ele>5</ele>
      </trkpt>
      <trkpt lat="51.11794" lon="4.69801">
        <ele>5</ele>
      </trkpt>
      <trkpt lat="51.11649" lon="4.69878">
        <ele>8</ele>
      </trkpt>
      <trkpt lat="51.11594" lon="4.69919">
        <ele>7</ele>
      </trkpt>
      <trkpt lat="51.11372" lon="4.70123">
        <ele>8</ele>
      </trkpt>
      <trkpt lat="51.11233" lon="4.70248">
        <ele>8</ele>
      </trkpt>
      <trkpt lat="51.11161" lon="4.70323">
        <ele>10</ele>
      </trkpt>
      <trkpt lat="51.11105" lon="4.70378">
        <ele>10</ele>
      </trkpt>
      <trkpt lat="51.11049" lon="4.70439">
        <ele>11</ele>
      </trkpt>
      <trkpt lat="51.11015" lon="4.70484">
        <ele>13</ele>
      </trkpt>
      <trkpt lat="51.10828" lon="4.70749">
        <ele>13</ele>
      </trkpt>
      <trkpt lat="51.1071" lon="4.70909">
        <ele>10</ele>
      </trkpt>
      <trkpt lat="51.10588" lon="4.71069">
        <ele>9</ele>
      </trkpt>
      <trkpt lat="51.1051" lon="4.71172">
        <ele>10</ele>
      </trkpt>
      <trkpt lat="51.10466" lon="4.71235">
        <ele>10</ele>
      </trkpt>
      <trkpt lat="51.10458" lon="4.7124">
        <ele>11</ele>
      </trkpt>
      <trkpt lat="51.10444" lon="4.71235">
        <ele>11</ele>
      </trkpt>
      <trkpt lat="51.10415" lon="4.71385">
        <ele>11</ele>
      </trkpt>
      <trkpt lat="51.10346" lon="4.7169">
        <ele>9</ele>
      </trkpt>
      <trkpt lat="51.10329" lon="4.71767">
        <ele>8</ele>
      </trkpt>
      <trkpt lat="51.1031" lon="4.71837">
        <ele>8</ele>
      </trkpt>
      <trkpt lat="51.10242" lon="4.72035">
        <ele>8</ele>
      </trkpt>
      <trkpt lat="51.1024" lon="4.72052">
        <ele>8</ele>
      </trkpt>
      <trkpt lat="51.1024" lon="4.72079">
        <ele>8</ele>
      </trkpt>
      <trkpt lat="51.10247" lon="4.72119">
        <ele>8</ele>
      </trkpt>
      <trkpt lat="51.10245" lon="4.72131">
        <ele>8</ele>
      </trkpt>
      <trkpt lat="51.1028" lon="4.72229">
        <ele>8</ele>
      </trkpt>
      <trkpt lat="51.10355" lon="4.72447">
        <ele>8</ele>
      </trkpt>
      <trkpt lat="51.10365" lon="4.72482">
        <ele>8</ele>
      </trkpt>
      <trkpt lat="51.10367" lon="4.72504">
        <ele>8</ele>
      </trkpt>
      <trkpt lat="51.10367" lon="4.72517">
        <ele>8</ele>
      </trkpt>
      <trkpt lat="51.10362" lon="4.72543">
        <ele>8</ele>
      </trkpt>
      <trkpt lat="51.10327" lon="4.72676">
        <ele>8</ele>
      </trkpt>
      <trkpt lat="51.10324" lon="4.72718">
        <ele>9</ele>
      </trkpt>
      <trkpt lat="51.10324" lon="4.72757">
        <ele>8</ele>
      </trkpt>
      <trkpt lat="51.10321" lon="4.7294">
        <ele>8</ele>
      </trkpt>
      <trkpt lat="51.10314" lon="4.72956">
        <ele>9</ele>
      </trkpt>
      <trkpt lat="51.1031" lon="4.72965">
        <ele>8</ele>
      </trkpt>
      <trkpt lat="51.10283" lon="4.73">
        <ele>8</ele>
      </trkpt>
      <trkpt lat="51.10249" lon="4.73026">
        <ele>8</ele>
      </trkpt>
      <trkpt lat="51.1021" lon="4.73041">
        <ele>8</ele>
      </trkpt>
      <trkpt lat="51.10073" lon="4.73073">
        <ele>8</ele>
      </trkpt>
      <trkpt lat="51.10054" lon="4.73072">
        <ele>8</ele>
      </trkpt>
      <trkpt lat="51.10049" lon="4.73067">
        <ele>8</ele>
      </trkpt>
      <trkpt lat="51.10043" lon="4.7307">
        <ele>8</ele>
      </trkpt>
      <trkpt lat="51.10035" lon="4.73078">
        <ele>8</ele>
      </trkpt>
      <trkpt lat="51.10019" lon="4.73086">
        <ele>8</ele>
      </trkpt>
      <trkpt lat="51.10008" lon="4.73088">
        <ele>9</ele>
      </trkpt>
      <trkpt lat="51.09864" lon="4.73094">
        <ele>9</ele>
      </trkpt>
      <trkpt lat="51.09789" lon="4.73121">
        <ele>9</ele>
      </trkpt>
      <trkpt lat="51.09686" lon="4.7317">
        <ele>8</ele>
      </trkpt>
      <trkpt lat="51.09594" lon="4.73202">
        <ele>7</ele>
      </trkpt>
      <trkpt lat="51.094" lon="4.7327">
        <ele>8</ele>
      </trkpt>
      <trkpt lat="51.09146" lon="4.73335">
        <ele>9</ele>
      </trkpt>
      <trkpt lat="51.09121" lon="4.73336">
        <ele>9</ele>
      </trkpt>
      <trkpt lat="51.09081" lon="4.73332">
        <ele>9</ele>
      </trkpt>
      <trkpt lat="51.08913" lon="4.73315">
        <ele>8</ele>
      </trkpt>
      <trkpt lat="51.08838" lon="4.73307">
        <ele>8</ele>
      </trkpt>
      <trkpt lat="51.088" lon="4.733">
        <ele>8</ele>
      </trkpt>
      <trkpt lat="51.08772" lon="4.73286">
        <ele>9</ele>
      </trkpt>
      <trkpt lat="51.08752" lon="4.73271">
        <ele>9</ele>
      </trkpt>
      <trkpt lat="51.08736" lon="4.73254">
        <ele>10</ele>
      </trkpt>
      <trkpt lat="51.08718" lon="4.7323">
        <ele>10</ele>
      </trkpt>
      <trkpt lat="51.0865" lon="4.73134">
        <ele>11</ele>
      </trkpt>
      <trkpt lat="51.08627" lon="4.73088">
        <ele>11</ele>
      </trkpt>
      <trkpt lat="51.08607" lon="4.73031">
        <ele>11</ele>
      </trkpt>
      <trkpt lat="51.08591" lon="4.73">
        <ele>12</ele>
      </trkpt>
      <trkpt lat="51.08576" lon="4.72978">
        <ele>12</ele>
      </trkpt>
      <trkpt lat="51.08537" lon="4.7294">
        <ele>13</ele>
      </trkpt>
      <trkpt lat="51.08501" lon="4.72914">
        <ele>14</ele>
      </trkpt>
      <trkpt lat="51.08474" lon="4.72906">
        <ele>15</ele>
      </trkpt>
      <trkpt lat="51.08451" lon="4.72906">
        <ele>15</ele>
      </trkpt>
      <trkpt lat="51.08393" lon="4.72911">
        <ele>16</ele>
      </trkpt>
      <trkpt lat="51.08384" lon="4.7291">
        <ele>16</ele>
      </trkpt>
      <trkpt lat="51.08355" lon="4.72896">
        <ele>16</ele>
      </trkpt>
      <trkpt lat="51.08329" lon="4.72886">
        <ele>17</ele>
      </trkpt>
      <trkpt lat="51.08279" lon="4.72888">
        <ele>17</ele>
      </trkpt>
      <trkpt lat="51.08257" lon="4.72885">
        <ele>18</ele>
      </trkpt>
      <trkpt lat="51.07915" lon="4.7277">
        <ele>23</ele>
      </trkpt>
      <trkpt lat="51.0766" lon="4.72688">
        <ele>29</ele>
      </trkpt>
      <trkpt lat="51.07609" lon="4.72679">
        <ele>30</ele>
      </trkpt>
      <trkpt lat="51.07539" lon="4.72675">
        <ele>32</ele>
      </trkpt>
      <trkpt lat="51.07524" lon="4.72667">
        <ele>32</ele>
      </trkpt>
      <trkpt lat="51.07519" lon="4.72686">
        <ele>32</ele>
      </trkpt>
      <trkpt lat="51.07515" lon="4.72697">
        <ele>32</ele>
      </trkpt>
      <trkpt lat="51.07507" lon="4.72706">
        <ele>32</ele>
      </trkpt>
      <trkpt lat="51.07498" lon="4.72701">
        <ele>32</ele>
      </trkpt>
      <trkpt lat="51.07436" lon="4.72607">
        <ele>29</ele>
      </trkpt>
      <trkpt lat="51.07413" lon="4.72579">
        <ele>28</ele>
      </trkpt>
      <trkpt lat="51.07401" lon="4.72571">
        <ele>27</ele>
      </trkpt>
      <trkpt lat="51.07323" lon="4.72477">
        <ele>25</ele>
      </trkpt>
      <trkpt lat="51.07322" lon="4.7247">
        <ele>25</ele>
      </trkpt>
      <trkpt lat="51.07268" lon="4.72406">
        <ele>25</ele>
      </trkpt>
      <trkpt lat="51.07264" lon="4.72405">
        <ele>24</ele>
      </trkpt>
      <trkpt lat="51.0725" lon="4.72394">
        <ele>24</ele>
      </trkpt>
      <trkpt lat="51.07248" lon="4.72385">
        <ele>24</ele>
      </trkpt>
      <trkpt lat="51.07139" lon="4.72254">
        <ele>23</ele>
      </trkpt>
      <trkpt lat="51.07133" lon="4.72245">
        <ele>22</ele>
      </trkpt>
      <trkpt lat="51.07117" lon="4.7222">
        <ele>22</ele>
      </trkpt>
      <trkpt lat="51.0705" lon="4.72057">
        <ele>22</ele>
      </trkpt>
      <trkpt lat="51.07028" lon="4.72011">
        <ele>22</ele>
      </trkpt>
      <trkpt lat="51.06988" lon="4.71914">
        <ele>23</ele>
      </trkpt>
      <trkpt lat="51.06976" lon="4.71881">
        <ele>23</ele>
      </trkpt>
      <trkpt lat="51.06953" lon="4.71805">
        <ele>22</ele>
      </trkpt>
      <trkpt lat="51.06913" lon="4.7166">
        <ele>21</ele>
      </trkpt>
      <trkpt lat="51.069" lon="4.7163">
        <ele>21</ele>
      </trkpt>
      <trkpt lat="51.06888" lon="4.71613">
        <ele>21</ele>
      </trkpt>
      <trkpt lat="51.06877" lon="4.71603">
        <ele>21</ele>
      </trkpt>
      <trkpt lat="51.06862" lon="4.71595">
        <ele>21</ele>
      </trkpt>
      <trkpt lat="51.06664" lon="4.71531">
        <ele>15</ele>
      </trkpt>
      <trkpt lat="51.06659" lon="4.71519">
        <ele>15</ele>
      </trkpt>
      <trkpt lat="51.06667" lon="4.71472">
        <ele>16</ele>
      </trkpt>
      <trkpt lat="51.06599" lon="4.71433">
        <ele>15</ele>
      </trkpt>
      <trkpt lat="51.06549" lon="4.71405">
        <ele>16</ele>
      </trkpt>
      <trkpt lat="51.0653" lon="4.71398">
        <ele>16</ele>
      </trkpt>
      <trkpt lat="51.06505" lon="4.71397">
        <ele>15</ele>
      </trkpt>
      <trkpt lat="51.06159" lon="4.71412">
        <ele>11</ele>
      </trkpt>
      <trkpt lat="51.06122" lon="4.71418">
        <ele>11</ele>
      </trkpt>
      <trkpt lat="51.06081" lon="4.7144">
        <ele>11</ele>
      </trkpt>
      <trkpt lat="51.06046" lon="4.7145">
        <ele>11</ele>
      </trkpt>
      <trkpt lat="51.0603" lon="4.71445">
        <ele>11</ele>
      </trkpt>
      <trkpt lat="51.06008" lon="4.71424">
        <ele>11</ele>
      </trkpt>
      <trkpt lat="51.05986" lon="4.71416">
        <ele>11</ele>
      </trkpt>
      <trkpt lat="51.05811" lon="4.71423">
        <ele>12</ele>
      </trkpt>
      <trkpt lat="51.05793" lon="4.71421">
        <ele>12</ele>
      </trkpt>
      <trkpt lat="51.05784" lon="4.71416">
        <ele>12</ele>
      </trkpt>
      <trkpt lat="51.05774" lon="4.71401">
        <ele>12</ele>
      </trkpt>
      <trkpt lat="51.05762" lon="4.71367">
        <ele>13</ele>
      </trkpt>
      <trkpt lat="51.05761" lon="4.71358">
        <ele>13</ele>
      </trkpt>
      <trkpt lat="51.05759" lon="4.71337">
        <ele>12</ele>
      </trkpt>
      <trkpt lat="51.05767" lon="4.70927">
        <ele>11</ele>
      </trkpt>
      <trkpt lat="51.0577" lon="4.7071">
        <ele>12</ele>
      </trkpt>
      <trkpt lat="51.0544" lon="4.70583">
        <ele>11</ele>
      </trkpt>
      <trkpt lat="51.05414" lon="4.70571">
        <ele>11</ele>
      </trkpt>
      <trkpt lat="51.0536" lon="4.70536">
        <ele>12</ele>
      </trkpt>
      <trkpt lat="51.05301" lon="4.70497">
        <ele>12</ele>
      </trkpt>
      <trkpt lat="51.05271" lon="4.70485">
        <ele>12</ele>
      </trkpt>
      <trkpt lat="51.05248" lon="4.70479">
        <ele>13</ele>
      </trkpt>
      <trkpt lat="51.05176" lon="4.70455">
        <ele>14</ele>
      </trkpt>
      <trkpt lat="51.05008" lon="4.70368">
        <ele>15</ele>
      </trkpt>
      <trkpt lat="51.0494" lon="4.70335">
        <ele>15</ele>
      </trkpt>
      <trkpt lat="51.04907" lon="4.70328">
        <ele>15</ele>
      </trkpt>
      <trkpt lat="51.04662" lon="4.70291">
        <ele>12</ele>
      </trkpt>
      <trkpt lat="51.04648" lon="4.70285">
        <ele>12</ele>
      </trkpt>
      <trkpt lat="51.04643" lon="4.70279">
        <ele>12</ele>
      </trkpt>
      <trkpt lat="51.04632" lon="4.70263">
        <ele>12</ele>
      </trkpt>
      <trkpt lat="51.04592" lon="4.70134">
        <ele>11</ele>
      </trkpt>
      <trkpt lat="51.0455" lon="4.69997">
        <ele>11</ele>
      </trkpt>
      <trkpt lat="51.0451" lon="4.69908">
        <ele>11</ele>
      </trkpt>
      <trkpt lat="51.045" lon="4.69892">
        <ele>11</ele>
      </trkpt>
      <trkpt lat="51.04491" lon="4.69885">
        <ele>11</ele>
      </trkpt>
      <trkpt lat="51.04475" lon="4.69877">
        <ele>11</ele>
      </trkpt>
      <trkpt lat="51.0447" lon="4.69877">
        <ele>11</ele>
      </trkpt>
      <trkpt lat="51.04448" lon="4.69883">
        <ele>11</ele>
      </trkpt>
      <trkpt lat="51.04267" lon="4.70023">
        <ele>11</ele>
      </trkpt>
      <trkpt lat="51.04236" lon="4.70064">
        <ele>10</ele>
      </trkpt>
      <trkpt lat="51.04164" lon="4.70206">
        <ele>10</ele>
      </trkpt>
      <trkpt lat="51.04127" lon="4.70276">
        <ele>10</ele>
      </trkpt>
      <trkpt lat="51.03981" lon="4.7043">
        <ele>9</ele>
      </trkpt>
      <trkpt lat="51.03962" lon="4.70448">
        <ele>9</ele>
      </trkpt>
      <trkpt lat="51.03884" lon="4.7033">
        <ele>9</ele>
      </trkpt>
      <trkpt lat="51.03696" lon="4.70044">
        <ele>9</ele>
      </trkpt>
      <trkpt lat="51.03659" lon="4.70004">
        <ele>9</ele>
      </trkpt>
      <trkpt lat="51.03603" lon="4.6996">
        <ele>9</ele>
      </trkpt>
      <trkpt lat="51.03418" lon="4.69822">
        <ele>10</ele>
      </trkpt>
      <trkpt lat="51.03383" lon="4.69797">
        <ele>9</ele>
      </trkpt>
      <trkpt lat="51.0338" lon="4.69789">
        <ele>9</ele>
      </trkpt>
      <trkpt lat="51.03373" lon="4.69779">
        <ele>10</ele>
      </trkpt>
      <trkpt lat="51.03375" lon="4.69774">
        <ele>10</ele>
      </trkpt>
      <trkpt lat="51.03374" lon="4.69762">
        <ele>10</ele>
      </trkpt>
      <trkpt lat="51.03369" lon="4.69753">
        <ele>10</ele>
      </trkpt>
      <trkpt lat="51.03361" lon="4.69753">
        <ele>10</ele>
      </trkpt>
      <trkpt lat="51.03355" lon="4.69761">
        <ele>10</ele>
      </trkpt>
      <trkpt lat="51.03337" lon="4.69763">
        <ele>10</ele>
      </trkpt>
      <trkpt lat="51.03267" lon="4.69712">
        <ele>10</ele>
      </trkpt>
      <trkpt lat="51.03194" lon="4.69654">
        <ele>9</ele>
      </trkpt>
      <trkpt lat="51.03033" lon="4.69536">
        <ele>8</ele>
      </trkpt>
      <trkpt lat="51.03002" lon="4.69512">
        <ele>9</ele>
      </trkpt>
      <trkpt lat="51.03" lon="4.69507">
        <ele>9</ele>
      </trkpt>
      <trkpt lat="51.02991" lon="4.69501">
        <ele>9</ele>
      </trkpt>
      <trkpt lat="51.02988" lon="4.69502">
        <ele>9</ele>
      </trkpt>
      <trkpt lat="51.02959" lon="4.69481">
        <ele>9</ele>
      </trkpt>
      <trkpt lat="51.02934" lon="4.6946">
        <ele>9</ele>
      </trkpt>
      <trkpt lat="51.02743" lon="4.69275">
        <ele>10</ele>
      </trkpt>
      <trkpt lat="51.02717" lon="4.69236">
        <ele>9</ele>
      </trkpt>
      <trkpt lat="51.02617" lon="4.69047">
        <ele>9</ele>
      </trkpt>
      <trkpt lat="51.02603" lon="4.69014">
        <ele>9</ele>
      </trkpt>
      <trkpt lat="51.02513" lon="4.68768">
        <ele>10</ele>
      </trkpt>
      <trkpt lat="51.02431" lon="4.68575">
        <ele>9</ele>
      </trkpt>
      <trkpt lat="51.02415" lon="4.68548">
        <ele>9</ele>
      </trkpt>
      <trkpt lat="51.02398" lon="4.6853">
        <ele>9</ele>
      </trkpt>
      <trkpt lat="51.02375" lon="4.68514">
        <ele>9</ele>
      </trkpt>
      <trkpt lat="51.0212" lon="4.68405">
        <ele>11</ele>
      </trkpt>
      <trkpt lat="51.02099" lon="4.68394">
        <ele>12</ele>
      </trkpt>
      <trkpt lat="51.02073" lon="4.68379">
        <ele>12</ele>
      </trkpt>
      <trkpt lat="51.02063" lon="4.68372">
        <ele>12</ele>
      </trkpt>
      <trkpt lat="51.01907" lon="4.68251">
        <ele>10</ele>
      </trkpt>
      <trkpt lat="51.01742" lon="4.68118">
        <ele>10</ele>
      </trkpt>
      <trkpt lat="51.01703" lon="4.68078">
        <ele>10</ele>
      </trkpt>
      <trkpt lat="51.01682" lon="4.68047">
        <ele>9</ele>
      </trkpt>
      <trkpt lat="51.01664" lon="4.68004">
        <ele>9</ele>
      </trkpt>
      <trkpt lat="51.01641" lon="4.67921">
        <ele>9</ele>
      </trkpt>
      <trkpt lat="51.01614" lon="4.67819">
        <ele>8</ele>
      </trkpt>
      <trkpt lat="51.01595" lon="4.67743">
        <ele>7</ele>
      </trkpt>
      <trkpt lat="51.01594" lon="4.67751">
        <ele>8</ele>
      </trkpt>
      <trkpt lat="51.01597" lon="4.6777">
        <ele>8</ele>
      </trkpt>
      <trkpt lat="51.01599" lon="4.67795">
        <ele>8</ele>
      </trkpt>
      <trkpt lat="51.01599" lon="4.67829">
        <ele>9</ele>
      </trkpt>
      <trkpt lat="51.01589" lon="4.67894">
        <ele>9</ele>
      </trkpt>
      <trkpt lat="51.01581" lon="4.67948">
        <ele>9</ele>
      </trkpt>
      <trkpt lat="51.01578" lon="4.67963">
        <ele>9</ele>
      </trkpt>
      <trkpt lat="51.01573" lon="4.67974">
        <ele>9</ele>
      </trkpt>
      <trkpt lat="51.01558" lon="4.67986">
        <ele>9</ele>
      </trkpt>
      <trkpt lat="51.01484" lon="4.6801">
        <ele>9</ele>
      </trkpt>
      <trkpt lat="51.01453" lon="4.68026">
        <ele>9</ele>
      </trkpt>
      <trkpt lat="51.01398" lon="4.68084">
        <ele>10</ele>
      </trkpt>
      <trkpt lat="51.01389" lon="4.68097">
        <ele>10</ele>
      </trkpt>
      <trkpt lat="51.01381" lon="4.68116">
        <ele>10</ele>
      </trkpt>
      <trkpt lat="51.01374" lon="4.68138">
        <ele>10</ele>
      </trkpt>
      <trkpt lat="51.01364" lon="4.68197">
        <ele>11</ele>
      </trkpt>
      <trkpt lat="51.01359" lon="4.68217">
        <ele>11</ele>
      </trkpt>
      <trkpt lat="51.01351" lon="4.6824">
        <ele>11</ele>
      </trkpt>
      <trkpt lat="51.01321" lon="4.68307">
        <ele>12</ele>
      </trkpt>
      <trkpt lat="51.01227" lon="4.68517">
        <ele>10</ele>
      </trkpt>
      <trkpt lat="51.01213" lon="4.68572">
        <ele>10</ele>
      </trkpt>
      <trkpt lat="51.01211" lon="4.68592">
        <ele>10</ele>
      </trkpt>
      <trkpt lat="51.0121" lon="4.68629">
        <ele>10</ele>
      </trkpt>
      <trkpt lat="51.01215" lon="4.68683">
        <ele>10</ele>
      </trkpt>
      <trkpt lat="51.01247" lon="4.68908">
        <ele>10</ele>
      </trkpt>
      <trkpt lat="51.01255" lon="4.68957">
        <ele>10</ele>
      </trkpt>
      <trkpt lat="51.01266" lon="4.69001">
        <ele>9</ele>
      </trkpt>
      <trkpt lat="51.01277" lon="4.69048">
        <ele>9</ele>
      </trkpt>
      <trkpt lat="51.0128" lon="4.69069">
        <ele>9</ele>
      </trkpt>
      <trkpt lat="51.01279" lon="4.69084">
        <ele>9</ele>
      </trkpt>
      <trkpt lat="51.01274" lon="4.69098">
        <ele>9</ele>
      </trkpt>
      <trkpt lat="51.01266" lon="4.69106">
        <ele>9</ele>
      </trkpt>
      <trkpt lat="51.01258" lon="4.69109">
        <ele>9</ele>
      </trkpt>
      <trkpt lat="51.01081" lon="4.69062">
        <ele>10</ele>
      </trkpt>
      <trkpt lat="51.00908" lon="4.69021">
        <ele>11</ele>
      </trkpt>
      <trkpt lat="51.00816" lon="4.69003">
        <ele>10</ele>
      </trkpt>
      <trkpt lat="51.00788" lon="4.69">
        <ele>10</ele>
      </trkpt>
      <trkpt lat="51.00773" lon="4.68826">
        <ele>10</ele>
      </trkpt>
      <trkpt lat="51.00765" lon="4.6876">
        <ele>11</ele>
      </trkpt>
      <trkpt lat="51.00741" lon="4.68635">
        <ele>11</ele>
      </trkpt>
      <trkpt lat="51.00732" lon="4.686">
        <ele>11</ele>
      </trkpt>
      <trkpt lat="51.00639" lon="4.68364">
        <ele>10</ele>
      </trkpt>
      <trkpt lat="51.0063" lon="4.68327">
        <ele>10</ele>
      </trkpt>
      <trkpt lat="51.00625" lon="4.68299">
        <ele>11</ele>
      </trkpt>
      <trkpt lat="51.00622" lon="4.68267">
        <ele>11</ele>
      </trkpt>
      <trkpt lat="51.00623" lon="4.68225">
        <ele>11</ele>
      </trkpt>
      <trkpt lat="51.00627" lon="4.68194">
        <ele>11</ele>
      </trkpt>
      <trkpt lat="51.00655" lon="4.68081">
        <ele>10</ele>
      </trkpt>
      <trkpt lat="51.00658" lon="4.68052">
        <ele>11</ele>
      </trkpt>
      <trkpt lat="51.0066" lon="4.68012">
        <ele>11</ele>
      </trkpt>
      <trkpt lat="51.00657" lon="4.67955">
        <ele>12</ele>
      </trkpt>
      <trkpt lat="51.00627" lon="4.67737">
        <ele>13</ele>
      </trkpt>
      <trkpt lat="51.00623" lon="4.67693">
        <ele>13</ele>
      </trkpt>
      <trkpt lat="51.0063" lon="4.67504">
        <ele>12</ele>
      </trkpt>
      <trkpt lat="51.00628" lon="4.67468">
        <ele>11</ele>
      </trkpt>
      <trkpt lat="51.00625" lon="4.67455">
        <ele>11</ele>
      </trkpt>
      <trkpt lat="51.00604" lon="4.67357">
        <ele>10</ele>
      </trkpt>
      <trkpt lat="51.00558" lon="4.67177">
        <ele>11</ele>
      </trkpt>
      <trkpt lat="51.00545" lon="4.67148">
        <ele>11</ele>
      </trkpt>
      <trkpt lat="51.00529" lon="4.67121">
        <ele>11</ele>
      </trkpt>
      <trkpt lat="51.00499" lon="4.6709">
        <ele>11</ele>
      </trkpt>
      <trkpt lat="51.00334" lon="4.66941">
        <ele>12</ele>
      </trkpt>
      <trkpt lat="51.00319" lon="4.66935">
        <ele>12</ele>
      </trkpt>
      <trkpt lat="51.00289" lon="4.66938">
        <ele>12</ele>
      </trkpt>
      <trkpt lat="51.00262" lon="4.66936">
        <ele>13</ele>
      </trkpt>
      <trkpt lat="51.00233" lon="4.66925">
        <ele>13</ele>
      </trkpt>
      <trkpt lat="51.00089" lon="4.66803">
        <ele>13</ele>
      </trkpt>
      <trkpt lat="51.00075" lon="4.66787">
        <ele>13</ele>
      </trkpt>
      <trkpt lat="51.00063" lon="4.66769">
        <ele>13</ele>
      </trkpt>
      <trkpt lat="51.00056" lon="4.66752">
        <ele>13</ele>
      </trkpt>
      <trkpt lat="51.00049" lon="4.66729">
        <ele>12</ele>
      </trkpt>
      <trkpt lat="51.00042" lon="4.66703">
        <ele>12</ele>
      </trkpt>
      <trkpt lat="51.00024" lon="4.66493">
        <ele>11</ele>
      </trkpt>
      <trkpt lat="51.00023" lon="4.6647">
        <ele>11</ele>
      </trkpt>
      <trkpt lat="51.00025" lon="4.66449">
        <ele>11</ele>
      </trkpt>
      <trkpt lat="51.00033" lon="4.66414">
        <ele>11</ele>
      </trkpt>
      <trkpt lat="51.00044" lon="4.66383">
        <ele>11</ele>
      </trkpt>
      <trkpt lat="51.0006" lon="4.66359">
        <ele>11</ele>
      </trkpt>
      <trkpt lat="51.00284" lon="4.66101">
        <ele>11</ele>
      </trkpt>
      <trkpt lat="51.00295" lon="4.66087">
        <ele>11</ele>
      </trkpt>
      <trkpt lat="51.00297" lon="4.66073">
        <ele>12</ele>
      </trkpt>
      <trkpt lat="51.00297" lon="4.66057">
        <ele>12</ele>
      </trkpt>
      <trkpt lat="51.00282" lon="4.6603">
        <ele>12</ele>
      </trkpt>
      <trkpt lat="51.00214" lon="4.6593">
        <ele>16</ele>
      </trkpt>
      <trkpt lat="51.00214" lon="4.65931">
        <ele>16</ele>
      </trkpt>
      <trkpt lat="51.00165" lon="4.65859">
        <ele>18</ele>
      </trkpt>
      <trkpt lat="51.00149" lon="4.65839">
        <ele>18</ele>
      </trkpt>
      <trkpt lat="51.00127" lon="4.658">
        <ele>18</ele>
      </trkpt>
      <trkpt lat="51.00099" lon="4.65724">
        <ele>18</ele>
      </trkpt>
      <trkpt lat="51.00078" lon="4.65673">
        <ele>17</ele>
      </trkpt>
      <trkpt lat="51.0003" lon="4.65557">
        <ele>17</ele>
      </trkpt>
      <trkpt lat="51.00014" lon="4.65524">
        <ele>16</ele>
      </trkpt>
      <trkpt lat="50.9997" lon="4.6547">
        <ele>16</ele>
      </trkpt>
      <trkpt lat="50.99938" lon="4.65432">
        <ele>16</ele>
      </trkpt>
      <trkpt lat="50.99933" lon="4.65426">
        <ele>16</ele>
      </trkpt>
      <trkpt lat="50.99977" lon="4.65303">
        <ele>15</ele>
      </trkpt>
      <trkpt lat="51.00031" lon="4.65143">
        <ele>15</ele>
      </trkpt>
      <trkpt lat="51.00078" lon="4.64987">
        <ele>16</ele>
      </trkpt>
      <trkpt lat="51.00121" lon="4.64834">
        <ele>16</ele>
      </trkpt>
      <trkpt lat="51.00133" lon="4.64784">
        <ele>15</ele>
      </trkpt>
      <trkpt lat="51.00135" lon="4.64774">
        <ele>15</ele>
      </trkpt>
      <trkpt lat="51.00141" lon="4.64726">
        <ele>15</ele>
      </trkpt>
      <trkpt lat="51.00116" lon="4.64708">
        <ele>15</ele>
      </trkpt>
      <trkpt lat="51.00056" lon="4.64648">
        <ele>15</ele>
      </trkpt>
      <trkpt lat="51.00033" lon="4.6463">
        <ele>15</ele>
      </trkpt>
      <trkpt lat="50.99973" lon="4.64605">
        <ele>16</ele>
      </trkpt>
      <trkpt lat="50.9995" lon="4.64596">
        <ele>16</ele>
      </trkpt>
      <trkpt lat="50.99931" lon="4.64594">
        <ele>16</ele>
      </trkpt>
      <trkpt lat="50.99914" lon="4.646">
        <ele>16</ele>
      </trkpt>
      <trkpt lat="50.99846" lon="4.64644">
        <ele>17</ele>
      </trkpt>
      <trkpt lat="50.99802" lon="4.6467">
        <ele>16</ele>
      </trkpt>
      <trkpt lat="50.99787" lon="4.64677">
        <ele>16</ele>
      </trkpt>
      <trkpt lat="50.99691" lon="4.64697">
        <ele>16</ele>
      </trkpt>
      <trkpt lat="50.99658" lon="4.64696">
        <ele>16</ele>
      </trkpt>
      <trkpt lat="50.99515" lon="4.64629">
        <ele>14</ele>
      </trkpt>
      <trkpt lat="50.99449" lon="4.64601">
        <ele>14</ele>
      </trkpt>
      <trkpt lat="50.99418" lon="4.64593">
        <ele>14</ele>
      </trkpt>
      <trkpt lat="50.99394" lon="4.64595">
        <ele>14</ele>
      </trkpt>
      <trkpt lat="50.99368" lon="4.646">
        <ele>14</ele>
      </trkpt>
      <trkpt lat="50.99306" lon="4.64611">
        <ele>13</ele>
      </trkpt>
      <trkpt lat="50.9929" lon="4.64601">
        <ele>14</ele>
      </trkpt>
      <trkpt lat="50.99267" lon="4.64605">
        <ele>14</ele>
      </trkpt>
      <trkpt lat="50.99243" lon="4.646">
        <ele>14</ele>
      </trkpt>
      <trkpt lat="50.98966" lon="4.64518">
        <ele>12</ele>
      </trkpt>
      <trkpt lat="50.98843" lon="4.64486">
        <ele>9</ele>
      </trkpt>
      <trkpt lat="50.98766" lon="4.64469">
        <ele>8</ele>
      </trkpt>
      <trkpt lat="50.98745" lon="4.64459">
        <ele>8</ele>
      </trkpt>
      <trkpt lat="50.98697" lon="4.64432">
        <ele>8</ele>
      </trkpt>
      <trkpt lat="50.98509" lon="4.6432">
        <ele>7</ele>
      </trkpt>
      <trkpt lat="50.9845" lon="4.64307">
        <ele>7</ele>
      </trkpt>
      <trkpt lat="50.98433" lon="4.64307">
        <ele>7</ele>
      </trkpt>
      <trkpt lat="50.98384" lon="4.64318">
        <ele>7</ele>
      </trkpt>
      <trkpt lat="50.98368" lon="4.64323">
        <ele>7</ele>
      </trkpt>
      <trkpt lat="50.98325" lon="4.64326">
        <ele>7</ele>
      </trkpt>
      <trkpt lat="50.98296" lon="4.64323">
        <ele>7</ele>
      </trkpt>
      <trkpt lat="50.98272" lon="4.64313">
        <ele>7</ele>
      </trkpt>
      <trkpt lat="50.9826" lon="4.64306">
        <ele>7</ele>
      </trkpt>
      <trkpt lat="50.98232" lon="4.64283">
        <ele>7</ele>
      </trkpt>
      <trkpt lat="50.98113" lon="4.64152">
        <ele>7</ele>
      </trkpt>
      <trkpt lat="50.9794" lon="4.63953">
        <ele>8</ele>
      </trkpt>
      <trkpt lat="50.97922" lon="4.63921">
        <ele>9</ele>
      </trkpt>
      <trkpt lat="50.97895" lon="4.63847">
        <ele>9</ele>
      </trkpt>
      <trkpt lat="50.97888" lon="4.63842">
        <ele>9</ele>
      </trkpt>
      <trkpt lat="50.97842" lon="4.63819">
        <ele>10</ele>
      </trkpt>
      <trkpt lat="50.97831" lon="4.63815">
        <ele>10</ele>
      </trkpt>
      <trkpt lat="50.97789" lon="4.63813">
        <ele>10</ele>
      </trkpt>
      <trkpt lat="50.97769" lon="4.63822">
        <ele>10</ele>
      </trkpt>
      <trkpt lat="50.97713" lon="4.63848">
        <ele>11</ele>
      </trkpt>
      <trkpt lat="50.97697" lon="4.63848">
        <ele>11</ele>
      </trkpt>
      <trkpt lat="50.97687" lon="4.63842">
        <ele>11</ele>
      </trkpt>
      <trkpt lat="50.97643" lon="4.63846">
        <ele>12</ele>
      </trkpt>
      <trkpt lat="50.97613" lon="4.63861">
        <ele>12</ele>
      </trkpt>
      <trkpt lat="50.97573" lon="4.63902">
        <ele>12</ele>
      </trkpt>
      <trkpt lat="50.97543" lon="4.63929">
        <ele>11</ele>
      </trkpt>
      <trkpt lat="50.97517" lon="4.63974">
        <ele>11</ele>
      </trkpt>
      <trkpt lat="50.97491" lon="4.64013">
        <ele>11</ele>
      </trkpt>
      <trkpt lat="50.97483" lon="4.64015">
        <ele>11</ele>
      </trkpt>
      <trkpt lat="50.97456" lon="4.64011">
        <ele>11</ele>
      </trkpt>
      <trkpt lat="50.97357" lon="4.6396">
        <ele>11</ele>
      </trkpt>
      <trkpt lat="50.97328" lon="4.6395">
        <ele>11</ele>
      </trkpt>
      <trkpt lat="50.97297" lon="4.63944">
        <ele>11</ele>
      </trkpt>
      <trkpt lat="50.97245" lon="4.63939">
        <ele>11</ele>
      </trkpt>
      <trkpt lat="50.97125" lon="4.63935">
        <ele>9</ele>
      </trkpt>
      <trkpt lat="50.96991" lon="4.63928">
        <ele>10</ele>
      </trkpt>
      <trkpt lat="50.96901" lon="4.63911">
        <ele>9</ele>
      </trkpt>
      <trkpt lat="50.96881" lon="4.63908">
        <ele>10</ele>
      </trkpt>
      <trkpt lat="50.96867" lon="4.63908">
        <ele>10</ele>
      </trkpt>
      <trkpt lat="50.96744" lon="4.6392">
        <ele>7</ele>
      </trkpt>
      <trkpt lat="50.96618" lon="4.63916">
        <ele>6</ele>
      </trkpt>
      <trkpt lat="50.96294" lon="4.63912">
        <ele>6</ele>
      </trkpt>
      <trkpt lat="50.96248" lon="4.63909">
        <ele>6</ele>
      </trkpt>
      <trkpt lat="50.95973" lon="4.6389">
        <ele>10</ele>
      </trkpt>
      <trkpt lat="50.95842" lon="4.63892">
        <ele>11</ele>
      </trkpt>
      <trkpt lat="50.95819" lon="4.63897">
        <ele>11</ele>
      </trkpt>
      <trkpt lat="50.95808" lon="4.63896">
        <ele>11</ele>
      </trkpt>
      <trkpt lat="50.9579" lon="4.63877">
        <ele>11</ele>
      </trkpt>
      <trkpt lat="50.95786" lon="4.63875">
        <ele>11</ele>
      </trkpt>
      <trkpt lat="50.9578" lon="4.63876">
        <ele>11</ele>
      </trkpt>
      <trkpt lat="50.9576" lon="4.63903">
        <ele>12</ele>
      </trkpt>
      <trkpt lat="50.95661" lon="4.63906">
        <ele>12</ele>
      </trkpt>
      <trkpt lat="50.95634" lon="4.63909">
        <ele>12</ele>
      </trkpt>
      <trkpt lat="50.95603" lon="4.63917">
        <ele>12</ele>
      </trkpt>
      <trkpt lat="50.95541" lon="4.63951">
        <ele>12</ele>
      </trkpt>
      <trkpt lat="50.95519" lon="4.63959">
        <ele>12</ele>
      </trkpt>
      <trkpt lat="50.95502" lon="4.63962">
        <ele>12</ele>
      </trkpt>
      <trkpt lat="50.95476" lon="4.63961">
        <ele>13</ele>
      </trkpt>
      <trkpt lat="50.95409" lon="4.63953">
        <ele>13</ele>
      </trkpt>
      <trkpt lat="50.95353" lon="4.63949">
        <ele>13</ele>
      </trkpt>
      <trkpt lat="50.9531" lon="4.63953">
        <ele>13</ele>
      </trkpt>
      <trkpt lat="50.95296" lon="4.63959">
        <ele>13</ele>
      </trkpt>
      <trkpt lat="50.95282" lon="4.63968">
        <ele>13</ele>
      </trkpt>
      <trkpt lat="50.95214" lon="4.64033">
        <ele>10</ele>
      </trkpt>
      <trkpt lat="50.95196" lon="4.64059">
        <ele>10</ele>
      </trkpt>
      <trkpt lat="50.9519" lon="4.64072">
        <ele>10</ele>
      </trkpt>
      <trkpt lat="50.95177" lon="4.64107">
        <ele>10</ele>
      </trkpt>
      <trkpt lat="50.95157" lon="4.64147">
        <ele>10</ele>
      </trkpt>
      <trkpt lat="50.95132" lon="4.64181">
        <ele>11</ele>
      </trkpt>
      <trkpt lat="50.95104" lon="4.64211">
        <ele>11</ele>
      </trkpt>
      <trkpt lat="50.95089" lon="4.64224">
        <ele>12</ele>
      </trkpt>
      <trkpt lat="50.95066" lon="4.64232">
        <ele>12</ele>
      </trkpt>
      <trkpt lat="50.94954" lon="4.64232">
        <ele>12</ele>
      </trkpt>
      <trkpt lat="50.94941" lon="4.64228">
        <ele>12</ele>
      </trkpt>
      <trkpt lat="50.94927" lon="4.6422">
        <ele>12</ele>
      </trkpt>
      <trkpt lat="50.94912" lon="4.64206">
        <ele>12</ele>
      </trkpt>
      <trkpt lat="50.94883" lon="4.64172">
        <ele>13</ele>
      </trkpt>
      <trkpt lat="50.94864" lon="4.64159">
        <ele>13</ele>
      </trkpt>
      <trkpt lat="50.94848" lon="4.64154">
        <ele>14</ele>
      </trkpt>
      <trkpt lat="50.94822" lon="4.64155">
        <ele>14</ele>
      </trkpt>
      <trkpt lat="50.94801" lon="4.64163">
        <ele>14</ele>
      </trkpt>
      <trkpt lat="50.94785" lon="4.64178">
        <ele>14</ele>
      </trkpt>
      <trkpt lat="50.94781" lon="4.64184">
        <ele>14</ele>
      </trkpt>
      <trkpt lat="50.94768" lon="4.64195">
        <ele>14</ele>
      </trkpt>
      <trkpt lat="50.94758" lon="4.64222">
        <ele>14</ele>
      </trkpt>
      <trkpt lat="50.94748" lon="4.64258">
        <ele>14</ele>
      </trkpt>
      <trkpt lat="50.94728" lon="4.64351">
        <ele>13</ele>
      </trkpt>
      <trkpt lat="50.94722" lon="4.64355">
        <ele>13</ele>
      </trkpt>
      <trkpt lat="50.9472" lon="4.64362">
        <ele>13</ele>
      </trkpt>
      <trkpt lat="50.94687" lon="4.64348">
        <ele>14</ele>
      </trkpt>
      <trkpt lat="50.94674" lon="4.64353">
        <ele>15</ele>
      </trkpt>
      <trkpt lat="50.94591" lon="4.64425">
        <ele>15</ele>
      </trkpt>
      <trkpt lat="50.94514" lon="4.64496">
        <ele>15</ele>
      </trkpt>
      <trkpt lat="50.94502" lon="4.64502">
        <ele>15</ele>
      </trkpt>
      <trkpt lat="50.94476" lon="4.64505">
        <ele>15</ele>
      </trkpt>
      <trkpt lat="50.94356" lon="4.64471">
        <ele>15</ele>
      </trkpt>
      <trkpt lat="50.94359" lon="4.64494">
        <ele>15</ele>
      </trkpt>
      <trkpt lat="50.94356" lon="4.64471">
        <ele>15</ele>
      </trkpt>
      <trkpt lat="50.94328" lon="4.64463">
        <ele>14</ele>
      </trkpt>
      <trkpt lat="50.94323" lon="4.64458">
        <ele>14</ele>
      </trkpt>
      <trkpt lat="50.94264" lon="4.64366">
        <ele>14</ele>
      </trkpt>
      <trkpt lat="50.94156" lon="4.64226">
        <ele>14</ele>
      </trkpt>
      <trkpt lat="50.93847" lon="4.63806">
        <ele>15</ele>
      </trkpt>
      <trkpt lat="50.9383" lon="4.63799">
        <ele>15</ele>
      </trkpt>
      <trkpt lat="50.93824" lon="4.63802">
        <ele>15</ele>
      </trkpt>
      <trkpt lat="50.93806" lon="4.63817">
        <ele>15</ele>
      </trkpt>
      <trkpt lat="50.93726" lon="4.63898">
        <ele>15</ele>
      </trkpt>
      <trkpt lat="50.937" lon="4.63922">
        <ele>16</ele>
      </trkpt>
      <trkpt lat="50.93679" lon="4.63937">
        <ele>16</ele>
      </trkpt>
      <trkpt lat="50.93651" lon="4.63953">
        <ele>16</ele>
      </trkpt>
      <trkpt lat="50.93629" lon="4.63961">
        <ele>16</ele>
      </trkpt>
      <trkpt lat="50.93455" lon="4.64024">
        <ele>16</ele>
      </trkpt>
      <trkpt lat="50.93448" lon="4.64023">
        <ele>16</ele>
      </trkpt>
      <trkpt lat="50.93443" lon="4.64018">
        <ele>16</ele>
      </trkpt>
      <trkpt lat="50.9344" lon="4.64009">
        <ele>16</ele>
      </trkpt>
      <trkpt lat="50.93434" lon="4.63874">
        <ele>15</ele>
      </trkpt>
      <trkpt lat="50.93434" lon="4.63844">
        <ele>15</ele>
      </trkpt>
      <trkpt lat="50.93438" lon="4.63789">
        <ele>16</ele>
      </trkpt>
      <trkpt lat="50.93438" lon="4.63769">
        <ele>16</ele>
      </trkpt>
      <trkpt lat="50.93434" lon="4.63744">
        <ele>16</ele>
      </trkpt>
      <trkpt lat="50.93366" lon="4.63483">
        <ele>17</ele>
      </trkpt>
      <trkpt lat="50.93329" lon="4.63327">
        <ele>17</ele>
      </trkpt>
      <trkpt lat="50.93316" lon="4.63289">
        <ele>17</ele>
      </trkpt>
      <trkpt lat="50.93302" lon="4.63265">
        <ele>17</ele>
      </trkpt>
      <trkpt lat="50.93266" lon="4.63206">
        <ele>16</ele>
      </trkpt>
      <trkpt lat="50.93207" lon="4.63109">
        <ele>17</ele>
      </trkpt>
      <trkpt lat="50.93161" lon="4.63055">
        <ele>18</ele>
      </trkpt>
      <trkpt lat="50.93151" lon="4.63048">
        <ele>18</ele>
      </trkpt>
      <trkpt lat="50.93143" lon="4.63045">
        <ele>17</ele>
      </trkpt>
      <trkpt lat="50.92858" lon="4.6309">
        <ele>17</ele>
      </trkpt>
      <trkpt lat="50.92834" lon="4.63089">
        <ele>17</ele>
      </trkpt>
      <trkpt lat="50.92815" lon="4.63084">
        <ele>17</ele>
      </trkpt>
      <trkpt lat="50.92775" lon="4.63062">
        <ele>17</ele>
      </trkpt>
      <trkpt lat="50.92756" lon="4.63051">
        <ele>18</ele>
      </trkpt>
      <trkpt lat="50.92662" lon="4.62994">
        <ele>18</ele>
      </trkpt>
      <trkpt lat="50.92633" lon="4.62979">
        <ele>18</ele>
      </trkpt>
      <trkpt lat="50.92602" lon="4.62975">
        <ele>18</ele>
      </trkpt>
      <trkpt lat="50.92566" lon="4.62977">
        <ele>17</ele>
      </trkpt>
      <trkpt lat="50.92525" lon="4.62997">
        <ele>18</ele>
      </trkpt>
      <trkpt lat="50.92459" lon="4.63054">
        <ele>18</ele>
      </trkpt>
      <trkpt lat="50.92367" lon="4.63147">
        <ele>19</ele>
      </trkpt>
      <trkpt lat="50.92278" lon="4.63232">
        <ele>20</ele>
      </trkpt>
      <trkpt lat="50.92254" lon="4.63258">
        <ele>20</ele>
      </trkpt>
      <trkpt lat="50.92234" lon="4.63285">
        <ele>20</ele>
      </trkpt>
      <trkpt lat="50.9209" lon="4.63513">
        <ele>18</ele>
      </trkpt>
      <trkpt lat="50.92075" lon="4.63533">
        <ele>18</ele>
      </trkpt>
      <trkpt lat="50.92047" lon="4.63563">
        <ele>18</ele>
      </trkpt>
      <trkpt lat="50.92009" lon="4.63596">
        <ele>17</ele>
      </trkpt>
      <trkpt lat="50.91953" lon="4.63633">
        <ele>17</ele>
      </trkpt>
      <trkpt lat="50.91539" lon="4.63852">
        <ele>26</ele>
      </trkpt>
      <trkpt lat="50.91465" lon="4.63881">
        <ele>24</ele>
      </trkpt>
      <trkpt lat="50.91451" lon="4.63885">
        <ele>25</ele>
      </trkpt>
      <trkpt lat="50.91417" lon="4.63893">
        <ele>26</ele>
      </trkpt>
      <trkpt lat="50.9128" lon="4.63916">
        <ele>29</ele>
      </trkpt>
      <trkpt lat="50.91238" lon="4.6393">
        <ele>30</ele>
      </trkpt>
      <trkpt lat="50.91197" lon="4.63952">
        <ele>29</ele>
      </trkpt>
      <trkpt lat="50.90651" lon="4.64373">
        <ele>25</ele>
      </trkpt>
      <trkpt lat="50.90434" lon="4.64538">
        <ele>30</ele>
      </trkpt>
      <trkpt lat="50.90313" lon="4.64594">
        <ele>30</ele>
      </trkpt>
      <trkpt lat="50.90312" lon="4.64589">
        <ele>30</ele>
      </trkpt>
      <trkpt lat="50.90308" lon="4.64582">
        <ele>30</ele>
      </trkpt>
      <trkpt lat="50.90308" lon="4.64553">
        <ele>31</ele>
      </trkpt>
      <trkpt lat="50.90302" lon="4.64459">
        <ele>31</ele>
      </trkpt>
      <trkpt lat="50.90295" lon="4.64414">
        <ele>31</ele>
      </trkpt>
      <trkpt lat="50.90287" lon="4.64388">
        <ele>31</ele>
      </trkpt>
      <trkpt lat="50.9026" lon="4.64315">
        <ele>30</ele>
      </trkpt>
      <trkpt lat="50.9023" lon="4.64209">
        <ele>30</ele>
      </trkpt>
      <trkpt lat="50.90222" lon="4.64174">
        <ele>30</ele>
      </trkpt>
      <trkpt lat="50.90215" lon="4.64136">
        <ele>30</ele>
      </trkpt>
      <trkpt lat="50.90205" lon="4.63963">
        <ele>30</ele>
      </trkpt>
      <trkpt lat="50.90199" lon="4.63897">
        <ele>29</ele>
      </trkpt>
      <trkpt lat="50.90188" lon="4.63835">
        <ele>29</ele>
      </trkpt>
      <trkpt lat="50.90089" lon="4.63506">
        <ele>30</ele>
      </trkpt>
      <trkpt lat="50.90078" lon="4.63456">
        <ele>30</ele>
      </trkpt>
      <trkpt lat="50.90073" lon="4.63424">
        <ele>30</ele>
      </trkpt>
      <trkpt lat="50.90057" lon="4.63222">
        <ele>32</ele>
      </trkpt>
      <trkpt lat="50.90059" lon="4.63202">
        <ele>32</ele>
      </trkpt>
      <trkpt lat="50.90154" lon="4.62754">
        <ele>30</ele>
      </trkpt>
      <trkpt lat="50.9015" lon="4.62752">
        <ele>30</ele>
      </trkpt>
      <trkpt lat="50.90154" lon="4.62754">
        <ele>30</ele>
      </trkpt>
      <trkpt lat="50.90166" lon="4.62692">
        <ele>30</ele>
      </trkpt>
      <trkpt lat="50.90171" lon="4.6266">
        <ele>30</ele>
      </trkpt>
      <trkpt lat="50.90171" lon="4.62646">
        <ele>31</ele>
      </trkpt>
      <trkpt lat="50.90169" lon="4.62634">
        <ele>31</ele>
      </trkpt>
      <trkpt lat="50.90172" lon="4.62619">
        <ele>31</ele>
      </trkpt>
      <trkpt lat="50.90171" lon="4.62604">
        <ele>31</ele>
      </trkpt>
      <trkpt lat="50.90166" lon="4.62542">
        <ele>31</ele>
      </trkpt>
      <trkpt lat="50.90163" lon="4.62533">
        <ele>31</ele>
      </trkpt>
      <trkpt lat="50.90152" lon="4.62418">
        <ele>30</ele>
      </trkpt>
      <trkpt lat="50.90152" lon="4.62407">
        <ele>30</ele>
      </trkpt>
      <trkpt lat="50.90146" lon="4.62381">
        <ele>30</ele>
      </trkpt>
      <trkpt lat="50.90141" lon="4.62375">
        <ele>30</ele>
      </trkpt>
      <trkpt lat="50.90135" lon="4.62348">
        <ele>30</ele>
      </trkpt>
      <trkpt lat="50.90134" lon="4.62334">
        <ele>30</ele>
      </trkpt>
      <trkpt lat="50.90123" lon="4.62295">
        <ele>30</ele>
      </trkpt>
      <trkpt lat="50.90122" lon="4.62287">
        <ele>30</ele>
      </trkpt>
      <trkpt lat="50.90126" lon="4.62264">
        <ele>30</ele>
      </trkpt>
      <trkpt lat="50.90119" lon="4.62249">
        <ele>30</ele>
      </trkpt>
      <trkpt lat="50.90116" lon="4.62233">
        <ele>30</ele>
      </trkpt>
      <trkpt lat="50.90083" lon="4.6201">
        <ele>30</ele>
      </trkpt>
      <trkpt lat="50.90066" lon="4.61924">
        <ele>30</ele>
      </trkpt>
      <trkpt lat="50.90038" lon="4.618">
        <ele>30</ele>
      </trkpt>
      <trkpt lat="50.90032" lon="4.61771">
        <ele>30</ele>
      </trkpt>
      <trkpt lat="50.90022" lon="4.61739">
        <ele>30</ele>
      </trkpt>
      <trkpt lat="50.90013" lon="4.61722">
        <ele>31</ele>
      </trkpt>
      <trkpt lat="50.90001" lon="4.61706">
        <ele>31</ele>
      </trkpt>
      <trkpt lat="50.89987" lon="4.61695">
        <ele>31</ele>
      </trkpt>
      <trkpt lat="50.89885" lon="4.61652">
        <ele>31</ele>
      </trkpt>
      <trkpt lat="50.89861" lon="4.6163">
        <ele>31</ele>
      </trkpt>
      <trkpt lat="50.8985" lon="4.61613">
        <ele>31</ele>
      </trkpt>
      <trkpt lat="50.89807" lon="4.615">
        <ele>31</ele>
      </trkpt>
      <trkpt lat="50.89744" lon="4.61323">
        <ele>32</ele>
      </trkpt>
      <trkpt lat="50.89679" lon="4.61181">
        <ele>34</ele>
      </trkpt>
      <trkpt lat="50.89649" lon="4.61116">
        <ele>33</ele>
      </trkpt>
      <trkpt lat="50.89602" lon="4.61049">
        <ele>33</ele>
      </trkpt>
      <trkpt lat="50.89589" lon="4.61033">
        <ele>34</ele>
      </trkpt>
      <trkpt lat="50.89556" lon="4.60997">
        <ele>34</ele>
      </trkpt>
      <trkpt lat="50.89337" lon="4.60741">
        <ele>37</ele>
      </trkpt>
      <trkpt lat="50.89044" lon="4.60396">
        <ele>35</ele>
      </trkpt>
      <trkpt lat="50.88998" lon="4.60338">
        <ele>36</ele>
      </trkpt>
      <trkpt lat="50.88713" lon="4.5995">
        <ele>39</ele>
      </trkpt>
      <trkpt lat="50.88606" lon="4.59804">
        <ele>39</ele>
      </trkpt>
      <trkpt lat="50.88586" lon="4.59767">
        <ele>39</ele>
      </trkpt>
      <trkpt lat="50.88564" lon="4.59719">
        <ele>39</ele>
      </trkpt>
      <trkpt lat="50.88556" lon="4.59707">
        <ele>39</ele>
      </trkpt>
      <trkpt lat="50.88548" lon="4.59699">
        <ele>39</ele>
      </trkpt>
      <trkpt lat="50.88528" lon="4.59687">
        <ele>39</ele>
      </trkpt>
      <trkpt lat="50.88516" lon="4.59677">
        <ele>39</ele>
      </trkpt>
      <trkpt lat="50.88511" lon="4.59672">
        <ele>39</ele>
      </trkpt>
      <trkpt lat="50.88416" lon="4.59508">
        <ele>38</ele>
      </trkpt>
      <trkpt lat="50.88315" lon="4.59329">
        <ele>38</ele>
      </trkpt>
      <trkpt lat="50.88298" lon="4.59299">
        <ele>37</ele>
      </trkpt>
      <trkpt lat="50.8829" lon="4.5928">
        <ele>37</ele>
      </trkpt>
      <trkpt lat="50.88276" lon="4.59233">
        <ele>38</ele>
      </trkpt>
      <trkpt lat="50.88271" lon="4.59193">
        <ele>38</ele>
      </trkpt>
      <trkpt lat="50.88264" lon="4.59101">
        <ele>39</ele>
      </trkpt>
      <trkpt lat="50.88254" lon="4.59057">
        <ele>40</ele>
      </trkpt>
      <trkpt lat="50.88237" lon="4.59015">
        <ele>40</ele>
      </trkpt>
      <trkpt lat="50.88207" lon="4.58963">
        <ele>41</ele>
      </trkpt>
      <trkpt lat="50.88142" lon="4.58848">
        <ele>44</ele>
      </trkpt>
      <trkpt lat="50.88084" lon="4.58736">
        <ele>44</ele>
      </trkpt>
      <trkpt lat="50.88067" lon="4.58698">
        <ele>44</ele>
      </trkpt>
      <trkpt lat="50.88022" lon="4.58613">
        <ele>43</ele>
      </trkpt>
      <trkpt lat="50.88044" lon="4.58587">
        <ele>42</ele>
      </trkpt>
      <trkpt lat="50.88147" lon="4.58463">
        <ele>40</ele>
      </trkpt>
      <trkpt lat="50.88201" lon="4.58382">
        <ele>38</ele>
      </trkpt>
      <trkpt lat="50.88308" lon="4.58191">
        <ele>40</ele>
      </trkpt>
      <trkpt lat="50.88302" lon="4.58173">
        <ele>39</ele>
      </trkpt>
      <trkpt lat="50.8826" lon="4.58019">
        <ele>37</ele>
      </trkpt>
      <trkpt lat="50.88194" lon="4.57805">
        <ele>37</ele>
      </trkpt>
      <trkpt lat="50.88125" lon="4.57644">
        <ele>40</ele>
      </trkpt>
      <trkpt lat="50.88015" lon="4.57443">
        <ele>42</ele>
      </trkpt>
      <trkpt lat="50.8799" lon="4.57392">
        <ele>44</ele>
      </trkpt>
      <trkpt lat="50.87931" lon="4.57211">
        <ele>47</ele>
      </trkpt>
      <trkpt lat="50.87882" lon="4.57121">
        <ele>48</ele>
      </trkpt>
      <trkpt lat="50.87899" lon="4.57089">
        <ele>49</ele>
      </trkpt>
      <trkpt lat="50.8792" lon="4.57054">
        <ele>49</ele>
      </trkpt>
      <trkpt lat="50.87911" lon="4.56987">
        <ele>48</ele>
      </trkpt>
      <trkpt lat="50.87914" lon="4.56977">
        <ele>48</ele>
      </trkpt>
      <trkpt lat="50.87954" lon="4.56903">
        <ele>46</ele>
      </trkpt>
      <trkpt lat="50.88014" lon="4.56811">
        <ele>46</ele>
      </trkpt>
      <trkpt lat="50.8802" lon="4.56788">
        <ele>46</ele>
      </trkpt>
      <trkpt lat="50.88012" lon="4.56689">
        <ele>46</ele>
      </trkpt>
      <trkpt lat="50.88013" lon="4.5667">
        <ele>46</ele>
      </trkpt>
      <trkpt lat="50.88012" lon="4.56647">
        <ele>46</ele>
      </trkpt>
      <trkpt lat="50.88018" lon="4.56641">
        <ele>48</ele>
      </trkpt>
      <trkpt lat="50.8802" lon="4.56633">
        <ele>48</ele>
      </trkpt>
      <trkpt lat="50.88018" lon="4.56624">
        <ele>48</ele>
      </trkpt>
      <trkpt lat="50.88012" lon="4.56619">
        <ele>46</ele>
      </trkpt>
      <trkpt lat="50.88009" lon="4.56619">
        <ele>46</ele>
      </trkpt>
      <trkpt lat="50.88005" lon="4.56437">
        <ele>49</ele>
      </trkpt>
      <trkpt lat="50.88007" lon="4.56408">
        <ele>51</ele>
      </trkpt>
      <trkpt lat="50.88047" lon="4.56195">
        <ele>59</ele>
      </trkpt>
      <trkpt lat="50.88051" lon="4.56137">
        <ele>59</ele>
      </trkpt>
      <trkpt lat="50.88046" lon="4.5608">
        <ele>59</ele>
      </trkpt>
      <trkpt lat="50.87985" lon="4.55718">
        <ele>55</ele>
      </trkpt>
      <trkpt lat="50.87933" lon="4.55516">
        <ele>54</ele>
      </trkpt>
      <trkpt lat="50.87926" lon="4.5547">
        <ele>51</ele>
      </trkpt>
      <trkpt lat="50.87888" lon="4.55157">
        <ele>54</ele>
      </trkpt>
    </trkseg>
  </trk>
</gpx>
