<?xml version="1.0" encoding="UTF-8"?>
<gpx xmlns="http://www.topografix.com/GPX/1/1" creator="RouteYou" version="1.1" xmlns:xsi="http://www.w3.org/2001/XMLSchema-instance" xsi:schemaLocation="http://www.topografix.com/GPX/1/1 http://www.topografix.com/GPX/1/1/gpx.xsd">
  <trk>
    <name>Ronquières 2025</name>
    <desc>&lt;p&gt;E'berg-Leefdaal-Neerijse-Huldenberg-Overijse-Hoeilaart-Maleizen-LaHulpe-Gaillemarde-Waterloo-Braine-l-Alleud-OphainBoisSigneurIsaac-Nivelles-Monstreux-Croisseau-Ronquieres-Fauquez-Ittre-HautIttre-BoisSeigneurIsaac-LilloisWitterzée-Promelles-Genappe-Glabais-Maransart-CoutureStGermain-Lasne-Ohain-Genval-Rosières-Maleizen-Tombeek-Overijse-Eizer-Duisburg-Vossem-Moorsel-E'berg&lt;/p&gt;</desc>
    <trkseg>
      <trkpt lat="50.87885" lon="4.55129">
        <ele>48</ele>
      </trkpt>
      <trkpt lat="50.87926" lon="4.5547">
        <ele>48</ele>
      </trkpt>
      <trkpt lat="50.87933" lon="4.55516">
        <ele>49</ele>
      </trkpt>
      <trkpt lat="50.87985" lon="4.55718">
        <ele>52</ele>
      </trkpt>
      <trkpt lat="50.88046" lon="4.5608">
        <ele>49</ele>
      </trkpt>
      <trkpt lat="50.88051" lon="4.56157">
        <ele>49</ele>
      </trkpt>
      <trkpt lat="50.88048" lon="4.56195">
        <ele>48</ele>
      </trkpt>
      <trkpt lat="50.88009" lon="4.56401">
        <ele>44</ele>
      </trkpt>
      <trkpt lat="50.88006" lon="4.56426">
        <ele>44</ele>
      </trkpt>
      <trkpt lat="50.88007" lon="4.56472">
        <ele>44</ele>
      </trkpt>
      <trkpt lat="50.88009" lon="4.56619">
        <ele>43</ele>
      </trkpt>
      <trkpt lat="50.88004" lon="4.56625">
        <ele>43</ele>
      </trkpt>
      <trkpt lat="50.88002" lon="4.56636">
        <ele>43</ele>
      </trkpt>
      <trkpt lat="50.87886" lon="4.567">
        <ele>45</ele>
      </trkpt>
      <trkpt lat="50.87797" lon="4.56775">
        <ele>51</ele>
      </trkpt>
      <trkpt lat="50.87784" lon="4.56786">
        <ele>52</ele>
      </trkpt>
      <trkpt lat="50.87739" lon="4.5681">
        <ele>53</ele>
      </trkpt>
      <trkpt lat="50.87734" lon="4.56801">
        <ele>53</ele>
      </trkpt>
      <trkpt lat="50.8773" lon="4.568">
        <ele>54</ele>
      </trkpt>
      <trkpt lat="50.87725" lon="4.56802">
        <ele>54</ele>
      </trkpt>
      <trkpt lat="50.8772" lon="4.56811">
        <ele>54</ele>
      </trkpt>
      <trkpt lat="50.87719" lon="4.56816">
        <ele>54</ele>
      </trkpt>
      <trkpt lat="50.87721" lon="4.56826">
        <ele>54</ele>
      </trkpt>
      <trkpt lat="50.87727" lon="4.56833">
        <ele>54</ele>
      </trkpt>
      <trkpt lat="50.87731" lon="4.56833">
        <ele>54</ele>
      </trkpt>
      <trkpt lat="50.87735" lon="4.56861">
        <ele>54</ele>
      </trkpt>
      <trkpt lat="50.87748" lon="4.56894">
        <ele>53</ele>
      </trkpt>
      <trkpt lat="50.87779" lon="4.5695">
        <ele>51</ele>
      </trkpt>
      <trkpt lat="50.87798" lon="4.56991">
        <ele>50</ele>
      </trkpt>
      <trkpt lat="50.8781" lon="4.57023">
        <ele>49</ele>
      </trkpt>
      <trkpt lat="50.87821" lon="4.57058">
        <ele>48</ele>
      </trkpt>
      <trkpt lat="50.87829" lon="4.57074">
        <ele>48</ele>
      </trkpt>
      <trkpt lat="50.87855" lon="4.57094">
        <ele>47</ele>
      </trkpt>
      <trkpt lat="50.87866" lon="4.57102">
        <ele>46</ele>
      </trkpt>
      <trkpt lat="50.87882" lon="4.57121">
        <ele>45</ele>
      </trkpt>
      <trkpt lat="50.87904" lon="4.5716">
        <ele>44</ele>
      </trkpt>
      <trkpt lat="50.87806" lon="4.57267">
        <ele>46</ele>
      </trkpt>
      <trkpt lat="50.87748" lon="4.57322">
        <ele>46</ele>
      </trkpt>
      <trkpt lat="50.87669" lon="4.57407">
        <ele>46</ele>
      </trkpt>
      <trkpt lat="50.87505" lon="4.57575">
        <ele>45</ele>
      </trkpt>
      <trkpt lat="50.87553" lon="4.57651">
        <ele>45</ele>
      </trkpt>
      <trkpt lat="50.87556" lon="4.57663">
        <ele>45</ele>
      </trkpt>
      <trkpt lat="50.87556" lon="4.57676">
        <ele>45</ele>
      </trkpt>
      <trkpt lat="50.87555" lon="4.57695">
        <ele>45</ele>
      </trkpt>
      <trkpt lat="50.87545" lon="4.57742">
        <ele>45</ele>
      </trkpt>
      <trkpt lat="50.8754" lon="4.57741">
        <ele>45</ele>
      </trkpt>
      <trkpt lat="50.87536" lon="4.57744">
        <ele>45</ele>
      </trkpt>
      <trkpt lat="50.87528" lon="4.57753">
        <ele>45</ele>
      </trkpt>
      <trkpt lat="50.87488" lon="4.57784">
        <ele>47</ele>
      </trkpt>
      <trkpt lat="50.87468" lon="4.57796">
        <ele>48</ele>
      </trkpt>
      <trkpt lat="50.874" lon="4.57823">
        <ele>51</ele>
      </trkpt>
      <trkpt lat="50.87317" lon="4.57847">
        <ele>56</ele>
      </trkpt>
      <trkpt lat="50.87211" lon="4.57898">
        <ele>61</ele>
      </trkpt>
      <trkpt lat="50.87186" lon="4.57905">
        <ele>63</ele>
      </trkpt>
      <trkpt lat="50.87083" lon="4.57927">
        <ele>67</ele>
      </trkpt>
      <trkpt lat="50.86972" lon="4.57946">
        <ele>74</ele>
      </trkpt>
      <trkpt lat="50.86941" lon="4.57954">
        <ele>76</ele>
      </trkpt>
      <trkpt lat="50.86869" lon="4.57978">
        <ele>80</ele>
      </trkpt>
      <trkpt lat="50.86825" lon="4.57995">
        <ele>82</ele>
      </trkpt>
      <trkpt lat="50.86798" lon="4.58016">
        <ele>83</ele>
      </trkpt>
      <trkpt lat="50.86767" lon="4.58052">
        <ele>85</ele>
      </trkpt>
      <trkpt lat="50.86722" lon="4.58123">
        <ele>88</ele>
      </trkpt>
      <trkpt lat="50.86697" lon="4.5815">
        <ele>88</ele>
      </trkpt>
      <trkpt lat="50.86688" lon="4.58155">
        <ele>88</ele>
      </trkpt>
      <trkpt lat="50.86665" lon="4.58164">
        <ele>88</ele>
      </trkpt>
      <trkpt lat="50.86655" lon="4.58165">
        <ele>88</ele>
      </trkpt>
      <trkpt lat="50.86633" lon="4.58163">
        <ele>88</ele>
      </trkpt>
      <trkpt lat="50.86621" lon="4.58159">
        <ele>86</ele>
      </trkpt>
      <trkpt lat="50.86319" lon="4.58034">
        <ele>81</ele>
      </trkpt>
      <trkpt lat="50.86304" lon="4.5803">
        <ele>82</ele>
      </trkpt>
      <trkpt lat="50.86278" lon="4.58027">
        <ele>82</ele>
      </trkpt>
      <trkpt lat="50.86244" lon="4.58032">
        <ele>81</ele>
      </trkpt>
      <trkpt lat="50.86216" lon="4.58044">
        <ele>80</ele>
      </trkpt>
      <trkpt lat="50.86203" lon="4.58054">
        <ele>79</ele>
      </trkpt>
      <trkpt lat="50.86152" lon="4.58091">
        <ele>76</ele>
      </trkpt>
      <trkpt lat="50.86054" lon="4.58169">
        <ele>68</ele>
      </trkpt>
      <trkpt lat="50.85718" lon="4.58456">
        <ele>51</ele>
      </trkpt>
      <trkpt lat="50.85634" lon="4.58517">
        <ele>52</ele>
      </trkpt>
      <trkpt lat="50.85603" lon="4.58543">
        <ele>53</ele>
      </trkpt>
      <trkpt lat="50.85431" lon="4.58731">
        <ele>66</ele>
      </trkpt>
      <trkpt lat="50.85421" lon="4.5874">
        <ele>67</ele>
      </trkpt>
      <trkpt lat="50.8541" lon="4.58754">
        <ele>66</ele>
      </trkpt>
      <trkpt lat="50.85274" lon="4.58913">
        <ele>65</ele>
      </trkpt>
      <trkpt lat="50.85206" lon="4.59001">
        <ele>62</ele>
      </trkpt>
      <trkpt lat="50.85089" lon="4.592">
        <ele>48</ele>
      </trkpt>
      <trkpt lat="50.8502" lon="4.59314">
        <ele>45</ele>
      </trkpt>
      <trkpt lat="50.85005" lon="4.59327">
        <ele>45</ele>
      </trkpt>
      <trkpt lat="50.8488" lon="4.59381">
        <ele>49</ele>
      </trkpt>
      <trkpt lat="50.84869" lon="4.59391">
        <ele>50</ele>
      </trkpt>
      <trkpt lat="50.84823" lon="4.59269">
        <ele>50</ele>
      </trkpt>
      <trkpt lat="50.8477" lon="4.59147">
        <ele>51</ele>
      </trkpt>
      <trkpt lat="50.8465" lon="4.5926">
        <ele>57</ele>
      </trkpt>
      <trkpt lat="50.84484" lon="4.59401">
        <ele>65</ele>
      </trkpt>
      <trkpt lat="50.84454" lon="4.59419">
        <ele>66</ele>
      </trkpt>
      <trkpt lat="50.84434" lon="4.59428">
        <ele>67</ele>
      </trkpt>
      <trkpt lat="50.84406" lon="4.5943">
        <ele>68</ele>
      </trkpt>
      <trkpt lat="50.84378" lon="4.59427">
        <ele>69</ele>
      </trkpt>
      <trkpt lat="50.8431" lon="4.59415">
        <ele>73</ele>
      </trkpt>
      <trkpt lat="50.84257" lon="4.59402">
        <ele>76</ele>
      </trkpt>
      <trkpt lat="50.84193" lon="4.59363">
        <ele>79</ele>
      </trkpt>
      <trkpt lat="50.84175" lon="4.59358">
        <ele>80</ele>
      </trkpt>
      <trkpt lat="50.84139" lon="4.59358">
        <ele>80</ele>
      </trkpt>
      <trkpt lat="50.84114" lon="4.59374">
        <ele>81</ele>
      </trkpt>
      <trkpt lat="50.84092" lon="4.59394">
        <ele>81</ele>
      </trkpt>
      <trkpt lat="50.83922" lon="4.59594">
        <ele>85</ele>
      </trkpt>
      <trkpt lat="50.83726" lon="4.59826">
        <ele>90</ele>
      </trkpt>
      <trkpt lat="50.83695" lon="4.59858">
        <ele>90</ele>
      </trkpt>
      <trkpt lat="50.83673" lon="4.59877">
        <ele>90</ele>
      </trkpt>
      <trkpt lat="50.8346" lon="4.60041">
        <ele>91</ele>
      </trkpt>
      <trkpt lat="50.83431" lon="4.60066">
        <ele>91</ele>
      </trkpt>
      <trkpt lat="50.83419" lon="4.60083">
        <ele>91</ele>
      </trkpt>
      <trkpt lat="50.83396" lon="4.60119">
        <ele>91</ele>
      </trkpt>
      <trkpt lat="50.83384" lon="4.60138">
        <ele>91</ele>
      </trkpt>
      <trkpt lat="50.83356" lon="4.60171">
        <ele>92</ele>
      </trkpt>
      <trkpt lat="50.82999" lon="4.60469">
        <ele>86</ele>
      </trkpt>
      <trkpt lat="50.82973" lon="4.60495">
        <ele>86</ele>
      </trkpt>
      <trkpt lat="50.82948" lon="4.60524">
        <ele>87</ele>
      </trkpt>
      <trkpt lat="50.82678" lon="4.6089">
        <ele>85</ele>
      </trkpt>
      <trkpt lat="50.82239" lon="4.61404">
        <ele>82</ele>
      </trkpt>
      <trkpt lat="50.82165" lon="4.61497">
        <ele>82</ele>
      </trkpt>
      <trkpt lat="50.81951" lon="4.61808">
        <ele>74</ele>
      </trkpt>
      <trkpt lat="50.81926" lon="4.61848">
        <ele>70</ele>
      </trkpt>
      <trkpt lat="50.8188" lon="4.61953">
        <ele>65</ele>
      </trkpt>
      <trkpt lat="50.81858" lon="4.62008">
        <ele>63</ele>
      </trkpt>
      <trkpt lat="50.81845" lon="4.62031">
        <ele>62</ele>
      </trkpt>
      <trkpt lat="50.8174" lon="4.62175">
        <ele>53</ele>
      </trkpt>
      <trkpt lat="50.81721" lon="4.62197">
        <ele>50</ele>
      </trkpt>
      <trkpt lat="50.81714" lon="4.62174">
        <ele>50</ele>
      </trkpt>
      <trkpt lat="50.81706" lon="4.62158">
        <ele>50</ele>
      </trkpt>
      <trkpt lat="50.81693" lon="4.62139">
        <ele>47</ele>
      </trkpt>
      <trkpt lat="50.81686" lon="4.62135">
        <ele>47</ele>
      </trkpt>
      <trkpt lat="50.81673" lon="4.62136">
        <ele>46</ele>
      </trkpt>
      <trkpt lat="50.81668" lon="4.6214">
        <ele>47</ele>
      </trkpt>
      <trkpt lat="50.81639" lon="4.6217">
        <ele>43</ele>
      </trkpt>
      <trkpt lat="50.81635" lon="4.62172">
        <ele>43</ele>
      </trkpt>
      <trkpt lat="50.81624" lon="4.62167">
        <ele>42</ele>
      </trkpt>
      <trkpt lat="50.81619" lon="4.62161">
        <ele>41</ele>
      </trkpt>
      <trkpt lat="50.81584" lon="4.62096">
        <ele>39</ele>
      </trkpt>
      <trkpt lat="50.81533" lon="4.62015">
        <ele>41</ele>
      </trkpt>
      <trkpt lat="50.81478" lon="4.61901">
        <ele>44</ele>
      </trkpt>
      <trkpt lat="50.8142" lon="4.61789">
        <ele>47</ele>
      </trkpt>
      <trkpt lat="50.81394" lon="4.61732">
        <ele>46</ele>
      </trkpt>
      <trkpt lat="50.81382" lon="4.61697">
        <ele>44</ele>
      </trkpt>
      <trkpt lat="50.81366" lon="4.61651">
        <ele>42</ele>
      </trkpt>
      <trkpt lat="50.81347" lon="4.61572">
        <ele>40</ele>
      </trkpt>
      <trkpt lat="50.8134" lon="4.61557">
        <ele>39</ele>
      </trkpt>
      <trkpt lat="50.81271" lon="4.61432">
        <ele>35</ele>
      </trkpt>
      <trkpt lat="50.81179" lon="4.61278">
        <ele>38</ele>
      </trkpt>
      <trkpt lat="50.81146" lon="4.61228">
        <ele>41</ele>
      </trkpt>
      <trkpt lat="50.81075" lon="4.61144">
        <ele>46</ele>
      </trkpt>
      <trkpt lat="50.81037" lon="4.61096">
        <ele>48</ele>
      </trkpt>
      <trkpt lat="50.80978" lon="4.61036">
        <ele>50</ele>
      </trkpt>
      <trkpt lat="50.80959" lon="4.61001">
        <ele>49</ele>
      </trkpt>
      <trkpt lat="50.80928" lon="4.60983">
        <ele>49</ele>
      </trkpt>
      <trkpt lat="50.80915" lon="4.60972">
        <ele>50</ele>
      </trkpt>
      <trkpt lat="50.80902" lon="4.60955">
        <ele>49</ele>
      </trkpt>
      <trkpt lat="50.80876" lon="4.60914">
        <ele>49</ele>
      </trkpt>
      <trkpt lat="50.80828" lon="4.60848">
        <ele>48</ele>
      </trkpt>
      <trkpt lat="50.80794" lon="4.60791">
        <ele>47</ele>
      </trkpt>
      <trkpt lat="50.80773" lon="4.60745">
        <ele>45</ele>
      </trkpt>
      <trkpt lat="50.80756" lon="4.60701">
        <ele>44</ele>
      </trkpt>
      <trkpt lat="50.80751" lon="4.60697">
        <ele>44</ele>
      </trkpt>
      <trkpt lat="50.80745" lon="4.60696">
        <ele>43</ele>
      </trkpt>
      <trkpt lat="50.8061" lon="4.60732">
        <ele>35</ele>
      </trkpt>
      <trkpt lat="50.80601" lon="4.60732">
        <ele>35</ele>
      </trkpt>
      <trkpt lat="50.80591" lon="4.60726">
        <ele>35</ele>
      </trkpt>
      <trkpt lat="50.80138" lon="4.60293">
        <ele>35</ele>
      </trkpt>
      <trkpt lat="50.80115" lon="4.60259">
        <ele>35</ele>
      </trkpt>
      <trkpt lat="50.80103" lon="4.60225">
        <ele>36</ele>
      </trkpt>
      <trkpt lat="50.80069" lon="4.60083">
        <ele>39</ele>
      </trkpt>
      <trkpt lat="50.80044" lon="4.5998">
        <ele>42</ele>
      </trkpt>
      <trkpt lat="50.80039" lon="4.59969">
        <ele>42</ele>
      </trkpt>
      <trkpt lat="50.80035" lon="4.59965">
        <ele>43</ele>
      </trkpt>
      <trkpt lat="50.7999" lon="4.59951">
        <ele>45</ele>
      </trkpt>
      <trkpt lat="50.79961" lon="4.59936">
        <ele>46</ele>
      </trkpt>
      <trkpt lat="50.79918" lon="4.59909">
        <ele>46</ele>
      </trkpt>
      <trkpt lat="50.79895" lon="4.59897">
        <ele>45</ele>
      </trkpt>
      <trkpt lat="50.79875" lon="4.59892">
        <ele>44</ele>
      </trkpt>
      <trkpt lat="50.79743" lon="4.59901">
        <ele>42</ele>
      </trkpt>
      <trkpt lat="50.79689" lon="4.59896">
        <ele>44</ele>
      </trkpt>
      <trkpt lat="50.79658" lon="4.59891">
        <ele>45</ele>
      </trkpt>
      <trkpt lat="50.79584" lon="4.59868">
        <ele>50</ele>
      </trkpt>
      <trkpt lat="50.79557" lon="4.59858">
        <ele>51</ele>
      </trkpt>
      <trkpt lat="50.79527" lon="4.59842">
        <ele>51</ele>
      </trkpt>
      <trkpt lat="50.79499" lon="4.59821">
        <ele>49</ele>
      </trkpt>
      <trkpt lat="50.79467" lon="4.59789">
        <ele>47</ele>
      </trkpt>
      <trkpt lat="50.7936" lon="4.5967">
        <ele>42</ele>
      </trkpt>
      <trkpt lat="50.79272" lon="4.59567">
        <ele>43</ele>
      </trkpt>
      <trkpt lat="50.7924" lon="4.59525">
        <ele>43</ele>
      </trkpt>
      <trkpt lat="50.79205" lon="4.59469">
        <ele>44</ele>
      </trkpt>
      <trkpt lat="50.79191" lon="4.59442">
        <ele>44</ele>
      </trkpt>
      <trkpt lat="50.79171" lon="4.59396">
        <ele>44</ele>
      </trkpt>
      <trkpt lat="50.79139" lon="4.59306">
        <ele>44</ele>
      </trkpt>
      <trkpt lat="50.79055" lon="4.59107">
        <ele>46</ele>
      </trkpt>
      <trkpt lat="50.7902" lon="4.59014">
        <ele>47</ele>
      </trkpt>
      <trkpt lat="50.79009" lon="4.58983">
        <ele>47</ele>
      </trkpt>
      <trkpt lat="50.78984" lon="4.58905">
        <ele>49</ele>
      </trkpt>
      <trkpt lat="50.78976" lon="4.58872">
        <ele>49</ele>
      </trkpt>
      <trkpt lat="50.7897" lon="4.58834">
        <ele>50</ele>
      </trkpt>
      <trkpt lat="50.78964" lon="4.58774">
        <ele>50</ele>
      </trkpt>
      <trkpt lat="50.78946" lon="4.58534">
        <ele>46</ele>
      </trkpt>
      <trkpt lat="50.78944" lon="4.58476">
        <ele>46</ele>
      </trkpt>
      <trkpt lat="50.78946" lon="4.58396">
        <ele>45</ele>
      </trkpt>
      <trkpt lat="50.78943" lon="4.58311">
        <ele>44</ele>
      </trkpt>
      <trkpt lat="50.78946" lon="4.58281">
        <ele>44</ele>
      </trkpt>
      <trkpt lat="50.7895" lon="4.58246">
        <ele>44</ele>
      </trkpt>
      <trkpt lat="50.78951" lon="4.58194">
        <ele>43</ele>
      </trkpt>
      <trkpt lat="50.78952" lon="4.5811">
        <ele>43</ele>
      </trkpt>
      <trkpt lat="50.78955" lon="4.5808">
        <ele>43</ele>
      </trkpt>
      <trkpt lat="50.78957" lon="4.58065">
        <ele>43</ele>
      </trkpt>
      <trkpt lat="50.78964" lon="4.58041">
        <ele>43</ele>
      </trkpt>
      <trkpt lat="50.78983" lon="4.58004">
        <ele>44</ele>
      </trkpt>
      <trkpt lat="50.79028" lon="4.57956">
        <ele>47</ele>
      </trkpt>
      <trkpt lat="50.79042" lon="4.57932">
        <ele>49</ele>
      </trkpt>
      <trkpt lat="50.79053" lon="4.57906">
        <ele>50</ele>
      </trkpt>
      <trkpt lat="50.79063" lon="4.5786">
        <ele>51</ele>
      </trkpt>
      <trkpt lat="50.79065" lon="4.57837">
        <ele>52</ele>
      </trkpt>
      <trkpt lat="50.79063" lon="4.57796">
        <ele>53</ele>
      </trkpt>
      <trkpt lat="50.79054" lon="4.57754">
        <ele>53</ele>
      </trkpt>
      <trkpt lat="50.7904" lon="4.57719">
        <ele>53</ele>
      </trkpt>
      <trkpt lat="50.78932" lon="4.57505">
        <ele>55</ele>
      </trkpt>
      <trkpt lat="50.78636" lon="4.56937">
        <ele>50</ele>
      </trkpt>
      <trkpt lat="50.78604" lon="4.56888">
        <ele>50</ele>
      </trkpt>
      <trkpt lat="50.78569" lon="4.5685">
        <ele>50</ele>
      </trkpt>
      <trkpt lat="50.78501" lon="4.56789">
        <ele>48</ele>
      </trkpt>
      <trkpt lat="50.78471" lon="4.56754">
        <ele>47</ele>
      </trkpt>
      <trkpt lat="50.78446" lon="4.56718">
        <ele>47</ele>
      </trkpt>
      <trkpt lat="50.78435" lon="4.56698">
        <ele>47</ele>
      </trkpt>
      <trkpt lat="50.78416" lon="4.56657">
        <ele>47</ele>
      </trkpt>
      <trkpt lat="50.78071" lon="4.55849">
        <ele>48</ele>
      </trkpt>
      <trkpt lat="50.78026" lon="4.55749">
        <ele>48</ele>
      </trkpt>
      <trkpt lat="50.78012" lon="4.5572">
        <ele>48</ele>
      </trkpt>
      <trkpt lat="50.77285" lon="4.54292">
        <ele>51</ele>
      </trkpt>
      <trkpt lat="50.77286" lon="4.54279">
        <ele>51</ele>
      </trkpt>
      <trkpt lat="50.77282" lon="4.54269">
        <ele>51</ele>
      </trkpt>
      <trkpt lat="50.77238" lon="4.54181">
        <ele>51</ele>
      </trkpt>
      <trkpt lat="50.77227" lon="4.54156">
        <ele>51</ele>
      </trkpt>
      <trkpt lat="50.77219" lon="4.54147">
        <ele>51</ele>
      </trkpt>
      <trkpt lat="50.77216" lon="4.54143">
        <ele>51</ele>
      </trkpt>
      <trkpt lat="50.7721" lon="4.54142">
        <ele>51</ele>
      </trkpt>
      <trkpt lat="50.77181" lon="4.54123">
        <ele>52</ele>
      </trkpt>
      <trkpt lat="50.77067" lon="4.54073">
        <ele>53</ele>
      </trkpt>
      <trkpt lat="50.77032" lon="4.54067">
        <ele>53</ele>
      </trkpt>
      <trkpt lat="50.77014" lon="4.5407">
        <ele>53</ele>
      </trkpt>
      <trkpt lat="50.76994" lon="4.54078">
        <ele>54</ele>
      </trkpt>
      <trkpt lat="50.76947" lon="4.54111">
        <ele>54</ele>
      </trkpt>
      <trkpt lat="50.76867" lon="4.54184">
        <ele>56</ele>
      </trkpt>
      <trkpt lat="50.76847" lon="4.54198">
        <ele>57</ele>
      </trkpt>
      <trkpt lat="50.76819" lon="4.54203">
        <ele>58</ele>
      </trkpt>
      <trkpt lat="50.76656" lon="4.5421">
        <ele>64</ele>
      </trkpt>
      <trkpt lat="50.76642" lon="4.54209">
        <ele>65</ele>
      </trkpt>
      <trkpt lat="50.76614" lon="4.54196">
        <ele>66</ele>
      </trkpt>
      <trkpt lat="50.76587" lon="4.5417">
        <ele>67</ele>
      </trkpt>
      <trkpt lat="50.76089" lon="4.5353">
        <ele>90</ele>
      </trkpt>
      <trkpt lat="50.76071" lon="4.53498">
        <ele>91</ele>
      </trkpt>
      <trkpt lat="50.7606" lon="4.53474">
        <ele>92</ele>
      </trkpt>
      <trkpt lat="50.76046" lon="4.53433">
        <ele>93</ele>
      </trkpt>
      <trkpt lat="50.7604" lon="4.5341">
        <ele>94</ele>
      </trkpt>
      <trkpt lat="50.76034" lon="4.53406">
        <ele>93</ele>
      </trkpt>
      <trkpt lat="50.75996" lon="4.53186">
        <ele>97</ele>
      </trkpt>
      <trkpt lat="50.75987" lon="4.53158">
        <ele>97</ele>
      </trkpt>
      <trkpt lat="50.75969" lon="4.53114">
        <ele>97</ele>
      </trkpt>
      <trkpt lat="50.75961" lon="4.53098">
        <ele>97</ele>
      </trkpt>
      <trkpt lat="50.75948" lon="4.53079">
        <ele>97</ele>
      </trkpt>
      <trkpt lat="50.75937" lon="4.53063">
        <ele>97</ele>
      </trkpt>
      <trkpt lat="50.75913" lon="4.5304">
        <ele>97</ele>
      </trkpt>
      <trkpt lat="50.75692" lon="4.5286">
        <ele>96</ele>
      </trkpt>
      <trkpt lat="50.75608" lon="4.52789">
        <ele>95</ele>
      </trkpt>
      <trkpt lat="50.75604" lon="4.52778">
        <ele>95</ele>
      </trkpt>
      <trkpt lat="50.75542" lon="4.52726">
        <ele>95</ele>
      </trkpt>
      <trkpt lat="50.75496" lon="4.52676">
        <ele>98</ele>
      </trkpt>
      <trkpt lat="50.75486" lon="4.52657">
        <ele>98</ele>
      </trkpt>
      <trkpt lat="50.75475" lon="4.52659">
        <ele>99</ele>
      </trkpt>
      <trkpt lat="50.7547" lon="4.52657">
        <ele>99</ele>
      </trkpt>
      <trkpt lat="50.7538" lon="4.52581">
        <ele>100</ele>
      </trkpt>
      <trkpt lat="50.75364" lon="4.5257">
        <ele>100</ele>
      </trkpt>
      <trkpt lat="50.75345" lon="4.52561">
        <ele>101</ele>
      </trkpt>
      <trkpt lat="50.75314" lon="4.52536">
        <ele>102</ele>
      </trkpt>
      <trkpt lat="50.75307" lon="4.52538">
        <ele>102</ele>
      </trkpt>
      <trkpt lat="50.75251" lon="4.52481">
        <ele>102</ele>
      </trkpt>
      <trkpt lat="50.75207" lon="4.52432">
        <ele>102</ele>
      </trkpt>
      <trkpt lat="50.75088" lon="4.52298">
        <ele>102</ele>
      </trkpt>
      <trkpt lat="50.75051" lon="4.52254">
        <ele>103</ele>
      </trkpt>
      <trkpt lat="50.75028" lon="4.5222">
        <ele>103</ele>
      </trkpt>
      <trkpt lat="50.74936" lon="4.52071">
        <ele>103</ele>
      </trkpt>
      <trkpt lat="50.74868" lon="4.51942">
        <ele>102</ele>
      </trkpt>
      <trkpt lat="50.7485" lon="4.51906">
        <ele>102</ele>
      </trkpt>
      <trkpt lat="50.74827" lon="4.51867">
        <ele>102</ele>
      </trkpt>
      <trkpt lat="50.74757" lon="4.51769">
        <ele>103</ele>
      </trkpt>
      <trkpt lat="50.74758" lon="4.51766">
        <ele>103</ele>
      </trkpt>
      <trkpt lat="50.74757" lon="4.51768">
        <ele>103</ele>
      </trkpt>
      <trkpt lat="50.74733" lon="4.51734">
        <ele>103</ele>
      </trkpt>
      <trkpt lat="50.74652" lon="4.51644">
        <ele>102</ele>
      </trkpt>
      <trkpt lat="50.74626" lon="4.5161">
        <ele>102</ele>
      </trkpt>
      <trkpt lat="50.74455" lon="4.51381">
        <ele>100</ele>
      </trkpt>
      <trkpt lat="50.74364" lon="4.51257">
        <ele>99</ele>
      </trkpt>
      <trkpt lat="50.74307" lon="4.51206">
        <ele>98</ele>
      </trkpt>
      <trkpt lat="50.74298" lon="4.51196">
        <ele>98</ele>
      </trkpt>
      <trkpt lat="50.73876" lon="4.50559">
        <ele>95</ele>
      </trkpt>
      <trkpt lat="50.73799" lon="4.50444">
        <ele>94</ele>
      </trkpt>
      <trkpt lat="50.73787" lon="4.5042">
        <ele>94</ele>
      </trkpt>
      <trkpt lat="50.73689" lon="4.50168">
        <ele>90</ele>
      </trkpt>
      <trkpt lat="50.73681" lon="4.50039">
        <ele>88</ele>
      </trkpt>
      <trkpt lat="50.73676" lon="4.49922">
        <ele>81</ele>
      </trkpt>
      <trkpt lat="50.73662" lon="4.49862">
        <ele>85</ele>
      </trkpt>
      <trkpt lat="50.7366" lon="4.49845">
        <ele>84</ele>
      </trkpt>
      <trkpt lat="50.73663" lon="4.49827">
        <ele>84</ele>
      </trkpt>
      <trkpt lat="50.73669" lon="4.49816">
        <ele>83</ele>
      </trkpt>
      <trkpt lat="50.73789" lon="4.49681">
        <ele>75</ele>
      </trkpt>
      <trkpt lat="50.73794" lon="4.49681">
        <ele>75</ele>
      </trkpt>
      <trkpt lat="50.73798" lon="4.49674">
        <ele>75</ele>
      </trkpt>
      <trkpt lat="50.73799" lon="4.49665">
        <ele>74</ele>
      </trkpt>
      <trkpt lat="50.73795" lon="4.49658">
        <ele>74</ele>
      </trkpt>
      <trkpt lat="50.73793" lon="4.49656">
        <ele>74</ele>
      </trkpt>
      <trkpt lat="50.73787" lon="4.49657">
        <ele>74</ele>
      </trkpt>
      <trkpt lat="50.73766" lon="4.49573">
        <ele>72</ele>
      </trkpt>
      <trkpt lat="50.73755" lon="4.49554">
        <ele>71</ele>
      </trkpt>
      <trkpt lat="50.73614" lon="4.49441">
        <ele>62</ele>
      </trkpt>
      <trkpt lat="50.73592" lon="4.49431">
        <ele>61</ele>
      </trkpt>
      <trkpt lat="50.73516" lon="4.49411">
        <ele>57</ele>
      </trkpt>
      <trkpt lat="50.73494" lon="4.49401">
        <ele>56</ele>
      </trkpt>
      <trkpt lat="50.73485" lon="4.49396">
        <ele>56</ele>
      </trkpt>
      <trkpt lat="50.73478" lon="4.49388">
        <ele>55</ele>
      </trkpt>
      <trkpt lat="50.73416" lon="4.49286">
        <ele>54</ele>
      </trkpt>
      <trkpt lat="50.73401" lon="4.49272">
        <ele>54</ele>
      </trkpt>
      <trkpt lat="50.73373" lon="4.49264">
        <ele>54</ele>
      </trkpt>
      <trkpt lat="50.73371" lon="4.49253">
        <ele>54</ele>
      </trkpt>
      <trkpt lat="50.73369" lon="4.49249">
        <ele>54</ele>
      </trkpt>
      <trkpt lat="50.73364" lon="4.49248">
        <ele>54</ele>
      </trkpt>
      <trkpt lat="50.73359" lon="4.49252">
        <ele>54</ele>
      </trkpt>
      <trkpt lat="50.73357" lon="4.49261">
        <ele>54</ele>
      </trkpt>
      <trkpt lat="50.73334" lon="4.49267">
        <ele>55</ele>
      </trkpt>
      <trkpt lat="50.73316" lon="4.49263">
        <ele>57</ele>
      </trkpt>
      <trkpt lat="50.73311" lon="4.4926">
        <ele>57</ele>
      </trkpt>
      <trkpt lat="50.73295" lon="4.49249">
        <ele>57</ele>
      </trkpt>
      <trkpt lat="50.73279" lon="4.49228">
        <ele>59</ele>
      </trkpt>
      <trkpt lat="50.73198" lon="4.49052">
        <ele>69</ele>
      </trkpt>
      <trkpt lat="50.73173" lon="4.48988">
        <ele>72</ele>
      </trkpt>
      <trkpt lat="50.73124" lon="4.48837">
        <ele>76</ele>
      </trkpt>
      <trkpt lat="50.73094" lon="4.48726">
        <ele>78</ele>
      </trkpt>
      <trkpt lat="50.73088" lon="4.48685">
        <ele>79</ele>
      </trkpt>
      <trkpt lat="50.73081" lon="4.48574">
        <ele>80</ele>
      </trkpt>
      <trkpt lat="50.73043" lon="4.4825">
        <ele>86</ele>
      </trkpt>
      <trkpt lat="50.73036" lon="4.48209">
        <ele>86</ele>
      </trkpt>
      <trkpt lat="50.73025" lon="4.48174">
        <ele>87</ele>
      </trkpt>
      <trkpt lat="50.73021" lon="4.48154">
        <ele>88</ele>
      </trkpt>
      <trkpt lat="50.73014" lon="4.48048">
        <ele>89</ele>
      </trkpt>
      <trkpt lat="50.73011" lon="4.47968">
        <ele>90</ele>
      </trkpt>
      <trkpt lat="50.73008" lon="4.47933">
        <ele>90</ele>
      </trkpt>
      <trkpt lat="50.73002" lon="4.47901">
        <ele>90</ele>
      </trkpt>
      <trkpt lat="50.72993" lon="4.47868">
        <ele>91</ele>
      </trkpt>
      <trkpt lat="50.72983" lon="4.47841">
        <ele>91</ele>
      </trkpt>
      <trkpt lat="50.72919" lon="4.47701">
        <ele>92</ele>
      </trkpt>
      <trkpt lat="50.72897" lon="4.47639">
        <ele>92</ele>
      </trkpt>
      <trkpt lat="50.72886" lon="4.47606">
        <ele>93</ele>
      </trkpt>
      <trkpt lat="50.72881" lon="4.47566">
        <ele>93</ele>
      </trkpt>
      <trkpt lat="50.72881" lon="4.47556">
        <ele>94</ele>
      </trkpt>
      <trkpt lat="50.72884" lon="4.47548">
        <ele>94</ele>
      </trkpt>
      <trkpt lat="50.72882" lon="4.47536">
        <ele>94</ele>
      </trkpt>
      <trkpt lat="50.72879" lon="4.47531">
        <ele>94</ele>
      </trkpt>
      <trkpt lat="50.72847" lon="4.47504">
        <ele>94</ele>
      </trkpt>
      <trkpt lat="50.72841" lon="4.47496">
        <ele>94</ele>
      </trkpt>
      <trkpt lat="50.72796" lon="4.47411">
        <ele>94</ele>
      </trkpt>
      <trkpt lat="50.72724" lon="4.47284">
        <ele>94</ele>
      </trkpt>
      <trkpt lat="50.7272" lon="4.47261">
        <ele>94</ele>
      </trkpt>
      <trkpt lat="50.7272" lon="4.47254">
        <ele>94</ele>
      </trkpt>
      <trkpt lat="50.72716" lon="4.47243">
        <ele>94</ele>
      </trkpt>
      <trkpt lat="50.72712" lon="4.4724">
        <ele>93</ele>
      </trkpt>
      <trkpt lat="50.72707" lon="4.47239">
        <ele>93</ele>
      </trkpt>
      <trkpt lat="50.7269" lon="4.47225">
        <ele>94</ele>
      </trkpt>
      <trkpt lat="50.72654" lon="4.4716">
        <ele>93</ele>
      </trkpt>
      <trkpt lat="50.72509" lon="4.46921">
        <ele>95</ele>
      </trkpt>
      <trkpt lat="50.72494" lon="4.46889">
        <ele>95</ele>
      </trkpt>
      <trkpt lat="50.72471" lon="4.46825">
        <ele>95</ele>
      </trkpt>
      <trkpt lat="50.72475" lon="4.4682">
        <ele>96</ele>
      </trkpt>
      <trkpt lat="50.7248" lon="4.46805">
        <ele>96</ele>
      </trkpt>
      <trkpt lat="50.72478" lon="4.46789">
        <ele>96</ele>
      </trkpt>
      <trkpt lat="50.72471" lon="4.46778">
        <ele>96</ele>
      </trkpt>
      <trkpt lat="50.72461" lon="4.46777">
        <ele>96</ele>
      </trkpt>
      <trkpt lat="50.72456" lon="4.4678">
        <ele>96</ele>
      </trkpt>
      <trkpt lat="50.72427" lon="4.46682">
        <ele>97</ele>
      </trkpt>
      <trkpt lat="50.72413" lon="4.46649">
        <ele>97</ele>
      </trkpt>
      <trkpt lat="50.72399" lon="4.46621">
        <ele>97</ele>
      </trkpt>
      <trkpt lat="50.72311" lon="4.46501">
        <ele>98</ele>
      </trkpt>
      <trkpt lat="50.72284" lon="4.46458">
        <ele>98</ele>
      </trkpt>
      <trkpt lat="50.72255" lon="4.46398">
        <ele>98</ele>
      </trkpt>
      <trkpt lat="50.72139" lon="4.4613">
        <ele>96</ele>
      </trkpt>
      <trkpt lat="50.72104" lon="4.46059">
        <ele>95</ele>
      </trkpt>
      <trkpt lat="50.72075" lon="4.46008">
        <ele>95</ele>
      </trkpt>
      <trkpt lat="50.72061" lon="4.4599">
        <ele>95</ele>
      </trkpt>
      <trkpt lat="50.72038" lon="4.45967">
        <ele>95</ele>
      </trkpt>
      <trkpt lat="50.71958" lon="4.45895">
        <ele>96</ele>
      </trkpt>
      <trkpt lat="50.71923" lon="4.45856">
        <ele>97</ele>
      </trkpt>
      <trkpt lat="50.71886" lon="4.458">
        <ele>97</ele>
      </trkpt>
      <trkpt lat="50.7186" lon="4.45751">
        <ele>98</ele>
      </trkpt>
      <trkpt lat="50.71758" lon="4.45507">
        <ele>101</ele>
      </trkpt>
      <trkpt lat="50.71736" lon="4.45437">
        <ele>102</ele>
      </trkpt>
      <trkpt lat="50.71724" lon="4.45378">
        <ele>102</ele>
      </trkpt>
      <trkpt lat="50.71711" lon="4.45266">
        <ele>103</ele>
      </trkpt>
      <trkpt lat="50.71692" lon="4.452">
        <ele>103</ele>
      </trkpt>
      <trkpt lat="50.71608" lon="4.4496">
        <ele>104</ele>
      </trkpt>
      <trkpt lat="50.71577" lon="4.44885">
        <ele>104</ele>
      </trkpt>
      <trkpt lat="50.71549" lon="4.44831">
        <ele>104</ele>
      </trkpt>
      <trkpt lat="50.71528" lon="4.44794">
        <ele>104</ele>
      </trkpt>
      <trkpt lat="50.71499" lon="4.44732">
        <ele>104</ele>
      </trkpt>
      <trkpt lat="50.71488" lon="4.44701">
        <ele>104</ele>
      </trkpt>
      <trkpt lat="50.7145" lon="4.44565">
        <ele>105</ele>
      </trkpt>
      <trkpt lat="50.71436" lon="4.44535">
        <ele>105</ele>
      </trkpt>
      <trkpt lat="50.71429" lon="4.44522">
        <ele>106</ele>
      </trkpt>
      <trkpt lat="50.71408" lon="4.44492">
        <ele>106</ele>
      </trkpt>
      <trkpt lat="50.71337" lon="4.44422">
        <ele>106</ele>
      </trkpt>
      <trkpt lat="50.71303" lon="4.44397">
        <ele>106</ele>
      </trkpt>
      <trkpt lat="50.71212" lon="4.44349">
        <ele>107</ele>
      </trkpt>
      <trkpt lat="50.7119" lon="4.44334">
        <ele>107</ele>
      </trkpt>
      <trkpt lat="50.71046" lon="4.44211">
        <ele>108</ele>
      </trkpt>
      <trkpt lat="50.71007" lon="4.44171">
        <ele>108</ele>
      </trkpt>
      <trkpt lat="50.70946" lon="4.44101">
        <ele>109</ele>
      </trkpt>
      <trkpt lat="50.70898" lon="4.44039">
        <ele>110</ele>
      </trkpt>
      <trkpt lat="50.70883" lon="4.44016">
        <ele>110</ele>
      </trkpt>
      <trkpt lat="50.70768" lon="4.43822">
        <ele>111</ele>
      </trkpt>
      <trkpt lat="50.70711" lon="4.43716">
        <ele>112</ele>
      </trkpt>
      <trkpt lat="50.70674" lon="4.43631">
        <ele>111</ele>
      </trkpt>
      <trkpt lat="50.70643" lon="4.43557">
        <ele>111</ele>
      </trkpt>
      <trkpt lat="50.70593" lon="4.43413">
        <ele>112</ele>
      </trkpt>
      <trkpt lat="50.70559" lon="4.43324">
        <ele>114</ele>
      </trkpt>
      <trkpt lat="50.70518" lon="4.43242">
        <ele>115</ele>
      </trkpt>
      <trkpt lat="50.70485" lon="4.43185">
        <ele>116</ele>
      </trkpt>
      <trkpt lat="50.70431" lon="4.43105">
        <ele>116</ele>
      </trkpt>
      <trkpt lat="50.70384" lon="4.4304">
        <ele>116</ele>
      </trkpt>
      <trkpt lat="50.70283" lon="4.42835">
        <ele>117</ele>
      </trkpt>
      <trkpt lat="50.70212" lon="4.42725">
        <ele>116</ele>
      </trkpt>
      <trkpt lat="50.70151" lon="4.42633">
        <ele>116</ele>
      </trkpt>
      <trkpt lat="50.70133" lon="4.4261">
        <ele>116</ele>
      </trkpt>
      <trkpt lat="50.70049" lon="4.42514">
        <ele>116</ele>
      </trkpt>
      <trkpt lat="50.70046" lon="4.42498">
        <ele>116</ele>
      </trkpt>
      <trkpt lat="50.70041" lon="4.42492">
        <ele>116</ele>
      </trkpt>
      <trkpt lat="50.70035" lon="4.42488">
        <ele>116</ele>
      </trkpt>
      <trkpt lat="50.70029" lon="4.42488">
        <ele>116</ele>
      </trkpt>
      <trkpt lat="50.70023" lon="4.42492">
        <ele>117</ele>
      </trkpt>
      <trkpt lat="50.69968" lon="4.42437">
        <ele>117</ele>
      </trkpt>
      <trkpt lat="50.69835" lon="4.42293">
        <ele>118</ele>
      </trkpt>
      <trkpt lat="50.69674" lon="4.42099">
        <ele>121</ele>
      </trkpt>
      <trkpt lat="50.69617" lon="4.4202">
        <ele>121</ele>
      </trkpt>
      <trkpt lat="50.69572" lon="4.4193">
        <ele>122</ele>
      </trkpt>
      <trkpt lat="50.69553" lon="4.41898">
        <ele>122</ele>
      </trkpt>
      <trkpt lat="50.69536" lon="4.41872">
        <ele>122</ele>
      </trkpt>
      <trkpt lat="50.69509" lon="4.41837">
        <ele>123</ele>
      </trkpt>
      <trkpt lat="50.69479" lon="4.41806">
        <ele>123</ele>
      </trkpt>
      <trkpt lat="50.69405" lon="4.41748">
        <ele>124</ele>
      </trkpt>
      <trkpt lat="50.6937" lon="4.41719">
        <ele>125</ele>
      </trkpt>
      <trkpt lat="50.69343" lon="4.41685">
        <ele>125</ele>
      </trkpt>
      <trkpt lat="50.69323" lon="4.41652">
        <ele>125</ele>
      </trkpt>
      <trkpt lat="50.69295" lon="4.41602">
        <ele>125</ele>
      </trkpt>
      <trkpt lat="50.69176" lon="4.41281">
        <ele>122</ele>
      </trkpt>
      <trkpt lat="50.69165" lon="4.41246">
        <ele>122</ele>
      </trkpt>
      <trkpt lat="50.69143" lon="4.41191">
        <ele>121</ele>
      </trkpt>
      <trkpt lat="50.69091" lon="4.41073">
        <ele>120</ele>
      </trkpt>
      <trkpt lat="50.69064" lon="4.41018">
        <ele>120</ele>
      </trkpt>
      <trkpt lat="50.69065" lon="4.41011">
        <ele>120</ele>
      </trkpt>
      <trkpt lat="50.69062" lon="4.40996">
        <ele>120</ele>
      </trkpt>
      <trkpt lat="50.69056" lon="4.40988">
        <ele>120</ele>
      </trkpt>
      <trkpt lat="50.69052" lon="4.40987">
        <ele>120</ele>
      </trkpt>
      <trkpt lat="50.69041" lon="4.40948">
        <ele>120</ele>
      </trkpt>
      <trkpt lat="50.6903" lon="4.40919">
        <ele>120</ele>
      </trkpt>
      <trkpt lat="50.68969" lon="4.40762">
        <ele>119</ele>
      </trkpt>
      <trkpt lat="50.68963" lon="4.40744">
        <ele>119</ele>
      </trkpt>
      <trkpt lat="50.68965" lon="4.40728">
        <ele>119</ele>
      </trkpt>
      <trkpt lat="50.68964" lon="4.40719">
        <ele>118</ele>
      </trkpt>
      <trkpt lat="50.68961" lon="4.40712">
        <ele>118</ele>
      </trkpt>
      <trkpt lat="50.68956" lon="4.40706">
        <ele>118</ele>
      </trkpt>
      <trkpt lat="50.68948" lon="4.40703">
        <ele>118</ele>
      </trkpt>
      <trkpt lat="50.68931" lon="4.40689">
        <ele>118</ele>
      </trkpt>
      <trkpt lat="50.68839" lon="4.40593">
        <ele>114</ele>
      </trkpt>
      <trkpt lat="50.68776" lon="4.40508">
        <ele>113</ele>
      </trkpt>
      <trkpt lat="50.68782" lon="4.40452">
        <ele>113</ele>
      </trkpt>
      <trkpt lat="50.6872" lon="4.40274">
        <ele>116</ele>
      </trkpt>
      <trkpt lat="50.68696" lon="4.40197">
        <ele>117</ele>
      </trkpt>
      <trkpt lat="50.68689" lon="4.40172">
        <ele>117</ele>
      </trkpt>
      <trkpt lat="50.68677" lon="4.4012">
        <ele>118</ele>
      </trkpt>
      <trkpt lat="50.68668" lon="4.40069">
        <ele>118</ele>
      </trkpt>
      <trkpt lat="50.68656" lon="4.39981">
        <ele>118</ele>
      </trkpt>
      <trkpt lat="50.68647" lon="4.39953">
        <ele>118</ele>
      </trkpt>
      <trkpt lat="50.6865" lon="4.39946">
        <ele>118</ele>
      </trkpt>
      <trkpt lat="50.68653" lon="4.39924">
        <ele>118</ele>
      </trkpt>
      <trkpt lat="50.68629" lon="4.39225">
        <ele>112</ele>
      </trkpt>
      <trkpt lat="50.68634" lon="4.39101">
        <ele>109</ele>
      </trkpt>
      <trkpt lat="50.68656" lon="4.38897">
        <ele>103</ele>
      </trkpt>
      <trkpt lat="50.68663" lon="4.38821">
        <ele>100</ele>
      </trkpt>
      <trkpt lat="50.68663" lon="4.3879">
        <ele>99</ele>
      </trkpt>
      <trkpt lat="50.68663" lon="4.38755">
        <ele>98</ele>
      </trkpt>
      <trkpt lat="50.68653" lon="4.38693">
        <ele>97</ele>
      </trkpt>
      <trkpt lat="50.68624" lon="4.38541">
        <ele>97</ele>
      </trkpt>
      <trkpt lat="50.68623" lon="4.38542">
        <ele>97</ele>
      </trkpt>
      <trkpt lat="50.68624" lon="4.3854">
        <ele>97</ele>
      </trkpt>
      <trkpt lat="50.68594" lon="4.38391">
        <ele>99</ele>
      </trkpt>
      <trkpt lat="50.68591" lon="4.38366">
        <ele>99</ele>
      </trkpt>
      <trkpt lat="50.68591" lon="4.38125">
        <ele>105</ele>
      </trkpt>
      <trkpt lat="50.68588" lon="4.38038">
        <ele>107</ele>
      </trkpt>
      <trkpt lat="50.68549" lon="4.37741">
        <ele>109</ele>
      </trkpt>
      <trkpt lat="50.68548" lon="4.37716">
        <ele>110</ele>
      </trkpt>
      <trkpt lat="50.6855" lon="4.37695">
        <ele>110</ele>
      </trkpt>
      <trkpt lat="50.68553" lon="4.37687">
        <ele>110</ele>
      </trkpt>
      <trkpt lat="50.68552" lon="4.3768">
        <ele>110</ele>
      </trkpt>
      <trkpt lat="50.68547" lon="4.37676">
        <ele>110</ele>
      </trkpt>
      <trkpt lat="50.68548" lon="4.37666">
        <ele>110</ele>
      </trkpt>
      <trkpt lat="50.68557" lon="4.37666">
        <ele>111</ele>
      </trkpt>
      <trkpt lat="50.68625" lon="4.37655">
        <ele>116</ele>
      </trkpt>
      <trkpt lat="50.68633" lon="4.37647">
        <ele>116</ele>
      </trkpt>
      <trkpt lat="50.68636" lon="4.37633">
        <ele>117</ele>
      </trkpt>
      <trkpt lat="50.68632" lon="4.37578">
        <ele>117</ele>
      </trkpt>
      <trkpt lat="50.68628" lon="4.3757">
        <ele>117</ele>
      </trkpt>
      <trkpt lat="50.68621" lon="4.37568">
        <ele>116</ele>
      </trkpt>
      <trkpt lat="50.68615" lon="4.37569">
        <ele>115</ele>
      </trkpt>
      <trkpt lat="50.68593" lon="4.37582">
        <ele>113</ele>
      </trkpt>
      <trkpt lat="50.68591" lon="4.37575">
        <ele>113</ele>
      </trkpt>
      <trkpt lat="50.68583" lon="4.37574">
        <ele>112</ele>
      </trkpt>
      <trkpt lat="50.68572" lon="4.37569">
        <ele>112</ele>
      </trkpt>
      <trkpt lat="50.68563" lon="4.37557">
        <ele>111</ele>
      </trkpt>
      <trkpt lat="50.68537" lon="4.37531">
        <ele>111</ele>
      </trkpt>
      <trkpt lat="50.68534" lon="4.37526">
        <ele>112</ele>
      </trkpt>
      <trkpt lat="50.68529" lon="4.37524">
        <ele>112</ele>
      </trkpt>
      <trkpt lat="50.68522" lon="4.37529">
        <ele>111</ele>
      </trkpt>
      <trkpt lat="50.6852" lon="4.37534">
        <ele>111</ele>
      </trkpt>
      <trkpt lat="50.68507" lon="4.3754">
        <ele>111</ele>
      </trkpt>
      <trkpt lat="50.68477" lon="4.37535">
        <ele>111</ele>
      </trkpt>
      <trkpt lat="50.68462" lon="4.37535">
        <ele>111</ele>
      </trkpt>
      <trkpt lat="50.68456" lon="4.37534">
        <ele>111</ele>
      </trkpt>
      <trkpt lat="50.6845" lon="4.37527">
        <ele>111</ele>
      </trkpt>
      <trkpt lat="50.68439" lon="4.37525">
        <ele>111</ele>
      </trkpt>
      <trkpt lat="50.68287" lon="4.375">
        <ele>112</ele>
      </trkpt>
      <trkpt lat="50.68247" lon="4.37494">
        <ele>112</ele>
      </trkpt>
      <trkpt lat="50.68235" lon="4.37496">
        <ele>111</ele>
      </trkpt>
      <trkpt lat="50.68231" lon="4.37491">
        <ele>112</ele>
      </trkpt>
      <trkpt lat="50.68227" lon="4.3749">
        <ele>112</ele>
      </trkpt>
      <trkpt lat="50.6822" lon="4.37495">
        <ele>111</ele>
      </trkpt>
      <trkpt lat="50.68217" lon="4.37505">
        <ele>111</ele>
      </trkpt>
      <trkpt lat="50.68218" lon="4.37514">
        <ele>111</ele>
      </trkpt>
      <trkpt lat="50.68204" lon="4.37518">
        <ele>111</ele>
      </trkpt>
      <trkpt lat="50.68192" lon="4.37509">
        <ele>111</ele>
      </trkpt>
      <trkpt lat="50.68076" lon="4.3749">
        <ele>111</ele>
      </trkpt>
      <trkpt lat="50.68028" lon="4.37484">
        <ele>111</ele>
      </trkpt>
      <trkpt lat="50.68009" lon="4.37487">
        <ele>112</ele>
      </trkpt>
      <trkpt lat="50.6775" lon="4.37446">
        <ele>110</ele>
      </trkpt>
      <trkpt lat="50.67724" lon="4.37442">
        <ele>108</ele>
      </trkpt>
      <trkpt lat="50.67709" lon="4.37433">
        <ele>107</ele>
      </trkpt>
      <trkpt lat="50.67698" lon="4.3743">
        <ele>107</ele>
      </trkpt>
      <trkpt lat="50.67695" lon="4.37431">
        <ele>107</ele>
      </trkpt>
      <trkpt lat="50.67679" lon="4.37444">
        <ele>109</ele>
      </trkpt>
      <trkpt lat="50.67651" lon="4.37474">
        <ele>106</ele>
      </trkpt>
      <trkpt lat="50.67645" lon="4.37476">
        <ele>106</ele>
      </trkpt>
      <trkpt lat="50.67636" lon="4.37479">
        <ele>105</ele>
      </trkpt>
      <trkpt lat="50.67625" lon="4.37478">
        <ele>105</ele>
      </trkpt>
      <trkpt lat="50.67603" lon="4.37468">
        <ele>104</ele>
      </trkpt>
      <trkpt lat="50.67502" lon="4.37453">
        <ele>104</ele>
      </trkpt>
      <trkpt lat="50.67403" lon="4.37439">
        <ele>104</ele>
      </trkpt>
      <trkpt lat="50.67338" lon="4.37435">
        <ele>104</ele>
      </trkpt>
      <trkpt lat="50.67268" lon="4.37427">
        <ele>107</ele>
      </trkpt>
      <trkpt lat="50.67102" lon="4.37401">
        <ele>115</ele>
      </trkpt>
      <trkpt lat="50.66987" lon="4.37383">
        <ele>116</ele>
      </trkpt>
      <trkpt lat="50.66963" lon="4.37381">
        <ele>116</ele>
      </trkpt>
      <trkpt lat="50.66955" lon="4.37382">
        <ele>116</ele>
      </trkpt>
      <trkpt lat="50.66931" lon="4.37396">
        <ele>116</ele>
      </trkpt>
      <trkpt lat="50.66928" lon="4.3739">
        <ele>116</ele>
      </trkpt>
      <trkpt lat="50.66921" lon="4.37384">
        <ele>116</ele>
      </trkpt>
      <trkpt lat="50.66914" lon="4.37385">
        <ele>116</ele>
      </trkpt>
      <trkpt lat="50.66908" lon="4.37391">
        <ele>116</ele>
      </trkpt>
      <trkpt lat="50.66905" lon="4.374">
        <ele>116</ele>
      </trkpt>
      <trkpt lat="50.66905" lon="4.37411">
        <ele>116</ele>
      </trkpt>
      <trkpt lat="50.66891" lon="4.37422">
        <ele>116</ele>
      </trkpt>
      <trkpt lat="50.66818" lon="4.3746">
        <ele>116</ele>
      </trkpt>
      <trkpt lat="50.66804" lon="4.37468">
        <ele>116</ele>
      </trkpt>
      <trkpt lat="50.66803" lon="4.37463">
        <ele>116</ele>
      </trkpt>
      <trkpt lat="50.66682" lon="4.37525">
        <ele>116</ele>
      </trkpt>
      <trkpt lat="50.66675" lon="4.37518">
        <ele>115</ele>
      </trkpt>
      <trkpt lat="50.66668" lon="4.37493">
        <ele>113</ele>
      </trkpt>
      <trkpt lat="50.6667" lon="4.3749">
        <ele>113</ele>
      </trkpt>
      <trkpt lat="50.66951" lon="4.37033">
        <ele>106</ele>
      </trkpt>
      <trkpt lat="50.67076" lon="4.36827">
        <ele>99</ele>
      </trkpt>
      <trkpt lat="50.6708" lon="4.3683">
        <ele>99</ele>
      </trkpt>
      <trkpt lat="50.67082" lon="4.36833">
        <ele>99</ele>
      </trkpt>
      <trkpt lat="50.6709" lon="4.3683">
        <ele>97</ele>
      </trkpt>
      <trkpt lat="50.67094" lon="4.36823">
        <ele>97</ele>
      </trkpt>
      <trkpt lat="50.67094" lon="4.3681">
        <ele>98</ele>
      </trkpt>
      <trkpt lat="50.67093" lon="4.36806">
        <ele>99</ele>
      </trkpt>
      <trkpt lat="50.67091" lon="4.36802">
        <ele>99</ele>
      </trkpt>
      <trkpt lat="50.67159" lon="4.36694">
        <ele>95</ele>
      </trkpt>
      <trkpt lat="50.67486" lon="4.36161">
        <ele>103</ele>
      </trkpt>
      <trkpt lat="50.67491" lon="4.36166">
        <ele>103</ele>
      </trkpt>
      <trkpt lat="50.67497" lon="4.36167">
        <ele>103</ele>
      </trkpt>
      <trkpt lat="50.67502" lon="4.36164">
        <ele>103</ele>
      </trkpt>
      <trkpt lat="50.67507" lon="4.36158">
        <ele>103</ele>
      </trkpt>
      <trkpt lat="50.6751" lon="4.36146">
        <ele>103</ele>
      </trkpt>
      <trkpt lat="50.6751" lon="4.36139">
        <ele>103</ele>
      </trkpt>
      <trkpt lat="50.67505" lon="4.36127">
        <ele>104</ele>
      </trkpt>
      <trkpt lat="50.67501" lon="4.36123">
        <ele>104</ele>
      </trkpt>
      <trkpt lat="50.67496" lon="4.36121">
        <ele>104</ele>
      </trkpt>
      <trkpt lat="50.67491" lon="4.36122">
        <ele>104</ele>
      </trkpt>
      <trkpt lat="50.67486" lon="4.36126">
        <ele>104</ele>
      </trkpt>
      <trkpt lat="50.67453" lon="4.3607">
        <ele>105</ele>
      </trkpt>
      <trkpt lat="50.67385" lon="4.35962">
        <ele>105</ele>
      </trkpt>
      <trkpt lat="50.67232" lon="4.35662">
        <ele>101</ele>
      </trkpt>
      <trkpt lat="50.67206" lon="4.35623">
        <ele>100</ele>
      </trkpt>
      <trkpt lat="50.67179" lon="4.35585">
        <ele>99</ele>
      </trkpt>
      <trkpt lat="50.67054" lon="4.35428">
        <ele>98</ele>
      </trkpt>
      <trkpt lat="50.66955" lon="4.35297">
        <ele>97</ele>
      </trkpt>
      <trkpt lat="50.66948" lon="4.35268">
        <ele>97</ele>
      </trkpt>
      <trkpt lat="50.66941" lon="4.35256">
        <ele>97</ele>
      </trkpt>
      <trkpt lat="50.66936" lon="4.35251">
        <ele>97</ele>
      </trkpt>
      <trkpt lat="50.66931" lon="4.35249">
        <ele>97</ele>
      </trkpt>
      <trkpt lat="50.66913" lon="4.35247">
        <ele>97</ele>
      </trkpt>
      <trkpt lat="50.66664" lon="4.34928">
        <ele>105</ele>
      </trkpt>
      <trkpt lat="50.66644" lon="4.34898">
        <ele>106</ele>
      </trkpt>
      <trkpt lat="50.66624" lon="4.34849">
        <ele>108</ele>
      </trkpt>
      <trkpt lat="50.66608" lon="4.34817">
        <ele>109</ele>
      </trkpt>
      <trkpt lat="50.66576" lon="4.34771">
        <ele>109</ele>
      </trkpt>
      <trkpt lat="50.66567" lon="4.34761">
        <ele>109</ele>
      </trkpt>
      <trkpt lat="50.6646" lon="4.34665">
        <ele>112</ele>
      </trkpt>
      <trkpt lat="50.66376" lon="4.34605">
        <ele>109</ele>
      </trkpt>
      <trkpt lat="50.66351" lon="4.3458">
        <ele>108</ele>
      </trkpt>
      <trkpt lat="50.66204" lon="4.34397">
        <ele>103</ele>
      </trkpt>
      <trkpt lat="50.66152" lon="4.3433">
        <ele>103</ele>
      </trkpt>
      <trkpt lat="50.6603" lon="4.34178">
        <ele>108</ele>
      </trkpt>
      <trkpt lat="50.65227" lon="4.33188">
        <ele>125</ele>
      </trkpt>
      <trkpt lat="50.65101" lon="4.33059">
        <ele>127</ele>
      </trkpt>
      <trkpt lat="50.64651" lon="4.32654">
        <ele>132</ele>
      </trkpt>
      <trkpt lat="50.64611" lon="4.32607">
        <ele>134</ele>
      </trkpt>
      <trkpt lat="50.64591" lon="4.32577">
        <ele>135</ele>
      </trkpt>
      <trkpt lat="50.64567" lon="4.32535">
        <ele>136</ele>
      </trkpt>
      <trkpt lat="50.64534" lon="4.32469">
        <ele>138</ele>
      </trkpt>
      <trkpt lat="50.64503" lon="4.32422">
        <ele>139</ele>
      </trkpt>
      <trkpt lat="50.64483" lon="4.324">
        <ele>140</ele>
      </trkpt>
      <trkpt lat="50.64416" lon="4.32344">
        <ele>141</ele>
      </trkpt>
      <trkpt lat="50.64396" lon="4.32324">
        <ele>141</ele>
      </trkpt>
      <trkpt lat="50.64381" lon="4.32294">
        <ele>142</ele>
      </trkpt>
      <trkpt lat="50.64378" lon="4.32276">
        <ele>142</ele>
      </trkpt>
      <trkpt lat="50.6436" lon="4.3207">
        <ele>141</ele>
      </trkpt>
      <trkpt lat="50.64354" lon="4.32027">
        <ele>141</ele>
      </trkpt>
      <trkpt lat="50.64348" lon="4.32007">
        <ele>142</ele>
      </trkpt>
      <trkpt lat="50.64304" lon="4.31884">
        <ele>142</ele>
      </trkpt>
      <trkpt lat="50.64274" lon="4.31821">
        <ele>141</ele>
      </trkpt>
      <trkpt lat="50.64272" lon="4.31812">
        <ele>141</ele>
      </trkpt>
      <trkpt lat="50.6423" lon="4.31876">
        <ele>142</ele>
      </trkpt>
      <trkpt lat="50.64143" lon="4.31967">
        <ele>139</ele>
      </trkpt>
      <trkpt lat="50.64106" lon="4.32011">
        <ele>138</ele>
      </trkpt>
      <trkpt lat="50.64061" lon="4.32051">
        <ele>136</ele>
      </trkpt>
      <trkpt lat="50.64033" lon="4.32072">
        <ele>137</ele>
      </trkpt>
      <trkpt lat="50.63974" lon="4.32109">
        <ele>138</ele>
      </trkpt>
      <trkpt lat="50.63934" lon="4.32139">
        <ele>139</ele>
      </trkpt>
      <trkpt lat="50.63892" lon="4.32178">
        <ele>139</ele>
      </trkpt>
      <trkpt lat="50.6377" lon="4.32332">
        <ele>137</ele>
      </trkpt>
      <trkpt lat="50.63747" lon="4.32357">
        <ele>136</ele>
      </trkpt>
      <trkpt lat="50.63722" lon="4.32379">
        <ele>136</ele>
      </trkpt>
      <trkpt lat="50.6368" lon="4.32408">
        <ele>136</ele>
      </trkpt>
      <trkpt lat="50.63632" lon="4.32421">
        <ele>136</ele>
      </trkpt>
      <trkpt lat="50.63609" lon="4.32425">
        <ele>137</ele>
      </trkpt>
      <trkpt lat="50.63447" lon="4.3243">
        <ele>138</ele>
      </trkpt>
      <trkpt lat="50.63301" lon="4.32431">
        <ele>139</ele>
      </trkpt>
      <trkpt lat="50.63276" lon="4.32426">
        <ele>140</ele>
      </trkpt>
      <trkpt lat="50.63248" lon="4.32417">
        <ele>140</ele>
      </trkpt>
      <trkpt lat="50.62975" lon="4.3227">
        <ele>146</ele>
      </trkpt>
      <trkpt lat="50.6295" lon="4.3226">
        <ele>147</ele>
      </trkpt>
      <trkpt lat="50.629" lon="4.3225">
        <ele>148</ele>
      </trkpt>
      <trkpt lat="50.6286" lon="4.32246">
        <ele>148</ele>
      </trkpt>
      <trkpt lat="50.6278" lon="4.32255">
        <ele>148</ele>
      </trkpt>
      <trkpt lat="50.62626" lon="4.32278">
        <ele>143</ele>
      </trkpt>
      <trkpt lat="50.62603" lon="4.32281">
        <ele>143</ele>
      </trkpt>
      <trkpt lat="50.62597" lon="4.32282">
        <ele>143</ele>
      </trkpt>
      <trkpt lat="50.62596" lon="4.32272">
        <ele>142</ele>
      </trkpt>
      <trkpt lat="50.62592" lon="4.32264">
        <ele>142</ele>
      </trkpt>
      <trkpt lat="50.62587" lon="4.32258">
        <ele>142</ele>
      </trkpt>
      <trkpt lat="50.62576" lon="4.32254">
        <ele>142</ele>
      </trkpt>
      <trkpt lat="50.62566" lon="4.32261">
        <ele>142</ele>
      </trkpt>
      <trkpt lat="50.62561" lon="4.32271">
        <ele>142</ele>
      </trkpt>
      <trkpt lat="50.62559" lon="4.32282">
        <ele>142</ele>
      </trkpt>
      <trkpt lat="50.62515" lon="4.32272">
        <ele>141</ele>
      </trkpt>
      <trkpt lat="50.62374" lon="4.32238">
        <ele>141</ele>
      </trkpt>
      <trkpt lat="50.62246" lon="4.32203">
        <ele>145</ele>
      </trkpt>
      <trkpt lat="50.62183" lon="4.32188">
        <ele>145</ele>
      </trkpt>
      <trkpt lat="50.6212" lon="4.3217">
        <ele>145</ele>
      </trkpt>
      <trkpt lat="50.62109" lon="4.32162">
        <ele>145</ele>
      </trkpt>
      <trkpt lat="50.62105" lon="4.32148">
        <ele>145</ele>
      </trkpt>
      <trkpt lat="50.62099" lon="4.3214">
        <ele>144</ele>
      </trkpt>
      <trkpt lat="50.62093" lon="4.32137">
        <ele>144</ele>
      </trkpt>
      <trkpt lat="50.62084" lon="4.32138">
        <ele>144</ele>
      </trkpt>
      <trkpt lat="50.62077" lon="4.32144">
        <ele>144</ele>
      </trkpt>
      <trkpt lat="50.62073" lon="4.32151">
        <ele>144</ele>
      </trkpt>
      <trkpt lat="50.62062" lon="4.32155">
        <ele>144</ele>
      </trkpt>
      <trkpt lat="50.61994" lon="4.3215">
        <ele>142</ele>
      </trkpt>
      <trkpt lat="50.61936" lon="4.32141">
        <ele>142</ele>
      </trkpt>
      <trkpt lat="50.61904" lon="4.32128">
        <ele>142</ele>
      </trkpt>
      <trkpt lat="50.61665" lon="4.31985">
        <ele>143</ele>
      </trkpt>
      <trkpt lat="50.61642" lon="4.31976">
        <ele>143</ele>
      </trkpt>
      <trkpt lat="50.61614" lon="4.31969">
        <ele>143</ele>
      </trkpt>
      <trkpt lat="50.61585" lon="4.31967">
        <ele>142</ele>
      </trkpt>
      <trkpt lat="50.61555" lon="4.31971">
        <ele>142</ele>
      </trkpt>
      <trkpt lat="50.61534" lon="4.31977">
        <ele>142</ele>
      </trkpt>
      <trkpt lat="50.615" lon="4.31992">
        <ele>141</ele>
      </trkpt>
      <trkpt lat="50.61465" lon="4.32012">
        <ele>140</ele>
      </trkpt>
      <trkpt lat="50.61381" lon="4.32067">
        <ele>138</ele>
      </trkpt>
      <trkpt lat="50.61362" lon="4.32077">
        <ele>137</ele>
      </trkpt>
      <trkpt lat="50.61355" lon="4.32077">
        <ele>137</ele>
      </trkpt>
      <trkpt lat="50.61333" lon="4.32083">
        <ele>136</ele>
      </trkpt>
      <trkpt lat="50.61327" lon="4.32084">
        <ele>136</ele>
      </trkpt>
      <trkpt lat="50.61321" lon="4.32082">
        <ele>136</ele>
      </trkpt>
      <trkpt lat="50.61312" lon="4.32081">
        <ele>136</ele>
      </trkpt>
      <trkpt lat="50.61306" lon="4.32089">
        <ele>136</ele>
      </trkpt>
      <trkpt lat="50.6129" lon="4.32092">
        <ele>135</ele>
      </trkpt>
      <trkpt lat="50.61263" lon="4.32094">
        <ele>135</ele>
      </trkpt>
      <trkpt lat="50.61126" lon="4.32088">
        <ele>132</ele>
      </trkpt>
      <trkpt lat="50.60904" lon="4.32098">
        <ele>129</ele>
      </trkpt>
      <trkpt lat="50.60839" lon="4.32089">
        <ele>128</ele>
      </trkpt>
      <trkpt lat="50.6083" lon="4.32079">
        <ele>127</ele>
      </trkpt>
      <trkpt lat="50.60811" lon="4.32072">
        <ele>127</ele>
      </trkpt>
      <trkpt lat="50.60789" lon="4.32058">
        <ele>127</ele>
      </trkpt>
      <trkpt lat="50.60741" lon="4.32005">
        <ele>126</ele>
      </trkpt>
      <trkpt lat="50.60645" lon="4.31885">
        <ele>123</ele>
      </trkpt>
      <trkpt lat="50.60591" lon="4.31822">
        <ele>120</ele>
      </trkpt>
      <trkpt lat="50.60571" lon="4.31801">
        <ele>120</ele>
      </trkpt>
      <trkpt lat="50.60551" lon="4.31784">
        <ele>119</ele>
      </trkpt>
      <trkpt lat="50.60496" lon="4.31744">
        <ele>116</ele>
      </trkpt>
      <trkpt lat="50.60404" lon="4.31684">
        <ele>113</ele>
      </trkpt>
      <trkpt lat="50.6038" lon="4.31675">
        <ele>112</ele>
      </trkpt>
      <trkpt lat="50.60358" lon="4.31673">
        <ele>111</ele>
      </trkpt>
      <trkpt lat="50.60286" lon="4.31692">
        <ele>108</ele>
      </trkpt>
      <trkpt lat="50.60267" lon="4.31695">
        <ele>107</ele>
      </trkpt>
      <trkpt lat="50.60179" lon="4.31721">
        <ele>105</ele>
      </trkpt>
      <trkpt lat="50.60164" lon="4.31728">
        <ele>104</ele>
      </trkpt>
      <trkpt lat="50.60154" lon="4.31729">
        <ele>104</ele>
      </trkpt>
      <trkpt lat="50.60133" lon="4.31731">
        <ele>103</ele>
      </trkpt>
      <trkpt lat="50.60101" lon="4.31726">
        <ele>103</ele>
      </trkpt>
      <trkpt lat="50.60059" lon="4.3171">
        <ele>101</ele>
      </trkpt>
      <trkpt lat="50.60029" lon="4.317">
        <ele>100</ele>
      </trkpt>
      <trkpt lat="50.60012" lon="4.31697">
        <ele>99</ele>
      </trkpt>
      <trkpt lat="50.59999" lon="4.31696">
        <ele>98</ele>
      </trkpt>
      <trkpt lat="50.59963" lon="4.31701">
        <ele>98</ele>
      </trkpt>
      <trkpt lat="50.5995" lon="4.31707">
        <ele>97</ele>
      </trkpt>
      <trkpt lat="50.59912" lon="4.31737">
        <ele>95</ele>
      </trkpt>
      <trkpt lat="50.59733" lon="4.3189">
        <ele>91</ele>
      </trkpt>
      <trkpt lat="50.59714" lon="4.31903">
        <ele>92</ele>
      </trkpt>
      <trkpt lat="50.59715" lon="4.31844">
        <ele>91</ele>
      </trkpt>
      <trkpt lat="50.59717" lon="4.31812">
        <ele>91</ele>
      </trkpt>
      <trkpt lat="50.59729" lon="4.31668">
        <ele>89</ele>
      </trkpt>
      <trkpt lat="50.59732" lon="4.31571">
        <ele>89</ele>
      </trkpt>
      <trkpt lat="50.59741" lon="4.31402">
        <ele>89</ele>
      </trkpt>
      <trkpt lat="50.5976" lon="4.31377">
        <ele>89</ele>
      </trkpt>
      <trkpt lat="50.59797" lon="4.31346">
        <ele>89</ele>
      </trkpt>
      <trkpt lat="50.59834" lon="4.31307">
        <ele>89</ele>
      </trkpt>
      <trkpt lat="50.59858" lon="4.31271">
        <ele>90</ele>
      </trkpt>
      <trkpt lat="50.59871" lon="4.31229">
        <ele>91</ele>
      </trkpt>
      <trkpt lat="50.59875" lon="4.31198">
        <ele>92</ele>
      </trkpt>
      <trkpt lat="50.59889" lon="4.31049">
        <ele>94</ele>
      </trkpt>
      <trkpt lat="50.59889" lon="4.31019">
        <ele>94</ele>
      </trkpt>
      <trkpt lat="50.59885" lon="4.30975">
        <ele>93</ele>
      </trkpt>
      <trkpt lat="50.5988" lon="4.30946">
        <ele>91</ele>
      </trkpt>
      <trkpt lat="50.59812" lon="4.30688">
        <ele>86</ele>
      </trkpt>
      <trkpt lat="50.59806" lon="4.30651">
        <ele>85</ele>
      </trkpt>
      <trkpt lat="50.59803" lon="4.30611">
        <ele>85</ele>
      </trkpt>
      <trkpt lat="50.59806" lon="4.30574">
        <ele>85</ele>
      </trkpt>
      <trkpt lat="50.59818" lon="4.30517">
        <ele>85</ele>
      </trkpt>
      <trkpt lat="50.59828" lon="4.30491">
        <ele>85</ele>
      </trkpt>
      <trkpt lat="50.59842" lon="4.30464">
        <ele>85</ele>
      </trkpt>
      <trkpt lat="50.59852" lon="4.30449">
        <ele>85</ele>
      </trkpt>
      <trkpt lat="50.59859" lon="4.30434">
        <ele>85</ele>
      </trkpt>
      <trkpt lat="50.5987" lon="4.30406">
        <ele>86</ele>
      </trkpt>
      <trkpt lat="50.59878" lon="4.30388">
        <ele>86</ele>
      </trkpt>
      <trkpt lat="50.59888" lon="4.30381">
        <ele>86</ele>
      </trkpt>
      <trkpt lat="50.59896" lon="4.30372">
        <ele>86</ele>
      </trkpt>
      <trkpt lat="50.5995" lon="4.30272">
        <ele>88</ele>
      </trkpt>
      <trkpt lat="50.59978" lon="4.30215">
        <ele>87</ele>
      </trkpt>
      <trkpt lat="50.59992" lon="4.30178">
        <ele>86</ele>
      </trkpt>
      <trkpt lat="50.60001" lon="4.3015">
        <ele>85</ele>
      </trkpt>
      <trkpt lat="50.60011" lon="4.30107">
        <ele>84</ele>
      </trkpt>
      <trkpt lat="50.60036" lon="4.29967">
        <ele>81</ele>
      </trkpt>
      <trkpt lat="50.60061" lon="4.29801">
        <ele>81</ele>
      </trkpt>
      <trkpt lat="50.60065" lon="4.29754">
        <ele>81</ele>
      </trkpt>
      <trkpt lat="50.60068" lon="4.29709">
        <ele>81</ele>
      </trkpt>
      <trkpt lat="50.60068" lon="4.29588">
        <ele>81</ele>
      </trkpt>
      <trkpt lat="50.60074" lon="4.29493">
        <ele>81</ele>
      </trkpt>
      <trkpt lat="50.60084" lon="4.29395">
        <ele>83</ele>
      </trkpt>
      <trkpt lat="50.60105" lon="4.29212">
        <ele>89</ele>
      </trkpt>
      <trkpt lat="50.60117" lon="4.2914">
        <ele>92</ele>
      </trkpt>
      <trkpt lat="50.60123" lon="4.29115">
        <ele>92</ele>
      </trkpt>
      <trkpt lat="50.60131" lon="4.29088">
        <ele>93</ele>
      </trkpt>
      <trkpt lat="50.6015" lon="4.29045">
        <ele>94</ele>
      </trkpt>
      <trkpt lat="50.60173" lon="4.29011">
        <ele>95</ele>
      </trkpt>
      <trkpt lat="50.60197" lon="4.28989">
        <ele>96</ele>
      </trkpt>
      <trkpt lat="50.60216" lon="4.28977">
        <ele>96</ele>
      </trkpt>
      <trkpt lat="50.60304" lon="4.28939">
        <ele>99</ele>
      </trkpt>
      <trkpt lat="50.60344" lon="4.28916">
        <ele>100</ele>
      </trkpt>
      <trkpt lat="50.60373" lon="4.28896">
        <ele>101</ele>
      </trkpt>
      <trkpt lat="50.604" lon="4.28874">
        <ele>102</ele>
      </trkpt>
      <trkpt lat="50.60446" lon="4.28825">
        <ele>102</ele>
      </trkpt>
      <trkpt lat="50.60554" lon="4.28684">
        <ele>104</ele>
      </trkpt>
      <trkpt lat="50.60676" lon="4.28506">
        <ele>108</ele>
      </trkpt>
      <trkpt lat="50.60694" lon="4.28483">
        <ele>108</ele>
      </trkpt>
      <trkpt lat="50.60737" lon="4.28447">
        <ele>108</ele>
      </trkpt>
      <trkpt lat="50.60763" lon="4.28421">
        <ele>109</ele>
      </trkpt>
      <trkpt lat="50.60771" lon="4.28409">
        <ele>109</ele>
      </trkpt>
      <trkpt lat="50.60777" lon="4.28398">
        <ele>109</ele>
      </trkpt>
      <trkpt lat="50.608" lon="4.28344">
        <ele>109</ele>
      </trkpt>
      <trkpt lat="50.6081" lon="4.28309">
        <ele>109</ele>
      </trkpt>
      <trkpt lat="50.60814" lon="4.28279">
        <ele>110</ele>
      </trkpt>
      <trkpt lat="50.60825" lon="4.28153">
        <ele>111</ele>
      </trkpt>
      <trkpt lat="50.60828" lon="4.2805">
        <ele>112</ele>
      </trkpt>
      <trkpt lat="50.6083" lon="4.28007">
        <ele>114</ele>
      </trkpt>
      <trkpt lat="50.60836" lon="4.27933">
        <ele>115</ele>
      </trkpt>
      <trkpt lat="50.60879" lon="4.27727">
        <ele>123</ele>
      </trkpt>
      <trkpt lat="50.60918" lon="4.27637">
        <ele>127</ele>
      </trkpt>
      <trkpt lat="50.60952" lon="4.27576">
        <ele>130</ele>
      </trkpt>
      <trkpt lat="50.60974" lon="4.2754">
        <ele>130</ele>
      </trkpt>
      <trkpt lat="50.61079" lon="4.27386">
        <ele>124</ele>
      </trkpt>
      <trkpt lat="50.61124" lon="4.27314">
        <ele>121</ele>
      </trkpt>
      <trkpt lat="50.61135" lon="4.27291">
        <ele>121</ele>
      </trkpt>
      <trkpt lat="50.61147" lon="4.27255">
        <ele>120</ele>
      </trkpt>
      <trkpt lat="50.61151" lon="4.27221">
        <ele>120</ele>
      </trkpt>
      <trkpt lat="50.61149" lon="4.27187">
        <ele>120</ele>
      </trkpt>
      <trkpt lat="50.61144" lon="4.27149">
        <ele>120</ele>
      </trkpt>
      <trkpt lat="50.61123" lon="4.27066">
        <ele>120</ele>
      </trkpt>
      <trkpt lat="50.61121" lon="4.27045">
        <ele>120</ele>
      </trkpt>
      <trkpt lat="50.61121" lon="4.2703">
        <ele>120</ele>
      </trkpt>
      <trkpt lat="50.61125" lon="4.26997">
        <ele>121</ele>
      </trkpt>
      <trkpt lat="50.6114" lon="4.26924">
        <ele>123</ele>
      </trkpt>
      <trkpt lat="50.61211" lon="4.26662">
        <ele>127</ele>
      </trkpt>
      <trkpt lat="50.6123" lon="4.26563">
        <ele>127</ele>
      </trkpt>
      <trkpt lat="50.61281" lon="4.26362">
        <ele>126</ele>
      </trkpt>
      <trkpt lat="50.61292" lon="4.26309">
        <ele>127</ele>
      </trkpt>
      <trkpt lat="50.61311" lon="4.26217">
        <ele>127</ele>
      </trkpt>
      <trkpt lat="50.61318" lon="4.2617">
        <ele>128</ele>
      </trkpt>
      <trkpt lat="50.61328" lon="4.26095">
        <ele>130</ele>
      </trkpt>
      <trkpt lat="50.61355" lon="4.25953">
        <ele>135</ele>
      </trkpt>
      <trkpt lat="50.61359" lon="4.25912">
        <ele>136</ele>
      </trkpt>
      <trkpt lat="50.61357" lon="4.25885">
        <ele>136</ele>
      </trkpt>
      <trkpt lat="50.61336" lon="4.2577">
        <ele>135</ele>
      </trkpt>
      <trkpt lat="50.61333" lon="4.2573">
        <ele>135</ele>
      </trkpt>
      <trkpt lat="50.61334" lon="4.25707">
        <ele>135</ele>
      </trkpt>
      <trkpt lat="50.61337" lon="4.25683">
        <ele>135</ele>
      </trkpt>
      <trkpt lat="50.61342" lon="4.25658">
        <ele>134</ele>
      </trkpt>
      <trkpt lat="50.61387" lon="4.25498">
        <ele>133</ele>
      </trkpt>
      <trkpt lat="50.61394" lon="4.25449">
        <ele>132</ele>
      </trkpt>
      <trkpt lat="50.61396" lon="4.25397">
        <ele>131</ele>
      </trkpt>
      <trkpt lat="50.61392" lon="4.25349">
        <ele>130</ele>
      </trkpt>
      <trkpt lat="50.61345" lon="4.2506">
        <ele>125</ele>
      </trkpt>
      <trkpt lat="50.61331" lon="4.25001">
        <ele>124</ele>
      </trkpt>
      <trkpt lat="50.61282" lon="4.2485">
        <ele>120</ele>
      </trkpt>
      <trkpt lat="50.61272" lon="4.24808">
        <ele>120</ele>
      </trkpt>
      <trkpt lat="50.61263" lon="4.24761">
        <ele>120</ele>
      </trkpt>
      <trkpt lat="50.61239" lon="4.24616">
        <ele>121</ele>
      </trkpt>
      <trkpt lat="50.61225" lon="4.24548">
        <ele>122</ele>
      </trkpt>
      <trkpt lat="50.61207" lon="4.24494">
        <ele>121</ele>
      </trkpt>
      <trkpt lat="50.6116" lon="4.24375">
        <ele>120</ele>
      </trkpt>
      <trkpt lat="50.6111" lon="4.24196">
        <ele>115</ele>
      </trkpt>
      <trkpt lat="50.61069" lon="4.24061">
        <ele>113</ele>
      </trkpt>
      <trkpt lat="50.61058" lon="4.24032">
        <ele>112</ele>
      </trkpt>
      <trkpt lat="50.60955" lon="4.23809">
        <ele>101</ele>
      </trkpt>
      <trkpt lat="50.60933" lon="4.23742">
        <ele>99</ele>
      </trkpt>
      <trkpt lat="50.60888" lon="4.23615">
        <ele>95</ele>
      </trkpt>
      <trkpt lat="50.60768" lon="4.23387">
        <ele>83</ele>
      </trkpt>
      <trkpt lat="50.60759" lon="4.23367">
        <ele>82</ele>
      </trkpt>
      <trkpt lat="50.60657" lon="4.23102">
        <ele>69</ele>
      </trkpt>
      <trkpt lat="50.60638" lon="4.23044">
        <ele>66</ele>
      </trkpt>
      <trkpt lat="50.6063" lon="4.23016">
        <ele>65</ele>
      </trkpt>
      <trkpt lat="50.60623" lon="4.22975">
        <ele>63</ele>
      </trkpt>
      <trkpt lat="50.60616" lon="4.22911">
        <ele>62</ele>
      </trkpt>
      <trkpt lat="50.60619" lon="4.22879">
        <ele>61</ele>
      </trkpt>
      <trkpt lat="50.6062" lon="4.22866">
        <ele>61</ele>
      </trkpt>
      <trkpt lat="50.60634" lon="4.22805">
        <ele>60</ele>
      </trkpt>
      <trkpt lat="50.60682" lon="4.2261">
        <ele>58</ele>
      </trkpt>
      <trkpt lat="50.60647" lon="4.22591">
        <ele>58</ele>
      </trkpt>
      <trkpt lat="50.60599" lon="4.22535">
        <ele>59</ele>
      </trkpt>
      <trkpt lat="50.60573" lon="4.22509">
        <ele>61</ele>
      </trkpt>
      <trkpt lat="50.60555" lon="4.22499">
        <ele>62</ele>
      </trkpt>
      <trkpt lat="50.60371" lon="4.22433">
        <ele>69</ele>
      </trkpt>
      <trkpt lat="50.60033" lon="4.22348">
        <ele>79</ele>
      </trkpt>
      <trkpt lat="50.59721" lon="4.22275">
        <ele>97</ele>
      </trkpt>
      <trkpt lat="50.59582" lon="4.22239">
        <ele>97</ele>
      </trkpt>
      <trkpt lat="50.59487" lon="4.22207">
        <ele>97</ele>
      </trkpt>
      <trkpt lat="50.59351" lon="4.22166">
        <ele>95</ele>
      </trkpt>
      <trkpt lat="50.59018" lon="4.221">
        <ele>93</ele>
      </trkpt>
      <trkpt lat="50.58949" lon="4.22088">
        <ele>94</ele>
      </trkpt>
      <trkpt lat="50.58895" lon="4.22084">
        <ele>95</ele>
      </trkpt>
      <trkpt lat="50.58789" lon="4.22087">
        <ele>98</ele>
      </trkpt>
      <trkpt lat="50.58494" lon="4.22088">
        <ele>107</ele>
      </trkpt>
      <trkpt lat="50.58455" lon="4.22081">
        <ele>108</ele>
      </trkpt>
      <trkpt lat="50.58415" lon="4.2207">
        <ele>109</ele>
      </trkpt>
      <trkpt lat="50.58388" lon="4.22059">
        <ele>109</ele>
      </trkpt>
      <trkpt lat="50.58345" lon="4.22037">
        <ele>109</ele>
      </trkpt>
      <trkpt lat="50.58241" lon="4.21976">
        <ele>109</ele>
      </trkpt>
      <trkpt lat="50.58218" lon="4.21965">
        <ele>109</ele>
      </trkpt>
      <trkpt lat="50.58145" lon="4.21936">
        <ele>109</ele>
      </trkpt>
      <trkpt lat="50.58099" lon="4.21924">
        <ele>109</ele>
      </trkpt>
      <trkpt lat="50.58057" lon="4.21916">
        <ele>109</ele>
      </trkpt>
      <trkpt lat="50.58019" lon="4.21914">
        <ele>109</ele>
      </trkpt>
      <trkpt lat="50.57656" lon="4.21924">
        <ele>113</ele>
      </trkpt>
      <trkpt lat="50.57413" lon="4.21932">
        <ele>115</ele>
      </trkpt>
      <trkpt lat="50.5736" lon="4.21943">
        <ele>115</ele>
      </trkpt>
      <trkpt lat="50.57333" lon="4.21951">
        <ele>114</ele>
      </trkpt>
      <trkpt lat="50.57288" lon="4.21972">
        <ele>114</ele>
      </trkpt>
      <trkpt lat="50.57256" lon="4.21991">
        <ele>113</ele>
      </trkpt>
      <trkpt lat="50.57217" lon="4.22023">
        <ele>113</ele>
      </trkpt>
      <trkpt lat="50.57193" lon="4.22045">
        <ele>112</ele>
      </trkpt>
      <trkpt lat="50.57083" lon="4.22179">
        <ele>111</ele>
      </trkpt>
      <trkpt lat="50.57053" lon="4.22211">
        <ele>112</ele>
      </trkpt>
      <trkpt lat="50.57011" lon="4.22247">
        <ele>112</ele>
      </trkpt>
      <trkpt lat="50.56964" lon="4.22278">
        <ele>112</ele>
      </trkpt>
      <trkpt lat="50.56933" lon="4.22292">
        <ele>112</ele>
      </trkpt>
      <trkpt lat="50.56909" lon="4.22301">
        <ele>113</ele>
      </trkpt>
      <trkpt lat="50.56875" lon="4.22308">
        <ele>113</ele>
      </trkpt>
      <trkpt lat="50.56813" lon="4.22314">
        <ele>113</ele>
      </trkpt>
      <trkpt lat="50.56812" lon="4.22308">
        <ele>113</ele>
      </trkpt>
      <trkpt lat="50.56778" lon="4.21334">
        <ele>116</ele>
      </trkpt>
      <trkpt lat="50.56779" lon="4.21263">
        <ele>116</ele>
      </trkpt>
      <trkpt lat="50.56782" lon="4.21212">
        <ele>116</ele>
      </trkpt>
      <trkpt lat="50.56786" lon="4.21188">
        <ele>116</ele>
      </trkpt>
      <trkpt lat="50.56792" lon="4.21141">
        <ele>116</ele>
      </trkpt>
      <trkpt lat="50.56799" lon="4.21103">
        <ele>116</ele>
      </trkpt>
      <trkpt lat="50.56833" lon="4.20978">
        <ele>116</ele>
      </trkpt>
      <trkpt lat="50.5685" lon="4.20936">
        <ele>116</ele>
      </trkpt>
      <trkpt lat="50.56908" lon="4.20814">
        <ele>114</ele>
      </trkpt>
      <trkpt lat="50.56969" lon="4.2072">
        <ele>114</ele>
      </trkpt>
      <trkpt lat="50.56983" lon="4.20693">
        <ele>114</ele>
      </trkpt>
      <trkpt lat="50.57005" lon="4.20646">
        <ele>115</ele>
      </trkpt>
      <trkpt lat="50.57072" lon="4.20491">
        <ele>113</ele>
      </trkpt>
      <trkpt lat="50.57104" lon="4.204">
        <ele>112</ele>
      </trkpt>
      <trkpt lat="50.57127" lon="4.20325">
        <ele>113</ele>
      </trkpt>
      <trkpt lat="50.57186" lon="4.20177">
        <ele>113</ele>
      </trkpt>
      <trkpt lat="50.57246" lon="4.20012">
        <ele>113</ele>
      </trkpt>
      <trkpt lat="50.57279" lon="4.19904">
        <ele>113</ele>
      </trkpt>
      <trkpt lat="50.57288" lon="4.19879">
        <ele>113</ele>
      </trkpt>
      <trkpt lat="50.57338" lon="4.19757">
        <ele>111</ele>
      </trkpt>
      <trkpt lat="50.57382" lon="4.1966">
        <ele>110</ele>
      </trkpt>
      <trkpt lat="50.57395" lon="4.19618">
        <ele>109</ele>
      </trkpt>
      <trkpt lat="50.57423" lon="4.19464">
        <ele>107</ele>
      </trkpt>
      <trkpt lat="50.57456" lon="4.19324">
        <ele>105</ele>
      </trkpt>
      <trkpt lat="50.57461" lon="4.1934">
        <ele>105</ele>
      </trkpt>
      <trkpt lat="50.57522" lon="4.19434">
        <ele>106</ele>
      </trkpt>
      <trkpt lat="50.57542" lon="4.19456">
        <ele>107</ele>
      </trkpt>
      <trkpt lat="50.57581" lon="4.195">
        <ele>107</ele>
      </trkpt>
      <trkpt lat="50.57677" lon="4.19622">
        <ele>110</ele>
      </trkpt>
      <trkpt lat="50.57734" lon="4.19691">
        <ele>110</ele>
      </trkpt>
      <trkpt lat="50.57789" lon="4.19753">
        <ele>110</ele>
      </trkpt>
      <trkpt lat="50.57847" lon="4.19801">
        <ele>107</ele>
      </trkpt>
      <trkpt lat="50.58013" lon="4.19906">
        <ele>99</ele>
      </trkpt>
      <trkpt lat="50.58074" lon="4.19938">
        <ele>96</ele>
      </trkpt>
      <trkpt lat="50.5814" lon="4.19962">
        <ele>93</ele>
      </trkpt>
      <trkpt lat="50.58194" lon="4.19968">
        <ele>91</ele>
      </trkpt>
      <trkpt lat="50.58218" lon="4.19967">
        <ele>89</ele>
      </trkpt>
      <trkpt lat="50.58245" lon="4.19966">
        <ele>88</ele>
      </trkpt>
      <trkpt lat="50.58294" lon="4.19951">
        <ele>87</ele>
      </trkpt>
      <trkpt lat="50.58361" lon="4.19934">
        <ele>85</ele>
      </trkpt>
      <trkpt lat="50.58416" lon="4.19931">
        <ele>87</ele>
      </trkpt>
      <trkpt lat="50.58488" lon="4.1992">
        <ele>91</ele>
      </trkpt>
      <trkpt lat="50.58512" lon="4.19919">
        <ele>92</ele>
      </trkpt>
      <trkpt lat="50.58626" lon="4.19942">
        <ele>93</ele>
      </trkpt>
      <trkpt lat="50.58682" lon="4.19958">
        <ele>94</ele>
      </trkpt>
      <trkpt lat="50.58706" lon="4.19968">
        <ele>93</ele>
      </trkpt>
      <trkpt lat="50.58719" lon="4.19976">
        <ele>93</ele>
      </trkpt>
      <trkpt lat="50.58739" lon="4.2">
        <ele>93</ele>
      </trkpt>
      <trkpt lat="50.58778" lon="4.20056">
        <ele>94</ele>
      </trkpt>
      <trkpt lat="50.58846" lon="4.20161">
        <ele>95</ele>
      </trkpt>
      <trkpt lat="50.58859" lon="4.20189">
        <ele>96</ele>
      </trkpt>
      <trkpt lat="50.5889" lon="4.20277">
        <ele>97</ele>
      </trkpt>
      <trkpt lat="50.58935" lon="4.20388">
        <ele>98</ele>
      </trkpt>
      <trkpt lat="50.58948" lon="4.20414">
        <ele>97</ele>
      </trkpt>
      <trkpt lat="50.58972" lon="4.20447">
        <ele>96</ele>
      </trkpt>
      <trkpt lat="50.59065" lon="4.20562">
        <ele>93</ele>
      </trkpt>
      <trkpt lat="50.59078" lon="4.20585">
        <ele>92</ele>
      </trkpt>
      <trkpt lat="50.59094" lon="4.20629">
        <ele>92</ele>
      </trkpt>
      <trkpt lat="50.59105" lon="4.20643">
        <ele>92</ele>
      </trkpt>
      <trkpt lat="50.59126" lon="4.20651">
        <ele>94</ele>
      </trkpt>
      <trkpt lat="50.59193" lon="4.20659">
        <ele>92</ele>
      </trkpt>
      <trkpt lat="50.59272" lon="4.20696">
        <ele>96</ele>
      </trkpt>
      <trkpt lat="50.59298" lon="4.20713">
        <ele>96</ele>
      </trkpt>
      <trkpt lat="50.59319" lon="4.20734">
        <ele>97</ele>
      </trkpt>
      <trkpt lat="50.59471" lon="4.20905">
        <ele>102</ele>
      </trkpt>
      <trkpt lat="50.59549" lon="4.20991">
        <ele>103</ele>
      </trkpt>
      <trkpt lat="50.59575" lon="4.21022">
        <ele>104</ele>
      </trkpt>
      <trkpt lat="50.596" lon="4.21063">
        <ele>105</ele>
      </trkpt>
      <trkpt lat="50.59615" lon="4.21082">
        <ele>105</ele>
      </trkpt>
      <trkpt lat="50.59726" lon="4.21201">
        <ele>99</ele>
      </trkpt>
      <trkpt lat="50.59944" lon="4.21431">
        <ele>95</ele>
      </trkpt>
      <trkpt lat="50.60126" lon="4.21615">
        <ele>95</ele>
      </trkpt>
      <trkpt lat="50.60149" lon="4.21646">
        <ele>94</ele>
      </trkpt>
      <trkpt lat="50.60167" lon="4.21674">
        <ele>93</ele>
      </trkpt>
      <trkpt lat="50.60215" lon="4.21766">
        <ele>91</ele>
      </trkpt>
      <trkpt lat="50.60262" lon="4.21865">
        <ele>88</ele>
      </trkpt>
      <trkpt lat="50.6029" lon="4.21941">
        <ele>86</ele>
      </trkpt>
      <trkpt lat="50.60333" lon="4.22078">
        <ele>76</ele>
      </trkpt>
      <trkpt lat="50.6034" lon="4.22108">
        <ele>73</ele>
      </trkpt>
      <trkpt lat="50.60339" lon="4.22145">
        <ele>72</ele>
      </trkpt>
      <trkpt lat="50.60458" lon="4.22159">
        <ele>66</ele>
      </trkpt>
      <trkpt lat="50.60482" lon="4.22166">
        <ele>64</ele>
      </trkpt>
      <trkpt lat="50.60635" lon="4.22247">
        <ele>59</ele>
      </trkpt>
      <trkpt lat="50.60732" lon="4.22269">
        <ele>59</ele>
      </trkpt>
      <trkpt lat="50.6071" lon="4.22495">
        <ele>58</ele>
      </trkpt>
      <trkpt lat="50.60707" lon="4.22514">
        <ele>59</ele>
      </trkpt>
      <trkpt lat="50.60682" lon="4.2261">
        <ele>58</ele>
      </trkpt>
      <trkpt lat="50.60674" lon="4.22605">
        <ele>58</ele>
      </trkpt>
      <trkpt lat="50.607" lon="4.22502">
        <ele>55</ele>
      </trkpt>
      <trkpt lat="50.6071" lon="4.22484">
        <ele>57</ele>
      </trkpt>
      <trkpt lat="50.60717" lon="4.22477">
        <ele>55</ele>
      </trkpt>
      <trkpt lat="50.60731" lon="4.22478">
        <ele>55</ele>
      </trkpt>
      <trkpt lat="50.60871" lon="4.22513">
        <ele>55</ele>
      </trkpt>
      <trkpt lat="50.61001" lon="4.22519">
        <ele>53</ele>
      </trkpt>
      <trkpt lat="50.61094" lon="4.22524">
        <ele>52</ele>
      </trkpt>
      <trkpt lat="50.61614" lon="4.22656">
        <ele>52</ele>
      </trkpt>
      <trkpt lat="50.6166" lon="4.22668">
        <ele>52</ele>
      </trkpt>
      <trkpt lat="50.61673" lon="4.22682">
        <ele>52</ele>
      </trkpt>
      <trkpt lat="50.6168" lon="4.22696">
        <ele>52</ele>
      </trkpt>
      <trkpt lat="50.61752" lon="4.22849">
        <ele>52</ele>
      </trkpt>
      <trkpt lat="50.61763" lon="4.22862">
        <ele>53</ele>
      </trkpt>
      <trkpt lat="50.61771" lon="4.22863">
        <ele>53</ele>
      </trkpt>
      <trkpt lat="50.61778" lon="4.22862">
        <ele>53</ele>
      </trkpt>
      <trkpt lat="50.61785" lon="4.22857">
        <ele>52</ele>
      </trkpt>
      <trkpt lat="50.61893" lon="4.22733">
        <ele>52</ele>
      </trkpt>
      <trkpt lat="50.61897" lon="4.2273">
        <ele>52</ele>
      </trkpt>
      <trkpt lat="50.61905" lon="4.2273">
        <ele>52</ele>
      </trkpt>
      <trkpt lat="50.62004" lon="4.22771">
        <ele>52</ele>
      </trkpt>
      <trkpt lat="50.62021" lon="4.2278">
        <ele>52</ele>
      </trkpt>
      <trkpt lat="50.62077" lon="4.2281">
        <ele>52</ele>
      </trkpt>
      <trkpt lat="50.62153" lon="4.2286">
        <ele>52</ele>
      </trkpt>
      <trkpt lat="50.62287" lon="4.22964">
        <ele>54</ele>
      </trkpt>
      <trkpt lat="50.62347" lon="4.23004">
        <ele>52</ele>
      </trkpt>
      <trkpt lat="50.62376" lon="4.23021">
        <ele>52</ele>
      </trkpt>
      <trkpt lat="50.6238" lon="4.23023">
        <ele>52</ele>
      </trkpt>
      <trkpt lat="50.62439" lon="4.23053">
        <ele>52</ele>
      </trkpt>
      <trkpt lat="50.62485" lon="4.23071">
        <ele>52</ele>
      </trkpt>
      <trkpt lat="50.62563" lon="4.23093">
        <ele>53</ele>
      </trkpt>
      <trkpt lat="50.62601" lon="4.23099">
        <ele>52</ele>
      </trkpt>
      <trkpt lat="50.62677" lon="4.23105">
        <ele>52</ele>
      </trkpt>
      <trkpt lat="50.628" lon="4.23109">
        <ele>52</ele>
      </trkpt>
      <trkpt lat="50.63131" lon="4.23118">
        <ele>52</ele>
      </trkpt>
      <trkpt lat="50.6319" lon="4.23129">
        <ele>52</ele>
      </trkpt>
      <trkpt lat="50.63208" lon="4.23134">
        <ele>53</ele>
      </trkpt>
      <trkpt lat="50.63258" lon="4.23149">
        <ele>52</ele>
      </trkpt>
      <trkpt lat="50.63345" lon="4.23194">
        <ele>53</ele>
      </trkpt>
      <trkpt lat="50.63417" lon="4.23241">
        <ele>53</ele>
      </trkpt>
      <trkpt lat="50.63496" lon="4.23305">
        <ele>53</ele>
      </trkpt>
      <trkpt lat="50.63692" lon="4.2359">
        <ele>52</ele>
      </trkpt>
      <trkpt lat="50.63774" lon="4.2371">
        <ele>52</ele>
      </trkpt>
      <trkpt lat="50.63855" lon="4.23811">
        <ele>52</ele>
      </trkpt>
      <trkpt lat="50.63926" lon="4.23871">
        <ele>52</ele>
      </trkpt>
      <trkpt lat="50.64017" lon="4.23934">
        <ele>54</ele>
      </trkpt>
      <trkpt lat="50.6412" lon="4.23975">
        <ele>54</ele>
      </trkpt>
      <trkpt lat="50.64172" lon="4.23984">
        <ele>53</ele>
      </trkpt>
      <trkpt lat="50.64198" lon="4.23988">
        <ele>52</ele>
      </trkpt>
      <trkpt lat="50.64213" lon="4.24033">
        <ele>53</ele>
      </trkpt>
      <trkpt lat="50.64226" lon="4.24066">
        <ele>55</ele>
      </trkpt>
      <trkpt lat="50.64239" lon="4.24111">
        <ele>54</ele>
      </trkpt>
      <trkpt lat="50.6424" lon="4.24127">
        <ele>53</ele>
      </trkpt>
      <trkpt lat="50.64229" lon="4.24244">
        <ele>51</ele>
      </trkpt>
      <trkpt lat="50.64222" lon="4.24313">
        <ele>52</ele>
      </trkpt>
      <trkpt lat="50.64201" lon="4.24496">
        <ele>53</ele>
      </trkpt>
      <trkpt lat="50.642" lon="4.24517">
        <ele>53</ele>
      </trkpt>
      <trkpt lat="50.64201" lon="4.24552">
        <ele>53</ele>
      </trkpt>
      <trkpt lat="50.64207" lon="4.24582">
        <ele>54</ele>
      </trkpt>
      <trkpt lat="50.64302" lon="4.24857">
        <ele>55</ele>
      </trkpt>
      <trkpt lat="50.64308" lon="4.24883">
        <ele>55</ele>
      </trkpt>
      <trkpt lat="50.64313" lon="4.24977">
        <ele>56</ele>
      </trkpt>
      <trkpt lat="50.64319" lon="4.25023">
        <ele>56</ele>
      </trkpt>
      <trkpt lat="50.6433" lon="4.25054">
        <ele>57</ele>
      </trkpt>
      <trkpt lat="50.64348" lon="4.25083">
        <ele>58</ele>
      </trkpt>
      <trkpt lat="50.64391" lon="4.25126">
        <ele>61</ele>
      </trkpt>
      <trkpt lat="50.64412" lon="4.25142">
        <ele>60</ele>
      </trkpt>
      <trkpt lat="50.64422" lon="4.25161">
        <ele>60</ele>
      </trkpt>
      <trkpt lat="50.64433" lon="4.25193">
        <ele>61</ele>
      </trkpt>
      <trkpt lat="50.6444" lon="4.25233">
        <ele>62</ele>
      </trkpt>
      <trkpt lat="50.64448" lon="4.25266">
        <ele>62</ele>
      </trkpt>
      <trkpt lat="50.64481" lon="4.25402">
        <ele>62</ele>
      </trkpt>
      <trkpt lat="50.64523" lon="4.25483">
        <ele>63</ele>
      </trkpt>
      <trkpt lat="50.64584" lon="4.25594">
        <ele>65</ele>
      </trkpt>
      <trkpt lat="50.64597" lon="4.25625">
        <ele>66</ele>
      </trkpt>
      <trkpt lat="50.64603" lon="4.25652">
        <ele>66</ele>
      </trkpt>
      <trkpt lat="50.64607" lon="4.25683">
        <ele>66</ele>
      </trkpt>
      <trkpt lat="50.64603" lon="4.25768">
        <ele>67</ele>
      </trkpt>
      <trkpt lat="50.64607" lon="4.25768">
        <ele>68</ele>
      </trkpt>
      <trkpt lat="50.64602" lon="4.25844">
        <ele>68</ele>
      </trkpt>
      <trkpt lat="50.646" lon="4.25875">
        <ele>68</ele>
      </trkpt>
      <trkpt lat="50.64603" lon="4.25897">
        <ele>69</ele>
      </trkpt>
      <trkpt lat="50.64597" lon="4.25903">
        <ele>69</ele>
      </trkpt>
      <trkpt lat="50.64595" lon="4.25914">
        <ele>69</ele>
      </trkpt>
      <trkpt lat="50.64598" lon="4.25925">
        <ele>69</ele>
      </trkpt>
      <trkpt lat="50.64606" lon="4.2593">
        <ele>69</ele>
      </trkpt>
      <trkpt lat="50.64609" lon="4.25928">
        <ele>69</ele>
      </trkpt>
      <trkpt lat="50.64679" lon="4.26134">
        <ele>69</ele>
      </trkpt>
      <trkpt lat="50.64699" lon="4.26174">
        <ele>69</ele>
      </trkpt>
      <trkpt lat="50.64784" lon="4.26297">
        <ele>70</ele>
      </trkpt>
      <trkpt lat="50.64836" lon="4.26368">
        <ele>70</ele>
      </trkpt>
      <trkpt lat="50.64844" lon="4.26382">
        <ele>70</ele>
      </trkpt>
      <trkpt lat="50.64856" lon="4.2644">
        <ele>70</ele>
      </trkpt>
      <trkpt lat="50.64862" lon="4.26454">
        <ele>70</ele>
      </trkpt>
      <trkpt lat="50.64898" lon="4.26503">
        <ele>71</ele>
      </trkpt>
      <trkpt lat="50.64931" lon="4.26577">
        <ele>73</ele>
      </trkpt>
      <trkpt lat="50.64945" lon="4.26585">
        <ele>74</ele>
      </trkpt>
      <trkpt lat="50.6496" lon="4.26586">
        <ele>74</ele>
      </trkpt>
      <trkpt lat="50.64969" lon="4.26585">
        <ele>74</ele>
      </trkpt>
      <trkpt lat="50.65008" lon="4.26572">
        <ele>75</ele>
      </trkpt>
      <trkpt lat="50.65025" lon="4.26562">
        <ele>76</ele>
      </trkpt>
      <trkpt lat="50.65037" lon="4.26541">
        <ele>77</ele>
      </trkpt>
      <trkpt lat="50.65049" lon="4.26488">
        <ele>78</ele>
      </trkpt>
      <trkpt lat="50.65065" lon="4.26461">
        <ele>79</ele>
      </trkpt>
      <trkpt lat="50.65086" lon="4.26453">
        <ele>79</ele>
      </trkpt>
      <trkpt lat="50.65094" lon="4.26452">
        <ele>79</ele>
      </trkpt>
      <trkpt lat="50.65115" lon="4.26465">
        <ele>80</ele>
      </trkpt>
      <trkpt lat="50.65159" lon="4.26543">
        <ele>84</ele>
      </trkpt>
      <trkpt lat="50.65162" lon="4.26553">
        <ele>85</ele>
      </trkpt>
      <trkpt lat="50.65164" lon="4.26573">
        <ele>87</ele>
      </trkpt>
      <trkpt lat="50.65167" lon="4.26654">
        <ele>93</ele>
      </trkpt>
      <trkpt lat="50.65166" lon="4.26671">
        <ele>94</ele>
      </trkpt>
      <trkpt lat="50.65145" lon="4.2675">
        <ele>97</ele>
      </trkpt>
      <trkpt lat="50.65143" lon="4.26766">
        <ele>96</ele>
      </trkpt>
      <trkpt lat="50.65151" lon="4.26849">
        <ele>98</ele>
      </trkpt>
      <trkpt lat="50.65152" lon="4.2689">
        <ele>98</ele>
      </trkpt>
      <trkpt lat="50.65152" lon="4.26939">
        <ele>99</ele>
      </trkpt>
      <trkpt lat="50.65146" lon="4.26982">
        <ele>100</ele>
      </trkpt>
      <trkpt lat="50.6514" lon="4.27015">
        <ele>101</ele>
      </trkpt>
      <trkpt lat="50.65145" lon="4.27052">
        <ele>103</ele>
      </trkpt>
      <trkpt lat="50.6517" lon="4.27102">
        <ele>107</ele>
      </trkpt>
      <trkpt lat="50.65175" lon="4.27118">
        <ele>107</ele>
      </trkpt>
      <trkpt lat="50.65207" lon="4.27272">
        <ele>106</ele>
      </trkpt>
      <trkpt lat="50.65215" lon="4.27301">
        <ele>106</ele>
      </trkpt>
      <trkpt lat="50.6523" lon="4.27337">
        <ele>105</ele>
      </trkpt>
      <trkpt lat="50.65245" lon="4.27363">
        <ele>105</ele>
      </trkpt>
      <trkpt lat="50.65303" lon="4.27504">
        <ele>104</ele>
      </trkpt>
      <trkpt lat="50.65322" lon="4.27553">
        <ele>104</ele>
      </trkpt>
      <trkpt lat="50.65329" lon="4.27593">
        <ele>103</ele>
      </trkpt>
      <trkpt lat="50.65333" lon="4.27671">
        <ele>101</ele>
      </trkpt>
      <trkpt lat="50.65339" lon="4.27773">
        <ele>99</ele>
      </trkpt>
      <trkpt lat="50.65348" lon="4.27808">
        <ele>98</ele>
      </trkpt>
      <trkpt lat="50.65386" lon="4.27869">
        <ele>95</ele>
      </trkpt>
      <trkpt lat="50.65393" lon="4.27891">
        <ele>94</ele>
      </trkpt>
      <trkpt lat="50.65433" lon="4.281">
        <ele>103</ele>
      </trkpt>
      <trkpt lat="50.65446" lon="4.28151">
        <ele>103</ele>
      </trkpt>
      <trkpt lat="50.65505" lon="4.28319">
        <ele>100</ele>
      </trkpt>
      <trkpt lat="50.65509" lon="4.28342">
        <ele>100</ele>
      </trkpt>
      <trkpt lat="50.65506" lon="4.28433">
        <ele>98</ele>
      </trkpt>
      <trkpt lat="50.65541" lon="4.28617">
        <ele>91</ele>
      </trkpt>
      <trkpt lat="50.65541" lon="4.28634">
        <ele>91</ele>
      </trkpt>
      <trkpt lat="50.6554" lon="4.28651">
        <ele>91</ele>
      </trkpt>
      <trkpt lat="50.65514" lon="4.28731">
        <ele>91</ele>
      </trkpt>
      <trkpt lat="50.65507" lon="4.2877">
        <ele>90</ele>
      </trkpt>
      <trkpt lat="50.65516" lon="4.28971">
        <ele>91</ele>
      </trkpt>
      <trkpt lat="50.65516" lon="4.29071">
        <ele>92</ele>
      </trkpt>
      <trkpt lat="50.65514" lon="4.29123">
        <ele>94</ele>
      </trkpt>
      <trkpt lat="50.65503" lon="4.29164">
        <ele>97</ele>
      </trkpt>
      <trkpt lat="50.65471" lon="4.29226">
        <ele>103</ele>
      </trkpt>
      <trkpt lat="50.65447" lon="4.2926">
        <ele>105</ele>
      </trkpt>
      <trkpt lat="50.6543" lon="4.29291">
        <ele>108</ele>
      </trkpt>
      <trkpt lat="50.65417" lon="4.2933">
        <ele>109</ele>
      </trkpt>
      <trkpt lat="50.65413" lon="4.29367">
        <ele>112</ele>
      </trkpt>
      <trkpt lat="50.65411" lon="4.29394">
        <ele>112</ele>
      </trkpt>
      <trkpt lat="50.65411" lon="4.29474">
        <ele>115</ele>
      </trkpt>
      <trkpt lat="50.65405" lon="4.2955">
        <ele>115</ele>
      </trkpt>
      <trkpt lat="50.65399" lon="4.29587">
        <ele>116</ele>
      </trkpt>
      <trkpt lat="50.65377" lon="4.29659">
        <ele>117</ele>
      </trkpt>
      <trkpt lat="50.65363" lon="4.29724">
        <ele>117</ele>
      </trkpt>
      <trkpt lat="50.65356" lon="4.29773">
        <ele>118</ele>
      </trkpt>
      <trkpt lat="50.65354" lon="4.29802">
        <ele>116</ele>
      </trkpt>
      <trkpt lat="50.65354" lon="4.29829">
        <ele>116</ele>
      </trkpt>
      <trkpt lat="50.65422" lon="4.29855">
        <ele>119</ele>
      </trkpt>
      <trkpt lat="50.65447" lon="4.29874">
        <ele>120</ele>
      </trkpt>
      <trkpt lat="50.65466" lon="4.29897">
        <ele>121</ele>
      </trkpt>
      <trkpt lat="50.65523" lon="4.2999">
        <ele>124</ele>
      </trkpt>
      <trkpt lat="50.65543" lon="4.30027">
        <ele>125</ele>
      </trkpt>
      <trkpt lat="50.65576" lon="4.30098">
        <ele>126</ele>
      </trkpt>
      <trkpt lat="50.6564" lon="4.30263">
        <ele>124</ele>
      </trkpt>
      <trkpt lat="50.65722" lon="4.30464">
        <ele>122</ele>
      </trkpt>
      <trkpt lat="50.65758" lon="4.30545">
        <ele>123</ele>
      </trkpt>
      <trkpt lat="50.6564" lon="4.30699">
        <ele>125</ele>
      </trkpt>
      <trkpt lat="50.65528" lon="4.30844">
        <ele>131</ele>
      </trkpt>
      <trkpt lat="50.6549" lon="4.30902">
        <ele>133</ele>
      </trkpt>
      <trkpt lat="50.65404" lon="4.31036">
        <ele>135</ele>
      </trkpt>
      <trkpt lat="50.65305" lon="4.31195">
        <ele>130</ele>
      </trkpt>
      <trkpt lat="50.65244" lon="4.31274">
        <ele>130</ele>
      </trkpt>
      <trkpt lat="50.65186" lon="4.31336">
        <ele>132</ele>
      </trkpt>
      <trkpt lat="50.64875" lon="4.316">
        <ele>141</ele>
      </trkpt>
      <trkpt lat="50.64821" lon="4.3164">
        <ele>141</ele>
      </trkpt>
      <trkpt lat="50.64751" lon="4.31675">
        <ele>141</ele>
      </trkpt>
      <trkpt lat="50.6471" lon="4.31688">
        <ele>140</ele>
      </trkpt>
      <trkpt lat="50.64674" lon="4.31695">
        <ele>140</ele>
      </trkpt>
      <trkpt lat="50.64495" lon="4.31706">
        <ele>139</ele>
      </trkpt>
      <trkpt lat="50.644" lon="4.31727">
        <ele>139</ele>
      </trkpt>
      <trkpt lat="50.64387" lon="4.31729">
        <ele>139</ele>
      </trkpt>
      <trkpt lat="50.64337" lon="4.31745">
        <ele>139</ele>
      </trkpt>
      <trkpt lat="50.64317" lon="4.31758">
        <ele>140</ele>
      </trkpt>
      <trkpt lat="50.64298" lon="4.31776">
        <ele>140</ele>
      </trkpt>
      <trkpt lat="50.64289" lon="4.31788">
        <ele>141</ele>
      </trkpt>
      <trkpt lat="50.64272" lon="4.31812">
        <ele>141</ele>
      </trkpt>
      <trkpt lat="50.64274" lon="4.31821">
        <ele>141</ele>
      </trkpt>
      <trkpt lat="50.64304" lon="4.31884">
        <ele>142</ele>
      </trkpt>
      <trkpt lat="50.64348" lon="4.32007">
        <ele>142</ele>
      </trkpt>
      <trkpt lat="50.64354" lon="4.32027">
        <ele>141</ele>
      </trkpt>
      <trkpt lat="50.6436" lon="4.3207">
        <ele>141</ele>
      </trkpt>
      <trkpt lat="50.64378" lon="4.32276">
        <ele>142</ele>
      </trkpt>
      <trkpt lat="50.64381" lon="4.32294">
        <ele>142</ele>
      </trkpt>
      <trkpt lat="50.64396" lon="4.32324">
        <ele>141</ele>
      </trkpt>
      <trkpt lat="50.64376" lon="4.32372">
        <ele>141</ele>
      </trkpt>
      <trkpt lat="50.64213" lon="4.32784">
        <ele>139</ele>
      </trkpt>
      <trkpt lat="50.6416" lon="4.32905">
        <ele>139</ele>
      </trkpt>
      <trkpt lat="50.64118" lon="4.33012">
        <ele>143</ele>
      </trkpt>
      <trkpt lat="50.64091" lon="4.33077">
        <ele>142</ele>
      </trkpt>
      <trkpt lat="50.64055" lon="4.33198">
        <ele>139</ele>
      </trkpt>
      <trkpt lat="50.64009" lon="4.33305">
        <ele>139</ele>
      </trkpt>
      <trkpt lat="50.63993" lon="4.33361">
        <ele>140</ele>
      </trkpt>
      <trkpt lat="50.63916" lon="4.33572">
        <ele>141</ele>
      </trkpt>
      <trkpt lat="50.63884" lon="4.33648">
        <ele>143</ele>
      </trkpt>
      <trkpt lat="50.63845" lon="4.33728">
        <ele>142</ele>
      </trkpt>
      <trkpt lat="50.63823" lon="4.33786">
        <ele>141</ele>
      </trkpt>
      <trkpt lat="50.6381" lon="4.33839">
        <ele>139</ele>
      </trkpt>
      <trkpt lat="50.63804" lon="4.33872">
        <ele>138</ele>
      </trkpt>
      <trkpt lat="50.63779" lon="4.34095">
        <ele>137</ele>
      </trkpt>
      <trkpt lat="50.6375" lon="4.34313">
        <ele>134</ele>
      </trkpt>
      <trkpt lat="50.63741" lon="4.34358">
        <ele>134</ele>
      </trkpt>
      <trkpt lat="50.63739" lon="4.34369">
        <ele>134</ele>
      </trkpt>
      <trkpt lat="50.63729" lon="4.34396">
        <ele>132</ele>
      </trkpt>
      <trkpt lat="50.63706" lon="4.34447">
        <ele>130</ele>
      </trkpt>
      <trkpt lat="50.63696" lon="4.34474">
        <ele>130</ele>
      </trkpt>
      <trkpt lat="50.63689" lon="4.34502">
        <ele>129</ele>
      </trkpt>
      <trkpt lat="50.63685" lon="4.34535">
        <ele>129</ele>
      </trkpt>
      <trkpt lat="50.63686" lon="4.34587">
        <ele>128</ele>
      </trkpt>
      <trkpt lat="50.63692" lon="4.34618">
        <ele>128</ele>
      </trkpt>
      <trkpt lat="50.63715" lon="4.34698">
        <ele>128</ele>
      </trkpt>
      <trkpt lat="50.63721" lon="4.34723">
        <ele>128</ele>
      </trkpt>
      <trkpt lat="50.63722" lon="4.34743">
        <ele>127</ele>
      </trkpt>
      <trkpt lat="50.6372" lon="4.34771">
        <ele>127</ele>
      </trkpt>
      <trkpt lat="50.63736" lon="4.34788">
        <ele>127</ele>
      </trkpt>
      <trkpt lat="50.63815" lon="4.34931">
        <ele>126</ele>
      </trkpt>
      <trkpt lat="50.63833" lon="4.34956">
        <ele>126</ele>
      </trkpt>
      <trkpt lat="50.63883" lon="4.35027">
        <ele>126</ele>
      </trkpt>
      <trkpt lat="50.63921" lon="4.35148">
        <ele>125</ele>
      </trkpt>
      <trkpt lat="50.6395" lon="4.35263">
        <ele>123</ele>
      </trkpt>
      <trkpt lat="50.64001" lon="4.35407">
        <ele>120</ele>
      </trkpt>
      <trkpt lat="50.64036" lon="4.35469">
        <ele>119</ele>
      </trkpt>
      <trkpt lat="50.64054" lon="4.35496">
        <ele>119</ele>
      </trkpt>
      <trkpt lat="50.64197" lon="4.35692">
        <ele>117</ele>
      </trkpt>
      <trkpt lat="50.64313" lon="4.35851">
        <ele>116</ele>
      </trkpt>
      <trkpt lat="50.64371" lon="4.35911">
        <ele>115</ele>
      </trkpt>
      <trkpt lat="50.64411" lon="4.35942">
        <ele>115</ele>
      </trkpt>
      <trkpt lat="50.64579" lon="4.36041">
        <ele>113</ele>
      </trkpt>
      <trkpt lat="50.64584" lon="4.36049">
        <ele>113</ele>
      </trkpt>
      <trkpt lat="50.64587" lon="4.3606">
        <ele>114</ele>
      </trkpt>
      <trkpt lat="50.64607" lon="4.36236">
        <ele>121</ele>
      </trkpt>
      <trkpt lat="50.64602" lon="4.36239">
        <ele>121</ele>
      </trkpt>
      <trkpt lat="50.64592" lon="4.3622">
        <ele>121</ele>
      </trkpt>
      <trkpt lat="50.64571" lon="4.3617">
        <ele>122</ele>
      </trkpt>
      <trkpt lat="50.64561" lon="4.36166">
        <ele>123</ele>
      </trkpt>
      <trkpt lat="50.64547" lon="4.36168">
        <ele>124</ele>
      </trkpt>
      <trkpt lat="50.64549" lon="4.36222">
        <ele>125</ele>
      </trkpt>
      <trkpt lat="50.64541" lon="4.36241">
        <ele>126</ele>
      </trkpt>
      <trkpt lat="50.64538" lon="4.36255">
        <ele>126</ele>
      </trkpt>
      <trkpt lat="50.64541" lon="4.36268">
        <ele>125</ele>
      </trkpt>
      <trkpt lat="50.64557" lon="4.36311">
        <ele>124</ele>
      </trkpt>
      <trkpt lat="50.6455" lon="4.36319">
        <ele>124</ele>
      </trkpt>
      <trkpt lat="50.64465" lon="4.36422">
        <ele>127</ele>
      </trkpt>
      <trkpt lat="50.64457" lon="4.36432">
        <ele>127</ele>
      </trkpt>
      <trkpt lat="50.64436" lon="4.36467">
        <ele>128</ele>
      </trkpt>
      <trkpt lat="50.64419" lon="4.36482">
        <ele>128</ele>
      </trkpt>
      <trkpt lat="50.64376" lon="4.36541">
        <ele>128</ele>
      </trkpt>
      <trkpt lat="50.64373" lon="4.36542">
        <ele>128</ele>
      </trkpt>
      <trkpt lat="50.64367" lon="4.36549">
        <ele>128</ele>
      </trkpt>
      <trkpt lat="50.64352" lon="4.36572">
        <ele>129</ele>
      </trkpt>
      <trkpt lat="50.64324" lon="4.36606">
        <ele>130</ele>
      </trkpt>
      <trkpt lat="50.64306" lon="4.36636">
        <ele>130</ele>
      </trkpt>
      <trkpt lat="50.64297" lon="4.36658">
        <ele>131</ele>
      </trkpt>
      <trkpt lat="50.6429" lon="4.36665">
        <ele>131</ele>
      </trkpt>
      <trkpt lat="50.64268" lon="4.36711">
        <ele>132</ele>
      </trkpt>
      <trkpt lat="50.64263" lon="4.36731">
        <ele>132</ele>
      </trkpt>
      <trkpt lat="50.6426" lon="4.36738">
        <ele>132</ele>
      </trkpt>
      <trkpt lat="50.64233" lon="4.36802">
        <ele>134</ele>
      </trkpt>
      <trkpt lat="50.64161" lon="4.36951">
        <ele>137</ele>
      </trkpt>
      <trkpt lat="50.64136" lon="4.3701">
        <ele>139</ele>
      </trkpt>
      <trkpt lat="50.64091" lon="4.37137">
        <ele>141</ele>
      </trkpt>
      <trkpt lat="50.64068" lon="4.37213">
        <ele>141</ele>
      </trkpt>
      <trkpt lat="50.64046" lon="4.37265">
        <ele>142</ele>
      </trkpt>
      <trkpt lat="50.64035" lon="4.37286">
        <ele>142</ele>
      </trkpt>
      <trkpt lat="50.64" lon="4.37339">
        <ele>142</ele>
      </trkpt>
      <trkpt lat="50.63956" lon="4.37412">
        <ele>143</ele>
      </trkpt>
      <trkpt lat="50.63931" lon="4.3745">
        <ele>143</ele>
      </trkpt>
      <trkpt lat="50.63922" lon="4.37461">
        <ele>143</ele>
      </trkpt>
      <trkpt lat="50.63883" lon="4.3752">
        <ele>144</ele>
      </trkpt>
      <trkpt lat="50.63875" lon="4.37538">
        <ele>144</ele>
      </trkpt>
      <trkpt lat="50.63819" lon="4.3762">
        <ele>145</ele>
      </trkpt>
      <trkpt lat="50.63731" lon="4.37757">
        <ele>147</ele>
      </trkpt>
      <trkpt lat="50.63714" lon="4.37788">
        <ele>148</ele>
      </trkpt>
      <trkpt lat="50.63505" lon="4.38198">
        <ele>145</ele>
      </trkpt>
      <trkpt lat="50.63419" lon="4.38347">
        <ele>142</ele>
      </trkpt>
      <trkpt lat="50.63365" lon="4.38433">
        <ele>142</ele>
      </trkpt>
      <trkpt lat="50.63293" lon="4.38557">
        <ele>144</ele>
      </trkpt>
      <trkpt lat="50.63266" lon="4.38597">
        <ele>145</ele>
      </trkpt>
      <trkpt lat="50.6321" lon="4.38654">
        <ele>146</ele>
      </trkpt>
      <trkpt lat="50.63129" lon="4.38712">
        <ele>147</ele>
      </trkpt>
      <trkpt lat="50.62698" lon="4.39034">
        <ele>161</ele>
      </trkpt>
      <trkpt lat="50.62556" lon="4.39169">
        <ele>157</ele>
      </trkpt>
      <trkpt lat="50.62461" lon="4.39256">
        <ele>155</ele>
      </trkpt>
      <trkpt lat="50.62386" lon="4.3933">
        <ele>155</ele>
      </trkpt>
      <trkpt lat="50.62333" lon="4.39377">
        <ele>153</ele>
      </trkpt>
      <trkpt lat="50.62283" lon="4.39412">
        <ele>152</ele>
      </trkpt>
      <trkpt lat="50.62202" lon="4.39456">
        <ele>152</ele>
      </trkpt>
      <trkpt lat="50.62108" lon="4.39503">
        <ele>146</ele>
      </trkpt>
      <trkpt lat="50.62073" lon="4.39524">
        <ele>145</ele>
      </trkpt>
      <trkpt lat="50.62035" lon="4.39552">
        <ele>146</ele>
      </trkpt>
      <trkpt lat="50.62003" lon="4.39583">
        <ele>147</ele>
      </trkpt>
      <trkpt lat="50.61973" lon="4.39618">
        <ele>148</ele>
      </trkpt>
      <trkpt lat="50.61919" lon="4.39694">
        <ele>147</ele>
      </trkpt>
      <trkpt lat="50.61895" lon="4.3974">
        <ele>146</ele>
      </trkpt>
      <trkpt lat="50.61805" lon="4.39953">
        <ele>144</ele>
      </trkpt>
      <trkpt lat="50.61759" lon="4.40039">
        <ele>143</ele>
      </trkpt>
      <trkpt lat="50.61735" lon="4.40074">
        <ele>142</ele>
      </trkpt>
      <trkpt lat="50.61719" lon="4.40097">
        <ele>142</ele>
      </trkpt>
      <trkpt lat="50.61677" lon="4.40146">
        <ele>141</ele>
      </trkpt>
      <trkpt lat="50.61661" lon="4.40161">
        <ele>141</ele>
      </trkpt>
      <trkpt lat="50.61514" lon="4.40265">
        <ele>139</ele>
      </trkpt>
      <trkpt lat="50.61486" lon="4.40287">
        <ele>139</ele>
      </trkpt>
      <trkpt lat="50.61396" lon="4.40348">
        <ele>138</ele>
      </trkpt>
      <trkpt lat="50.61171" lon="4.40507">
        <ele>132</ele>
      </trkpt>
      <trkpt lat="50.61138" lon="4.40542">
        <ele>131</ele>
      </trkpt>
      <trkpt lat="50.61103" lon="4.40594">
        <ele>130</ele>
      </trkpt>
      <trkpt lat="50.61072" lon="4.40654">
        <ele>130</ele>
      </trkpt>
      <trkpt lat="50.6105" lon="4.40707">
        <ele>129</ele>
      </trkpt>
      <trkpt lat="50.61032" lon="4.40764">
        <ele>129</ele>
      </trkpt>
      <trkpt lat="50.6102" lon="4.40824">
        <ele>127</ele>
      </trkpt>
      <trkpt lat="50.61013" lon="4.40881">
        <ele>126</ele>
      </trkpt>
      <trkpt lat="50.60994" lon="4.41109">
        <ele>122</ele>
      </trkpt>
      <trkpt lat="50.60979" lon="4.41319">
        <ele>117</ele>
      </trkpt>
      <trkpt lat="50.60974" lon="4.41352">
        <ele>118</ele>
      </trkpt>
      <trkpt lat="50.60957" lon="4.41411">
        <ele>120</ele>
      </trkpt>
      <trkpt lat="50.60837" lon="4.41636">
        <ele>129</ele>
      </trkpt>
      <trkpt lat="50.60821" lon="4.41681">
        <ele>130</ele>
      </trkpt>
      <trkpt lat="50.60805" lon="4.41731">
        <ele>131</ele>
      </trkpt>
      <trkpt lat="50.60791" lon="4.41796">
        <ele>133</ele>
      </trkpt>
      <trkpt lat="50.60739" lon="4.42172">
        <ele>135</ele>
      </trkpt>
      <trkpt lat="50.60725" lon="4.42274">
        <ele>132</ele>
      </trkpt>
      <trkpt lat="50.60721" lon="4.4229">
        <ele>132</ele>
      </trkpt>
      <trkpt lat="50.60721" lon="4.42308">
        <ele>131</ele>
      </trkpt>
      <trkpt lat="50.60711" lon="4.42381">
        <ele>128</ele>
      </trkpt>
      <trkpt lat="50.60709" lon="4.42414">
        <ele>127</ele>
      </trkpt>
      <trkpt lat="50.60703" lon="4.42442">
        <ele>126</ele>
      </trkpt>
      <trkpt lat="50.60691" lon="4.42527">
        <ele>123</ele>
      </trkpt>
      <trkpt lat="50.60687" lon="4.42547">
        <ele>122</ele>
      </trkpt>
      <trkpt lat="50.60685" lon="4.42574">
        <ele>120</ele>
      </trkpt>
      <trkpt lat="50.60651" lon="4.42822">
        <ele>112</ele>
      </trkpt>
      <trkpt lat="50.60639" lon="4.42838">
        <ele>112</ele>
      </trkpt>
      <trkpt lat="50.60628" lon="4.42844">
        <ele>112</ele>
      </trkpt>
      <trkpt lat="50.60659" lon="4.42968">
        <ele>113</ele>
      </trkpt>
      <trkpt lat="50.60697" lon="4.43194">
        <ele>115</ele>
      </trkpt>
      <trkpt lat="50.6072" lon="4.43315">
        <ele>115</ele>
      </trkpt>
      <trkpt lat="50.60733" lon="4.43371">
        <ele>114</ele>
      </trkpt>
      <trkpt lat="50.60739" lon="4.43409">
        <ele>114</ele>
      </trkpt>
      <trkpt lat="50.60764" lon="4.43631">
        <ele>113</ele>
      </trkpt>
      <trkpt lat="50.60807" lon="4.43903">
        <ele>115</ele>
      </trkpt>
      <trkpt lat="50.60844" lon="4.44236">
        <ele>108</ele>
      </trkpt>
      <trkpt lat="50.60883" lon="4.44595">
        <ele>105</ele>
      </trkpt>
      <trkpt lat="50.60888" lon="4.44631">
        <ele>105</ele>
      </trkpt>
      <trkpt lat="50.60893" lon="4.44654">
        <ele>105</ele>
      </trkpt>
      <trkpt lat="50.60903" lon="4.4468">
        <ele>105</ele>
      </trkpt>
      <trkpt lat="50.60918" lon="4.44706">
        <ele>105</ele>
      </trkpt>
      <trkpt lat="50.60958" lon="4.44768">
        <ele>104</ele>
      </trkpt>
      <trkpt lat="50.61019" lon="4.44852">
        <ele>102</ele>
      </trkpt>
      <trkpt lat="50.61051" lon="4.44903">
        <ele>102</ele>
      </trkpt>
      <trkpt lat="50.61055" lon="4.44915">
        <ele>103</ele>
      </trkpt>
      <trkpt lat="50.61068" lon="4.45052">
        <ele>106</ele>
      </trkpt>
      <trkpt lat="50.61085" lon="4.45057">
        <ele>106</ele>
      </trkpt>
      <trkpt lat="50.61096" lon="4.45063">
        <ele>107</ele>
      </trkpt>
      <trkpt lat="50.61124" lon="4.45073">
        <ele>107</ele>
      </trkpt>
      <trkpt lat="50.61141" lon="4.45086">
        <ele>107</ele>
      </trkpt>
      <trkpt lat="50.61158" lon="4.45104">
        <ele>108</ele>
      </trkpt>
      <trkpt lat="50.61177" lon="4.45112">
        <ele>108</ele>
      </trkpt>
      <trkpt lat="50.61243" lon="4.45108">
        <ele>109</ele>
      </trkpt>
      <trkpt lat="50.61283" lon="4.45094">
        <ele>109</ele>
      </trkpt>
      <trkpt lat="50.61342" lon="4.45064">
        <ele>110</ele>
      </trkpt>
      <trkpt lat="50.61419" lon="4.44994">
        <ele>112</ele>
      </trkpt>
      <trkpt lat="50.61427" lon="4.44998">
        <ele>112</ele>
      </trkpt>
      <trkpt lat="50.61483" lon="4.4501">
        <ele>114</ele>
      </trkpt>
      <trkpt lat="50.61521" lon="4.45007">
        <ele>115</ele>
      </trkpt>
      <trkpt lat="50.6158" lon="4.44996">
        <ele>117</ele>
      </trkpt>
      <trkpt lat="50.61589" lon="4.44999">
        <ele>117</ele>
      </trkpt>
      <trkpt lat="50.61595" lon="4.44965">
        <ele>117</ele>
      </trkpt>
      <trkpt lat="50.61616" lon="4.44969">
        <ele>117</ele>
      </trkpt>
      <trkpt lat="50.61702" lon="4.44945">
        <ele>119</ele>
      </trkpt>
      <trkpt lat="50.61769" lon="4.4493">
        <ele>122</ele>
      </trkpt>
      <trkpt lat="50.61813" lon="4.44917">
        <ele>123</ele>
      </trkpt>
      <trkpt lat="50.61867" lon="4.44888">
        <ele>122</ele>
      </trkpt>
      <trkpt lat="50.61882" lon="4.44882">
        <ele>121</ele>
      </trkpt>
      <trkpt lat="50.61925" lon="4.44876">
        <ele>120</ele>
      </trkpt>
      <trkpt lat="50.61945" lon="4.44883">
        <ele>120</ele>
      </trkpt>
      <trkpt lat="50.61961" lon="4.44899">
        <ele>120</ele>
      </trkpt>
      <trkpt lat="50.61968" lon="4.44911">
        <ele>120</ele>
      </trkpt>
      <trkpt lat="50.62027" lon="4.45073">
        <ele>123</ele>
      </trkpt>
      <trkpt lat="50.62049" lon="4.45122">
        <ele>124</ele>
      </trkpt>
      <trkpt lat="50.62082" lon="4.45187">
        <ele>127</ele>
      </trkpt>
      <trkpt lat="50.62143" lon="4.45287">
        <ele>130</ele>
      </trkpt>
      <trkpt lat="50.62188" lon="4.45354">
        <ele>132</ele>
      </trkpt>
      <trkpt lat="50.6233" lon="4.45564">
        <ele>126</ele>
      </trkpt>
      <trkpt lat="50.62379" lon="4.4563">
        <ele>123</ele>
      </trkpt>
      <trkpt lat="50.62439" lon="4.45733">
        <ele>118</ele>
      </trkpt>
      <trkpt lat="50.62473" lon="4.4578">
        <ele>116</ele>
      </trkpt>
      <trkpt lat="50.62557" lon="4.45865">
        <ele>111</ele>
      </trkpt>
      <trkpt lat="50.62566" lon="4.45872">
        <ele>110</ele>
      </trkpt>
      <trkpt lat="50.62581" lon="4.45877">
        <ele>110</ele>
      </trkpt>
      <trkpt lat="50.62594" lon="4.45872">
        <ele>110</ele>
      </trkpt>
      <trkpt lat="50.62869" lon="4.45714">
        <ele>119</ele>
      </trkpt>
      <trkpt lat="50.62892" lon="4.45693">
        <ele>120</ele>
      </trkpt>
      <trkpt lat="50.62901" lon="4.45677">
        <ele>121</ele>
      </trkpt>
      <trkpt lat="50.62917" lon="4.45632">
        <ele>123</ele>
      </trkpt>
      <trkpt lat="50.62953" lon="4.45523">
        <ele>126</ele>
      </trkpt>
      <trkpt lat="50.62968" lon="4.45434">
        <ele>128</ele>
      </trkpt>
      <trkpt lat="50.62972" lon="4.45423">
        <ele>128</ele>
      </trkpt>
      <trkpt lat="50.63002" lon="4.45363">
        <ele>131</ele>
      </trkpt>
      <trkpt lat="50.63016" lon="4.45342">
        <ele>133</ele>
      </trkpt>
      <trkpt lat="50.63031" lon="4.45333">
        <ele>133</ele>
      </trkpt>
      <trkpt lat="50.63081" lon="4.45317">
        <ele>135</ele>
      </trkpt>
      <trkpt lat="50.6316" lon="4.45221">
        <ele>135</ele>
      </trkpt>
      <trkpt lat="50.63172" lon="4.45215">
        <ele>136</ele>
      </trkpt>
      <trkpt lat="50.63226" lon="4.45218">
        <ele>137</ele>
      </trkpt>
      <trkpt lat="50.63316" lon="4.4518">
        <ele>136</ele>
      </trkpt>
      <trkpt lat="50.63326" lon="4.45179">
        <ele>137</ele>
      </trkpt>
      <trkpt lat="50.6334" lon="4.45184">
        <ele>137</ele>
      </trkpt>
      <trkpt lat="50.63412" lon="4.45243">
        <ele>137</ele>
      </trkpt>
      <trkpt lat="50.63454" lon="4.4527">
        <ele>137</ele>
      </trkpt>
      <trkpt lat="50.6347" lon="4.45278">
        <ele>137</ele>
      </trkpt>
      <trkpt lat="50.63499" lon="4.45287">
        <ele>137</ele>
      </trkpt>
      <trkpt lat="50.63591" lon="4.45292">
        <ele>135</ele>
      </trkpt>
      <trkpt lat="50.63631" lon="4.45301">
        <ele>135</ele>
      </trkpt>
      <trkpt lat="50.63707" lon="4.45296">
        <ele>138</ele>
      </trkpt>
      <trkpt lat="50.63724" lon="4.45301">
        <ele>137</ele>
      </trkpt>
      <trkpt lat="50.63735" lon="4.45308">
        <ele>137</ele>
      </trkpt>
      <trkpt lat="50.63787" lon="4.45359">
        <ele>138</ele>
      </trkpt>
      <trkpt lat="50.63832" lon="4.454">
        <ele>140</ele>
      </trkpt>
      <trkpt lat="50.6385" lon="4.45407">
        <ele>141</ele>
      </trkpt>
      <trkpt lat="50.63869" lon="4.45412">
        <ele>142</ele>
      </trkpt>
      <trkpt lat="50.6389" lon="4.45413">
        <ele>142</ele>
      </trkpt>
      <trkpt lat="50.63995" lon="4.45414">
        <ele>145</ele>
      </trkpt>
      <trkpt lat="50.64035" lon="4.45425">
        <ele>146</ele>
      </trkpt>
      <trkpt lat="50.64129" lon="4.45473">
        <ele>149</ele>
      </trkpt>
      <trkpt lat="50.64143" lon="4.45482">
        <ele>148</ele>
      </trkpt>
      <trkpt lat="50.64235" lon="4.45561">
        <ele>144</ele>
      </trkpt>
      <trkpt lat="50.64277" lon="4.45583">
        <ele>142</ele>
      </trkpt>
      <trkpt lat="50.64337" lon="4.45641">
        <ele>139</ele>
      </trkpt>
      <trkpt lat="50.64358" lon="4.45656">
        <ele>138</ele>
      </trkpt>
      <trkpt lat="50.64492" lon="4.457">
        <ele>136</ele>
      </trkpt>
      <trkpt lat="50.64508" lon="4.45709">
        <ele>136</ele>
      </trkpt>
      <trkpt lat="50.64525" lon="4.45723">
        <ele>136</ele>
      </trkpt>
      <trkpt lat="50.64563" lon="4.45772">
        <ele>138</ele>
      </trkpt>
      <trkpt lat="50.64573" lon="4.45781">
        <ele>139</ele>
      </trkpt>
      <trkpt lat="50.64583" lon="4.45787">
        <ele>140</ele>
      </trkpt>
      <trkpt lat="50.64601" lon="4.45791">
        <ele>141</ele>
      </trkpt>
      <trkpt lat="50.64654" lon="4.4578">
        <ele>137</ele>
      </trkpt>
      <trkpt lat="50.64706" lon="4.45773">
        <ele>137</ele>
      </trkpt>
      <trkpt lat="50.64725" lon="4.45765">
        <ele>137</ele>
      </trkpt>
      <trkpt lat="50.65019" lon="4.45587">
        <ele>132</ele>
      </trkpt>
      <trkpt lat="50.65039" lon="4.45579">
        <ele>131</ele>
      </trkpt>
      <trkpt lat="50.65047" lon="4.4558">
        <ele>131</ele>
      </trkpt>
      <trkpt lat="50.65102" lon="4.45611">
        <ele>130</ele>
      </trkpt>
      <trkpt lat="50.65137" lon="4.45636">
        <ele>130</ele>
      </trkpt>
      <trkpt lat="50.65198" lon="4.4569">
        <ele>127</ele>
      </trkpt>
      <trkpt lat="50.65235" lon="4.45714">
        <ele>126</ele>
      </trkpt>
      <trkpt lat="50.65266" lon="4.45729">
        <ele>126</ele>
      </trkpt>
      <trkpt lat="50.65285" lon="4.45744">
        <ele>125</ele>
      </trkpt>
      <trkpt lat="50.65301" lon="4.4576">
        <ele>125</ele>
      </trkpt>
      <trkpt lat="50.65342" lon="4.45809">
        <ele>122</ele>
      </trkpt>
      <trkpt lat="50.65365" lon="4.45843">
        <ele>121</ele>
      </trkpt>
      <trkpt lat="50.65371" lon="4.45856">
        <ele>121</ele>
      </trkpt>
      <trkpt lat="50.65382" lon="4.45892">
        <ele>120</ele>
      </trkpt>
      <trkpt lat="50.65397" lon="4.45943">
        <ele>120</ele>
      </trkpt>
      <trkpt lat="50.65411" lon="4.45973">
        <ele>119</ele>
      </trkpt>
      <trkpt lat="50.65496" lon="4.46119">
        <ele>117</ele>
      </trkpt>
      <trkpt lat="50.65524" lon="4.46161">
        <ele>116</ele>
      </trkpt>
      <trkpt lat="50.6554" lon="4.46181">
        <ele>115</ele>
      </trkpt>
      <trkpt lat="50.65647" lon="4.46288">
        <ele>112</ele>
      </trkpt>
      <trkpt lat="50.65664" lon="4.46298">
        <ele>113</ele>
      </trkpt>
      <trkpt lat="50.65672" lon="4.463">
        <ele>113</ele>
      </trkpt>
      <trkpt lat="50.65688" lon="4.46297">
        <ele>114</ele>
      </trkpt>
      <trkpt lat="50.65766" lon="4.4625">
        <ele>117</ele>
      </trkpt>
      <trkpt lat="50.65842" lon="4.46232">
        <ele>119</ele>
      </trkpt>
      <trkpt lat="50.65867" lon="4.46227">
        <ele>119</ele>
      </trkpt>
      <trkpt lat="50.65894" lon="4.46226">
        <ele>118</ele>
      </trkpt>
      <trkpt lat="50.65971" lon="4.46226">
        <ele>115</ele>
      </trkpt>
      <trkpt lat="50.65988" lon="4.46228">
        <ele>115</ele>
      </trkpt>
      <trkpt lat="50.66022" lon="4.46176">
        <ele>115</ele>
      </trkpt>
      <trkpt lat="50.66032" lon="4.46167">
        <ele>115</ele>
      </trkpt>
      <trkpt lat="50.66077" lon="4.46147">
        <ele>115</ele>
      </trkpt>
      <trkpt lat="50.6609" lon="4.46145">
        <ele>113</ele>
      </trkpt>
      <trkpt lat="50.661" lon="4.46147">
        <ele>113</ele>
      </trkpt>
      <trkpt lat="50.66116" lon="4.46154">
        <ele>112</ele>
      </trkpt>
      <trkpt lat="50.66188" lon="4.46201">
        <ele>109</ele>
      </trkpt>
      <trkpt lat="50.66347" lon="4.46329">
        <ele>98</ele>
      </trkpt>
      <trkpt lat="50.6641" lon="4.46375">
        <ele>93</ele>
      </trkpt>
      <trkpt lat="50.66503" lon="4.46435">
        <ele>89</ele>
      </trkpt>
      <trkpt lat="50.66545" lon="4.46454">
        <ele>85</ele>
      </trkpt>
      <trkpt lat="50.66612" lon="4.46462">
        <ele>82</ele>
      </trkpt>
      <trkpt lat="50.66728" lon="4.4647">
        <ele>78</ele>
      </trkpt>
      <trkpt lat="50.66748" lon="4.46465">
        <ele>77</ele>
      </trkpt>
      <trkpt lat="50.66762" lon="4.46457">
        <ele>77</ele>
      </trkpt>
      <trkpt lat="50.66846" lon="4.46385">
        <ele>76</ele>
      </trkpt>
      <trkpt lat="50.6686" lon="4.46378">
        <ele>76</ele>
      </trkpt>
      <trkpt lat="50.66871" lon="4.46376">
        <ele>77</ele>
      </trkpt>
      <trkpt lat="50.66889" lon="4.46379">
        <ele>77</ele>
      </trkpt>
      <trkpt lat="50.66904" lon="4.46391">
        <ele>77</ele>
      </trkpt>
      <trkpt lat="50.66917" lon="4.46408">
        <ele>77</ele>
      </trkpt>
      <trkpt lat="50.67048" lon="4.46672">
        <ele>76</ele>
      </trkpt>
      <trkpt lat="50.6709" lon="4.46731">
        <ele>77</ele>
      </trkpt>
      <trkpt lat="50.67162" lon="4.4682">
        <ele>81</ele>
      </trkpt>
      <trkpt lat="50.67303" lon="4.47">
        <ele>77</ele>
      </trkpt>
      <trkpt lat="50.67398" lon="4.47121">
        <ele>74</ele>
      </trkpt>
      <trkpt lat="50.67483" lon="4.47227">
        <ele>74</ele>
      </trkpt>
      <trkpt lat="50.67503" lon="4.47248">
        <ele>74</ele>
      </trkpt>
      <trkpt lat="50.6753" lon="4.47272">
        <ele>75</ele>
      </trkpt>
      <trkpt lat="50.67608" lon="4.47321">
        <ele>76</ele>
      </trkpt>
      <trkpt lat="50.67652" lon="4.47351">
        <ele>77</ele>
      </trkpt>
      <trkpt lat="50.67695" lon="4.47392">
        <ele>78</ele>
      </trkpt>
      <trkpt lat="50.67862" lon="4.47598">
        <ele>80</ele>
      </trkpt>
      <trkpt lat="50.67919" lon="4.47671">
        <ele>78</ele>
      </trkpt>
      <trkpt lat="50.67987" lon="4.4775">
        <ele>73</ele>
      </trkpt>
      <trkpt lat="50.68032" lon="4.47789">
        <ele>70</ele>
      </trkpt>
      <trkpt lat="50.68056" lon="4.47812">
        <ele>69</ele>
      </trkpt>
      <trkpt lat="50.68189" lon="4.47967">
        <ele>69</ele>
      </trkpt>
      <trkpt lat="50.68229" lon="4.48002">
        <ele>70</ele>
      </trkpt>
      <trkpt lat="50.68282" lon="4.48034">
        <ele>71</ele>
      </trkpt>
      <trkpt lat="50.68361" lon="4.48078">
        <ele>71</ele>
      </trkpt>
      <trkpt lat="50.68375" lon="4.48087">
        <ele>71</ele>
      </trkpt>
      <trkpt lat="50.68389" lon="4.481">
        <ele>70</ele>
      </trkpt>
      <trkpt lat="50.68413" lon="4.48133">
        <ele>69</ele>
      </trkpt>
      <trkpt lat="50.68431" lon="4.48165">
        <ele>68</ele>
      </trkpt>
      <trkpt lat="50.68461" lon="4.48252">
        <ele>66</ele>
      </trkpt>
      <trkpt lat="50.68466" lon="4.48284">
        <ele>66</ele>
      </trkpt>
      <trkpt lat="50.68465" lon="4.48291">
        <ele>66</ele>
      </trkpt>
      <trkpt lat="50.68469" lon="4.48299">
        <ele>66</ele>
      </trkpt>
      <trkpt lat="50.68473" lon="4.483">
        <ele>66</ele>
      </trkpt>
      <trkpt lat="50.68497" lon="4.48318">
        <ele>66</ele>
      </trkpt>
      <trkpt lat="50.68605" lon="4.48407">
        <ele>68</ele>
      </trkpt>
      <trkpt lat="50.68615" lon="4.48415">
        <ele>68</ele>
      </trkpt>
      <trkpt lat="50.68631" lon="4.48419">
        <ele>69</ele>
      </trkpt>
      <trkpt lat="50.68643" lon="4.48414">
        <ele>70</ele>
      </trkpt>
      <trkpt lat="50.68654" lon="4.48401">
        <ele>70</ele>
      </trkpt>
      <trkpt lat="50.68658" lon="4.48392">
        <ele>70</ele>
      </trkpt>
      <trkpt lat="50.68682" lon="4.48319">
        <ele>73</ele>
      </trkpt>
      <trkpt lat="50.68714" lon="4.48205">
        <ele>78</ele>
      </trkpt>
      <trkpt lat="50.68757" lon="4.4805">
        <ele>87</ele>
      </trkpt>
      <trkpt lat="50.68771" lon="4.48015">
        <ele>89</ele>
      </trkpt>
      <trkpt lat="50.68795" lon="4.47969">
        <ele>93</ele>
      </trkpt>
      <trkpt lat="50.68819" lon="4.47933">
        <ele>96</ele>
      </trkpt>
      <trkpt lat="50.68848" lon="4.47899">
        <ele>101</ele>
      </trkpt>
      <trkpt lat="50.68878" lon="4.4787">
        <ele>104</ele>
      </trkpt>
      <trkpt lat="50.68993" lon="4.4774">
        <ele>101</ele>
      </trkpt>
      <trkpt lat="50.69015" lon="4.47724">
        <ele>97</ele>
      </trkpt>
      <trkpt lat="50.69034" lon="4.47714">
        <ele>96</ele>
      </trkpt>
      <trkpt lat="50.69066" lon="4.47708">
        <ele>91</ele>
      </trkpt>
      <trkpt lat="50.69217" lon="4.47708">
        <ele>80</ele>
      </trkpt>
      <trkpt lat="50.69264" lon="4.47706">
        <ele>77</ele>
      </trkpt>
      <trkpt lat="50.69312" lon="4.47699">
        <ele>74</ele>
      </trkpt>
      <trkpt lat="50.69406" lon="4.4767">
        <ele>72</ele>
      </trkpt>
      <trkpt lat="50.69442" lon="4.47649">
        <ele>72</ele>
      </trkpt>
      <trkpt lat="50.69463" lon="4.47629">
        <ele>72</ele>
      </trkpt>
      <trkpt lat="50.69479" lon="4.47609">
        <ele>72</ele>
      </trkpt>
      <trkpt lat="50.69495" lon="4.47583">
        <ele>73</ele>
      </trkpt>
      <trkpt lat="50.69516" lon="4.47539">
        <ele>74</ele>
      </trkpt>
      <trkpt lat="50.69542" lon="4.47459">
        <ele>79</ele>
      </trkpt>
      <trkpt lat="50.69563" lon="4.47402">
        <ele>83</ele>
      </trkpt>
      <trkpt lat="50.69627" lon="4.47243">
        <ele>93</ele>
      </trkpt>
      <trkpt lat="50.6964" lon="4.47219">
        <ele>94</ele>
      </trkpt>
      <trkpt lat="50.69656" lon="4.47197">
        <ele>95</ele>
      </trkpt>
      <trkpt lat="50.69677" lon="4.47174">
        <ele>97</ele>
      </trkpt>
      <trkpt lat="50.69771" lon="4.47099">
        <ele>107</ele>
      </trkpt>
      <trkpt lat="50.69784" lon="4.47084">
        <ele>108</ele>
      </trkpt>
      <trkpt lat="50.698" lon="4.47061">
        <ele>110</ele>
      </trkpt>
      <trkpt lat="50.6982" lon="4.47025">
        <ele>111</ele>
      </trkpt>
      <trkpt lat="50.69839" lon="4.46997">
        <ele>112</ele>
      </trkpt>
      <trkpt lat="50.69891" lon="4.4693">
        <ele>110</ele>
      </trkpt>
      <trkpt lat="50.69929" lon="4.46895">
        <ele>109</ele>
      </trkpt>
      <trkpt lat="50.69962" lon="4.46858">
        <ele>109</ele>
      </trkpt>
      <trkpt lat="50.70089" lon="4.46739">
        <ele>111</ele>
      </trkpt>
      <trkpt lat="50.70148" lon="4.46681">
        <ele>112</ele>
      </trkpt>
      <trkpt lat="50.7016" lon="4.46673">
        <ele>112</ele>
      </trkpt>
      <trkpt lat="50.70173" lon="4.46675">
        <ele>113</ele>
      </trkpt>
      <trkpt lat="50.70181" lon="4.46682">
        <ele>113</ele>
      </trkpt>
      <trkpt lat="50.70192" lon="4.46711">
        <ele>113</ele>
      </trkpt>
      <trkpt lat="50.70199" lon="4.46738">
        <ele>113</ele>
      </trkpt>
      <trkpt lat="50.70214" lon="4.4677">
        <ele>112</ele>
      </trkpt>
      <trkpt lat="50.70235" lon="4.46796">
        <ele>112</ele>
      </trkpt>
      <trkpt lat="50.70275" lon="4.46861">
        <ele>113</ele>
      </trkpt>
      <trkpt lat="50.70441" lon="4.47114">
        <ele>109</ele>
      </trkpt>
      <trkpt lat="50.70463" lon="4.47142">
        <ele>109</ele>
      </trkpt>
      <trkpt lat="50.70486" lon="4.47166">
        <ele>108</ele>
      </trkpt>
      <trkpt lat="50.70529" lon="4.47198">
        <ele>108</ele>
      </trkpt>
      <trkpt lat="50.70551" lon="4.47219">
        <ele>108</ele>
      </trkpt>
      <trkpt lat="50.70743" lon="4.47449">
        <ele>106</ele>
      </trkpt>
      <trkpt lat="50.70761" lon="4.47474">
        <ele>106</ele>
      </trkpt>
      <trkpt lat="50.70778" lon="4.47503">
        <ele>106</ele>
      </trkpt>
      <trkpt lat="50.70792" lon="4.47533">
        <ele>106</ele>
      </trkpt>
      <trkpt lat="50.70812" lon="4.47592">
        <ele>106</ele>
      </trkpt>
      <trkpt lat="50.70921" lon="4.47964">
        <ele>106</ele>
      </trkpt>
      <trkpt lat="50.70939" lon="4.48037">
        <ele>106</ele>
      </trkpt>
      <trkpt lat="50.70982" lon="4.48241">
        <ele>105</ele>
      </trkpt>
      <trkpt lat="50.70996" lon="4.48282">
        <ele>105</ele>
      </trkpt>
      <trkpt lat="50.7101" lon="4.48312">
        <ele>105</ele>
      </trkpt>
      <trkpt lat="50.71026" lon="4.48338">
        <ele>105</ele>
      </trkpt>
      <trkpt lat="50.71076" lon="4.48398">
        <ele>105</ele>
      </trkpt>
      <trkpt lat="50.71122" lon="4.48479">
        <ele>106</ele>
      </trkpt>
      <trkpt lat="50.7133" lon="4.48769">
        <ele>104</ele>
      </trkpt>
      <trkpt lat="50.71363" lon="4.4881">
        <ele>104</ele>
      </trkpt>
      <trkpt lat="50.71425" lon="4.48864">
        <ele>103</ele>
      </trkpt>
      <trkpt lat="50.71475" lon="4.48906">
        <ele>103</ele>
      </trkpt>
      <trkpt lat="50.71499" lon="4.48929">
        <ele>103</ele>
      </trkpt>
      <trkpt lat="50.71539" lon="4.48985">
        <ele>103</ele>
      </trkpt>
      <trkpt lat="50.71594" lon="4.49072">
        <ele>105</ele>
      </trkpt>
      <trkpt lat="50.71602" lon="4.49082">
        <ele>105</ele>
      </trkpt>
      <trkpt lat="50.7167" lon="4.4918">
        <ele>105</ele>
      </trkpt>
      <trkpt lat="50.71669" lon="4.49219">
        <ele>104</ele>
      </trkpt>
      <trkpt lat="50.71672" lon="4.49238">
        <ele>104</ele>
      </trkpt>
      <trkpt lat="50.71685" lon="4.49273">
        <ele>103</ele>
      </trkpt>
      <trkpt lat="50.71702" lon="4.49306">
        <ele>102</ele>
      </trkpt>
      <trkpt lat="50.71796" lon="4.49416">
        <ele>104</ele>
      </trkpt>
      <trkpt lat="50.71845" lon="4.49482">
        <ele>104</ele>
      </trkpt>
      <trkpt lat="50.71873" lon="4.49518">
        <ele>104</ele>
      </trkpt>
      <trkpt lat="50.71936" lon="4.4959">
        <ele>104</ele>
      </trkpt>
      <trkpt lat="50.71975" lon="4.49641">
        <ele>103</ele>
      </trkpt>
      <trkpt lat="50.71991" lon="4.49672">
        <ele>103</ele>
      </trkpt>
      <trkpt lat="50.72062" lon="4.49842">
        <ele>102</ele>
      </trkpt>
      <trkpt lat="50.72078" lon="4.49869">
        <ele>102</ele>
      </trkpt>
      <trkpt lat="50.72094" lon="4.49888">
        <ele>102</ele>
      </trkpt>
      <trkpt lat="50.72173" lon="4.49968">
        <ele>99</ele>
      </trkpt>
      <trkpt lat="50.7218" lon="4.49979">
        <ele>99</ele>
      </trkpt>
      <trkpt lat="50.72196" lon="4.49997">
        <ele>99</ele>
      </trkpt>
      <trkpt lat="50.7226" lon="4.50081">
        <ele>100</ele>
      </trkpt>
      <trkpt lat="50.72293" lon="4.50115">
        <ele>99</ele>
      </trkpt>
      <trkpt lat="50.72406" lon="4.50199">
        <ele>97</ele>
      </trkpt>
      <trkpt lat="50.72457" lon="4.50241">
        <ele>96</ele>
      </trkpt>
      <trkpt lat="50.72583" lon="4.50387">
        <ele>86</ele>
      </trkpt>
      <trkpt lat="50.72607" lon="4.50416">
        <ele>84</ele>
      </trkpt>
      <trkpt lat="50.72622" lon="4.50441">
        <ele>84</ele>
      </trkpt>
      <trkpt lat="50.7264" lon="4.5048">
        <ele>83</ele>
      </trkpt>
      <trkpt lat="50.72646" lon="4.50488">
        <ele>82</ele>
      </trkpt>
      <trkpt lat="50.72698" lon="4.50531">
        <ele>79</ele>
      </trkpt>
      <trkpt lat="50.72707" lon="4.50542">
        <ele>79</ele>
      </trkpt>
      <trkpt lat="50.72653" lon="4.50643">
        <ele>84</ele>
      </trkpt>
      <trkpt lat="50.72635" lon="4.50666">
        <ele>85</ele>
      </trkpt>
      <trkpt lat="50.72611" lon="4.50693">
        <ele>87</ele>
      </trkpt>
      <trkpt lat="50.72571" lon="4.50732">
        <ele>89</ele>
      </trkpt>
      <trkpt lat="50.72555" lon="4.50759">
        <ele>90</ele>
      </trkpt>
      <trkpt lat="50.72543" lon="4.50792">
        <ele>90</ele>
      </trkpt>
      <trkpt lat="50.72538" lon="4.50822">
        <ele>90</ele>
      </trkpt>
      <trkpt lat="50.72513" lon="4.50989">
        <ele>84</ele>
      </trkpt>
      <trkpt lat="50.72512" lon="4.51005">
        <ele>84</ele>
      </trkpt>
      <trkpt lat="50.72513" lon="4.51056">
        <ele>82</ele>
      </trkpt>
      <trkpt lat="50.72517" lon="4.5108">
        <ele>81</ele>
      </trkpt>
      <trkpt lat="50.72544" lon="4.51202">
        <ele>77</ele>
      </trkpt>
      <trkpt lat="50.72547" lon="4.51228">
        <ele>76</ele>
      </trkpt>
      <trkpt lat="50.72549" lon="4.5126">
        <ele>75</ele>
      </trkpt>
      <trkpt lat="50.72547" lon="4.51293">
        <ele>73</ele>
      </trkpt>
      <trkpt lat="50.72543" lon="4.51328">
        <ele>72</ele>
      </trkpt>
      <trkpt lat="50.72534" lon="4.51365">
        <ele>71</ele>
      </trkpt>
      <trkpt lat="50.72522" lon="4.51401">
        <ele>69</ele>
      </trkpt>
      <trkpt lat="50.72493" lon="4.51459">
        <ele>67</ele>
      </trkpt>
      <trkpt lat="50.72477" lon="4.51483">
        <ele>67</ele>
      </trkpt>
      <trkpt lat="50.72445" lon="4.51517">
        <ele>67</ele>
      </trkpt>
      <trkpt lat="50.72446" lon="4.51546">
        <ele>68</ele>
      </trkpt>
      <trkpt lat="50.72447" lon="4.51623">
        <ele>71</ele>
      </trkpt>
      <trkpt lat="50.72454" lon="4.5166">
        <ele>73</ele>
      </trkpt>
      <trkpt lat="50.7245" lon="4.51664">
        <ele>72</ele>
      </trkpt>
      <trkpt lat="50.72447" lon="4.51672">
        <ele>72</ele>
      </trkpt>
      <trkpt lat="50.72448" lon="4.5168">
        <ele>73</ele>
      </trkpt>
      <trkpt lat="50.72451" lon="4.51687">
        <ele>72</ele>
      </trkpt>
      <trkpt lat="50.72456" lon="4.5169">
        <ele>72</ele>
      </trkpt>
      <trkpt lat="50.7246" lon="4.51689">
        <ele>72</ele>
      </trkpt>
      <trkpt lat="50.72463" lon="4.51715">
        <ele>72</ele>
      </trkpt>
      <trkpt lat="50.72464" lon="4.51749">
        <ele>71</ele>
      </trkpt>
      <trkpt lat="50.72466" lon="4.51776">
        <ele>71</ele>
      </trkpt>
      <trkpt lat="50.72474" lon="4.51822">
        <ele>70</ele>
      </trkpt>
      <trkpt lat="50.72497" lon="4.51913">
        <ele>68</ele>
      </trkpt>
      <trkpt lat="50.72524" lon="4.52051">
        <ele>65</ele>
      </trkpt>
      <trkpt lat="50.72529" lon="4.52067">
        <ele>64</ele>
      </trkpt>
      <trkpt lat="50.72538" lon="4.52087">
        <ele>64</ele>
      </trkpt>
      <trkpt lat="50.72633" lon="4.5225">
        <ele>56</ele>
      </trkpt>
      <trkpt lat="50.72862" lon="4.52638">
        <ele>54</ele>
      </trkpt>
      <trkpt lat="50.72871" lon="4.52657">
        <ele>55</ele>
      </trkpt>
      <trkpt lat="50.72876" lon="4.52698">
        <ele>57</ele>
      </trkpt>
      <trkpt lat="50.72874" lon="4.52701">
        <ele>56</ele>
      </trkpt>
      <trkpt lat="50.72872" lon="4.52709">
        <ele>56</ele>
      </trkpt>
      <trkpt lat="50.72874" lon="4.52718">
        <ele>57</ele>
      </trkpt>
      <trkpt lat="50.7289" lon="4.52726">
        <ele>59</ele>
      </trkpt>
      <trkpt lat="50.73057" lon="4.53011">
        <ele>88</ele>
      </trkpt>
      <trkpt lat="50.73084" lon="4.53061">
        <ele>91</ele>
      </trkpt>
      <trkpt lat="50.73111" lon="4.53126">
        <ele>93</ele>
      </trkpt>
      <trkpt lat="50.73128" lon="4.53174">
        <ele>94</ele>
      </trkpt>
      <trkpt lat="50.73143" lon="4.53207">
        <ele>94</ele>
      </trkpt>
      <trkpt lat="50.73156" lon="4.53231">
        <ele>94</ele>
      </trkpt>
      <trkpt lat="50.73174" lon="4.53257">
        <ele>94</ele>
      </trkpt>
      <trkpt lat="50.73215" lon="4.53317">
        <ele>94</ele>
      </trkpt>
      <trkpt lat="50.73233" lon="4.53335">
        <ele>94</ele>
      </trkpt>
      <trkpt lat="50.73251" lon="4.53348">
        <ele>95</ele>
      </trkpt>
      <trkpt lat="50.73268" lon="4.53356">
        <ele>94</ele>
      </trkpt>
      <trkpt lat="50.73373" lon="4.5339">
        <ele>94</ele>
      </trkpt>
      <trkpt lat="50.73407" lon="4.53412">
        <ele>95</ele>
      </trkpt>
      <trkpt lat="50.73426" lon="4.53428">
        <ele>95</ele>
      </trkpt>
      <trkpt lat="50.73477" lon="4.53458">
        <ele>95</ele>
      </trkpt>
      <trkpt lat="50.73489" lon="4.53478">
        <ele>95</ele>
      </trkpt>
      <trkpt lat="50.7349" lon="4.53489">
        <ele>95</ele>
      </trkpt>
      <trkpt lat="50.73495" lon="4.53494">
        <ele>95</ele>
      </trkpt>
      <trkpt lat="50.735" lon="4.53494">
        <ele>95</ele>
      </trkpt>
      <trkpt lat="50.73504" lon="4.53488">
        <ele>95</ele>
      </trkpt>
      <trkpt lat="50.73533" lon="4.53486">
        <ele>95</ele>
      </trkpt>
      <trkpt lat="50.73575" lon="4.53508">
        <ele>96</ele>
      </trkpt>
      <trkpt lat="50.73611" lon="4.53524">
        <ele>97</ele>
      </trkpt>
      <trkpt lat="50.73634" lon="4.53523">
        <ele>97</ele>
      </trkpt>
      <trkpt lat="50.73659" lon="4.53511">
        <ele>97</ele>
      </trkpt>
      <trkpt lat="50.73686" lon="4.53483">
        <ele>98</ele>
      </trkpt>
      <trkpt lat="50.7387" lon="4.53279">
        <ele>98</ele>
      </trkpt>
      <trkpt lat="50.73931" lon="4.53245">
        <ele>98</ele>
      </trkpt>
      <trkpt lat="50.73956" lon="4.53224">
        <ele>98</ele>
      </trkpt>
      <trkpt lat="50.73967" lon="4.53211">
        <ele>99</ele>
      </trkpt>
      <trkpt lat="50.73987" lon="4.53176">
        <ele>99</ele>
      </trkpt>
      <trkpt lat="50.74157" lon="4.52854">
        <ele>98</ele>
      </trkpt>
      <trkpt lat="50.7418" lon="4.52816">
        <ele>98</ele>
      </trkpt>
      <trkpt lat="50.74299" lon="4.5269">
        <ele>100</ele>
      </trkpt>
      <trkpt lat="50.74394" lon="4.52565">
        <ele>100</ele>
      </trkpt>
      <trkpt lat="50.74448" lon="4.52492">
        <ele>99</ele>
      </trkpt>
      <trkpt lat="50.74459" lon="4.52479">
        <ele>99</ele>
      </trkpt>
      <trkpt lat="50.7447" lon="4.52468">
        <ele>99</ele>
      </trkpt>
      <trkpt lat="50.74485" lon="4.52458">
        <ele>99</ele>
      </trkpt>
      <trkpt lat="50.74497" lon="4.52454">
        <ele>99</ele>
      </trkpt>
      <trkpt lat="50.74559" lon="4.52437">
        <ele>98</ele>
      </trkpt>
      <trkpt lat="50.74593" lon="4.52431">
        <ele>97</ele>
      </trkpt>
      <trkpt lat="50.74684" lon="4.52435">
        <ele>98</ele>
      </trkpt>
      <trkpt lat="50.74699" lon="4.52432">
        <ele>98</ele>
      </trkpt>
      <trkpt lat="50.74783" lon="4.52407">
        <ele>99</ele>
      </trkpt>
      <trkpt lat="50.74865" lon="4.52365">
        <ele>101</ele>
      </trkpt>
      <trkpt lat="50.74945" lon="4.52891">
        <ele>102</ele>
      </trkpt>
      <trkpt lat="50.74999" lon="4.53209">
        <ele>100</ele>
      </trkpt>
      <trkpt lat="50.75042" lon="4.53462">
        <ele>98</ele>
      </trkpt>
      <trkpt lat="50.75042" lon="4.53481">
        <ele>95</ele>
      </trkpt>
      <trkpt lat="50.75063" lon="4.53605">
        <ele>96</ele>
      </trkpt>
      <trkpt lat="50.75068" lon="4.5361">
        <ele>97</ele>
      </trkpt>
      <trkpt lat="50.75114" lon="4.53866">
        <ele>96</ele>
      </trkpt>
      <trkpt lat="50.75121" lon="4.53924">
        <ele>96</ele>
      </trkpt>
      <trkpt lat="50.75122" lon="4.53955">
        <ele>97</ele>
      </trkpt>
      <trkpt lat="50.75122" lon="4.53987">
        <ele>97</ele>
      </trkpt>
      <trkpt lat="50.75116" lon="4.5411">
        <ele>96</ele>
      </trkpt>
      <trkpt lat="50.75116" lon="4.54177">
        <ele>96</ele>
      </trkpt>
      <trkpt lat="50.75125" lon="4.54291">
        <ele>96</ele>
      </trkpt>
      <trkpt lat="50.75148" lon="4.54464">
        <ele>94</ele>
      </trkpt>
      <trkpt lat="50.75209" lon="4.54902">
        <ele>90</ele>
      </trkpt>
      <trkpt lat="50.75227" lon="4.55032">
        <ele>89</ele>
      </trkpt>
      <trkpt lat="50.75252" lon="4.55154">
        <ele>87</ele>
      </trkpt>
      <trkpt lat="50.75284" lon="4.55293">
        <ele>86</ele>
      </trkpt>
      <trkpt lat="50.75291" lon="4.55316">
        <ele>85</ele>
      </trkpt>
      <trkpt lat="50.75384" lon="4.55572">
        <ele>75</ele>
      </trkpt>
      <trkpt lat="50.75394" lon="4.55608">
        <ele>73</ele>
      </trkpt>
      <trkpt lat="50.75397" lon="4.55631">
        <ele>73</ele>
      </trkpt>
      <trkpt lat="50.75398" lon="4.55659">
        <ele>70</ele>
      </trkpt>
      <trkpt lat="50.75397" lon="4.55834">
        <ele>63</ele>
      </trkpt>
      <trkpt lat="50.75392" lon="4.55909">
        <ele>61</ele>
      </trkpt>
      <trkpt lat="50.75393" lon="4.56123">
        <ele>49</ele>
      </trkpt>
      <trkpt lat="50.75392" lon="4.56242">
        <ele>46</ele>
      </trkpt>
      <trkpt lat="50.75387" lon="4.56327">
        <ele>44</ele>
      </trkpt>
      <trkpt lat="50.7539" lon="4.56597">
        <ele>42</ele>
      </trkpt>
      <trkpt lat="50.75393" lon="4.56704">
        <ele>44</ele>
      </trkpt>
      <trkpt lat="50.75394" lon="4.56712">
        <ele>44</ele>
      </trkpt>
      <trkpt lat="50.75405" lon="4.56708">
        <ele>44</ele>
      </trkpt>
      <trkpt lat="50.75429" lon="4.56708">
        <ele>46</ele>
      </trkpt>
      <trkpt lat="50.75441" lon="4.56711">
        <ele>47</ele>
      </trkpt>
      <trkpt lat="50.75452" lon="4.56717">
        <ele>47</ele>
      </trkpt>
      <trkpt lat="50.75499" lon="4.56758">
        <ele>50</ele>
      </trkpt>
      <trkpt lat="50.75518" lon="4.56761">
        <ele>51</ele>
      </trkpt>
      <trkpt lat="50.75525" lon="4.56757">
        <ele>52</ele>
      </trkpt>
      <trkpt lat="50.75533" lon="4.56749">
        <ele>52</ele>
      </trkpt>
      <trkpt lat="50.75537" lon="4.56735">
        <ele>53</ele>
      </trkpt>
      <trkpt lat="50.75539" lon="4.56717">
        <ele>53</ele>
      </trkpt>
      <trkpt lat="50.7554" lon="4.56646">
        <ele>56</ele>
      </trkpt>
      <trkpt lat="50.75549" lon="4.56594">
        <ele>57</ele>
      </trkpt>
      <trkpt lat="50.75557" lon="4.56565">
        <ele>59</ele>
      </trkpt>
      <trkpt lat="50.75569" lon="4.5654">
        <ele>59</ele>
      </trkpt>
      <trkpt lat="50.75584" lon="4.5652">
        <ele>60</ele>
      </trkpt>
      <trkpt lat="50.75599" lon="4.56509">
        <ele>61</ele>
      </trkpt>
      <trkpt lat="50.75614" lon="4.56504">
        <ele>62</ele>
      </trkpt>
      <trkpt lat="50.75634" lon="4.56503">
        <ele>63</ele>
      </trkpt>
      <trkpt lat="50.75658" lon="4.56509">
        <ele>65</ele>
      </trkpt>
      <trkpt lat="50.75671" lon="4.5651">
        <ele>65</ele>
      </trkpt>
      <trkpt lat="50.75692" lon="4.56483">
        <ele>66</ele>
      </trkpt>
      <trkpt lat="50.75711" lon="4.56445">
        <ele>68</ele>
      </trkpt>
      <trkpt lat="50.75772" lon="4.56288">
        <ele>74</ele>
      </trkpt>
      <trkpt lat="50.75787" lon="4.56253">
        <ele>76</ele>
      </trkpt>
      <trkpt lat="50.75796" lon="4.56238">
        <ele>76</ele>
      </trkpt>
      <trkpt lat="50.75809" lon="4.56222">
        <ele>77</ele>
      </trkpt>
      <trkpt lat="50.7582" lon="4.56209">
        <ele>77</ele>
      </trkpt>
      <trkpt lat="50.76074" lon="4.55973">
        <ele>84</ele>
      </trkpt>
      <trkpt lat="50.76081" lon="4.55974">
        <ele>84</ele>
      </trkpt>
      <trkpt lat="50.76086" lon="4.5598">
        <ele>84</ele>
      </trkpt>
      <trkpt lat="50.76151" lon="4.55854">
        <ele>85</ele>
      </trkpt>
      <trkpt lat="50.76254" lon="4.55671">
        <ele>86</ele>
      </trkpt>
      <trkpt lat="50.76555" lon="4.55138">
        <ele>90</ele>
      </trkpt>
      <trkpt lat="50.76673" lon="4.54932">
        <ele>92</ele>
      </trkpt>
      <trkpt lat="50.76797" lon="4.5476">
        <ele>83</ele>
      </trkpt>
      <trkpt lat="50.76931" lon="4.54583">
        <ele>72</ele>
      </trkpt>
      <trkpt lat="50.76963" lon="4.54547">
        <ele>69</ele>
      </trkpt>
      <trkpt lat="50.77176" lon="4.54325">
        <ele>54</ele>
      </trkpt>
      <trkpt lat="50.77189" lon="4.54306">
        <ele>54</ele>
      </trkpt>
      <trkpt lat="50.77198" lon="4.54285">
        <ele>53</ele>
      </trkpt>
      <trkpt lat="50.77206" lon="4.54249">
        <ele>52</ele>
      </trkpt>
      <trkpt lat="50.77217" lon="4.54169">
        <ele>51</ele>
      </trkpt>
      <trkpt lat="50.77275" lon="4.53987">
        <ele>53</ele>
      </trkpt>
      <trkpt lat="50.77279" lon="4.53969">
        <ele>54</ele>
      </trkpt>
      <trkpt lat="50.77282" lon="4.53942">
        <ele>54</ele>
      </trkpt>
      <trkpt lat="50.77281" lon="4.53922">
        <ele>55</ele>
      </trkpt>
      <trkpt lat="50.77278" lon="4.53907">
        <ele>56</ele>
      </trkpt>
      <trkpt lat="50.7727" lon="4.53878">
        <ele>56</ele>
      </trkpt>
      <trkpt lat="50.77265" lon="4.53871">
        <ele>56</ele>
      </trkpt>
      <trkpt lat="50.77241" lon="4.53843">
        <ele>57</ele>
      </trkpt>
      <trkpt lat="50.77234" lon="4.53821">
        <ele>59</ele>
      </trkpt>
      <trkpt lat="50.77232" lon="4.53796">
        <ele>59</ele>
      </trkpt>
      <trkpt lat="50.77237" lon="4.53778">
        <ele>60</ele>
      </trkpt>
      <trkpt lat="50.77241" lon="4.5377">
        <ele>60</ele>
      </trkpt>
      <trkpt lat="50.77251" lon="4.53762">
        <ele>61</ele>
      </trkpt>
      <trkpt lat="50.77259" lon="4.53762">
        <ele>62</ele>
      </trkpt>
      <trkpt lat="50.7727" lon="4.53771">
        <ele>62</ele>
      </trkpt>
      <trkpt lat="50.77283" lon="4.53796">
        <ele>64</ele>
      </trkpt>
      <trkpt lat="50.77291" lon="4.53808">
        <ele>64</ele>
      </trkpt>
      <trkpt lat="50.77296" lon="4.53811">
        <ele>64</ele>
      </trkpt>
      <trkpt lat="50.77304" lon="4.5381">
        <ele>65</ele>
      </trkpt>
      <trkpt lat="50.77312" lon="4.53803">
        <ele>66</ele>
      </trkpt>
      <trkpt lat="50.77317" lon="4.53795">
        <ele>67</ele>
      </trkpt>
      <trkpt lat="50.77319" lon="4.53786">
        <ele>67</ele>
      </trkpt>
      <trkpt lat="50.77319" lon="4.53769">
        <ele>67</ele>
      </trkpt>
      <trkpt lat="50.77307" lon="4.53717">
        <ele>68</ele>
      </trkpt>
      <trkpt lat="50.77302" lon="4.53676">
        <ele>69</ele>
      </trkpt>
      <trkpt lat="50.77301" lon="4.53658">
        <ele>70</ele>
      </trkpt>
      <trkpt lat="50.77304" lon="4.53615">
        <ele>72</ele>
      </trkpt>
      <trkpt lat="50.77309" lon="4.53591">
        <ele>73</ele>
      </trkpt>
      <trkpt lat="50.7732" lon="4.53553">
        <ele>74</ele>
      </trkpt>
      <trkpt lat="50.77324" lon="4.53547">
        <ele>74</ele>
      </trkpt>
      <trkpt lat="50.77342" lon="4.53518">
        <ele>76</ele>
      </trkpt>
      <trkpt lat="50.77387" lon="4.53464">
        <ele>80</ele>
      </trkpt>
      <trkpt lat="50.77428" lon="4.53423">
        <ele>81</ele>
      </trkpt>
      <trkpt lat="50.77488" lon="4.53365">
        <ele>84</ele>
      </trkpt>
      <trkpt lat="50.77519" lon="4.53329">
        <ele>87</ele>
      </trkpt>
      <trkpt lat="50.77545" lon="4.53285">
        <ele>89</ele>
      </trkpt>
      <trkpt lat="50.77553" lon="4.53267">
        <ele>90</ele>
      </trkpt>
      <trkpt lat="50.776" lon="4.53132">
        <ele>94</ele>
      </trkpt>
      <trkpt lat="50.77646" lon="4.52986">
        <ele>99</ele>
      </trkpt>
      <trkpt lat="50.77656" lon="4.52946">
        <ele>100</ele>
      </trkpt>
      <trkpt lat="50.7768" lon="4.52823">
        <ele>105</ele>
      </trkpt>
      <trkpt lat="50.77713" lon="4.52638">
        <ele>106</ele>
      </trkpt>
      <trkpt lat="50.77765" lon="4.52356">
        <ele>107</ele>
      </trkpt>
      <trkpt lat="50.77781" lon="4.52294">
        <ele>106</ele>
      </trkpt>
      <trkpt lat="50.77824" lon="4.52174">
        <ele>105</ele>
      </trkpt>
      <trkpt lat="50.77842" lon="4.5212">
        <ele>104</ele>
      </trkpt>
      <trkpt lat="50.77978" lon="4.52126">
        <ele>105</ele>
      </trkpt>
      <trkpt lat="50.78" lon="4.52131">
        <ele>106</ele>
      </trkpt>
      <trkpt lat="50.7802" lon="4.52143">
        <ele>106</ele>
      </trkpt>
      <trkpt lat="50.78054" lon="4.52176">
        <ele>107</ele>
      </trkpt>
      <trkpt lat="50.78075" lon="4.52206">
        <ele>108</ele>
      </trkpt>
      <trkpt lat="50.78162" lon="4.52382">
        <ele>111</ele>
      </trkpt>
      <trkpt lat="50.78184" lon="4.52433">
        <ele>111</ele>
      </trkpt>
      <trkpt lat="50.78203" lon="4.52488">
        <ele>111</ele>
      </trkpt>
      <trkpt lat="50.78217" lon="4.5254">
        <ele>111</ele>
      </trkpt>
      <trkpt lat="50.78228" lon="4.526">
        <ele>111</ele>
      </trkpt>
      <trkpt lat="50.78249" lon="4.52804">
        <ele>109</ele>
      </trkpt>
      <trkpt lat="50.78257" lon="4.52868">
        <ele>109</ele>
      </trkpt>
      <trkpt lat="50.78267" lon="4.52921">
        <ele>109</ele>
      </trkpt>
      <trkpt lat="50.7828" lon="4.52969">
        <ele>109</ele>
      </trkpt>
      <trkpt lat="50.78298" lon="4.53021">
        <ele>109</ele>
      </trkpt>
      <trkpt lat="50.78324" lon="4.53069">
        <ele>109</ele>
      </trkpt>
      <trkpt lat="50.78419" lon="4.53208">
        <ele>109</ele>
      </trkpt>
      <trkpt lat="50.78601" lon="4.53468">
        <ele>109</ele>
      </trkpt>
      <trkpt lat="50.78623" lon="4.53505">
        <ele>109</ele>
      </trkpt>
      <trkpt lat="50.78685" lon="4.53638">
        <ele>108</ele>
      </trkpt>
      <trkpt lat="50.78697" lon="4.5366">
        <ele>108</ele>
      </trkpt>
      <trkpt lat="50.78721" lon="4.53695">
        <ele>107</ele>
      </trkpt>
      <trkpt lat="50.78749" lon="4.53724">
        <ele>106</ele>
      </trkpt>
      <trkpt lat="50.78788" lon="4.53754">
        <ele>106</ele>
      </trkpt>
      <trkpt lat="50.7881" lon="4.53776">
        <ele>105</ele>
      </trkpt>
      <trkpt lat="50.78832" lon="4.53807">
        <ele>105</ele>
      </trkpt>
      <trkpt lat="50.78925" lon="4.53955">
        <ele>102</ele>
      </trkpt>
      <trkpt lat="50.78971" lon="4.54024">
        <ele>101</ele>
      </trkpt>
      <trkpt lat="50.78993" lon="4.54048">
        <ele>100</ele>
      </trkpt>
      <trkpt lat="50.79011" lon="4.54063">
        <ele>99</ele>
      </trkpt>
      <trkpt lat="50.79031" lon="4.54075">
        <ele>99</ele>
      </trkpt>
      <trkpt lat="50.79216" lon="4.54143">
        <ele>92</ele>
      </trkpt>
      <trkpt lat="50.79257" lon="4.54167">
        <ele>90</ele>
      </trkpt>
      <trkpt lat="50.79282" lon="4.54189">
        <ele>89</ele>
      </trkpt>
      <trkpt lat="50.7932" lon="4.54235">
        <ele>87</ele>
      </trkpt>
      <trkpt lat="50.7948" lon="4.54483">
        <ele>78</ele>
      </trkpt>
      <trkpt lat="50.79535" lon="4.5457">
        <ele>75</ele>
      </trkpt>
      <trkpt lat="50.79601" lon="4.54694">
        <ele>72</ele>
      </trkpt>
      <trkpt lat="50.79621" lon="4.54721">
        <ele>71</ele>
      </trkpt>
      <trkpt lat="50.79639" lon="4.54733">
        <ele>70</ele>
      </trkpt>
      <trkpt lat="50.79674" lon="4.54737">
        <ele>67</ele>
      </trkpt>
      <trkpt lat="50.79687" lon="4.54744">
        <ele>67</ele>
      </trkpt>
      <trkpt lat="50.79761" lon="4.54844">
        <ele>63</ele>
      </trkpt>
      <trkpt lat="50.7978" lon="4.54863">
        <ele>63</ele>
      </trkpt>
      <trkpt lat="50.79804" lon="4.54879">
        <ele>62</ele>
      </trkpt>
      <trkpt lat="50.79945" lon="4.55">
        <ele>65</ele>
      </trkpt>
      <trkpt lat="50.79964" lon="4.5502">
        <ele>66</ele>
      </trkpt>
      <trkpt lat="50.80043" lon="4.55053">
        <ele>66</ele>
      </trkpt>
      <trkpt lat="50.80085" lon="4.55093">
        <ele>67</ele>
      </trkpt>
      <trkpt lat="50.80121" lon="4.55134">
        <ele>67</ele>
      </trkpt>
      <trkpt lat="50.80158" lon="4.55171">
        <ele>67</ele>
      </trkpt>
      <trkpt lat="50.80211" lon="4.55229">
        <ele>68</ele>
      </trkpt>
      <trkpt lat="50.80246" lon="4.55255">
        <ele>70</ele>
      </trkpt>
      <trkpt lat="50.8027" lon="4.55264">
        <ele>71</ele>
      </trkpt>
      <trkpt lat="50.80302" lon="4.55269">
        <ele>72</ele>
      </trkpt>
      <trkpt lat="50.80335" lon="4.55268">
        <ele>74</ele>
      </trkpt>
      <trkpt lat="50.80462" lon="4.55238">
        <ele>79</ele>
      </trkpt>
      <trkpt lat="50.80494" lon="4.55228">
        <ele>79</ele>
      </trkpt>
      <trkpt lat="50.80536" lon="4.55208">
        <ele>80</ele>
      </trkpt>
      <trkpt lat="50.80569" lon="4.55188">
        <ele>81</ele>
      </trkpt>
      <trkpt lat="50.80593" lon="4.5517">
        <ele>82</ele>
      </trkpt>
      <trkpt lat="50.80634" lon="4.5513">
        <ele>82</ele>
      </trkpt>
      <trkpt lat="50.80713" lon="4.55065">
        <ele>84</ele>
      </trkpt>
      <trkpt lat="50.80747" lon="4.5505">
        <ele>85</ele>
      </trkpt>
      <trkpt lat="50.80772" lon="4.55043">
        <ele>85</ele>
      </trkpt>
      <trkpt lat="50.80797" lon="4.55041">
        <ele>86</ele>
      </trkpt>
      <trkpt lat="50.80847" lon="4.55049">
        <ele>88</ele>
      </trkpt>
      <trkpt lat="50.81193" lon="4.55144">
        <ele>94</ele>
      </trkpt>
      <trkpt lat="50.81358" lon="4.5522">
        <ele>92</ele>
      </trkpt>
      <trkpt lat="50.8138" lon="4.55226">
        <ele>92</ele>
      </trkpt>
      <trkpt lat="50.81392" lon="4.55221">
        <ele>92</ele>
      </trkpt>
      <trkpt lat="50.81496" lon="4.55204">
        <ele>92</ele>
      </trkpt>
      <trkpt lat="50.81577" lon="4.55192">
        <ele>93</ele>
      </trkpt>
      <trkpt lat="50.81607" lon="4.55187">
        <ele>93</ele>
      </trkpt>
      <trkpt lat="50.81613" lon="4.55192">
        <ele>93</ele>
      </trkpt>
      <trkpt lat="50.81642" lon="4.55254">
        <ele>95</ele>
      </trkpt>
      <trkpt lat="50.81648" lon="4.55265">
        <ele>95</ele>
      </trkpt>
      <trkpt lat="50.81678" lon="4.55302">
        <ele>96</ele>
      </trkpt>
      <trkpt lat="50.81695" lon="4.55326">
        <ele>97</ele>
      </trkpt>
      <trkpt lat="50.81708" lon="4.55349">
        <ele>97</ele>
      </trkpt>
      <trkpt lat="50.81779" lon="4.55278">
        <ele>99</ele>
      </trkpt>
      <trkpt lat="50.81785" lon="4.55281">
        <ele>99</ele>
      </trkpt>
      <trkpt lat="50.81819" lon="4.55351">
        <ele>100</ele>
      </trkpt>
      <trkpt lat="50.81852" lon="4.55438">
        <ele>100</ele>
      </trkpt>
      <trkpt lat="50.81867" lon="4.55454">
        <ele>99</ele>
      </trkpt>
      <trkpt lat="50.81886" lon="4.55466">
        <ele>99</ele>
      </trkpt>
      <trkpt lat="50.81954" lon="4.55483">
        <ele>97</ele>
      </trkpt>
      <trkpt lat="50.82058" lon="4.55527">
        <ele>94</ele>
      </trkpt>
      <trkpt lat="50.82244" lon="4.55532">
        <ele>80</ele>
      </trkpt>
      <trkpt lat="50.8236" lon="4.55538">
        <ele>75</ele>
      </trkpt>
      <trkpt lat="50.82447" lon="4.55545">
        <ele>72</ele>
      </trkpt>
      <trkpt lat="50.82563" lon="4.55547">
        <ele>67</ele>
      </trkpt>
      <trkpt lat="50.82659" lon="4.55559">
        <ele>62</ele>
      </trkpt>
      <trkpt lat="50.82794" lon="4.5556">
        <ele>61</ele>
      </trkpt>
      <trkpt lat="50.82814" lon="4.55564">
        <ele>62</ele>
      </trkpt>
      <trkpt lat="50.82909" lon="4.55598">
        <ele>66</ele>
      </trkpt>
      <trkpt lat="50.82963" lon="4.55608">
        <ele>69</ele>
      </trkpt>
      <trkpt lat="50.83003" lon="4.55611">
        <ele>68</ele>
      </trkpt>
      <trkpt lat="50.83049" lon="4.5561">
        <ele>64</ele>
      </trkpt>
      <trkpt lat="50.83078" lon="4.55606">
        <ele>63</ele>
      </trkpt>
      <trkpt lat="50.83137" lon="4.55589">
        <ele>60</ele>
      </trkpt>
      <trkpt lat="50.83146" lon="4.55593">
        <ele>60</ele>
      </trkpt>
      <trkpt lat="50.83155" lon="4.55604">
        <ele>60</ele>
      </trkpt>
      <trkpt lat="50.83164" lon="4.55627">
        <ele>60</ele>
      </trkpt>
      <trkpt lat="50.83191" lon="4.55767">
        <ele>60</ele>
      </trkpt>
      <trkpt lat="50.83201" lon="4.55809">
        <ele>59</ele>
      </trkpt>
      <trkpt lat="50.83208" lon="4.55832">
        <ele>58</ele>
      </trkpt>
      <trkpt lat="50.83217" lon="4.55848">
        <ele>58</ele>
      </trkpt>
      <trkpt lat="50.8323" lon="4.55856">
        <ele>57</ele>
      </trkpt>
      <trkpt lat="50.8323" lon="4.55867">
        <ele>57</ele>
      </trkpt>
      <trkpt lat="50.83234" lon="4.55873">
        <ele>57</ele>
      </trkpt>
      <trkpt lat="50.83239" lon="4.55872">
        <ele>57</ele>
      </trkpt>
      <trkpt lat="50.83244" lon="4.55864">
        <ele>56</ele>
      </trkpt>
      <trkpt lat="50.83243" lon="4.55853">
        <ele>56</ele>
      </trkpt>
      <trkpt lat="50.8328" lon="4.55811">
        <ele>54</ele>
      </trkpt>
      <trkpt lat="50.83303" lon="4.55793">
        <ele>52</ele>
      </trkpt>
      <trkpt lat="50.83324" lon="4.55783">
        <ele>52</ele>
      </trkpt>
      <trkpt lat="50.83447" lon="4.55734">
        <ele>56</ele>
      </trkpt>
      <trkpt lat="50.83458" lon="4.55726">
        <ele>56</ele>
      </trkpt>
      <trkpt lat="50.83524" lon="4.55629">
        <ele>61</ele>
      </trkpt>
      <trkpt lat="50.8353" lon="4.55617">
        <ele>61</ele>
      </trkpt>
      <trkpt lat="50.83542" lon="4.55586">
        <ele>61</ele>
      </trkpt>
      <trkpt lat="50.83592" lon="4.55291">
        <ele>69</ele>
      </trkpt>
      <trkpt lat="50.83608" lon="4.55211">
        <ele>71</ele>
      </trkpt>
      <trkpt lat="50.83656" lon="4.54966">
        <ele>73</ele>
      </trkpt>
      <trkpt lat="50.83666" lon="4.54699">
        <ele>74</ele>
      </trkpt>
      <trkpt lat="50.83674" lon="4.5462">
        <ele>76</ele>
      </trkpt>
      <trkpt lat="50.83691" lon="4.54552">
        <ele>77</ele>
      </trkpt>
      <trkpt lat="50.83716" lon="4.54454">
        <ele>79</ele>
      </trkpt>
      <trkpt lat="50.83749" lon="4.54336">
        <ele>79</ele>
      </trkpt>
      <trkpt lat="50.8378" lon="4.5426">
        <ele>80</ele>
      </trkpt>
      <trkpt lat="50.83807" lon="4.54229">
        <ele>80</ele>
      </trkpt>
      <trkpt lat="50.83817" lon="4.54219">
        <ele>80</ele>
      </trkpt>
      <trkpt lat="50.83754" lon="4.54042">
        <ele>74</ele>
      </trkpt>
      <trkpt lat="50.83739" lon="4.54006">
        <ele>73</ele>
      </trkpt>
      <trkpt lat="50.83739" lon="4.54003">
        <ele>73</ele>
      </trkpt>
      <trkpt lat="50.83827" lon="4.5397">
        <ele>71</ele>
      </trkpt>
      <trkpt lat="50.83893" lon="4.5393">
        <ele>70</ele>
      </trkpt>
      <trkpt lat="50.83906" lon="4.53919">
        <ele>70</ele>
      </trkpt>
      <trkpt lat="50.84276" lon="4.53586">
        <ele>78</ele>
      </trkpt>
      <trkpt lat="50.84298" lon="4.53575">
        <ele>79</ele>
      </trkpt>
      <trkpt lat="50.84314" lon="4.53572">
        <ele>80</ele>
      </trkpt>
      <trkpt lat="50.8433" lon="4.53573">
        <ele>80</ele>
      </trkpt>
      <trkpt lat="50.84348" lon="4.5358">
        <ele>80</ele>
      </trkpt>
      <trkpt lat="50.84421" lon="4.53621">
        <ele>82</ele>
      </trkpt>
      <trkpt lat="50.84444" lon="4.53639">
        <ele>83</ele>
      </trkpt>
      <trkpt lat="50.8456" lon="4.53736">
        <ele>86</ele>
      </trkpt>
      <trkpt lat="50.84599" lon="4.53765">
        <ele>87</ele>
      </trkpt>
      <trkpt lat="50.84645" lon="4.53789">
        <ele>88</ele>
      </trkpt>
      <trkpt lat="50.84681" lon="4.53802">
        <ele>88</ele>
      </trkpt>
      <trkpt lat="50.84708" lon="4.53809">
        <ele>89</ele>
      </trkpt>
      <trkpt lat="50.84768" lon="4.53815">
        <ele>89</ele>
      </trkpt>
      <trkpt lat="50.8479" lon="4.53822">
        <ele>90</ele>
      </trkpt>
      <trkpt lat="50.8481" lon="4.53832">
        <ele>90</ele>
      </trkpt>
      <trkpt lat="50.84823" lon="4.53841">
        <ele>90</ele>
      </trkpt>
      <trkpt lat="50.84966" lon="4.53967">
        <ele>92</ele>
      </trkpt>
      <trkpt lat="50.84982" lon="4.53977">
        <ele>92</ele>
      </trkpt>
      <trkpt lat="50.84999" lon="4.5398">
        <ele>92</ele>
      </trkpt>
      <trkpt lat="50.85155" lon="4.53991">
        <ele>94</ele>
      </trkpt>
      <trkpt lat="50.85206" lon="4.5399">
        <ele>93</ele>
      </trkpt>
      <trkpt lat="50.85291" lon="4.54192">
        <ele>96</ele>
      </trkpt>
      <trkpt lat="50.85478" lon="4.54641">
        <ele>98</ele>
      </trkpt>
      <trkpt lat="50.85613" lon="4.54983">
        <ele>98</ele>
      </trkpt>
      <trkpt lat="50.85616" lon="4.54999">
        <ele>98</ele>
      </trkpt>
      <trkpt lat="50.85614" lon="4.5502">
        <ele>98</ele>
      </trkpt>
      <trkpt lat="50.85581" lon="4.55099">
        <ele>97</ele>
      </trkpt>
      <trkpt lat="50.85579" lon="4.5511">
        <ele>97</ele>
      </trkpt>
      <trkpt lat="50.85579" lon="4.55126">
        <ele>97</ele>
      </trkpt>
      <trkpt lat="50.85589" lon="4.55185">
        <ele>96</ele>
      </trkpt>
      <trkpt lat="50.85589" lon="4.55223">
        <ele>94</ele>
      </trkpt>
      <trkpt lat="50.85733" lon="4.55221">
        <ele>99</ele>
      </trkpt>
      <trkpt lat="50.85765" lon="4.55227">
        <ele>99</ele>
      </trkpt>
      <trkpt lat="50.8578" lon="4.55233">
        <ele>99</ele>
      </trkpt>
      <trkpt lat="50.85811" lon="4.55256">
        <ele>99</ele>
      </trkpt>
      <trkpt lat="50.85832" lon="4.5528">
        <ele>99</ele>
      </trkpt>
      <trkpt lat="50.85924" lon="4.55405">
        <ele>99</ele>
      </trkpt>
      <trkpt lat="50.85952" lon="4.55451">
        <ele>98</ele>
      </trkpt>
      <trkpt lat="50.86043" lon="4.55629">
        <ele>97</ele>
      </trkpt>
      <trkpt lat="50.86066" lon="4.55665">
        <ele>97</ele>
      </trkpt>
      <trkpt lat="50.86076" lon="4.55677">
        <ele>97</ele>
      </trkpt>
      <trkpt lat="50.86087" lon="4.55684">
        <ele>97</ele>
      </trkpt>
      <trkpt lat="50.86105" lon="4.5569">
        <ele>97</ele>
      </trkpt>
      <trkpt lat="50.86323" lon="4.55715">
        <ele>93</ele>
      </trkpt>
      <trkpt lat="50.86341" lon="4.55723">
        <ele>92</ele>
      </trkpt>
      <trkpt lat="50.86369" lon="4.55744">
        <ele>91</ele>
      </trkpt>
      <trkpt lat="50.86396" lon="4.5577">
        <ele>88</ele>
      </trkpt>
      <trkpt lat="50.86544" lon="4.5591">
        <ele>79</ele>
      </trkpt>
      <trkpt lat="50.8657" lon="4.55939">
        <ele>77</ele>
      </trkpt>
      <trkpt lat="50.86631" lon="4.56017">
        <ele>72</ele>
      </trkpt>
      <trkpt lat="50.86653" lon="4.5604">
        <ele>71</ele>
      </trkpt>
      <trkpt lat="50.86896" lon="4.5624">
        <ele>64</ele>
      </trkpt>
      <trkpt lat="50.86932" lon="4.56278">
        <ele>64</ele>
      </trkpt>
      <trkpt lat="50.87054" lon="4.56424">
        <ele>64</ele>
      </trkpt>
      <trkpt lat="50.87067" lon="4.56437">
        <ele>64</ele>
      </trkpt>
      <trkpt lat="50.871" lon="4.56461">
        <ele>64</ele>
      </trkpt>
      <trkpt lat="50.87118" lon="4.56472">
        <ele>65</ele>
      </trkpt>
      <trkpt lat="50.87265" lon="4.56538">
        <ele>62</ele>
      </trkpt>
      <trkpt lat="50.87279" lon="4.56547">
        <ele>62</ele>
      </trkpt>
      <trkpt lat="50.87288" lon="4.56564">
        <ele>62</ele>
      </trkpt>
      <trkpt lat="50.87299" lon="4.56596">
        <ele>62</ele>
      </trkpt>
      <trkpt lat="50.87317" lon="4.56718">
        <ele>60</ele>
      </trkpt>
      <trkpt lat="50.87327" lon="4.56763">
        <ele>60</ele>
      </trkpt>
      <trkpt lat="50.87336" lon="4.56785">
        <ele>59</ele>
      </trkpt>
      <trkpt lat="50.87352" lon="4.56811">
        <ele>59</ele>
      </trkpt>
      <trkpt lat="50.87369" lon="4.56827">
        <ele>58</ele>
      </trkpt>
      <trkpt lat="50.87387" lon="4.56838">
        <ele>58</ele>
      </trkpt>
      <trkpt lat="50.87461" lon="4.56871">
        <ele>59</ele>
      </trkpt>
      <trkpt lat="50.87479" lon="4.56875">
        <ele>58</ele>
      </trkpt>
      <trkpt lat="50.87515" lon="4.56865">
        <ele>58</ele>
      </trkpt>
      <trkpt lat="50.87598" lon="4.5685">
        <ele>57</ele>
      </trkpt>
      <trkpt lat="50.87662" lon="4.56822">
        <ele>56</ele>
      </trkpt>
      <trkpt lat="50.87706" lon="4.56815">
        <ele>54</ele>
      </trkpt>
      <trkpt lat="50.87719" lon="4.56816">
        <ele>54</ele>
      </trkpt>
      <trkpt lat="50.87721" lon="4.56826">
        <ele>54</ele>
      </trkpt>
      <trkpt lat="50.87727" lon="4.56833">
        <ele>54</ele>
      </trkpt>
      <trkpt lat="50.87731" lon="4.56833">
        <ele>54</ele>
      </trkpt>
      <trkpt lat="50.87735" lon="4.5683">
        <ele>54</ele>
      </trkpt>
      <trkpt lat="50.87739" lon="4.56825">
        <ele>54</ele>
      </trkpt>
      <trkpt lat="50.8774" lon="4.56818">
        <ele>53</ele>
      </trkpt>
      <trkpt lat="50.87739" lon="4.5681">
        <ele>53</ele>
      </trkpt>
      <trkpt lat="50.87734" lon="4.56801">
        <ele>53</ele>
      </trkpt>
      <trkpt lat="50.8773" lon="4.568">
        <ele>54</ele>
      </trkpt>
      <trkpt lat="50.87725" lon="4.56802">
        <ele>54</ele>
      </trkpt>
      <trkpt lat="50.87692" lon="4.56576">
        <ele>49</ele>
      </trkpt>
      <trkpt lat="50.87673" lon="4.56412">
        <ele>48</ele>
      </trkpt>
      <trkpt lat="50.8766" lon="4.56306">
        <ele>47</ele>
      </trkpt>
      <trkpt lat="50.87655" lon="4.56247">
        <ele>47</ele>
      </trkpt>
      <trkpt lat="50.87639" lon="4.5585">
        <ele>48</ele>
      </trkpt>
      <trkpt lat="50.87636" lon="4.55817">
        <ele>49</ele>
      </trkpt>
      <trkpt lat="50.8763" lon="4.55789">
        <ele>49</ele>
      </trkpt>
      <trkpt lat="50.87604" lon="4.55694">
        <ele>49</ele>
      </trkpt>
      <trkpt lat="50.87602" lon="4.55667">
        <ele>49</ele>
      </trkpt>
      <trkpt lat="50.87606" lon="4.55634">
        <ele>48</ele>
      </trkpt>
      <trkpt lat="50.876" lon="4.55513">
        <ele>49</ele>
      </trkpt>
      <trkpt lat="50.87603" lon="4.5548">
        <ele>49</ele>
      </trkpt>
      <trkpt lat="50.87612" lon="4.55448">
        <ele>49</ele>
      </trkpt>
      <trkpt lat="50.87629" lon="4.55405">
        <ele>49</ele>
      </trkpt>
      <trkpt lat="50.87641" lon="4.55417">
        <ele>49</ele>
      </trkpt>
      <trkpt lat="50.87675" lon="4.55429">
        <ele>48</ele>
      </trkpt>
      <trkpt lat="50.87703" lon="4.5544">
        <ele>48</ele>
      </trkpt>
      <trkpt lat="50.87763" lon="4.55446">
        <ele>47</ele>
      </trkpt>
      <trkpt lat="50.87836" lon="4.55445">
        <ele>47</ele>
      </trkpt>
      <trkpt lat="50.87925" lon="4.55463">
        <ele>48</ele>
      </trkpt>
      <trkpt lat="50.87884" lon="4.55123">
        <ele>48</ele>
      </trkpt>
    </trkseg>
  </trk>
</gpx>
