<?xml version="1.0" encoding="UTF-8"?>
<gpx xmlns="http://www.topografix.com/GPX/1/1" creator="RouteYou" version="1.1" xmlns:xsi="http://www.w3.org/2001/XMLSchema-instance" xsi:schemaLocation="http://www.topografix.com/GPX/1/1 http://www.topografix.com/GPX/1/1/gpx.xsd">
  <trk>
    <name>Bekkevoort 2025</name>
    <desc></desc>
    <trkseg>
      <trkpt lat="50.87893" lon="4.55199">
        <ele>48</ele>
      </trkpt>
      <trkpt lat="50.87925" lon="4.55463">
        <ele>48</ele>
      </trkpt>
      <trkpt lat="50.87836" lon="4.55445">
        <ele>47</ele>
      </trkpt>
      <trkpt lat="50.87763" lon="4.55446">
        <ele>47</ele>
      </trkpt>
      <trkpt lat="50.87703" lon="4.5544">
        <ele>48</ele>
      </trkpt>
      <trkpt lat="50.87648" lon="4.55419">
        <ele>48</ele>
      </trkpt>
      <trkpt lat="50.87641" lon="4.55417">
        <ele>49</ele>
      </trkpt>
      <trkpt lat="50.87629" lon="4.55405">
        <ele>49</ele>
      </trkpt>
      <trkpt lat="50.87612" lon="4.55448">
        <ele>49</ele>
      </trkpt>
      <trkpt lat="50.87603" lon="4.5548">
        <ele>49</ele>
      </trkpt>
      <trkpt lat="50.876" lon="4.55513">
        <ele>49</ele>
      </trkpt>
      <trkpt lat="50.87606" lon="4.55634">
        <ele>48</ele>
      </trkpt>
      <trkpt lat="50.87602" lon="4.55667">
        <ele>49</ele>
      </trkpt>
      <trkpt lat="50.87604" lon="4.55694">
        <ele>49</ele>
      </trkpt>
      <trkpt lat="50.8763" lon="4.55789">
        <ele>49</ele>
      </trkpt>
      <trkpt lat="50.87636" lon="4.55817">
        <ele>49</ele>
      </trkpt>
      <trkpt lat="50.87639" lon="4.5585">
        <ele>48</ele>
      </trkpt>
      <trkpt lat="50.87655" lon="4.56247">
        <ele>47</ele>
      </trkpt>
      <trkpt lat="50.8766" lon="4.56306">
        <ele>47</ele>
      </trkpt>
      <trkpt lat="50.87673" lon="4.56412">
        <ele>48</ele>
      </trkpt>
      <trkpt lat="50.87692" lon="4.56576">
        <ele>49</ele>
      </trkpt>
      <trkpt lat="50.87725" lon="4.56802">
        <ele>54</ele>
      </trkpt>
      <trkpt lat="50.8772" lon="4.56811">
        <ele>54</ele>
      </trkpt>
      <trkpt lat="50.87719" lon="4.56816">
        <ele>54</ele>
      </trkpt>
      <trkpt lat="50.87721" lon="4.56826">
        <ele>54</ele>
      </trkpt>
      <trkpt lat="50.87727" lon="4.56833">
        <ele>54</ele>
      </trkpt>
      <trkpt lat="50.87731" lon="4.56833">
        <ele>54</ele>
      </trkpt>
      <trkpt lat="50.87735" lon="4.56861">
        <ele>54</ele>
      </trkpt>
      <trkpt lat="50.87748" lon="4.56894">
        <ele>53</ele>
      </trkpt>
      <trkpt lat="50.87779" lon="4.5695">
        <ele>51</ele>
      </trkpt>
      <trkpt lat="50.87798" lon="4.56991">
        <ele>50</ele>
      </trkpt>
      <trkpt lat="50.8781" lon="4.57023">
        <ele>49</ele>
      </trkpt>
      <trkpt lat="50.87821" lon="4.57058">
        <ele>48</ele>
      </trkpt>
      <trkpt lat="50.87829" lon="4.57074">
        <ele>48</ele>
      </trkpt>
      <trkpt lat="50.87866" lon="4.57102">
        <ele>46</ele>
      </trkpt>
      <trkpt lat="50.87882" lon="4.57121">
        <ele>45</ele>
      </trkpt>
      <trkpt lat="50.87923" lon="4.57198">
        <ele>44</ele>
      </trkpt>
      <trkpt lat="50.8794" lon="4.57243">
        <ele>44</ele>
      </trkpt>
      <trkpt lat="50.8799" lon="4.57392">
        <ele>42</ele>
      </trkpt>
      <trkpt lat="50.88015" lon="4.57443">
        <ele>42</ele>
      </trkpt>
      <trkpt lat="50.88092" lon="4.57579">
        <ele>40</ele>
      </trkpt>
      <trkpt lat="50.88125" lon="4.57644">
        <ele>40</ele>
      </trkpt>
      <trkpt lat="50.88162" lon="4.57722">
        <ele>39</ele>
      </trkpt>
      <trkpt lat="50.88195" lon="4.57805">
        <ele>39</ele>
      </trkpt>
      <trkpt lat="50.88228" lon="4.57907">
        <ele>38</ele>
      </trkpt>
      <trkpt lat="50.88291" lon="4.58134">
        <ele>37</ele>
      </trkpt>
      <trkpt lat="50.88309" lon="4.58195">
        <ele>37</ele>
      </trkpt>
      <trkpt lat="50.88204" lon="4.58381">
        <ele>38</ele>
      </trkpt>
      <trkpt lat="50.88178" lon="4.58422">
        <ele>38</ele>
      </trkpt>
      <trkpt lat="50.88133" lon="4.58482">
        <ele>39</ele>
      </trkpt>
      <trkpt lat="50.88023" lon="4.58614">
        <ele>41</ele>
      </trkpt>
      <trkpt lat="50.88042" lon="4.5865">
        <ele>42</ele>
      </trkpt>
      <trkpt lat="50.88142" lon="4.58848">
        <ele>42</ele>
      </trkpt>
      <trkpt lat="50.88237" lon="4.59015">
        <ele>38</ele>
      </trkpt>
      <trkpt lat="50.88254" lon="4.59057">
        <ele>38</ele>
      </trkpt>
      <trkpt lat="50.8826" lon="4.5908">
        <ele>38</ele>
      </trkpt>
      <trkpt lat="50.88267" lon="4.59131">
        <ele>38</ele>
      </trkpt>
      <trkpt lat="50.88271" lon="4.59193">
        <ele>37</ele>
      </trkpt>
      <trkpt lat="50.88276" lon="4.59233">
        <ele>37</ele>
      </trkpt>
      <trkpt lat="50.8829" lon="4.5928">
        <ele>37</ele>
      </trkpt>
      <trkpt lat="50.88298" lon="4.59299">
        <ele>37</ele>
      </trkpt>
      <trkpt lat="50.88416" lon="4.59508">
        <ele>36</ele>
      </trkpt>
      <trkpt lat="50.88511" lon="4.59672">
        <ele>37</ele>
      </trkpt>
      <trkpt lat="50.88528" lon="4.59687">
        <ele>37</ele>
      </trkpt>
      <trkpt lat="50.88548" lon="4.59699">
        <ele>38</ele>
      </trkpt>
      <trkpt lat="50.88564" lon="4.59719">
        <ele>38</ele>
      </trkpt>
      <trkpt lat="50.88586" lon="4.59767">
        <ele>38</ele>
      </trkpt>
      <trkpt lat="50.88606" lon="4.59804">
        <ele>38</ele>
      </trkpt>
      <trkpt lat="50.88998" lon="4.60338">
        <ele>36</ele>
      </trkpt>
      <trkpt lat="50.8911" lon="4.60475">
        <ele>36</ele>
      </trkpt>
      <trkpt lat="50.89228" lon="4.60612">
        <ele>36</ele>
      </trkpt>
      <trkpt lat="50.89556" lon="4.60997">
        <ele>36</ele>
      </trkpt>
      <trkpt lat="50.89602" lon="4.61049">
        <ele>35</ele>
      </trkpt>
      <trkpt lat="50.89649" lon="4.61116">
        <ele>34</ele>
      </trkpt>
      <trkpt lat="50.89744" lon="4.61323">
        <ele>31</ele>
      </trkpt>
      <trkpt lat="50.89845" lon="4.61597">
        <ele>34</ele>
      </trkpt>
      <trkpt lat="50.89853" lon="4.61616">
        <ele>34</ele>
      </trkpt>
      <trkpt lat="50.89862" lon="4.6163">
        <ele>35</ele>
      </trkpt>
      <trkpt lat="50.89871" lon="4.6164">
        <ele>36</ele>
      </trkpt>
      <trkpt lat="50.89885" lon="4.61652">
        <ele>36</ele>
      </trkpt>
      <trkpt lat="50.89899" lon="4.61658">
        <ele>32</ele>
      </trkpt>
      <trkpt lat="50.89899" lon="4.61665">
        <ele>31</ele>
      </trkpt>
      <trkpt lat="50.89982" lon="4.617">
        <ele>34</ele>
      </trkpt>
      <trkpt lat="50.9" lon="4.61714">
        <ele>33</ele>
      </trkpt>
      <trkpt lat="50.90009" lon="4.61724">
        <ele>33</ele>
      </trkpt>
      <trkpt lat="50.90021" lon="4.61748">
        <ele>32</ele>
      </trkpt>
      <trkpt lat="50.90032" lon="4.61793">
        <ele>31</ele>
      </trkpt>
      <trkpt lat="50.90038" lon="4.618">
        <ele>30</ele>
      </trkpt>
      <trkpt lat="50.90078" lon="4.61983">
        <ele>29</ele>
      </trkpt>
      <trkpt lat="50.90095" lon="4.62076">
        <ele>29</ele>
      </trkpt>
      <trkpt lat="50.90107" lon="4.62174">
        <ele>29</ele>
      </trkpt>
      <trkpt lat="50.90116" lon="4.62233">
        <ele>29</ele>
      </trkpt>
      <trkpt lat="50.90119" lon="4.62249">
        <ele>29</ele>
      </trkpt>
      <trkpt lat="50.90126" lon="4.62264">
        <ele>29</ele>
      </trkpt>
      <trkpt lat="50.90122" lon="4.62287">
        <ele>29</ele>
      </trkpt>
      <trkpt lat="50.90123" lon="4.62295">
        <ele>29</ele>
      </trkpt>
      <trkpt lat="50.90134" lon="4.62334">
        <ele>29</ele>
      </trkpt>
      <trkpt lat="50.90135" lon="4.62348">
        <ele>29</ele>
      </trkpt>
      <trkpt lat="50.90141" lon="4.62375">
        <ele>29</ele>
      </trkpt>
      <trkpt lat="50.90146" lon="4.62381">
        <ele>29</ele>
      </trkpt>
      <trkpt lat="50.90152" lon="4.62407">
        <ele>29</ele>
      </trkpt>
      <trkpt lat="50.90152" lon="4.62418">
        <ele>29</ele>
      </trkpt>
      <trkpt lat="50.90158" lon="4.62479">
        <ele>28</ele>
      </trkpt>
      <trkpt lat="50.90163" lon="4.62533">
        <ele>28</ele>
      </trkpt>
      <trkpt lat="50.90166" lon="4.62542">
        <ele>28</ele>
      </trkpt>
      <trkpt lat="50.9017" lon="4.62603">
        <ele>28</ele>
      </trkpt>
      <trkpt lat="50.90172" lon="4.62619">
        <ele>28</ele>
      </trkpt>
      <trkpt lat="50.90169" lon="4.62634">
        <ele>28</ele>
      </trkpt>
      <trkpt lat="50.90171" lon="4.62646">
        <ele>28</ele>
      </trkpt>
      <trkpt lat="50.90171" lon="4.6266">
        <ele>28</ele>
      </trkpt>
      <trkpt lat="50.90161" lon="4.62718">
        <ele>29</ele>
      </trkpt>
      <trkpt lat="50.90059" lon="4.63202">
        <ele>31</ele>
      </trkpt>
      <trkpt lat="50.90057" lon="4.6321">
        <ele>31</ele>
      </trkpt>
      <trkpt lat="50.90058" lon="4.63232">
        <ele>31</ele>
      </trkpt>
      <trkpt lat="50.90073" lon="4.63424">
        <ele>30</ele>
      </trkpt>
      <trkpt lat="50.90078" lon="4.63456">
        <ele>30</ele>
      </trkpt>
      <trkpt lat="50.90091" lon="4.63515">
        <ele>30</ele>
      </trkpt>
      <trkpt lat="50.90188" lon="4.63835">
        <ele>29</ele>
      </trkpt>
      <trkpt lat="50.90199" lon="4.63897">
        <ele>29</ele>
      </trkpt>
      <trkpt lat="50.90206" lon="4.63972">
        <ele>29</ele>
      </trkpt>
      <trkpt lat="50.90215" lon="4.64136">
        <ele>29</ele>
      </trkpt>
      <trkpt lat="50.90222" lon="4.64174">
        <ele>29</ele>
      </trkpt>
      <trkpt lat="50.9023" lon="4.64209">
        <ele>29</ele>
      </trkpt>
      <trkpt lat="50.9026" lon="4.64315">
        <ele>29</ele>
      </trkpt>
      <trkpt lat="50.90285" lon="4.64381">
        <ele>29</ele>
      </trkpt>
      <trkpt lat="50.90295" lon="4.64414">
        <ele>29</ele>
      </trkpt>
      <trkpt lat="50.90301" lon="4.64456">
        <ele>29</ele>
      </trkpt>
      <trkpt lat="50.90308" lon="4.64547">
        <ele>29</ele>
      </trkpt>
      <trkpt lat="50.90309" lon="4.64567">
        <ele>29</ele>
      </trkpt>
      <trkpt lat="50.90308" lon="4.64582">
        <ele>29</ele>
      </trkpt>
      <trkpt lat="50.90312" lon="4.64589">
        <ele>28</ele>
      </trkpt>
      <trkpt lat="50.90313" lon="4.64594">
        <ele>28</ele>
      </trkpt>
      <trkpt lat="50.90434" lon="4.64538">
        <ele>29</ele>
      </trkpt>
      <trkpt lat="50.91197" lon="4.63952">
        <ele>20</ele>
      </trkpt>
      <trkpt lat="50.91238" lon="4.6393">
        <ele>20</ele>
      </trkpt>
      <trkpt lat="50.9128" lon="4.63916">
        <ele>19</ele>
      </trkpt>
      <trkpt lat="50.91433" lon="4.6389">
        <ele>19</ele>
      </trkpt>
      <trkpt lat="50.91465" lon="4.63881">
        <ele>19</ele>
      </trkpt>
      <trkpt lat="50.91548" lon="4.63846">
        <ele>18</ele>
      </trkpt>
      <trkpt lat="50.91587" lon="4.63826">
        <ele>18</ele>
      </trkpt>
      <trkpt lat="50.91955" lon="4.63632">
        <ele>18</ele>
      </trkpt>
      <trkpt lat="50.92009" lon="4.63596">
        <ele>18</ele>
      </trkpt>
      <trkpt lat="50.92047" lon="4.63563">
        <ele>18</ele>
      </trkpt>
      <trkpt lat="50.92075" lon="4.63533">
        <ele>18</ele>
      </trkpt>
      <trkpt lat="50.9209" lon="4.63513">
        <ele>18</ele>
      </trkpt>
      <trkpt lat="50.92226" lon="4.63297">
        <ele>18</ele>
      </trkpt>
      <trkpt lat="50.92254" lon="4.63258">
        <ele>18</ele>
      </trkpt>
      <trkpt lat="50.92278" lon="4.63232">
        <ele>18</ele>
      </trkpt>
      <trkpt lat="50.92459" lon="4.63054">
        <ele>17</ele>
      </trkpt>
      <trkpt lat="50.92525" lon="4.62997">
        <ele>17</ele>
      </trkpt>
      <trkpt lat="50.92545" lon="4.62985">
        <ele>17</ele>
      </trkpt>
      <trkpt lat="50.92566" lon="4.62977">
        <ele>17</ele>
      </trkpt>
      <trkpt lat="50.92593" lon="4.62975">
        <ele>17</ele>
      </trkpt>
      <trkpt lat="50.92633" lon="4.62979">
        <ele>17</ele>
      </trkpt>
      <trkpt lat="50.92662" lon="4.62994">
        <ele>17</ele>
      </trkpt>
      <trkpt lat="50.92785" lon="4.63068">
        <ele>16</ele>
      </trkpt>
      <trkpt lat="50.92815" lon="4.63085">
        <ele>16</ele>
      </trkpt>
      <trkpt lat="50.92834" lon="4.63089">
        <ele>16</ele>
      </trkpt>
      <trkpt lat="50.92859" lon="4.6309">
        <ele>16</ele>
      </trkpt>
      <trkpt lat="50.93143" lon="4.63045">
        <ele>16</ele>
      </trkpt>
      <trkpt lat="50.93151" lon="4.63048">
        <ele>16</ele>
      </trkpt>
      <trkpt lat="50.93161" lon="4.63056">
        <ele>16</ele>
      </trkpt>
      <trkpt lat="50.93207" lon="4.63109">
        <ele>15</ele>
      </trkpt>
      <trkpt lat="50.93302" lon="4.63265">
        <ele>15</ele>
      </trkpt>
      <trkpt lat="50.93315" lon="4.63288">
        <ele>16</ele>
      </trkpt>
      <trkpt lat="50.93329" lon="4.63327">
        <ele>16</ele>
      </trkpt>
      <trkpt lat="50.93356" lon="4.63442">
        <ele>16</ele>
      </trkpt>
      <trkpt lat="50.93434" lon="4.63744">
        <ele>16</ele>
      </trkpt>
      <trkpt lat="50.93438" lon="4.63769">
        <ele>16</ele>
      </trkpt>
      <trkpt lat="50.93438" lon="4.63789">
        <ele>16</ele>
      </trkpt>
      <trkpt lat="50.93434" lon="4.63844">
        <ele>16</ele>
      </trkpt>
      <trkpt lat="50.93434" lon="4.63887">
        <ele>15</ele>
      </trkpt>
      <trkpt lat="50.93436" lon="4.63938">
        <ele>15</ele>
      </trkpt>
      <trkpt lat="50.9344" lon="4.64009">
        <ele>15</ele>
      </trkpt>
      <trkpt lat="50.93443" lon="4.64018">
        <ele>15</ele>
      </trkpt>
      <trkpt lat="50.93448" lon="4.64023">
        <ele>15</ele>
      </trkpt>
      <trkpt lat="50.93455" lon="4.64024">
        <ele>15</ele>
      </trkpt>
      <trkpt lat="50.93651" lon="4.63953">
        <ele>15</ele>
      </trkpt>
      <trkpt lat="50.93679" lon="4.63938">
        <ele>15</ele>
      </trkpt>
      <trkpt lat="50.93714" lon="4.6391">
        <ele>15</ele>
      </trkpt>
      <trkpt lat="50.93806" lon="4.63817">
        <ele>15</ele>
      </trkpt>
      <trkpt lat="50.93824" lon="4.63802">
        <ele>15</ele>
      </trkpt>
      <trkpt lat="50.9383" lon="4.63799">
        <ele>15</ele>
      </trkpt>
      <trkpt lat="50.93841" lon="4.63802">
        <ele>15</ele>
      </trkpt>
      <trkpt lat="50.93853" lon="4.63812">
        <ele>15</ele>
      </trkpt>
      <trkpt lat="50.94095" lon="4.64142">
        <ele>14</ele>
      </trkpt>
      <trkpt lat="50.94171" lon="4.64246">
        <ele>14</ele>
      </trkpt>
      <trkpt lat="50.94264" lon="4.64366">
        <ele>13</ele>
      </trkpt>
      <trkpt lat="50.94323" lon="4.64458">
        <ele>13</ele>
      </trkpt>
      <trkpt lat="50.94328" lon="4.64463">
        <ele>13</ele>
      </trkpt>
      <trkpt lat="50.94476" lon="4.64505">
        <ele>12</ele>
      </trkpt>
      <trkpt lat="50.94502" lon="4.64502">
        <ele>12</ele>
      </trkpt>
      <trkpt lat="50.94514" lon="4.64496">
        <ele>12</ele>
      </trkpt>
      <trkpt lat="50.94682" lon="4.64344">
        <ele>13</ele>
      </trkpt>
      <trkpt lat="50.94684" lon="4.64349">
        <ele>13</ele>
      </trkpt>
      <trkpt lat="50.94695" lon="4.6435">
        <ele>13</ele>
      </trkpt>
      <trkpt lat="50.94726" lon="4.64364">
        <ele>14</ele>
      </trkpt>
      <trkpt lat="50.94657" lon="4.64733">
        <ele>14</ele>
      </trkpt>
      <trkpt lat="50.94662" lon="4.64735">
        <ele>13</ele>
      </trkpt>
      <trkpt lat="50.94543" lon="4.65371">
        <ele>13</ele>
      </trkpt>
      <trkpt lat="50.94455" lon="4.65849">
        <ele>14</ele>
      </trkpt>
      <trkpt lat="50.9445" lon="4.65865">
        <ele>14</ele>
      </trkpt>
      <trkpt lat="50.94439" lon="4.65893">
        <ele>14</ele>
      </trkpt>
      <trkpt lat="50.9443" lon="4.65921">
        <ele>14</ele>
      </trkpt>
      <trkpt lat="50.94384" lon="4.66313">
        <ele>13</ele>
      </trkpt>
      <trkpt lat="50.94385" lon="4.66358">
        <ele>13</ele>
      </trkpt>
      <trkpt lat="50.9439" lon="4.66387">
        <ele>13</ele>
      </trkpt>
      <trkpt lat="50.944" lon="4.66417">
        <ele>13</ele>
      </trkpt>
      <trkpt lat="50.94487" lon="4.66614">
        <ele>12</ele>
      </trkpt>
      <trkpt lat="50.94516" lon="4.66696">
        <ele>12</ele>
      </trkpt>
      <trkpt lat="50.94607" lon="4.67044">
        <ele>12</ele>
      </trkpt>
      <trkpt lat="50.94612" lon="4.67134">
        <ele>12</ele>
      </trkpt>
      <trkpt lat="50.94611" lon="4.67156">
        <ele>12</ele>
      </trkpt>
      <trkpt lat="50.94607" lon="4.67167">
        <ele>12</ele>
      </trkpt>
      <trkpt lat="50.94601" lon="4.6717">
        <ele>12</ele>
      </trkpt>
      <trkpt lat="50.94567" lon="4.67163">
        <ele>12</ele>
      </trkpt>
      <trkpt lat="50.94552" lon="4.67168">
        <ele>12</ele>
      </trkpt>
      <trkpt lat="50.9454" lon="4.67178">
        <ele>12</ele>
      </trkpt>
      <trkpt lat="50.94436" lon="4.67282">
        <ele>12</ele>
      </trkpt>
      <trkpt lat="50.94427" lon="4.67295">
        <ele>12</ele>
      </trkpt>
      <trkpt lat="50.94404" lon="4.67375">
        <ele>12</ele>
      </trkpt>
      <trkpt lat="50.94402" lon="4.67389">
        <ele>12</ele>
      </trkpt>
      <trkpt lat="50.94404" lon="4.67405">
        <ele>12</ele>
      </trkpt>
      <trkpt lat="50.94441" lon="4.67501">
        <ele>12</ele>
      </trkpt>
      <trkpt lat="50.94447" lon="4.67541">
        <ele>12</ele>
      </trkpt>
      <trkpt lat="50.94448" lon="4.67562">
        <ele>12</ele>
      </trkpt>
      <trkpt lat="50.94432" lon="4.67741">
        <ele>12</ele>
      </trkpt>
      <trkpt lat="50.94432" lon="4.67764">
        <ele>12</ele>
      </trkpt>
      <trkpt lat="50.94435" lon="4.67783">
        <ele>12</ele>
      </trkpt>
      <trkpt lat="50.94438" lon="4.67803">
        <ele>12</ele>
      </trkpt>
      <trkpt lat="50.94449" lon="4.67848">
        <ele>12</ele>
      </trkpt>
      <trkpt lat="50.94451" lon="4.67865">
        <ele>11</ele>
      </trkpt>
      <trkpt lat="50.94451" lon="4.67892">
        <ele>12</ele>
      </trkpt>
      <trkpt lat="50.94447" lon="4.67905">
        <ele>12</ele>
      </trkpt>
      <trkpt lat="50.9444" lon="4.67917">
        <ele>11</ele>
      </trkpt>
      <trkpt lat="50.94427" lon="4.67934">
        <ele>11</ele>
      </trkpt>
      <trkpt lat="50.94419" lon="4.67956">
        <ele>11</ele>
      </trkpt>
      <trkpt lat="50.94418" lon="4.67989">
        <ele>11</ele>
      </trkpt>
      <trkpt lat="50.94417" lon="4.68003">
        <ele>11</ele>
      </trkpt>
      <trkpt lat="50.94425" lon="4.68074">
        <ele>11</ele>
      </trkpt>
      <trkpt lat="50.94452" lon="4.68168">
        <ele>11</ele>
      </trkpt>
      <trkpt lat="50.94455" lon="4.68192">
        <ele>10</ele>
      </trkpt>
      <trkpt lat="50.94455" lon="4.68205">
        <ele>11</ele>
      </trkpt>
      <trkpt lat="50.94473" lon="4.6829">
        <ele>12</ele>
      </trkpt>
      <trkpt lat="50.94493" lon="4.68433">
        <ele>11</ele>
      </trkpt>
      <trkpt lat="50.94505" lon="4.68484">
        <ele>10</ele>
      </trkpt>
      <trkpt lat="50.94514" lon="4.68562">
        <ele>10</ele>
      </trkpt>
      <trkpt lat="50.94522" lon="4.68604">
        <ele>10</ele>
      </trkpt>
      <trkpt lat="50.94533" lon="4.68626">
        <ele>11</ele>
      </trkpt>
      <trkpt lat="50.94545" lon="4.68639">
        <ele>10</ele>
      </trkpt>
      <trkpt lat="50.94569" lon="4.68649">
        <ele>10</ele>
      </trkpt>
      <trkpt lat="50.94602" lon="4.68651">
        <ele>10</ele>
      </trkpt>
      <trkpt lat="50.94622" lon="4.6866">
        <ele>9</ele>
      </trkpt>
      <trkpt lat="50.9461" lon="4.68718">
        <ele>10</ele>
      </trkpt>
      <trkpt lat="50.94606" lon="4.68727">
        <ele>10</ele>
      </trkpt>
      <trkpt lat="50.94602" lon="4.68735">
        <ele>10</ele>
      </trkpt>
      <trkpt lat="50.94566" lon="4.68783">
        <ele>10</ele>
      </trkpt>
      <trkpt lat="50.94546" lon="4.68821">
        <ele>11</ele>
      </trkpt>
      <trkpt lat="50.94515" lon="4.68907">
        <ele>11</ele>
      </trkpt>
      <trkpt lat="50.94503" lon="4.68961">
        <ele>11</ele>
      </trkpt>
      <trkpt lat="50.94451" lon="4.69134">
        <ele>10</ele>
      </trkpt>
      <trkpt lat="50.94442" lon="4.69162">
        <ele>10</ele>
      </trkpt>
      <trkpt lat="50.94409" lon="4.69239">
        <ele>11</ele>
      </trkpt>
      <trkpt lat="50.94387" lon="4.69305">
        <ele>10</ele>
      </trkpt>
      <trkpt lat="50.94371" lon="4.69361">
        <ele>10</ele>
      </trkpt>
      <trkpt lat="50.9441" lon="4.69426">
        <ele>10</ele>
      </trkpt>
      <trkpt lat="50.94438" lon="4.69481">
        <ele>10</ele>
      </trkpt>
      <trkpt lat="50.94441" lon="4.69495">
        <ele>9</ele>
      </trkpt>
      <trkpt lat="50.94443" lon="4.6955">
        <ele>9</ele>
      </trkpt>
      <trkpt lat="50.94448" lon="4.69628">
        <ele>9</ele>
      </trkpt>
      <trkpt lat="50.94446" lon="4.69645">
        <ele>9</ele>
      </trkpt>
      <trkpt lat="50.94753" lon="4.70206">
        <ele>10</ele>
      </trkpt>
      <trkpt lat="50.94765" lon="4.70249">
        <ele>10</ele>
      </trkpt>
      <trkpt lat="50.94775" lon="4.70295">
        <ele>9</ele>
      </trkpt>
      <trkpt lat="50.94781" lon="4.70337">
        <ele>9</ele>
      </trkpt>
      <trkpt lat="50.94734" lon="4.70348">
        <ele>10</ele>
      </trkpt>
      <trkpt lat="50.94676" lon="4.70341">
        <ele>10</ele>
      </trkpt>
      <trkpt lat="50.94643" lon="4.70342">
        <ele>10</ele>
      </trkpt>
      <trkpt lat="50.94611" lon="4.70353">
        <ele>10</ele>
      </trkpt>
      <trkpt lat="50.94589" lon="4.70365">
        <ele>10</ele>
      </trkpt>
      <trkpt lat="50.94573" lon="4.70376">
        <ele>10</ele>
      </trkpt>
      <trkpt lat="50.94548" lon="4.70401">
        <ele>10</ele>
      </trkpt>
      <trkpt lat="50.94352" lon="4.70595">
        <ele>10</ele>
      </trkpt>
      <trkpt lat="50.9434" lon="4.70611">
        <ele>10</ele>
      </trkpt>
      <trkpt lat="50.94329" lon="4.70634">
        <ele>10</ele>
      </trkpt>
      <trkpt lat="50.94324" lon="4.7065">
        <ele>10</ele>
      </trkpt>
      <trkpt lat="50.94316" lon="4.70704">
        <ele>10</ele>
      </trkpt>
      <trkpt lat="50.94309" lon="4.70728">
        <ele>9</ele>
      </trkpt>
      <trkpt lat="50.94304" lon="4.70741">
        <ele>9</ele>
      </trkpt>
      <trkpt lat="50.94293" lon="4.70759">
        <ele>9</ele>
      </trkpt>
      <trkpt lat="50.94271" lon="4.70781">
        <ele>9</ele>
      </trkpt>
      <trkpt lat="50.94154" lon="4.70877">
        <ele>10</ele>
      </trkpt>
      <trkpt lat="50.94133" lon="4.70895">
        <ele>10</ele>
      </trkpt>
      <trkpt lat="50.94095" lon="4.70939">
        <ele>10</ele>
      </trkpt>
      <trkpt lat="50.94059" lon="4.70987">
        <ele>10</ele>
      </trkpt>
      <trkpt lat="50.94029" lon="4.71033">
        <ele>11</ele>
      </trkpt>
      <trkpt lat="50.94" lon="4.71084">
        <ele>11</ele>
      </trkpt>
      <trkpt lat="50.93964" lon="4.71141">
        <ele>12</ele>
      </trkpt>
      <trkpt lat="50.93955" lon="4.71164">
        <ele>13</ele>
      </trkpt>
      <trkpt lat="50.93951" lon="4.71186">
        <ele>13</ele>
      </trkpt>
      <trkpt lat="50.9395" lon="4.71197">
        <ele>13</ele>
      </trkpt>
      <trkpt lat="50.93954" lon="4.71244">
        <ele>13</ele>
      </trkpt>
      <trkpt lat="50.93993" lon="4.71569">
        <ele>12</ele>
      </trkpt>
      <trkpt lat="50.93995" lon="4.71638">
        <ele>11</ele>
      </trkpt>
      <trkpt lat="50.93995" lon="4.71661">
        <ele>11</ele>
      </trkpt>
      <trkpt lat="50.93979" lon="4.71823">
        <ele>11</ele>
      </trkpt>
      <trkpt lat="50.9398" lon="4.71892">
        <ele>11</ele>
      </trkpt>
      <trkpt lat="50.93989" lon="4.72013">
        <ele>12</ele>
      </trkpt>
      <trkpt lat="50.94011" lon="4.72061">
        <ele>12</ele>
      </trkpt>
      <trkpt lat="50.94181" lon="4.7234">
        <ele>12</ele>
      </trkpt>
      <trkpt lat="50.94194" lon="4.72374">
        <ele>12</ele>
      </trkpt>
      <trkpt lat="50.94266" lon="4.72593">
        <ele>10</ele>
      </trkpt>
      <trkpt lat="50.94344" lon="4.72707">
        <ele>11</ele>
      </trkpt>
      <trkpt lat="50.94407" lon="4.72802">
        <ele>11</ele>
      </trkpt>
      <trkpt lat="50.94404" lon="4.72808">
        <ele>11</ele>
      </trkpt>
      <trkpt lat="50.94416" lon="4.72826">
        <ele>11</ele>
      </trkpt>
      <trkpt lat="50.94425" lon="4.72833">
        <ele>11</ele>
      </trkpt>
      <trkpt lat="50.94475" lon="4.72857">
        <ele>11</ele>
      </trkpt>
      <trkpt lat="50.94542" lon="4.7291">
        <ele>11</ele>
      </trkpt>
      <trkpt lat="50.94621" lon="4.72982">
        <ele>11</ele>
      </trkpt>
      <trkpt lat="50.94685" lon="4.73063">
        <ele>11</ele>
      </trkpt>
      <trkpt lat="50.947" lon="4.73087">
        <ele>11</ele>
      </trkpt>
      <trkpt lat="50.94711" lon="4.73111">
        <ele>10</ele>
      </trkpt>
      <trkpt lat="50.94755" lon="4.73279">
        <ele>10</ele>
      </trkpt>
      <trkpt lat="50.94757" lon="4.73293">
        <ele>10</ele>
      </trkpt>
      <trkpt lat="50.94756" lon="4.7332">
        <ele>10</ele>
      </trkpt>
      <trkpt lat="50.94753" lon="4.73329">
        <ele>10</ele>
      </trkpt>
      <trkpt lat="50.94744" lon="4.73345">
        <ele>10</ele>
      </trkpt>
      <trkpt lat="50.94706" lon="4.73392">
        <ele>11</ele>
      </trkpt>
      <trkpt lat="50.947" lon="4.73397">
        <ele>11</ele>
      </trkpt>
      <trkpt lat="50.94697" lon="4.73395">
        <ele>10</ele>
      </trkpt>
      <trkpt lat="50.94693" lon="4.73392">
        <ele>10</ele>
      </trkpt>
      <trkpt lat="50.94689" lon="4.73381">
        <ele>10</ele>
      </trkpt>
      <trkpt lat="50.94684" lon="4.73377">
        <ele>9</ele>
      </trkpt>
      <trkpt lat="50.94678" lon="4.73378">
        <ele>9</ele>
      </trkpt>
      <trkpt lat="50.94666" lon="4.73405">
        <ele>10</ele>
      </trkpt>
      <trkpt lat="50.94663" lon="4.73417">
        <ele>9</ele>
      </trkpt>
      <trkpt lat="50.94663" lon="4.73427">
        <ele>9</ele>
      </trkpt>
      <trkpt lat="50.94681" lon="4.73441">
        <ele>10</ele>
      </trkpt>
      <trkpt lat="50.94686" lon="4.73448">
        <ele>10</ele>
      </trkpt>
      <trkpt lat="50.94711" lon="4.73517">
        <ele>10</ele>
      </trkpt>
      <trkpt lat="50.94707" lon="4.73522">
        <ele>10</ele>
      </trkpt>
      <trkpt lat="50.94703" lon="4.73532">
        <ele>10</ele>
      </trkpt>
      <trkpt lat="50.94699" lon="4.73554">
        <ele>10</ele>
      </trkpt>
      <trkpt lat="50.947" lon="4.73581">
        <ele>11</ele>
      </trkpt>
      <trkpt lat="50.94711" lon="4.73667">
        <ele>11</ele>
      </trkpt>
      <trkpt lat="50.94713" lon="4.73694">
        <ele>11</ele>
      </trkpt>
      <trkpt lat="50.94713" lon="4.73721">
        <ele>12</ele>
      </trkpt>
      <trkpt lat="50.94711" lon="4.73938">
        <ele>12</ele>
      </trkpt>
      <trkpt lat="50.94697" lon="4.74041">
        <ele>12</ele>
      </trkpt>
      <trkpt lat="50.94689" lon="4.74081">
        <ele>12</ele>
      </trkpt>
      <trkpt lat="50.9465" lon="4.7425">
        <ele>12</ele>
      </trkpt>
      <trkpt lat="50.94643" lon="4.74274">
        <ele>12</ele>
      </trkpt>
      <trkpt lat="50.9464" lon="4.74295">
        <ele>12</ele>
      </trkpt>
      <trkpt lat="50.94639" lon="4.74384">
        <ele>12</ele>
      </trkpt>
      <trkpt lat="50.94642" lon="4.74443">
        <ele>12</ele>
      </trkpt>
      <trkpt lat="50.94645" lon="4.74477">
        <ele>13</ele>
      </trkpt>
      <trkpt lat="50.94662" lon="4.74556">
        <ele>13</ele>
      </trkpt>
      <trkpt lat="50.94694" lon="4.74674">
        <ele>13</ele>
      </trkpt>
      <trkpt lat="50.94705" lon="4.74729">
        <ele>13</ele>
      </trkpt>
      <trkpt lat="50.9471" lon="4.74726">
        <ele>13</ele>
      </trkpt>
      <trkpt lat="50.94755" lon="4.74702">
        <ele>12</ele>
      </trkpt>
      <trkpt lat="50.9477" lon="4.747">
        <ele>12</ele>
      </trkpt>
      <trkpt lat="50.94785" lon="4.74703">
        <ele>12</ele>
      </trkpt>
      <trkpt lat="50.94827" lon="4.7472">
        <ele>11</ele>
      </trkpt>
      <trkpt lat="50.94841" lon="4.7473">
        <ele>11</ele>
      </trkpt>
      <trkpt lat="50.94846" lon="4.74743">
        <ele>11</ele>
      </trkpt>
      <trkpt lat="50.94849" lon="4.74763">
        <ele>12</ele>
      </trkpt>
      <trkpt lat="50.94892" lon="4.75281">
        <ele>13</ele>
      </trkpt>
      <trkpt lat="50.94895" lon="4.75329">
        <ele>13</ele>
      </trkpt>
      <trkpt lat="50.94873" lon="4.75338">
        <ele>13</ele>
      </trkpt>
      <trkpt lat="50.94846" lon="4.75356">
        <ele>14</ele>
      </trkpt>
      <trkpt lat="50.94868" lon="4.75401">
        <ele>14</ele>
      </trkpt>
      <trkpt lat="50.94843" lon="4.75463">
        <ele>14</ele>
      </trkpt>
      <trkpt lat="50.94819" lon="4.75543">
        <ele>15</ele>
      </trkpt>
      <trkpt lat="50.94791" lon="4.75672">
        <ele>15</ele>
      </trkpt>
      <trkpt lat="50.94761" lon="4.75737">
        <ele>15</ele>
      </trkpt>
      <trkpt lat="50.9476" lon="4.75748">
        <ele>15</ele>
      </trkpt>
      <trkpt lat="50.9476" lon="4.75772">
        <ele>15</ele>
      </trkpt>
      <trkpt lat="50.94765" lon="4.75815">
        <ele>15</ele>
      </trkpt>
      <trkpt lat="50.94766" lon="4.75905">
        <ele>15</ele>
      </trkpt>
      <trkpt lat="50.94767" lon="4.75988">
        <ele>16</ele>
      </trkpt>
      <trkpt lat="50.94766" lon="4.7608">
        <ele>16</ele>
      </trkpt>
      <trkpt lat="50.94746" lon="4.76473">
        <ele>19</ele>
      </trkpt>
      <trkpt lat="50.94738" lon="4.76519">
        <ele>19</ele>
      </trkpt>
      <trkpt lat="50.94736" lon="4.76557">
        <ele>19</ele>
      </trkpt>
      <trkpt lat="50.94738" lon="4.76623">
        <ele>19</ele>
      </trkpt>
      <trkpt lat="50.94734" lon="4.76717">
        <ele>19</ele>
      </trkpt>
      <trkpt lat="50.94736" lon="4.76808">
        <ele>19</ele>
      </trkpt>
      <trkpt lat="50.9474" lon="4.76858">
        <ele>19</ele>
      </trkpt>
      <trkpt lat="50.94762" lon="4.77026">
        <ele>19</ele>
      </trkpt>
      <trkpt lat="50.94766" lon="4.77081">
        <ele>19</ele>
      </trkpt>
      <trkpt lat="50.94768" lon="4.77165">
        <ele>19</ele>
      </trkpt>
      <trkpt lat="50.94767" lon="4.7722">
        <ele>19</ele>
      </trkpt>
      <trkpt lat="50.94749" lon="4.77462">
        <ele>18</ele>
      </trkpt>
      <trkpt lat="50.9475" lon="4.77478">
        <ele>18</ele>
      </trkpt>
      <trkpt lat="50.94755" lon="4.77505">
        <ele>18</ele>
      </trkpt>
      <trkpt lat="50.94792" lon="4.77628">
        <ele>20</ele>
      </trkpt>
      <trkpt lat="50.94795" lon="4.77645">
        <ele>20</ele>
      </trkpt>
      <trkpt lat="50.94796" lon="4.77671">
        <ele>20</ele>
      </trkpt>
      <trkpt lat="50.94793" lon="4.77695">
        <ele>21</ele>
      </trkpt>
      <trkpt lat="50.94785" lon="4.77723">
        <ele>22</ele>
      </trkpt>
      <trkpt lat="50.94771" lon="4.77747">
        <ele>24</ele>
      </trkpt>
      <trkpt lat="50.94755" lon="4.7776">
        <ele>22</ele>
      </trkpt>
      <trkpt lat="50.94607" lon="4.77855">
        <ele>19</ele>
      </trkpt>
      <trkpt lat="50.94611" lon="4.77858">
        <ele>19</ele>
      </trkpt>
      <trkpt lat="50.94616" lon="4.77862">
        <ele>19</ele>
      </trkpt>
      <trkpt lat="50.94629" lon="4.77858">
        <ele>18</ele>
      </trkpt>
      <trkpt lat="50.947" lon="4.77828">
        <ele>18</ele>
      </trkpt>
      <trkpt lat="50.9471" lon="4.77829">
        <ele>18</ele>
      </trkpt>
      <trkpt lat="50.94715" lon="4.77835">
        <ele>18</ele>
      </trkpt>
      <trkpt lat="50.94719" lon="4.77844">
        <ele>18</ele>
      </trkpt>
      <trkpt lat="50.94756" lon="4.77986">
        <ele>18</ele>
      </trkpt>
      <trkpt lat="50.94911" lon="4.78632">
        <ele>23</ele>
      </trkpt>
      <trkpt lat="50.94928" lon="4.78706">
        <ele>23</ele>
      </trkpt>
      <trkpt lat="50.94989" lon="4.78928">
        <ele>23</ele>
      </trkpt>
      <trkpt lat="50.95009" lon="4.79021">
        <ele>24</ele>
      </trkpt>
      <trkpt lat="50.95015" lon="4.79079">
        <ele>24</ele>
      </trkpt>
      <trkpt lat="50.9501" lon="4.79133">
        <ele>25</ele>
      </trkpt>
      <trkpt lat="50.94982" lon="4.79208">
        <ele>26</ele>
      </trkpt>
      <trkpt lat="50.94975" lon="4.79232">
        <ele>26</ele>
      </trkpt>
      <trkpt lat="50.94971" lon="4.79254">
        <ele>26</ele>
      </trkpt>
      <trkpt lat="50.94971" lon="4.79266">
        <ele>26</ele>
      </trkpt>
      <trkpt lat="50.95002" lon="4.79361">
        <ele>26</ele>
      </trkpt>
      <trkpt lat="50.95008" lon="4.79373">
        <ele>25</ele>
      </trkpt>
      <trkpt lat="50.95014" lon="4.79382">
        <ele>25</ele>
      </trkpt>
      <trkpt lat="50.95031" lon="4.79398">
        <ele>25</ele>
      </trkpt>
      <trkpt lat="50.95078" lon="4.79425">
        <ele>25</ele>
      </trkpt>
      <trkpt lat="50.95086" lon="4.79431">
        <ele>25</ele>
      </trkpt>
      <trkpt lat="50.95108" lon="4.79455">
        <ele>26</ele>
      </trkpt>
      <trkpt lat="50.95126" lon="4.79486">
        <ele>27</ele>
      </trkpt>
      <trkpt lat="50.95141" lon="4.79526">
        <ele>27</ele>
      </trkpt>
      <trkpt lat="50.9515" lon="4.79564">
        <ele>27</ele>
      </trkpt>
      <trkpt lat="50.95195" lon="4.79706">
        <ele>27</ele>
      </trkpt>
      <trkpt lat="50.95288" lon="4.79946">
        <ele>30</ele>
      </trkpt>
      <trkpt lat="50.9532" lon="4.80013">
        <ele>31</ele>
      </trkpt>
      <trkpt lat="50.95358" lon="4.80104">
        <ele>33</ele>
      </trkpt>
      <trkpt lat="50.95359" lon="4.80111">
        <ele>34</ele>
      </trkpt>
      <trkpt lat="50.95368" lon="4.80174">
        <ele>33</ele>
      </trkpt>
      <trkpt lat="50.95341" lon="4.80205">
        <ele>33</ele>
      </trkpt>
      <trkpt lat="50.95311" lon="4.80231">
        <ele>33</ele>
      </trkpt>
      <trkpt lat="50.95361" lon="4.80448">
        <ele>44</ele>
      </trkpt>
      <trkpt lat="50.95379" lon="4.80635">
        <ele>47</ele>
      </trkpt>
      <trkpt lat="50.95381" lon="4.80647">
        <ele>47</ele>
      </trkpt>
      <trkpt lat="50.95387" lon="4.80655">
        <ele>47</ele>
      </trkpt>
      <trkpt lat="50.95394" lon="4.80657">
        <ele>47</ele>
      </trkpt>
      <trkpt lat="50.95472" lon="4.80639">
        <ele>45</ele>
      </trkpt>
      <trkpt lat="50.95542" lon="4.80628">
        <ele>45</ele>
      </trkpt>
      <trkpt lat="50.95548" lon="4.80689">
        <ele>46</ele>
      </trkpt>
      <trkpt lat="50.9555" lon="4.80703">
        <ele>46</ele>
      </trkpt>
      <trkpt lat="50.95553" lon="4.80707">
        <ele>46</ele>
      </trkpt>
      <trkpt lat="50.95563" lon="4.80719">
        <ele>46</ele>
      </trkpt>
      <trkpt lat="50.95612" lon="4.80743">
        <ele>47</ele>
      </trkpt>
      <trkpt lat="50.95635" lon="4.80749">
        <ele>48</ele>
      </trkpt>
      <trkpt lat="50.95658" lon="4.80753">
        <ele>50</ele>
      </trkpt>
      <trkpt lat="50.95671" lon="4.80759">
        <ele>50</ele>
      </trkpt>
      <trkpt lat="50.95679" lon="4.80768">
        <ele>51</ele>
      </trkpt>
      <trkpt lat="50.95688" lon="4.80784">
        <ele>52</ele>
      </trkpt>
      <trkpt lat="50.95693" lon="4.80802">
        <ele>52</ele>
      </trkpt>
      <trkpt lat="50.95712" lon="4.80955">
        <ele>52</ele>
      </trkpt>
      <trkpt lat="50.95719" lon="4.81076">
        <ele>52</ele>
      </trkpt>
      <trkpt lat="50.95726" lon="4.8125">
        <ele>53</ele>
      </trkpt>
      <trkpt lat="50.95733" lon="4.81299">
        <ele>53</ele>
      </trkpt>
      <trkpt lat="50.95764" lon="4.81429">
        <ele>51</ele>
      </trkpt>
      <trkpt lat="50.95784" lon="4.81549">
        <ele>48</ele>
      </trkpt>
      <trkpt lat="50.95716" lon="4.81587">
        <ele>48</ele>
      </trkpt>
      <trkpt lat="50.95693" lon="4.81607">
        <ele>48</ele>
      </trkpt>
      <trkpt lat="50.95669" lon="4.81631">
        <ele>47</ele>
      </trkpt>
      <trkpt lat="50.95619" lon="4.81712">
        <ele>48</ele>
      </trkpt>
      <trkpt lat="50.95589" lon="4.81746">
        <ele>48</ele>
      </trkpt>
      <trkpt lat="50.95131" lon="4.82119">
        <ele>57</ele>
      </trkpt>
      <trkpt lat="50.95108" lon="4.82144">
        <ele>56</ele>
      </trkpt>
      <trkpt lat="50.95097" lon="4.8216">
        <ele>56</ele>
      </trkpt>
      <trkpt lat="50.95079" lon="4.82192">
        <ele>55</ele>
      </trkpt>
      <trkpt lat="50.95063" lon="4.82229">
        <ele>54</ele>
      </trkpt>
      <trkpt lat="50.95054" lon="4.82258">
        <ele>52</ele>
      </trkpt>
      <trkpt lat="50.95046" lon="4.82288">
        <ele>51</ele>
      </trkpt>
      <trkpt lat="50.95034" lon="4.82357">
        <ele>49</ele>
      </trkpt>
      <trkpt lat="50.95031" lon="4.82389">
        <ele>47</ele>
      </trkpt>
      <trkpt lat="50.95031" lon="4.82455">
        <ele>45</ele>
      </trkpt>
      <trkpt lat="50.95034" lon="4.82487">
        <ele>44</ele>
      </trkpt>
      <trkpt lat="50.95038" lon="4.82519">
        <ele>42</ele>
      </trkpt>
      <trkpt lat="50.95064" lon="4.82654">
        <ele>38</ele>
      </trkpt>
      <trkpt lat="50.95067" lon="4.82686">
        <ele>37</ele>
      </trkpt>
      <trkpt lat="50.95065" lon="4.82742">
        <ele>34</ele>
      </trkpt>
      <trkpt lat="50.95062" lon="4.82773">
        <ele>34</ele>
      </trkpt>
      <trkpt lat="50.9505" lon="4.82825">
        <ele>31</ele>
      </trkpt>
      <trkpt lat="50.95031" lon="4.82875">
        <ele>30</ele>
      </trkpt>
      <trkpt lat="50.95013" lon="4.82922">
        <ele>29</ele>
      </trkpt>
      <trkpt lat="50.95" lon="4.82951">
        <ele>28</ele>
      </trkpt>
      <trkpt lat="50.94986" lon="4.82973">
        <ele>28</ele>
      </trkpt>
      <trkpt lat="50.94951" lon="4.83011">
        <ele>26</ele>
      </trkpt>
      <trkpt lat="50.94932" lon="4.83023">
        <ele>26</ele>
      </trkpt>
      <trkpt lat="50.94856" lon="4.83044">
        <ele>24</ele>
      </trkpt>
      <trkpt lat="50.9483" lon="4.83052">
        <ele>23</ele>
      </trkpt>
      <trkpt lat="50.94818" lon="4.83058">
        <ele>23</ele>
      </trkpt>
      <trkpt lat="50.94829" lon="4.83083">
        <ele>23</ele>
      </trkpt>
      <trkpt lat="50.94857" lon="4.83141">
        <ele>23</ele>
      </trkpt>
      <trkpt lat="50.94922" lon="4.83278">
        <ele>23</ele>
      </trkpt>
      <trkpt lat="50.94965" lon="4.83357">
        <ele>24</ele>
      </trkpt>
      <trkpt lat="50.95002" lon="4.83423">
        <ele>24</ele>
      </trkpt>
      <trkpt lat="50.95036" lon="4.83479">
        <ele>24</ele>
      </trkpt>
      <trkpt lat="50.95044" lon="4.83495">
        <ele>24</ele>
      </trkpt>
      <trkpt lat="50.9506" lon="4.83543">
        <ele>24</ele>
      </trkpt>
      <trkpt lat="50.95067" lon="4.83592">
        <ele>25</ele>
      </trkpt>
      <trkpt lat="50.95072" lon="4.83611">
        <ele>25</ele>
      </trkpt>
      <trkpt lat="50.95089" lon="4.83642">
        <ele>25</ele>
      </trkpt>
      <trkpt lat="50.9511" lon="4.83714">
        <ele>25</ele>
      </trkpt>
      <trkpt lat="50.95137" lon="4.83811">
        <ele>26</ele>
      </trkpt>
      <trkpt lat="50.95167" lon="4.83936">
        <ele>26</ele>
      </trkpt>
      <trkpt lat="50.95226" lon="4.83903">
        <ele>27</ele>
      </trkpt>
      <trkpt lat="50.95243" lon="4.83894">
        <ele>27</ele>
      </trkpt>
      <trkpt lat="50.9526" lon="4.83891">
        <ele>28</ele>
      </trkpt>
      <trkpt lat="50.95391" lon="4.83892">
        <ele>32</ele>
      </trkpt>
      <trkpt lat="50.95403" lon="4.83895">
        <ele>33</ele>
      </trkpt>
      <trkpt lat="50.95413" lon="4.83899">
        <ele>34</ele>
      </trkpt>
      <trkpt lat="50.95471" lon="4.84027">
        <ele>36</ele>
      </trkpt>
      <trkpt lat="50.95474" lon="4.84063">
        <ele>35</ele>
      </trkpt>
      <trkpt lat="50.95475" lon="4.84089">
        <ele>35</ele>
      </trkpt>
      <trkpt lat="50.95471" lon="4.84128">
        <ele>36</ele>
      </trkpt>
      <trkpt lat="50.95447" lon="4.84299">
        <ele>36</ele>
      </trkpt>
      <trkpt lat="50.95442" lon="4.84341">
        <ele>37</ele>
      </trkpt>
      <trkpt lat="50.95439" lon="4.84424">
        <ele>37</ele>
      </trkpt>
      <trkpt lat="50.9544" lon="4.84466">
        <ele>37</ele>
      </trkpt>
      <trkpt lat="50.95446" lon="4.84603">
        <ele>36</ele>
      </trkpt>
      <trkpt lat="50.95445" lon="4.84615">
        <ele>36</ele>
      </trkpt>
      <trkpt lat="50.95438" lon="4.84634">
        <ele>37</ele>
      </trkpt>
      <trkpt lat="50.95349" lon="4.84761">
        <ele>44</ele>
      </trkpt>
      <trkpt lat="50.95324" lon="4.84811">
        <ele>45</ele>
      </trkpt>
      <trkpt lat="50.95285" lon="4.84899">
        <ele>46</ele>
      </trkpt>
      <trkpt lat="50.95264" lon="4.84939">
        <ele>46</ele>
      </trkpt>
      <trkpt lat="50.95244" lon="4.8496">
        <ele>47</ele>
      </trkpt>
      <trkpt lat="50.95206" lon="4.84981">
        <ele>49</ele>
      </trkpt>
      <trkpt lat="50.95197" lon="4.84991">
        <ele>49</ele>
      </trkpt>
      <trkpt lat="50.95136" lon="4.85092">
        <ele>51</ele>
      </trkpt>
      <trkpt lat="50.95112" lon="4.85137">
        <ele>50</ele>
      </trkpt>
      <trkpt lat="50.95107" lon="4.8516">
        <ele>52</ele>
      </trkpt>
      <trkpt lat="50.95105" lon="4.85177">
        <ele>51</ele>
      </trkpt>
      <trkpt lat="50.95103" lon="4.853">
        <ele>52</ele>
      </trkpt>
      <trkpt lat="50.95105" lon="4.85443">
        <ele>52</ele>
      </trkpt>
      <trkpt lat="50.95101" lon="4.85455">
        <ele>52</ele>
      </trkpt>
      <trkpt lat="50.95094" lon="4.85467">
        <ele>52</ele>
      </trkpt>
      <trkpt lat="50.95055" lon="4.85518">
        <ele>53</ele>
      </trkpt>
      <trkpt lat="50.95039" lon="4.85545">
        <ele>55</ele>
      </trkpt>
      <trkpt lat="50.9503" lon="4.85562">
        <ele>54</ele>
      </trkpt>
      <trkpt lat="50.95022" lon="4.85584">
        <ele>54</ele>
      </trkpt>
      <trkpt lat="50.95015" lon="4.85607">
        <ele>55</ele>
      </trkpt>
      <trkpt lat="50.95007" lon="4.85644">
        <ele>55</ele>
      </trkpt>
      <trkpt lat="50.94992" lon="4.85793">
        <ele>56</ele>
      </trkpt>
      <trkpt lat="50.94985" lon="4.85812">
        <ele>56</ele>
      </trkpt>
      <trkpt lat="50.94914" lon="4.85924">
        <ele>52</ele>
      </trkpt>
      <trkpt lat="50.949" lon="4.85952">
        <ele>52</ele>
      </trkpt>
      <trkpt lat="50.94896" lon="4.85964">
        <ele>52</ele>
      </trkpt>
      <trkpt lat="50.94877" lon="4.86084">
        <ele>52</ele>
      </trkpt>
      <trkpt lat="50.94876" lon="4.86109">
        <ele>52</ele>
      </trkpt>
      <trkpt lat="50.94876" lon="4.86167">
        <ele>53</ele>
      </trkpt>
      <trkpt lat="50.94875" lon="4.86184">
        <ele>54</ele>
      </trkpt>
      <trkpt lat="50.94867" lon="4.8624">
        <ele>56</ele>
      </trkpt>
      <trkpt lat="50.94865" lon="4.8625">
        <ele>56</ele>
      </trkpt>
      <trkpt lat="50.94865" lon="4.86287">
        <ele>57</ele>
      </trkpt>
      <trkpt lat="50.94868" lon="4.86346">
        <ele>58</ele>
      </trkpt>
      <trkpt lat="50.94867" lon="4.86374">
        <ele>57</ele>
      </trkpt>
      <trkpt lat="50.94851" lon="4.86496">
        <ele>55</ele>
      </trkpt>
      <trkpt lat="50.94851" lon="4.86543">
        <ele>55</ele>
      </trkpt>
      <trkpt lat="50.94856" lon="4.8661">
        <ele>54</ele>
      </trkpt>
      <trkpt lat="50.94859" lon="4.86626">
        <ele>53</ele>
      </trkpt>
      <trkpt lat="50.94863" lon="4.86686">
        <ele>53</ele>
      </trkpt>
      <trkpt lat="50.9485" lon="4.86765">
        <ele>52</ele>
      </trkpt>
      <trkpt lat="50.94845" lon="4.86784">
        <ele>53</ele>
      </trkpt>
      <trkpt lat="50.94828" lon="4.86803">
        <ele>53</ele>
      </trkpt>
      <trkpt lat="50.94779" lon="4.86847">
        <ele>54</ele>
      </trkpt>
      <trkpt lat="50.94762" lon="4.86868">
        <ele>54</ele>
      </trkpt>
      <trkpt lat="50.94755" lon="4.86882">
        <ele>54</ele>
      </trkpt>
      <trkpt lat="50.94724" lon="4.8696">
        <ele>57</ele>
      </trkpt>
      <trkpt lat="50.94697" lon="4.8702">
        <ele>60</ele>
      </trkpt>
      <trkpt lat="50.947" lon="4.87033">
        <ele>61</ele>
      </trkpt>
      <trkpt lat="50.94704" lon="4.87077">
        <ele>63</ele>
      </trkpt>
      <trkpt lat="50.94707" lon="4.87178">
        <ele>64</ele>
      </trkpt>
      <trkpt lat="50.94717" lon="4.87362">
        <ele>63</ele>
      </trkpt>
      <trkpt lat="50.94722" lon="4.87556">
        <ele>64</ele>
      </trkpt>
      <trkpt lat="50.94726" lon="4.87595">
        <ele>65</ele>
      </trkpt>
      <trkpt lat="50.94747" lon="4.87696">
        <ele>68</ele>
      </trkpt>
      <trkpt lat="50.94765" lon="4.87758">
        <ele>69</ele>
      </trkpt>
      <trkpt lat="50.94788" lon="4.87821">
        <ele>67</ele>
      </trkpt>
      <trkpt lat="50.94794" lon="4.87853">
        <ele>67</ele>
      </trkpt>
      <trkpt lat="50.94802" lon="4.87885">
        <ele>66</ele>
      </trkpt>
      <trkpt lat="50.94808" lon="4.87906">
        <ele>65</ele>
      </trkpt>
      <trkpt lat="50.94824" lon="4.87948">
        <ele>65</ele>
      </trkpt>
      <trkpt lat="50.94837" lon="4.87978">
        <ele>64</ele>
      </trkpt>
      <trkpt lat="50.94867" lon="4.88033">
        <ele>64</ele>
      </trkpt>
      <trkpt lat="50.94874" lon="4.8805">
        <ele>64</ele>
      </trkpt>
      <trkpt lat="50.9489" lon="4.88104">
        <ele>63</ele>
      </trkpt>
      <trkpt lat="50.94919" lon="4.88161">
        <ele>63</ele>
      </trkpt>
      <trkpt lat="50.94932" lon="4.8818">
        <ele>62</ele>
      </trkpt>
      <trkpt lat="50.94951" lon="4.88202">
        <ele>61</ele>
      </trkpt>
      <trkpt lat="50.95014" lon="4.88248">
        <ele>64</ele>
      </trkpt>
      <trkpt lat="50.95061" lon="4.88266">
        <ele>63</ele>
      </trkpt>
      <trkpt lat="50.95077" lon="4.88273">
        <ele>63</ele>
      </trkpt>
      <trkpt lat="50.95092" lon="4.88285">
        <ele>63</ele>
      </trkpt>
      <trkpt lat="50.95107" lon="4.883">
        <ele>64</ele>
      </trkpt>
      <trkpt lat="50.95127" lon="4.88321">
        <ele>64</ele>
      </trkpt>
      <trkpt lat="50.95162" lon="4.88368">
        <ele>61</ele>
      </trkpt>
      <trkpt lat="50.95176" lon="4.88381">
        <ele>59</ele>
      </trkpt>
      <trkpt lat="50.95218" lon="4.88408">
        <ele>56</ele>
      </trkpt>
      <trkpt lat="50.95238" lon="4.88439">
        <ele>52</ele>
      </trkpt>
      <trkpt lat="50.95257" lon="4.88461">
        <ele>50</ele>
      </trkpt>
      <trkpt lat="50.95243" lon="4.88483">
        <ele>49</ele>
      </trkpt>
      <trkpt lat="50.95213" lon="4.8853">
        <ele>47</ele>
      </trkpt>
      <trkpt lat="50.95198" lon="4.88545">
        <ele>46</ele>
      </trkpt>
      <trkpt lat="50.95165" lon="4.88571">
        <ele>44</ele>
      </trkpt>
      <trkpt lat="50.95126" lon="4.88633">
        <ele>39</ele>
      </trkpt>
      <trkpt lat="50.9509" lon="4.88674">
        <ele>33</ele>
      </trkpt>
      <trkpt lat="50.95067" lon="4.88684">
        <ele>31</ele>
      </trkpt>
      <trkpt lat="50.95058" lon="4.88691">
        <ele>30</ele>
      </trkpt>
      <trkpt lat="50.95044" lon="4.88712">
        <ele>30</ele>
      </trkpt>
      <trkpt lat="50.94988" lon="4.88817">
        <ele>26</ele>
      </trkpt>
      <trkpt lat="50.94938" lon="4.88904">
        <ele>25</ele>
      </trkpt>
      <trkpt lat="50.94892" lon="4.88983">
        <ele>24</ele>
      </trkpt>
      <trkpt lat="50.94922" lon="4.89019">
        <ele>24</ele>
      </trkpt>
      <trkpt lat="50.95272" lon="4.89525">
        <ele>21</ele>
      </trkpt>
      <trkpt lat="50.95304" lon="4.89564">
        <ele>21</ele>
      </trkpt>
      <trkpt lat="50.95358" lon="4.89607">
        <ele>21</ele>
      </trkpt>
      <trkpt lat="50.95414" lon="4.89631">
        <ele>21</ele>
      </trkpt>
      <trkpt lat="50.95553" lon="4.89678">
        <ele>20</ele>
      </trkpt>
      <trkpt lat="50.95649" lon="4.89709">
        <ele>20</ele>
      </trkpt>
      <trkpt lat="50.95657" lon="4.89714">
        <ele>20</ele>
      </trkpt>
      <trkpt lat="50.95665" lon="4.89728">
        <ele>20</ele>
      </trkpt>
      <trkpt lat="50.95366" lon="4.90056">
        <ele>27</ele>
      </trkpt>
      <trkpt lat="50.95344" lon="4.90067">
        <ele>28</ele>
      </trkpt>
      <trkpt lat="50.9532" lon="4.90065">
        <ele>27</ele>
      </trkpt>
      <trkpt lat="50.95298" lon="4.90055">
        <ele>27</ele>
      </trkpt>
      <trkpt lat="50.95146" lon="4.89967">
        <ele>24</ele>
      </trkpt>
      <trkpt lat="50.95117" lon="4.89956">
        <ele>24</ele>
      </trkpt>
      <trkpt lat="50.95089" lon="4.89953">
        <ele>23</ele>
      </trkpt>
      <trkpt lat="50.94995" lon="4.89964">
        <ele>22</ele>
      </trkpt>
      <trkpt lat="50.94998" lon="4.89978">
        <ele>22</ele>
      </trkpt>
      <trkpt lat="50.95035" lon="4.90173">
        <ele>23</ele>
      </trkpt>
      <trkpt lat="50.95042" lon="4.90226">
        <ele>23</ele>
      </trkpt>
      <trkpt lat="50.95044" lon="4.9026">
        <ele>23</ele>
      </trkpt>
      <trkpt lat="50.95043" lon="4.90317">
        <ele>23</ele>
      </trkpt>
      <trkpt lat="50.95031" lon="4.90436">
        <ele>23</ele>
      </trkpt>
      <trkpt lat="50.9502" lon="4.90492">
        <ele>24</ele>
      </trkpt>
      <trkpt lat="50.95007" lon="4.90526">
        <ele>24</ele>
      </trkpt>
      <trkpt lat="50.94996" lon="4.90546">
        <ele>24</ele>
      </trkpt>
      <trkpt lat="50.94927" lon="4.9066">
        <ele>24</ele>
      </trkpt>
      <trkpt lat="50.94907" lon="4.90701">
        <ele>24</ele>
      </trkpt>
      <trkpt lat="50.94897" lon="4.90728">
        <ele>24</ele>
      </trkpt>
      <trkpt lat="50.94883" lon="4.9078">
        <ele>24</ele>
      </trkpt>
      <trkpt lat="50.94878" lon="4.9082">
        <ele>24</ele>
      </trkpt>
      <trkpt lat="50.94876" lon="4.90876">
        <ele>24</ele>
      </trkpt>
      <trkpt lat="50.94878" lon="4.90915">
        <ele>24</ele>
      </trkpt>
      <trkpt lat="50.94904" lon="4.91103">
        <ele>24</ele>
      </trkpt>
      <trkpt lat="50.94907" lon="4.91155">
        <ele>24</ele>
      </trkpt>
      <trkpt lat="50.94907" lon="4.91178">
        <ele>24</ele>
      </trkpt>
      <trkpt lat="50.94904" lon="4.91222">
        <ele>24</ele>
      </trkpt>
      <trkpt lat="50.94896" lon="4.9127">
        <ele>24</ele>
      </trkpt>
      <trkpt lat="50.9488" lon="4.91317">
        <ele>24</ele>
      </trkpt>
      <trkpt lat="50.94868" lon="4.91343">
        <ele>25</ele>
      </trkpt>
      <trkpt lat="50.9484" lon="4.91389">
        <ele>25</ele>
      </trkpt>
      <trkpt lat="50.94809" lon="4.91423">
        <ele>25</ele>
      </trkpt>
      <trkpt lat="50.94669" lon="4.91558">
        <ele>25</ele>
      </trkpt>
      <trkpt lat="50.94651" lon="4.91584">
        <ele>25</ele>
      </trkpt>
      <trkpt lat="50.94638" lon="4.91608">
        <ele>25</ele>
      </trkpt>
      <trkpt lat="50.94625" lon="4.9164">
        <ele>25</ele>
      </trkpt>
      <trkpt lat="50.94617" lon="4.91665">
        <ele>25</ele>
      </trkpt>
      <trkpt lat="50.9461" lon="4.91695">
        <ele>26</ele>
      </trkpt>
      <trkpt lat="50.94575" lon="4.91975">
        <ele>27</ele>
      </trkpt>
      <trkpt lat="50.94572" lon="4.91993">
        <ele>27</ele>
      </trkpt>
      <trkpt lat="50.94569" lon="4.92002">
        <ele>27</ele>
      </trkpt>
      <trkpt lat="50.94559" lon="4.92008">
        <ele>27</ele>
      </trkpt>
      <trkpt lat="50.94542" lon="4.91906">
        <ele>26</ele>
      </trkpt>
      <trkpt lat="50.94537" lon="4.91862">
        <ele>26</ele>
      </trkpt>
      <trkpt lat="50.94532" lon="4.91773">
        <ele>26</ele>
      </trkpt>
      <trkpt lat="50.94519" lon="4.91402">
        <ele>25</ele>
      </trkpt>
      <trkpt lat="50.94515" lon="4.91348">
        <ele>25</ele>
      </trkpt>
      <trkpt lat="50.94499" lon="4.91253">
        <ele>25</ele>
      </trkpt>
      <trkpt lat="50.94494" lon="4.91231">
        <ele>25</ele>
      </trkpt>
      <trkpt lat="50.94455" lon="4.91091">
        <ele>25</ele>
      </trkpt>
      <trkpt lat="50.94449" lon="4.91074">
        <ele>25</ele>
      </trkpt>
      <trkpt lat="50.9444" lon="4.91059">
        <ele>24</ele>
      </trkpt>
      <trkpt lat="50.94431" lon="4.91049">
        <ele>25</ele>
      </trkpt>
      <trkpt lat="50.94279" lon="4.90927">
        <ele>26</ele>
      </trkpt>
      <trkpt lat="50.94249" lon="4.90893">
        <ele>26</ele>
      </trkpt>
      <trkpt lat="50.94226" lon="4.90858">
        <ele>27</ele>
      </trkpt>
      <trkpt lat="50.94202" lon="4.90814">
        <ele>27</ele>
      </trkpt>
      <trkpt lat="50.94184" lon="4.90767">
        <ele>28</ele>
      </trkpt>
      <trkpt lat="50.94176" lon="4.90741">
        <ele>28</ele>
      </trkpt>
      <trkpt lat="50.94133" lon="4.90553">
        <ele>32</ele>
      </trkpt>
      <trkpt lat="50.94116" lon="4.90473">
        <ele>33</ele>
      </trkpt>
      <trkpt lat="50.94106" lon="4.90458">
        <ele>33</ele>
      </trkpt>
      <trkpt lat="50.94096" lon="4.90448">
        <ele>34</ele>
      </trkpt>
      <trkpt lat="50.94074" lon="4.90442">
        <ele>34</ele>
      </trkpt>
      <trkpt lat="50.94001" lon="4.9048">
        <ele>35</ele>
      </trkpt>
      <trkpt lat="50.93982" lon="4.90495">
        <ele>34</ele>
      </trkpt>
      <trkpt lat="50.93965" lon="4.90512">
        <ele>34</ele>
      </trkpt>
      <trkpt lat="50.93784" lon="4.90724">
        <ele>29</ele>
      </trkpt>
      <trkpt lat="50.93767" lon="4.90759">
        <ele>29</ele>
      </trkpt>
      <trkpt lat="50.93742" lon="4.90825">
        <ele>29</ele>
      </trkpt>
      <trkpt lat="50.9373" lon="4.90848">
        <ele>29</ele>
      </trkpt>
      <trkpt lat="50.9372" lon="4.90864">
        <ele>29</ele>
      </trkpt>
      <trkpt lat="50.93706" lon="4.90882">
        <ele>29</ele>
      </trkpt>
      <trkpt lat="50.93684" lon="4.90902">
        <ele>29</ele>
      </trkpt>
      <trkpt lat="50.93665" lon="4.90914">
        <ele>29</ele>
      </trkpt>
      <trkpt lat="50.93647" lon="4.90921">
        <ele>29</ele>
      </trkpt>
      <trkpt lat="50.93631" lon="4.90922">
        <ele>30</ele>
      </trkpt>
      <trkpt lat="50.9363" lon="4.9094">
        <ele>30</ele>
      </trkpt>
      <trkpt lat="50.93595" lon="4.91037">
        <ele>29</ele>
      </trkpt>
      <trkpt lat="50.93587" lon="4.91065">
        <ele>29</ele>
      </trkpt>
      <trkpt lat="50.93536" lon="4.91296">
        <ele>30</ele>
      </trkpt>
      <trkpt lat="50.93522" lon="4.91336">
        <ele>31</ele>
      </trkpt>
      <trkpt lat="50.93505" lon="4.91368">
        <ele>31</ele>
      </trkpt>
      <trkpt lat="50.93487" lon="4.91396">
        <ele>31</ele>
      </trkpt>
      <trkpt lat="50.93391" lon="4.91546">
        <ele>34</ele>
      </trkpt>
      <trkpt lat="50.93383" lon="4.91569">
        <ele>34</ele>
      </trkpt>
      <trkpt lat="50.93381" lon="4.91586">
        <ele>34</ele>
      </trkpt>
      <trkpt lat="50.93381" lon="4.91609">
        <ele>34</ele>
      </trkpt>
      <trkpt lat="50.93395" lon="4.91693">
        <ele>33</ele>
      </trkpt>
      <trkpt lat="50.93409" lon="4.9181">
        <ele>32</ele>
      </trkpt>
      <trkpt lat="50.93411" lon="4.91855">
        <ele>32</ele>
      </trkpt>
      <trkpt lat="50.93399" lon="4.92047">
        <ele>32</ele>
      </trkpt>
      <trkpt lat="50.93398" lon="4.92136">
        <ele>32</ele>
      </trkpt>
      <trkpt lat="50.93399" lon="4.92195">
        <ele>32</ele>
      </trkpt>
      <trkpt lat="50.93404" lon="4.92301">
        <ele>32</ele>
      </trkpt>
      <trkpt lat="50.93417" lon="4.92404">
        <ele>32</ele>
      </trkpt>
      <trkpt lat="50.93456" lon="4.92665">
        <ele>34</ele>
      </trkpt>
      <trkpt lat="50.93475" lon="4.92753">
        <ele>34</ele>
      </trkpt>
      <trkpt lat="50.935" lon="4.92845">
        <ele>34</ele>
      </trkpt>
      <trkpt lat="50.93524" lon="4.92907">
        <ele>34</ele>
      </trkpt>
      <trkpt lat="50.936" lon="4.93087">
        <ele>34</ele>
      </trkpt>
      <trkpt lat="50.93759" lon="4.93447">
        <ele>35</ele>
      </trkpt>
      <trkpt lat="50.93759" lon="4.93457">
        <ele>35</ele>
      </trkpt>
      <trkpt lat="50.93776" lon="4.93471">
        <ele>35</ele>
      </trkpt>
      <trkpt lat="50.9379" lon="4.935">
        <ele>35</ele>
      </trkpt>
      <trkpt lat="50.93835" lon="4.93663">
        <ele>34</ele>
      </trkpt>
      <trkpt lat="50.9385" lon="4.9371">
        <ele>34</ele>
      </trkpt>
      <trkpt lat="50.93912" lon="4.93877">
        <ele>33</ele>
      </trkpt>
      <trkpt lat="50.9393" lon="4.93917">
        <ele>33</ele>
      </trkpt>
      <trkpt lat="50.9404" lon="4.941">
        <ele>33</ele>
      </trkpt>
      <trkpt lat="50.94112" lon="4.94224">
        <ele>33</ele>
      </trkpt>
      <trkpt lat="50.94207" lon="4.94437">
        <ele>34</ele>
      </trkpt>
      <trkpt lat="50.94214" lon="4.94458">
        <ele>34</ele>
      </trkpt>
      <trkpt lat="50.94217" lon="4.94477">
        <ele>34</ele>
      </trkpt>
      <trkpt lat="50.94218" lon="4.94493">
        <ele>34</ele>
      </trkpt>
      <trkpt lat="50.94211" lon="4.94576">
        <ele>34</ele>
      </trkpt>
      <trkpt lat="50.9421" lon="4.9473">
        <ele>35</ele>
      </trkpt>
      <trkpt lat="50.94211" lon="4.94754">
        <ele>36</ele>
      </trkpt>
      <trkpt lat="50.94221" lon="4.94818">
        <ele>36</ele>
      </trkpt>
      <trkpt lat="50.9428" lon="4.95018">
        <ele>37</ele>
      </trkpt>
      <trkpt lat="50.94343" lon="4.95231">
        <ele>37</ele>
      </trkpt>
      <trkpt lat="50.94351" lon="4.95269">
        <ele>37</ele>
      </trkpt>
      <trkpt lat="50.94353" lon="4.9531">
        <ele>38</ele>
      </trkpt>
      <trkpt lat="50.94348" lon="4.95354">
        <ele>39</ele>
      </trkpt>
      <trkpt lat="50.94349" lon="4.9538">
        <ele>39</ele>
      </trkpt>
      <trkpt lat="50.94355" lon="4.95417">
        <ele>40</ele>
      </trkpt>
      <trkpt lat="50.94371" lon="4.95474">
        <ele>39</ele>
      </trkpt>
      <trkpt lat="50.9438" lon="4.95524">
        <ele>39</ele>
      </trkpt>
      <trkpt lat="50.94383" lon="4.95579">
        <ele>38</ele>
      </trkpt>
      <trkpt lat="50.94395" lon="4.95916">
        <ele>37</ele>
      </trkpt>
      <trkpt lat="50.94403" lon="4.9605">
        <ele>37</ele>
      </trkpt>
      <trkpt lat="50.94451" lon="4.96551">
        <ele>37</ele>
      </trkpt>
      <trkpt lat="50.94434" lon="4.96567">
        <ele>37</ele>
      </trkpt>
      <trkpt lat="50.9436" lon="4.96647">
        <ele>37</ele>
      </trkpt>
      <trkpt lat="50.94322" lon="4.96681">
        <ele>37</ele>
      </trkpt>
      <trkpt lat="50.94266" lon="4.96726">
        <ele>40</ele>
      </trkpt>
      <trkpt lat="50.9417" lon="4.96819">
        <ele>41</ele>
      </trkpt>
      <trkpt lat="50.9415" lon="4.96833">
        <ele>41</ele>
      </trkpt>
      <trkpt lat="50.94125" lon="4.96843">
        <ele>41</ele>
      </trkpt>
      <trkpt lat="50.94111" lon="4.96845">
        <ele>41</ele>
      </trkpt>
      <trkpt lat="50.93989" lon="4.96826">
        <ele>45</ele>
      </trkpt>
      <trkpt lat="50.93823" lon="4.96795">
        <ele>50</ele>
      </trkpt>
      <trkpt lat="50.93785" lon="4.96772">
        <ele>51</ele>
      </trkpt>
      <trkpt lat="50.93763" lon="4.96748">
        <ele>52</ele>
      </trkpt>
      <trkpt lat="50.93745" lon="4.96722">
        <ele>52</ele>
      </trkpt>
      <trkpt lat="50.93721" lon="4.96678">
        <ele>53</ele>
      </trkpt>
      <trkpt lat="50.937" lon="4.96633">
        <ele>54</ele>
      </trkpt>
      <trkpt lat="50.93685" lon="4.96592">
        <ele>55</ele>
      </trkpt>
      <trkpt lat="50.9368" lon="4.96569">
        <ele>55</ele>
      </trkpt>
      <trkpt lat="50.9367" lon="4.96515">
        <ele>56</ele>
      </trkpt>
      <trkpt lat="50.93644" lon="4.96284">
        <ele>55</ele>
      </trkpt>
      <trkpt lat="50.93636" lon="4.96243">
        <ele>55</ele>
      </trkpt>
      <trkpt lat="50.93614" lon="4.96189">
        <ele>56</ele>
      </trkpt>
      <trkpt lat="50.93591" lon="4.9615">
        <ele>56</ele>
      </trkpt>
      <trkpt lat="50.93576" lon="4.96121">
        <ele>55</ele>
      </trkpt>
      <trkpt lat="50.93548" lon="4.96047">
        <ele>56</ele>
      </trkpt>
      <trkpt lat="50.93538" lon="4.9603">
        <ele>56</ele>
      </trkpt>
      <trkpt lat="50.93435" lon="4.95905">
        <ele>60</ele>
      </trkpt>
      <trkpt lat="50.9341" lon="4.95869">
        <ele>62</ele>
      </trkpt>
      <trkpt lat="50.93385" lon="4.95813">
        <ele>63</ele>
      </trkpt>
      <trkpt lat="50.93366" lon="4.95749">
        <ele>63</ele>
      </trkpt>
      <trkpt lat="50.93349" lon="4.9568">
        <ele>65</ele>
      </trkpt>
      <trkpt lat="50.93338" lon="4.95645">
        <ele>64</ele>
      </trkpt>
      <trkpt lat="50.93274" lon="4.9547">
        <ele>66</ele>
      </trkpt>
      <trkpt lat="50.93264" lon="4.95438">
        <ele>65</ele>
      </trkpt>
      <trkpt lat="50.93252" lon="4.95378">
        <ele>65</ele>
      </trkpt>
      <trkpt lat="50.93247" lon="4.95341">
        <ele>65</ele>
      </trkpt>
      <trkpt lat="50.93244" lon="4.95278">
        <ele>65</ele>
      </trkpt>
      <trkpt lat="50.93245" lon="4.95248">
        <ele>65</ele>
      </trkpt>
      <trkpt lat="50.93182" lon="4.95229">
        <ele>66</ele>
      </trkpt>
      <trkpt lat="50.93001" lon="4.95192">
        <ele>68</ele>
      </trkpt>
      <trkpt lat="50.92821" lon="4.95152">
        <ele>75</ele>
      </trkpt>
      <trkpt lat="50.92753" lon="4.95144">
        <ele>75</ele>
      </trkpt>
      <trkpt lat="50.92747" lon="4.95115">
        <ele>76</ele>
      </trkpt>
      <trkpt lat="50.92734" lon="4.95076">
        <ele>76</ele>
      </trkpt>
      <trkpt lat="50.92675" lon="4.94956">
        <ele>77</ele>
      </trkpt>
      <trkpt lat="50.92666" lon="4.94931">
        <ele>77</ele>
      </trkpt>
      <trkpt lat="50.92647" lon="4.94875">
        <ele>77</ele>
      </trkpt>
      <trkpt lat="50.92636" lon="4.94832">
        <ele>77</ele>
      </trkpt>
      <trkpt lat="50.92629" lon="4.94788">
        <ele>78</ele>
      </trkpt>
      <trkpt lat="50.92612" lon="4.94634">
        <ele>79</ele>
      </trkpt>
      <trkpt lat="50.92607" lon="4.94612">
        <ele>79</ele>
      </trkpt>
      <trkpt lat="50.92581" lon="4.94541">
        <ele>79</ele>
      </trkpt>
      <trkpt lat="50.92535" lon="4.94427">
        <ele>80</ele>
      </trkpt>
      <trkpt lat="50.92425" lon="4.94156">
        <ele>81</ele>
      </trkpt>
      <trkpt lat="50.92416" lon="4.94125">
        <ele>81</ele>
      </trkpt>
      <trkpt lat="50.92318" lon="4.93665">
        <ele>81</ele>
      </trkpt>
      <trkpt lat="50.92311" lon="4.93607">
        <ele>81</ele>
      </trkpt>
      <trkpt lat="50.92309" lon="4.93449">
        <ele>82</ele>
      </trkpt>
      <trkpt lat="50.92304" lon="4.93414">
        <ele>82</ele>
      </trkpt>
      <trkpt lat="50.92296" lon="4.93372">
        <ele>82</ele>
      </trkpt>
      <trkpt lat="50.92241" lon="4.9315">
        <ele>82</ele>
      </trkpt>
      <trkpt lat="50.92227" lon="4.93078">
        <ele>82</ele>
      </trkpt>
      <trkpt lat="50.92222" lon="4.93066">
        <ele>82</ele>
      </trkpt>
      <trkpt lat="50.92214" lon="4.93057">
        <ele>82</ele>
      </trkpt>
      <trkpt lat="50.92205" lon="4.93066">
        <ele>82</ele>
      </trkpt>
      <trkpt lat="50.92191" lon="4.9306">
        <ele>82</ele>
      </trkpt>
      <trkpt lat="50.92173" lon="4.93047">
        <ele>82</ele>
      </trkpt>
      <trkpt lat="50.92163" lon="4.9303">
        <ele>81</ele>
      </trkpt>
      <trkpt lat="50.92159" lon="4.93018">
        <ele>81</ele>
      </trkpt>
      <trkpt lat="50.92093" lon="4.92676">
        <ele>79</ele>
      </trkpt>
      <trkpt lat="50.92057" lon="4.92539">
        <ele>78</ele>
      </trkpt>
      <trkpt lat="50.92039" lon="4.92481">
        <ele>78</ele>
      </trkpt>
      <trkpt lat="50.92027" lon="4.92438">
        <ele>78</ele>
      </trkpt>
      <trkpt lat="50.92017" lon="4.92394">
        <ele>78</ele>
      </trkpt>
      <trkpt lat="50.92011" lon="4.92316">
        <ele>78</ele>
      </trkpt>
      <trkpt lat="50.92011" lon="4.92281">
        <ele>78</ele>
      </trkpt>
      <trkpt lat="50.92015" lon="4.92239">
        <ele>78</ele>
      </trkpt>
      <trkpt lat="50.92026" lon="4.92163">
        <ele>79</ele>
      </trkpt>
      <trkpt lat="50.92031" lon="4.92102">
        <ele>78</ele>
      </trkpt>
      <trkpt lat="50.92042" lon="4.91946">
        <ele>78</ele>
      </trkpt>
      <trkpt lat="50.92042" lon="4.9191">
        <ele>78</ele>
      </trkpt>
      <trkpt lat="50.9204" lon="4.91891">
        <ele>78</ele>
      </trkpt>
      <trkpt lat="50.92027" lon="4.91834">
        <ele>78</ele>
      </trkpt>
      <trkpt lat="50.92004" lon="4.91744">
        <ele>78</ele>
      </trkpt>
      <trkpt lat="50.91998" lon="4.91713">
        <ele>78</ele>
      </trkpt>
      <trkpt lat="50.91997" lon="4.917">
        <ele>78</ele>
      </trkpt>
      <trkpt lat="50.91605" lon="4.91928">
        <ele>69</ele>
      </trkpt>
      <trkpt lat="50.91551" lon="4.91951">
        <ele>68</ele>
      </trkpt>
      <trkpt lat="50.91514" lon="4.91957">
        <ele>67</ele>
      </trkpt>
      <trkpt lat="50.91477" lon="4.9196">
        <ele>66</ele>
      </trkpt>
      <trkpt lat="50.91372" lon="4.91955">
        <ele>64</ele>
      </trkpt>
      <trkpt lat="50.91369" lon="4.91927">
        <ele>64</ele>
      </trkpt>
      <trkpt lat="50.91356" lon="4.91863">
        <ele>64</ele>
      </trkpt>
      <trkpt lat="50.9134" lon="4.91786">
        <ele>64</ele>
      </trkpt>
      <trkpt lat="50.91335" lon="4.91736">
        <ele>65</ele>
      </trkpt>
      <trkpt lat="50.91334" lon="4.91705">
        <ele>64</ele>
      </trkpt>
      <trkpt lat="50.91341" lon="4.91004">
        <ele>67</ele>
      </trkpt>
      <trkpt lat="50.91339" lon="4.90971">
        <ele>68</ele>
      </trkpt>
      <trkpt lat="50.91335" lon="4.90938">
        <ele>68</ele>
      </trkpt>
      <trkpt lat="50.91326" lon="4.90882">
        <ele>68</ele>
      </trkpt>
      <trkpt lat="50.91309" lon="4.90824">
        <ele>69</ele>
      </trkpt>
      <trkpt lat="50.91278" lon="4.90751">
        <ele>70</ele>
      </trkpt>
      <trkpt lat="50.91256" lon="4.90689">
        <ele>71</ele>
      </trkpt>
      <trkpt lat="50.91247" lon="4.90656">
        <ele>72</ele>
      </trkpt>
      <trkpt lat="50.91238" lon="4.90603">
        <ele>73</ele>
      </trkpt>
      <trkpt lat="50.91227" lon="4.90528">
        <ele>74</ele>
      </trkpt>
      <trkpt lat="50.9122" lon="4.90493">
        <ele>74</ele>
      </trkpt>
      <trkpt lat="50.91202" lon="4.90447">
        <ele>75</ele>
      </trkpt>
      <trkpt lat="50.91181" lon="4.90417">
        <ele>74</ele>
      </trkpt>
      <trkpt lat="50.91182" lon="4.90415">
        <ele>74</ele>
      </trkpt>
      <trkpt lat="50.91181" lon="4.90417">
        <ele>74</ele>
      </trkpt>
      <trkpt lat="50.9112" lon="4.90338">
        <ele>72</ele>
      </trkpt>
      <trkpt lat="50.9111" lon="4.90354">
        <ele>72</ele>
      </trkpt>
      <trkpt lat="50.91066" lon="4.90389">
        <ele>73</ele>
      </trkpt>
      <trkpt lat="50.91044" lon="4.90402">
        <ele>74</ele>
      </trkpt>
      <trkpt lat="50.91031" lon="4.90406">
        <ele>74</ele>
      </trkpt>
      <trkpt lat="50.91017" lon="4.90407">
        <ele>75</ele>
      </trkpt>
      <trkpt lat="50.90998" lon="4.90402">
        <ele>75</ele>
      </trkpt>
      <trkpt lat="50.90909" lon="4.90381">
        <ele>72</ele>
      </trkpt>
      <trkpt lat="50.90687" lon="4.90368">
        <ele>55</ele>
      </trkpt>
      <trkpt lat="50.90665" lon="4.90373">
        <ele>54</ele>
      </trkpt>
      <trkpt lat="50.90635" lon="4.90391">
        <ele>54</ele>
      </trkpt>
      <trkpt lat="50.90617" lon="4.90395">
        <ele>55</ele>
      </trkpt>
      <trkpt lat="50.90536" lon="4.90347">
        <ele>56</ele>
      </trkpt>
      <trkpt lat="50.90516" lon="4.90343">
        <ele>57</ele>
      </trkpt>
      <trkpt lat="50.90506" lon="4.90343">
        <ele>57</ele>
      </trkpt>
      <trkpt lat="50.90442" lon="4.90357">
        <ele>59</ele>
      </trkpt>
      <trkpt lat="50.90427" lon="4.90358">
        <ele>59</ele>
      </trkpt>
      <trkpt lat="50.90395" lon="4.90343">
        <ele>60</ele>
      </trkpt>
      <trkpt lat="50.90354" lon="4.9032">
        <ele>61</ele>
      </trkpt>
      <trkpt lat="50.90338" lon="4.90317">
        <ele>62</ele>
      </trkpt>
      <trkpt lat="50.90323" lon="4.90321">
        <ele>62</ele>
      </trkpt>
      <trkpt lat="50.90268" lon="4.90355">
        <ele>64</ele>
      </trkpt>
      <trkpt lat="50.90239" lon="4.90368">
        <ele>65</ele>
      </trkpt>
      <trkpt lat="50.90226" lon="4.90368">
        <ele>65</ele>
      </trkpt>
      <trkpt lat="50.90122" lon="4.90356">
        <ele>66</ele>
      </trkpt>
      <trkpt lat="50.90094" lon="4.90352">
        <ele>67</ele>
      </trkpt>
      <trkpt lat="50.90081" lon="4.9033">
        <ele>67</ele>
      </trkpt>
      <trkpt lat="50.90049" lon="4.90288">
        <ele>68</ele>
      </trkpt>
      <trkpt lat="50.8999" lon="4.90217">
        <ele>73</ele>
      </trkpt>
      <trkpt lat="50.89959" lon="4.90172">
        <ele>75</ele>
      </trkpt>
      <trkpt lat="50.89946" lon="4.9015">
        <ele>75</ele>
      </trkpt>
      <trkpt lat="50.89918" lon="4.90089">
        <ele>77</ele>
      </trkpt>
      <trkpt lat="50.89906" lon="4.90075">
        <ele>76</ele>
      </trkpt>
      <trkpt lat="50.89891" lon="4.90066">
        <ele>77</ele>
      </trkpt>
      <trkpt lat="50.89864" lon="4.9006">
        <ele>74</ele>
      </trkpt>
      <trkpt lat="50.89861" lon="4.90061">
        <ele>74</ele>
      </trkpt>
      <trkpt lat="50.89854" lon="4.90064">
        <ele>74</ele>
      </trkpt>
      <trkpt lat="50.8981" lon="4.89954">
        <ele>71</ele>
      </trkpt>
      <trkpt lat="50.89729" lon="4.89757">
        <ele>62</ele>
      </trkpt>
      <trkpt lat="50.89714" lon="4.89716">
        <ele>60</ele>
      </trkpt>
      <trkpt lat="50.8963" lon="4.89455">
        <ele>53</ele>
      </trkpt>
      <trkpt lat="50.89621" lon="4.89408">
        <ele>52</ele>
      </trkpt>
      <trkpt lat="50.89619" lon="4.89365">
        <ele>53</ele>
      </trkpt>
      <trkpt lat="50.8962" lon="4.89341">
        <ele>52</ele>
      </trkpt>
      <trkpt lat="50.89634" lon="4.89216">
        <ele>54</ele>
      </trkpt>
      <trkpt lat="50.89644" lon="4.89137">
        <ele>55</ele>
      </trkpt>
      <trkpt lat="50.8965" lon="4.89116">
        <ele>56</ele>
      </trkpt>
      <trkpt lat="50.89664" lon="4.89082">
        <ele>57</ele>
      </trkpt>
      <trkpt lat="50.89682" lon="4.89052">
        <ele>58</ele>
      </trkpt>
      <trkpt lat="50.89695" lon="4.89034">
        <ele>58</ele>
      </trkpt>
      <trkpt lat="50.89719" lon="4.89011">
        <ele>59</ele>
      </trkpt>
      <trkpt lat="50.89733" lon="4.89004">
        <ele>59</ele>
      </trkpt>
      <trkpt lat="50.89734" lon="4.88984">
        <ele>60</ele>
      </trkpt>
      <trkpt lat="50.89638" lon="4.88941">
        <ele>61</ele>
      </trkpt>
      <trkpt lat="50.89626" lon="4.88933">
        <ele>61</ele>
      </trkpt>
      <trkpt lat="50.89616" lon="4.88923">
        <ele>61</ele>
      </trkpt>
      <trkpt lat="50.89608" lon="4.8891">
        <ele>61</ele>
      </trkpt>
      <trkpt lat="50.89602" lon="4.88895">
        <ele>62</ele>
      </trkpt>
      <trkpt lat="50.89597" lon="4.88878">
        <ele>62</ele>
      </trkpt>
      <trkpt lat="50.8957" lon="4.88703">
        <ele>62</ele>
      </trkpt>
      <trkpt lat="50.89565" lon="4.88676">
        <ele>62</ele>
      </trkpt>
      <trkpt lat="50.89557" lon="4.88653">
        <ele>62</ele>
      </trkpt>
      <trkpt lat="50.89524" lon="4.88581">
        <ele>62</ele>
      </trkpt>
      <trkpt lat="50.89465" lon="4.88459">
        <ele>63</ele>
      </trkpt>
      <trkpt lat="50.89386" lon="4.88361">
        <ele>63</ele>
      </trkpt>
      <trkpt lat="50.89374" lon="4.88338">
        <ele>63</ele>
      </trkpt>
      <trkpt lat="50.89249" lon="4.88051">
        <ele>69</ele>
      </trkpt>
      <trkpt lat="50.89242" lon="4.88035">
        <ele>69</ele>
      </trkpt>
      <trkpt lat="50.89126" lon="4.87858">
        <ele>71</ele>
      </trkpt>
      <trkpt lat="50.89091" lon="4.87721">
        <ele>71</ele>
      </trkpt>
      <trkpt lat="50.89087" lon="4.87707">
        <ele>71</ele>
      </trkpt>
      <trkpt lat="50.8908" lon="4.87696">
        <ele>71</ele>
      </trkpt>
      <trkpt lat="50.89075" lon="4.87693">
        <ele>70</ele>
      </trkpt>
      <trkpt lat="50.89063" lon="4.87695">
        <ele>70</ele>
      </trkpt>
      <trkpt lat="50.89026" lon="4.87714">
        <ele>70</ele>
      </trkpt>
      <trkpt lat="50.88975" lon="4.87746">
        <ele>69</ele>
      </trkpt>
      <trkpt lat="50.88933" lon="4.87775">
        <ele>68</ele>
      </trkpt>
      <trkpt lat="50.88919" lon="4.87782">
        <ele>68</ele>
      </trkpt>
      <trkpt lat="50.88905" lon="4.87785">
        <ele>68</ele>
      </trkpt>
      <trkpt lat="50.88901" lon="4.8777">
        <ele>68</ele>
      </trkpt>
      <trkpt lat="50.88892" lon="4.87745">
        <ele>68</ele>
      </trkpt>
      <trkpt lat="50.88838" lon="4.87648">
        <ele>70</ele>
      </trkpt>
      <trkpt lat="50.88789" lon="4.87532">
        <ele>72</ele>
      </trkpt>
      <trkpt lat="50.8878" lon="4.87499">
        <ele>72</ele>
      </trkpt>
      <trkpt lat="50.88777" lon="4.87457">
        <ele>73</ele>
      </trkpt>
      <trkpt lat="50.88779" lon="4.87434">
        <ele>73</ele>
      </trkpt>
      <trkpt lat="50.88785" lon="4.874">
        <ele>73</ele>
      </trkpt>
      <trkpt lat="50.88811" lon="4.87294">
        <ele>73</ele>
      </trkpt>
      <trkpt lat="50.88819" lon="4.87264">
        <ele>73</ele>
      </trkpt>
      <trkpt lat="50.88825" lon="4.87253">
        <ele>73</ele>
      </trkpt>
      <trkpt lat="50.8887" lon="4.872">
        <ele>74</ele>
      </trkpt>
      <trkpt lat="50.88887" lon="4.87172">
        <ele>75</ele>
      </trkpt>
      <trkpt lat="50.88894" lon="4.87155">
        <ele>75</ele>
      </trkpt>
      <trkpt lat="50.889" lon="4.87137">
        <ele>76</ele>
      </trkpt>
      <trkpt lat="50.88903" lon="4.87117">
        <ele>76</ele>
      </trkpt>
      <trkpt lat="50.88904" lon="4.87094">
        <ele>76</ele>
      </trkpt>
      <trkpt lat="50.88903" lon="4.87068">
        <ele>78</ele>
      </trkpt>
      <trkpt lat="50.88869" lon="4.8692">
        <ele>78</ele>
      </trkpt>
      <trkpt lat="50.88852" lon="4.86856">
        <ele>79</ele>
      </trkpt>
      <trkpt lat="50.88787" lon="4.8662">
        <ele>79</ele>
      </trkpt>
      <trkpt lat="50.8871" lon="4.86376">
        <ele>77</ele>
      </trkpt>
      <trkpt lat="50.88702" lon="4.86342">
        <ele>77</ele>
      </trkpt>
      <trkpt lat="50.88697" lon="4.86301">
        <ele>77</ele>
      </trkpt>
      <trkpt lat="50.88694" lon="4.86184">
        <ele>78</ele>
      </trkpt>
      <trkpt lat="50.88684" lon="4.86086">
        <ele>78</ele>
      </trkpt>
      <trkpt lat="50.88682" lon="4.86056">
        <ele>78</ele>
      </trkpt>
      <trkpt lat="50.88683" lon="4.86036">
        <ele>78</ele>
      </trkpt>
      <trkpt lat="50.88691" lon="4.85974">
        <ele>79</ele>
      </trkpt>
      <trkpt lat="50.88692" lon="4.85949">
        <ele>78</ele>
      </trkpt>
      <trkpt lat="50.8869" lon="4.8583">
        <ele>74</ele>
      </trkpt>
      <trkpt lat="50.88688" lon="4.85814">
        <ele>73</ele>
      </trkpt>
      <trkpt lat="50.88682" lon="4.85793">
        <ele>72</ele>
      </trkpt>
      <trkpt lat="50.88636" lon="4.85663">
        <ele>64</ele>
      </trkpt>
      <trkpt lat="50.88626" lon="4.85637">
        <ele>62</ele>
      </trkpt>
      <trkpt lat="50.88553" lon="4.85516">
        <ele>51</ele>
      </trkpt>
      <trkpt lat="50.88461" lon="4.85294">
        <ele>48</ele>
      </trkpt>
      <trkpt lat="50.88429" lon="4.85219">
        <ele>47</ele>
      </trkpt>
      <trkpt lat="50.88414" lon="4.8519">
        <ele>47</ele>
      </trkpt>
      <trkpt lat="50.8841" lon="4.85178">
        <ele>47</ele>
      </trkpt>
      <trkpt lat="50.88404" lon="4.8517">
        <ele>46</ele>
      </trkpt>
      <trkpt lat="50.88393" lon="4.85166">
        <ele>46</ele>
      </trkpt>
      <trkpt lat="50.88387" lon="4.85132">
        <ele>45</ele>
      </trkpt>
      <trkpt lat="50.88337" lon="4.84987">
        <ele>44</ele>
      </trkpt>
      <trkpt lat="50.88334" lon="4.84971">
        <ele>44</ele>
      </trkpt>
      <trkpt lat="50.88324" lon="4.84926">
        <ele>44</ele>
      </trkpt>
      <trkpt lat="50.88318" lon="4.84864">
        <ele>45</ele>
      </trkpt>
      <trkpt lat="50.88316" lon="4.84722">
        <ele>46</ele>
      </trkpt>
      <trkpt lat="50.88314" lon="4.84702">
        <ele>46</ele>
      </trkpt>
      <trkpt lat="50.88305" lon="4.84664">
        <ele>47</ele>
      </trkpt>
      <trkpt lat="50.88296" lon="4.84639">
        <ele>48</ele>
      </trkpt>
      <trkpt lat="50.88224" lon="4.84478">
        <ele>51</ele>
      </trkpt>
      <trkpt lat="50.88208" lon="4.84433">
        <ele>52</ele>
      </trkpt>
      <trkpt lat="50.88169" lon="4.843">
        <ele>56</ele>
      </trkpt>
      <trkpt lat="50.88164" lon="4.84277">
        <ele>57</ele>
      </trkpt>
      <trkpt lat="50.88163" lon="4.84252">
        <ele>58</ele>
      </trkpt>
      <trkpt lat="50.88173" lon="4.84192">
        <ele>59</ele>
      </trkpt>
      <trkpt lat="50.88174" lon="4.84168">
        <ele>59</ele>
      </trkpt>
      <trkpt lat="50.88172" lon="4.84149">
        <ele>59</ele>
      </trkpt>
      <trkpt lat="50.88169" lon="4.8414">
        <ele>59</ele>
      </trkpt>
      <trkpt lat="50.88173" lon="4.8413">
        <ele>59</ele>
      </trkpt>
      <trkpt lat="50.88173" lon="4.84119">
        <ele>59</ele>
      </trkpt>
      <trkpt lat="50.88171" lon="4.84112">
        <ele>59</ele>
      </trkpt>
      <trkpt lat="50.88168" lon="4.84107">
        <ele>59</ele>
      </trkpt>
      <trkpt lat="50.88161" lon="4.84103">
        <ele>59</ele>
      </trkpt>
      <trkpt lat="50.88155" lon="4.84104">
        <ele>59</ele>
      </trkpt>
      <trkpt lat="50.88151" lon="4.84108">
        <ele>59</ele>
      </trkpt>
      <trkpt lat="50.88095" lon="4.84028">
        <ele>60</ele>
      </trkpt>
      <trkpt lat="50.88079" lon="4.83994">
        <ele>60</ele>
      </trkpt>
      <trkpt lat="50.88032" lon="4.83858">
        <ele>62</ele>
      </trkpt>
      <trkpt lat="50.88025" lon="4.83813">
        <ele>63</ele>
      </trkpt>
      <trkpt lat="50.88025" lon="4.83761">
        <ele>64</ele>
      </trkpt>
      <trkpt lat="50.88047" lon="4.83476">
        <ele>72</ele>
      </trkpt>
      <trkpt lat="50.88023" lon="4.83472">
        <ele>70</ele>
      </trkpt>
      <trkpt lat="50.88008" lon="4.83461">
        <ele>70</ele>
      </trkpt>
      <trkpt lat="50.8796" lon="4.83408">
        <ele>64</ele>
      </trkpt>
      <trkpt lat="50.87881" lon="4.83344">
        <ele>61</ele>
      </trkpt>
      <trkpt lat="50.87846" lon="4.83329">
        <ele>60</ele>
      </trkpt>
      <trkpt lat="50.8782" lon="4.83318">
        <ele>60</ele>
      </trkpt>
      <trkpt lat="50.87769" lon="4.8329">
        <ele>59</ele>
      </trkpt>
      <trkpt lat="50.87741" lon="4.83246">
        <ele>58</ele>
      </trkpt>
      <trkpt lat="50.87721" lon="4.83229">
        <ele>58</ele>
      </trkpt>
      <trkpt lat="50.87671" lon="4.83209">
        <ele>59</ele>
      </trkpt>
      <trkpt lat="50.87663" lon="4.83197">
        <ele>59</ele>
      </trkpt>
      <trkpt lat="50.87661" lon="4.83187">
        <ele>59</ele>
      </trkpt>
      <trkpt lat="50.87661" lon="4.83174">
        <ele>59</ele>
      </trkpt>
      <trkpt lat="50.87675" lon="4.831">
        <ele>59</ele>
      </trkpt>
      <trkpt lat="50.87677" lon="4.83076">
        <ele>59</ele>
      </trkpt>
      <trkpt lat="50.87673" lon="4.82987">
        <ele>60</ele>
      </trkpt>
      <trkpt lat="50.87664" lon="4.82902">
        <ele>61</ele>
      </trkpt>
      <trkpt lat="50.87649" lon="4.82818">
        <ele>62</ele>
      </trkpt>
      <trkpt lat="50.87632" lon="4.82733">
        <ele>62</ele>
      </trkpt>
      <trkpt lat="50.87618" lon="4.82643">
        <ele>64</ele>
      </trkpt>
      <trkpt lat="50.87604" lon="4.82589">
        <ele>64</ele>
      </trkpt>
      <trkpt lat="50.8759" lon="4.82551">
        <ele>64</ele>
      </trkpt>
      <trkpt lat="50.87576" lon="4.82519">
        <ele>65</ele>
      </trkpt>
      <trkpt lat="50.87565" lon="4.825">
        <ele>66</ele>
      </trkpt>
      <trkpt lat="50.87534" lon="4.8246">
        <ele>67</ele>
      </trkpt>
      <trkpt lat="50.87524" lon="4.82444">
        <ele>67</ele>
      </trkpt>
      <trkpt lat="50.8751" lon="4.8241">
        <ele>69</ele>
      </trkpt>
      <trkpt lat="50.87508" lon="4.82379">
        <ele>69</ele>
      </trkpt>
      <trkpt lat="50.87504" lon="4.82318">
        <ele>69</ele>
      </trkpt>
      <trkpt lat="50.87505" lon="4.82276">
        <ele>69</ele>
      </trkpt>
      <trkpt lat="50.87534" lon="4.82223">
        <ele>69</ele>
      </trkpt>
      <trkpt lat="50.8754" lon="4.82206">
        <ele>70</ele>
      </trkpt>
      <trkpt lat="50.87541" lon="4.82185">
        <ele>70</ele>
      </trkpt>
      <trkpt lat="50.87537" lon="4.82168">
        <ele>71</ele>
      </trkpt>
      <trkpt lat="50.8747" lon="4.81927">
        <ele>77</ele>
      </trkpt>
      <trkpt lat="50.87458" lon="4.81891">
        <ele>78</ele>
      </trkpt>
      <trkpt lat="50.87438" lon="4.8185">
        <ele>79</ele>
      </trkpt>
      <trkpt lat="50.87317" lon="4.81667">
        <ele>85</ele>
      </trkpt>
      <trkpt lat="50.87301" lon="4.81637">
        <ele>85</ele>
      </trkpt>
      <trkpt lat="50.87244" lon="4.81505">
        <ele>86</ele>
      </trkpt>
      <trkpt lat="50.8722" lon="4.81457">
        <ele>87</ele>
      </trkpt>
      <trkpt lat="50.87204" lon="4.81441">
        <ele>87</ele>
      </trkpt>
      <trkpt lat="50.87192" lon="4.81426">
        <ele>88</ele>
      </trkpt>
      <trkpt lat="50.87185" lon="4.81404">
        <ele>88</ele>
      </trkpt>
      <trkpt lat="50.87171" lon="4.81016">
        <ele>99</ele>
      </trkpt>
      <trkpt lat="50.87173" lon="4.80995">
        <ele>100</ele>
      </trkpt>
      <trkpt lat="50.87179" lon="4.80972">
        <ele>100</ele>
      </trkpt>
      <trkpt lat="50.87202" lon="4.80893">
        <ele>101</ele>
      </trkpt>
      <trkpt lat="50.87223" lon="4.80792">
        <ele>101</ele>
      </trkpt>
      <trkpt lat="50.8727" lon="4.80579">
        <ele>101</ele>
      </trkpt>
      <trkpt lat="50.87288" lon="4.805">
        <ele>101</ele>
      </trkpt>
      <trkpt lat="50.873" lon="4.80498">
        <ele>102</ele>
      </trkpt>
      <trkpt lat="50.873" lon="4.80491">
        <ele>102</ele>
      </trkpt>
      <trkpt lat="50.873" lon="4.80475">
        <ele>102</ele>
      </trkpt>
      <trkpt lat="50.87283" lon="4.80225">
        <ele>103</ele>
      </trkpt>
      <trkpt lat="50.87268" lon="4.79925">
        <ele>100</ele>
      </trkpt>
      <trkpt lat="50.87265" lon="4.79899">
        <ele>100</ele>
      </trkpt>
      <trkpt lat="50.87235" lon="4.79757">
        <ele>98</ele>
      </trkpt>
      <trkpt lat="50.87212" lon="4.79613">
        <ele>99</ele>
      </trkpt>
      <trkpt lat="50.87197" lon="4.79529">
        <ele>99</ele>
      </trkpt>
      <trkpt lat="50.87251" lon="4.79482">
        <ele>100</ele>
      </trkpt>
      <trkpt lat="50.87266" lon="4.79472">
        <ele>100</ele>
      </trkpt>
      <trkpt lat="50.87439" lon="4.79377">
        <ele>97</ele>
      </trkpt>
      <trkpt lat="50.87468" lon="4.79361">
        <ele>97</ele>
      </trkpt>
      <trkpt lat="50.87513" lon="4.79345">
        <ele>96</ele>
      </trkpt>
      <trkpt lat="50.87531" lon="4.79344">
        <ele>96</ele>
      </trkpt>
      <trkpt lat="50.87577" lon="4.79347">
        <ele>96</ele>
      </trkpt>
      <trkpt lat="50.87597" lon="4.79352">
        <ele>96</ele>
      </trkpt>
      <trkpt lat="50.87634" lon="4.7937">
        <ele>95</ele>
      </trkpt>
      <trkpt lat="50.87664" lon="4.79392">
        <ele>95</ele>
      </trkpt>
      <trkpt lat="50.87746" lon="4.79462">
        <ele>95</ele>
      </trkpt>
      <trkpt lat="50.88123" lon="4.79789">
        <ele>87</ele>
      </trkpt>
      <trkpt lat="50.88136" lon="4.79796">
        <ele>87</ele>
      </trkpt>
      <trkpt lat="50.88156" lon="4.79794">
        <ele>87</ele>
      </trkpt>
      <trkpt lat="50.88166" lon="4.79786">
        <ele>87</ele>
      </trkpt>
      <trkpt lat="50.8823" lon="4.79717">
        <ele>85</ele>
      </trkpt>
      <trkpt lat="50.8831" lon="4.79631">
        <ele>82</ele>
      </trkpt>
      <trkpt lat="50.88328" lon="4.79617">
        <ele>81</ele>
      </trkpt>
      <trkpt lat="50.88346" lon="4.79612">
        <ele>81</ele>
      </trkpt>
      <trkpt lat="50.88425" lon="4.79602">
        <ele>78</ele>
      </trkpt>
      <trkpt lat="50.88436" lon="4.79598">
        <ele>78</ele>
      </trkpt>
      <trkpt lat="50.88452" lon="4.79589">
        <ele>78</ele>
      </trkpt>
      <trkpt lat="50.88748" lon="4.79323">
        <ele>69</ele>
      </trkpt>
      <trkpt lat="50.88785" lon="4.79296">
        <ele>68</ele>
      </trkpt>
      <trkpt lat="50.88811" lon="4.79286">
        <ele>66</ele>
      </trkpt>
      <trkpt lat="50.88998" lon="4.79259">
        <ele>57</ele>
      </trkpt>
      <trkpt lat="50.89006" lon="4.79256">
        <ele>57</ele>
      </trkpt>
      <trkpt lat="50.89021" lon="4.79246">
        <ele>57</ele>
      </trkpt>
      <trkpt lat="50.89038" lon="4.79227">
        <ele>57</ele>
      </trkpt>
      <trkpt lat="50.89045" lon="4.79216">
        <ele>58</ele>
      </trkpt>
      <trkpt lat="50.89098" lon="4.79091">
        <ele>58</ele>
      </trkpt>
      <trkpt lat="50.8911" lon="4.79064">
        <ele>58</ele>
      </trkpt>
      <trkpt lat="50.89113" lon="4.79054">
        <ele>58</ele>
      </trkpt>
      <trkpt lat="50.89118" lon="4.79046">
        <ele>59</ele>
      </trkpt>
      <trkpt lat="50.89129" lon="4.79041">
        <ele>59</ele>
      </trkpt>
      <trkpt lat="50.89126" lon="4.79006">
        <ele>58</ele>
      </trkpt>
      <trkpt lat="50.89133" lon="4.79002">
        <ele>58</ele>
      </trkpt>
      <trkpt lat="50.89144" lon="4.78986">
        <ele>58</ele>
      </trkpt>
      <trkpt lat="50.89198" lon="4.78865">
        <ele>54</ele>
      </trkpt>
      <trkpt lat="50.89205" lon="4.78838">
        <ele>52</ele>
      </trkpt>
      <trkpt lat="50.89244" lon="4.78568">
        <ele>46</ele>
      </trkpt>
      <trkpt lat="50.89246" lon="4.78543">
        <ele>45</ele>
      </trkpt>
      <trkpt lat="50.89246" lon="4.7852">
        <ele>45</ele>
      </trkpt>
      <trkpt lat="50.89243" lon="4.78494">
        <ele>44</ele>
      </trkpt>
      <trkpt lat="50.89213" lon="4.78333">
        <ele>43</ele>
      </trkpt>
      <trkpt lat="50.89203" lon="4.78221">
        <ele>43</ele>
      </trkpt>
      <trkpt lat="50.89194" lon="4.78117">
        <ele>43</ele>
      </trkpt>
      <trkpt lat="50.89161" lon="4.77821">
        <ele>43</ele>
      </trkpt>
      <trkpt lat="50.89154" lon="4.77748">
        <ele>43</ele>
      </trkpt>
      <trkpt lat="50.89181" lon="4.77716">
        <ele>42</ele>
      </trkpt>
      <trkpt lat="50.89197" lon="4.77694">
        <ele>42</ele>
      </trkpt>
      <trkpt lat="50.89209" lon="4.77672">
        <ele>42</ele>
      </trkpt>
      <trkpt lat="50.89275" lon="4.77528">
        <ele>38</ele>
      </trkpt>
      <trkpt lat="50.89309" lon="4.77442">
        <ele>38</ele>
      </trkpt>
      <trkpt lat="50.89341" lon="4.77355">
        <ele>37</ele>
      </trkpt>
      <trkpt lat="50.89435" lon="4.77085">
        <ele>36</ele>
      </trkpt>
      <trkpt lat="50.89456" lon="4.7703">
        <ele>35</ele>
      </trkpt>
      <trkpt lat="50.89482" lon="4.76968">
        <ele>35</ele>
      </trkpt>
      <trkpt lat="50.89496" lon="4.7698">
        <ele>35</ele>
      </trkpt>
      <trkpt lat="50.89508" lon="4.7699">
        <ele>36</ele>
      </trkpt>
      <trkpt lat="50.89557" lon="4.77021">
        <ele>39</ele>
      </trkpt>
      <trkpt lat="50.89601" lon="4.77021">
        <ele>42</ele>
      </trkpt>
      <trkpt lat="50.89619" lon="4.77015">
        <ele>43</ele>
      </trkpt>
      <trkpt lat="50.89634" lon="4.77005">
        <ele>44</ele>
      </trkpt>
      <trkpt lat="50.89684" lon="4.76975">
        <ele>48</ele>
      </trkpt>
      <trkpt lat="50.89695" lon="4.76962">
        <ele>47</ele>
      </trkpt>
      <trkpt lat="50.89701" lon="4.76946">
        <ele>48</ele>
      </trkpt>
      <trkpt lat="50.89702" lon="4.76934">
        <ele>48</ele>
      </trkpt>
      <trkpt lat="50.897" lon="4.76914">
        <ele>49</ele>
      </trkpt>
      <trkpt lat="50.89688" lon="4.76851">
        <ele>47</ele>
      </trkpt>
      <trkpt lat="50.89679" lon="4.76752">
        <ele>43</ele>
      </trkpt>
      <trkpt lat="50.89627" lon="4.76435">
        <ele>36</ele>
      </trkpt>
      <trkpt lat="50.89612" lon="4.76353">
        <ele>35</ele>
      </trkpt>
      <trkpt lat="50.8959" lon="4.76245">
        <ele>34</ele>
      </trkpt>
      <trkpt lat="50.89582" lon="4.76223">
        <ele>34</ele>
      </trkpt>
      <trkpt lat="50.89581" lon="4.7621">
        <ele>34</ele>
      </trkpt>
      <trkpt lat="50.89577" lon="4.76205">
        <ele>34</ele>
      </trkpt>
      <trkpt lat="50.89576" lon="4.76196">
        <ele>33</ele>
      </trkpt>
      <trkpt lat="50.89573" lon="4.76192">
        <ele>33</ele>
      </trkpt>
      <trkpt lat="50.89568" lon="4.7617">
        <ele>33</ele>
      </trkpt>
      <trkpt lat="50.89506" lon="4.76002">
        <ele>31</ele>
      </trkpt>
      <trkpt lat="50.89466" lon="4.75895">
        <ele>29</ele>
      </trkpt>
      <trkpt lat="50.89445" lon="4.75832">
        <ele>29</ele>
      </trkpt>
      <trkpt lat="50.8939" lon="4.75634">
        <ele>28</ele>
      </trkpt>
      <trkpt lat="50.89377" lon="4.75572">
        <ele>28</ele>
      </trkpt>
      <trkpt lat="50.89371" lon="4.75531">
        <ele>28</ele>
      </trkpt>
      <trkpt lat="50.89366" lon="4.75464">
        <ele>27</ele>
      </trkpt>
      <trkpt lat="50.89366" lon="4.75408">
        <ele>27</ele>
      </trkpt>
      <trkpt lat="50.89371" lon="4.75335">
        <ele>27</ele>
      </trkpt>
      <trkpt lat="50.89387" lon="4.75143">
        <ele>27</ele>
      </trkpt>
      <trkpt lat="50.894" lon="4.75058">
        <ele>27</ele>
      </trkpt>
      <trkpt lat="50.89441" lon="4.74936">
        <ele>29</ele>
      </trkpt>
      <trkpt lat="50.89441" lon="4.7492">
        <ele>29</ele>
      </trkpt>
      <trkpt lat="50.89434" lon="4.74905">
        <ele>29</ele>
      </trkpt>
      <trkpt lat="50.89423" lon="4.74886">
        <ele>28</ele>
      </trkpt>
      <trkpt lat="50.89401" lon="4.74859">
        <ele>28</ele>
      </trkpt>
      <trkpt lat="50.89374" lon="4.74832">
        <ele>27</ele>
      </trkpt>
      <trkpt lat="50.89348" lon="4.74817">
        <ele>27</ele>
      </trkpt>
      <trkpt lat="50.89338" lon="4.74807">
        <ele>27</ele>
      </trkpt>
      <trkpt lat="50.89329" lon="4.74794">
        <ele>27</ele>
      </trkpt>
      <trkpt lat="50.89319" lon="4.74758">
        <ele>26</ele>
      </trkpt>
      <trkpt lat="50.89282" lon="4.74568">
        <ele>26</ele>
      </trkpt>
      <trkpt lat="50.89262" lon="4.74485">
        <ele>26</ele>
      </trkpt>
      <trkpt lat="50.89166" lon="4.74166">
        <ele>27</ele>
      </trkpt>
      <trkpt lat="50.89159" lon="4.74135">
        <ele>27</ele>
      </trkpt>
      <trkpt lat="50.89155" lon="4.74128">
        <ele>27</ele>
      </trkpt>
      <trkpt lat="50.89134" lon="4.74053">
        <ele>28</ele>
      </trkpt>
      <trkpt lat="50.89088" lon="4.73866">
        <ele>27</ele>
      </trkpt>
      <trkpt lat="50.88999" lon="4.73471">
        <ele>26</ele>
      </trkpt>
      <trkpt lat="50.88957" lon="4.73287">
        <ele>25</ele>
      </trkpt>
      <trkpt lat="50.88918" lon="4.73123">
        <ele>24</ele>
      </trkpt>
      <trkpt lat="50.88934" lon="4.73102">
        <ele>23</ele>
      </trkpt>
      <trkpt lat="50.88992" lon="4.73025">
        <ele>23</ele>
      </trkpt>
      <trkpt lat="50.89048" lon="4.72935">
        <ele>22</ele>
      </trkpt>
      <trkpt lat="50.89027" lon="4.72861">
        <ele>22</ele>
      </trkpt>
      <trkpt lat="50.88985" lon="4.72729">
        <ele>23</ele>
      </trkpt>
      <trkpt lat="50.8897" lon="4.72702">
        <ele>24</ele>
      </trkpt>
      <trkpt lat="50.88864" lon="4.72535">
        <ele>26</ele>
      </trkpt>
      <trkpt lat="50.8878" lon="4.72349">
        <ele>24</ele>
      </trkpt>
      <trkpt lat="50.8875" lon="4.72278">
        <ele>23</ele>
      </trkpt>
      <trkpt lat="50.88706" lon="4.72173">
        <ele>22</ele>
      </trkpt>
      <trkpt lat="50.88706" lon="4.72165">
        <ele>22</ele>
      </trkpt>
      <trkpt lat="50.88675" lon="4.72096">
        <ele>22</ele>
      </trkpt>
      <trkpt lat="50.88617" lon="4.71998">
        <ele>21</ele>
      </trkpt>
      <trkpt lat="50.88587" lon="4.71948">
        <ele>21</ele>
      </trkpt>
      <trkpt lat="50.88588" lon="4.71943">
        <ele>21</ele>
      </trkpt>
      <trkpt lat="50.88587" lon="4.71933">
        <ele>21</ele>
      </trkpt>
      <trkpt lat="50.88579" lon="4.71923">
        <ele>21</ele>
      </trkpt>
      <trkpt lat="50.88571" lon="4.71924">
        <ele>21</ele>
      </trkpt>
      <trkpt lat="50.88564" lon="4.71894">
        <ele>20</ele>
      </trkpt>
      <trkpt lat="50.88557" lon="4.71865">
        <ele>21</ele>
      </trkpt>
      <trkpt lat="50.88552" lon="4.71857">
        <ele>21</ele>
      </trkpt>
      <trkpt lat="50.88544" lon="4.71852">
        <ele>21</ele>
      </trkpt>
      <trkpt lat="50.88457" lon="4.7179">
        <ele>23</ele>
      </trkpt>
      <trkpt lat="50.88416" lon="4.71703">
        <ele>23</ele>
      </trkpt>
      <trkpt lat="50.88407" lon="4.71685">
        <ele>23</ele>
      </trkpt>
      <trkpt lat="50.88442" lon="4.71627">
        <ele>21</ele>
      </trkpt>
      <trkpt lat="50.88449" lon="4.71611">
        <ele>20</ele>
      </trkpt>
      <trkpt lat="50.88453" lon="4.71596">
        <ele>20</ele>
      </trkpt>
      <trkpt lat="50.88455" lon="4.7159">
        <ele>20</ele>
      </trkpt>
      <trkpt lat="50.88457" lon="4.71566">
        <ele>19</ele>
      </trkpt>
      <trkpt lat="50.88451" lon="4.71471">
        <ele>18</ele>
      </trkpt>
      <trkpt lat="50.88453" lon="4.71457">
        <ele>18</ele>
      </trkpt>
      <trkpt lat="50.88461" lon="4.71432">
        <ele>18</ele>
      </trkpt>
      <trkpt lat="50.886" lon="4.71104">
        <ele>18</ele>
      </trkpt>
      <trkpt lat="50.88666" lon="4.70949">
        <ele>18</ele>
      </trkpt>
      <trkpt lat="50.88684" lon="4.70906">
        <ele>18</ele>
      </trkpt>
      <trkpt lat="50.88695" lon="4.70897">
        <ele>18</ele>
      </trkpt>
      <trkpt lat="50.88703" lon="4.70886">
        <ele>18</ele>
      </trkpt>
      <trkpt lat="50.88774" lon="4.70717">
        <ele>17</ele>
      </trkpt>
      <trkpt lat="50.88778" lon="4.70705">
        <ele>17</ele>
      </trkpt>
      <trkpt lat="50.88784" lon="4.70684">
        <ele>16</ele>
      </trkpt>
      <trkpt lat="50.88785" lon="4.70676">
        <ele>16</ele>
      </trkpt>
      <trkpt lat="50.88773" lon="4.70669">
        <ele>16</ele>
      </trkpt>
      <trkpt lat="50.88701" lon="4.70603">
        <ele>15</ele>
      </trkpt>
      <trkpt lat="50.88699" lon="4.70591">
        <ele>15</ele>
      </trkpt>
      <trkpt lat="50.887" lon="4.7058">
        <ele>15</ele>
      </trkpt>
      <trkpt lat="50.88741" lon="4.70122">
        <ele>16</ele>
      </trkpt>
      <trkpt lat="50.88743" lon="4.70081">
        <ele>16</ele>
      </trkpt>
      <trkpt lat="50.8874" lon="4.70061">
        <ele>16</ele>
      </trkpt>
      <trkpt lat="50.88741" lon="4.70042">
        <ele>16</ele>
      </trkpt>
      <trkpt lat="50.8874" lon="4.70035">
        <ele>16</ele>
      </trkpt>
      <trkpt lat="50.88741" lon="4.70021">
        <ele>16</ele>
      </trkpt>
      <trkpt lat="50.88758" lon="4.70042">
        <ele>16</ele>
      </trkpt>
      <trkpt lat="50.88765" lon="4.70039">
        <ele>16</ele>
      </trkpt>
      <trkpt lat="50.88787" lon="4.70042">
        <ele>16</ele>
      </trkpt>
      <trkpt lat="50.88792" lon="4.70037">
        <ele>16</ele>
      </trkpt>
      <trkpt lat="50.88796" lon="4.70016">
        <ele>17</ele>
      </trkpt>
      <trkpt lat="50.88802" lon="4.70011">
        <ele>19</ele>
      </trkpt>
      <trkpt lat="50.88762" lon="4.69913">
        <ele>19</ele>
      </trkpt>
      <trkpt lat="50.88762" lon="4.69912">
        <ele>18</ele>
      </trkpt>
      <trkpt lat="50.88762" lon="4.69913">
        <ele>19</ele>
      </trkpt>
      <trkpt lat="50.88752" lon="4.6989">
        <ele>17</ele>
      </trkpt>
      <trkpt lat="50.88748" lon="4.69869">
        <ele>19</ele>
      </trkpt>
      <trkpt lat="50.88741" lon="4.69813">
        <ele>20</ele>
      </trkpt>
      <trkpt lat="50.88737" lon="4.69813">
        <ele>19</ele>
      </trkpt>
      <trkpt lat="50.88732" lon="4.6976">
        <ele>20</ele>
      </trkpt>
      <trkpt lat="50.88717" lon="4.69624">
        <ele>20</ele>
      </trkpt>
      <trkpt lat="50.88734" lon="4.69594">
        <ele>23</ele>
      </trkpt>
      <trkpt lat="50.88753" lon="4.69572">
        <ele>26</ele>
      </trkpt>
      <trkpt lat="50.88768" lon="4.69559">
        <ele>27</ele>
      </trkpt>
      <trkpt lat="50.8879" lon="4.69531">
        <ele>30</ele>
      </trkpt>
      <trkpt lat="50.88808" lon="4.69493">
        <ele>33</ele>
      </trkpt>
      <trkpt lat="50.88827" lon="4.69472">
        <ele>34</ele>
      </trkpt>
      <trkpt lat="50.88843" lon="4.69464">
        <ele>36</ele>
      </trkpt>
      <trkpt lat="50.88857" lon="4.69463">
        <ele>37</ele>
      </trkpt>
      <trkpt lat="50.88871" lon="4.69465">
        <ele>38</ele>
      </trkpt>
      <trkpt lat="50.88908" lon="4.69476">
        <ele>41</ele>
      </trkpt>
      <trkpt lat="50.8895" lon="4.69475">
        <ele>42</ele>
      </trkpt>
      <trkpt lat="50.88961" lon="4.69554">
        <ele>45</ele>
      </trkpt>
      <trkpt lat="50.88986" lon="4.6972">
        <ele>46</ele>
      </trkpt>
      <trkpt lat="50.88993" lon="4.69745">
        <ele>47</ele>
      </trkpt>
      <trkpt lat="50.8899" lon="4.69763">
        <ele>46</ele>
      </trkpt>
      <trkpt lat="50.88994" lon="4.69836">
        <ele>46</ele>
      </trkpt>
      <trkpt lat="50.88995" lon="4.69907">
        <ele>44</ele>
      </trkpt>
      <trkpt lat="50.88994" lon="4.69965">
        <ele>44</ele>
      </trkpt>
      <trkpt lat="50.88991" lon="4.70001">
        <ele>43</ele>
      </trkpt>
      <trkpt lat="50.88978" lon="4.7009">
        <ele>41</ele>
      </trkpt>
      <trkpt lat="50.88976" lon="4.70113">
        <ele>41</ele>
      </trkpt>
      <trkpt lat="50.88979" lon="4.70128">
        <ele>41</ele>
      </trkpt>
      <trkpt lat="50.88984" lon="4.70141">
        <ele>41</ele>
      </trkpt>
      <trkpt lat="50.88993" lon="4.70155">
        <ele>41</ele>
      </trkpt>
      <trkpt lat="50.89007" lon="4.7016">
        <ele>41</ele>
      </trkpt>
      <trkpt lat="50.89019" lon="4.70159">
        <ele>41</ele>
      </trkpt>
      <trkpt lat="50.89026" lon="4.7019">
        <ele>39</ele>
      </trkpt>
      <trkpt lat="50.89047" lon="4.70281">
        <ele>35</ele>
      </trkpt>
      <trkpt lat="50.89061" lon="4.70451">
        <ele>28</ele>
      </trkpt>
      <trkpt lat="50.89071" lon="4.70487">
        <ele>26</ele>
      </trkpt>
      <trkpt lat="50.89071" lon="4.70498">
        <ele>25</ele>
      </trkpt>
      <trkpt lat="50.89069" lon="4.70508">
        <ele>25</ele>
      </trkpt>
      <trkpt lat="50.89048" lon="4.70547">
        <ele>21</ele>
      </trkpt>
      <trkpt lat="50.89038" lon="4.70564">
        <ele>19</ele>
      </trkpt>
      <trkpt lat="50.89031" lon="4.70581">
        <ele>18</ele>
      </trkpt>
      <trkpt lat="50.89027" lon="4.70602">
        <ele>17</ele>
      </trkpt>
      <trkpt lat="50.89027" lon="4.70614">
        <ele>17</ele>
      </trkpt>
      <trkpt lat="50.89034" lon="4.70614">
        <ele>17</ele>
      </trkpt>
      <trkpt lat="50.89179" lon="4.70617">
        <ele>17</ele>
      </trkpt>
      <trkpt lat="50.89287" lon="4.70619">
        <ele>16</ele>
      </trkpt>
      <trkpt lat="50.89324" lon="4.70618">
        <ele>16</ele>
      </trkpt>
      <trkpt lat="50.8933" lon="4.70616">
        <ele>16</ele>
      </trkpt>
      <trkpt lat="50.89355" lon="4.70601">
        <ele>16</ele>
      </trkpt>
      <trkpt lat="50.89384" lon="4.70572">
        <ele>16</ele>
      </trkpt>
      <trkpt lat="50.89392" lon="4.70568">
        <ele>16</ele>
      </trkpt>
      <trkpt lat="50.89409" lon="4.70565">
        <ele>16</ele>
      </trkpt>
      <trkpt lat="50.89426" lon="4.70569">
        <ele>16</ele>
      </trkpt>
      <trkpt lat="50.89435" lon="4.70574">
        <ele>16</ele>
      </trkpt>
      <trkpt lat="50.89473" lon="4.70612">
        <ele>16</ele>
      </trkpt>
      <trkpt lat="50.89495" lon="4.70623">
        <ele>16</ele>
      </trkpt>
      <trkpt lat="50.89889" lon="4.70628">
        <ele>16</ele>
      </trkpt>
      <trkpt lat="50.90063" lon="4.70631">
        <ele>16</ele>
      </trkpt>
      <trkpt lat="50.9017" lon="4.70638">
        <ele>16</ele>
      </trkpt>
      <trkpt lat="50.90171" lon="4.70635">
        <ele>16</ele>
      </trkpt>
      <trkpt lat="50.90172" lon="4.70594">
        <ele>16</ele>
      </trkpt>
      <trkpt lat="50.90233" lon="4.70309">
        <ele>16</ele>
      </trkpt>
      <trkpt lat="50.90241" lon="4.70216">
        <ele>16</ele>
      </trkpt>
      <trkpt lat="50.90248" lon="4.70174">
        <ele>17</ele>
      </trkpt>
      <trkpt lat="50.90257" lon="4.70137">
        <ele>17</ele>
      </trkpt>
      <trkpt lat="50.90263" lon="4.7012">
        <ele>17</ele>
      </trkpt>
      <trkpt lat="50.90289" lon="4.70052">
        <ele>17</ele>
      </trkpt>
      <trkpt lat="50.90311" lon="4.69957">
        <ele>20</ele>
      </trkpt>
      <trkpt lat="50.90315" lon="4.6995">
        <ele>20</ele>
      </trkpt>
      <trkpt lat="50.90421" lon="4.69342">
        <ele>23</ele>
      </trkpt>
      <trkpt lat="50.90522" lon="4.68758">
        <ele>24</ele>
      </trkpt>
      <trkpt lat="50.90543" lon="4.68625">
        <ele>24</ele>
      </trkpt>
      <trkpt lat="50.9055" lon="4.68547">
        <ele>24</ele>
      </trkpt>
      <trkpt lat="50.90552" lon="4.68477">
        <ele>24</ele>
      </trkpt>
      <trkpt lat="50.90549" lon="4.68471">
        <ele>24</ele>
      </trkpt>
      <trkpt lat="50.90549" lon="4.68436">
        <ele>24</ele>
      </trkpt>
      <trkpt lat="50.90554" lon="4.6842">
        <ele>24</ele>
      </trkpt>
      <trkpt lat="50.90549" lon="4.68411">
        <ele>25</ele>
      </trkpt>
      <trkpt lat="50.90552" lon="4.68392">
        <ele>24</ele>
      </trkpt>
      <trkpt lat="50.90551" lon="4.68173">
        <ele>25</ele>
      </trkpt>
      <trkpt lat="50.90571" lon="4.6803">
        <ele>25</ele>
      </trkpt>
      <trkpt lat="50.90606" lon="4.67762">
        <ele>26</ele>
      </trkpt>
      <trkpt lat="50.9061" lon="4.6772">
        <ele>26</ele>
      </trkpt>
      <trkpt lat="50.90611" lon="4.67657">
        <ele>27</ele>
      </trkpt>
      <trkpt lat="50.90607" lon="4.67389">
        <ele>27</ele>
      </trkpt>
      <trkpt lat="50.90613" lon="4.67351">
        <ele>27</ele>
      </trkpt>
      <trkpt lat="50.90648" lon="4.67209">
        <ele>28</ele>
      </trkpt>
      <trkpt lat="50.90654" lon="4.6718">
        <ele>27</ele>
      </trkpt>
      <trkpt lat="50.90658" lon="4.67129">
        <ele>27</ele>
      </trkpt>
      <trkpt lat="50.9066" lon="4.67071">
        <ele>27</ele>
      </trkpt>
      <trkpt lat="50.9065" lon="4.66982">
        <ele>27</ele>
      </trkpt>
      <trkpt lat="50.9065" lon="4.6696">
        <ele>27</ele>
      </trkpt>
      <trkpt lat="50.90652" lon="4.6695">
        <ele>27</ele>
      </trkpt>
      <trkpt lat="50.90647" lon="4.66944">
        <ele>27</ele>
      </trkpt>
      <trkpt lat="50.90644" lon="4.66934">
        <ele>27</ele>
      </trkpt>
      <trkpt lat="50.90636" lon="4.66888">
        <ele>27</ele>
      </trkpt>
      <trkpt lat="50.90624" lon="4.66758">
        <ele>28</ele>
      </trkpt>
      <trkpt lat="50.906" lon="4.66552">
        <ele>30</ele>
      </trkpt>
      <trkpt lat="50.90575" lon="4.66444">
        <ele>29</ele>
      </trkpt>
      <trkpt lat="50.9056" lon="4.66387">
        <ele>30</ele>
      </trkpt>
      <trkpt lat="50.90481" lon="4.66134">
        <ele>29</ele>
      </trkpt>
      <trkpt lat="50.90465" lon="4.66076">
        <ele>29</ele>
      </trkpt>
      <trkpt lat="50.90435" lon="4.65933">
        <ele>28</ele>
      </trkpt>
      <trkpt lat="50.9041" lon="4.65804">
        <ele>28</ele>
      </trkpt>
      <trkpt lat="50.90416" lon="4.65546">
        <ele>27</ele>
      </trkpt>
      <trkpt lat="50.90414" lon="4.65481">
        <ele>27</ele>
      </trkpt>
      <trkpt lat="50.90407" lon="4.65432">
        <ele>27</ele>
      </trkpt>
      <trkpt lat="50.90376" lon="4.6527">
        <ele>27</ele>
      </trkpt>
      <trkpt lat="50.90375" lon="4.65193">
        <ele>27</ele>
      </trkpt>
      <trkpt lat="50.90376" lon="4.65121">
        <ele>27</ele>
      </trkpt>
      <trkpt lat="50.90374" lon="4.651">
        <ele>27</ele>
      </trkpt>
      <trkpt lat="50.9031" lon="4.64862">
        <ele>27</ele>
      </trkpt>
      <trkpt lat="50.90305" lon="4.64834">
        <ele>28</ele>
      </trkpt>
      <trkpt lat="50.90303" lon="4.64793">
        <ele>28</ele>
      </trkpt>
      <trkpt lat="50.90308" lon="4.64608">
        <ele>28</ele>
      </trkpt>
      <trkpt lat="50.90311" lon="4.64604">
        <ele>28</ele>
      </trkpt>
      <trkpt lat="50.90313" lon="4.64594">
        <ele>28</ele>
      </trkpt>
      <trkpt lat="50.90312" lon="4.64589">
        <ele>28</ele>
      </trkpt>
      <trkpt lat="50.90308" lon="4.64582">
        <ele>29</ele>
      </trkpt>
      <trkpt lat="50.90309" lon="4.64567">
        <ele>29</ele>
      </trkpt>
      <trkpt lat="50.90305" lon="4.64506">
        <ele>29</ele>
      </trkpt>
      <trkpt lat="50.90301" lon="4.64456">
        <ele>29</ele>
      </trkpt>
      <trkpt lat="50.90295" lon="4.64414">
        <ele>29</ele>
      </trkpt>
      <trkpt lat="50.90285" lon="4.64381">
        <ele>29</ele>
      </trkpt>
      <trkpt lat="50.9026" lon="4.64315">
        <ele>29</ele>
      </trkpt>
      <trkpt lat="50.9023" lon="4.64209">
        <ele>29</ele>
      </trkpt>
      <trkpt lat="50.90222" lon="4.64174">
        <ele>29</ele>
      </trkpt>
      <trkpt lat="50.90215" lon="4.64136">
        <ele>29</ele>
      </trkpt>
      <trkpt lat="50.90206" lon="4.63972">
        <ele>29</ele>
      </trkpt>
      <trkpt lat="50.90199" lon="4.63897">
        <ele>29</ele>
      </trkpt>
      <trkpt lat="50.90188" lon="4.63835">
        <ele>29</ele>
      </trkpt>
      <trkpt lat="50.90174" lon="4.63789">
        <ele>29</ele>
      </trkpt>
      <trkpt lat="50.90091" lon="4.63515">
        <ele>30</ele>
      </trkpt>
      <trkpt lat="50.90078" lon="4.63456">
        <ele>30</ele>
      </trkpt>
      <trkpt lat="50.90073" lon="4.63424">
        <ele>30</ele>
      </trkpt>
      <trkpt lat="50.90057" lon="4.6321">
        <ele>31</ele>
      </trkpt>
      <trkpt lat="50.90161" lon="4.62718">
        <ele>29</ele>
      </trkpt>
      <trkpt lat="50.90171" lon="4.6266">
        <ele>28</ele>
      </trkpt>
      <trkpt lat="50.90171" lon="4.62646">
        <ele>28</ele>
      </trkpt>
      <trkpt lat="50.90169" lon="4.62634">
        <ele>28</ele>
      </trkpt>
      <trkpt lat="50.90172" lon="4.62619">
        <ele>28</ele>
      </trkpt>
      <trkpt lat="50.9017" lon="4.62603">
        <ele>28</ele>
      </trkpt>
      <trkpt lat="50.90166" lon="4.62542">
        <ele>28</ele>
      </trkpt>
      <trkpt lat="50.90163" lon="4.62533">
        <ele>28</ele>
      </trkpt>
      <trkpt lat="50.90158" lon="4.62479">
        <ele>28</ele>
      </trkpt>
      <trkpt lat="50.90152" lon="4.62418">
        <ele>29</ele>
      </trkpt>
      <trkpt lat="50.90152" lon="4.62407">
        <ele>29</ele>
      </trkpt>
      <trkpt lat="50.90146" lon="4.62381">
        <ele>29</ele>
      </trkpt>
      <trkpt lat="50.90141" lon="4.62374">
        <ele>29</ele>
      </trkpt>
      <trkpt lat="50.90135" lon="4.62348">
        <ele>29</ele>
      </trkpt>
      <trkpt lat="50.90134" lon="4.62334">
        <ele>29</ele>
      </trkpt>
      <trkpt lat="50.90123" lon="4.62295">
        <ele>29</ele>
      </trkpt>
      <trkpt lat="50.90122" lon="4.62287">
        <ele>29</ele>
      </trkpt>
      <trkpt lat="50.90126" lon="4.62264">
        <ele>29</ele>
      </trkpt>
      <trkpt lat="50.90119" lon="4.62249">
        <ele>29</ele>
      </trkpt>
      <trkpt lat="50.90116" lon="4.62233">
        <ele>29</ele>
      </trkpt>
      <trkpt lat="50.90107" lon="4.62174">
        <ele>29</ele>
      </trkpt>
      <trkpt lat="50.90095" lon="4.62076">
        <ele>29</ele>
      </trkpt>
      <trkpt lat="50.90083" lon="4.6201">
        <ele>29</ele>
      </trkpt>
      <trkpt lat="50.90038" lon="4.618">
        <ele>30</ele>
      </trkpt>
      <trkpt lat="50.90032" lon="4.61793">
        <ele>31</ele>
      </trkpt>
      <trkpt lat="50.90021" lon="4.61748">
        <ele>32</ele>
      </trkpt>
      <trkpt lat="50.90009" lon="4.61724">
        <ele>33</ele>
      </trkpt>
      <trkpt lat="50.9" lon="4.61714">
        <ele>33</ele>
      </trkpt>
      <trkpt lat="50.89982" lon="4.617">
        <ele>34</ele>
      </trkpt>
      <trkpt lat="50.89899" lon="4.61665">
        <ele>31</ele>
      </trkpt>
      <trkpt lat="50.89899" lon="4.61658">
        <ele>32</ele>
      </trkpt>
      <trkpt lat="50.89885" lon="4.61652">
        <ele>36</ele>
      </trkpt>
      <trkpt lat="50.89871" lon="4.6164">
        <ele>36</ele>
      </trkpt>
      <trkpt lat="50.89862" lon="4.6163">
        <ele>35</ele>
      </trkpt>
      <trkpt lat="50.89853" lon="4.61616">
        <ele>34</ele>
      </trkpt>
      <trkpt lat="50.89845" lon="4.61597">
        <ele>34</ele>
      </trkpt>
      <trkpt lat="50.89806" lon="4.61492">
        <ele>31</ele>
      </trkpt>
      <trkpt lat="50.89744" lon="4.61323">
        <ele>31</ele>
      </trkpt>
      <trkpt lat="50.89679" lon="4.61181">
        <ele>33</ele>
      </trkpt>
      <trkpt lat="50.89649" lon="4.61116">
        <ele>34</ele>
      </trkpt>
      <trkpt lat="50.89602" lon="4.61049">
        <ele>35</ele>
      </trkpt>
      <trkpt lat="50.89589" lon="4.61033">
        <ele>36</ele>
      </trkpt>
      <trkpt lat="50.89556" lon="4.60997">
        <ele>36</ele>
      </trkpt>
      <trkpt lat="50.89293" lon="4.60689">
        <ele>37</ele>
      </trkpt>
      <trkpt lat="50.8911" lon="4.60475">
        <ele>36</ele>
      </trkpt>
      <trkpt lat="50.88998" lon="4.60338">
        <ele>36</ele>
      </trkpt>
      <trkpt lat="50.88606" lon="4.59804">
        <ele>38</ele>
      </trkpt>
      <trkpt lat="50.88586" lon="4.59767">
        <ele>38</ele>
      </trkpt>
      <trkpt lat="50.88564" lon="4.59719">
        <ele>38</ele>
      </trkpt>
      <trkpt lat="50.88548" lon="4.59699">
        <ele>38</ele>
      </trkpt>
      <trkpt lat="50.88528" lon="4.59687">
        <ele>37</ele>
      </trkpt>
      <trkpt lat="50.88511" lon="4.59672">
        <ele>37</ele>
      </trkpt>
      <trkpt lat="50.88416" lon="4.59508">
        <ele>36</ele>
      </trkpt>
      <trkpt lat="50.88298" lon="4.59299">
        <ele>37</ele>
      </trkpt>
      <trkpt lat="50.8829" lon="4.5928">
        <ele>37</ele>
      </trkpt>
      <trkpt lat="50.88276" lon="4.59233">
        <ele>37</ele>
      </trkpt>
      <trkpt lat="50.88271" lon="4.59193">
        <ele>37</ele>
      </trkpt>
      <trkpt lat="50.88267" lon="4.59131">
        <ele>38</ele>
      </trkpt>
      <trkpt lat="50.88264" lon="4.59101">
        <ele>38</ele>
      </trkpt>
      <trkpt lat="50.8826" lon="4.5908">
        <ele>38</ele>
      </trkpt>
      <trkpt lat="50.88254" lon="4.59057">
        <ele>38</ele>
      </trkpt>
      <trkpt lat="50.88237" lon="4.59015">
        <ele>38</ele>
      </trkpt>
      <trkpt lat="50.88142" lon="4.58848">
        <ele>42</ele>
      </trkpt>
      <trkpt lat="50.88102" lon="4.58769">
        <ele>44</ele>
      </trkpt>
      <trkpt lat="50.88023" lon="4.58614">
        <ele>41</ele>
      </trkpt>
      <trkpt lat="50.88133" lon="4.58482">
        <ele>39</ele>
      </trkpt>
      <trkpt lat="50.88178" lon="4.58422">
        <ele>38</ele>
      </trkpt>
      <trkpt lat="50.88204" lon="4.58381">
        <ele>38</ele>
      </trkpt>
      <trkpt lat="50.88309" lon="4.58195">
        <ele>37</ele>
      </trkpt>
      <trkpt lat="50.88228" lon="4.57907">
        <ele>38</ele>
      </trkpt>
      <trkpt lat="50.88208" lon="4.57845">
        <ele>38</ele>
      </trkpt>
      <trkpt lat="50.88195" lon="4.57805">
        <ele>39</ele>
      </trkpt>
      <trkpt lat="50.88162" lon="4.57722">
        <ele>39</ele>
      </trkpt>
      <trkpt lat="50.88125" lon="4.57644">
        <ele>40</ele>
      </trkpt>
      <trkpt lat="50.88092" lon="4.57579">
        <ele>40</ele>
      </trkpt>
      <trkpt lat="50.88015" lon="4.57443">
        <ele>42</ele>
      </trkpt>
      <trkpt lat="50.8799" lon="4.57392">
        <ele>42</ele>
      </trkpt>
      <trkpt lat="50.8794" lon="4.57243">
        <ele>44</ele>
      </trkpt>
      <trkpt lat="50.87922" lon="4.57197">
        <ele>44</ele>
      </trkpt>
      <trkpt lat="50.87882" lon="4.57121">
        <ele>45</ele>
      </trkpt>
      <trkpt lat="50.87899" lon="4.57089">
        <ele>45</ele>
      </trkpt>
      <trkpt lat="50.8792" lon="4.57054">
        <ele>45</ele>
      </trkpt>
      <trkpt lat="50.87911" lon="4.56987">
        <ele>44</ele>
      </trkpt>
      <trkpt lat="50.87914" lon="4.56977">
        <ele>44</ele>
      </trkpt>
      <trkpt lat="50.87924" lon="4.56958">
        <ele>44</ele>
      </trkpt>
      <trkpt lat="50.87948" lon="4.56914">
        <ele>43</ele>
      </trkpt>
      <trkpt lat="50.88014" lon="4.56811">
        <ele>42</ele>
      </trkpt>
      <trkpt lat="50.8802" lon="4.56788">
        <ele>42</ele>
      </trkpt>
      <trkpt lat="50.88012" lon="4.56689">
        <ele>42</ele>
      </trkpt>
      <trkpt lat="50.88013" lon="4.5667">
        <ele>42</ele>
      </trkpt>
      <trkpt lat="50.88012" lon="4.56647">
        <ele>43</ele>
      </trkpt>
      <trkpt lat="50.88006" lon="4.56644">
        <ele>43</ele>
      </trkpt>
      <trkpt lat="50.88002" lon="4.56636">
        <ele>43</ele>
      </trkpt>
      <trkpt lat="50.88004" lon="4.56625">
        <ele>43</ele>
      </trkpt>
      <trkpt lat="50.88009" lon="4.56619">
        <ele>43</ele>
      </trkpt>
      <trkpt lat="50.88006" lon="4.56426">
        <ele>44</ele>
      </trkpt>
      <trkpt lat="50.88009" lon="4.56401">
        <ele>44</ele>
      </trkpt>
      <trkpt lat="50.88048" lon="4.56195">
        <ele>48</ele>
      </trkpt>
      <trkpt lat="50.88051" lon="4.56157">
        <ele>49</ele>
      </trkpt>
      <trkpt lat="50.88046" lon="4.5608">
        <ele>49</ele>
      </trkpt>
      <trkpt lat="50.87985" lon="4.55718">
        <ele>52</ele>
      </trkpt>
      <trkpt lat="50.87933" lon="4.55516">
        <ele>49</ele>
      </trkpt>
      <trkpt lat="50.87926" lon="4.5547">
        <ele>48</ele>
      </trkpt>
      <trkpt lat="50.87894" lon="4.55203">
        <ele>48</ele>
      </trkpt>
    </trkseg>
  </trk>
</gpx>
