<?xml version="1.0" encoding="UTF-8"?>
<gpx xmlns="http://www.topografix.com/GPX/1/1" creator="RouteYou" version="1.1" xmlns:xsi="http://www.w3.org/2001/XMLSchema-instance" xsi:schemaLocation="http://www.topografix.com/GPX/1/1 http://www.topografix.com/GPX/1/1/gpx.xsd">
  <trk>
    <name>Villers-La-Ville 2025</name>
    <desc></desc>
    <trkseg>
      <trkpt lat="50.87884" lon="4.55122">
        <ele>54</ele>
      </trkpt>
      <trkpt lat="50.8792" lon="4.5542">
        <ele>51</ele>
      </trkpt>
      <trkpt lat="50.87925" lon="4.55463">
        <ele>51</ele>
      </trkpt>
      <trkpt lat="50.87836" lon="4.55445">
        <ele>49</ele>
      </trkpt>
      <trkpt lat="50.87763" lon="4.55446">
        <ele>48</ele>
      </trkpt>
      <trkpt lat="50.87703" lon="4.5544">
        <ele>48</ele>
      </trkpt>
      <trkpt lat="50.87641" lon="4.55417">
        <ele>49</ele>
      </trkpt>
      <trkpt lat="50.87629" lon="4.55405">
        <ele>50</ele>
      </trkpt>
      <trkpt lat="50.87612" lon="4.55448">
        <ele>49</ele>
      </trkpt>
      <trkpt lat="50.87603" lon="4.5548">
        <ele>49</ele>
      </trkpt>
      <trkpt lat="50.876" lon="4.55513">
        <ele>49</ele>
      </trkpt>
      <trkpt lat="50.87606" lon="4.55634">
        <ele>48</ele>
      </trkpt>
      <trkpt lat="50.87602" lon="4.55667">
        <ele>48</ele>
      </trkpt>
      <trkpt lat="50.87604" lon="4.55694">
        <ele>48</ele>
      </trkpt>
      <trkpt lat="50.87615" lon="4.55735">
        <ele>48</ele>
      </trkpt>
      <trkpt lat="50.8763" lon="4.55789">
        <ele>47</ele>
      </trkpt>
      <trkpt lat="50.87638" lon="4.55833">
        <ele>47</ele>
      </trkpt>
      <trkpt lat="50.87649" lon="4.56114">
        <ele>46</ele>
      </trkpt>
      <trkpt lat="50.87655" lon="4.56247">
        <ele>47</ele>
      </trkpt>
      <trkpt lat="50.87657" lon="4.56276">
        <ele>46</ele>
      </trkpt>
      <trkpt lat="50.87686" lon="4.56527">
        <ele>49</ele>
      </trkpt>
      <trkpt lat="50.87704" lon="4.56666">
        <ele>52</ele>
      </trkpt>
      <trkpt lat="50.87725" lon="4.56802">
        <ele>53</ele>
      </trkpt>
      <trkpt lat="50.8772" lon="4.56811">
        <ele>53</ele>
      </trkpt>
      <trkpt lat="50.87719" lon="4.56816">
        <ele>53</ele>
      </trkpt>
      <trkpt lat="50.87706" lon="4.56815">
        <ele>54</ele>
      </trkpt>
      <trkpt lat="50.87662" lon="4.56822">
        <ele>55</ele>
      </trkpt>
      <trkpt lat="50.87632" lon="4.56835">
        <ele>56</ele>
      </trkpt>
      <trkpt lat="50.87598" lon="4.5685">
        <ele>56</ele>
      </trkpt>
      <trkpt lat="50.87515" lon="4.56865">
        <ele>57</ele>
      </trkpt>
      <trkpt lat="50.87479" lon="4.56875">
        <ele>57</ele>
      </trkpt>
      <trkpt lat="50.87467" lon="4.56872">
        <ele>57</ele>
      </trkpt>
      <trkpt lat="50.87387" lon="4.56838">
        <ele>57</ele>
      </trkpt>
      <trkpt lat="50.87369" lon="4.56827">
        <ele>57</ele>
      </trkpt>
      <trkpt lat="50.87352" lon="4.56811">
        <ele>58</ele>
      </trkpt>
      <trkpt lat="50.87336" lon="4.56785">
        <ele>59</ele>
      </trkpt>
      <trkpt lat="50.87327" lon="4.56763">
        <ele>59</ele>
      </trkpt>
      <trkpt lat="50.87317" lon="4.56718">
        <ele>59</ele>
      </trkpt>
      <trkpt lat="50.87299" lon="4.56596">
        <ele>59</ele>
      </trkpt>
      <trkpt lat="50.87288" lon="4.56564">
        <ele>59</ele>
      </trkpt>
      <trkpt lat="50.87279" lon="4.56547">
        <ele>59</ele>
      </trkpt>
      <trkpt lat="50.87265" lon="4.56538">
        <ele>59</ele>
      </trkpt>
      <trkpt lat="50.87118" lon="4.56472">
        <ele>65</ele>
      </trkpt>
      <trkpt lat="50.87082" lon="4.56449">
        <ele>64</ele>
      </trkpt>
      <trkpt lat="50.87054" lon="4.56424">
        <ele>64</ele>
      </trkpt>
      <trkpt lat="50.86934" lon="4.56281">
        <ele>68</ele>
      </trkpt>
      <trkpt lat="50.86896" lon="4.56241">
        <ele>69</ele>
      </trkpt>
      <trkpt lat="50.8687" lon="4.56217">
        <ele>69</ele>
      </trkpt>
      <trkpt lat="50.8681" lon="4.56167">
        <ele>68</ele>
      </trkpt>
      <trkpt lat="50.86653" lon="4.5604">
        <ele>80</ele>
      </trkpt>
      <trkpt lat="50.86631" lon="4.56017">
        <ele>81</ele>
      </trkpt>
      <trkpt lat="50.8657" lon="4.55939">
        <ele>92</ele>
      </trkpt>
      <trkpt lat="50.86544" lon="4.5591">
        <ele>93</ele>
      </trkpt>
      <trkpt lat="50.86369" lon="4.55744">
        <ele>99</ele>
      </trkpt>
      <trkpt lat="50.86341" lon="4.55723">
        <ele>101</ele>
      </trkpt>
      <trkpt lat="50.86323" lon="4.55715">
        <ele>101</ele>
      </trkpt>
      <trkpt lat="50.86228" lon="4.55704">
        <ele>98</ele>
      </trkpt>
      <trkpt lat="50.86105" lon="4.5569">
        <ele>98</ele>
      </trkpt>
      <trkpt lat="50.86087" lon="4.55684">
        <ele>98</ele>
      </trkpt>
      <trkpt lat="50.86076" lon="4.55677">
        <ele>98</ele>
      </trkpt>
      <trkpt lat="50.86066" lon="4.55665">
        <ele>98</ele>
      </trkpt>
      <trkpt lat="50.86043" lon="4.55629">
        <ele>99</ele>
      </trkpt>
      <trkpt lat="50.85952" lon="4.55451">
        <ele>97</ele>
      </trkpt>
      <trkpt lat="50.85924" lon="4.55405">
        <ele>98</ele>
      </trkpt>
      <trkpt lat="50.85832" lon="4.5528">
        <ele>99</ele>
      </trkpt>
      <trkpt lat="50.85811" lon="4.55256">
        <ele>100</ele>
      </trkpt>
      <trkpt lat="50.85796" lon="4.55243">
        <ele>100</ele>
      </trkpt>
      <trkpt lat="50.8578" lon="4.55233">
        <ele>100</ele>
      </trkpt>
      <trkpt lat="50.8575" lon="4.55223">
        <ele>100</ele>
      </trkpt>
      <trkpt lat="50.85733" lon="4.55221">
        <ele>100</ele>
      </trkpt>
      <trkpt lat="50.85589" lon="4.55223">
        <ele>97</ele>
      </trkpt>
      <trkpt lat="50.85589" lon="4.55179">
        <ele>97</ele>
      </trkpt>
      <trkpt lat="50.8558" lon="4.55132">
        <ele>97</ele>
      </trkpt>
      <trkpt lat="50.85579" lon="4.5511">
        <ele>97</ele>
      </trkpt>
      <trkpt lat="50.8558" lon="4.551">
        <ele>97</ele>
      </trkpt>
      <trkpt lat="50.8559" lon="4.55075">
        <ele>97</ele>
      </trkpt>
      <trkpt lat="50.85613" lon="4.5502">
        <ele>97</ele>
      </trkpt>
      <trkpt lat="50.85616" lon="4.55007">
        <ele>97</ele>
      </trkpt>
      <trkpt lat="50.85614" lon="4.54986">
        <ele>96</ele>
      </trkpt>
      <trkpt lat="50.85498" lon="4.54695">
        <ele>97</ele>
      </trkpt>
      <trkpt lat="50.85478" lon="4.54641">
        <ele>97</ele>
      </trkpt>
      <trkpt lat="50.85278" lon="4.54162">
        <ele>97</ele>
      </trkpt>
      <trkpt lat="50.85206" lon="4.5399">
        <ele>93</ele>
      </trkpt>
      <trkpt lat="50.85155" lon="4.53991">
        <ele>95</ele>
      </trkpt>
      <trkpt lat="50.84982" lon="4.53978">
        <ele>95</ele>
      </trkpt>
      <trkpt lat="50.84971" lon="4.53972">
        <ele>95</ele>
      </trkpt>
      <trkpt lat="50.84823" lon="4.53841">
        <ele>94</ele>
      </trkpt>
      <trkpt lat="50.84785" lon="4.53819">
        <ele>93</ele>
      </trkpt>
      <trkpt lat="50.84768" lon="4.53814">
        <ele>93</ele>
      </trkpt>
      <trkpt lat="50.84724" lon="4.53812">
        <ele>92</ele>
      </trkpt>
      <trkpt lat="50.84681" lon="4.53802">
        <ele>91</ele>
      </trkpt>
      <trkpt lat="50.84645" lon="4.53789">
        <ele>89</ele>
      </trkpt>
      <trkpt lat="50.84598" lon="4.53765">
        <ele>89</ele>
      </trkpt>
      <trkpt lat="50.84559" lon="4.53737">
        <ele>87</ele>
      </trkpt>
      <trkpt lat="50.84444" lon="4.53639">
        <ele>83</ele>
      </trkpt>
      <trkpt lat="50.84412" lon="4.53616">
        <ele>83</ele>
      </trkpt>
      <trkpt lat="50.84348" lon="4.5358">
        <ele>83</ele>
      </trkpt>
      <trkpt lat="50.8433" lon="4.53573">
        <ele>82</ele>
      </trkpt>
      <trkpt lat="50.84314" lon="4.53572">
        <ele>82</ele>
      </trkpt>
      <trkpt lat="50.84298" lon="4.53575">
        <ele>82</ele>
      </trkpt>
      <trkpt lat="50.84283" lon="4.53582">
        <ele>84</ele>
      </trkpt>
      <trkpt lat="50.84252" lon="4.53607">
        <ele>83</ele>
      </trkpt>
      <trkpt lat="50.83963" lon="4.5387">
        <ele>73</ele>
      </trkpt>
      <trkpt lat="50.83893" lon="4.53931">
        <ele>73</ele>
      </trkpt>
      <trkpt lat="50.83827" lon="4.5397">
        <ele>73</ele>
      </trkpt>
      <trkpt lat="50.83739" lon="4.54003">
        <ele>76</ele>
      </trkpt>
      <trkpt lat="50.83754" lon="4.54042">
        <ele>76</ele>
      </trkpt>
      <trkpt lat="50.83809" lon="4.54197">
        <ele>82</ele>
      </trkpt>
      <trkpt lat="50.8378" lon="4.5426">
        <ele>82</ele>
      </trkpt>
      <trkpt lat="50.83753" lon="4.54324">
        <ele>83</ele>
      </trkpt>
      <trkpt lat="50.83716" lon="4.54454">
        <ele>83</ele>
      </trkpt>
      <trkpt lat="50.83674" lon="4.5462">
        <ele>82</ele>
      </trkpt>
      <trkpt lat="50.83668" lon="4.54667">
        <ele>80</ele>
      </trkpt>
      <trkpt lat="50.83663" lon="4.54766">
        <ele>78</ele>
      </trkpt>
      <trkpt lat="50.83656" lon="4.54974">
        <ele>75</ele>
      </trkpt>
      <trkpt lat="50.83578" lon="4.55363">
        <ele>71</ele>
      </trkpt>
      <trkpt lat="50.83551" lon="4.55536">
        <ele>67</ele>
      </trkpt>
      <trkpt lat="50.83541" lon="4.55593">
        <ele>64</ele>
      </trkpt>
      <trkpt lat="50.8353" lon="4.5562">
        <ele>64</ele>
      </trkpt>
      <trkpt lat="50.83458" lon="4.55726">
        <ele>61</ele>
      </trkpt>
      <trkpt lat="50.83447" lon="4.55734">
        <ele>61</ele>
      </trkpt>
      <trkpt lat="50.83363" lon="4.55765">
        <ele>58</ele>
      </trkpt>
      <trkpt lat="50.83314" lon="4.55785">
        <ele>55</ele>
      </trkpt>
      <trkpt lat="50.83278" lon="4.5581">
        <ele>56</ele>
      </trkpt>
      <trkpt lat="50.83271" lon="4.55818">
        <ele>56</ele>
      </trkpt>
      <trkpt lat="50.83272" lon="4.5582">
        <ele>54</ele>
      </trkpt>
      <trkpt lat="50.83243" lon="4.55853">
        <ele>56</ele>
      </trkpt>
      <trkpt lat="50.83244" lon="4.55864">
        <ele>56</ele>
      </trkpt>
      <trkpt lat="50.83239" lon="4.55872">
        <ele>57</ele>
      </trkpt>
      <trkpt lat="50.83255" lon="4.55929">
        <ele>57</ele>
      </trkpt>
      <trkpt lat="50.83287" lon="4.56167">
        <ele>54</ele>
      </trkpt>
      <trkpt lat="50.83298" lon="4.56214">
        <ele>54</ele>
      </trkpt>
      <trkpt lat="50.83347" lon="4.56332">
        <ele>57</ele>
      </trkpt>
      <trkpt lat="50.83364" lon="4.56378">
        <ele>59</ele>
      </trkpt>
      <trkpt lat="50.83374" lon="4.56438">
        <ele>59</ele>
      </trkpt>
      <trkpt lat="50.83286" lon="4.56528">
        <ele>60</ele>
      </trkpt>
      <trkpt lat="50.83201" lon="4.56619">
        <ele>58</ele>
      </trkpt>
      <trkpt lat="50.83176" lon="4.56651">
        <ele>58</ele>
      </trkpt>
      <trkpt lat="50.83169" lon="4.56657">
        <ele>58</ele>
      </trkpt>
      <trkpt lat="50.83158" lon="4.56659">
        <ele>58</ele>
      </trkpt>
      <trkpt lat="50.83109" lon="4.56623">
        <ele>59</ele>
      </trkpt>
      <trkpt lat="50.83074" lon="4.56609">
        <ele>60</ele>
      </trkpt>
      <trkpt lat="50.82896" lon="4.56581">
        <ele>68</ele>
      </trkpt>
      <trkpt lat="50.82896" lon="4.56577">
        <ele>68</ele>
      </trkpt>
      <trkpt lat="50.82581" lon="4.56505">
        <ele>83</ele>
      </trkpt>
      <trkpt lat="50.82525" lon="4.56488">
        <ele>86</ele>
      </trkpt>
      <trkpt lat="50.82467" lon="4.56465">
        <ele>89</ele>
      </trkpt>
      <trkpt lat="50.82367" lon="4.56412">
        <ele>93</ele>
      </trkpt>
      <trkpt lat="50.82321" lon="4.56385">
        <ele>95</ele>
      </trkpt>
      <trkpt lat="50.8215" lon="4.56275">
        <ele>99</ele>
      </trkpt>
      <trkpt lat="50.82116" lon="4.56255">
        <ele>100</ele>
      </trkpt>
      <trkpt lat="50.82071" lon="4.56229">
        <ele>101</ele>
      </trkpt>
      <trkpt lat="50.82054" lon="4.56215">
        <ele>101</ele>
      </trkpt>
      <trkpt lat="50.82033" lon="4.56188">
        <ele>100</ele>
      </trkpt>
      <trkpt lat="50.82016" lon="4.5616">
        <ele>100</ele>
      </trkpt>
      <trkpt lat="50.82002" lon="4.56134">
        <ele>100</ele>
      </trkpt>
      <trkpt lat="50.81984" lon="4.56093">
        <ele>100</ele>
      </trkpt>
      <trkpt lat="50.8198" lon="4.56078">
        <ele>100</ele>
      </trkpt>
      <trkpt lat="50.81904" lon="4.559">
        <ele>98</ele>
      </trkpt>
      <trkpt lat="50.81885" lon="4.55856">
        <ele>98</ele>
      </trkpt>
      <trkpt lat="50.81829" lon="4.55674">
        <ele>99</ele>
      </trkpt>
      <trkpt lat="50.81809" lon="4.55616">
        <ele>99</ele>
      </trkpt>
      <trkpt lat="50.81802" lon="4.55607">
        <ele>99</ele>
      </trkpt>
      <trkpt lat="50.81715" lon="4.55366">
        <ele>97</ele>
      </trkpt>
      <trkpt lat="50.81695" lon="4.55326">
        <ele>97</ele>
      </trkpt>
      <trkpt lat="50.81678" lon="4.55302">
        <ele>96</ele>
      </trkpt>
      <trkpt lat="50.81648" lon="4.55265">
        <ele>95</ele>
      </trkpt>
      <trkpt lat="50.81642" lon="4.55254">
        <ele>95</ele>
      </trkpt>
      <trkpt lat="50.81613" lon="4.55192">
        <ele>93</ele>
      </trkpt>
      <trkpt lat="50.81607" lon="4.55187">
        <ele>93</ele>
      </trkpt>
      <trkpt lat="50.81577" lon="4.55192">
        <ele>93</ele>
      </trkpt>
      <trkpt lat="50.81392" lon="4.55221">
        <ele>92</ele>
      </trkpt>
      <trkpt lat="50.8138" lon="4.55226">
        <ele>92</ele>
      </trkpt>
      <trkpt lat="50.81358" lon="4.5522">
        <ele>92</ele>
      </trkpt>
      <trkpt lat="50.81193" lon="4.55144">
        <ele>94</ele>
      </trkpt>
      <trkpt lat="50.80847" lon="4.55049">
        <ele>88</ele>
      </trkpt>
      <trkpt lat="50.80797" lon="4.55041">
        <ele>86</ele>
      </trkpt>
      <trkpt lat="50.80772" lon="4.55043">
        <ele>85</ele>
      </trkpt>
      <trkpt lat="50.80747" lon="4.5505">
        <ele>85</ele>
      </trkpt>
      <trkpt lat="50.80713" lon="4.55065">
        <ele>84</ele>
      </trkpt>
      <trkpt lat="50.80634" lon="4.5513">
        <ele>82</ele>
      </trkpt>
      <trkpt lat="50.80593" lon="4.5517">
        <ele>82</ele>
      </trkpt>
      <trkpt lat="50.80569" lon="4.55188">
        <ele>81</ele>
      </trkpt>
      <trkpt lat="50.80536" lon="4.55208">
        <ele>80</ele>
      </trkpt>
      <trkpt lat="50.80494" lon="4.55228">
        <ele>79</ele>
      </trkpt>
      <trkpt lat="50.80462" lon="4.55238">
        <ele>79</ele>
      </trkpt>
      <trkpt lat="50.80335" lon="4.55268">
        <ele>74</ele>
      </trkpt>
      <trkpt lat="50.80302" lon="4.55269">
        <ele>72</ele>
      </trkpt>
      <trkpt lat="50.8027" lon="4.55264">
        <ele>71</ele>
      </trkpt>
      <trkpt lat="50.80246" lon="4.55255">
        <ele>70</ele>
      </trkpt>
      <trkpt lat="50.80211" lon="4.55229">
        <ele>68</ele>
      </trkpt>
      <trkpt lat="50.80149" lon="4.55162">
        <ele>67</ele>
      </trkpt>
      <trkpt lat="50.80121" lon="4.55134">
        <ele>73</ele>
      </trkpt>
      <trkpt lat="50.80085" lon="4.55093">
        <ele>74</ele>
      </trkpt>
      <trkpt lat="50.80043" lon="4.55053">
        <ele>74</ele>
      </trkpt>
      <trkpt lat="50.79964" lon="4.5502">
        <ele>73</ele>
      </trkpt>
      <trkpt lat="50.79945" lon="4.55">
        <ele>73</ele>
      </trkpt>
      <trkpt lat="50.79804" lon="4.54879">
        <ele>69</ele>
      </trkpt>
      <trkpt lat="50.7978" lon="4.54863">
        <ele>69</ele>
      </trkpt>
      <trkpt lat="50.79761" lon="4.54844">
        <ele>69</ele>
      </trkpt>
      <trkpt lat="50.79687" lon="4.54744">
        <ele>69</ele>
      </trkpt>
      <trkpt lat="50.79674" lon="4.54737">
        <ele>71</ele>
      </trkpt>
      <trkpt lat="50.79639" lon="4.54733">
        <ele>71</ele>
      </trkpt>
      <trkpt lat="50.79609" lon="4.54797">
        <ele>70</ele>
      </trkpt>
      <trkpt lat="50.79598" lon="4.54808">
        <ele>70</ele>
      </trkpt>
      <trkpt lat="50.79554" lon="4.54845">
        <ele>68</ele>
      </trkpt>
      <trkpt lat="50.7955" lon="4.54848">
        <ele>68</ele>
      </trkpt>
      <trkpt lat="50.79416" lon="4.55053">
        <ele>66</ele>
      </trkpt>
      <trkpt lat="50.79406" lon="4.55074">
        <ele>66</ele>
      </trkpt>
      <trkpt lat="50.79436" lon="4.55118">
        <ele>65</ele>
      </trkpt>
      <trkpt lat="50.79523" lon="4.55254">
        <ele>73</ele>
      </trkpt>
      <trkpt lat="50.7955" lon="4.55352">
        <ele>75</ele>
      </trkpt>
      <trkpt lat="50.79554" lon="4.55373">
        <ele>75</ele>
      </trkpt>
      <trkpt lat="50.79561" lon="4.55434">
        <ele>75</ele>
      </trkpt>
      <trkpt lat="50.7956" lon="4.55459">
        <ele>75</ele>
      </trkpt>
      <trkpt lat="50.79555" lon="4.55483">
        <ele>75</ele>
      </trkpt>
      <trkpt lat="50.79545" lon="4.55505">
        <ele>73</ele>
      </trkpt>
      <trkpt lat="50.79528" lon="4.55538">
        <ele>72</ele>
      </trkpt>
      <trkpt lat="50.79517" lon="4.55547">
        <ele>71</ele>
      </trkpt>
      <trkpt lat="50.79443" lon="4.55587">
        <ele>66</ele>
      </trkpt>
      <trkpt lat="50.79375" lon="4.55611">
        <ele>67</ele>
      </trkpt>
      <trkpt lat="50.79273" lon="4.55643">
        <ele>68</ele>
      </trkpt>
      <trkpt lat="50.79236" lon="4.55663">
        <ele>71</ele>
      </trkpt>
      <trkpt lat="50.79208" lon="4.55684">
        <ele>71</ele>
      </trkpt>
      <trkpt lat="50.79112" lon="4.55744">
        <ele>72</ele>
      </trkpt>
      <trkpt lat="50.79085" lon="4.55763">
        <ele>69</ele>
      </trkpt>
      <trkpt lat="50.79062" lon="4.55784">
        <ele>68</ele>
      </trkpt>
      <trkpt lat="50.79001" lon="4.55856">
        <ele>70</ele>
      </trkpt>
      <trkpt lat="50.78981" lon="4.55875">
        <ele>69</ele>
      </trkpt>
      <trkpt lat="50.78961" lon="4.5589">
        <ele>70</ele>
      </trkpt>
      <trkpt lat="50.78937" lon="4.55905">
        <ele>70</ele>
      </trkpt>
      <trkpt lat="50.78903" lon="4.55919">
        <ele>70</ele>
      </trkpt>
      <trkpt lat="50.7884" lon="4.5594">
        <ele>65</ele>
      </trkpt>
      <trkpt lat="50.78818" lon="4.55951">
        <ele>64</ele>
      </trkpt>
      <trkpt lat="50.78796" lon="4.55964">
        <ele>64</ele>
      </trkpt>
      <trkpt lat="50.78775" lon="4.55982">
        <ele>64</ele>
      </trkpt>
      <trkpt lat="50.78764" lon="4.55996">
        <ele>66</ele>
      </trkpt>
      <trkpt lat="50.78756" lon="4.56006">
        <ele>61</ele>
      </trkpt>
      <trkpt lat="50.78684" lon="4.56125">
        <ele>61</ele>
      </trkpt>
      <trkpt lat="50.78622" lon="4.56238">
        <ele>58</ele>
      </trkpt>
      <trkpt lat="50.78615" lon="4.56256">
        <ele>58</ele>
      </trkpt>
      <trkpt lat="50.78607" lon="4.5628">
        <ele>58</ele>
      </trkpt>
      <trkpt lat="50.78602" lon="4.56306">
        <ele>58</ele>
      </trkpt>
      <trkpt lat="50.78586" lon="4.56451">
        <ele>62</ele>
      </trkpt>
      <trkpt lat="50.7855" lon="4.56612">
        <ele>64</ele>
      </trkpt>
      <trkpt lat="50.78546" lon="4.56641">
        <ele>64</ele>
      </trkpt>
      <trkpt lat="50.78545" lon="4.56673">
        <ele>63</ele>
      </trkpt>
      <trkpt lat="50.78546" lon="4.56702">
        <ele>63</ele>
      </trkpt>
      <trkpt lat="50.78549" lon="4.56726">
        <ele>63</ele>
      </trkpt>
      <trkpt lat="50.78557" lon="4.56764">
        <ele>61</ele>
      </trkpt>
      <trkpt lat="50.78573" lon="4.56825">
        <ele>61</ele>
      </trkpt>
      <trkpt lat="50.78573" lon="4.56833">
        <ele>59</ele>
      </trkpt>
      <trkpt lat="50.78569" lon="4.5685">
        <ele>58</ele>
      </trkpt>
      <trkpt lat="50.78501" lon="4.56789">
        <ele>55</ele>
      </trkpt>
      <trkpt lat="50.78485" lon="4.56771">
        <ele>55</ele>
      </trkpt>
      <trkpt lat="50.78484" lon="4.56769">
        <ele>55</ele>
      </trkpt>
      <trkpt lat="50.78471" lon="4.56754">
        <ele>54</ele>
      </trkpt>
      <trkpt lat="50.78446" lon="4.56718">
        <ele>55</ele>
      </trkpt>
      <trkpt lat="50.78435" lon="4.56698">
        <ele>54</ele>
      </trkpt>
      <trkpt lat="50.78416" lon="4.56657">
        <ele>53</ele>
      </trkpt>
      <trkpt lat="50.78071" lon="4.55849">
        <ele>52</ele>
      </trkpt>
      <trkpt lat="50.78026" lon="4.55749">
        <ele>52</ele>
      </trkpt>
      <trkpt lat="50.77285" lon="4.54292">
        <ele>56</ele>
      </trkpt>
      <trkpt lat="50.77249" lon="4.54222">
        <ele>56</ele>
      </trkpt>
      <trkpt lat="50.77217" lon="4.54169">
        <ele>56</ele>
      </trkpt>
      <trkpt lat="50.77208" lon="4.54238">
        <ele>56</ele>
      </trkpt>
      <trkpt lat="50.77202" lon="4.54268">
        <ele>57</ele>
      </trkpt>
      <trkpt lat="50.77194" lon="4.54296">
        <ele>57</ele>
      </trkpt>
      <trkpt lat="50.77189" lon="4.54306">
        <ele>57</ele>
      </trkpt>
      <trkpt lat="50.77176" lon="4.54325">
        <ele>60</ele>
      </trkpt>
      <trkpt lat="50.77135" lon="4.54368">
        <ele>65</ele>
      </trkpt>
      <trkpt lat="50.76963" lon="4.54547">
        <ele>82</ele>
      </trkpt>
      <trkpt lat="50.76931" lon="4.54583">
        <ele>84</ele>
      </trkpt>
      <trkpt lat="50.76797" lon="4.5476">
        <ele>89</ele>
      </trkpt>
      <trkpt lat="50.76673" lon="4.54932">
        <ele>95</ele>
      </trkpt>
      <trkpt lat="50.76646" lon="4.54979">
        <ele>95</ele>
      </trkpt>
      <trkpt lat="50.76507" lon="4.55223">
        <ele>93</ele>
      </trkpt>
      <trkpt lat="50.76419" lon="4.55081">
        <ele>93</ele>
      </trkpt>
      <trkpt lat="50.76372" lon="4.55008">
        <ele>93</ele>
      </trkpt>
      <trkpt lat="50.76331" lon="4.54939">
        <ele>93</ele>
      </trkpt>
      <trkpt lat="50.76291" lon="4.54861">
        <ele>94</ele>
      </trkpt>
      <trkpt lat="50.76257" lon="4.54785">
        <ele>93</ele>
      </trkpt>
      <trkpt lat="50.76057" lon="4.543">
        <ele>92</ele>
      </trkpt>
      <trkpt lat="50.76034" lon="4.54236">
        <ele>92</ele>
      </trkpt>
      <trkpt lat="50.76022" lon="4.54196">
        <ele>92</ele>
      </trkpt>
      <trkpt lat="50.76006" lon="4.54118">
        <ele>91</ele>
      </trkpt>
      <trkpt lat="50.76" lon="4.54071">
        <ele>91</ele>
      </trkpt>
      <trkpt lat="50.75996" lon="4.54025">
        <ele>91</ele>
      </trkpt>
      <trkpt lat="50.75991" lon="4.53799">
        <ele>92</ele>
      </trkpt>
      <trkpt lat="50.75989" lon="4.53738">
        <ele>92</ele>
      </trkpt>
      <trkpt lat="50.75991" lon="4.53696">
        <ele>92</ele>
      </trkpt>
      <trkpt lat="50.75998" lon="4.53655">
        <ele>93</ele>
      </trkpt>
      <trkpt lat="50.76004" lon="4.53629">
        <ele>93</ele>
      </trkpt>
      <trkpt lat="50.76017" lon="4.53585">
        <ele>92</ele>
      </trkpt>
      <trkpt lat="50.75999" lon="4.53584">
        <ele>93</ele>
      </trkpt>
      <trkpt lat="50.75962" lon="4.53596">
        <ele>93</ele>
      </trkpt>
      <trkpt lat="50.75897" lon="4.53631">
        <ele>94</ele>
      </trkpt>
      <trkpt lat="50.75808" lon="4.53684">
        <ele>95</ele>
      </trkpt>
      <trkpt lat="50.75793" lon="4.53694">
        <ele>96</ele>
      </trkpt>
      <trkpt lat="50.75779" lon="4.5371">
        <ele>96</ele>
      </trkpt>
      <trkpt lat="50.75715" lon="4.53815">
        <ele>90</ele>
      </trkpt>
      <trkpt lat="50.75705" lon="4.53826">
        <ele>86</ele>
      </trkpt>
      <trkpt lat="50.75693" lon="4.53833">
        <ele>85</ele>
      </trkpt>
      <trkpt lat="50.75658" lon="4.53827">
        <ele>84</ele>
      </trkpt>
      <trkpt lat="50.75652" lon="4.5383">
        <ele>83</ele>
      </trkpt>
      <trkpt lat="50.75647" lon="4.53835">
        <ele>83</ele>
      </trkpt>
      <trkpt lat="50.75564" lon="4.53946">
        <ele>82</ele>
      </trkpt>
      <trkpt lat="50.75553" lon="4.53959">
        <ele>82</ele>
      </trkpt>
      <trkpt lat="50.75503" lon="4.53991">
        <ele>87</ele>
      </trkpt>
      <trkpt lat="50.75439" lon="4.54028">
        <ele>90</ele>
      </trkpt>
      <trkpt lat="50.75411" lon="4.54035">
        <ele>93</ele>
      </trkpt>
      <trkpt lat="50.75362" lon="4.54041">
        <ele>93</ele>
      </trkpt>
      <trkpt lat="50.75292" lon="4.54049">
        <ele>95</ele>
      </trkpt>
      <trkpt lat="50.75156" lon="4.54077">
        <ele>97</ele>
      </trkpt>
      <trkpt lat="50.75149" lon="4.5408">
        <ele>97</ele>
      </trkpt>
      <trkpt lat="50.75116" lon="4.5411">
        <ele>97</ele>
      </trkpt>
      <trkpt lat="50.75122" lon="4.53987">
        <ele>96</ele>
      </trkpt>
      <trkpt lat="50.75122" lon="4.53955">
        <ele>96</ele>
      </trkpt>
      <trkpt lat="50.75121" lon="4.53924">
        <ele>96</ele>
      </trkpt>
      <trkpt lat="50.75114" lon="4.53866">
        <ele>94</ele>
      </trkpt>
      <trkpt lat="50.75045" lon="4.53476">
        <ele>98</ele>
      </trkpt>
      <trkpt lat="50.74988" lon="4.53145">
        <ele>100</ele>
      </trkpt>
      <trkpt lat="50.74945" lon="4.52891">
        <ele>101</ele>
      </trkpt>
      <trkpt lat="50.74865" lon="4.52365">
        <ele>106</ele>
      </trkpt>
      <trkpt lat="50.74875" lon="4.5236">
        <ele>106</ele>
      </trkpt>
      <trkpt lat="50.74783" lon="4.52407">
        <ele>104</ele>
      </trkpt>
      <trkpt lat="50.74699" lon="4.52432">
        <ele>101</ele>
      </trkpt>
      <trkpt lat="50.74684" lon="4.52435">
        <ele>101</ele>
      </trkpt>
      <trkpt lat="50.74593" lon="4.52431">
        <ele>98</ele>
      </trkpt>
      <trkpt lat="50.74595" lon="4.52422">
        <ele>98</ele>
      </trkpt>
      <trkpt lat="50.74613" lon="4.52399">
        <ele>99</ele>
      </trkpt>
      <trkpt lat="50.74624" lon="4.52376">
        <ele>99</ele>
      </trkpt>
      <trkpt lat="50.74663" lon="4.52264">
        <ele>100</ele>
      </trkpt>
      <trkpt lat="50.74704" lon="4.52179">
        <ele>103</ele>
      </trkpt>
      <trkpt lat="50.74868" lon="4.51942">
        <ele>104</ele>
      </trkpt>
      <trkpt lat="50.7485" lon="4.51906">
        <ele>103</ele>
      </trkpt>
      <trkpt lat="50.74817" lon="4.51854">
        <ele>104</ele>
      </trkpt>
      <trkpt lat="50.74733" lon="4.51734">
        <ele>101</ele>
      </trkpt>
      <trkpt lat="50.74652" lon="4.51644">
        <ele>101</ele>
      </trkpt>
      <trkpt lat="50.74626" lon="4.5161">
        <ele>101</ele>
      </trkpt>
      <trkpt lat="50.74459" lon="4.51387">
        <ele>99</ele>
      </trkpt>
      <trkpt lat="50.74364" lon="4.51257">
        <ele>99</ele>
      </trkpt>
      <trkpt lat="50.74307" lon="4.51206">
        <ele>99</ele>
      </trkpt>
      <trkpt lat="50.74298" lon="4.51196">
        <ele>99</ele>
      </trkpt>
      <trkpt lat="50.73799" lon="4.50444">
        <ele>99</ele>
      </trkpt>
      <trkpt lat="50.73787" lon="4.5042">
        <ele>98</ele>
      </trkpt>
      <trkpt lat="50.73689" lon="4.50168">
        <ele>96</ele>
      </trkpt>
      <trkpt lat="50.73681" lon="4.50039">
        <ele>90</ele>
      </trkpt>
      <trkpt lat="50.73676" lon="4.49922">
        <ele>89</ele>
      </trkpt>
      <trkpt lat="50.73662" lon="4.49862">
        <ele>88</ele>
      </trkpt>
      <trkpt lat="50.7366" lon="4.49845">
        <ele>88</ele>
      </trkpt>
      <trkpt lat="50.73663" lon="4.49827">
        <ele>88</ele>
      </trkpt>
      <trkpt lat="50.73669" lon="4.49816">
        <ele>87</ele>
      </trkpt>
      <trkpt lat="50.73677" lon="4.49807">
        <ele>86</ele>
      </trkpt>
      <trkpt lat="50.73789" lon="4.49681">
        <ele>78</ele>
      </trkpt>
      <trkpt lat="50.73794" lon="4.49681">
        <ele>78</ele>
      </trkpt>
      <trkpt lat="50.73798" lon="4.49674">
        <ele>77</ele>
      </trkpt>
      <trkpt lat="50.73799" lon="4.49665">
        <ele>77</ele>
      </trkpt>
      <trkpt lat="50.73795" lon="4.49658">
        <ele>75</ele>
      </trkpt>
      <trkpt lat="50.73793" lon="4.49656">
        <ele>74</ele>
      </trkpt>
      <trkpt lat="50.73787" lon="4.49657">
        <ele>75</ele>
      </trkpt>
      <trkpt lat="50.73766" lon="4.49573">
        <ele>70</ele>
      </trkpt>
      <trkpt lat="50.73755" lon="4.49554">
        <ele>70</ele>
      </trkpt>
      <trkpt lat="50.73614" lon="4.49441">
        <ele>67</ele>
      </trkpt>
      <trkpt lat="50.73592" lon="4.49431">
        <ele>65</ele>
      </trkpt>
      <trkpt lat="50.73516" lon="4.49411">
        <ele>64</ele>
      </trkpt>
      <trkpt lat="50.73494" lon="4.49401">
        <ele>59</ele>
      </trkpt>
      <trkpt lat="50.73485" lon="4.49396">
        <ele>59</ele>
      </trkpt>
      <trkpt lat="50.73469" lon="4.49375">
        <ele>58</ele>
      </trkpt>
      <trkpt lat="50.73416" lon="4.49286">
        <ele>60</ele>
      </trkpt>
      <trkpt lat="50.73401" lon="4.49272">
        <ele>60</ele>
      </trkpt>
      <trkpt lat="50.73373" lon="4.49264">
        <ele>60</ele>
      </trkpt>
      <trkpt lat="50.73371" lon="4.49253">
        <ele>60</ele>
      </trkpt>
      <trkpt lat="50.73369" lon="4.49249">
        <ele>61</ele>
      </trkpt>
      <trkpt lat="50.73364" lon="4.49248">
        <ele>61</ele>
      </trkpt>
      <trkpt lat="50.73359" lon="4.49252">
        <ele>61</ele>
      </trkpt>
      <trkpt lat="50.73357" lon="4.49261">
        <ele>61</ele>
      </trkpt>
      <trkpt lat="50.73359" lon="4.49271">
        <ele>60</ele>
      </trkpt>
      <trkpt lat="50.73362" lon="4.49274">
        <ele>60</ele>
      </trkpt>
      <trkpt lat="50.73354" lon="4.49289">
        <ele>60</ele>
      </trkpt>
      <trkpt lat="50.73324" lon="4.49313">
        <ele>62</ele>
      </trkpt>
      <trkpt lat="50.73305" lon="4.49282">
        <ele>63</ele>
      </trkpt>
      <trkpt lat="50.73298" lon="4.49267">
        <ele>63</ele>
      </trkpt>
      <trkpt lat="50.7329" lon="4.49243">
        <ele>64</ele>
      </trkpt>
      <trkpt lat="50.73279" lon="4.49228">
        <ele>65</ele>
      </trkpt>
      <trkpt lat="50.73192" lon="4.49038">
        <ele>72</ele>
      </trkpt>
      <trkpt lat="50.73173" lon="4.48988">
        <ele>76</ele>
      </trkpt>
      <trkpt lat="50.73124" lon="4.48837">
        <ele>80</ele>
      </trkpt>
      <trkpt lat="50.73098" lon="4.48741">
        <ele>83</ele>
      </trkpt>
      <trkpt lat="50.73094" lon="4.48726">
        <ele>83</ele>
      </trkpt>
      <trkpt lat="50.73088" lon="4.48685">
        <ele>83</ele>
      </trkpt>
      <trkpt lat="50.73081" lon="4.48574">
        <ele>87</ele>
      </trkpt>
      <trkpt lat="50.73045" lon="4.48268">
        <ele>91</ele>
      </trkpt>
      <trkpt lat="50.73036" lon="4.48209">
        <ele>92</ele>
      </trkpt>
      <trkpt lat="50.72996" lon="4.4821">
        <ele>91</ele>
      </trkpt>
      <trkpt lat="50.72977" lon="4.48214">
        <ele>91</ele>
      </trkpt>
      <trkpt lat="50.72962" lon="4.48221">
        <ele>91</ele>
      </trkpt>
      <trkpt lat="50.72947" lon="4.48232">
        <ele>91</ele>
      </trkpt>
      <trkpt lat="50.72893" lon="4.48294">
        <ele>87</ele>
      </trkpt>
      <trkpt lat="50.72876" lon="4.48311">
        <ele>87</ele>
      </trkpt>
      <trkpt lat="50.72809" lon="4.48327">
        <ele>80</ele>
      </trkpt>
      <trkpt lat="50.72803" lon="4.4833">
        <ele>80</ele>
      </trkpt>
      <trkpt lat="50.72788" lon="4.4834">
        <ele>79</ele>
      </trkpt>
      <trkpt lat="50.72752" lon="4.48373">
        <ele>74</ele>
      </trkpt>
      <trkpt lat="50.72736" lon="4.48395">
        <ele>74</ele>
      </trkpt>
      <trkpt lat="50.7273" lon="4.48412">
        <ele>72</ele>
      </trkpt>
      <trkpt lat="50.72725" lon="4.48433">
        <ele>71</ele>
      </trkpt>
      <trkpt lat="50.72723" lon="4.48453">
        <ele>70</ele>
      </trkpt>
      <trkpt lat="50.72724" lon="4.48476">
        <ele>71</ele>
      </trkpt>
      <trkpt lat="50.72748" lon="4.48557">
        <ele>70</ele>
      </trkpt>
      <trkpt lat="50.72752" lon="4.4858">
        <ele>69</ele>
      </trkpt>
      <trkpt lat="50.72679" lon="4.48665">
        <ele>66</ele>
      </trkpt>
      <trkpt lat="50.72648" lon="4.48707">
        <ele>66</ele>
      </trkpt>
      <trkpt lat="50.72619" lon="4.48727">
        <ele>66</ele>
      </trkpt>
      <trkpt lat="50.72557" lon="4.48756">
        <ele>72</ele>
      </trkpt>
      <trkpt lat="50.7254" lon="4.48766">
        <ele>73</ele>
      </trkpt>
      <trkpt lat="50.72518" lon="4.48783">
        <ele>74</ele>
      </trkpt>
      <trkpt lat="50.72468" lon="4.48838">
        <ele>84</ele>
      </trkpt>
      <trkpt lat="50.7244" lon="4.48877">
        <ele>85</ele>
      </trkpt>
      <trkpt lat="50.72415" lon="4.48926">
        <ele>92</ele>
      </trkpt>
      <trkpt lat="50.72407" lon="4.48948">
        <ele>92</ele>
      </trkpt>
      <trkpt lat="50.72397" lon="4.48993">
        <ele>94</ele>
      </trkpt>
      <trkpt lat="50.72391" lon="4.49012">
        <ele>94</ele>
      </trkpt>
      <trkpt lat="50.7236" lon="4.49077">
        <ele>96</ele>
      </trkpt>
      <trkpt lat="50.7233" lon="4.49121">
        <ele>97</ele>
      </trkpt>
      <trkpt lat="50.72288" lon="4.49192">
        <ele>98</ele>
      </trkpt>
      <trkpt lat="50.72263" lon="4.49247">
        <ele>98</ele>
      </trkpt>
      <trkpt lat="50.72256" lon="4.49259">
        <ele>99</ele>
      </trkpt>
      <trkpt lat="50.72236" lon="4.49278">
        <ele>98</ele>
      </trkpt>
      <trkpt lat="50.7218" lon="4.49323">
        <ele>99</ele>
      </trkpt>
      <trkpt lat="50.72138" lon="4.4937">
        <ele>101</ele>
      </trkpt>
      <trkpt lat="50.72121" lon="4.49383">
        <ele>101</ele>
      </trkpt>
      <trkpt lat="50.72093" lon="4.49395">
        <ele>102</ele>
      </trkpt>
      <trkpt lat="50.72076" lon="4.49397">
        <ele>102</ele>
      </trkpt>
      <trkpt lat="50.71957" lon="4.49379">
        <ele>106</ele>
      </trkpt>
      <trkpt lat="50.71938" lon="4.49372">
        <ele>106</ele>
      </trkpt>
      <trkpt lat="50.71772" lon="4.49279">
        <ele>108</ele>
      </trkpt>
      <trkpt lat="50.71751" lon="4.4927">
        <ele>108</ele>
      </trkpt>
      <trkpt lat="50.71736" lon="4.49294">
        <ele>108</ele>
      </trkpt>
      <trkpt lat="50.71722" lon="4.49305">
        <ele>108</ele>
      </trkpt>
      <trkpt lat="50.71664" lon="4.49417">
        <ele>104</ele>
      </trkpt>
      <trkpt lat="50.71659" lon="4.49429">
        <ele>104</ele>
      </trkpt>
      <trkpt lat="50.71659" lon="4.49448">
        <ele>104</ele>
      </trkpt>
      <trkpt lat="50.71665" lon="4.4949">
        <ele>104</ele>
      </trkpt>
      <trkpt lat="50.71671" lon="4.49534">
        <ele>103</ele>
      </trkpt>
      <trkpt lat="50.71701" lon="4.49636">
        <ele>102</ele>
      </trkpt>
      <trkpt lat="50.71714" lon="4.49697">
        <ele>100</ele>
      </trkpt>
      <trkpt lat="50.7171" lon="4.49741">
        <ele>100</ele>
      </trkpt>
      <trkpt lat="50.71703" lon="4.49774">
        <ele>98</ele>
      </trkpt>
      <trkpt lat="50.71703" lon="4.49773">
        <ele>98</ele>
      </trkpt>
      <trkpt lat="50.71701" lon="4.49779">
        <ele>97</ele>
      </trkpt>
      <trkpt lat="50.71679" lon="4.49825">
        <ele>96</ele>
      </trkpt>
      <trkpt lat="50.71655" lon="4.49866">
        <ele>95</ele>
      </trkpt>
      <trkpt lat="50.71653" lon="4.49872">
        <ele>95</ele>
      </trkpt>
      <trkpt lat="50.71644" lon="4.49911">
        <ele>95</ele>
      </trkpt>
      <trkpt lat="50.71634" lon="4.49967">
        <ele>95</ele>
      </trkpt>
      <trkpt lat="50.71634" lon="4.50035">
        <ele>96</ele>
      </trkpt>
      <trkpt lat="50.7163" lon="4.50058">
        <ele>95</ele>
      </trkpt>
      <trkpt lat="50.71621" lon="4.50075">
        <ele>95</ele>
      </trkpt>
      <trkpt lat="50.7158" lon="4.50143">
        <ele>93</ele>
      </trkpt>
      <trkpt lat="50.71556" lon="4.50174">
        <ele>90</ele>
      </trkpt>
      <trkpt lat="50.71539" lon="4.50193">
        <ele>89</ele>
      </trkpt>
      <trkpt lat="50.71526" lon="4.502">
        <ele>88</ele>
      </trkpt>
      <trkpt lat="50.71491" lon="4.50213">
        <ele>82</ele>
      </trkpt>
      <trkpt lat="50.71447" lon="4.50226">
        <ele>80</ele>
      </trkpt>
      <trkpt lat="50.71437" lon="4.50219">
        <ele>79</ele>
      </trkpt>
      <trkpt lat="50.71395" lon="4.50181">
        <ele>72</ele>
      </trkpt>
      <trkpt lat="50.71374" lon="4.50166">
        <ele>72</ele>
      </trkpt>
      <trkpt lat="50.71371" lon="4.50167">
        <ele>72</ele>
      </trkpt>
      <trkpt lat="50.71346" lon="4.50128">
        <ele>75</ele>
      </trkpt>
      <trkpt lat="50.71279" lon="4.50048">
        <ele>72</ele>
      </trkpt>
      <trkpt lat="50.71263" lon="4.50032">
        <ele>72</ele>
      </trkpt>
      <trkpt lat="50.71243" lon="4.50017">
        <ele>67</ele>
      </trkpt>
      <trkpt lat="50.71209" lon="4.49996">
        <ele>67</ele>
      </trkpt>
      <trkpt lat="50.71197" lon="4.49993">
        <ele>67</ele>
      </trkpt>
      <trkpt lat="50.71197" lon="4.4998">
        <ele>71</ele>
      </trkpt>
      <trkpt lat="50.71191" lon="4.49971">
        <ele>71</ele>
      </trkpt>
      <trkpt lat="50.71188" lon="4.4997">
        <ele>71</ele>
      </trkpt>
      <trkpt lat="50.71182" lon="4.49972">
        <ele>71</ele>
      </trkpt>
      <trkpt lat="50.71176" lon="4.49983">
        <ele>67</ele>
      </trkpt>
      <trkpt lat="50.71147" lon="4.49965">
        <ele>67</ele>
      </trkpt>
      <trkpt lat="50.71117" lon="4.49941">
        <ele>67</ele>
      </trkpt>
      <trkpt lat="50.71033" lon="4.49897">
        <ele>66</ele>
      </trkpt>
      <trkpt lat="50.70962" lon="4.49843">
        <ele>66</ele>
      </trkpt>
      <trkpt lat="50.70862" lon="4.49775">
        <ele>67</ele>
      </trkpt>
      <trkpt lat="50.70796" lon="4.49729">
        <ele>68</ele>
      </trkpt>
      <trkpt lat="50.70744" lon="4.49703">
        <ele>66</ele>
      </trkpt>
      <trkpt lat="50.70729" lon="4.49698">
        <ele>66</ele>
      </trkpt>
      <trkpt lat="50.70705" lon="4.49697">
        <ele>66</ele>
      </trkpt>
      <trkpt lat="50.70623" lon="4.49718">
        <ele>64</ele>
      </trkpt>
      <trkpt lat="50.7047" lon="4.497">
        <ele>68</ele>
      </trkpt>
      <trkpt lat="50.70357" lon="4.49682">
        <ele>70</ele>
      </trkpt>
      <trkpt lat="50.70346" lon="4.49683">
        <ele>69</ele>
      </trkpt>
      <trkpt lat="50.70323" lon="4.49694">
        <ele>70</ele>
      </trkpt>
      <trkpt lat="50.703" lon="4.49718">
        <ele>69</ele>
      </trkpt>
      <trkpt lat="50.70269" lon="4.49765">
        <ele>67</ele>
      </trkpt>
      <trkpt lat="50.70255" lon="4.49767">
        <ele>67</ele>
      </trkpt>
      <trkpt lat="50.70255" lon="4.49782">
        <ele>66</ele>
      </trkpt>
      <trkpt lat="50.70239" lon="4.49849">
        <ele>64</ele>
      </trkpt>
      <trkpt lat="50.70229" lon="4.4989">
        <ele>64</ele>
      </trkpt>
      <trkpt lat="50.7022" lon="4.50056">
        <ele>66</ele>
      </trkpt>
      <trkpt lat="50.70212" lon="4.50079">
        <ele>69</ele>
      </trkpt>
      <trkpt lat="50.70202" lon="4.50089">
        <ele>70</ele>
      </trkpt>
      <trkpt lat="50.70126" lon="4.50001">
        <ele>67</ele>
      </trkpt>
      <trkpt lat="50.70099" lon="4.49977">
        <ele>64</ele>
      </trkpt>
      <trkpt lat="50.7001" lon="4.49914">
        <ele>64</ele>
      </trkpt>
      <trkpt lat="50.7" lon="4.49904">
        <ele>64</ele>
      </trkpt>
      <trkpt lat="50.70002" lon="4.49896">
        <ele>64</ele>
      </trkpt>
      <trkpt lat="50.69999" lon="4.49887">
        <ele>64</ele>
      </trkpt>
      <trkpt lat="50.69994" lon="4.49884">
        <ele>64</ele>
      </trkpt>
      <trkpt lat="50.69987" lon="4.49889">
        <ele>64</ele>
      </trkpt>
      <trkpt lat="50.69444" lon="4.49152">
        <ele>67</ele>
      </trkpt>
      <trkpt lat="50.69421" lon="4.49124">
        <ele>69</ele>
      </trkpt>
      <trkpt lat="50.69205" lon="4.48921">
        <ele>74</ele>
      </trkpt>
      <trkpt lat="50.68967" lon="4.48746">
        <ele>76</ele>
      </trkpt>
      <trkpt lat="50.68948" lon="4.48726">
        <ele>78</ele>
      </trkpt>
      <trkpt lat="50.68889" lon="4.48653">
        <ele>76</ele>
      </trkpt>
      <trkpt lat="50.68863" lon="4.48626">
        <ele>76</ele>
      </trkpt>
      <trkpt lat="50.68648" lon="4.48446">
        <ele>73</ele>
      </trkpt>
      <trkpt lat="50.68643" lon="4.48444">
        <ele>73</ele>
      </trkpt>
      <trkpt lat="50.68631" lon="4.48419">
        <ele>73</ele>
      </trkpt>
      <trkpt lat="50.68615" lon="4.48415">
        <ele>73</ele>
      </trkpt>
      <trkpt lat="50.68603" lon="4.48406">
        <ele>74</ele>
      </trkpt>
      <trkpt lat="50.68497" lon="4.48318">
        <ele>72</ele>
      </trkpt>
      <trkpt lat="50.68473" lon="4.483">
        <ele>72</ele>
      </trkpt>
      <trkpt lat="50.68469" lon="4.48299">
        <ele>72</ele>
      </trkpt>
      <trkpt lat="50.68455" lon="4.48306">
        <ele>72</ele>
      </trkpt>
      <trkpt lat="50.68386" lon="4.48401">
        <ele>71</ele>
      </trkpt>
      <trkpt lat="50.68379" lon="4.48412">
        <ele>71</ele>
      </trkpt>
      <trkpt lat="50.68367" lon="4.48437">
        <ele>71</ele>
      </trkpt>
      <trkpt lat="50.68357" lon="4.48465">
        <ele>71</ele>
      </trkpt>
      <trkpt lat="50.68326" lon="4.48581">
        <ele>78</ele>
      </trkpt>
      <trkpt lat="50.68317" lon="4.48629">
        <ele>79</ele>
      </trkpt>
      <trkpt lat="50.683" lon="4.48797">
        <ele>88</ele>
      </trkpt>
      <trkpt lat="50.68299" lon="4.48832">
        <ele>91</ele>
      </trkpt>
      <trkpt lat="50.68302" lon="4.48871">
        <ele>91</ele>
      </trkpt>
      <trkpt lat="50.68306" lon="4.48889">
        <ele>92</ele>
      </trkpt>
      <trkpt lat="50.68312" lon="4.48915">
        <ele>95</ele>
      </trkpt>
      <trkpt lat="50.6834" lon="4.48995">
        <ele>98</ele>
      </trkpt>
      <trkpt lat="50.68348" lon="4.49033">
        <ele>95</ele>
      </trkpt>
      <trkpt lat="50.68351" lon="4.49066">
        <ele>96</ele>
      </trkpt>
      <trkpt lat="50.6835" lon="4.49108">
        <ele>99</ele>
      </trkpt>
      <trkpt lat="50.68345" lon="4.49143">
        <ele>100</ele>
      </trkpt>
      <trkpt lat="50.68334" lon="4.49183">
        <ele>106</ele>
      </trkpt>
      <trkpt lat="50.68323" lon="4.4921">
        <ele>106</ele>
      </trkpt>
      <trkpt lat="50.68301" lon="4.49246">
        <ele>108</ele>
      </trkpt>
      <trkpt lat="50.68283" lon="4.49264">
        <ele>108</ele>
      </trkpt>
      <trkpt lat="50.68258" lon="4.49283">
        <ele>110</ele>
      </trkpt>
      <trkpt lat="50.68241" lon="4.49288">
        <ele>111</ele>
      </trkpt>
      <trkpt lat="50.68212" lon="4.49294">
        <ele>111</ele>
      </trkpt>
      <trkpt lat="50.68188" lon="4.49289">
        <ele>111</ele>
      </trkpt>
      <trkpt lat="50.68159" lon="4.49275">
        <ele>111</ele>
      </trkpt>
      <trkpt lat="50.68145" lon="4.49271">
        <ele>111</ele>
      </trkpt>
      <trkpt lat="50.68135" lon="4.49275">
        <ele>112</ele>
      </trkpt>
      <trkpt lat="50.68098" lon="4.49298">
        <ele>111</ele>
      </trkpt>
      <trkpt lat="50.68086" lon="4.49304">
        <ele>111</ele>
      </trkpt>
      <trkpt lat="50.67978" lon="4.49334">
        <ele>114</ele>
      </trkpt>
      <trkpt lat="50.67958" lon="4.49333">
        <ele>115</ele>
      </trkpt>
      <trkpt lat="50.67947" lon="4.49329">
        <ele>115</ele>
      </trkpt>
      <trkpt lat="50.67836" lon="4.49276">
        <ele>119</ele>
      </trkpt>
      <trkpt lat="50.67812" lon="4.49273">
        <ele>120</ele>
      </trkpt>
      <trkpt lat="50.67787" lon="4.49274">
        <ele>120</ele>
      </trkpt>
      <trkpt lat="50.67765" lon="4.4928">
        <ele>119</ele>
      </trkpt>
      <trkpt lat="50.67749" lon="4.49287">
        <ele>117</ele>
      </trkpt>
      <trkpt lat="50.67725" lon="4.49305">
        <ele>117</ele>
      </trkpt>
      <trkpt lat="50.6769" lon="4.49344">
        <ele>117</ele>
      </trkpt>
      <trkpt lat="50.67663" lon="4.49386">
        <ele>113</ele>
      </trkpt>
      <trkpt lat="50.67645" lon="4.49406">
        <ele>113</ele>
      </trkpt>
      <trkpt lat="50.67627" lon="4.49421">
        <ele>115</ele>
      </trkpt>
      <trkpt lat="50.67599" lon="4.49437">
        <ele>115</ele>
      </trkpt>
      <trkpt lat="50.67573" lon="4.49444">
        <ele>112</ele>
      </trkpt>
      <trkpt lat="50.67545" lon="4.49442">
        <ele>111</ele>
      </trkpt>
      <trkpt lat="50.67517" lon="4.49432">
        <ele>112</ele>
      </trkpt>
      <trkpt lat="50.67497" lon="4.49421">
        <ele>114</ele>
      </trkpt>
      <trkpt lat="50.6742" lon="4.49362">
        <ele>118</ele>
      </trkpt>
      <trkpt lat="50.67401" lon="4.49352">
        <ele>119</ele>
      </trkpt>
      <trkpt lat="50.67378" lon="4.49349">
        <ele>119</ele>
      </trkpt>
      <trkpt lat="50.6736" lon="4.49354">
        <ele>120</ele>
      </trkpt>
      <trkpt lat="50.67346" lon="4.49361">
        <ele>120</ele>
      </trkpt>
      <trkpt lat="50.67324" lon="4.49382">
        <ele>123</ele>
      </trkpt>
      <trkpt lat="50.67313" lon="4.494">
        <ele>124</ele>
      </trkpt>
      <trkpt lat="50.67221" lon="4.4957">
        <ele>126</ele>
      </trkpt>
      <trkpt lat="50.67208" lon="4.49587">
        <ele>126</ele>
      </trkpt>
      <trkpt lat="50.67028" lon="4.49709">
        <ele>125</ele>
      </trkpt>
      <trkpt lat="50.67021" lon="4.4971">
        <ele>125</ele>
      </trkpt>
      <trkpt lat="50.67009" lon="4.49705">
        <ele>125</ele>
      </trkpt>
      <trkpt lat="50.66977" lon="4.49675">
        <ele>124</ele>
      </trkpt>
      <trkpt lat="50.66937" lon="4.49639">
        <ele>124</ele>
      </trkpt>
      <trkpt lat="50.66923" lon="4.49633">
        <ele>123</ele>
      </trkpt>
      <trkpt lat="50.66888" lon="4.49623">
        <ele>122</ele>
      </trkpt>
      <trkpt lat="50.66853" lon="4.49622">
        <ele>122</ele>
      </trkpt>
      <trkpt lat="50.66795" lon="4.49598">
        <ele>123</ele>
      </trkpt>
      <trkpt lat="50.66786" lon="4.49592">
        <ele>123</ele>
      </trkpt>
      <trkpt lat="50.66773" lon="4.49579">
        <ele>123</ele>
      </trkpt>
      <trkpt lat="50.66718" lon="4.49508">
        <ele>126</ele>
      </trkpt>
      <trkpt lat="50.66697" lon="4.49487">
        <ele>124</ele>
      </trkpt>
      <trkpt lat="50.6668" lon="4.49473">
        <ele>124</ele>
      </trkpt>
      <trkpt lat="50.66586" lon="4.49414">
        <ele>129</ele>
      </trkpt>
      <trkpt lat="50.66564" lon="4.49408">
        <ele>129</ele>
      </trkpt>
      <trkpt lat="50.66461" lon="4.49453">
        <ele>133</ele>
      </trkpt>
      <trkpt lat="50.66439" lon="4.49465">
        <ele>133</ele>
      </trkpt>
      <trkpt lat="50.66414" lon="4.49485">
        <ele>133</ele>
      </trkpt>
      <trkpt lat="50.66396" lon="4.49504">
        <ele>134</ele>
      </trkpt>
      <trkpt lat="50.6638" lon="4.49524">
        <ele>134</ele>
      </trkpt>
      <trkpt lat="50.66356" lon="4.49564">
        <ele>134</ele>
      </trkpt>
      <trkpt lat="50.66342" lon="4.49595">
        <ele>133</ele>
      </trkpt>
      <trkpt lat="50.66215" lon="4.49948">
        <ele>134</ele>
      </trkpt>
      <trkpt lat="50.65954" lon="4.5068">
        <ele>129</ele>
      </trkpt>
      <trkpt lat="50.65945" lon="4.50663">
        <ele>130</ele>
      </trkpt>
      <trkpt lat="50.65824" lon="4.50276">
        <ele>128</ele>
      </trkpt>
      <trkpt lat="50.65494" lon="4.49222">
        <ele>143</ele>
      </trkpt>
      <trkpt lat="50.65491" lon="4.49215">
        <ele>143</ele>
      </trkpt>
      <trkpt lat="50.65469" lon="4.4912">
        <ele>143</ele>
      </trkpt>
      <trkpt lat="50.65322" lon="4.48487">
        <ele>144</ele>
      </trkpt>
      <trkpt lat="50.65306" lon="4.48433">
        <ele>144</ele>
      </trkpt>
      <trkpt lat="50.65282" lon="4.48363">
        <ele>145</ele>
      </trkpt>
      <trkpt lat="50.65272" lon="4.48325">
        <ele>144</ele>
      </trkpt>
      <trkpt lat="50.65245" lon="4.48107">
        <ele>141</ele>
      </trkpt>
      <trkpt lat="50.65238" lon="4.48077">
        <ele>141</ele>
      </trkpt>
      <trkpt lat="50.65226" lon="4.48043">
        <ele>140</ele>
      </trkpt>
      <trkpt lat="50.65218" lon="4.4803">
        <ele>140</ele>
      </trkpt>
      <trkpt lat="50.65165" lon="4.47901">
        <ele>137</ele>
      </trkpt>
      <trkpt lat="50.65142" lon="4.47858">
        <ele>138</ele>
      </trkpt>
      <trkpt lat="50.65114" lon="4.47813">
        <ele>136</ele>
      </trkpt>
      <trkpt lat="50.64945" lon="4.47564">
        <ele>136</ele>
      </trkpt>
      <trkpt lat="50.6485" lon="4.47424">
        <ele>139</ele>
      </trkpt>
      <trkpt lat="50.64838" lon="4.47406">
        <ele>141</ele>
      </trkpt>
      <trkpt lat="50.64596" lon="4.46944">
        <ele>137</ele>
      </trkpt>
      <trkpt lat="50.6456" lon="4.46874">
        <ele>138</ele>
      </trkpt>
      <trkpt lat="50.64548" lon="4.46837">
        <ele>138</ele>
      </trkpt>
      <trkpt lat="50.64432" lon="4.46349">
        <ele>139</ele>
      </trkpt>
      <trkpt lat="50.64243" lon="4.45566">
        <ele>146</ele>
      </trkpt>
      <trkpt lat="50.64235" lon="4.45561">
        <ele>146</ele>
      </trkpt>
      <trkpt lat="50.64143" lon="4.45482">
        <ele>148</ele>
      </trkpt>
      <trkpt lat="50.64129" lon="4.45473">
        <ele>148</ele>
      </trkpt>
      <trkpt lat="50.64035" lon="4.45425">
        <ele>148</ele>
      </trkpt>
      <trkpt lat="50.63995" lon="4.45414">
        <ele>147</ele>
      </trkpt>
      <trkpt lat="50.6389" lon="4.45413">
        <ele>144</ele>
      </trkpt>
      <trkpt lat="50.63869" lon="4.45412">
        <ele>144</ele>
      </trkpt>
      <trkpt lat="50.6385" lon="4.45407">
        <ele>143</ele>
      </trkpt>
      <trkpt lat="50.63832" lon="4.454">
        <ele>141</ele>
      </trkpt>
      <trkpt lat="50.63815" lon="4.45386">
        <ele>140</ele>
      </trkpt>
      <trkpt lat="50.63753" lon="4.45326">
        <ele>138</ele>
      </trkpt>
      <trkpt lat="50.63735" lon="4.45308">
        <ele>137</ele>
      </trkpt>
      <trkpt lat="50.63724" lon="4.45301">
        <ele>137</ele>
      </trkpt>
      <trkpt lat="50.63707" lon="4.45296">
        <ele>137</ele>
      </trkpt>
      <trkpt lat="50.63631" lon="4.45301">
        <ele>135</ele>
      </trkpt>
      <trkpt lat="50.63606" lon="4.45296">
        <ele>135</ele>
      </trkpt>
      <trkpt lat="50.63591" lon="4.45292">
        <ele>136</ele>
      </trkpt>
      <trkpt lat="50.63494" lon="4.45285">
        <ele>138</ele>
      </trkpt>
      <trkpt lat="50.6347" lon="4.45278">
        <ele>139</ele>
      </trkpt>
      <trkpt lat="50.63454" lon="4.4527">
        <ele>138</ele>
      </trkpt>
      <trkpt lat="50.63412" lon="4.45243">
        <ele>139</ele>
      </trkpt>
      <trkpt lat="50.6334" lon="4.45184">
        <ele>136</ele>
      </trkpt>
      <trkpt lat="50.63326" lon="4.45179">
        <ele>136</ele>
      </trkpt>
      <trkpt lat="50.63316" lon="4.4518">
        <ele>136</ele>
      </trkpt>
      <trkpt lat="50.63226" lon="4.45218">
        <ele>135</ele>
      </trkpt>
      <trkpt lat="50.63172" lon="4.45215">
        <ele>133</ele>
      </trkpt>
      <trkpt lat="50.6316" lon="4.45221">
        <ele>133</ele>
      </trkpt>
      <trkpt lat="50.63081" lon="4.45317">
        <ele>134</ele>
      </trkpt>
      <trkpt lat="50.63029" lon="4.45331">
        <ele>136</ele>
      </trkpt>
      <trkpt lat="50.63015" lon="4.4534">
        <ele>135</ele>
      </trkpt>
      <trkpt lat="50.63006" lon="4.45352">
        <ele>133</ele>
      </trkpt>
      <trkpt lat="50.62968" lon="4.4543">
        <ele>133</ele>
      </trkpt>
      <trkpt lat="50.62953" lon="4.45518">
        <ele>132</ele>
      </trkpt>
      <trkpt lat="50.62931" lon="4.4559">
        <ele>130</ele>
      </trkpt>
      <trkpt lat="50.62901" lon="4.45677">
        <ele>125</ele>
      </trkpt>
      <trkpt lat="50.62892" lon="4.45693">
        <ele>124</ele>
      </trkpt>
      <trkpt lat="50.62883" lon="4.45703">
        <ele>124</ele>
      </trkpt>
      <trkpt lat="50.62869" lon="4.45714">
        <ele>124</ele>
      </trkpt>
      <trkpt lat="50.62594" lon="4.45872">
        <ele>114</ele>
      </trkpt>
      <trkpt lat="50.62579" lon="4.45877">
        <ele>116</ele>
      </trkpt>
      <trkpt lat="50.62569" lon="4.45875">
        <ele>116</ele>
      </trkpt>
      <trkpt lat="50.62557" lon="4.45865">
        <ele>116</ele>
      </trkpt>
      <trkpt lat="50.62473" lon="4.4578">
        <ele>123</ele>
      </trkpt>
      <trkpt lat="50.62439" lon="4.45733">
        <ele>126</ele>
      </trkpt>
      <trkpt lat="50.62401" lon="4.45669">
        <ele>130</ele>
      </trkpt>
      <trkpt lat="50.62379" lon="4.4563">
        <ele>132</ele>
      </trkpt>
      <trkpt lat="50.6233" lon="4.45564">
        <ele>135</ele>
      </trkpt>
      <trkpt lat="50.62283" lon="4.45495">
        <ele>135</ele>
      </trkpt>
      <trkpt lat="50.62143" lon="4.45287">
        <ele>133</ele>
      </trkpt>
      <trkpt lat="50.62108" lon="4.45232">
        <ele>131</ele>
      </trkpt>
      <trkpt lat="50.62087" lon="4.45197">
        <ele>127</ele>
      </trkpt>
      <trkpt lat="50.6207" lon="4.45165">
        <ele>127</ele>
      </trkpt>
      <trkpt lat="50.62027" lon="4.45073">
        <ele>125</ele>
      </trkpt>
      <trkpt lat="50.61968" lon="4.44911">
        <ele>123</ele>
      </trkpt>
      <trkpt lat="50.61961" lon="4.44899">
        <ele>123</ele>
      </trkpt>
      <trkpt lat="50.61945" lon="4.44883">
        <ele>123</ele>
      </trkpt>
      <trkpt lat="50.61925" lon="4.44876">
        <ele>124</ele>
      </trkpt>
      <trkpt lat="50.61892" lon="4.4488">
        <ele>125</ele>
      </trkpt>
      <trkpt lat="50.61867" lon="4.44888">
        <ele>125</ele>
      </trkpt>
      <trkpt lat="50.61813" lon="4.44917">
        <ele>126</ele>
      </trkpt>
      <trkpt lat="50.61769" lon="4.4493">
        <ele>126</ele>
      </trkpt>
      <trkpt lat="50.61702" lon="4.44945">
        <ele>125</ele>
      </trkpt>
      <trkpt lat="50.61616" lon="4.44969">
        <ele>123</ele>
      </trkpt>
      <trkpt lat="50.61586" lon="4.44962">
        <ele>121</ele>
      </trkpt>
      <trkpt lat="50.6158" lon="4.44996">
        <ele>120</ele>
      </trkpt>
      <trkpt lat="50.61521" lon="4.45007">
        <ele>120</ele>
      </trkpt>
      <trkpt lat="50.61483" lon="4.4501">
        <ele>118</ele>
      </trkpt>
      <trkpt lat="50.61427" lon="4.44998">
        <ele>117</ele>
      </trkpt>
      <trkpt lat="50.61419" lon="4.44994">
        <ele>115</ele>
      </trkpt>
      <trkpt lat="50.61342" lon="4.45064">
        <ele>113</ele>
      </trkpt>
      <trkpt lat="50.61283" lon="4.45094">
        <ele>113</ele>
      </trkpt>
      <trkpt lat="50.61243" lon="4.45108">
        <ele>111</ele>
      </trkpt>
      <trkpt lat="50.61177" lon="4.45112">
        <ele>111</ele>
      </trkpt>
      <trkpt lat="50.61158" lon="4.45104">
        <ele>110</ele>
      </trkpt>
      <trkpt lat="50.61141" lon="4.45086">
        <ele>110</ele>
      </trkpt>
      <trkpt lat="50.61131" lon="4.45078">
        <ele>110</ele>
      </trkpt>
      <trkpt lat="50.61124" lon="4.45073">
        <ele>109</ele>
      </trkpt>
      <trkpt lat="50.61096" lon="4.45063">
        <ele>109</ele>
      </trkpt>
      <trkpt lat="50.61085" lon="4.45057">
        <ele>109</ele>
      </trkpt>
      <trkpt lat="50.61068" lon="4.45052">
        <ele>109</ele>
      </trkpt>
      <trkpt lat="50.61058" lon="4.44956">
        <ele>107</ele>
      </trkpt>
      <trkpt lat="50.60949" lon="4.44979">
        <ele>108</ele>
      </trkpt>
      <trkpt lat="50.60941" lon="4.44988">
        <ele>108</ele>
      </trkpt>
      <trkpt lat="50.60936" lon="4.45029">
        <ele>108</ele>
      </trkpt>
      <trkpt lat="50.60907" lon="4.45022">
        <ele>107</ele>
      </trkpt>
      <trkpt lat="50.60899" lon="4.45022">
        <ele>107</ele>
      </trkpt>
      <trkpt lat="50.60883" lon="4.45028">
        <ele>106</ele>
      </trkpt>
      <trkpt lat="50.60817" lon="4.45058">
        <ele>106</ele>
      </trkpt>
      <trkpt lat="50.60758" lon="4.45089">
        <ele>107</ele>
      </trkpt>
      <trkpt lat="50.60761" lon="4.45106">
        <ele>107</ele>
      </trkpt>
      <trkpt lat="50.60749" lon="4.45164">
        <ele>109</ele>
      </trkpt>
      <trkpt lat="50.60723" lon="4.45221">
        <ele>110</ele>
      </trkpt>
      <trkpt lat="50.60584" lon="4.45462">
        <ele>119</ele>
      </trkpt>
      <trkpt lat="50.60528" lon="4.45565">
        <ele>121</ele>
      </trkpt>
      <trkpt lat="50.60479" lon="4.45688">
        <ele>124</ele>
      </trkpt>
      <trkpt lat="50.60425" lon="4.45791">
        <ele>127</ele>
      </trkpt>
      <trkpt lat="50.60393" lon="4.45829">
        <ele>128</ele>
      </trkpt>
      <trkpt lat="50.60385" lon="4.45836">
        <ele>128</ele>
      </trkpt>
      <trkpt lat="50.60381" lon="4.4585">
        <ele>129</ele>
      </trkpt>
      <trkpt lat="50.60383" lon="4.45862">
        <ele>129</ele>
      </trkpt>
      <trkpt lat="50.6038" lon="4.45874">
        <ele>129</ele>
      </trkpt>
      <trkpt lat="50.60367" lon="4.45912">
        <ele>128</ele>
      </trkpt>
      <trkpt lat="50.60257" lon="4.46158">
        <ele>132</ele>
      </trkpt>
      <trkpt lat="50.60192" lon="4.46271">
        <ele>133</ele>
      </trkpt>
      <trkpt lat="50.60096" lon="4.46419">
        <ele>129</ele>
      </trkpt>
      <trkpt lat="50.60059" lon="4.4648">
        <ele>128</ele>
      </trkpt>
      <trkpt lat="50.60043" lon="4.46513">
        <ele>128</ele>
      </trkpt>
      <trkpt lat="50.60026" lon="4.46554">
        <ele>128</ele>
      </trkpt>
      <trkpt lat="50.59953" lon="4.46808">
        <ele>127</ele>
      </trkpt>
      <trkpt lat="50.59942" lon="4.46843">
        <ele>126</ele>
      </trkpt>
      <trkpt lat="50.59911" lon="4.4693">
        <ele>128</ele>
      </trkpt>
      <trkpt lat="50.59858" lon="4.47073">
        <ele>128</ele>
      </trkpt>
      <trkpt lat="50.59821" lon="4.47175">
        <ele>128</ele>
      </trkpt>
      <trkpt lat="50.59789" lon="4.4728">
        <ele>128</ele>
      </trkpt>
      <trkpt lat="50.59783" lon="4.47306">
        <ele>128</ele>
      </trkpt>
      <trkpt lat="50.59756" lon="4.47484">
        <ele>125</ele>
      </trkpt>
      <trkpt lat="50.59751" lon="4.47509">
        <ele>125</ele>
      </trkpt>
      <trkpt lat="50.59742" lon="4.47534">
        <ele>124</ele>
      </trkpt>
      <trkpt lat="50.59733" lon="4.47555">
        <ele>124</ele>
      </trkpt>
      <trkpt lat="50.59724" lon="4.47566">
        <ele>124</ele>
      </trkpt>
      <trkpt lat="50.59718" lon="4.47557">
        <ele>124</ele>
      </trkpt>
      <trkpt lat="50.59711" lon="4.47559">
        <ele>124</ele>
      </trkpt>
      <trkpt lat="50.59709" lon="4.47562">
        <ele>124</ele>
      </trkpt>
      <trkpt lat="50.59707" lon="4.47571">
        <ele>124</ele>
      </trkpt>
      <trkpt lat="50.59708" lon="4.47579">
        <ele>123</ele>
      </trkpt>
      <trkpt lat="50.5971" lon="4.47582">
        <ele>123</ele>
      </trkpt>
      <trkpt lat="50.59704" lon="4.47595">
        <ele>123</ele>
      </trkpt>
      <trkpt lat="50.5969" lon="4.47615">
        <ele>123</ele>
      </trkpt>
      <trkpt lat="50.59592" lon="4.47711">
        <ele>117</ele>
      </trkpt>
      <trkpt lat="50.59552" lon="4.4776">
        <ele>116</ele>
      </trkpt>
      <trkpt lat="50.59548" lon="4.47753">
        <ele>116</ele>
      </trkpt>
      <trkpt lat="50.59544" lon="4.47751">
        <ele>116</ele>
      </trkpt>
      <trkpt lat="50.59536" lon="4.47752">
        <ele>115</ele>
      </trkpt>
      <trkpt lat="50.59532" lon="4.47755">
        <ele>115</ele>
      </trkpt>
      <trkpt lat="50.59528" lon="4.47766">
        <ele>115</ele>
      </trkpt>
      <trkpt lat="50.59529" lon="4.47779">
        <ele>115</ele>
      </trkpt>
      <trkpt lat="50.59532" lon="4.47786">
        <ele>115</ele>
      </trkpt>
      <trkpt lat="50.5949" lon="4.47863">
        <ele>115</ele>
      </trkpt>
      <trkpt lat="50.59446" lon="4.47969">
        <ele>116</ele>
      </trkpt>
      <trkpt lat="50.59405" lon="4.48078">
        <ele>121</ele>
      </trkpt>
      <trkpt lat="50.59378" lon="4.4814">
        <ele>122</ele>
      </trkpt>
      <trkpt lat="50.59344" lon="4.48195">
        <ele>123</ele>
      </trkpt>
      <trkpt lat="50.5932" lon="4.48253">
        <ele>125</ele>
      </trkpt>
      <trkpt lat="50.59307" lon="4.48296">
        <ele>125</ele>
      </trkpt>
      <trkpt lat="50.59299" lon="4.48332">
        <ele>125</ele>
      </trkpt>
      <trkpt lat="50.59289" lon="4.48395">
        <ele>126</ele>
      </trkpt>
      <trkpt lat="50.59282" lon="4.48471">
        <ele>127</ele>
      </trkpt>
      <trkpt lat="50.59272" lon="4.48625">
        <ele>130</ele>
      </trkpt>
      <trkpt lat="50.5926" lon="4.48738">
        <ele>132</ele>
      </trkpt>
      <trkpt lat="50.59256" lon="4.48761">
        <ele>134</ele>
      </trkpt>
      <trkpt lat="50.5924" lon="4.48821">
        <ele>135</ele>
      </trkpt>
      <trkpt lat="50.59236" lon="4.48847">
        <ele>135</ele>
      </trkpt>
      <trkpt lat="50.59227" lon="4.48924">
        <ele>135</ele>
      </trkpt>
      <trkpt lat="50.59216" lon="4.48969">
        <ele>134</ele>
      </trkpt>
      <trkpt lat="50.59202" lon="4.4901">
        <ele>133</ele>
      </trkpt>
      <trkpt lat="50.59184" lon="4.49049">
        <ele>132</ele>
      </trkpt>
      <trkpt lat="50.59081" lon="4.49253">
        <ele>123</ele>
      </trkpt>
      <trkpt lat="50.59067" lon="4.49286">
        <ele>123</ele>
      </trkpt>
      <trkpt lat="50.59058" lon="4.49317">
        <ele>123</ele>
      </trkpt>
      <trkpt lat="50.59051" lon="4.49362">
        <ele>122</ele>
      </trkpt>
      <trkpt lat="50.59048" lon="4.49404">
        <ele>121</ele>
      </trkpt>
      <trkpt lat="50.59051" lon="4.49444">
        <ele>120</ele>
      </trkpt>
      <trkpt lat="50.59054" lon="4.4947">
        <ele>120</ele>
      </trkpt>
      <trkpt lat="50.59065" lon="4.49509">
        <ele>118</ele>
      </trkpt>
      <trkpt lat="50.59079" lon="4.49548">
        <ele>118</ele>
      </trkpt>
      <trkpt lat="50.59112" lon="4.49618">
        <ele>118</ele>
      </trkpt>
      <trkpt lat="50.59123" lon="4.49646">
        <ele>117</ele>
      </trkpt>
      <trkpt lat="50.59132" lon="4.49678">
        <ele>115</ele>
      </trkpt>
      <trkpt lat="50.59142" lon="4.49795">
        <ele>113</ele>
      </trkpt>
      <trkpt lat="50.59143" lon="4.49822">
        <ele>113</ele>
      </trkpt>
      <trkpt lat="50.59142" lon="4.49849">
        <ele>112</ele>
      </trkpt>
      <trkpt lat="50.59134" lon="4.49897">
        <ele>113</ele>
      </trkpt>
      <trkpt lat="50.59125" lon="4.49928">
        <ele>114</ele>
      </trkpt>
      <trkpt lat="50.591" lon="4.49984">
        <ele>115</ele>
      </trkpt>
      <trkpt lat="50.59038" lon="4.50113">
        <ele>122</ele>
      </trkpt>
      <trkpt lat="50.5902" lon="4.50156">
        <ele>124</ele>
      </trkpt>
      <trkpt lat="50.59011" lon="4.50182">
        <ele>126</ele>
      </trkpt>
      <trkpt lat="50.59007" lon="4.50214">
        <ele>128</ele>
      </trkpt>
      <trkpt lat="50.59017" lon="4.50252">
        <ele>128</ele>
      </trkpt>
      <trkpt lat="50.59077" lon="4.50369">
        <ele>132</ele>
      </trkpt>
      <trkpt lat="50.59131" lon="4.50464">
        <ele>135</ele>
      </trkpt>
      <trkpt lat="50.59149" lon="4.505">
        <ele>137</ele>
      </trkpt>
      <trkpt lat="50.5916" lon="4.50529">
        <ele>137</ele>
      </trkpt>
      <trkpt lat="50.59166" lon="4.50558">
        <ele>138</ele>
      </trkpt>
      <trkpt lat="50.5917" lon="4.50595">
        <ele>140</ele>
      </trkpt>
      <trkpt lat="50.59192" lon="4.5126">
        <ele>149</ele>
      </trkpt>
      <trkpt lat="50.59195" lon="4.51359">
        <ele>150</ele>
      </trkpt>
      <trkpt lat="50.59189" lon="4.51442">
        <ele>150</ele>
      </trkpt>
      <trkpt lat="50.59143" lon="4.51929">
        <ele>143</ele>
      </trkpt>
      <trkpt lat="50.59122" lon="4.52125">
        <ele>136</ele>
      </trkpt>
      <trkpt lat="50.59101" lon="4.52224">
        <ele>133</ele>
      </trkpt>
      <trkpt lat="50.59051" lon="4.52392">
        <ele>124</ele>
      </trkpt>
      <trkpt lat="50.59038" lon="4.52445">
        <ele>121</ele>
      </trkpt>
      <trkpt lat="50.59034" lon="4.52487">
        <ele>121</ele>
      </trkpt>
      <trkpt lat="50.59036" lon="4.52532">
        <ele>118</ele>
      </trkpt>
      <trkpt lat="50.59039" lon="4.52556">
        <ele>118</ele>
      </trkpt>
      <trkpt lat="50.5906" lon="4.5266">
        <ele>113</ele>
      </trkpt>
      <trkpt lat="50.59067" lon="4.52686">
        <ele>112</ele>
      </trkpt>
      <trkpt lat="50.5907" lon="4.52694">
        <ele>112</ele>
      </trkpt>
      <trkpt lat="50.59078" lon="4.52705">
        <ele>112</ele>
      </trkpt>
      <trkpt lat="50.59067" lon="4.52734">
        <ele>112</ele>
      </trkpt>
      <trkpt lat="50.59017" lon="4.52924">
        <ele>100</ele>
      </trkpt>
      <trkpt lat="50.59012" lon="4.52929">
        <ele>101</ele>
      </trkpt>
      <trkpt lat="50.58964" lon="4.52959">
        <ele>101</ele>
      </trkpt>
      <trkpt lat="50.58935" lon="4.53035">
        <ele>100</ele>
      </trkpt>
      <trkpt lat="50.58929" lon="4.5304">
        <ele>100</ele>
      </trkpt>
      <trkpt lat="50.5892" lon="4.53039">
        <ele>101</ele>
      </trkpt>
      <trkpt lat="50.58788" lon="4.52968">
        <ele>103</ele>
      </trkpt>
      <trkpt lat="50.58681" lon="4.52949">
        <ele>104</ele>
      </trkpt>
      <trkpt lat="50.58615" lon="4.52943">
        <ele>105</ele>
      </trkpt>
      <trkpt lat="50.58557" lon="4.52941">
        <ele>107</ele>
      </trkpt>
      <trkpt lat="50.58529" lon="4.52933">
        <ele>107</ele>
      </trkpt>
      <trkpt lat="50.58484" lon="4.52913">
        <ele>108</ele>
      </trkpt>
      <trkpt lat="50.58432" lon="4.52886">
        <ele>110</ele>
      </trkpt>
      <trkpt lat="50.58417" lon="4.52875">
        <ele>108</ele>
      </trkpt>
      <trkpt lat="50.58375" lon="4.52837">
        <ele>107</ele>
      </trkpt>
      <trkpt lat="50.58375" lon="4.52838">
        <ele>107</ele>
      </trkpt>
      <trkpt lat="50.58376" lon="4.52839">
        <ele>107</ele>
      </trkpt>
      <trkpt lat="50.58376" lon="4.52838">
        <ele>107</ele>
      </trkpt>
      <trkpt lat="50.5836" lon="4.52823">
        <ele>110</ele>
      </trkpt>
      <trkpt lat="50.58335" lon="4.52806">
        <ele>108</ele>
      </trkpt>
      <trkpt lat="50.58308" lon="4.52798">
        <ele>108</ele>
      </trkpt>
      <trkpt lat="50.58287" lon="4.52798">
        <ele>108</ele>
      </trkpt>
      <trkpt lat="50.58237" lon="4.5281">
        <ele>109</ele>
      </trkpt>
      <trkpt lat="50.58227" lon="4.52814">
        <ele>109</ele>
      </trkpt>
      <trkpt lat="50.58216" lon="4.52822">
        <ele>109</ele>
      </trkpt>
      <trkpt lat="50.58186" lon="4.52866">
        <ele>105</ele>
      </trkpt>
      <trkpt lat="50.58176" lon="4.52878">
        <ele>106</ele>
      </trkpt>
      <trkpt lat="50.58161" lon="4.52887">
        <ele>106</ele>
      </trkpt>
      <trkpt lat="50.58041" lon="4.5294">
        <ele>105</ele>
      </trkpt>
      <trkpt lat="50.57972" lon="4.52967">
        <ele>103</ele>
      </trkpt>
      <trkpt lat="50.5795" lon="4.52979">
        <ele>103</ele>
      </trkpt>
      <trkpt lat="50.5792" lon="4.53001">
        <ele>101</ele>
      </trkpt>
      <trkpt lat="50.57857" lon="4.53056">
        <ele>101</ele>
      </trkpt>
      <trkpt lat="50.57812" lon="4.53102">
        <ele>102</ele>
      </trkpt>
      <trkpt lat="50.5778" lon="4.53141">
        <ele>102</ele>
      </trkpt>
      <trkpt lat="50.57766" lon="4.53153">
        <ele>102</ele>
      </trkpt>
      <trkpt lat="50.57742" lon="4.53161">
        <ele>104</ele>
      </trkpt>
      <trkpt lat="50.57725" lon="4.53158">
        <ele>104</ele>
      </trkpt>
      <trkpt lat="50.57709" lon="4.53151">
        <ele>104</ele>
      </trkpt>
      <trkpt lat="50.57653" lon="4.53107">
        <ele>106</ele>
      </trkpt>
      <trkpt lat="50.57617" lon="4.5309">
        <ele>106</ele>
      </trkpt>
      <trkpt lat="50.57582" lon="4.53077">
        <ele>109</ele>
      </trkpt>
      <trkpt lat="50.57559" lon="4.53073">
        <ele>108</ele>
      </trkpt>
      <trkpt lat="50.57525" lon="4.53075">
        <ele>108</ele>
      </trkpt>
      <trkpt lat="50.57412" lon="4.53122">
        <ele>117</ele>
      </trkpt>
      <trkpt lat="50.57399" lon="4.53132">
        <ele>117</ele>
      </trkpt>
      <trkpt lat="50.57391" lon="4.53141">
        <ele>118</ele>
      </trkpt>
      <trkpt lat="50.57371" lon="4.53175">
        <ele>125</ele>
      </trkpt>
      <trkpt lat="50.57303" lon="4.53301">
        <ele>132</ele>
      </trkpt>
      <trkpt lat="50.57285" lon="4.53372">
        <ele>138</ele>
      </trkpt>
      <trkpt lat="50.57281" lon="4.53414">
        <ele>140</ele>
      </trkpt>
      <trkpt lat="50.57284" lon="4.53531">
        <ele>141</ele>
      </trkpt>
      <trkpt lat="50.57283" lon="4.53591">
        <ele>142</ele>
      </trkpt>
      <trkpt lat="50.57279" lon="4.5361">
        <ele>142</ele>
      </trkpt>
      <trkpt lat="50.57274" lon="4.53626">
        <ele>142</ele>
      </trkpt>
      <trkpt lat="50.57266" lon="4.5364">
        <ele>142</ele>
      </trkpt>
      <trkpt lat="50.57255" lon="4.53655">
        <ele>143</ele>
      </trkpt>
      <trkpt lat="50.57218" lon="4.5368">
        <ele>144</ele>
      </trkpt>
      <trkpt lat="50.57195" lon="4.53688">
        <ele>144</ele>
      </trkpt>
      <trkpt lat="50.57085" lon="4.53689">
        <ele>149</ele>
      </trkpt>
      <trkpt lat="50.56981" lon="4.53675">
        <ele>152</ele>
      </trkpt>
      <trkpt lat="50.56938" lon="4.53666">
        <ele>152</ele>
      </trkpt>
      <trkpt lat="50.56922" lon="4.53689">
        <ele>153</ele>
      </trkpt>
      <trkpt lat="50.56876" lon="4.53745">
        <ele>153</ele>
      </trkpt>
      <trkpt lat="50.56837" lon="4.53803">
        <ele>153</ele>
      </trkpt>
      <trkpt lat="50.56719" lon="4.53842">
        <ele>153</ele>
      </trkpt>
      <trkpt lat="50.56666" lon="4.53873">
        <ele>153</ele>
      </trkpt>
      <trkpt lat="50.56558" lon="4.53935">
        <ele>154</ele>
      </trkpt>
      <trkpt lat="50.56544" lon="4.53935">
        <ele>154</ele>
      </trkpt>
      <trkpt lat="50.56539" lon="4.53954">
        <ele>154</ele>
      </trkpt>
      <trkpt lat="50.56527" lon="4.53976">
        <ele>154</ele>
      </trkpt>
      <trkpt lat="50.56472" lon="4.54063">
        <ele>154</ele>
      </trkpt>
      <trkpt lat="50.56442" lon="4.54121">
        <ele>153</ele>
      </trkpt>
      <trkpt lat="50.56419" lon="4.54174">
        <ele>152</ele>
      </trkpt>
      <trkpt lat="50.56365" lon="4.5433">
        <ele>149</ele>
      </trkpt>
      <trkpt lat="50.56287" lon="4.54547">
        <ele>143</ele>
      </trkpt>
      <trkpt lat="50.56287" lon="4.54546">
        <ele>143</ele>
      </trkpt>
      <trkpt lat="50.56236" lon="4.54688">
        <ele>139</ele>
      </trkpt>
      <trkpt lat="50.56206" lon="4.54779">
        <ele>137</ele>
      </trkpt>
      <trkpt lat="50.56173" lon="4.54838">
        <ele>135</ele>
      </trkpt>
      <trkpt lat="50.56149" lon="4.54865">
        <ele>135</ele>
      </trkpt>
      <trkpt lat="50.56138" lon="4.54887">
        <ele>135</ele>
      </trkpt>
      <trkpt lat="50.56135" lon="4.54907">
        <ele>134</ele>
      </trkpt>
      <trkpt lat="50.56138" lon="4.54923">
        <ele>133</ele>
      </trkpt>
      <trkpt lat="50.56122" lon="4.54929">
        <ele>133</ele>
      </trkpt>
      <trkpt lat="50.56103" lon="4.5492">
        <ele>133</ele>
      </trkpt>
      <trkpt lat="50.56081" lon="4.54906">
        <ele>133</ele>
      </trkpt>
      <trkpt lat="50.56064" lon="4.54891">
        <ele>133</ele>
      </trkpt>
      <trkpt lat="50.5604" lon="4.54886">
        <ele>133</ele>
      </trkpt>
      <trkpt lat="50.5599" lon="4.54917">
        <ele>130</ele>
      </trkpt>
      <trkpt lat="50.55967" lon="4.54916">
        <ele>130</ele>
      </trkpt>
      <trkpt lat="50.55793" lon="4.54867">
        <ele>134</ele>
      </trkpt>
      <trkpt lat="50.55745" lon="4.54851">
        <ele>136</ele>
      </trkpt>
      <trkpt lat="50.55709" lon="4.54831">
        <ele>136</ele>
      </trkpt>
      <trkpt lat="50.5572" lon="4.54845">
        <ele>136</ele>
      </trkpt>
      <trkpt lat="50.55918" lon="4.55218">
        <ele>128</ele>
      </trkpt>
      <trkpt lat="50.55983" lon="4.55337">
        <ele>129</ele>
      </trkpt>
      <trkpt lat="50.56005" lon="4.55373">
        <ele>129</ele>
      </trkpt>
      <trkpt lat="50.56017" lon="4.55385">
        <ele>128</ele>
      </trkpt>
      <trkpt lat="50.56051" lon="4.55413">
        <ele>129</ele>
      </trkpt>
      <trkpt lat="50.56047" lon="4.55432">
        <ele>130</ele>
      </trkpt>
      <trkpt lat="50.56045" lon="4.55447">
        <ele>130</ele>
      </trkpt>
      <trkpt lat="50.56046" lon="4.55464">
        <ele>130</ele>
      </trkpt>
      <trkpt lat="50.56055" lon="4.55489">
        <ele>130</ele>
      </trkpt>
      <trkpt lat="50.56086" lon="4.55534">
        <ele>132</ele>
      </trkpt>
      <trkpt lat="50.56118" lon="4.55581">
        <ele>134</ele>
      </trkpt>
      <trkpt lat="50.56126" lon="4.55596">
        <ele>135</ele>
      </trkpt>
      <trkpt lat="50.56167" lon="4.55707">
        <ele>138</ele>
      </trkpt>
      <trkpt lat="50.56177" lon="4.55729">
        <ele>137</ele>
      </trkpt>
      <trkpt lat="50.56209" lon="4.55784">
        <ele>138</ele>
      </trkpt>
      <trkpt lat="50.56377" lon="4.56041">
        <ele>134</ele>
      </trkpt>
      <trkpt lat="50.56393" lon="4.56061">
        <ele>134</ele>
      </trkpt>
      <trkpt lat="50.56409" lon="4.56077">
        <ele>135</ele>
      </trkpt>
      <trkpt lat="50.56498" lon="4.56149">
        <ele>134</ele>
      </trkpt>
      <trkpt lat="50.56499" lon="4.56149">
        <ele>134</ele>
      </trkpt>
      <trkpt lat="50.56657" lon="4.56273">
        <ele>133</ele>
      </trkpt>
      <trkpt lat="50.5668" lon="4.56288">
        <ele>135</ele>
      </trkpt>
      <trkpt lat="50.56704" lon="4.56298">
        <ele>136</ele>
      </trkpt>
      <trkpt lat="50.56724" lon="4.56303">
        <ele>136</ele>
      </trkpt>
      <trkpt lat="50.56754" lon="4.56302">
        <ele>136</ele>
      </trkpt>
      <trkpt lat="50.56771" lon="4.56297">
        <ele>137</ele>
      </trkpt>
      <trkpt lat="50.56786" lon="4.5629">
        <ele>137</ele>
      </trkpt>
      <trkpt lat="50.56856" lon="4.56238">
        <ele>134</ele>
      </trkpt>
      <trkpt lat="50.56954" lon="4.56156">
        <ele>135</ele>
      </trkpt>
      <trkpt lat="50.56999" lon="4.56129">
        <ele>135</ele>
      </trkpt>
      <trkpt lat="50.57021" lon="4.5612">
        <ele>135</ele>
      </trkpt>
      <trkpt lat="50.57055" lon="4.56111">
        <ele>135</ele>
      </trkpt>
      <trkpt lat="50.57081" lon="4.56106">
        <ele>135</ele>
      </trkpt>
      <trkpt lat="50.57119" lon="4.56104">
        <ele>134</ele>
      </trkpt>
      <trkpt lat="50.57435" lon="4.56151">
        <ele>129</ele>
      </trkpt>
      <trkpt lat="50.57456" lon="4.56157">
        <ele>129</ele>
      </trkpt>
      <trkpt lat="50.57472" lon="4.56166">
        <ele>129</ele>
      </trkpt>
      <trkpt lat="50.5754" lon="4.56213">
        <ele>127</ele>
      </trkpt>
      <trkpt lat="50.57543" lon="4.56211">
        <ele>126</ele>
      </trkpt>
      <trkpt lat="50.57547" lon="4.56214">
        <ele>126</ele>
      </trkpt>
      <trkpt lat="50.5762" lon="4.56391">
        <ele>130</ele>
      </trkpt>
      <trkpt lat="50.57635" lon="4.5642">
        <ele>133</ele>
      </trkpt>
      <trkpt lat="50.57671" lon="4.56452">
        <ele>133</ele>
      </trkpt>
      <trkpt lat="50.5771" lon="4.56475">
        <ele>130</ele>
      </trkpt>
      <trkpt lat="50.57729" lon="4.56492">
        <ele>130</ele>
      </trkpt>
      <trkpt lat="50.57804" lon="4.56621">
        <ele>131</ele>
      </trkpt>
      <trkpt lat="50.57851" lon="4.56701">
        <ele>132</ele>
      </trkpt>
      <trkpt lat="50.57901" lon="4.56765">
        <ele>134</ele>
      </trkpt>
      <trkpt lat="50.57999" lon="4.56871">
        <ele>134</ele>
      </trkpt>
      <trkpt lat="50.58039" lon="4.56901">
        <ele>134</ele>
      </trkpt>
      <trkpt lat="50.58057" lon="4.56913">
        <ele>135</ele>
      </trkpt>
      <trkpt lat="50.58068" lon="4.56918">
        <ele>135</ele>
      </trkpt>
      <trkpt lat="50.58092" lon="4.56908">
        <ele>134</ele>
      </trkpt>
      <trkpt lat="50.58116" lon="4.5689">
        <ele>135</ele>
      </trkpt>
      <trkpt lat="50.58135" lon="4.5688">
        <ele>135</ele>
      </trkpt>
      <trkpt lat="50.58158" lon="4.56875">
        <ele>136</ele>
      </trkpt>
      <trkpt lat="50.58173" lon="4.56879">
        <ele>136</ele>
      </trkpt>
      <trkpt lat="50.58209" lon="4.56876">
        <ele>138</ele>
      </trkpt>
      <trkpt lat="50.58221" lon="4.56879">
        <ele>138</ele>
      </trkpt>
      <trkpt lat="50.58266" lon="4.56944">
        <ele>141</ele>
      </trkpt>
      <trkpt lat="50.58275" lon="4.56951">
        <ele>141</ele>
      </trkpt>
      <trkpt lat="50.58283" lon="4.5695">
        <ele>141</ele>
      </trkpt>
      <trkpt lat="50.58332" lon="4.56916">
        <ele>141</ele>
      </trkpt>
      <trkpt lat="50.58359" lon="4.56905">
        <ele>141</ele>
      </trkpt>
      <trkpt lat="50.58437" lon="4.56884">
        <ele>141</ele>
      </trkpt>
      <trkpt lat="50.58504" lon="4.56895">
        <ele>142</ele>
      </trkpt>
      <trkpt lat="50.58525" lon="4.5688">
        <ele>142</ele>
      </trkpt>
      <trkpt lat="50.5856" lon="4.56867">
        <ele>142</ele>
      </trkpt>
      <trkpt lat="50.58641" lon="4.56875">
        <ele>143</ele>
      </trkpt>
      <trkpt lat="50.58693" lon="4.56875">
        <ele>145</ele>
      </trkpt>
      <trkpt lat="50.58864" lon="4.56854">
        <ele>149</ele>
      </trkpt>
      <trkpt lat="50.58991" lon="4.56837">
        <ele>153</ele>
      </trkpt>
      <trkpt lat="50.59131" lon="4.5685">
        <ele>156</ele>
      </trkpt>
      <trkpt lat="50.59176" lon="4.56866">
        <ele>156</ele>
      </trkpt>
      <trkpt lat="50.59575" lon="4.57141">
        <ele>155</ele>
      </trkpt>
      <trkpt lat="50.59793" lon="4.57279">
        <ele>156</ele>
      </trkpt>
      <trkpt lat="50.59832" lon="4.57298">
        <ele>156</ele>
      </trkpt>
      <trkpt lat="50.60265" lon="4.5743">
        <ele>155</ele>
      </trkpt>
      <trkpt lat="50.60309" lon="4.57452">
        <ele>155</ele>
      </trkpt>
      <trkpt lat="50.60553" lon="4.5771">
        <ele>162</ele>
      </trkpt>
      <trkpt lat="50.6068" lon="4.57851">
        <ele>153</ele>
      </trkpt>
      <trkpt lat="50.60738" lon="4.57915">
        <ele>154</ele>
      </trkpt>
      <trkpt lat="50.6087" lon="4.58131">
        <ele>153</ele>
      </trkpt>
      <trkpt lat="50.61078" lon="4.58371">
        <ele>154</ele>
      </trkpt>
      <trkpt lat="50.61077" lon="4.58378">
        <ele>154</ele>
      </trkpt>
      <trkpt lat="50.6108" lon="4.58383">
        <ele>154</ele>
      </trkpt>
      <trkpt lat="50.61086" lon="4.58385">
        <ele>154</ele>
      </trkpt>
      <trkpt lat="50.61089" lon="4.58382">
        <ele>154</ele>
      </trkpt>
      <trkpt lat="50.61091" lon="4.58376">
        <ele>154</ele>
      </trkpt>
      <trkpt lat="50.6109" lon="4.5837">
        <ele>154</ele>
      </trkpt>
      <trkpt lat="50.61086" lon="4.58364">
        <ele>154</ele>
      </trkpt>
      <trkpt lat="50.61174" lon="4.57911">
        <ele>148</ele>
      </trkpt>
      <trkpt lat="50.61181" lon="4.57889">
        <ele>147</ele>
      </trkpt>
      <trkpt lat="50.61226" lon="4.57824">
        <ele>147</ele>
      </trkpt>
      <trkpt lat="50.61403" lon="4.5757">
        <ele>142</ele>
      </trkpt>
      <trkpt lat="50.61553" lon="4.57307">
        <ele>139</ele>
      </trkpt>
      <trkpt lat="50.61701" lon="4.57036">
        <ele>132</ele>
      </trkpt>
      <trkpt lat="50.61811" lon="4.56845">
        <ele>132</ele>
      </trkpt>
      <trkpt lat="50.61822" lon="4.56831">
        <ele>132</ele>
      </trkpt>
      <trkpt lat="50.61845" lon="4.56803">
        <ele>135</ele>
      </trkpt>
      <trkpt lat="50.61893" lon="4.56778">
        <ele>135</ele>
      </trkpt>
      <trkpt lat="50.6195" lon="4.56775">
        <ele>136</ele>
      </trkpt>
      <trkpt lat="50.62063" lon="4.56504">
        <ele>126</ele>
      </trkpt>
      <trkpt lat="50.6207" lon="4.56474">
        <ele>120</ele>
      </trkpt>
      <trkpt lat="50.62042" lon="4.56434">
        <ele>118</ele>
      </trkpt>
      <trkpt lat="50.62063" lon="4.56415">
        <ele>117</ele>
      </trkpt>
      <trkpt lat="50.6209" lon="4.56384">
        <ele>111</ele>
      </trkpt>
      <trkpt lat="50.62101" lon="4.5636">
        <ele>108</ele>
      </trkpt>
      <trkpt lat="50.62106" lon="4.56337">
        <ele>107</ele>
      </trkpt>
      <trkpt lat="50.62114" lon="4.56296">
        <ele>102</ele>
      </trkpt>
      <trkpt lat="50.62131" lon="4.56193">
        <ele>97</ele>
      </trkpt>
      <trkpt lat="50.6213" lon="4.56165">
        <ele>97</ele>
      </trkpt>
      <trkpt lat="50.62104" lon="4.56077">
        <ele>97</ele>
      </trkpt>
      <trkpt lat="50.62084" lon="4.56009">
        <ele>99</ele>
      </trkpt>
      <trkpt lat="50.62081" lon="4.55986">
        <ele>98</ele>
      </trkpt>
      <trkpt lat="50.62093" lon="4.55985">
        <ele>98</ele>
      </trkpt>
      <trkpt lat="50.62102" lon="4.55994">
        <ele>98</ele>
      </trkpt>
      <trkpt lat="50.62125" lon="4.56006">
        <ele>97</ele>
      </trkpt>
      <trkpt lat="50.62152" lon="4.56014">
        <ele>97</ele>
      </trkpt>
      <trkpt lat="50.62223" lon="4.56032">
        <ele>96</ele>
      </trkpt>
      <trkpt lat="50.62269" lon="4.56085">
        <ele>93</ele>
      </trkpt>
      <trkpt lat="50.62396" lon="4.56247">
        <ele>87</ele>
      </trkpt>
      <trkpt lat="50.62436" lon="4.56296">
        <ele>84</ele>
      </trkpt>
      <trkpt lat="50.62463" lon="4.56323">
        <ele>83</ele>
      </trkpt>
      <trkpt lat="50.625" lon="4.56344">
        <ele>85</ele>
      </trkpt>
      <trkpt lat="50.62536" lon="4.56349">
        <ele>84</ele>
      </trkpt>
      <trkpt lat="50.62585" lon="4.56348">
        <ele>85</ele>
      </trkpt>
      <trkpt lat="50.62631" lon="4.56343">
        <ele>86</ele>
      </trkpt>
      <trkpt lat="50.62666" lon="4.5633">
        <ele>86</ele>
      </trkpt>
      <trkpt lat="50.62753" lon="4.56289">
        <ele>87</ele>
      </trkpt>
      <trkpt lat="50.62795" lon="4.56285">
        <ele>90</ele>
      </trkpt>
      <trkpt lat="50.6285" lon="4.56289">
        <ele>89</ele>
      </trkpt>
      <trkpt lat="50.62898" lon="4.56306">
        <ele>89</ele>
      </trkpt>
      <trkpt lat="50.62928" lon="4.56327">
        <ele>89</ele>
      </trkpt>
      <trkpt lat="50.62997" lon="4.56407">
        <ele>88</ele>
      </trkpt>
      <trkpt lat="50.63384" lon="4.5682">
        <ele>82</ele>
      </trkpt>
      <trkpt lat="50.63474" lon="4.56935">
        <ele>82</ele>
      </trkpt>
      <trkpt lat="50.63584" lon="4.57068">
        <ele>79</ele>
      </trkpt>
      <trkpt lat="50.63673" lon="4.5713">
        <ele>80</ele>
      </trkpt>
      <trkpt lat="50.63702" lon="4.57144">
        <ele>84</ele>
      </trkpt>
      <trkpt lat="50.63739" lon="4.57152">
        <ele>86</ele>
      </trkpt>
      <trkpt lat="50.63767" lon="4.57147">
        <ele>92</ele>
      </trkpt>
      <trkpt lat="50.63818" lon="4.57125">
        <ele>93</ele>
      </trkpt>
      <trkpt lat="50.63844" lon="4.57043">
        <ele>90</ele>
      </trkpt>
      <trkpt lat="50.63884" lon="4.56919">
        <ele>82</ele>
      </trkpt>
      <trkpt lat="50.63905" lon="4.56901">
        <ele>77</ele>
      </trkpt>
      <trkpt lat="50.63924" lon="4.56905">
        <ele>76</ele>
      </trkpt>
      <trkpt lat="50.63946" lon="4.56937">
        <ele>77</ele>
      </trkpt>
      <trkpt lat="50.63979" lon="4.57027">
        <ele>80</ele>
      </trkpt>
      <trkpt lat="50.63998" lon="4.57067">
        <ele>80</ele>
      </trkpt>
      <trkpt lat="50.64024" lon="4.57115">
        <ele>75</ele>
      </trkpt>
      <trkpt lat="50.64052" lon="4.57152">
        <ele>74</ele>
      </trkpt>
      <trkpt lat="50.64071" lon="4.57172">
        <ele>75</ele>
      </trkpt>
      <trkpt lat="50.64102" lon="4.57192">
        <ele>70</ele>
      </trkpt>
      <trkpt lat="50.64185" lon="4.57185">
        <ele>69</ele>
      </trkpt>
      <trkpt lat="50.64187" lon="4.57174">
        <ele>69</ele>
      </trkpt>
      <trkpt lat="50.64205" lon="4.57146">
        <ele>71</ele>
      </trkpt>
      <trkpt lat="50.64228" lon="4.57101">
        <ele>72</ele>
      </trkpt>
      <trkpt lat="50.64228" lon="4.57091">
        <ele>72</ele>
      </trkpt>
      <trkpt lat="50.64221" lon="4.57079">
        <ele>72</ele>
      </trkpt>
      <trkpt lat="50.64161" lon="4.57022">
        <ele>71</ele>
      </trkpt>
      <trkpt lat="50.64157" lon="4.57018">
        <ele>71</ele>
      </trkpt>
      <trkpt lat="50.64152" lon="4.57003">
        <ele>72</ele>
      </trkpt>
      <trkpt lat="50.64153" lon="4.56978">
        <ele>73</ele>
      </trkpt>
      <trkpt lat="50.64173" lon="4.56916">
        <ele>75</ele>
      </trkpt>
      <trkpt lat="50.64182" lon="4.56897">
        <ele>77</ele>
      </trkpt>
      <trkpt lat="50.64215" lon="4.5685">
        <ele>77</ele>
      </trkpt>
      <trkpt lat="50.64233" lon="4.56832">
        <ele>77</ele>
      </trkpt>
      <trkpt lat="50.64291" lon="4.56771">
        <ele>71</ele>
      </trkpt>
      <trkpt lat="50.64299" lon="4.56759">
        <ele>70</ele>
      </trkpt>
      <trkpt lat="50.64311" lon="4.56752">
        <ele>70</ele>
      </trkpt>
      <trkpt lat="50.64322" lon="4.56752">
        <ele>70</ele>
      </trkpt>
      <trkpt lat="50.64341" lon="4.5676">
        <ele>70</ele>
      </trkpt>
      <trkpt lat="50.64356" lon="4.56791">
        <ele>67</ele>
      </trkpt>
      <trkpt lat="50.64366" lon="4.56804">
        <ele>66</ele>
      </trkpt>
      <trkpt lat="50.64424" lon="4.56953">
        <ele>67</ele>
      </trkpt>
      <trkpt lat="50.64437" lon="4.56969">
        <ele>65</ele>
      </trkpt>
      <trkpt lat="50.6445" lon="4.5698">
        <ele>65</ele>
      </trkpt>
      <trkpt lat="50.64539" lon="4.57051">
        <ele>68</ele>
      </trkpt>
      <trkpt lat="50.64561" lon="4.57052">
        <ele>68</ele>
      </trkpt>
      <trkpt lat="50.64589" lon="4.57077">
        <ele>73</ele>
      </trkpt>
      <trkpt lat="50.646" lon="4.57136">
        <ele>77</ele>
      </trkpt>
      <trkpt lat="50.64615" lon="4.5716">
        <ele>85</ele>
      </trkpt>
      <trkpt lat="50.64656" lon="4.57198">
        <ele>87</ele>
      </trkpt>
      <trkpt lat="50.64701" lon="4.57229">
        <ele>87</ele>
      </trkpt>
      <trkpt lat="50.64742" lon="4.57247">
        <ele>93</ele>
      </trkpt>
      <trkpt lat="50.64803" lon="4.5725">
        <ele>92</ele>
      </trkpt>
      <trkpt lat="50.6483" lon="4.57272">
        <ele>93</ele>
      </trkpt>
      <trkpt lat="50.64833" lon="4.57277">
        <ele>93</ele>
      </trkpt>
      <trkpt lat="50.64839" lon="4.57302">
        <ele>94</ele>
      </trkpt>
      <trkpt lat="50.64841" lon="4.57313">
        <ele>94</ele>
      </trkpt>
      <trkpt lat="50.64834" lon="4.57381">
        <ele>101</ele>
      </trkpt>
      <trkpt lat="50.64778" lon="4.57597">
        <ele>115</ele>
      </trkpt>
      <trkpt lat="50.64775" lon="4.57626">
        <ele>116</ele>
      </trkpt>
      <trkpt lat="50.64777" lon="4.58186">
        <ele>124</ele>
      </trkpt>
      <trkpt lat="50.64784" lon="4.58247">
        <ele>124</ele>
      </trkpt>
      <trkpt lat="50.64826" lon="4.58485">
        <ele>121</ele>
      </trkpt>
      <trkpt lat="50.64912" lon="4.58649">
        <ele>111</ele>
      </trkpt>
      <trkpt lat="50.64944" lon="4.58703">
        <ele>105</ele>
      </trkpt>
      <trkpt lat="50.64968" lon="4.58736">
        <ele>105</ele>
      </trkpt>
      <trkpt lat="50.65033" lon="4.58839">
        <ele>102</ele>
      </trkpt>
      <trkpt lat="50.65095" lon="4.5892">
        <ele>98</ele>
      </trkpt>
      <trkpt lat="50.65175" lon="4.59029">
        <ele>98</ele>
      </trkpt>
      <trkpt lat="50.65196" lon="4.59068">
        <ele>94</ele>
      </trkpt>
      <trkpt lat="50.65211" lon="4.59111">
        <ele>95</ele>
      </trkpt>
      <trkpt lat="50.65222" lon="4.59156">
        <ele>96</ele>
      </trkpt>
      <trkpt lat="50.65261" lon="4.59313">
        <ele>98</ele>
      </trkpt>
      <trkpt lat="50.65271" lon="4.59302">
        <ele>98</ele>
      </trkpt>
      <trkpt lat="50.65313" lon="4.59234">
        <ele>97</ele>
      </trkpt>
      <trkpt lat="50.65328" lon="4.59208">
        <ele>97</ele>
      </trkpt>
      <trkpt lat="50.65335" lon="4.59192">
        <ele>97</ele>
      </trkpt>
      <trkpt lat="50.65381" lon="4.59003">
        <ele>94</ele>
      </trkpt>
      <trkpt lat="50.65402" lon="4.58894">
        <ele>88</ele>
      </trkpt>
      <trkpt lat="50.65411" lon="4.58869">
        <ele>88</ele>
      </trkpt>
      <trkpt lat="50.65436" lon="4.5882">
        <ele>87</ele>
      </trkpt>
      <trkpt lat="50.65453" lon="4.5879">
        <ele>87</ele>
      </trkpt>
      <trkpt lat="50.65539" lon="4.58661">
        <ele>84</ele>
      </trkpt>
      <trkpt lat="50.65599" lon="4.58576">
        <ele>80</ele>
      </trkpt>
      <trkpt lat="50.65652" lon="4.58494">
        <ele>79</ele>
      </trkpt>
      <trkpt lat="50.65739" lon="4.58335">
        <ele>77</ele>
      </trkpt>
      <trkpt lat="50.65749" lon="4.58309">
        <ele>76</ele>
      </trkpt>
      <trkpt lat="50.65751" lon="4.58291">
        <ele>76</ele>
      </trkpt>
      <trkpt lat="50.65752" lon="4.58273">
        <ele>75</ele>
      </trkpt>
      <trkpt lat="50.65752" lon="4.58155">
        <ele>73</ele>
      </trkpt>
      <trkpt lat="50.6575" lon="4.58131">
        <ele>73</ele>
      </trkpt>
      <trkpt lat="50.65745" lon="4.58113">
        <ele>72</ele>
      </trkpt>
      <trkpt lat="50.65743" lon="4.58096">
        <ele>72</ele>
      </trkpt>
      <trkpt lat="50.6573" lon="4.57947">
        <ele>73</ele>
      </trkpt>
      <trkpt lat="50.65726" lon="4.57928">
        <ele>73</ele>
      </trkpt>
      <trkpt lat="50.65723" lon="4.5792">
        <ele>73</ele>
      </trkpt>
      <trkpt lat="50.65699" lon="4.57882">
        <ele>73</ele>
      </trkpt>
      <trkpt lat="50.65688" lon="4.57858">
        <ele>73</ele>
      </trkpt>
      <trkpt lat="50.65687" lon="4.57846">
        <ele>73</ele>
      </trkpt>
      <trkpt lat="50.65687" lon="4.57835">
        <ele>73</ele>
      </trkpt>
      <trkpt lat="50.6569" lon="4.57822">
        <ele>72</ele>
      </trkpt>
      <trkpt lat="50.65716" lon="4.57782">
        <ele>72</ele>
      </trkpt>
      <trkpt lat="50.65721" lon="4.57768">
        <ele>72</ele>
      </trkpt>
      <trkpt lat="50.65717" lon="4.57764">
        <ele>72</ele>
      </trkpt>
      <trkpt lat="50.65717" lon="4.57743">
        <ele>71</ele>
      </trkpt>
      <trkpt lat="50.65697" lon="4.57487">
        <ele>65</ele>
      </trkpt>
      <trkpt lat="50.65703" lon="4.57487">
        <ele>65</ele>
      </trkpt>
      <trkpt lat="50.65707" lon="4.5748">
        <ele>65</ele>
      </trkpt>
      <trkpt lat="50.65725" lon="4.57463">
        <ele>65</ele>
      </trkpt>
      <trkpt lat="50.65791" lon="4.57447">
        <ele>68</ele>
      </trkpt>
      <trkpt lat="50.65801" lon="4.57442">
        <ele>68</ele>
      </trkpt>
      <trkpt lat="50.6581" lon="4.57434">
        <ele>69</ele>
      </trkpt>
      <trkpt lat="50.65818" lon="4.57422">
        <ele>69</ele>
      </trkpt>
      <trkpt lat="50.65886" lon="4.57235">
        <ele>67</ele>
      </trkpt>
      <trkpt lat="50.65973" lon="4.56983">
        <ele>59</ele>
      </trkpt>
      <trkpt lat="50.66036" lon="4.56779">
        <ele>58</ele>
      </trkpt>
      <trkpt lat="50.66065" lon="4.56679">
        <ele>59</ele>
      </trkpt>
      <trkpt lat="50.6607" lon="4.56661">
        <ele>59</ele>
      </trkpt>
      <trkpt lat="50.66108" lon="4.56537">
        <ele>65</ele>
      </trkpt>
      <trkpt lat="50.66112" lon="4.56515">
        <ele>65</ele>
      </trkpt>
      <trkpt lat="50.66116" lon="4.56474">
        <ele>69</ele>
      </trkpt>
      <trkpt lat="50.66115" lon="4.56435">
        <ele>70</ele>
      </trkpt>
      <trkpt lat="50.66118" lon="4.56405">
        <ele>74</ele>
      </trkpt>
      <trkpt lat="50.66128" lon="4.5637">
        <ele>76</ele>
      </trkpt>
      <trkpt lat="50.66148" lon="4.56388">
        <ele>76</ele>
      </trkpt>
      <trkpt lat="50.66148" lon="4.56389">
        <ele>76</ele>
      </trkpt>
      <trkpt lat="50.66204" lon="4.56439">
        <ele>73</ele>
      </trkpt>
      <trkpt lat="50.66233" lon="4.56457">
        <ele>73</ele>
      </trkpt>
      <trkpt lat="50.66339" lon="4.56512">
        <ele>72</ele>
      </trkpt>
      <trkpt lat="50.66358" lon="4.56527">
        <ele>75</ele>
      </trkpt>
      <trkpt lat="50.66416" lon="4.56588">
        <ele>71</ele>
      </trkpt>
      <trkpt lat="50.66453" lon="4.56629">
        <ele>73</ele>
      </trkpt>
      <trkpt lat="50.66486" lon="4.56653">
        <ele>73</ele>
      </trkpt>
      <trkpt lat="50.66584" lon="4.56703">
        <ele>75</ele>
      </trkpt>
      <trkpt lat="50.66592" lon="4.56711">
        <ele>76</ele>
      </trkpt>
      <trkpt lat="50.66614" lon="4.56757">
        <ele>74</ele>
      </trkpt>
      <trkpt lat="50.66625" lon="4.56773">
        <ele>74</ele>
      </trkpt>
      <trkpt lat="50.66634" lon="4.56783">
        <ele>75</ele>
      </trkpt>
      <trkpt lat="50.66651" lon="4.56794">
        <ele>74</ele>
      </trkpt>
      <trkpt lat="50.6674" lon="4.5683">
        <ele>69</ele>
      </trkpt>
      <trkpt lat="50.67073" lon="4.56966">
        <ele>70</ele>
      </trkpt>
      <trkpt lat="50.67078" lon="4.56963">
        <ele>70</ele>
      </trkpt>
      <trkpt lat="50.67073" lon="4.56966">
        <ele>70</ele>
      </trkpt>
      <trkpt lat="50.67137" lon="4.56996">
        <ele>68</ele>
      </trkpt>
      <trkpt lat="50.67144" lon="4.56996">
        <ele>68</ele>
      </trkpt>
      <trkpt lat="50.67163" lon="4.57019">
        <ele>67</ele>
      </trkpt>
      <trkpt lat="50.67201" lon="4.57017">
        <ele>68</ele>
      </trkpt>
      <trkpt lat="50.67352" lon="4.57081">
        <ele>67</ele>
      </trkpt>
      <trkpt lat="50.67515" lon="4.57153">
        <ele>69</ele>
      </trkpt>
      <trkpt lat="50.67604" lon="4.57202">
        <ele>65</ele>
      </trkpt>
      <trkpt lat="50.67649" lon="4.57224">
        <ele>64</ele>
      </trkpt>
      <trkpt lat="50.67717" lon="4.5725">
        <ele>62</ele>
      </trkpt>
      <trkpt lat="50.6779" lon="4.57266">
        <ele>61</ele>
      </trkpt>
      <trkpt lat="50.67808" lon="4.57267">
        <ele>61</ele>
      </trkpt>
      <trkpt lat="50.67862" lon="4.57279">
        <ele>61</ele>
      </trkpt>
      <trkpt lat="50.67931" lon="4.5729">
        <ele>62</ele>
      </trkpt>
      <trkpt lat="50.6797" lon="4.57292">
        <ele>62</ele>
      </trkpt>
      <trkpt lat="50.67995" lon="4.5729">
        <ele>62</ele>
      </trkpt>
      <trkpt lat="50.68044" lon="4.57286">
        <ele>61</ele>
      </trkpt>
      <trkpt lat="50.68088" lon="4.57277">
        <ele>60</ele>
      </trkpt>
      <trkpt lat="50.68173" lon="4.57231">
        <ele>59</ele>
      </trkpt>
      <trkpt lat="50.68239" lon="4.572">
        <ele>58</ele>
      </trkpt>
      <trkpt lat="50.6828" lon="4.57192">
        <ele>57</ele>
      </trkpt>
      <trkpt lat="50.68296" lon="4.57188">
        <ele>57</ele>
      </trkpt>
      <trkpt lat="50.68366" lon="4.57162">
        <ele>56</ele>
      </trkpt>
      <trkpt lat="50.68468" lon="4.57134">
        <ele>54</ele>
      </trkpt>
      <trkpt lat="50.68494" lon="4.57129">
        <ele>54</ele>
      </trkpt>
      <trkpt lat="50.68531" lon="4.57132">
        <ele>53</ele>
      </trkpt>
      <trkpt lat="50.68551" lon="4.5714">
        <ele>53</ele>
      </trkpt>
      <trkpt lat="50.68699" lon="4.57243">
        <ele>54</ele>
      </trkpt>
      <trkpt lat="50.68929" lon="4.57405">
        <ele>58</ele>
      </trkpt>
      <trkpt lat="50.68929" lon="4.57404">
        <ele>58</ele>
      </trkpt>
      <trkpt lat="50.68928" lon="4.57404">
        <ele>57</ele>
      </trkpt>
      <trkpt lat="50.68928" lon="4.57405">
        <ele>57</ele>
      </trkpt>
      <trkpt lat="50.69053" lon="4.57496">
        <ele>54</ele>
      </trkpt>
      <trkpt lat="50.69065" lon="4.575">
        <ele>54</ele>
      </trkpt>
      <trkpt lat="50.6907" lon="4.57498">
        <ele>54</ele>
      </trkpt>
      <trkpt lat="50.69134" lon="4.57444">
        <ele>53</ele>
      </trkpt>
      <trkpt lat="50.69245" lon="4.5735">
        <ele>56</ele>
      </trkpt>
      <trkpt lat="50.69269" lon="4.57332">
        <ele>58</ele>
      </trkpt>
      <trkpt lat="50.69279" lon="4.5733">
        <ele>58</ele>
      </trkpt>
      <trkpt lat="50.69313" lon="4.57334">
        <ele>58</ele>
      </trkpt>
      <trkpt lat="50.6933" lon="4.57342">
        <ele>59</ele>
      </trkpt>
      <trkpt lat="50.69351" lon="4.57362">
        <ele>60</ele>
      </trkpt>
      <trkpt lat="50.69369" lon="4.57411">
        <ele>59</ele>
      </trkpt>
      <trkpt lat="50.69385" lon="4.57449">
        <ele>60</ele>
      </trkpt>
      <trkpt lat="50.69397" lon="4.57471">
        <ele>59</ele>
      </trkpt>
      <trkpt lat="50.69427" lon="4.57509">
        <ele>58</ele>
      </trkpt>
      <trkpt lat="50.69442" lon="4.57525">
        <ele>59</ele>
      </trkpt>
      <trkpt lat="50.69465" lon="4.57539">
        <ele>59</ele>
      </trkpt>
      <trkpt lat="50.69477" lon="4.57544">
        <ele>59</ele>
      </trkpt>
      <trkpt lat="50.69517" lon="4.57547">
        <ele>58</ele>
      </trkpt>
      <trkpt lat="50.69601" lon="4.57542">
        <ele>61</ele>
      </trkpt>
      <trkpt lat="50.69638" lon="4.57544">
        <ele>61</ele>
      </trkpt>
      <trkpt lat="50.69658" lon="4.57555">
        <ele>63</ele>
      </trkpt>
      <trkpt lat="50.6971" lon="4.57623">
        <ele>66</ele>
      </trkpt>
      <trkpt lat="50.69865" lon="4.57837">
        <ele>61</ele>
      </trkpt>
      <trkpt lat="50.70111" lon="4.58169">
        <ele>58</ele>
      </trkpt>
      <trkpt lat="50.70304" lon="4.58433">
        <ele>62</ele>
      </trkpt>
      <trkpt lat="50.70395" lon="4.58557">
        <ele>59</ele>
      </trkpt>
      <trkpt lat="50.70417" lon="4.5859">
        <ele>54</ele>
      </trkpt>
      <trkpt lat="50.70731" lon="4.59211">
        <ele>51</ele>
      </trkpt>
      <trkpt lat="50.70807" lon="4.59357">
        <ele>52</ele>
      </trkpt>
      <trkpt lat="50.70813" lon="4.5935">
        <ele>53</ele>
      </trkpt>
      <trkpt lat="50.70921" lon="4.59307">
        <ele>64</ele>
      </trkpt>
      <trkpt lat="50.70936" lon="4.59298">
        <ele>71</ele>
      </trkpt>
      <trkpt lat="50.70944" lon="4.59285">
        <ele>72</ele>
      </trkpt>
      <trkpt lat="50.70946" lon="4.59274">
        <ele>72</ele>
      </trkpt>
      <trkpt lat="50.70944" lon="4.59158">
        <ele>80</ele>
      </trkpt>
      <trkpt lat="50.70949" lon="4.59123">
        <ele>81</ele>
      </trkpt>
      <trkpt lat="50.70963" lon="4.59073">
        <ele>84</ele>
      </trkpt>
      <trkpt lat="50.70965" lon="4.59057">
        <ele>84</ele>
      </trkpt>
      <trkpt lat="50.70964" lon="4.59023">
        <ele>85</ele>
      </trkpt>
      <trkpt lat="50.7095" lon="4.5895">
        <ele>86</ele>
      </trkpt>
      <trkpt lat="50.70951" lon="4.58914">
        <ele>86</ele>
      </trkpt>
      <trkpt lat="50.70955" lon="4.58899">
        <ele>87</ele>
      </trkpt>
      <trkpt lat="50.70973" lon="4.58861">
        <ele>89</ele>
      </trkpt>
      <trkpt lat="50.70984" lon="4.58846">
        <ele>89</ele>
      </trkpt>
      <trkpt lat="50.7099" lon="4.58842">
        <ele>89</ele>
      </trkpt>
      <trkpt lat="50.71012" lon="4.58826">
        <ele>94</ele>
      </trkpt>
      <trkpt lat="50.71027" lon="4.5882">
        <ele>95</ele>
      </trkpt>
      <trkpt lat="50.71065" lon="4.58815">
        <ele>95</ele>
      </trkpt>
      <trkpt lat="50.71083" lon="4.58809">
        <ele>96</ele>
      </trkpt>
      <trkpt lat="50.71106" lon="4.58797">
        <ele>98</ele>
      </trkpt>
      <trkpt lat="50.71111" lon="4.58796">
        <ele>98</ele>
      </trkpt>
      <trkpt lat="50.71113" lon="4.58779">
        <ele>98</ele>
      </trkpt>
      <trkpt lat="50.71166" lon="4.58407">
        <ele>101</ele>
      </trkpt>
      <trkpt lat="50.71167" lon="4.58392">
        <ele>101</ele>
      </trkpt>
      <trkpt lat="50.71172" lon="4.58351">
        <ele>101</ele>
      </trkpt>
      <trkpt lat="50.71178" lon="4.58323">
        <ele>101</ele>
      </trkpt>
      <trkpt lat="50.71178" lon="4.58311">
        <ele>101</ele>
      </trkpt>
      <trkpt lat="50.71169" lon="4.58243">
        <ele>101</ele>
      </trkpt>
      <trkpt lat="50.7117" lon="4.58234">
        <ele>101</ele>
      </trkpt>
      <trkpt lat="50.71173" lon="4.58224">
        <ele>101</ele>
      </trkpt>
      <trkpt lat="50.71177" lon="4.58216">
        <ele>101</ele>
      </trkpt>
      <trkpt lat="50.71184" lon="4.58207">
        <ele>101</ele>
      </trkpt>
      <trkpt lat="50.71277" lon="4.58144">
        <ele>100</ele>
      </trkpt>
      <trkpt lat="50.71275" lon="4.5814">
        <ele>100</ele>
      </trkpt>
      <trkpt lat="50.71277" lon="4.58144">
        <ele>100</ele>
      </trkpt>
      <trkpt lat="50.71391" lon="4.58068">
        <ele>98</ele>
      </trkpt>
      <trkpt lat="50.71477" lon="4.58016">
        <ele>100</ele>
      </trkpt>
      <trkpt lat="50.71666" lon="4.57906">
        <ele>107</ele>
      </trkpt>
      <trkpt lat="50.71689" lon="4.57894">
        <ele>109</ele>
      </trkpt>
      <trkpt lat="50.71695" lon="4.57884">
        <ele>109</ele>
      </trkpt>
      <trkpt lat="50.71697" lon="4.57871">
        <ele>109</ele>
      </trkpt>
      <trkpt lat="50.71699" lon="4.57861">
        <ele>109</ele>
      </trkpt>
      <trkpt lat="50.71705" lon="4.57856">
        <ele>109</ele>
      </trkpt>
      <trkpt lat="50.71703" lon="4.57836">
        <ele>109</ele>
      </trkpt>
      <trkpt lat="50.71703" lon="4.57817">
        <ele>110</ele>
      </trkpt>
      <trkpt lat="50.71705" lon="4.57799">
        <ele>111</ele>
      </trkpt>
      <trkpt lat="50.71734" lon="4.57655">
        <ele>113</ele>
      </trkpt>
      <trkpt lat="50.71736" lon="4.57639">
        <ele>113</ele>
      </trkpt>
      <trkpt lat="50.71735" lon="4.5762">
        <ele>113</ele>
      </trkpt>
      <trkpt lat="50.71732" lon="4.57603">
        <ele>113</ele>
      </trkpt>
      <trkpt lat="50.71741" lon="4.57597">
        <ele>113</ele>
      </trkpt>
      <trkpt lat="50.71748" lon="4.57589">
        <ele>113</ele>
      </trkpt>
      <trkpt lat="50.71766" lon="4.57536">
        <ele>113</ele>
      </trkpt>
      <trkpt lat="50.71782" lon="4.5751">
        <ele>113</ele>
      </trkpt>
      <trkpt lat="50.71948" lon="4.57265">
        <ele>110</ele>
      </trkpt>
      <trkpt lat="50.71966" lon="4.5723">
        <ele>108</ele>
      </trkpt>
      <trkpt lat="50.71986" lon="4.57183">
        <ele>107</ele>
      </trkpt>
      <trkpt lat="50.72026" lon="4.57087">
        <ele>105</ele>
      </trkpt>
      <trkpt lat="50.7209" lon="4.56875">
        <ele>103</ele>
      </trkpt>
      <trkpt lat="50.72096" lon="4.56821">
        <ele>105</ele>
      </trkpt>
      <trkpt lat="50.72095" lon="4.56772">
        <ele>104</ele>
      </trkpt>
      <trkpt lat="50.72092" lon="4.56752">
        <ele>104</ele>
      </trkpt>
      <trkpt lat="50.72071" lon="4.5668">
        <ele>103</ele>
      </trkpt>
      <trkpt lat="50.72067" lon="4.56656">
        <ele>103</ele>
      </trkpt>
      <trkpt lat="50.72066" lon="4.56633">
        <ele>103</ele>
      </trkpt>
      <trkpt lat="50.72092" lon="4.56468">
        <ele>104</ele>
      </trkpt>
      <trkpt lat="50.721" lon="4.56442">
        <ele>102</ele>
      </trkpt>
      <trkpt lat="50.72174" lon="4.56303">
        <ele>100</ele>
      </trkpt>
      <trkpt lat="50.72188" lon="4.56272">
        <ele>98</ele>
      </trkpt>
      <trkpt lat="50.72277" lon="4.56089">
        <ele>95</ele>
      </trkpt>
      <trkpt lat="50.72285" lon="4.56078">
        <ele>95</ele>
      </trkpt>
      <trkpt lat="50.72399" lon="4.5601">
        <ele>92</ele>
      </trkpt>
      <trkpt lat="50.7244" lon="4.55982">
        <ele>92</ele>
      </trkpt>
      <trkpt lat="50.72573" lon="4.55891">
        <ele>91</ele>
      </trkpt>
      <trkpt lat="50.72748" lon="4.55777">
        <ele>88</ele>
      </trkpt>
      <trkpt lat="50.72843" lon="4.5571">
        <ele>84</ele>
      </trkpt>
      <trkpt lat="50.7299" lon="4.55643">
        <ele>65</ele>
      </trkpt>
      <trkpt lat="50.73005" lon="4.5564">
        <ele>64</ele>
      </trkpt>
      <trkpt lat="50.73018" lon="4.55641">
        <ele>58</ele>
      </trkpt>
      <trkpt lat="50.73032" lon="4.55647">
        <ele>57</ele>
      </trkpt>
      <trkpt lat="50.73105" lon="4.55696">
        <ele>55</ele>
      </trkpt>
      <trkpt lat="50.73125" lon="4.55701">
        <ele>54</ele>
      </trkpt>
      <trkpt lat="50.73171" lon="4.55681">
        <ele>54</ele>
      </trkpt>
      <trkpt lat="50.73187" lon="4.55685">
        <ele>53</ele>
      </trkpt>
      <trkpt lat="50.73289" lon="4.55564">
        <ele>49</ele>
      </trkpt>
      <trkpt lat="50.7333" lon="4.55515">
        <ele>49</ele>
      </trkpt>
      <trkpt lat="50.73392" lon="4.55427">
        <ele>48</ele>
      </trkpt>
      <trkpt lat="50.7342" lon="4.55394">
        <ele>49</ele>
      </trkpt>
      <trkpt lat="50.73433" lon="4.55417">
        <ele>49</ele>
      </trkpt>
      <trkpt lat="50.73472" lon="4.55502">
        <ele>48</ele>
      </trkpt>
      <trkpt lat="50.73502" lon="4.5547">
        <ele>50</ele>
      </trkpt>
      <trkpt lat="50.73672" lon="4.55254">
        <ele>57</ele>
      </trkpt>
      <trkpt lat="50.73726" lon="4.55273">
        <ele>57</ele>
      </trkpt>
      <trkpt lat="50.73786" lon="4.55305">
        <ele>55</ele>
      </trkpt>
      <trkpt lat="50.73793" lon="4.55311">
        <ele>55</ele>
      </trkpt>
      <trkpt lat="50.73965" lon="4.55535">
        <ele>50</ele>
      </trkpt>
      <trkpt lat="50.73978" lon="4.55559">
        <ele>51</ele>
      </trkpt>
      <trkpt lat="50.74004" lon="4.55623">
        <ele>50</ele>
      </trkpt>
      <trkpt lat="50.74018" lon="4.5565">
        <ele>55</ele>
      </trkpt>
      <trkpt lat="50.74038" lon="4.55678">
        <ele>53</ele>
      </trkpt>
      <trkpt lat="50.74038" lon="4.55679">
        <ele>53</ele>
      </trkpt>
      <trkpt lat="50.7407" lon="4.55712">
        <ele>53</ele>
      </trkpt>
      <trkpt lat="50.74081" lon="4.55716">
        <ele>54</ele>
      </trkpt>
      <trkpt lat="50.74091" lon="4.55714">
        <ele>54</ele>
      </trkpt>
      <trkpt lat="50.74114" lon="4.55697">
        <ele>60</ele>
      </trkpt>
      <trkpt lat="50.74122" lon="4.55694">
        <ele>60</ele>
      </trkpt>
      <trkpt lat="50.74131" lon="4.55695">
        <ele>60</ele>
      </trkpt>
      <trkpt lat="50.74209" lon="4.55747">
        <ele>58</ele>
      </trkpt>
      <trkpt lat="50.74254" lon="4.55769">
        <ele>57</ele>
      </trkpt>
      <trkpt lat="50.74307" lon="4.55801">
        <ele>56</ele>
      </trkpt>
      <trkpt lat="50.7436" lon="4.55819">
        <ele>58</ele>
      </trkpt>
      <trkpt lat="50.74372" lon="4.55826">
        <ele>54</ele>
      </trkpt>
      <trkpt lat="50.74471" lon="4.55912">
        <ele>55</ele>
      </trkpt>
      <trkpt lat="50.74493" lon="4.55921">
        <ele>56</ele>
      </trkpt>
      <trkpt lat="50.74526" lon="4.55913">
        <ele>65</ele>
      </trkpt>
      <trkpt lat="50.74581" lon="4.55918">
        <ele>67</ele>
      </trkpt>
      <trkpt lat="50.74604" lon="4.55931">
        <ele>73</ele>
      </trkpt>
      <trkpt lat="50.74676" lon="4.55983">
        <ele>73</ele>
      </trkpt>
      <trkpt lat="50.74817" lon="4.56136">
        <ele>62</ele>
      </trkpt>
      <trkpt lat="50.74831" lon="4.56163">
        <ele>56</ele>
      </trkpt>
      <trkpt lat="50.74847" lon="4.56225">
        <ele>59</ele>
      </trkpt>
      <trkpt lat="50.74853" lon="4.56241">
        <ele>59</ele>
      </trkpt>
      <trkpt lat="50.74862" lon="4.56255">
        <ele>55</ele>
      </trkpt>
      <trkpt lat="50.74953" lon="4.56366">
        <ele>55</ele>
      </trkpt>
      <trkpt lat="50.74963" lon="4.56381">
        <ele>55</ele>
      </trkpt>
      <trkpt lat="50.74972" lon="4.56401">
        <ele>55</ele>
      </trkpt>
      <trkpt lat="50.75" lon="4.56482">
        <ele>49</ele>
      </trkpt>
      <trkpt lat="50.75006" lon="4.56502">
        <ele>46</ele>
      </trkpt>
      <trkpt lat="50.75013" lon="4.5656">
        <ele>47</ele>
      </trkpt>
      <trkpt lat="50.75018" lon="4.56576">
        <ele>47</ele>
      </trkpt>
      <trkpt lat="50.75025" lon="4.56591">
        <ele>45</ele>
      </trkpt>
      <trkpt lat="50.75042" lon="4.56615">
        <ele>45</ele>
      </trkpt>
      <trkpt lat="50.75105" lon="4.56685">
        <ele>44</ele>
      </trkpt>
      <trkpt lat="50.75127" lon="4.56707">
        <ele>44</ele>
      </trkpt>
      <trkpt lat="50.75165" lon="4.56732">
        <ele>44</ele>
      </trkpt>
      <trkpt lat="50.75262" lon="4.5679">
        <ele>43</ele>
      </trkpt>
      <trkpt lat="50.75335" lon="4.56817">
        <ele>43</ele>
      </trkpt>
      <trkpt lat="50.75352" lon="4.56825">
        <ele>45</ele>
      </trkpt>
      <trkpt lat="50.75334" lon="4.5686">
        <ele>42</ele>
      </trkpt>
      <trkpt lat="50.75298" lon="4.56931">
        <ele>42</ele>
      </trkpt>
      <trkpt lat="50.75143" lon="4.57157">
        <ele>48</ele>
      </trkpt>
      <trkpt lat="50.75122" lon="4.5718">
        <ele>54</ele>
      </trkpt>
      <trkpt lat="50.75089" lon="4.57211">
        <ele>57</ele>
      </trkpt>
      <trkpt lat="50.75092" lon="4.57211">
        <ele>57</ele>
      </trkpt>
      <trkpt lat="50.75143" lon="4.57206">
        <ele>54</ele>
      </trkpt>
      <trkpt lat="50.75169" lon="4.57199">
        <ele>54</ele>
      </trkpt>
      <trkpt lat="50.75192" lon="4.5719">
        <ele>52</ele>
      </trkpt>
      <trkpt lat="50.75611" lon="4.56986">
        <ele>72</ele>
      </trkpt>
      <trkpt lat="50.75648" lon="4.56964">
        <ele>74</ele>
      </trkpt>
      <trkpt lat="50.75689" lon="4.57133">
        <ele>75</ele>
      </trkpt>
      <trkpt lat="50.75693" lon="4.57155">
        <ele>75</ele>
      </trkpt>
      <trkpt lat="50.75694" lon="4.57183">
        <ele>73</ele>
      </trkpt>
      <trkpt lat="50.75693" lon="4.57244">
        <ele>70</ele>
      </trkpt>
      <trkpt lat="50.75694" lon="4.57263">
        <ele>69</ele>
      </trkpt>
      <trkpt lat="50.75698" lon="4.57285">
        <ele>69</ele>
      </trkpt>
      <trkpt lat="50.75705" lon="4.57307">
        <ele>69</ele>
      </trkpt>
      <trkpt lat="50.75777" lon="4.57519">
        <ele>67</ele>
      </trkpt>
      <trkpt lat="50.758" lon="4.57566">
        <ele>67</ele>
      </trkpt>
      <trkpt lat="50.75898" lon="4.57716">
        <ele>60</ele>
      </trkpt>
      <trkpt lat="50.75912" lon="4.57749">
        <ele>54</ele>
      </trkpt>
      <trkpt lat="50.75917" lon="4.57777">
        <ele>53</ele>
      </trkpt>
      <trkpt lat="50.75962" lon="4.58095">
        <ele>48</ele>
      </trkpt>
      <trkpt lat="50.75969" lon="4.58129">
        <ele>47</ele>
      </trkpt>
      <trkpt lat="50.76016" lon="4.58285">
        <ele>50</ele>
      </trkpt>
      <trkpt lat="50.76033" lon="4.58318">
        <ele>50</ele>
      </trkpt>
      <trkpt lat="50.76125" lon="4.58452">
        <ele>53</ele>
      </trkpt>
      <trkpt lat="50.76163" lon="4.58524">
        <ele>52</ele>
      </trkpt>
      <trkpt lat="50.76182" lon="4.58548">
        <ele>62</ele>
      </trkpt>
      <trkpt lat="50.76232" lon="4.58598">
        <ele>62</ele>
      </trkpt>
      <trkpt lat="50.76243" lon="4.58613">
        <ele>63</ele>
      </trkpt>
      <trkpt lat="50.76252" lon="4.58629">
        <ele>63</ele>
      </trkpt>
      <trkpt lat="50.76262" lon="4.58651">
        <ele>64</ele>
      </trkpt>
      <trkpt lat="50.76269" lon="4.58679">
        <ele>69</ele>
      </trkpt>
      <trkpt lat="50.76353" lon="4.59156">
        <ele>53</ele>
      </trkpt>
      <trkpt lat="50.76373" lon="4.59267">
        <ele>49</ele>
      </trkpt>
      <trkpt lat="50.7638" lon="4.59295">
        <ele>48</ele>
      </trkpt>
      <trkpt lat="50.76388" lon="4.59317">
        <ele>49</ele>
      </trkpt>
      <trkpt lat="50.76553" lon="4.59665">
        <ele>44</ele>
      </trkpt>
      <trkpt lat="50.7668" lon="4.59934">
        <ele>42</ele>
      </trkpt>
      <trkpt lat="50.76704" lon="4.59972">
        <ele>42</ele>
      </trkpt>
      <trkpt lat="50.76771" lon="4.60053">
        <ele>43</ele>
      </trkpt>
      <trkpt lat="50.76793" lon="4.60084">
        <ele>41</ele>
      </trkpt>
      <trkpt lat="50.76836" lon="4.60184">
        <ele>40</ele>
      </trkpt>
      <trkpt lat="50.76845" lon="4.60208">
        <ele>40</ele>
      </trkpt>
      <trkpt lat="50.76855" lon="4.60227">
        <ele>42</ele>
      </trkpt>
      <trkpt lat="50.76878" lon="4.60258">
        <ele>40</ele>
      </trkpt>
      <trkpt lat="50.7691" lon="4.60291">
        <ele>40</ele>
      </trkpt>
      <trkpt lat="50.76918" lon="4.60298">
        <ele>40</ele>
      </trkpt>
      <trkpt lat="50.76933" lon="4.60317">
        <ele>42</ele>
      </trkpt>
      <trkpt lat="50.76955" lon="4.60355">
        <ele>41</ele>
      </trkpt>
      <trkpt lat="50.76968" lon="4.6037">
        <ele>40</ele>
      </trkpt>
      <trkpt lat="50.76991" lon="4.60394">
        <ele>41</ele>
      </trkpt>
      <trkpt lat="50.77005" lon="4.60409">
        <ele>41</ele>
      </trkpt>
      <trkpt lat="50.77028" lon="4.60441">
        <ele>41</ele>
      </trkpt>
      <trkpt lat="50.77047" lon="4.60477">
        <ele>41</ele>
      </trkpt>
      <trkpt lat="50.77091" lon="4.60578">
        <ele>39</ele>
      </trkpt>
      <trkpt lat="50.77101" lon="4.60605">
        <ele>41</ele>
      </trkpt>
      <trkpt lat="50.77129" lon="4.60692">
        <ele>40</ele>
      </trkpt>
      <trkpt lat="50.77138" lon="4.60714">
        <ele>40</ele>
      </trkpt>
      <trkpt lat="50.77148" lon="4.60735">
        <ele>40</ele>
      </trkpt>
      <trkpt lat="50.77201" lon="4.60824">
        <ele>41</ele>
      </trkpt>
      <trkpt lat="50.77254" lon="4.60929">
        <ele>39</ele>
      </trkpt>
      <trkpt lat="50.77268" lon="4.60951">
        <ele>39</ele>
      </trkpt>
      <trkpt lat="50.77351" lon="4.61041">
        <ele>39</ele>
      </trkpt>
      <trkpt lat="50.77363" lon="4.6105">
        <ele>39</ele>
      </trkpt>
      <trkpt lat="50.77396" lon="4.6106">
        <ele>40</ele>
      </trkpt>
      <trkpt lat="50.77418" lon="4.61073">
        <ele>40</ele>
      </trkpt>
      <trkpt lat="50.7743" lon="4.61085">
        <ele>41</ele>
      </trkpt>
      <trkpt lat="50.77438" lon="4.61098">
        <ele>41</ele>
      </trkpt>
      <trkpt lat="50.775" lon="4.61239">
        <ele>40</ele>
      </trkpt>
      <trkpt lat="50.77513" lon="4.61262">
        <ele>39</ele>
      </trkpt>
      <trkpt lat="50.77534" lon="4.61289">
        <ele>39</ele>
      </trkpt>
      <trkpt lat="50.77593" lon="4.61348">
        <ele>38</ele>
      </trkpt>
      <trkpt lat="50.77628" lon="4.61377">
        <ele>38</ele>
      </trkpt>
      <trkpt lat="50.7767" lon="4.61405">
        <ele>38</ele>
      </trkpt>
      <trkpt lat="50.77699" lon="4.61437">
        <ele>38</ele>
      </trkpt>
      <trkpt lat="50.77738" lon="4.61491">
        <ele>37</ele>
      </trkpt>
      <trkpt lat="50.77759" lon="4.61504">
        <ele>36</ele>
      </trkpt>
      <trkpt lat="50.77775" lon="4.61505">
        <ele>39</ele>
      </trkpt>
      <trkpt lat="50.77814" lon="4.61496">
        <ele>39</ele>
      </trkpt>
      <trkpt lat="50.77851" lon="4.61531">
        <ele>43</ele>
      </trkpt>
      <trkpt lat="50.77954" lon="4.61704">
        <ele>42</ele>
      </trkpt>
      <trkpt lat="50.78032" lon="4.61815">
        <ele>40</ele>
      </trkpt>
      <trkpt lat="50.78135" lon="4.61919">
        <ele>35</ele>
      </trkpt>
      <trkpt lat="50.78163" lon="4.61959">
        <ele>35</ele>
      </trkpt>
      <trkpt lat="50.78181" lon="4.6198">
        <ele>38</ele>
      </trkpt>
      <trkpt lat="50.78261" lon="4.6207">
        <ele>36</ele>
      </trkpt>
      <trkpt lat="50.78276" lon="4.62082">
        <ele>36</ele>
      </trkpt>
      <trkpt lat="50.78311" lon="4.62103">
        <ele>36</ele>
      </trkpt>
      <trkpt lat="50.78337" lon="4.62124">
        <ele>36</ele>
      </trkpt>
      <trkpt lat="50.78384" lon="4.6217">
        <ele>35</ele>
      </trkpt>
      <trkpt lat="50.78465" lon="4.6224">
        <ele>36</ele>
      </trkpt>
      <trkpt lat="50.78494" lon="4.62253">
        <ele>35</ele>
      </trkpt>
      <trkpt lat="50.78557" lon="4.62276">
        <ele>35</ele>
      </trkpt>
      <trkpt lat="50.78585" lon="4.6229">
        <ele>36</ele>
      </trkpt>
      <trkpt lat="50.78642" lon="4.62324">
        <ele>36</ele>
      </trkpt>
      <trkpt lat="50.78658" lon="4.62335">
        <ele>35</ele>
      </trkpt>
      <trkpt lat="50.78722" lon="4.62389">
        <ele>35</ele>
      </trkpt>
      <trkpt lat="50.78753" lon="4.62405">
        <ele>35</ele>
      </trkpt>
      <trkpt lat="50.78766" lon="4.62402">
        <ele>36</ele>
      </trkpt>
      <trkpt lat="50.78768" lon="4.62413">
        <ele>34</ele>
      </trkpt>
      <trkpt lat="50.78772" lon="4.62424">
        <ele>34</ele>
      </trkpt>
      <trkpt lat="50.78815" lon="4.62471">
        <ele>34</ele>
      </trkpt>
      <trkpt lat="50.78832" lon="4.62479">
        <ele>34</ele>
      </trkpt>
      <trkpt lat="50.78865" lon="4.62483">
        <ele>36</ele>
      </trkpt>
      <trkpt lat="50.78896" lon="4.62494">
        <ele>35</ele>
      </trkpt>
      <trkpt lat="50.78915" lon="4.62506">
        <ele>35</ele>
      </trkpt>
      <trkpt lat="50.78966" lon="4.62549">
        <ele>36</ele>
      </trkpt>
      <trkpt lat="50.78995" lon="4.62564">
        <ele>36</ele>
      </trkpt>
      <trkpt lat="50.79528" lon="4.6261">
        <ele>35</ele>
      </trkpt>
      <trkpt lat="50.79568" lon="4.6262">
        <ele>35</ele>
      </trkpt>
      <trkpt lat="50.79597" lon="4.62632">
        <ele>37</ele>
      </trkpt>
      <trkpt lat="50.79658" lon="4.62668">
        <ele>35</ele>
      </trkpt>
      <trkpt lat="50.79881" lon="4.62857">
        <ele>34</ele>
      </trkpt>
      <trkpt lat="50.79915" lon="4.62874">
        <ele>35</ele>
      </trkpt>
      <trkpt lat="50.80103" lon="4.62968">
        <ele>35</ele>
      </trkpt>
      <trkpt lat="50.8013" lon="4.62977">
        <ele>35</ele>
      </trkpt>
      <trkpt lat="50.80146" lon="4.62978">
        <ele>35</ele>
      </trkpt>
      <trkpt lat="50.80157" lon="4.62978">
        <ele>35</ele>
      </trkpt>
      <trkpt lat="50.80173" lon="4.62973">
        <ele>35</ele>
      </trkpt>
      <trkpt lat="50.8019" lon="4.62965">
        <ele>34</ele>
      </trkpt>
      <trkpt lat="50.80308" lon="4.62874">
        <ele>37</ele>
      </trkpt>
      <trkpt lat="50.80329" lon="4.62864">
        <ele>38</ele>
      </trkpt>
      <trkpt lat="50.80384" lon="4.62849">
        <ele>38</ele>
      </trkpt>
      <trkpt lat="50.80407" lon="4.62849">
        <ele>38</ele>
      </trkpt>
      <trkpt lat="50.80503" lon="4.62878">
        <ele>39</ele>
      </trkpt>
      <trkpt lat="50.80518" lon="4.62879">
        <ele>40</ele>
      </trkpt>
      <trkpt lat="50.80535" lon="4.62877">
        <ele>40</ele>
      </trkpt>
      <trkpt lat="50.80586" lon="4.62857">
        <ele>41</ele>
      </trkpt>
      <trkpt lat="50.80605" lon="4.62852">
        <ele>42</ele>
      </trkpt>
      <trkpt lat="50.80622" lon="4.62853">
        <ele>42</ele>
      </trkpt>
      <trkpt lat="50.80812" lon="4.62898">
        <ele>46</ele>
      </trkpt>
      <trkpt lat="50.80891" lon="4.62936">
        <ele>43</ele>
      </trkpt>
      <trkpt lat="50.80901" lon="4.62938">
        <ele>43</ele>
      </trkpt>
      <trkpt lat="50.80923" lon="4.62935">
        <ele>43</ele>
      </trkpt>
      <trkpt lat="50.80936" lon="4.62928">
        <ele>43</ele>
      </trkpt>
      <trkpt lat="50.80949" lon="4.62918">
        <ele>43</ele>
      </trkpt>
      <trkpt lat="50.81065" lon="4.62764">
        <ele>49</ele>
      </trkpt>
      <trkpt lat="50.81078" lon="4.62749">
        <ele>49</ele>
      </trkpt>
      <trkpt lat="50.81099" lon="4.62733">
        <ele>47</ele>
      </trkpt>
      <trkpt lat="50.81112" lon="4.62728">
        <ele>46</ele>
      </trkpt>
      <trkpt lat="50.81136" lon="4.62726">
        <ele>46</ele>
      </trkpt>
      <trkpt lat="50.81184" lon="4.62732">
        <ele>40</ele>
      </trkpt>
      <trkpt lat="50.81195" lon="4.62729">
        <ele>40</ele>
      </trkpt>
      <trkpt lat="50.81216" lon="4.62717">
        <ele>39</ele>
      </trkpt>
      <trkpt lat="50.81239" lon="4.62697">
        <ele>38</ele>
      </trkpt>
      <trkpt lat="50.81432" lon="4.62529">
        <ele>32</ele>
      </trkpt>
      <trkpt lat="50.81551" lon="4.62411">
        <ele>36</ele>
      </trkpt>
      <trkpt lat="50.81559" lon="4.62405">
        <ele>38</ele>
      </trkpt>
      <trkpt lat="50.81568" lon="4.62403">
        <ele>38</ele>
      </trkpt>
      <trkpt lat="50.8158" lon="4.6242">
        <ele>37</ele>
      </trkpt>
      <trkpt lat="50.81593" lon="4.62445">
        <ele>38</ele>
      </trkpt>
      <trkpt lat="50.81623" lon="4.62514">
        <ele>42</ele>
      </trkpt>
      <trkpt lat="50.81637" lon="4.62533">
        <ele>42</ele>
      </trkpt>
      <trkpt lat="50.81676" lon="4.62568">
        <ele>43</ele>
      </trkpt>
      <trkpt lat="50.81694" lon="4.62587">
        <ele>48</ele>
      </trkpt>
      <trkpt lat="50.81717" lon="4.62626">
        <ele>48</ele>
      </trkpt>
      <trkpt lat="50.81722" lon="4.62629">
        <ele>49</ele>
      </trkpt>
      <trkpt lat="50.81724" lon="4.62628">
        <ele>49</ele>
      </trkpt>
      <trkpt lat="50.81731" lon="4.62625">
        <ele>49</ele>
      </trkpt>
      <trkpt lat="50.81737" lon="4.62618">
        <ele>49</ele>
      </trkpt>
      <trkpt lat="50.81743" lon="4.62606">
        <ele>49</ele>
      </trkpt>
      <trkpt lat="50.81747" lon="4.62576">
        <ele>50</ele>
      </trkpt>
      <trkpt lat="50.81745" lon="4.62546">
        <ele>50</ele>
      </trkpt>
      <trkpt lat="50.81747" lon="4.62537">
        <ele>50</ele>
      </trkpt>
      <trkpt lat="50.8175" lon="4.62533">
        <ele>51</ele>
      </trkpt>
      <trkpt lat="50.81733" lon="4.62484">
        <ele>51</ele>
      </trkpt>
      <trkpt lat="50.81733" lon="4.62473">
        <ele>51</ele>
      </trkpt>
      <trkpt lat="50.81747" lon="4.62422">
        <ele>52</ele>
      </trkpt>
      <trkpt lat="50.81751" lon="4.62397">
        <ele>53</ele>
      </trkpt>
      <trkpt lat="50.81749" lon="4.6237">
        <ele>53</ele>
      </trkpt>
      <trkpt lat="50.81742" lon="4.62348">
        <ele>53</ele>
      </trkpt>
      <trkpt lat="50.81725" lon="4.62299">
        <ele>54</ele>
      </trkpt>
      <trkpt lat="50.81722" lon="4.62268">
        <ele>54</ele>
      </trkpt>
      <trkpt lat="50.81719" lon="4.62196">
        <ele>55</ele>
      </trkpt>
      <trkpt lat="50.81727" lon="4.62192">
        <ele>55</ele>
      </trkpt>
      <trkpt lat="50.8174" lon="4.62175">
        <ele>56</ele>
      </trkpt>
      <trkpt lat="50.81845" lon="4.62031">
        <ele>67</ele>
      </trkpt>
      <trkpt lat="50.81853" lon="4.62017">
        <ele>70</ele>
      </trkpt>
      <trkpt lat="50.81858" lon="4.62008">
        <ele>71</ele>
      </trkpt>
      <trkpt lat="50.8188" lon="4.61953">
        <ele>73</ele>
      </trkpt>
      <trkpt lat="50.81926" lon="4.61848">
        <ele>75</ele>
      </trkpt>
      <trkpt lat="50.81951" lon="4.61808">
        <ele>79</ele>
      </trkpt>
      <trkpt lat="50.82165" lon="4.61497">
        <ele>80</ele>
      </trkpt>
      <trkpt lat="50.82239" lon="4.61404">
        <ele>82</ele>
      </trkpt>
      <trkpt lat="50.824" lon="4.61217">
        <ele>83</ele>
      </trkpt>
      <trkpt lat="50.82681" lon="4.60888">
        <ele>86</ele>
      </trkpt>
      <trkpt lat="50.82948" lon="4.60524">
        <ele>87</ele>
      </trkpt>
      <trkpt lat="50.82973" lon="4.60495">
        <ele>86</ele>
      </trkpt>
      <trkpt lat="50.82999" lon="4.60469">
        <ele>85</ele>
      </trkpt>
      <trkpt lat="50.83356" lon="4.60171">
        <ele>94</ele>
      </trkpt>
      <trkpt lat="50.83384" lon="4.60138">
        <ele>95</ele>
      </trkpt>
      <trkpt lat="50.8342" lon="4.60083">
        <ele>95</ele>
      </trkpt>
      <trkpt lat="50.83431" lon="4.60066">
        <ele>97</ele>
      </trkpt>
      <trkpt lat="50.83462" lon="4.60039">
        <ele>96</ele>
      </trkpt>
      <trkpt lat="50.83673" lon="4.59877">
        <ele>101</ele>
      </trkpt>
      <trkpt lat="50.83695" lon="4.59858">
        <ele>98</ele>
      </trkpt>
      <trkpt lat="50.83726" lon="4.59826">
        <ele>101</ele>
      </trkpt>
      <trkpt lat="50.84092" lon="4.59394">
        <ele>88</ele>
      </trkpt>
      <trkpt lat="50.84114" lon="4.59374">
        <ele>85</ele>
      </trkpt>
      <trkpt lat="50.84139" lon="4.59358">
        <ele>85</ele>
      </trkpt>
      <trkpt lat="50.84175" lon="4.59358">
        <ele>84</ele>
      </trkpt>
      <trkpt lat="50.84193" lon="4.59363">
        <ele>82</ele>
      </trkpt>
      <trkpt lat="50.84257" lon="4.59402">
        <ele>81</ele>
      </trkpt>
      <trkpt lat="50.8431" lon="4.59415">
        <ele>77</ele>
      </trkpt>
      <trkpt lat="50.84378" lon="4.59427">
        <ele>74</ele>
      </trkpt>
      <trkpt lat="50.84406" lon="4.5943">
        <ele>73</ele>
      </trkpt>
      <trkpt lat="50.84434" lon="4.59428">
        <ele>70</ele>
      </trkpt>
      <trkpt lat="50.84454" lon="4.59419">
        <ele>70</ele>
      </trkpt>
      <trkpt lat="50.84484" lon="4.59401">
        <ele>70</ele>
      </trkpt>
      <trkpt lat="50.8465" lon="4.5926">
        <ele>60</ele>
      </trkpt>
      <trkpt lat="50.84751" lon="4.59163">
        <ele>55</ele>
      </trkpt>
      <trkpt lat="50.8477" lon="4.59147">
        <ele>54</ele>
      </trkpt>
      <trkpt lat="50.84823" lon="4.59269">
        <ele>54</ele>
      </trkpt>
      <trkpt lat="50.84842" lon="4.59318">
        <ele>54</ele>
      </trkpt>
      <trkpt lat="50.84869" lon="4.59391">
        <ele>54</ele>
      </trkpt>
      <trkpt lat="50.8488" lon="4.59381">
        <ele>54</ele>
      </trkpt>
      <trkpt lat="50.85005" lon="4.59327">
        <ele>54</ele>
      </trkpt>
      <trkpt lat="50.8502" lon="4.59314">
        <ele>57</ele>
      </trkpt>
      <trkpt lat="50.85089" lon="4.592">
        <ele>62</ele>
      </trkpt>
      <trkpt lat="50.85206" lon="4.59001">
        <ele>78</ele>
      </trkpt>
      <trkpt lat="50.85274" lon="4.58913">
        <ele>76</ele>
      </trkpt>
      <trkpt lat="50.8541" lon="4.58754">
        <ele>67</ele>
      </trkpt>
      <trkpt lat="50.85421" lon="4.5874">
        <ele>67</ele>
      </trkpt>
      <trkpt lat="50.85431" lon="4.58731">
        <ele>64</ele>
      </trkpt>
      <trkpt lat="50.85603" lon="4.58543">
        <ele>54</ele>
      </trkpt>
      <trkpt lat="50.85634" lon="4.58517">
        <ele>53</ele>
      </trkpt>
      <trkpt lat="50.85718" lon="4.58456">
        <ele>51</ele>
      </trkpt>
      <trkpt lat="50.86054" lon="4.58169">
        <ele>70</ele>
      </trkpt>
      <trkpt lat="50.86152" lon="4.58091">
        <ele>78</ele>
      </trkpt>
      <trkpt lat="50.86236" lon="4.5803">
        <ele>84</ele>
      </trkpt>
      <trkpt lat="50.86278" lon="4.58025">
        <ele>85</ele>
      </trkpt>
      <trkpt lat="50.86299" lon="4.58027">
        <ele>85</ele>
      </trkpt>
      <trkpt lat="50.86621" lon="4.58159">
        <ele>89</ele>
      </trkpt>
      <trkpt lat="50.86633" lon="4.58163">
        <ele>89</ele>
      </trkpt>
      <trkpt lat="50.86655" lon="4.58165">
        <ele>89</ele>
      </trkpt>
      <trkpt lat="50.86675" lon="4.58162">
        <ele>89</ele>
      </trkpt>
      <trkpt lat="50.86697" lon="4.5815">
        <ele>89</ele>
      </trkpt>
      <trkpt lat="50.86722" lon="4.58123">
        <ele>90</ele>
      </trkpt>
      <trkpt lat="50.86767" lon="4.58052">
        <ele>85</ele>
      </trkpt>
      <trkpt lat="50.86798" lon="4.58016">
        <ele>84</ele>
      </trkpt>
      <trkpt lat="50.86825" lon="4.57995">
        <ele>84</ele>
      </trkpt>
      <trkpt lat="50.86871" lon="4.57973">
        <ele>81</ele>
      </trkpt>
      <trkpt lat="50.86898" lon="4.57966">
        <ele>81</ele>
      </trkpt>
      <trkpt lat="50.87019" lon="4.57931">
        <ele>71</ele>
      </trkpt>
      <trkpt lat="50.87083" lon="4.57927">
        <ele>69</ele>
      </trkpt>
      <trkpt lat="50.87186" lon="4.57905">
        <ele>63</ele>
      </trkpt>
      <trkpt lat="50.87231" lon="4.5789">
        <ele>62</ele>
      </trkpt>
      <trkpt lat="50.8729" lon="4.57858">
        <ele>58</ele>
      </trkpt>
      <trkpt lat="50.87345" lon="4.57835">
        <ele>57</ele>
      </trkpt>
      <trkpt lat="50.87393" lon="4.57823">
        <ele>52</ele>
      </trkpt>
      <trkpt lat="50.87467" lon="4.57795">
        <ele>48</ele>
      </trkpt>
      <trkpt lat="50.87489" lon="4.57782">
        <ele>48</ele>
      </trkpt>
      <trkpt lat="50.87529" lon="4.57751">
        <ele>46</ele>
      </trkpt>
      <trkpt lat="50.87538" lon="4.5774">
        <ele>46</ele>
      </trkpt>
      <trkpt lat="50.87544" lon="4.57729">
        <ele>46</ele>
      </trkpt>
      <trkpt lat="50.87551" lon="4.5771">
        <ele>46</ele>
      </trkpt>
      <trkpt lat="50.87555" lon="4.57695">
        <ele>45</ele>
      </trkpt>
      <trkpt lat="50.87556" lon="4.57663">
        <ele>46</ele>
      </trkpt>
      <trkpt lat="50.87553" lon="4.57651">
        <ele>46</ele>
      </trkpt>
      <trkpt lat="50.87505" lon="4.57575">
        <ele>48</ele>
      </trkpt>
      <trkpt lat="50.87669" lon="4.57407">
        <ele>48</ele>
      </trkpt>
      <trkpt lat="50.87748" lon="4.57322">
        <ele>50</ele>
      </trkpt>
      <trkpt lat="50.87806" lon="4.57267">
        <ele>49</ele>
      </trkpt>
      <trkpt lat="50.87903" lon="4.5716">
        <ele>48</ele>
      </trkpt>
      <trkpt lat="50.87882" lon="4.57121">
        <ele>48</ele>
      </trkpt>
      <trkpt lat="50.87899" lon="4.57089">
        <ele>49</ele>
      </trkpt>
      <trkpt lat="50.8792" lon="4.57054">
        <ele>49</ele>
      </trkpt>
      <trkpt lat="50.87911" lon="4.56987">
        <ele>48</ele>
      </trkpt>
      <trkpt lat="50.87914" lon="4.56977">
        <ele>48</ele>
      </trkpt>
      <trkpt lat="50.87948" lon="4.56914">
        <ele>47</ele>
      </trkpt>
      <trkpt lat="50.88014" lon="4.56811">
        <ele>46</ele>
      </trkpt>
      <trkpt lat="50.8802" lon="4.56788">
        <ele>46</ele>
      </trkpt>
      <trkpt lat="50.88012" lon="4.56689">
        <ele>46</ele>
      </trkpt>
      <trkpt lat="50.88013" lon="4.5667">
        <ele>46</ele>
      </trkpt>
      <trkpt lat="50.88012" lon="4.56647">
        <ele>46</ele>
      </trkpt>
      <trkpt lat="50.88006" lon="4.56644">
        <ele>46</ele>
      </trkpt>
      <trkpt lat="50.88002" lon="4.56636">
        <ele>46</ele>
      </trkpt>
      <trkpt lat="50.88004" lon="4.56625">
        <ele>46</ele>
      </trkpt>
      <trkpt lat="50.88009" lon="4.56619">
        <ele>46</ele>
      </trkpt>
      <trkpt lat="50.88006" lon="4.56475">
        <ele>49</ele>
      </trkpt>
      <trkpt lat="50.88005" lon="4.56437">
        <ele>49</ele>
      </trkpt>
      <trkpt lat="50.88007" lon="4.56408">
        <ele>51</ele>
      </trkpt>
      <trkpt lat="50.88048" lon="4.56195">
        <ele>59</ele>
      </trkpt>
      <trkpt lat="50.88051" lon="4.56137">
        <ele>59</ele>
      </trkpt>
      <trkpt lat="50.88046" lon="4.5608">
        <ele>59</ele>
      </trkpt>
      <trkpt lat="50.87985" lon="4.55718">
        <ele>55</ele>
      </trkpt>
      <trkpt lat="50.87938" lon="4.55538">
        <ele>54</ele>
      </trkpt>
      <trkpt lat="50.87926" lon="4.5547">
        <ele>51</ele>
      </trkpt>
      <trkpt lat="50.87905" lon="4.55292">
        <ele>51</ele>
      </trkpt>
      <trkpt lat="50.87898" lon="4.55235">
        <ele>52</ele>
      </trkpt>
      <trkpt lat="50.87885" lon="4.55132">
        <ele>54</ele>
      </trkpt>
    </trkseg>
  </trk>
</gpx>
