<?xml version="1.0" encoding="UTF-8"?>
<gpx xmlns="http://www.topografix.com/GPX/1/1" creator="RouteYou" version="1.1" xmlns:xsi="http://www.w3.org/2001/XMLSchema-instance" xsi:schemaLocation="http://www.topografix.com/GPX/1/1 http://www.topografix.com/GPX/1/1/gpx.xsd">
  <trk>
    <name>Wommersom 2025</name>
    <desc></desc>
    <trkseg>
      <trkpt lat="50.87906" lon="4.5531">
        <ele>48</ele>
      </trkpt>
      <trkpt lat="50.87933" lon="4.55516">
        <ele>49</ele>
      </trkpt>
      <trkpt lat="50.87985" lon="4.55718">
        <ele>52</ele>
      </trkpt>
      <trkpt lat="50.88046" lon="4.5608">
        <ele>49</ele>
      </trkpt>
      <trkpt lat="50.88051" lon="4.56157">
        <ele>49</ele>
      </trkpt>
      <trkpt lat="50.88048" lon="4.56195">
        <ele>48</ele>
      </trkpt>
      <trkpt lat="50.88009" lon="4.56401">
        <ele>44</ele>
      </trkpt>
      <trkpt lat="50.88006" lon="4.56426">
        <ele>44</ele>
      </trkpt>
      <trkpt lat="50.88009" lon="4.56619">
        <ele>43</ele>
      </trkpt>
      <trkpt lat="50.88004" lon="4.56625">
        <ele>43</ele>
      </trkpt>
      <trkpt lat="50.88002" lon="4.56636">
        <ele>43</ele>
      </trkpt>
      <trkpt lat="50.87895" lon="4.56695">
        <ele>45</ele>
      </trkpt>
      <trkpt lat="50.87886" lon="4.567">
        <ele>45</ele>
      </trkpt>
      <trkpt lat="50.87784" lon="4.56786">
        <ele>52</ele>
      </trkpt>
      <trkpt lat="50.87739" lon="4.5681">
        <ele>53</ele>
      </trkpt>
      <trkpt lat="50.8774" lon="4.56818">
        <ele>53</ele>
      </trkpt>
      <trkpt lat="50.87739" lon="4.56825">
        <ele>54</ele>
      </trkpt>
      <trkpt lat="50.87735" lon="4.5683">
        <ele>54</ele>
      </trkpt>
      <trkpt lat="50.87731" lon="4.56833">
        <ele>54</ele>
      </trkpt>
      <trkpt lat="50.87735" lon="4.5686">
        <ele>54</ele>
      </trkpt>
      <trkpt lat="50.87748" lon="4.56894">
        <ele>53</ele>
      </trkpt>
      <trkpt lat="50.87779" lon="4.5695">
        <ele>51</ele>
      </trkpt>
      <trkpt lat="50.87798" lon="4.56991">
        <ele>50</ele>
      </trkpt>
      <trkpt lat="50.8781" lon="4.57023">
        <ele>49</ele>
      </trkpt>
      <trkpt lat="50.87821" lon="4.57058">
        <ele>48</ele>
      </trkpt>
      <trkpt lat="50.87829" lon="4.57074">
        <ele>48</ele>
      </trkpt>
      <trkpt lat="50.87866" lon="4.57102">
        <ele>46</ele>
      </trkpt>
      <trkpt lat="50.87882" lon="4.57121">
        <ele>45</ele>
      </trkpt>
      <trkpt lat="50.87904" lon="4.5716">
        <ele>44</ele>
      </trkpt>
      <trkpt lat="50.87866" lon="4.572">
        <ele>45</ele>
      </trkpt>
      <trkpt lat="50.87806" lon="4.57267">
        <ele>46</ele>
      </trkpt>
      <trkpt lat="50.87814" lon="4.57283">
        <ele>46</ele>
      </trkpt>
      <trkpt lat="50.87817" lon="4.57421">
        <ele>43</ele>
      </trkpt>
      <trkpt lat="50.87827" lon="4.576">
        <ele>42</ele>
      </trkpt>
      <trkpt lat="50.87823" lon="4.57649">
        <ele>42</ele>
      </trkpt>
      <trkpt lat="50.87744" lon="4.58084">
        <ele>43</ele>
      </trkpt>
      <trkpt lat="50.87738" lon="4.58122">
        <ele>43</ele>
      </trkpt>
      <trkpt lat="50.87737" lon="4.58137">
        <ele>43</ele>
      </trkpt>
      <trkpt lat="50.87738" lon="4.58164">
        <ele>43</ele>
      </trkpt>
      <trkpt lat="50.87751" lon="4.58221">
        <ele>42</ele>
      </trkpt>
      <trkpt lat="50.87794" lon="4.58336">
        <ele>42</ele>
      </trkpt>
      <trkpt lat="50.87805" lon="4.58361">
        <ele>42</ele>
      </trkpt>
      <trkpt lat="50.87813" lon="4.5838">
        <ele>41</ele>
      </trkpt>
      <trkpt lat="50.8783" lon="4.58408">
        <ele>41</ele>
      </trkpt>
      <trkpt lat="50.87913" lon="4.58536">
        <ele>40</ele>
      </trkpt>
      <trkpt lat="50.87931" lon="4.58544">
        <ele>40</ele>
      </trkpt>
      <trkpt lat="50.8797" lon="4.58535">
        <ele>40</ele>
      </trkpt>
      <trkpt lat="50.87982" lon="4.58539">
        <ele>40</ele>
      </trkpt>
      <trkpt lat="50.87988" lon="4.58545">
        <ele>40</ele>
      </trkpt>
      <trkpt lat="50.88155" lon="4.58872">
        <ele>42</ele>
      </trkpt>
      <trkpt lat="50.88237" lon="4.59015">
        <ele>38</ele>
      </trkpt>
      <trkpt lat="50.88254" lon="4.59057">
        <ele>38</ele>
      </trkpt>
      <trkpt lat="50.8826" lon="4.5908">
        <ele>38</ele>
      </trkpt>
      <trkpt lat="50.88267" lon="4.59131">
        <ele>38</ele>
      </trkpt>
      <trkpt lat="50.88271" lon="4.59193">
        <ele>37</ele>
      </trkpt>
      <trkpt lat="50.88276" lon="4.59233">
        <ele>37</ele>
      </trkpt>
      <trkpt lat="50.8829" lon="4.5928">
        <ele>37</ele>
      </trkpt>
      <trkpt lat="50.88298" lon="4.59299">
        <ele>37</ele>
      </trkpt>
      <trkpt lat="50.88416" lon="4.59508">
        <ele>36</ele>
      </trkpt>
      <trkpt lat="50.88511" lon="4.59672">
        <ele>37</ele>
      </trkpt>
      <trkpt lat="50.88514" lon="4.59675">
        <ele>37</ele>
      </trkpt>
      <trkpt lat="50.88528" lon="4.59687">
        <ele>37</ele>
      </trkpt>
      <trkpt lat="50.88548" lon="4.59699">
        <ele>38</ele>
      </trkpt>
      <trkpt lat="50.88564" lon="4.59719">
        <ele>38</ele>
      </trkpt>
      <trkpt lat="50.88586" lon="4.59767">
        <ele>38</ele>
      </trkpt>
      <trkpt lat="50.88606" lon="4.59804">
        <ele>38</ele>
      </trkpt>
      <trkpt lat="50.88998" lon="4.60338">
        <ele>36</ele>
      </trkpt>
      <trkpt lat="50.8911" lon="4.60475">
        <ele>36</ele>
      </trkpt>
      <trkpt lat="50.89556" lon="4.60997">
        <ele>36</ele>
      </trkpt>
      <trkpt lat="50.89589" lon="4.61033">
        <ele>36</ele>
      </trkpt>
      <trkpt lat="50.89604" lon="4.61051">
        <ele>35</ele>
      </trkpt>
      <trkpt lat="50.89649" lon="4.61116">
        <ele>34</ele>
      </trkpt>
      <trkpt lat="50.89729" lon="4.61291">
        <ele>31</ele>
      </trkpt>
      <trkpt lat="50.89744" lon="4.61323">
        <ele>31</ele>
      </trkpt>
      <trkpt lat="50.89845" lon="4.61597">
        <ele>34</ele>
      </trkpt>
      <trkpt lat="50.89853" lon="4.61616">
        <ele>34</ele>
      </trkpt>
      <trkpt lat="50.89862" lon="4.6163">
        <ele>35</ele>
      </trkpt>
      <trkpt lat="50.89871" lon="4.6164">
        <ele>36</ele>
      </trkpt>
      <trkpt lat="50.89885" lon="4.61652">
        <ele>36</ele>
      </trkpt>
      <trkpt lat="50.89899" lon="4.61658">
        <ele>32</ele>
      </trkpt>
      <trkpt lat="50.89899" lon="4.61665">
        <ele>31</ele>
      </trkpt>
      <trkpt lat="50.89982" lon="4.617">
        <ele>34</ele>
      </trkpt>
      <trkpt lat="50.9" lon="4.61714">
        <ele>33</ele>
      </trkpt>
      <trkpt lat="50.90009" lon="4.61724">
        <ele>33</ele>
      </trkpt>
      <trkpt lat="50.90021" lon="4.61748">
        <ele>32</ele>
      </trkpt>
      <trkpt lat="50.90032" lon="4.61793">
        <ele>31</ele>
      </trkpt>
      <trkpt lat="50.90038" lon="4.618">
        <ele>30</ele>
      </trkpt>
      <trkpt lat="50.90056" lon="4.61884">
        <ele>30</ele>
      </trkpt>
      <trkpt lat="50.90083" lon="4.6201">
        <ele>29</ele>
      </trkpt>
      <trkpt lat="50.90095" lon="4.62076">
        <ele>29</ele>
      </trkpt>
      <trkpt lat="50.90107" lon="4.62174">
        <ele>29</ele>
      </trkpt>
      <trkpt lat="50.90116" lon="4.62233">
        <ele>29</ele>
      </trkpt>
      <trkpt lat="50.90119" lon="4.62249">
        <ele>29</ele>
      </trkpt>
      <trkpt lat="50.90126" lon="4.62264">
        <ele>29</ele>
      </trkpt>
      <trkpt lat="50.90122" lon="4.62287">
        <ele>29</ele>
      </trkpt>
      <trkpt lat="50.90123" lon="4.62295">
        <ele>29</ele>
      </trkpt>
      <trkpt lat="50.90134" lon="4.62334">
        <ele>29</ele>
      </trkpt>
      <trkpt lat="50.90135" lon="4.62348">
        <ele>29</ele>
      </trkpt>
      <trkpt lat="50.90141" lon="4.62375">
        <ele>29</ele>
      </trkpt>
      <trkpt lat="50.90146" lon="4.62381">
        <ele>29</ele>
      </trkpt>
      <trkpt lat="50.90152" lon="4.62407">
        <ele>29</ele>
      </trkpt>
      <trkpt lat="50.90152" lon="4.62418">
        <ele>29</ele>
      </trkpt>
      <trkpt lat="50.90158" lon="4.62479">
        <ele>28</ele>
      </trkpt>
      <trkpt lat="50.90162" lon="4.62526">
        <ele>28</ele>
      </trkpt>
      <trkpt lat="50.90166" lon="4.62542">
        <ele>28</ele>
      </trkpt>
      <trkpt lat="50.9017" lon="4.62603">
        <ele>28</ele>
      </trkpt>
      <trkpt lat="50.90172" lon="4.62619">
        <ele>28</ele>
      </trkpt>
      <trkpt lat="50.90169" lon="4.62634">
        <ele>28</ele>
      </trkpt>
      <trkpt lat="50.90171" lon="4.62646">
        <ele>28</ele>
      </trkpt>
      <trkpt lat="50.90171" lon="4.6266">
        <ele>28</ele>
      </trkpt>
      <trkpt lat="50.90161" lon="4.62718">
        <ele>29</ele>
      </trkpt>
      <trkpt lat="50.90081" lon="4.63094">
        <ele>30</ele>
      </trkpt>
      <trkpt lat="50.90057" lon="4.6321">
        <ele>31</ele>
      </trkpt>
      <trkpt lat="50.90073" lon="4.63424">
        <ele>30</ele>
      </trkpt>
      <trkpt lat="50.90078" lon="4.63456">
        <ele>30</ele>
      </trkpt>
      <trkpt lat="50.90091" lon="4.63515">
        <ele>30</ele>
      </trkpt>
      <trkpt lat="50.90188" lon="4.63835">
        <ele>29</ele>
      </trkpt>
      <trkpt lat="50.90199" lon="4.63897">
        <ele>29</ele>
      </trkpt>
      <trkpt lat="50.90206" lon="4.63972">
        <ele>29</ele>
      </trkpt>
      <trkpt lat="50.90214" lon="4.64123">
        <ele>29</ele>
      </trkpt>
      <trkpt lat="50.90215" lon="4.64136">
        <ele>29</ele>
      </trkpt>
      <trkpt lat="50.90222" lon="4.64174">
        <ele>29</ele>
      </trkpt>
      <trkpt lat="50.90252" lon="4.64289">
        <ele>29</ele>
      </trkpt>
      <trkpt lat="50.9026" lon="4.64315">
        <ele>29</ele>
      </trkpt>
      <trkpt lat="50.90285" lon="4.64381">
        <ele>29</ele>
      </trkpt>
      <trkpt lat="50.90295" lon="4.64414">
        <ele>29</ele>
      </trkpt>
      <trkpt lat="50.90301" lon="4.64456">
        <ele>29</ele>
      </trkpt>
      <trkpt lat="50.90305" lon="4.64506">
        <ele>29</ele>
      </trkpt>
      <trkpt lat="50.90309" lon="4.64567">
        <ele>29</ele>
      </trkpt>
      <trkpt lat="50.90308" lon="4.64582">
        <ele>29</ele>
      </trkpt>
      <trkpt lat="50.90312" lon="4.64589">
        <ele>28</ele>
      </trkpt>
      <trkpt lat="50.90313" lon="4.64594">
        <ele>28</ele>
      </trkpt>
      <trkpt lat="50.90311" lon="4.64604">
        <ele>28</ele>
      </trkpt>
      <trkpt lat="50.90308" lon="4.64608">
        <ele>28</ele>
      </trkpt>
      <trkpt lat="50.90304" lon="4.64765">
        <ele>28</ele>
      </trkpt>
      <trkpt lat="50.90303" lon="4.64793">
        <ele>28</ele>
      </trkpt>
      <trkpt lat="50.90305" lon="4.64834">
        <ele>28</ele>
      </trkpt>
      <trkpt lat="50.9031" lon="4.64862">
        <ele>27</ele>
      </trkpt>
      <trkpt lat="50.90374" lon="4.651">
        <ele>27</ele>
      </trkpt>
      <trkpt lat="50.90376" lon="4.65121">
        <ele>27</ele>
      </trkpt>
      <trkpt lat="50.90375" lon="4.65193">
        <ele>27</ele>
      </trkpt>
      <trkpt lat="50.90376" lon="4.6527">
        <ele>27</ele>
      </trkpt>
      <trkpt lat="50.90407" lon="4.65432">
        <ele>27</ele>
      </trkpt>
      <trkpt lat="50.90414" lon="4.65481">
        <ele>27</ele>
      </trkpt>
      <trkpt lat="50.90416" lon="4.65512">
        <ele>27</ele>
      </trkpt>
      <trkpt lat="50.9041" lon="4.65804">
        <ele>28</ele>
      </trkpt>
      <trkpt lat="50.90435" lon="4.65933">
        <ele>28</ele>
      </trkpt>
      <trkpt lat="50.90465" lon="4.66076">
        <ele>29</ele>
      </trkpt>
      <trkpt lat="50.90481" lon="4.66134">
        <ele>29</ele>
      </trkpt>
      <trkpt lat="50.9056" lon="4.66387">
        <ele>30</ele>
      </trkpt>
      <trkpt lat="50.90575" lon="4.66444">
        <ele>29</ele>
      </trkpt>
      <trkpt lat="50.906" lon="4.66552">
        <ele>30</ele>
      </trkpt>
      <trkpt lat="50.90626" lon="4.66785">
        <ele>28</ele>
      </trkpt>
      <trkpt lat="50.90636" lon="4.66888">
        <ele>27</ele>
      </trkpt>
      <trkpt lat="50.90644" lon="4.66934">
        <ele>27</ele>
      </trkpt>
      <trkpt lat="50.90647" lon="4.66944">
        <ele>27</ele>
      </trkpt>
      <trkpt lat="50.90652" lon="4.6695">
        <ele>27</ele>
      </trkpt>
      <trkpt lat="50.9065" lon="4.6696">
        <ele>27</ele>
      </trkpt>
      <trkpt lat="50.9065" lon="4.66982">
        <ele>27</ele>
      </trkpt>
      <trkpt lat="50.9066" lon="4.67071">
        <ele>27</ele>
      </trkpt>
      <trkpt lat="50.90658" lon="4.67129">
        <ele>27</ele>
      </trkpt>
      <trkpt lat="50.90654" lon="4.6718">
        <ele>27</ele>
      </trkpt>
      <trkpt lat="50.90648" lon="4.67209">
        <ele>28</ele>
      </trkpt>
      <trkpt lat="50.90613" lon="4.67351">
        <ele>27</ele>
      </trkpt>
      <trkpt lat="50.90607" lon="4.67389">
        <ele>27</ele>
      </trkpt>
      <trkpt lat="50.90611" lon="4.67657">
        <ele>27</ele>
      </trkpt>
      <trkpt lat="50.9061" lon="4.6772">
        <ele>26</ele>
      </trkpt>
      <trkpt lat="50.90606" lon="4.67762">
        <ele>26</ele>
      </trkpt>
      <trkpt lat="50.90578" lon="4.67982">
        <ele>26</ele>
      </trkpt>
      <trkpt lat="50.90551" lon="4.68173">
        <ele>25</ele>
      </trkpt>
      <trkpt lat="50.90552" lon="4.68392">
        <ele>24</ele>
      </trkpt>
      <trkpt lat="50.90549" lon="4.68411">
        <ele>25</ele>
      </trkpt>
      <trkpt lat="50.90554" lon="4.6842">
        <ele>24</ele>
      </trkpt>
      <trkpt lat="50.90549" lon="4.68436">
        <ele>24</ele>
      </trkpt>
      <trkpt lat="50.90549" lon="4.68471">
        <ele>24</ele>
      </trkpt>
      <trkpt lat="50.90552" lon="4.68477">
        <ele>24</ele>
      </trkpt>
      <trkpt lat="50.9055" lon="4.68547">
        <ele>24</ele>
      </trkpt>
      <trkpt lat="50.90543" lon="4.68625">
        <ele>24</ele>
      </trkpt>
      <trkpt lat="50.90536" lon="4.68668">
        <ele>24</ele>
      </trkpt>
      <trkpt lat="50.90522" lon="4.68758">
        <ele>24</ele>
      </trkpt>
      <trkpt lat="50.90449" lon="4.69182">
        <ele>23</ele>
      </trkpt>
      <trkpt lat="50.90447" lon="4.69193">
        <ele>23</ele>
      </trkpt>
      <trkpt lat="50.90406" lon="4.69426">
        <ele>23</ele>
      </trkpt>
      <trkpt lat="50.90322" lon="4.69913">
        <ele>21</ele>
      </trkpt>
      <trkpt lat="50.90315" lon="4.69949">
        <ele>20</ele>
      </trkpt>
      <trkpt lat="50.90311" lon="4.69957">
        <ele>20</ele>
      </trkpt>
      <trkpt lat="50.90289" lon="4.70052">
        <ele>17</ele>
      </trkpt>
      <trkpt lat="50.90292" lon="4.70056">
        <ele>17</ele>
      </trkpt>
      <trkpt lat="50.90272" lon="4.70111">
        <ele>17</ele>
      </trkpt>
      <trkpt lat="50.90262" lon="4.70136">
        <ele>17</ele>
      </trkpt>
      <trkpt lat="50.90252" lon="4.70173">
        <ele>17</ele>
      </trkpt>
      <trkpt lat="50.90245" lon="4.70215">
        <ele>16</ele>
      </trkpt>
      <trkpt lat="50.90241" lon="4.70273">
        <ele>16</ele>
      </trkpt>
      <trkpt lat="50.90236" lon="4.70313">
        <ele>16</ele>
      </trkpt>
      <trkpt lat="50.90187" lon="4.70551">
        <ele>17</ele>
      </trkpt>
      <trkpt lat="50.90184" lon="4.70614">
        <ele>16</ele>
      </trkpt>
      <trkpt lat="50.90187" lon="4.70619">
        <ele>16</ele>
      </trkpt>
      <trkpt lat="50.90191" lon="4.7062">
        <ele>16</ele>
      </trkpt>
      <trkpt lat="50.90221" lon="4.70619">
        <ele>15</ele>
      </trkpt>
      <trkpt lat="50.90273" lon="4.70601">
        <ele>15</ele>
      </trkpt>
      <trkpt lat="50.90286" lon="4.70602">
        <ele>16</ele>
      </trkpt>
      <trkpt lat="50.90301" lon="4.70612">
        <ele>16</ele>
      </trkpt>
      <trkpt lat="50.90309" lon="4.70624">
        <ele>16</ele>
      </trkpt>
      <trkpt lat="50.90316" lon="4.70643">
        <ele>16</ele>
      </trkpt>
      <trkpt lat="50.90356" lon="4.70749">
        <ele>16</ele>
      </trkpt>
      <trkpt lat="50.90365" lon="4.70753">
        <ele>16</ele>
      </trkpt>
      <trkpt lat="50.90366" lon="4.70768">
        <ele>16</ele>
      </trkpt>
      <trkpt lat="50.90413" lon="4.709">
        <ele>14</ele>
      </trkpt>
      <trkpt lat="50.90448" lon="4.71005">
        <ele>13</ele>
      </trkpt>
      <trkpt lat="50.90454" lon="4.71003">
        <ele>13</ele>
      </trkpt>
      <trkpt lat="50.90462" lon="4.7102">
        <ele>14</ele>
      </trkpt>
      <trkpt lat="50.90499" lon="4.71051">
        <ele>14</ele>
      </trkpt>
      <trkpt lat="50.90533" lon="4.71074">
        <ele>13</ele>
      </trkpt>
      <trkpt lat="50.90543" lon="4.71073">
        <ele>13</ele>
      </trkpt>
      <trkpt lat="50.90556" lon="4.71085">
        <ele>13</ele>
      </trkpt>
      <trkpt lat="50.90774" lon="4.71204">
        <ele>13</ele>
      </trkpt>
      <trkpt lat="50.90879" lon="4.71264">
        <ele>13</ele>
      </trkpt>
      <trkpt lat="50.90885" lon="4.71267">
        <ele>13</ele>
      </trkpt>
      <trkpt lat="50.90885" lon="4.71268">
        <ele>13</ele>
      </trkpt>
      <trkpt lat="50.90901" lon="4.71277">
        <ele>13</ele>
      </trkpt>
      <trkpt lat="50.90906" lon="4.7128">
        <ele>13</ele>
      </trkpt>
      <trkpt lat="50.90882" lon="4.71328">
        <ele>13</ele>
      </trkpt>
      <trkpt lat="50.90795" lon="4.71499">
        <ele>15</ele>
      </trkpt>
      <trkpt lat="50.90761" lon="4.71565">
        <ele>17</ele>
      </trkpt>
      <trkpt lat="50.90735" lon="4.7161">
        <ele>18</ele>
      </trkpt>
      <trkpt lat="50.90708" lon="4.71642">
        <ele>19</ele>
      </trkpt>
      <trkpt lat="50.90659" lon="4.71689">
        <ele>20</ele>
      </trkpt>
      <trkpt lat="50.90634" lon="4.71717">
        <ele>21</ele>
      </trkpt>
      <trkpt lat="50.90602" lon="4.71763">
        <ele>22</ele>
      </trkpt>
      <trkpt lat="50.90585" lon="4.71795">
        <ele>23</ele>
      </trkpt>
      <trkpt lat="50.90518" lon="4.71925">
        <ele>24</ele>
      </trkpt>
      <trkpt lat="50.90508" lon="4.7194">
        <ele>24</ele>
      </trkpt>
      <trkpt lat="50.90482" lon="4.71967">
        <ele>22</ele>
      </trkpt>
      <trkpt lat="50.90465" lon="4.71978">
        <ele>22</ele>
      </trkpt>
      <trkpt lat="50.90447" lon="4.71986">
        <ele>21</ele>
      </trkpt>
      <trkpt lat="50.90418" lon="4.71989">
        <ele>20</ele>
      </trkpt>
      <trkpt lat="50.90403" lon="4.71986">
        <ele>19</ele>
      </trkpt>
      <trkpt lat="50.90389" lon="4.71983">
        <ele>19</ele>
      </trkpt>
      <trkpt lat="50.90366" lon="4.71969">
        <ele>18</ele>
      </trkpt>
      <trkpt lat="50.9036" lon="4.71961">
        <ele>18</ele>
      </trkpt>
      <trkpt lat="50.90357" lon="4.71949">
        <ele>17</ele>
      </trkpt>
      <trkpt lat="50.90351" lon="4.71943">
        <ele>17</ele>
      </trkpt>
      <trkpt lat="50.90345" lon="4.71942">
        <ele>17</ele>
      </trkpt>
      <trkpt lat="50.90338" lon="4.71949">
        <ele>18</ele>
      </trkpt>
      <trkpt lat="50.90337" lon="4.71952">
        <ele>18</ele>
      </trkpt>
      <trkpt lat="50.90334" lon="4.7196">
        <ele>17</ele>
      </trkpt>
      <trkpt lat="50.90335" lon="4.71964">
        <ele>18</ele>
      </trkpt>
      <trkpt lat="50.90335" lon="4.71969">
        <ele>18</ele>
      </trkpt>
      <trkpt lat="50.9034" lon="4.71978">
        <ele>17</ele>
      </trkpt>
      <trkpt lat="50.90335" lon="4.71988">
        <ele>17</ele>
      </trkpt>
      <trkpt lat="50.90334" lon="4.72011">
        <ele>17</ele>
      </trkpt>
      <trkpt lat="50.90344" lon="4.72037">
        <ele>17</ele>
      </trkpt>
      <trkpt lat="50.90382" lon="4.72152">
        <ele>19</ele>
      </trkpt>
      <trkpt lat="50.90387" lon="4.72164">
        <ele>20</ele>
      </trkpt>
      <trkpt lat="50.90417" lon="4.72215">
        <ele>21</ele>
      </trkpt>
      <trkpt lat="50.90426" lon="4.72224">
        <ele>21</ele>
      </trkpt>
      <trkpt lat="50.90424" lon="4.72228">
        <ele>21</ele>
      </trkpt>
      <trkpt lat="50.90418" lon="4.72249">
        <ele>21</ele>
      </trkpt>
      <trkpt lat="50.90408" lon="4.72268">
        <ele>22</ele>
      </trkpt>
      <trkpt lat="50.90344" lon="4.72352">
        <ele>22</ele>
      </trkpt>
      <trkpt lat="50.90329" lon="4.72374">
        <ele>22</ele>
      </trkpt>
      <trkpt lat="50.90311" lon="4.72397">
        <ele>22</ele>
      </trkpt>
      <trkpt lat="50.90296" lon="4.72413">
        <ele>22</ele>
      </trkpt>
      <trkpt lat="50.9029" lon="4.72436">
        <ele>23</ele>
      </trkpt>
      <trkpt lat="50.90283" lon="4.72474">
        <ele>24</ele>
      </trkpt>
      <trkpt lat="50.90283" lon="4.72501">
        <ele>25</ele>
      </trkpt>
      <trkpt lat="50.90295" lon="4.72752">
        <ele>28</ele>
      </trkpt>
      <trkpt lat="50.90326" lon="4.72956">
        <ele>25</ele>
      </trkpt>
      <trkpt lat="50.90328" lon="4.72967">
        <ele>25</ele>
      </trkpt>
      <trkpt lat="50.90327" lon="4.72979">
        <ele>25</ele>
      </trkpt>
      <trkpt lat="50.90313" lon="4.72992">
        <ele>24</ele>
      </trkpt>
      <trkpt lat="50.90231" lon="4.73089">
        <ele>21</ele>
      </trkpt>
      <trkpt lat="50.90078" lon="4.73271">
        <ele>23</ele>
      </trkpt>
      <trkpt lat="50.89978" lon="4.73393">
        <ele>26</ele>
      </trkpt>
      <trkpt lat="50.89973" lon="4.73404">
        <ele>26</ele>
      </trkpt>
      <trkpt lat="50.89968" lon="4.73399">
        <ele>26</ele>
      </trkpt>
      <trkpt lat="50.89857" lon="4.73283">
        <ele>25</ele>
      </trkpt>
      <trkpt lat="50.89846" lon="4.73329">
        <ele>27</ele>
      </trkpt>
      <trkpt lat="50.89832" lon="4.73356">
        <ele>28</ele>
      </trkpt>
      <trkpt lat="50.8977" lon="4.73423">
        <ele>32</ele>
      </trkpt>
      <trkpt lat="50.89739" lon="4.73467">
        <ele>34</ele>
      </trkpt>
      <trkpt lat="50.89706" lon="4.73537">
        <ele>33</ele>
      </trkpt>
      <trkpt lat="50.89691" lon="4.73587">
        <ele>32</ele>
      </trkpt>
      <trkpt lat="50.89685" lon="4.73606">
        <ele>32</ele>
      </trkpt>
      <trkpt lat="50.89684" lon="4.73614">
        <ele>32</ele>
      </trkpt>
      <trkpt lat="50.89682" lon="4.73635">
        <ele>32</ele>
      </trkpt>
      <trkpt lat="50.89655" lon="4.73936">
        <ele>34</ele>
      </trkpt>
      <trkpt lat="50.89651" lon="4.7401">
        <ele>34</ele>
      </trkpt>
      <trkpt lat="50.89651" lon="4.74052">
        <ele>35</ele>
      </trkpt>
      <trkpt lat="50.89657" lon="4.74115">
        <ele>36</ele>
      </trkpt>
      <trkpt lat="50.89658" lon="4.7418">
        <ele>36</ele>
      </trkpt>
      <trkpt lat="50.89657" lon="4.74202">
        <ele>36</ele>
      </trkpt>
      <trkpt lat="50.8965" lon="4.74268">
        <ele>36</ele>
      </trkpt>
      <trkpt lat="50.89636" lon="4.74329">
        <ele>36</ele>
      </trkpt>
      <trkpt lat="50.89618" lon="4.7438">
        <ele>35</ele>
      </trkpt>
      <trkpt lat="50.89575" lon="4.74485">
        <ele>33</ele>
      </trkpt>
      <trkpt lat="50.89517" lon="4.74625">
        <ele>31</ele>
      </trkpt>
      <trkpt lat="50.89502" lon="4.7467">
        <ele>31</ele>
      </trkpt>
      <trkpt lat="50.89489" lon="4.74714">
        <ele>30</ele>
      </trkpt>
      <trkpt lat="50.89475" lon="4.74774">
        <ele>29</ele>
      </trkpt>
      <trkpt lat="50.89453" lon="4.749">
        <ele>29</ele>
      </trkpt>
      <trkpt lat="50.8945" lon="4.74912">
        <ele>29</ele>
      </trkpt>
      <trkpt lat="50.89441" lon="4.7492">
        <ele>29</ele>
      </trkpt>
      <trkpt lat="50.89441" lon="4.74936">
        <ele>29</ele>
      </trkpt>
      <trkpt lat="50.894" lon="4.75058">
        <ele>27</ele>
      </trkpt>
      <trkpt lat="50.89396" lon="4.75086">
        <ele>27</ele>
      </trkpt>
      <trkpt lat="50.89387" lon="4.75143">
        <ele>27</ele>
      </trkpt>
      <trkpt lat="50.89366" lon="4.75408">
        <ele>27</ele>
      </trkpt>
      <trkpt lat="50.89366" lon="4.75464">
        <ele>27</ele>
      </trkpt>
      <trkpt lat="50.89371" lon="4.75531">
        <ele>28</ele>
      </trkpt>
      <trkpt lat="50.89377" lon="4.75572">
        <ele>28</ele>
      </trkpt>
      <trkpt lat="50.89392" lon="4.75641">
        <ele>28</ele>
      </trkpt>
      <trkpt lat="50.89423" lon="4.75755">
        <ele>28</ele>
      </trkpt>
      <trkpt lat="50.89445" lon="4.75832">
        <ele>29</ele>
      </trkpt>
      <trkpt lat="50.89466" lon="4.75895">
        <ele>29</ele>
      </trkpt>
      <trkpt lat="50.89568" lon="4.7617">
        <ele>33</ele>
      </trkpt>
      <trkpt lat="50.89573" lon="4.76192">
        <ele>33</ele>
      </trkpt>
      <trkpt lat="50.89576" lon="4.76196">
        <ele>33</ele>
      </trkpt>
      <trkpt lat="50.89577" lon="4.76205">
        <ele>34</ele>
      </trkpt>
      <trkpt lat="50.89581" lon="4.7621">
        <ele>34</ele>
      </trkpt>
      <trkpt lat="50.89582" lon="4.76223">
        <ele>34</ele>
      </trkpt>
      <trkpt lat="50.8959" lon="4.76245">
        <ele>34</ele>
      </trkpt>
      <trkpt lat="50.89594" lon="4.76262">
        <ele>34</ele>
      </trkpt>
      <trkpt lat="50.89615" lon="4.76366">
        <ele>36</ele>
      </trkpt>
      <trkpt lat="50.89678" lon="4.76752">
        <ele>43</ele>
      </trkpt>
      <trkpt lat="50.89688" lon="4.76851">
        <ele>47</ele>
      </trkpt>
      <trkpt lat="50.89701" lon="4.76918">
        <ele>48</ele>
      </trkpt>
      <trkpt lat="50.89702" lon="4.76934">
        <ele>48</ele>
      </trkpt>
      <trkpt lat="50.89701" lon="4.76946">
        <ele>48</ele>
      </trkpt>
      <trkpt lat="50.89695" lon="4.76962">
        <ele>47</ele>
      </trkpt>
      <trkpt lat="50.89686" lon="4.76973">
        <ele>48</ele>
      </trkpt>
      <trkpt lat="50.89619" lon="4.77015">
        <ele>43</ele>
      </trkpt>
      <trkpt lat="50.89601" lon="4.77021">
        <ele>42</ele>
      </trkpt>
      <trkpt lat="50.89557" lon="4.77021">
        <ele>39</ele>
      </trkpt>
      <trkpt lat="50.89508" lon="4.7699">
        <ele>36</ele>
      </trkpt>
      <trkpt lat="50.89482" lon="4.76968">
        <ele>35</ele>
      </trkpt>
      <trkpt lat="50.89466" lon="4.77006">
        <ele>35</ele>
      </trkpt>
      <trkpt lat="50.89435" lon="4.77085">
        <ele>36</ele>
      </trkpt>
      <trkpt lat="50.89333" lon="4.77379">
        <ele>38</ele>
      </trkpt>
      <trkpt lat="50.89275" lon="4.77528">
        <ele>38</ele>
      </trkpt>
      <trkpt lat="50.89209" lon="4.77672">
        <ele>42</ele>
      </trkpt>
      <trkpt lat="50.89197" lon="4.77694">
        <ele>42</ele>
      </trkpt>
      <trkpt lat="50.89177" lon="4.77721">
        <ele>43</ele>
      </trkpt>
      <trkpt lat="50.89154" lon="4.77748">
        <ele>43</ele>
      </trkpt>
      <trkpt lat="50.89165" lon="4.7786">
        <ele>43</ele>
      </trkpt>
      <trkpt lat="50.89176" lon="4.77949">
        <ele>43</ele>
      </trkpt>
      <trkpt lat="50.89194" lon="4.78117">
        <ele>43</ele>
      </trkpt>
      <trkpt lat="50.8921" lon="4.78312">
        <ele>43</ele>
      </trkpt>
      <trkpt lat="50.89213" lon="4.78333">
        <ele>43</ele>
      </trkpt>
      <trkpt lat="50.89243" lon="4.78494">
        <ele>44</ele>
      </trkpt>
      <trkpt lat="50.89246" lon="4.7852">
        <ele>45</ele>
      </trkpt>
      <trkpt lat="50.89246" lon="4.78543">
        <ele>45</ele>
      </trkpt>
      <trkpt lat="50.89244" lon="4.78568">
        <ele>46</ele>
      </trkpt>
      <trkpt lat="50.89205" lon="4.78838">
        <ele>52</ele>
      </trkpt>
      <trkpt lat="50.89198" lon="4.78865">
        <ele>54</ele>
      </trkpt>
      <trkpt lat="50.89167" lon="4.78933">
        <ele>57</ele>
      </trkpt>
      <trkpt lat="50.89144" lon="4.78986">
        <ele>58</ele>
      </trkpt>
      <trkpt lat="50.89133" lon="4.79002">
        <ele>58</ele>
      </trkpt>
      <trkpt lat="50.89126" lon="4.79006">
        <ele>58</ele>
      </trkpt>
      <trkpt lat="50.89129" lon="4.79041">
        <ele>59</ele>
      </trkpt>
      <trkpt lat="50.89118" lon="4.79046">
        <ele>59</ele>
      </trkpt>
      <trkpt lat="50.89113" lon="4.79054">
        <ele>58</ele>
      </trkpt>
      <trkpt lat="50.89053" lon="4.79198">
        <ele>57</ele>
      </trkpt>
      <trkpt lat="50.89045" lon="4.79216">
        <ele>58</ele>
      </trkpt>
      <trkpt lat="50.89038" lon="4.79227">
        <ele>57</ele>
      </trkpt>
      <trkpt lat="50.89021" lon="4.79246">
        <ele>57</ele>
      </trkpt>
      <trkpt lat="50.89006" lon="4.79256">
        <ele>57</ele>
      </trkpt>
      <trkpt lat="50.88972" lon="4.79263">
        <ele>58</ele>
      </trkpt>
      <trkpt lat="50.88811" lon="4.79286">
        <ele>66</ele>
      </trkpt>
      <trkpt lat="50.88785" lon="4.79296">
        <ele>68</ele>
      </trkpt>
      <trkpt lat="50.88748" lon="4.79323">
        <ele>69</ele>
      </trkpt>
      <trkpt lat="50.88452" lon="4.79589">
        <ele>78</ele>
      </trkpt>
      <trkpt lat="50.88436" lon="4.79598">
        <ele>78</ele>
      </trkpt>
      <trkpt lat="50.88425" lon="4.79602">
        <ele>78</ele>
      </trkpt>
      <trkpt lat="50.88346" lon="4.79612">
        <ele>81</ele>
      </trkpt>
      <trkpt lat="50.88328" lon="4.79617">
        <ele>81</ele>
      </trkpt>
      <trkpt lat="50.8831" lon="4.79631">
        <ele>82</ele>
      </trkpt>
      <trkpt lat="50.88166" lon="4.79786">
        <ele>87</ele>
      </trkpt>
      <trkpt lat="50.88156" lon="4.79794">
        <ele>87</ele>
      </trkpt>
      <trkpt lat="50.88136" lon="4.79796">
        <ele>87</ele>
      </trkpt>
      <trkpt lat="50.88123" lon="4.79789">
        <ele>87</ele>
      </trkpt>
      <trkpt lat="50.88055" lon="4.7973">
        <ele>89</ele>
      </trkpt>
      <trkpt lat="50.87664" lon="4.79392">
        <ele>95</ele>
      </trkpt>
      <trkpt lat="50.87634" lon="4.7937">
        <ele>95</ele>
      </trkpt>
      <trkpt lat="50.87597" lon="4.79352">
        <ele>96</ele>
      </trkpt>
      <trkpt lat="50.87577" lon="4.79347">
        <ele>96</ele>
      </trkpt>
      <trkpt lat="50.87531" lon="4.79344">
        <ele>96</ele>
      </trkpt>
      <trkpt lat="50.87513" lon="4.79345">
        <ele>96</ele>
      </trkpt>
      <trkpt lat="50.87468" lon="4.79361">
        <ele>97</ele>
      </trkpt>
      <trkpt lat="50.87266" lon="4.79472">
        <ele>100</ele>
      </trkpt>
      <trkpt lat="50.87249" lon="4.79484">
        <ele>100</ele>
      </trkpt>
      <trkpt lat="50.87197" lon="4.79529">
        <ele>99</ele>
      </trkpt>
      <trkpt lat="50.87202" lon="4.79556">
        <ele>99</ele>
      </trkpt>
      <trkpt lat="50.87235" lon="4.79757">
        <ele>98</ele>
      </trkpt>
      <trkpt lat="50.87261" lon="4.79881">
        <ele>99</ele>
      </trkpt>
      <trkpt lat="50.87265" lon="4.79899">
        <ele>100</ele>
      </trkpt>
      <trkpt lat="50.87268" lon="4.79925">
        <ele>100</ele>
      </trkpt>
      <trkpt lat="50.87283" lon="4.80225">
        <ele>103</ele>
      </trkpt>
      <trkpt lat="50.873" lon="4.80475">
        <ele>102</ele>
      </trkpt>
      <trkpt lat="50.873" lon="4.80498">
        <ele>102</ele>
      </trkpt>
      <trkpt lat="50.87288" lon="4.805">
        <ele>101</ele>
      </trkpt>
      <trkpt lat="50.87223" lon="4.80792">
        <ele>101</ele>
      </trkpt>
      <trkpt lat="50.87202" lon="4.80893">
        <ele>101</ele>
      </trkpt>
      <trkpt lat="50.87179" lon="4.80972">
        <ele>100</ele>
      </trkpt>
      <trkpt lat="50.87173" lon="4.80995">
        <ele>100</ele>
      </trkpt>
      <trkpt lat="50.87171" lon="4.81016">
        <ele>99</ele>
      </trkpt>
      <trkpt lat="50.87185" lon="4.81404">
        <ele>88</ele>
      </trkpt>
      <trkpt lat="50.87192" lon="4.81426">
        <ele>88</ele>
      </trkpt>
      <trkpt lat="50.87204" lon="4.81441">
        <ele>87</ele>
      </trkpt>
      <trkpt lat="50.8722" lon="4.81457">
        <ele>87</ele>
      </trkpt>
      <trkpt lat="50.87244" lon="4.81505">
        <ele>86</ele>
      </trkpt>
      <trkpt lat="50.87301" lon="4.81637">
        <ele>85</ele>
      </trkpt>
      <trkpt lat="50.87317" lon="4.81667">
        <ele>85</ele>
      </trkpt>
      <trkpt lat="50.87438" lon="4.8185">
        <ele>79</ele>
      </trkpt>
      <trkpt lat="50.87458" lon="4.81891">
        <ele>78</ele>
      </trkpt>
      <trkpt lat="50.8747" lon="4.81927">
        <ele>77</ele>
      </trkpt>
      <trkpt lat="50.87539" lon="4.82175">
        <ele>70</ele>
      </trkpt>
      <trkpt lat="50.87541" lon="4.82185">
        <ele>70</ele>
      </trkpt>
      <trkpt lat="50.8754" lon="4.82206">
        <ele>70</ele>
      </trkpt>
      <trkpt lat="50.87534" lon="4.82223">
        <ele>69</ele>
      </trkpt>
      <trkpt lat="50.87505" lon="4.82276">
        <ele>69</ele>
      </trkpt>
      <trkpt lat="50.87504" lon="4.82318">
        <ele>69</ele>
      </trkpt>
      <trkpt lat="50.8751" lon="4.8241">
        <ele>69</ele>
      </trkpt>
      <trkpt lat="50.87524" lon="4.82444">
        <ele>67</ele>
      </trkpt>
      <trkpt lat="50.87534" lon="4.8246">
        <ele>67</ele>
      </trkpt>
      <trkpt lat="50.87565" lon="4.825">
        <ele>66</ele>
      </trkpt>
      <trkpt lat="50.87576" lon="4.82519">
        <ele>65</ele>
      </trkpt>
      <trkpt lat="50.8759" lon="4.82551">
        <ele>64</ele>
      </trkpt>
      <trkpt lat="50.87604" lon="4.82589">
        <ele>64</ele>
      </trkpt>
      <trkpt lat="50.87618" lon="4.82643">
        <ele>64</ele>
      </trkpt>
      <trkpt lat="50.87632" lon="4.82733">
        <ele>62</ele>
      </trkpt>
      <trkpt lat="50.87649" lon="4.82818">
        <ele>62</ele>
      </trkpt>
      <trkpt lat="50.87664" lon="4.82902">
        <ele>61</ele>
      </trkpt>
      <trkpt lat="50.87673" lon="4.82987">
        <ele>60</ele>
      </trkpt>
      <trkpt lat="50.87677" lon="4.83076">
        <ele>59</ele>
      </trkpt>
      <trkpt lat="50.87675" lon="4.831">
        <ele>59</ele>
      </trkpt>
      <trkpt lat="50.87661" lon="4.83174">
        <ele>59</ele>
      </trkpt>
      <trkpt lat="50.87661" lon="4.83187">
        <ele>59</ele>
      </trkpt>
      <trkpt lat="50.87663" lon="4.83197">
        <ele>59</ele>
      </trkpt>
      <trkpt lat="50.87671" lon="4.83209">
        <ele>59</ele>
      </trkpt>
      <trkpt lat="50.87721" lon="4.83229">
        <ele>58</ele>
      </trkpt>
      <trkpt lat="50.87741" lon="4.83246">
        <ele>58</ele>
      </trkpt>
      <trkpt lat="50.87769" lon="4.8329">
        <ele>59</ele>
      </trkpt>
      <trkpt lat="50.8782" lon="4.83318">
        <ele>60</ele>
      </trkpt>
      <trkpt lat="50.87881" lon="4.83344">
        <ele>61</ele>
      </trkpt>
      <trkpt lat="50.8796" lon="4.83408">
        <ele>64</ele>
      </trkpt>
      <trkpt lat="50.88008" lon="4.83461">
        <ele>70</ele>
      </trkpt>
      <trkpt lat="50.88023" lon="4.83472">
        <ele>70</ele>
      </trkpt>
      <trkpt lat="50.88047" lon="4.83476">
        <ele>72</ele>
      </trkpt>
      <trkpt lat="50.88025" lon="4.83761">
        <ele>64</ele>
      </trkpt>
      <trkpt lat="50.88025" lon="4.83813">
        <ele>63</ele>
      </trkpt>
      <trkpt lat="50.88032" lon="4.83858">
        <ele>62</ele>
      </trkpt>
      <trkpt lat="50.88079" lon="4.83994">
        <ele>60</ele>
      </trkpt>
      <trkpt lat="50.88085" lon="4.84009">
        <ele>60</ele>
      </trkpt>
      <trkpt lat="50.88099" lon="4.84035">
        <ele>60</ele>
      </trkpt>
      <trkpt lat="50.88151" lon="4.84108">
        <ele>59</ele>
      </trkpt>
      <trkpt lat="50.88147" lon="4.84118">
        <ele>59</ele>
      </trkpt>
      <trkpt lat="50.88148" lon="4.84132">
        <ele>59</ele>
      </trkpt>
      <trkpt lat="50.88152" lon="4.84141">
        <ele>59</ele>
      </trkpt>
      <trkpt lat="50.88162" lon="4.84145">
        <ele>59</ele>
      </trkpt>
      <trkpt lat="50.88169" lon="4.8414">
        <ele>59</ele>
      </trkpt>
      <trkpt lat="50.88172" lon="4.84149">
        <ele>59</ele>
      </trkpt>
      <trkpt lat="50.88173" lon="4.84156">
        <ele>59</ele>
      </trkpt>
      <trkpt lat="50.88173" lon="4.84192">
        <ele>59</ele>
      </trkpt>
      <trkpt lat="50.88163" lon="4.84252">
        <ele>58</ele>
      </trkpt>
      <trkpt lat="50.88164" lon="4.84277">
        <ele>57</ele>
      </trkpt>
      <trkpt lat="50.88169" lon="4.843">
        <ele>56</ele>
      </trkpt>
      <trkpt lat="50.88218" lon="4.84463">
        <ele>51</ele>
      </trkpt>
      <trkpt lat="50.88296" lon="4.84639">
        <ele>48</ele>
      </trkpt>
      <trkpt lat="50.88305" lon="4.84664">
        <ele>47</ele>
      </trkpt>
      <trkpt lat="50.88314" lon="4.84702">
        <ele>46</ele>
      </trkpt>
      <trkpt lat="50.88316" lon="4.84722">
        <ele>46</ele>
      </trkpt>
      <trkpt lat="50.88318" lon="4.84864">
        <ele>45</ele>
      </trkpt>
      <trkpt lat="50.88326" lon="4.84933">
        <ele>44</ele>
      </trkpt>
      <trkpt lat="50.88337" lon="4.84987">
        <ele>44</ele>
      </trkpt>
      <trkpt lat="50.88387" lon="4.85132">
        <ele>45</ele>
      </trkpt>
      <trkpt lat="50.88393" lon="4.85166">
        <ele>46</ele>
      </trkpt>
      <trkpt lat="50.88393" lon="4.85208">
        <ele>47</ele>
      </trkpt>
      <trkpt lat="50.8839" lon="4.85229">
        <ele>47</ele>
      </trkpt>
      <trkpt lat="50.88381" lon="4.85266">
        <ele>48</ele>
      </trkpt>
      <trkpt lat="50.8837" lon="4.85289">
        <ele>48</ele>
      </trkpt>
      <trkpt lat="50.88354" lon="4.85318">
        <ele>49</ele>
      </trkpt>
      <trkpt lat="50.8829" lon="4.8542">
        <ele>50</ele>
      </trkpt>
      <trkpt lat="50.88119" lon="4.85699">
        <ele>50</ele>
      </trkpt>
      <trkpt lat="50.88107" lon="4.85721">
        <ele>50</ele>
      </trkpt>
      <trkpt lat="50.88091" lon="4.85768">
        <ele>50</ele>
      </trkpt>
      <trkpt lat="50.88085" lon="4.8579">
        <ele>49</ele>
      </trkpt>
      <trkpt lat="50.88081" lon="4.85815">
        <ele>49</ele>
      </trkpt>
      <trkpt lat="50.88076" lon="4.85864">
        <ele>49</ele>
      </trkpt>
      <trkpt lat="50.88075" lon="4.85913">
        <ele>50</ele>
      </trkpt>
      <trkpt lat="50.88112" lon="4.86244">
        <ele>51</ele>
      </trkpt>
      <trkpt lat="50.88112" lon="4.86272">
        <ele>51</ele>
      </trkpt>
      <trkpt lat="50.8811" lon="4.8631">
        <ele>51</ele>
      </trkpt>
      <trkpt lat="50.88103" lon="4.86375">
        <ele>52</ele>
      </trkpt>
      <trkpt lat="50.88095" lon="4.86416">
        <ele>53</ele>
      </trkpt>
      <trkpt lat="50.8805" lon="4.86595">
        <ele>56</ele>
      </trkpt>
      <trkpt lat="50.88042" lon="4.8663">
        <ele>57</ele>
      </trkpt>
      <trkpt lat="50.88025" lon="4.8679">
        <ele>64</ele>
      </trkpt>
      <trkpt lat="50.88018" lon="4.86831">
        <ele>65</ele>
      </trkpt>
      <trkpt lat="50.88" lon="4.86905">
        <ele>68</ele>
      </trkpt>
      <trkpt lat="50.87992" lon="4.86932">
        <ele>70</ele>
      </trkpt>
      <trkpt lat="50.87944" lon="4.87044">
        <ele>75</ele>
      </trkpt>
      <trkpt lat="50.87944" lon="4.87043">
        <ele>75</ele>
      </trkpt>
      <trkpt lat="50.87922" lon="4.87126">
        <ele>78</ele>
      </trkpt>
      <trkpt lat="50.87918" lon="4.8717">
        <ele>78</ele>
      </trkpt>
      <trkpt lat="50.87919" lon="4.87219">
        <ele>77</ele>
      </trkpt>
      <trkpt lat="50.87926" lon="4.87262">
        <ele>76</ele>
      </trkpt>
      <trkpt lat="50.87952" lon="4.8735">
        <ele>75</ele>
      </trkpt>
      <trkpt lat="50.87958" lon="4.87379">
        <ele>75</ele>
      </trkpt>
      <trkpt lat="50.8796" lon="4.87402">
        <ele>75</ele>
      </trkpt>
      <trkpt lat="50.87961" lon="4.87427">
        <ele>76</ele>
      </trkpt>
      <trkpt lat="50.8796" lon="4.87453">
        <ele>76</ele>
      </trkpt>
      <trkpt lat="50.87957" lon="4.87472">
        <ele>76</ele>
      </trkpt>
      <trkpt lat="50.87948" lon="4.87509">
        <ele>76</ele>
      </trkpt>
      <trkpt lat="50.87935" lon="4.87539">
        <ele>76</ele>
      </trkpt>
      <trkpt lat="50.87871" lon="4.87667">
        <ele>75</ele>
      </trkpt>
      <trkpt lat="50.87841" lon="4.87744">
        <ele>75</ele>
      </trkpt>
      <trkpt lat="50.87826" lon="4.87795">
        <ele>76</ele>
      </trkpt>
      <trkpt lat="50.87759" lon="4.88077">
        <ele>83</ele>
      </trkpt>
      <trkpt lat="50.87757" lon="4.8809">
        <ele>83</ele>
      </trkpt>
      <trkpt lat="50.87757" lon="4.88106">
        <ele>83</ele>
      </trkpt>
      <trkpt lat="50.87709" lon="4.88115">
        <ele>84</ele>
      </trkpt>
      <trkpt lat="50.87662" lon="4.88124">
        <ele>84</ele>
      </trkpt>
      <trkpt lat="50.87518" lon="4.88173">
        <ele>84</ele>
      </trkpt>
      <trkpt lat="50.8752" lon="4.88185">
        <ele>84</ele>
      </trkpt>
      <trkpt lat="50.87521" lon="4.8819">
        <ele>84</ele>
      </trkpt>
      <trkpt lat="50.87529" lon="4.88207">
        <ele>84</ele>
      </trkpt>
      <trkpt lat="50.87593" lon="4.88296">
        <ele>84</ele>
      </trkpt>
      <trkpt lat="50.87633" lon="4.88349">
        <ele>85</ele>
      </trkpt>
      <trkpt lat="50.87734" lon="4.88459">
        <ele>86</ele>
      </trkpt>
      <trkpt lat="50.87741" lon="4.88472">
        <ele>86</ele>
      </trkpt>
      <trkpt lat="50.87755" lon="4.88514">
        <ele>86</ele>
      </trkpt>
      <trkpt lat="50.8776" lon="4.8855">
        <ele>85</ele>
      </trkpt>
      <trkpt lat="50.8776" lon="4.88565">
        <ele>85</ele>
      </trkpt>
      <trkpt lat="50.8774" lon="4.88674">
        <ele>84</ele>
      </trkpt>
      <trkpt lat="50.87734" lon="4.88736">
        <ele>83</ele>
      </trkpt>
      <trkpt lat="50.87735" lon="4.89078">
        <ele>85</ele>
      </trkpt>
      <trkpt lat="50.87764" lon="4.89205">
        <ele>84</ele>
      </trkpt>
      <trkpt lat="50.87863" lon="4.89476">
        <ele>82</ele>
      </trkpt>
      <trkpt lat="50.8788" lon="4.89514">
        <ele>82</ele>
      </trkpt>
      <trkpt lat="50.8791" lon="4.89564">
        <ele>83</ele>
      </trkpt>
      <trkpt lat="50.87925" lon="4.89586">
        <ele>83</ele>
      </trkpt>
      <trkpt lat="50.88004" lon="4.89678">
        <ele>85</ele>
      </trkpt>
      <trkpt lat="50.88025" lon="4.89715">
        <ele>86</ele>
      </trkpt>
      <trkpt lat="50.88033" lon="4.89737">
        <ele>87</ele>
      </trkpt>
      <trkpt lat="50.881" lon="4.90037">
        <ele>91</ele>
      </trkpt>
      <trkpt lat="50.8815" lon="4.90224">
        <ele>90</ele>
      </trkpt>
      <trkpt lat="50.88238" lon="4.9062">
        <ele>87</ele>
      </trkpt>
      <trkpt lat="50.88257" lon="4.90674">
        <ele>87</ele>
      </trkpt>
      <trkpt lat="50.88279" lon="4.90714">
        <ele>88</ele>
      </trkpt>
      <trkpt lat="50.88318" lon="4.9076">
        <ele>89</ele>
      </trkpt>
      <trkpt lat="50.88342" lon="4.90778">
        <ele>90</ele>
      </trkpt>
      <trkpt lat="50.88452" lon="4.90822">
        <ele>94</ele>
      </trkpt>
      <trkpt lat="50.88484" lon="4.90844">
        <ele>94</ele>
      </trkpt>
      <trkpt lat="50.88502" lon="4.90861">
        <ele>94</ele>
      </trkpt>
      <trkpt lat="50.88497" lon="4.90867">
        <ele>94</ele>
      </trkpt>
      <trkpt lat="50.8845" lon="4.9091">
        <ele>91</ele>
      </trkpt>
      <trkpt lat="50.88435" lon="4.90931">
        <ele>90</ele>
      </trkpt>
      <trkpt lat="50.88417" lon="4.90961">
        <ele>88</ele>
      </trkpt>
      <trkpt lat="50.88381" lon="4.91026">
        <ele>85</ele>
      </trkpt>
      <trkpt lat="50.88366" lon="4.9106">
        <ele>84</ele>
      </trkpt>
      <trkpt lat="50.88312" lon="4.91206">
        <ele>82</ele>
      </trkpt>
      <trkpt lat="50.88281" lon="4.91274">
        <ele>81</ele>
      </trkpt>
      <trkpt lat="50.88265" lon="4.91421">
        <ele>79</ele>
      </trkpt>
      <trkpt lat="50.88248" lon="4.91526">
        <ele>77</ele>
      </trkpt>
      <trkpt lat="50.88218" lon="4.9184">
        <ele>74</ele>
      </trkpt>
      <trkpt lat="50.88212" lon="4.91924">
        <ele>74</ele>
      </trkpt>
      <trkpt lat="50.88203" lon="4.92191">
        <ele>69</ele>
      </trkpt>
      <trkpt lat="50.88189" lon="4.92352">
        <ele>66</ele>
      </trkpt>
      <trkpt lat="50.88163" lon="4.92349">
        <ele>66</ele>
      </trkpt>
      <trkpt lat="50.8811" lon="4.92351">
        <ele>66</ele>
      </trkpt>
      <trkpt lat="50.88054" lon="4.92369">
        <ele>65</ele>
      </trkpt>
      <trkpt lat="50.87849" lon="4.92466">
        <ele>61</ele>
      </trkpt>
      <trkpt lat="50.87824" lon="4.92473">
        <ele>61</ele>
      </trkpt>
      <trkpt lat="50.87803" lon="4.92475">
        <ele>61</ele>
      </trkpt>
      <trkpt lat="50.87802" lon="4.92522">
        <ele>60</ele>
      </trkpt>
      <trkpt lat="50.87865" lon="4.92666">
        <ele>56</ele>
      </trkpt>
      <trkpt lat="50.87883" lon="4.92712">
        <ele>55</ele>
      </trkpt>
      <trkpt lat="50.87888" lon="4.92732">
        <ele>55</ele>
      </trkpt>
      <trkpt lat="50.87891" lon="4.92764">
        <ele>54</ele>
      </trkpt>
      <trkpt lat="50.87891" lon="4.92801">
        <ele>54</ele>
      </trkpt>
      <trkpt lat="50.87889" lon="4.92818">
        <ele>54</ele>
      </trkpt>
      <trkpt lat="50.87886" lon="4.92832">
        <ele>54</ele>
      </trkpt>
      <trkpt lat="50.8788" lon="4.92853">
        <ele>54</ele>
      </trkpt>
      <trkpt lat="50.87874" lon="4.92869">
        <ele>54</ele>
      </trkpt>
      <trkpt lat="50.8786" lon="4.92898">
        <ele>54</ele>
      </trkpt>
      <trkpt lat="50.87789" lon="4.93017">
        <ele>53</ele>
      </trkpt>
      <trkpt lat="50.87732" lon="4.93142">
        <ele>55</ele>
      </trkpt>
      <trkpt lat="50.87706" lon="4.93214">
        <ele>56</ele>
      </trkpt>
      <trkpt lat="50.87616" lon="4.93483">
        <ele>57</ele>
      </trkpt>
      <trkpt lat="50.876" lon="4.93522">
        <ele>57</ele>
      </trkpt>
      <trkpt lat="50.87546" lon="4.93614">
        <ele>55</ele>
      </trkpt>
      <trkpt lat="50.87524" lon="4.93662">
        <ele>53</ele>
      </trkpt>
      <trkpt lat="50.87507" lon="4.93718">
        <ele>52</ele>
      </trkpt>
      <trkpt lat="50.87495" lon="4.93758">
        <ele>52</ele>
      </trkpt>
      <trkpt lat="50.87484" lon="4.93812">
        <ele>51</ele>
      </trkpt>
      <trkpt lat="50.87445" lon="4.94232">
        <ele>48</ele>
      </trkpt>
      <trkpt lat="50.87446" lon="4.94245">
        <ele>48</ele>
      </trkpt>
      <trkpt lat="50.87449" lon="4.94262">
        <ele>48</ele>
      </trkpt>
      <trkpt lat="50.87419" lon="4.9428">
        <ele>48</ele>
      </trkpt>
      <trkpt lat="50.87401" lon="4.94295">
        <ele>47</ele>
      </trkpt>
      <trkpt lat="50.87389" lon="4.94306">
        <ele>47</ele>
      </trkpt>
      <trkpt lat="50.87372" lon="4.94331">
        <ele>47</ele>
      </trkpt>
      <trkpt lat="50.87356" lon="4.94364">
        <ele>47</ele>
      </trkpt>
      <trkpt lat="50.87315" lon="4.94475">
        <ele>49</ele>
      </trkpt>
      <trkpt lat="50.87307" lon="4.94507">
        <ele>50</ele>
      </trkpt>
      <trkpt lat="50.873" lon="4.94556">
        <ele>50</ele>
      </trkpt>
      <trkpt lat="50.87298" lon="4.94575">
        <ele>51</ele>
      </trkpt>
      <trkpt lat="50.87302" lon="4.94816">
        <ele>53</ele>
      </trkpt>
      <trkpt lat="50.87298" lon="4.94839">
        <ele>53</ele>
      </trkpt>
      <trkpt lat="50.87294" lon="4.94851">
        <ele>52</ele>
      </trkpt>
      <trkpt lat="50.87233" lon="4.94973">
        <ele>53</ele>
      </trkpt>
      <trkpt lat="50.87221" lon="4.95012">
        <ele>53</ele>
      </trkpt>
      <trkpt lat="50.87217" lon="4.95049">
        <ele>53</ele>
      </trkpt>
      <trkpt lat="50.87218" lon="4.95078">
        <ele>53</ele>
      </trkpt>
      <trkpt lat="50.87225" lon="4.95106">
        <ele>52</ele>
      </trkpt>
      <trkpt lat="50.8726" lon="4.95206">
        <ele>51</ele>
      </trkpt>
      <trkpt lat="50.87273" lon="4.95263">
        <ele>51</ele>
      </trkpt>
      <trkpt lat="50.8728" lon="4.95325">
        <ele>50</ele>
      </trkpt>
      <trkpt lat="50.8729" lon="4.95561">
        <ele>48</ele>
      </trkpt>
      <trkpt lat="50.87288" lon="4.9558">
        <ele>48</ele>
      </trkpt>
      <trkpt lat="50.87283" lon="4.95599">
        <ele>48</ele>
      </trkpt>
      <trkpt lat="50.87279" lon="4.95605">
        <ele>48</ele>
      </trkpt>
      <trkpt lat="50.8727" lon="4.9562">
        <ele>47</ele>
      </trkpt>
      <trkpt lat="50.87255" lon="4.95629">
        <ele>47</ele>
      </trkpt>
      <trkpt lat="50.87244" lon="4.95633">
        <ele>47</ele>
      </trkpt>
      <trkpt lat="50.87129" lon="4.95618">
        <ele>46</ele>
      </trkpt>
      <trkpt lat="50.87106" lon="4.95617">
        <ele>46</ele>
      </trkpt>
      <trkpt lat="50.87084" lon="4.95623">
        <ele>46</ele>
      </trkpt>
      <trkpt lat="50.87042" lon="4.9564">
        <ele>46</ele>
      </trkpt>
      <trkpt lat="50.86979" lon="4.95671">
        <ele>45</ele>
      </trkpt>
      <trkpt lat="50.86853" lon="4.95784">
        <ele>44</ele>
      </trkpt>
      <trkpt lat="50.8685" lon="4.95789">
        <ele>44</ele>
      </trkpt>
      <trkpt lat="50.86843" lon="4.95802">
        <ele>44</ele>
      </trkpt>
      <trkpt lat="50.86837" lon="4.95824">
        <ele>44</ele>
      </trkpt>
      <trkpt lat="50.86829" lon="4.95869">
        <ele>44</ele>
      </trkpt>
      <trkpt lat="50.86843" lon="4.95875">
        <ele>44</ele>
      </trkpt>
      <trkpt lat="50.86845" lon="4.95895">
        <ele>44</ele>
      </trkpt>
      <trkpt lat="50.8685" lon="4.9591">
        <ele>44</ele>
      </trkpt>
      <trkpt lat="50.86855" lon="4.95917">
        <ele>43</ele>
      </trkpt>
      <trkpt lat="50.86894" lon="4.96012">
        <ele>43</ele>
      </trkpt>
      <trkpt lat="50.8694" lon="4.96107">
        <ele>45</ele>
      </trkpt>
      <trkpt lat="50.8728" lon="4.96763">
        <ele>53</ele>
      </trkpt>
      <trkpt lat="50.87288" lon="4.96787">
        <ele>53</ele>
      </trkpt>
      <trkpt lat="50.87295" lon="4.96809">
        <ele>53</ele>
      </trkpt>
      <trkpt lat="50.87299" lon="4.96834">
        <ele>53</ele>
      </trkpt>
      <trkpt lat="50.873" lon="4.96858">
        <ele>53</ele>
      </trkpt>
      <trkpt lat="50.87297" lon="4.96909">
        <ele>52</ele>
      </trkpt>
      <trkpt lat="50.87289" lon="4.96989">
        <ele>51</ele>
      </trkpt>
      <trkpt lat="50.87288" lon="4.97023">
        <ele>50</ele>
      </trkpt>
      <trkpt lat="50.87296" lon="4.97062">
        <ele>50</ele>
      </trkpt>
      <trkpt lat="50.87304" lon="4.97083">
        <ele>50</ele>
      </trkpt>
      <trkpt lat="50.87331" lon="4.97137">
        <ele>49</ele>
      </trkpt>
      <trkpt lat="50.87344" lon="4.97171">
        <ele>49</ele>
      </trkpt>
      <trkpt lat="50.87363" lon="4.97232">
        <ele>49</ele>
      </trkpt>
      <trkpt lat="50.87381" lon="4.97272">
        <ele>48</ele>
      </trkpt>
      <trkpt lat="50.87432" lon="4.97339">
        <ele>47</ele>
      </trkpt>
      <trkpt lat="50.87428" lon="4.97345">
        <ele>47</ele>
      </trkpt>
      <trkpt lat="50.8724" lon="4.97639">
        <ele>37</ele>
      </trkpt>
      <trkpt lat="50.87194" lon="4.97705">
        <ele>35</ele>
      </trkpt>
      <trkpt lat="50.87126" lon="4.97793">
        <ele>33</ele>
      </trkpt>
      <trkpt lat="50.86898" lon="4.98043">
        <ele>32</ele>
      </trkpt>
      <trkpt lat="50.8688" lon="4.98065">
        <ele>32</ele>
      </trkpt>
      <trkpt lat="50.86856" lon="4.981">
        <ele>33</ele>
      </trkpt>
      <trkpt lat="50.86836" lon="4.98134">
        <ele>33</ele>
      </trkpt>
      <trkpt lat="50.86721" lon="4.98364">
        <ele>34</ele>
      </trkpt>
      <trkpt lat="50.86674" lon="4.98465">
        <ele>37</ele>
      </trkpt>
      <trkpt lat="50.86684" lon="4.98478">
        <ele>37</ele>
      </trkpt>
      <trkpt lat="50.86719" lon="4.98538">
        <ele>38</ele>
      </trkpt>
      <trkpt lat="50.86743" lon="4.98571">
        <ele>39</ele>
      </trkpt>
      <trkpt lat="50.86772" lon="4.98606">
        <ele>41</ele>
      </trkpt>
      <trkpt lat="50.86824" lon="4.98689">
        <ele>42</ele>
      </trkpt>
      <trkpt lat="50.86821" lon="4.98694">
        <ele>42</ele>
      </trkpt>
      <trkpt lat="50.86794" lon="4.98736">
        <ele>41</ele>
      </trkpt>
      <trkpt lat="50.86774" lon="4.98762">
        <ele>41</ele>
      </trkpt>
      <trkpt lat="50.86748" lon="4.98793">
        <ele>41</ele>
      </trkpt>
      <trkpt lat="50.86568" lon="4.98966">
        <ele>39</ele>
      </trkpt>
      <trkpt lat="50.86533" lon="4.99004">
        <ele>39</ele>
      </trkpt>
      <trkpt lat="50.86479" lon="4.9907">
        <ele>38</ele>
      </trkpt>
      <trkpt lat="50.86232" lon="4.99409">
        <ele>36</ele>
      </trkpt>
      <trkpt lat="50.85864" lon="4.99912">
        <ele>37</ele>
      </trkpt>
      <trkpt lat="50.85848" lon="4.99938">
        <ele>38</ele>
      </trkpt>
      <trkpt lat="50.85798" lon="5.00037">
        <ele>38</ele>
      </trkpt>
      <trkpt lat="50.85702" lon="4.99888">
        <ele>39</ele>
      </trkpt>
      <trkpt lat="50.85665" lon="4.99844">
        <ele>40</ele>
      </trkpt>
      <trkpt lat="50.8563" lon="4.99808">
        <ele>41</ele>
      </trkpt>
      <trkpt lat="50.85604" lon="4.99775">
        <ele>41</ele>
      </trkpt>
      <trkpt lat="50.85581" lon="4.99756">
        <ele>42</ele>
      </trkpt>
      <trkpt lat="50.85541" lon="4.99735">
        <ele>43</ele>
      </trkpt>
      <trkpt lat="50.85508" lon="4.99723">
        <ele>45</ele>
      </trkpt>
      <trkpt lat="50.85444" lon="4.9969">
        <ele>47</ele>
      </trkpt>
      <trkpt lat="50.85375" lon="4.99666">
        <ele>49</ele>
      </trkpt>
      <trkpt lat="50.85369" lon="4.99662">
        <ele>49</ele>
      </trkpt>
      <trkpt lat="50.85357" lon="4.99647">
        <ele>49</ele>
      </trkpt>
      <trkpt lat="50.85322" lon="4.99574">
        <ele>49</ele>
      </trkpt>
      <trkpt lat="50.85272" lon="4.99483">
        <ele>50</ele>
      </trkpt>
      <trkpt lat="50.85219" lon="4.99398">
        <ele>49</ele>
      </trkpt>
      <trkpt lat="50.85178" lon="4.99304">
        <ele>48</ele>
      </trkpt>
      <trkpt lat="50.85166" lon="4.99286">
        <ele>48</ele>
      </trkpt>
      <trkpt lat="50.85155" lon="4.99277">
        <ele>48</ele>
      </trkpt>
      <trkpt lat="50.851" lon="4.99261">
        <ele>49</ele>
      </trkpt>
      <trkpt lat="50.85019" lon="4.99223">
        <ele>50</ele>
      </trkpt>
      <trkpt lat="50.84989" lon="4.99216">
        <ele>50</ele>
      </trkpt>
      <trkpt lat="50.84967" lon="4.99216">
        <ele>51</ele>
      </trkpt>
      <trkpt lat="50.84958" lon="4.99219">
        <ele>51</ele>
      </trkpt>
      <trkpt lat="50.84844" lon="4.99287">
        <ele>53</ele>
      </trkpt>
      <trkpt lat="50.84847" lon="4.99294">
        <ele>53</ele>
      </trkpt>
      <trkpt lat="50.84878" lon="4.99367">
        <ele>54</ele>
      </trkpt>
      <trkpt lat="50.84957" lon="4.99541">
        <ele>60</ele>
      </trkpt>
      <trkpt lat="50.84962" lon="4.99567">
        <ele>61</ele>
      </trkpt>
      <trkpt lat="50.84963" lon="4.99586">
        <ele>61</ele>
      </trkpt>
      <trkpt lat="50.8496" lon="4.99594">
        <ele>62</ele>
      </trkpt>
      <trkpt lat="50.84921" lon="4.99668">
        <ele>63</ele>
      </trkpt>
      <trkpt lat="50.84915" lon="4.9968">
        <ele>62</ele>
      </trkpt>
      <trkpt lat="50.84912" lon="4.99694">
        <ele>62</ele>
      </trkpt>
      <trkpt lat="50.84908" lon="4.99695">
        <ele>62</ele>
      </trkpt>
      <trkpt lat="50.84906" lon="4.99699">
        <ele>62</ele>
      </trkpt>
      <trkpt lat="50.849" lon="4.99695">
        <ele>62</ele>
      </trkpt>
      <trkpt lat="50.84873" lon="4.99679">
        <ele>61</ele>
      </trkpt>
      <trkpt lat="50.84797" lon="4.99643">
        <ele>59</ele>
      </trkpt>
      <trkpt lat="50.84773" lon="4.99635">
        <ele>58</ele>
      </trkpt>
      <trkpt lat="50.84743" lon="4.99631">
        <ele>57</ele>
      </trkpt>
      <trkpt lat="50.84728" lon="4.99625">
        <ele>57</ele>
      </trkpt>
      <trkpt lat="50.84644" lon="4.99572">
        <ele>56</ele>
      </trkpt>
      <trkpt lat="50.84588" lon="4.99545">
        <ele>55</ele>
      </trkpt>
      <trkpt lat="50.84509" lon="4.99527">
        <ele>54</ele>
      </trkpt>
      <trkpt lat="50.84079" lon="4.99448">
        <ele>54</ele>
      </trkpt>
      <trkpt lat="50.83996" lon="4.9943">
        <ele>54</ele>
      </trkpt>
      <trkpt lat="50.83422" lon="4.99276">
        <ele>48</ele>
      </trkpt>
      <trkpt lat="50.83392" lon="4.99266">
        <ele>49</ele>
      </trkpt>
      <trkpt lat="50.83377" lon="4.99251">
        <ele>49</ele>
      </trkpt>
      <trkpt lat="50.83283" lon="4.99109">
        <ele>47</ele>
      </trkpt>
      <trkpt lat="50.83266" lon="4.99092">
        <ele>46</ele>
      </trkpt>
      <trkpt lat="50.83248" lon="4.99076">
        <ele>45</ele>
      </trkpt>
      <trkpt lat="50.831" lon="4.99004">
        <ele>36</ele>
      </trkpt>
      <trkpt lat="50.83084" lon="4.98999">
        <ele>36</ele>
      </trkpt>
      <trkpt lat="50.83063" lon="4.98996">
        <ele>36</ele>
      </trkpt>
      <trkpt lat="50.82993" lon="4.98991">
        <ele>40</ele>
      </trkpt>
      <trkpt lat="50.82977" lon="4.98985">
        <ele>41</ele>
      </trkpt>
      <trkpt lat="50.8297" lon="4.98979">
        <ele>41</ele>
      </trkpt>
      <trkpt lat="50.82952" lon="4.98954">
        <ele>41</ele>
      </trkpt>
      <trkpt lat="50.82942" lon="4.98935">
        <ele>42</ele>
      </trkpt>
      <trkpt lat="50.82932" lon="4.98905">
        <ele>41</ele>
      </trkpt>
      <trkpt lat="50.82924" lon="4.989">
        <ele>41</ele>
      </trkpt>
      <trkpt lat="50.82924" lon="4.98903">
        <ele>41</ele>
      </trkpt>
      <trkpt lat="50.82923" lon="4.98903">
        <ele>41</ele>
      </trkpt>
      <trkpt lat="50.8292" lon="4.9893">
        <ele>42</ele>
      </trkpt>
      <trkpt lat="50.82911" lon="4.98996">
        <ele>42</ele>
      </trkpt>
      <trkpt lat="50.8291" lon="4.99017">
        <ele>42</ele>
      </trkpt>
      <trkpt lat="50.82914" lon="4.99064">
        <ele>42</ele>
      </trkpt>
      <trkpt lat="50.82923" lon="4.99108">
        <ele>41</ele>
      </trkpt>
      <trkpt lat="50.82845" lon="4.99159">
        <ele>40</ele>
      </trkpt>
      <trkpt lat="50.82725" lon="4.9926">
        <ele>38</ele>
      </trkpt>
      <trkpt lat="50.82695" lon="4.99288">
        <ele>37</ele>
      </trkpt>
      <trkpt lat="50.82598" lon="4.99386">
        <ele>34</ele>
      </trkpt>
      <trkpt lat="50.82495" lon="4.99499">
        <ele>32</ele>
      </trkpt>
      <trkpt lat="50.82419" lon="4.99576">
        <ele>31</ele>
      </trkpt>
      <trkpt lat="50.82408" lon="4.99598">
        <ele>31</ele>
      </trkpt>
      <trkpt lat="50.824" lon="4.99626">
        <ele>32</ele>
      </trkpt>
      <trkpt lat="50.82397" lon="4.99644">
        <ele>31</ele>
      </trkpt>
      <trkpt lat="50.82373" lon="4.99986">
        <ele>32</ele>
      </trkpt>
      <trkpt lat="50.82369" lon="5.00003">
        <ele>32</ele>
      </trkpt>
      <trkpt lat="50.82363" lon="5.00017">
        <ele>32</ele>
      </trkpt>
      <trkpt lat="50.82355" lon="5.0003">
        <ele>32</ele>
      </trkpt>
      <trkpt lat="50.82168" lon="5.00225">
        <ele>31</ele>
      </trkpt>
      <trkpt lat="50.82154" lon="5.00237">
        <ele>31</ele>
      </trkpt>
      <trkpt lat="50.82114" lon="5.00265">
        <ele>32</ele>
      </trkpt>
      <trkpt lat="50.82074" lon="5.00299">
        <ele>31</ele>
      </trkpt>
      <trkpt lat="50.81908" lon="5.00484">
        <ele>31</ele>
      </trkpt>
      <trkpt lat="50.81885" lon="5.00508">
        <ele>31</ele>
      </trkpt>
      <trkpt lat="50.81856" lon="5.0053">
        <ele>31</ele>
      </trkpt>
      <trkpt lat="50.81836" lon="5.0054">
        <ele>31</ele>
      </trkpt>
      <trkpt lat="50.81805" lon="5.00552">
        <ele>32</ele>
      </trkpt>
      <trkpt lat="50.81778" lon="5.00555">
        <ele>32</ele>
      </trkpt>
      <trkpt lat="50.8175" lon="5.00552">
        <ele>32</ele>
      </trkpt>
      <trkpt lat="50.81718" lon="5.00543">
        <ele>33</ele>
      </trkpt>
      <trkpt lat="50.81636" lon="5.00501">
        <ele>36</ele>
      </trkpt>
      <trkpt lat="50.81617" lon="5.00497">
        <ele>37</ele>
      </trkpt>
      <trkpt lat="50.81597" lon="5.00497">
        <ele>38</ele>
      </trkpt>
      <trkpt lat="50.81579" lon="5.00502">
        <ele>39</ele>
      </trkpt>
      <trkpt lat="50.81543" lon="5.00527">
        <ele>41</ele>
      </trkpt>
      <trkpt lat="50.81528" lon="5.00543">
        <ele>42</ele>
      </trkpt>
      <trkpt lat="50.81518" lon="5.00559">
        <ele>42</ele>
      </trkpt>
      <trkpt lat="50.81462" lon="5.00673">
        <ele>43</ele>
      </trkpt>
      <trkpt lat="50.81291" lon="5.00975">
        <ele>42</ele>
      </trkpt>
      <trkpt lat="50.81287" lon="5.00986">
        <ele>42</ele>
      </trkpt>
      <trkpt lat="50.81282" lon="5.01009">
        <ele>42</ele>
      </trkpt>
      <trkpt lat="50.81274" lon="5.01049">
        <ele>41</ele>
      </trkpt>
      <trkpt lat="50.81246" lon="5.01109">
        <ele>41</ele>
      </trkpt>
      <trkpt lat="50.81221" lon="5.01169">
        <ele>40</ele>
      </trkpt>
      <trkpt lat="50.81216" lon="5.01192">
        <ele>40</ele>
      </trkpt>
      <trkpt lat="50.81214" lon="5.01218">
        <ele>40</ele>
      </trkpt>
      <trkpt lat="50.81215" lon="5.01241">
        <ele>40</ele>
      </trkpt>
      <trkpt lat="50.81275" lon="5.01512">
        <ele>38</ele>
      </trkpt>
      <trkpt lat="50.81288" lon="5.01566">
        <ele>37</ele>
      </trkpt>
      <trkpt lat="50.81296" lon="5.01589">
        <ele>37</ele>
      </trkpt>
      <trkpt lat="50.81302" lon="5.01612">
        <ele>37</ele>
      </trkpt>
      <trkpt lat="50.81336" lon="5.01775">
        <ele>36</ele>
      </trkpt>
      <trkpt lat="50.81305" lon="5.018">
        <ele>36</ele>
      </trkpt>
      <trkpt lat="50.81291" lon="5.01805">
        <ele>36</ele>
      </trkpt>
      <trkpt lat="50.81171" lon="5.01843">
        <ele>35</ele>
      </trkpt>
      <trkpt lat="50.8113" lon="5.01868">
        <ele>34</ele>
      </trkpt>
      <trkpt lat="50.81055" lon="5.01943">
        <ele>35</ele>
      </trkpt>
      <trkpt lat="50.80977" lon="5.02021">
        <ele>37</ele>
      </trkpt>
      <trkpt lat="50.80963" lon="5.02024">
        <ele>37</ele>
      </trkpt>
      <trkpt lat="50.80952" lon="5.02024">
        <ele>37</ele>
      </trkpt>
      <trkpt lat="50.80937" lon="5.02019">
        <ele>37</ele>
      </trkpt>
      <trkpt lat="50.80927" lon="5.02012">
        <ele>38</ele>
      </trkpt>
      <trkpt lat="50.80917" lon="5.02002">
        <ele>38</ele>
      </trkpt>
      <trkpt lat="50.80884" lon="5.01961">
        <ele>38</ele>
      </trkpt>
      <trkpt lat="50.80704" lon="5.01709">
        <ele>47</ele>
      </trkpt>
      <trkpt lat="50.80683" lon="5.01685">
        <ele>48</ele>
      </trkpt>
      <trkpt lat="50.80663" lon="5.01666">
        <ele>48</ele>
      </trkpt>
      <trkpt lat="50.80648" lon="5.01656">
        <ele>48</ele>
      </trkpt>
      <trkpt lat="50.80611" lon="5.01639">
        <ele>47</ele>
      </trkpt>
      <trkpt lat="50.80588" lon="5.01634">
        <ele>47</ele>
      </trkpt>
      <trkpt lat="50.80564" lon="5.01631">
        <ele>46</ele>
      </trkpt>
      <trkpt lat="50.79854" lon="5.01612">
        <ele>52</ele>
      </trkpt>
      <trkpt lat="50.79851" lon="5.01588">
        <ele>52</ele>
      </trkpt>
      <trkpt lat="50.79833" lon="5.01585">
        <ele>52</ele>
      </trkpt>
      <trkpt lat="50.79798" lon="5.01572">
        <ele>54</ele>
      </trkpt>
      <trkpt lat="50.79786" lon="5.01572">
        <ele>54</ele>
      </trkpt>
      <trkpt lat="50.79752" lon="5.01578">
        <ele>55</ele>
      </trkpt>
      <trkpt lat="50.79724" lon="5.0159">
        <ele>56</ele>
      </trkpt>
      <trkpt lat="50.79665" lon="5.01624">
        <ele>58</ele>
      </trkpt>
      <trkpt lat="50.79612" lon="5.0164">
        <ele>60</ele>
      </trkpt>
      <trkpt lat="50.79595" lon="5.01641">
        <ele>60</ele>
      </trkpt>
      <trkpt lat="50.79589" lon="5.01639">
        <ele>60</ele>
      </trkpt>
      <trkpt lat="50.79554" lon="5.01624">
        <ele>60</ele>
      </trkpt>
      <trkpt lat="50.79503" lon="5.01596">
        <ele>59</ele>
      </trkpt>
      <trkpt lat="50.79466" lon="5.01579">
        <ele>58</ele>
      </trkpt>
      <trkpt lat="50.79434" lon="5.01567">
        <ele>57</ele>
      </trkpt>
      <trkpt lat="50.79395" lon="5.01561">
        <ele>56</ele>
      </trkpt>
      <trkpt lat="50.79339" lon="5.0158">
        <ele>58</ele>
      </trkpt>
      <trkpt lat="50.79204" lon="5.01588">
        <ele>61</ele>
      </trkpt>
      <trkpt lat="50.79181" lon="5.01587">
        <ele>61</ele>
      </trkpt>
      <trkpt lat="50.79158" lon="5.0158">
        <ele>60</ele>
      </trkpt>
      <trkpt lat="50.7891" lon="5.01469">
        <ele>60</ele>
      </trkpt>
      <trkpt lat="50.78868" lon="5.01457">
        <ele>58</ele>
      </trkpt>
      <trkpt lat="50.78616" lon="5.01431">
        <ele>45</ele>
      </trkpt>
      <trkpt lat="50.7861" lon="5.01437">
        <ele>45</ele>
      </trkpt>
      <trkpt lat="50.7861" lon="5.01438">
        <ele>45</ele>
      </trkpt>
      <trkpt lat="50.78596" lon="5.01404">
        <ele>45</ele>
      </trkpt>
      <trkpt lat="50.78562" lon="5.0131">
        <ele>46</ele>
      </trkpt>
      <trkpt lat="50.78546" lon="5.01263">
        <ele>46</ele>
      </trkpt>
      <trkpt lat="50.78532" lon="5.01206">
        <ele>47</ele>
      </trkpt>
      <trkpt lat="50.7851" lon="5.01115">
        <ele>47</ele>
      </trkpt>
      <trkpt lat="50.78501" lon="5.01047">
        <ele>48</ele>
      </trkpt>
      <trkpt lat="50.78475" lon="5.00915">
        <ele>48</ele>
      </trkpt>
      <trkpt lat="50.78387" lon="5.0071">
        <ele>48</ele>
      </trkpt>
      <trkpt lat="50.78375" lon="5.00695">
        <ele>49</ele>
      </trkpt>
      <trkpt lat="50.78374" lon="5.00677">
        <ele>49</ele>
      </trkpt>
      <trkpt lat="50.7837" lon="5.00667">
        <ele>49</ele>
      </trkpt>
      <trkpt lat="50.78342" lon="5.0059">
        <ele>49</ele>
      </trkpt>
      <trkpt lat="50.78303" lon="5.00474">
        <ele>48</ele>
      </trkpt>
      <trkpt lat="50.78233" lon="5.00245">
        <ele>47</ele>
      </trkpt>
      <trkpt lat="50.782" lon="5.0014">
        <ele>47</ele>
      </trkpt>
      <trkpt lat="50.78167" lon="5.00051">
        <ele>47</ele>
      </trkpt>
      <trkpt lat="50.77929" lon="4.99598">
        <ele>48</ele>
      </trkpt>
      <trkpt lat="50.77897" lon="4.99548">
        <ele>49</ele>
      </trkpt>
      <trkpt lat="50.77887" lon="4.99535">
        <ele>49</ele>
      </trkpt>
      <trkpt lat="50.77653" lon="4.99279">
        <ele>52</ele>
      </trkpt>
      <trkpt lat="50.77564" lon="4.99208">
        <ele>55</ele>
      </trkpt>
      <trkpt lat="50.77526" lon="4.99174">
        <ele>55</ele>
      </trkpt>
      <trkpt lat="50.77515" lon="4.99162">
        <ele>54</ele>
      </trkpt>
      <trkpt lat="50.77489" lon="4.9912">
        <ele>56</ele>
      </trkpt>
      <trkpt lat="50.77464" lon="4.99088">
        <ele>58</ele>
      </trkpt>
      <trkpt lat="50.77436" lon="4.99036">
        <ele>59</ele>
      </trkpt>
      <trkpt lat="50.77439" lon="4.9902">
        <ele>60</ele>
      </trkpt>
      <trkpt lat="50.7744" lon="4.99011">
        <ele>60</ele>
      </trkpt>
      <trkpt lat="50.77427" lon="4.98766">
        <ele>62</ele>
      </trkpt>
      <trkpt lat="50.77423" lon="4.98737">
        <ele>62</ele>
      </trkpt>
      <trkpt lat="50.77414" lon="4.98698">
        <ele>62</ele>
      </trkpt>
      <trkpt lat="50.77228" lon="4.98059">
        <ele>65</ele>
      </trkpt>
      <trkpt lat="50.77251" lon="4.98024">
        <ele>65</ele>
      </trkpt>
      <trkpt lat="50.77257" lon="4.98008">
        <ele>65</ele>
      </trkpt>
      <trkpt lat="50.77279" lon="4.97865">
        <ele>67</ele>
      </trkpt>
      <trkpt lat="50.77297" lon="4.97798">
        <ele>67</ele>
      </trkpt>
      <trkpt lat="50.77306" lon="4.97778">
        <ele>67</ele>
      </trkpt>
      <trkpt lat="50.77324" lon="4.97745">
        <ele>67</ele>
      </trkpt>
      <trkpt lat="50.77351" lon="4.97701">
        <ele>67</ele>
      </trkpt>
      <trkpt lat="50.77341" lon="4.9767">
        <ele>67</ele>
      </trkpt>
      <trkpt lat="50.77323" lon="4.97597">
        <ele>67</ele>
      </trkpt>
      <trkpt lat="50.77308" lon="4.97402">
        <ele>68</ele>
      </trkpt>
      <trkpt lat="50.77302" lon="4.97344">
        <ele>69</ele>
      </trkpt>
      <trkpt lat="50.77227" lon="4.97047">
        <ele>71</ele>
      </trkpt>
      <trkpt lat="50.77197" lon="4.96861">
        <ele>74</ele>
      </trkpt>
      <trkpt lat="50.77193" lon="4.96845">
        <ele>74</ele>
      </trkpt>
      <trkpt lat="50.77086" lon="4.96573">
        <ele>73</ele>
      </trkpt>
      <trkpt lat="50.77073" lon="4.96523">
        <ele>71</ele>
      </trkpt>
      <trkpt lat="50.76851" lon="4.95526">
        <ele>80</ele>
      </trkpt>
      <trkpt lat="50.76846" lon="4.95493">
        <ele>80</ele>
      </trkpt>
      <trkpt lat="50.76843" lon="4.95456">
        <ele>81</ele>
      </trkpt>
      <trkpt lat="50.76846" lon="4.95328">
        <ele>83</ele>
      </trkpt>
      <trkpt lat="50.76845" lon="4.95305">
        <ele>84</ele>
      </trkpt>
      <trkpt lat="50.76838" lon="4.95273">
        <ele>84</ele>
      </trkpt>
      <trkpt lat="50.76832" lon="4.95255">
        <ele>85</ele>
      </trkpt>
      <trkpt lat="50.76805" lon="4.95212">
        <ele>86</ele>
      </trkpt>
      <trkpt lat="50.76797" lon="4.95186">
        <ele>86</ele>
      </trkpt>
      <trkpt lat="50.76788" lon="4.95143">
        <ele>85</ele>
      </trkpt>
      <trkpt lat="50.76784" lon="4.95133">
        <ele>85</ele>
      </trkpt>
      <trkpt lat="50.76776" lon="4.95121">
        <ele>85</ele>
      </trkpt>
      <trkpt lat="50.76769" lon="4.95116">
        <ele>85</ele>
      </trkpt>
      <trkpt lat="50.76762" lon="4.95111">
        <ele>86</ele>
      </trkpt>
      <trkpt lat="50.76699" lon="4.95096">
        <ele>88</ele>
      </trkpt>
      <trkpt lat="50.76688" lon="4.95088">
        <ele>88</ele>
      </trkpt>
      <trkpt lat="50.76681" lon="4.95079">
        <ele>88</ele>
      </trkpt>
      <trkpt lat="50.76663" lon="4.95032">
        <ele>89</ele>
      </trkpt>
      <trkpt lat="50.7665" lon="4.95002">
        <ele>89</ele>
      </trkpt>
      <trkpt lat="50.76615" lon="4.94951">
        <ele>88</ele>
      </trkpt>
      <trkpt lat="50.76608" lon="4.94935">
        <ele>88</ele>
      </trkpt>
      <trkpt lat="50.76611" lon="4.94915">
        <ele>88</ele>
      </trkpt>
      <trkpt lat="50.76603" lon="4.94901">
        <ele>88</ele>
      </trkpt>
      <trkpt lat="50.7657" lon="4.94857">
        <ele>87</ele>
      </trkpt>
      <trkpt lat="50.76533" lon="4.94814">
        <ele>86</ele>
      </trkpt>
      <trkpt lat="50.76507" lon="4.94764">
        <ele>85</ele>
      </trkpt>
      <trkpt lat="50.76499" lon="4.94744">
        <ele>84</ele>
      </trkpt>
      <trkpt lat="50.76487" lon="4.94705">
        <ele>83</ele>
      </trkpt>
      <trkpt lat="50.76472" lon="4.9465">
        <ele>81</ele>
      </trkpt>
      <trkpt lat="50.76467" lon="4.94608">
        <ele>80</ele>
      </trkpt>
      <trkpt lat="50.76466" lon="4.94585">
        <ele>79</ele>
      </trkpt>
      <trkpt lat="50.76474" lon="4.94568">
        <ele>78</ele>
      </trkpt>
      <trkpt lat="50.76467" lon="4.94534">
        <ele>77</ele>
      </trkpt>
      <trkpt lat="50.76463" lon="4.94496">
        <ele>76</ele>
      </trkpt>
      <trkpt lat="50.76464" lon="4.9446">
        <ele>75</ele>
      </trkpt>
      <trkpt lat="50.76467" lon="4.94424">
        <ele>75</ele>
      </trkpt>
      <trkpt lat="50.76476" lon="4.94381">
        <ele>74</ele>
      </trkpt>
      <trkpt lat="50.76532" lon="4.94144">
        <ele>73</ele>
      </trkpt>
      <trkpt lat="50.76548" lon="4.94058">
        <ele>74</ele>
      </trkpt>
      <trkpt lat="50.76556" lon="4.9398">
        <ele>73</ele>
      </trkpt>
      <trkpt lat="50.7656" lon="4.93925">
        <ele>75</ele>
      </trkpt>
      <trkpt lat="50.7657" lon="4.93741">
        <ele>71</ele>
      </trkpt>
      <trkpt lat="50.76615" lon="4.93024">
        <ele>66</ele>
      </trkpt>
      <trkpt lat="50.7662" lon="4.92973">
        <ele>67</ele>
      </trkpt>
      <trkpt lat="50.76629" lon="4.92918">
        <ele>69</ele>
      </trkpt>
      <trkpt lat="50.76666" lon="4.9275">
        <ele>69</ele>
      </trkpt>
      <trkpt lat="50.76734" lon="4.9246">
        <ele>64</ele>
      </trkpt>
      <trkpt lat="50.76744" lon="4.92406">
        <ele>62</ele>
      </trkpt>
      <trkpt lat="50.76747" lon="4.92375">
        <ele>62</ele>
      </trkpt>
      <trkpt lat="50.76749" lon="4.92335">
        <ele>61</ele>
      </trkpt>
      <trkpt lat="50.76748" lon="4.923">
        <ele>60</ele>
      </trkpt>
      <trkpt lat="50.76742" lon="4.92245">
        <ele>59</ele>
      </trkpt>
      <trkpt lat="50.76736" lon="4.9221">
        <ele>60</ele>
      </trkpt>
      <trkpt lat="50.76719" lon="4.92148">
        <ele>58</ele>
      </trkpt>
      <trkpt lat="50.76683" lon="4.92062">
        <ele>58</ele>
      </trkpt>
      <trkpt lat="50.76679" lon="4.92056">
        <ele>58</ele>
      </trkpt>
      <trkpt lat="50.76669" lon="4.92041">
        <ele>57</ele>
      </trkpt>
      <trkpt lat="50.76654" lon="4.92025">
        <ele>57</ele>
      </trkpt>
      <trkpt lat="50.76635" lon="4.9201">
        <ele>57</ele>
      </trkpt>
      <trkpt lat="50.76607" lon="4.91994">
        <ele>57</ele>
      </trkpt>
      <trkpt lat="50.766" lon="4.91985">
        <ele>57</ele>
      </trkpt>
      <trkpt lat="50.76597" lon="4.91978">
        <ele>57</ele>
      </trkpt>
      <trkpt lat="50.76589" lon="4.91937">
        <ele>58</ele>
      </trkpt>
      <trkpt lat="50.76581" lon="4.91907">
        <ele>58</ele>
      </trkpt>
      <trkpt lat="50.76513" lon="4.91821">
        <ele>58</ele>
      </trkpt>
      <trkpt lat="50.76512" lon="4.91814">
        <ele>58</ele>
      </trkpt>
      <trkpt lat="50.7658" lon="4.91647">
        <ele>58</ele>
      </trkpt>
      <trkpt lat="50.76587" lon="4.91635">
        <ele>57</ele>
      </trkpt>
      <trkpt lat="50.76644" lon="4.91565">
        <ele>56</ele>
      </trkpt>
      <trkpt lat="50.76651" lon="4.91552">
        <ele>56</ele>
      </trkpt>
      <trkpt lat="50.76658" lon="4.9153">
        <ele>56</ele>
      </trkpt>
      <trkpt lat="50.76684" lon="4.91325">
        <ele>56</ele>
      </trkpt>
      <trkpt lat="50.7669" lon="4.91289">
        <ele>56</ele>
      </trkpt>
      <trkpt lat="50.76717" lon="4.91186">
        <ele>55</ele>
      </trkpt>
      <trkpt lat="50.76729" lon="4.91154">
        <ele>55</ele>
      </trkpt>
      <trkpt lat="50.76756" lon="4.91091">
        <ele>54</ele>
      </trkpt>
      <trkpt lat="50.76774" lon="4.91057">
        <ele>54</ele>
      </trkpt>
      <trkpt lat="50.7682" lon="4.90988">
        <ele>54</ele>
      </trkpt>
      <trkpt lat="50.76893" lon="4.90899">
        <ele>53</ele>
      </trkpt>
      <trkpt lat="50.76914" lon="4.90886">
        <ele>53</ele>
      </trkpt>
      <trkpt lat="50.76921" lon="4.90888">
        <ele>53</ele>
      </trkpt>
      <trkpt lat="50.76931" lon="4.90884">
        <ele>53</ele>
      </trkpt>
      <trkpt lat="50.76935" lon="4.90878">
        <ele>53</ele>
      </trkpt>
      <trkpt lat="50.76938" lon="4.90867">
        <ele>53</ele>
      </trkpt>
      <trkpt lat="50.76936" lon="4.90854">
        <ele>53</ele>
      </trkpt>
      <trkpt lat="50.76941" lon="4.90846">
        <ele>53</ele>
      </trkpt>
      <trkpt lat="50.76955" lon="4.90826">
        <ele>53</ele>
      </trkpt>
      <trkpt lat="50.76999" lon="4.90787">
        <ele>53</ele>
      </trkpt>
      <trkpt lat="50.77022" lon="4.90761">
        <ele>53</ele>
      </trkpt>
      <trkpt lat="50.77053" lon="4.90714">
        <ele>53</ele>
      </trkpt>
      <trkpt lat="50.77293" lon="4.90291">
        <ele>53</ele>
      </trkpt>
      <trkpt lat="50.7737" lon="4.90158">
        <ele>53</ele>
      </trkpt>
      <trkpt lat="50.77387" lon="4.90124">
        <ele>53</ele>
      </trkpt>
      <trkpt lat="50.77394" lon="4.90086">
        <ele>52</ele>
      </trkpt>
      <trkpt lat="50.77397" lon="4.90055">
        <ele>51</ele>
      </trkpt>
      <trkpt lat="50.77399" lon="4.89977">
        <ele>50</ele>
      </trkpt>
      <trkpt lat="50.77385" lon="4.8991">
        <ele>48</ele>
      </trkpt>
      <trkpt lat="50.77382" lon="4.89857">
        <ele>48</ele>
      </trkpt>
      <trkpt lat="50.77385" lon="4.8974">
        <ele>47</ele>
      </trkpt>
      <trkpt lat="50.77383" lon="4.89637">
        <ele>48</ele>
      </trkpt>
      <trkpt lat="50.7743" lon="4.89301">
        <ele>52</ele>
      </trkpt>
      <trkpt lat="50.77432" lon="4.89287">
        <ele>52</ele>
      </trkpt>
      <trkpt lat="50.77436" lon="4.89276">
        <ele>52</ele>
      </trkpt>
      <trkpt lat="50.77441" lon="4.89272">
        <ele>52</ele>
      </trkpt>
      <trkpt lat="50.77494" lon="4.89282">
        <ele>51</ele>
      </trkpt>
      <trkpt lat="50.77525" lon="4.89293">
        <ele>51</ele>
      </trkpt>
      <trkpt lat="50.77661" lon="4.89335">
        <ele>49</ele>
      </trkpt>
      <trkpt lat="50.77762" lon="4.89362">
        <ele>48</ele>
      </trkpt>
      <trkpt lat="50.7777" lon="4.89367">
        <ele>48</ele>
      </trkpt>
      <trkpt lat="50.77842" lon="4.89441">
        <ele>48</ele>
      </trkpt>
      <trkpt lat="50.77894" lon="4.89471">
        <ele>49</ele>
      </trkpt>
      <trkpt lat="50.7791" lon="4.89485">
        <ele>49</ele>
      </trkpt>
      <trkpt lat="50.77933" lon="4.8952">
        <ele>49</ele>
      </trkpt>
      <trkpt lat="50.78122" lon="4.89876">
        <ele>50</ele>
      </trkpt>
      <trkpt lat="50.78134" lon="4.89898">
        <ele>50</ele>
      </trkpt>
      <trkpt lat="50.78159" lon="4.89878">
        <ele>50</ele>
      </trkpt>
      <trkpt lat="50.7822" lon="4.8983">
        <ele>51</ele>
      </trkpt>
      <trkpt lat="50.78273" lon="4.89801">
        <ele>52</ele>
      </trkpt>
      <trkpt lat="50.78304" lon="4.89778">
        <ele>53</ele>
      </trkpt>
      <trkpt lat="50.78355" lon="4.89731">
        <ele>54</ele>
      </trkpt>
      <trkpt lat="50.78471" lon="4.89635">
        <ele>57</ele>
      </trkpt>
      <trkpt lat="50.78528" lon="4.896">
        <ele>59</ele>
      </trkpt>
      <trkpt lat="50.78677" lon="4.8952">
        <ele>58</ele>
      </trkpt>
      <trkpt lat="50.78713" lon="4.89516">
        <ele>59</ele>
      </trkpt>
      <trkpt lat="50.78838" lon="4.89551">
        <ele>61</ele>
      </trkpt>
      <trkpt lat="50.78874" lon="4.89575">
        <ele>62</ele>
      </trkpt>
      <trkpt lat="50.789" lon="4.89596">
        <ele>63</ele>
      </trkpt>
      <trkpt lat="50.78928" lon="4.89623">
        <ele>64</ele>
      </trkpt>
      <trkpt lat="50.78939" lon="4.89641">
        <ele>65</ele>
      </trkpt>
      <trkpt lat="50.78968" lon="4.89711">
        <ele>67</ele>
      </trkpt>
      <trkpt lat="50.78988" lon="4.89742">
        <ele>68</ele>
      </trkpt>
      <trkpt lat="50.79006" lon="4.89763">
        <ele>69</ele>
      </trkpt>
      <trkpt lat="50.79018" lon="4.89774">
        <ele>69</ele>
      </trkpt>
      <trkpt lat="50.79075" lon="4.89817">
        <ele>72</ele>
      </trkpt>
      <trkpt lat="50.79087" lon="4.8983">
        <ele>74</ele>
      </trkpt>
      <trkpt lat="50.791" lon="4.89848">
        <ele>74</ele>
      </trkpt>
      <trkpt lat="50.79112" lon="4.8987">
        <ele>76</ele>
      </trkpt>
      <trkpt lat="50.79142" lon="4.8994">
        <ele>79</ele>
      </trkpt>
      <trkpt lat="50.79161" lon="4.8998">
        <ele>79</ele>
      </trkpt>
      <trkpt lat="50.79164" lon="4.89982">
        <ele>79</ele>
      </trkpt>
      <trkpt lat="50.79173" lon="4.89975">
        <ele>79</ele>
      </trkpt>
      <trkpt lat="50.79227" lon="4.89882">
        <ele>76</ele>
      </trkpt>
      <trkpt lat="50.79233" lon="4.89862">
        <ele>75</ele>
      </trkpt>
      <trkpt lat="50.79234" lon="4.89846">
        <ele>75</ele>
      </trkpt>
      <trkpt lat="50.79234" lon="4.89831">
        <ele>74</ele>
      </trkpt>
      <trkpt lat="50.7922" lon="4.89795">
        <ele>73</ele>
      </trkpt>
      <trkpt lat="50.79212" lon="4.89764">
        <ele>73</ele>
      </trkpt>
      <trkpt lat="50.79186" lon="4.89612">
        <ele>69</ele>
      </trkpt>
      <trkpt lat="50.79228" lon="4.89589">
        <ele>67</ele>
      </trkpt>
      <trkpt lat="50.79244" lon="4.89574">
        <ele>66</ele>
      </trkpt>
      <trkpt lat="50.7931" lon="4.8949">
        <ele>66</ele>
      </trkpt>
      <trkpt lat="50.79327" lon="4.89455">
        <ele>67</ele>
      </trkpt>
      <trkpt lat="50.79358" lon="4.89368">
        <ele>67</ele>
      </trkpt>
      <trkpt lat="50.7941" lon="4.89259">
        <ele>70</ele>
      </trkpt>
      <trkpt lat="50.79437" lon="4.89217">
        <ele>72</ele>
      </trkpt>
      <trkpt lat="50.79451" lon="4.89201">
        <ele>71</ele>
      </trkpt>
      <trkpt lat="50.79466" lon="4.89189">
        <ele>70</ele>
      </trkpt>
      <trkpt lat="50.79617" lon="4.89043">
        <ele>65</ele>
      </trkpt>
      <trkpt lat="50.79617" lon="4.89042">
        <ele>65</ele>
      </trkpt>
      <trkpt lat="50.79633" lon="4.89072">
        <ele>65</ele>
      </trkpt>
      <trkpt lat="50.79664" lon="4.89276">
        <ele>61</ele>
      </trkpt>
      <trkpt lat="50.79668" lon="4.89274">
        <ele>61</ele>
      </trkpt>
      <trkpt lat="50.79668" lon="4.89273">
        <ele>61</ele>
      </trkpt>
      <trkpt lat="50.79671" lon="4.8927">
        <ele>61</ele>
      </trkpt>
      <trkpt lat="50.79689" lon="4.89254">
        <ele>61</ele>
      </trkpt>
      <trkpt lat="50.79806" lon="4.89247">
        <ele>59</ele>
      </trkpt>
      <trkpt lat="50.7981" lon="4.89242">
        <ele>59</ele>
      </trkpt>
      <trkpt lat="50.79813" lon="4.89236">
        <ele>59</ele>
      </trkpt>
      <trkpt lat="50.79861" lon="4.89072">
        <ele>55</ele>
      </trkpt>
      <trkpt lat="50.79865" lon="4.89062">
        <ele>55</ele>
      </trkpt>
      <trkpt lat="50.79873" lon="4.89058">
        <ele>54</ele>
      </trkpt>
      <trkpt lat="50.79883" lon="4.8906">
        <ele>54</ele>
      </trkpt>
      <trkpt lat="50.79896" lon="4.89066">
        <ele>54</ele>
      </trkpt>
      <trkpt lat="50.79953" lon="4.89109">
        <ele>53</ele>
      </trkpt>
      <trkpt lat="50.79965" lon="4.89114">
        <ele>53</ele>
      </trkpt>
      <trkpt lat="50.79976" lon="4.89113">
        <ele>53</ele>
      </trkpt>
      <trkpt lat="50.80005" lon="4.89097">
        <ele>53</ele>
      </trkpt>
      <trkpt lat="50.80031" lon="4.8909">
        <ele>53</ele>
      </trkpt>
      <trkpt lat="50.80214" lon="4.89125">
        <ele>50</ele>
      </trkpt>
      <trkpt lat="50.80239" lon="4.89132">
        <ele>50</ele>
      </trkpt>
      <trkpt lat="50.80255" lon="4.89139">
        <ele>50</ele>
      </trkpt>
      <trkpt lat="50.80272" lon="4.8915">
        <ele>49</ele>
      </trkpt>
      <trkpt lat="50.805" lon="4.89308">
        <ele>46</ele>
      </trkpt>
      <trkpt lat="50.80517" lon="4.89318">
        <ele>46</ele>
      </trkpt>
      <trkpt lat="50.80529" lon="4.89322">
        <ele>46</ele>
      </trkpt>
      <trkpt lat="50.80565" lon="4.89333">
        <ele>48</ele>
      </trkpt>
      <trkpt lat="50.80585" lon="4.89336">
        <ele>49</ele>
      </trkpt>
      <trkpt lat="50.80604" lon="4.89335">
        <ele>50</ele>
      </trkpt>
      <trkpt lat="50.80646" lon="4.89324">
        <ele>52</ele>
      </trkpt>
      <trkpt lat="50.80686" lon="4.89303">
        <ele>56</ele>
      </trkpt>
      <trkpt lat="50.80732" lon="4.89264">
        <ele>59</ele>
      </trkpt>
      <trkpt lat="50.80765" lon="4.89214">
        <ele>61</ele>
      </trkpt>
      <trkpt lat="50.80853" lon="4.89053">
        <ele>64</ele>
      </trkpt>
      <trkpt lat="50.80866" lon="4.89032">
        <ele>65</ele>
      </trkpt>
      <trkpt lat="50.80895" lon="4.88998">
        <ele>66</ele>
      </trkpt>
      <trkpt lat="50.80928" lon="4.88972">
        <ele>66</ele>
      </trkpt>
      <trkpt lat="50.80968" lon="4.88951">
        <ele>67</ele>
      </trkpt>
      <trkpt lat="50.81148" lon="4.88893">
        <ele>69</ele>
      </trkpt>
      <trkpt lat="50.81185" lon="4.88873">
        <ele>70</ele>
      </trkpt>
      <trkpt lat="50.812" lon="4.88861">
        <ele>70</ele>
      </trkpt>
      <trkpt lat="50.81219" lon="4.88843">
        <ele>71</ele>
      </trkpt>
      <trkpt lat="50.81239" lon="4.88817">
        <ele>71</ele>
      </trkpt>
      <trkpt lat="50.81256" lon="4.88791">
        <ele>71</ele>
      </trkpt>
      <trkpt lat="50.81314" lon="4.88675">
        <ele>70</ele>
      </trkpt>
      <trkpt lat="50.81342" lon="4.88615">
        <ele>69</ele>
      </trkpt>
      <trkpt lat="50.8147" lon="4.88363">
        <ele>70</ele>
      </trkpt>
      <trkpt lat="50.81464" lon="4.88333">
        <ele>70</ele>
      </trkpt>
      <trkpt lat="50.81464" lon="4.88318">
        <ele>70</ele>
      </trkpt>
      <trkpt lat="50.81467" lon="4.88295">
        <ele>71</ele>
      </trkpt>
      <trkpt lat="50.81471" lon="4.88286">
        <ele>71</ele>
      </trkpt>
      <trkpt lat="50.81579" lon="4.88129">
        <ele>69</ele>
      </trkpt>
      <trkpt lat="50.81575" lon="4.88122">
        <ele>70</ele>
      </trkpt>
      <trkpt lat="50.81547" lon="4.88074">
        <ele>71</ele>
      </trkpt>
      <trkpt lat="50.81532" lon="4.88042">
        <ele>72</ele>
      </trkpt>
      <trkpt lat="50.81515" lon="4.88004">
        <ele>72</ele>
      </trkpt>
      <trkpt lat="50.81506" lon="4.87978">
        <ele>72</ele>
      </trkpt>
      <trkpt lat="50.81499" lon="4.87951">
        <ele>73</ele>
      </trkpt>
      <trkpt lat="50.81493" lon="4.87914">
        <ele>73</ele>
      </trkpt>
      <trkpt lat="50.81486" lon="4.8785">
        <ele>74</ele>
      </trkpt>
      <trkpt lat="50.81485" lon="4.87786">
        <ele>75</ele>
      </trkpt>
      <trkpt lat="50.81501" lon="4.87432">
        <ele>81</ele>
      </trkpt>
      <trkpt lat="50.81501" lon="4.87402">
        <ele>82</ele>
      </trkpt>
      <trkpt lat="50.81499" lon="4.87377">
        <ele>83</ele>
      </trkpt>
      <trkpt lat="50.81495" lon="4.87355">
        <ele>83</ele>
      </trkpt>
      <trkpt lat="50.8142" lon="4.87076">
        <ele>93</ele>
      </trkpt>
      <trkpt lat="50.81414" lon="4.87047">
        <ele>94</ele>
      </trkpt>
      <trkpt lat="50.81411" lon="4.87014">
        <ele>94</ele>
      </trkpt>
      <trkpt lat="50.81397" lon="4.86277">
        <ele>82</ele>
      </trkpt>
      <trkpt lat="50.81394" lon="4.86194">
        <ele>81</ele>
      </trkpt>
      <trkpt lat="50.81385" lon="4.86095">
        <ele>81</ele>
      </trkpt>
      <trkpt lat="50.81371" lon="4.86004">
        <ele>83</ele>
      </trkpt>
      <trkpt lat="50.8136" lon="4.85949">
        <ele>84</ele>
      </trkpt>
      <trkpt lat="50.81296" lon="4.85694">
        <ele>84</ele>
      </trkpt>
      <trkpt lat="50.8129" lon="4.85665">
        <ele>84</ele>
      </trkpt>
      <trkpt lat="50.81288" lon="4.85637">
        <ele>83</ele>
      </trkpt>
      <trkpt lat="50.81289" lon="4.85608">
        <ele>83</ele>
      </trkpt>
      <trkpt lat="50.81295" lon="4.85574">
        <ele>81</ele>
      </trkpt>
      <trkpt lat="50.81363" lon="4.85345">
        <ele>79</ele>
      </trkpt>
      <trkpt lat="50.81372" lon="4.85296">
        <ele>79</ele>
      </trkpt>
      <trkpt lat="50.81376" lon="4.85253">
        <ele>79</ele>
      </trkpt>
      <trkpt lat="50.81376" lon="4.85216">
        <ele>80</ele>
      </trkpt>
      <trkpt lat="50.81368" lon="4.8488">
        <ele>80</ele>
      </trkpt>
      <trkpt lat="50.81361" lon="4.84818">
        <ele>80</ele>
      </trkpt>
      <trkpt lat="50.81353" lon="4.84772">
        <ele>79</ele>
      </trkpt>
      <trkpt lat="50.81299" lon="4.84549">
        <ele>77</ele>
      </trkpt>
      <trkpt lat="50.81281" lon="4.84498">
        <ele>76</ele>
      </trkpt>
      <trkpt lat="50.81264" lon="4.84461">
        <ele>76</ele>
      </trkpt>
      <trkpt lat="50.81192" lon="4.84338">
        <ele>70</ele>
      </trkpt>
      <trkpt lat="50.81184" lon="4.8432">
        <ele>70</ele>
      </trkpt>
      <trkpt lat="50.81172" lon="4.8429">
        <ele>69</ele>
      </trkpt>
      <trkpt lat="50.81165" lon="4.84263">
        <ele>69</ele>
      </trkpt>
      <trkpt lat="50.81147" lon="4.84167">
        <ele>69</ele>
      </trkpt>
      <trkpt lat="50.81144" lon="4.8414">
        <ele>70</ele>
      </trkpt>
      <trkpt lat="50.81144" lon="4.84121">
        <ele>70</ele>
      </trkpt>
      <trkpt lat="50.81147" lon="4.84102">
        <ele>71</ele>
      </trkpt>
      <trkpt lat="50.81155" lon="4.84073">
        <ele>71</ele>
      </trkpt>
      <trkpt lat="50.81157" lon="4.84054">
        <ele>72</ele>
      </trkpt>
      <trkpt lat="50.81156" lon="4.84022">
        <ele>73</ele>
      </trkpt>
      <trkpt lat="50.81132" lon="4.83927">
        <ele>75</ele>
      </trkpt>
      <trkpt lat="50.81124" lon="4.83853">
        <ele>76</ele>
      </trkpt>
      <trkpt lat="50.81111" lon="4.83668">
        <ele>78</ele>
      </trkpt>
      <trkpt lat="50.81111" lon="4.83645">
        <ele>79</ele>
      </trkpt>
      <trkpt lat="50.81121" lon="4.83582">
        <ele>79</ele>
      </trkpt>
      <trkpt lat="50.81122" lon="4.83561">
        <ele>79</ele>
      </trkpt>
      <trkpt lat="50.81138" lon="4.83558">
        <ele>80</ele>
      </trkpt>
      <trkpt lat="50.81156" lon="4.83553">
        <ele>80</ele>
      </trkpt>
      <trkpt lat="50.81216" lon="4.83543">
        <ele>83</ele>
      </trkpt>
      <trkpt lat="50.81274" lon="4.83521">
        <ele>85</ele>
      </trkpt>
      <trkpt lat="50.81287" lon="4.83513">
        <ele>86</ele>
      </trkpt>
      <trkpt lat="50.81284" lon="4.83492">
        <ele>85</ele>
      </trkpt>
      <trkpt lat="50.81276" lon="4.83463">
        <ele>86</ele>
      </trkpt>
      <trkpt lat="50.81271" lon="4.83428">
        <ele>86</ele>
      </trkpt>
      <trkpt lat="50.81263" lon="4.83378">
        <ele>84</ele>
      </trkpt>
      <trkpt lat="50.81229" lon="4.83146">
        <ele>86</ele>
      </trkpt>
      <trkpt lat="50.8124" lon="4.83128">
        <ele>86</ele>
      </trkpt>
      <trkpt lat="50.81246" lon="4.83097">
        <ele>86</ele>
      </trkpt>
      <trkpt lat="50.81249" lon="4.83069">
        <ele>86</ele>
      </trkpt>
      <trkpt lat="50.81253" lon="4.82972">
        <ele>85</ele>
      </trkpt>
      <trkpt lat="50.81244" lon="4.82882">
        <ele>83</ele>
      </trkpt>
      <trkpt lat="50.81245" lon="4.82831">
        <ele>82</ele>
      </trkpt>
      <trkpt lat="50.8125" lon="4.82789">
        <ele>82</ele>
      </trkpt>
      <trkpt lat="50.81276" lon="4.82536">
        <ele>81</ele>
      </trkpt>
      <trkpt lat="50.81291" lon="4.82424">
        <ele>80</ele>
      </trkpt>
      <trkpt lat="50.81337" lon="4.82197">
        <ele>80</ele>
      </trkpt>
      <trkpt lat="50.81366" lon="4.81995">
        <ele>81</ele>
      </trkpt>
      <trkpt lat="50.81375" lon="4.8196">
        <ele>81</ele>
      </trkpt>
      <trkpt lat="50.81395" lon="4.81905">
        <ele>83</ele>
      </trkpt>
      <trkpt lat="50.81401" lon="4.81876">
        <ele>83</ele>
      </trkpt>
      <trkpt lat="50.81403" lon="4.81849">
        <ele>83</ele>
      </trkpt>
      <trkpt lat="50.81398" lon="4.81705">
        <ele>82</ele>
      </trkpt>
      <trkpt lat="50.81396" lon="4.81686">
        <ele>82</ele>
      </trkpt>
      <trkpt lat="50.81376" lon="4.81601">
        <ele>80</ele>
      </trkpt>
      <trkpt lat="50.81377" lon="4.81585">
        <ele>80</ele>
      </trkpt>
      <trkpt lat="50.81414" lon="4.81515">
        <ele>76</ele>
      </trkpt>
      <trkpt lat="50.81469" lon="4.81362">
        <ele>70</ele>
      </trkpt>
      <trkpt lat="50.81482" lon="4.81341">
        <ele>70</ele>
      </trkpt>
      <trkpt lat="50.81496" lon="4.81325">
        <ele>69</ele>
      </trkpt>
      <trkpt lat="50.81506" lon="4.81317">
        <ele>69</ele>
      </trkpt>
      <trkpt lat="50.81519" lon="4.81313">
        <ele>69</ele>
      </trkpt>
      <trkpt lat="50.81546" lon="4.81312">
        <ele>69</ele>
      </trkpt>
      <trkpt lat="50.81564" lon="4.81316">
        <ele>69</ele>
      </trkpt>
      <trkpt lat="50.81623" lon="4.81335">
        <ele>69</ele>
      </trkpt>
      <trkpt lat="50.81669" lon="4.81339">
        <ele>69</ele>
      </trkpt>
      <trkpt lat="50.81702" lon="4.81335">
        <ele>69</ele>
      </trkpt>
      <trkpt lat="50.81844" lon="4.81275">
        <ele>65</ele>
      </trkpt>
      <trkpt lat="50.81861" lon="4.81265">
        <ele>65</ele>
      </trkpt>
      <trkpt lat="50.81882" lon="4.81245">
        <ele>64</ele>
      </trkpt>
      <trkpt lat="50.81882" lon="4.81244">
        <ele>64</ele>
      </trkpt>
      <trkpt lat="50.819" lon="4.81246">
        <ele>63</ele>
      </trkpt>
      <trkpt lat="50.8201" lon="4.81531">
        <ele>63</ele>
      </trkpt>
      <trkpt lat="50.82032" lon="4.81594">
        <ele>63</ele>
      </trkpt>
      <trkpt lat="50.8205" lon="4.81582">
        <ele>63</ele>
      </trkpt>
      <trkpt lat="50.82097" lon="4.8152">
        <ele>63</ele>
      </trkpt>
      <trkpt lat="50.82143" lon="4.81456">
        <ele>64</ele>
      </trkpt>
      <trkpt lat="50.8215" lon="4.8143">
        <ele>65</ele>
      </trkpt>
      <trkpt lat="50.82146" lon="4.81384">
        <ele>66</ele>
      </trkpt>
      <trkpt lat="50.8215" lon="4.81381">
        <ele>66</ele>
      </trkpt>
      <trkpt lat="50.82177" lon="4.81356">
        <ele>68</ele>
      </trkpt>
      <trkpt lat="50.82208" lon="4.81324">
        <ele>70</ele>
      </trkpt>
      <trkpt lat="50.82236" lon="4.8129">
        <ele>72</ele>
      </trkpt>
      <trkpt lat="50.82328" lon="4.81158">
        <ele>76</ele>
      </trkpt>
      <trkpt lat="50.82332" lon="4.81163">
        <ele>75</ele>
      </trkpt>
      <trkpt lat="50.82339" lon="4.81149">
        <ele>76</ele>
      </trkpt>
      <trkpt lat="50.82346" lon="4.81114">
        <ele>76</ele>
      </trkpt>
      <trkpt lat="50.82351" lon="4.81075">
        <ele>76</ele>
      </trkpt>
      <trkpt lat="50.82365" lon="4.81007">
        <ele>76</ele>
      </trkpt>
      <trkpt lat="50.82385" lon="4.80952">
        <ele>75</ele>
      </trkpt>
      <trkpt lat="50.82408" lon="4.80913">
        <ele>75</ele>
      </trkpt>
      <trkpt lat="50.82551" lon="4.80725">
        <ele>74</ele>
      </trkpt>
      <trkpt lat="50.82704" lon="4.80519">
        <ele>81</ele>
      </trkpt>
      <trkpt lat="50.82775" lon="4.80395">
        <ele>86</ele>
      </trkpt>
      <trkpt lat="50.82806" lon="4.80368">
        <ele>88</ele>
      </trkpt>
      <trkpt lat="50.82832" lon="4.80354">
        <ele>90</ele>
      </trkpt>
      <trkpt lat="50.82967" lon="4.80345">
        <ele>91</ele>
      </trkpt>
      <trkpt lat="50.8298" lon="4.80339">
        <ele>91</ele>
      </trkpt>
      <trkpt lat="50.82999" lon="4.80324">
        <ele>90</ele>
      </trkpt>
      <trkpt lat="50.83013" lon="4.80306">
        <ele>89</ele>
      </trkpt>
      <trkpt lat="50.83022" lon="4.80287">
        <ele>89</ele>
      </trkpt>
      <trkpt lat="50.8303" lon="4.80271">
        <ele>88</ele>
      </trkpt>
      <trkpt lat="50.83081" lon="4.80053">
        <ele>84</ele>
      </trkpt>
      <trkpt lat="50.83092" lon="4.8002">
        <ele>83</ele>
      </trkpt>
      <trkpt lat="50.83203" lon="4.79764">
        <ele>77</ele>
      </trkpt>
      <trkpt lat="50.83273" lon="4.79631">
        <ele>77</ele>
      </trkpt>
      <trkpt lat="50.83346" lon="4.79518">
        <ele>79</ele>
      </trkpt>
      <trkpt lat="50.83416" lon="4.7942">
        <ele>75</ele>
      </trkpt>
      <trkpt lat="50.8348" lon="4.7929">
        <ele>69</ele>
      </trkpt>
      <trkpt lat="50.83489" lon="4.79281">
        <ele>69</ele>
      </trkpt>
      <trkpt lat="50.83488" lon="4.79275">
        <ele>69</ele>
      </trkpt>
      <trkpt lat="50.8349" lon="4.79262">
        <ele>69</ele>
      </trkpt>
      <trkpt lat="50.83421" lon="4.79186">
        <ele>69</ele>
      </trkpt>
      <trkpt lat="50.83266" lon="4.79037">
        <ele>72</ele>
      </trkpt>
      <trkpt lat="50.83244" lon="4.79013">
        <ele>72</ele>
      </trkpt>
      <trkpt lat="50.83126" lon="4.78893">
        <ele>77</ele>
      </trkpt>
      <trkpt lat="50.8313" lon="4.78882">
        <ele>77</ele>
      </trkpt>
      <trkpt lat="50.83192" lon="4.78782">
        <ele>78</ele>
      </trkpt>
      <trkpt lat="50.83586" lon="4.77004">
        <ele>59</ele>
      </trkpt>
      <trkpt lat="50.83586" lon="4.76999">
        <ele>59</ele>
      </trkpt>
      <trkpt lat="50.83565" lon="4.76803">
        <ele>61</ele>
      </trkpt>
      <trkpt lat="50.83551" lon="4.76507">
        <ele>62</ele>
      </trkpt>
      <trkpt lat="50.83531" lon="4.76423">
        <ele>63</ele>
      </trkpt>
      <trkpt lat="50.83499" lon="4.76361">
        <ele>64</ele>
      </trkpt>
      <trkpt lat="50.83468" lon="4.7634">
        <ele>65</ele>
      </trkpt>
      <trkpt lat="50.83496" lon="4.76182">
        <ele>59</ele>
      </trkpt>
      <trkpt lat="50.83521" lon="4.76078">
        <ele>54</ele>
      </trkpt>
      <trkpt lat="50.83543" lon="4.76028">
        <ele>51</ele>
      </trkpt>
      <trkpt lat="50.83573" lon="4.75969">
        <ele>48</ele>
      </trkpt>
      <trkpt lat="50.83603" lon="4.75903">
        <ele>47</ele>
      </trkpt>
      <trkpt lat="50.83611" lon="4.75873">
        <ele>46</ele>
      </trkpt>
      <trkpt lat="50.83617" lon="4.75834">
        <ele>46</ele>
      </trkpt>
      <trkpt lat="50.83625" lon="4.7575">
        <ele>45</ele>
      </trkpt>
      <trkpt lat="50.83633" lon="4.75723">
        <ele>45</ele>
      </trkpt>
      <trkpt lat="50.83682" lon="4.75636">
        <ele>48</ele>
      </trkpt>
      <trkpt lat="50.83687" lon="4.75623">
        <ele>48</ele>
      </trkpt>
      <trkpt lat="50.83716" lon="4.75488">
        <ele>50</ele>
      </trkpt>
      <trkpt lat="50.83721" lon="4.75473">
        <ele>50</ele>
      </trkpt>
      <trkpt lat="50.83891" lon="4.75048">
        <ele>51</ele>
      </trkpt>
      <trkpt lat="50.83866" lon="4.75027">
        <ele>52</ele>
      </trkpt>
      <trkpt lat="50.83638" lon="4.7479">
        <ele>58</ele>
      </trkpt>
      <trkpt lat="50.83609" lon="4.74763">
        <ele>59</ele>
      </trkpt>
      <trkpt lat="50.83587" lon="4.74748">
        <ele>60</ele>
      </trkpt>
      <trkpt lat="50.83567" lon="4.74737">
        <ele>60</ele>
      </trkpt>
      <trkpt lat="50.8349" lon="4.74714">
        <ele>61</ele>
      </trkpt>
      <trkpt lat="50.83412" lon="4.74681">
        <ele>60</ele>
      </trkpt>
      <trkpt lat="50.83409" lon="4.74671">
        <ele>60</ele>
      </trkpt>
      <trkpt lat="50.83404" lon="4.74662">
        <ele>61</ele>
      </trkpt>
      <trkpt lat="50.83391" lon="4.74654">
        <ele>60</ele>
      </trkpt>
      <trkpt lat="50.83387" lon="4.74647">
        <ele>60</ele>
      </trkpt>
      <trkpt lat="50.83388" lon="4.74572">
        <ele>62</ele>
      </trkpt>
      <trkpt lat="50.83393" lon="4.74521">
        <ele>64</ele>
      </trkpt>
      <trkpt lat="50.83437" lon="4.74106">
        <ele>69</ele>
      </trkpt>
      <trkpt lat="50.83444" lon="4.74062">
        <ele>67</ele>
      </trkpt>
      <trkpt lat="50.83453" lon="4.74034">
        <ele>68</ele>
      </trkpt>
      <trkpt lat="50.83469" lon="4.73969">
        <ele>66</ele>
      </trkpt>
      <trkpt lat="50.83464" lon="4.73963">
        <ele>65</ele>
      </trkpt>
      <trkpt lat="50.83461" lon="4.73958">
        <ele>65</ele>
      </trkpt>
      <trkpt lat="50.83455" lon="4.7396">
        <ele>65</ele>
      </trkpt>
      <trkpt lat="50.8345" lon="4.73956">
        <ele>66</ele>
      </trkpt>
      <trkpt lat="50.83444" lon="4.73944">
        <ele>65</ele>
      </trkpt>
      <trkpt lat="50.83458" lon="4.73586">
        <ele>65</ele>
      </trkpt>
      <trkpt lat="50.8347" lon="4.73312">
        <ele>66</ele>
      </trkpt>
      <trkpt lat="50.83476" lon="4.73149">
        <ele>64</ele>
      </trkpt>
      <trkpt lat="50.83485" lon="4.72935">
        <ele>66</ele>
      </trkpt>
      <trkpt lat="50.83467" lon="4.72925">
        <ele>65</ele>
      </trkpt>
      <trkpt lat="50.83442" lon="4.72904">
        <ele>66</ele>
      </trkpt>
      <trkpt lat="50.83427" lon="4.72885">
        <ele>66</ele>
      </trkpt>
      <trkpt lat="50.83419" lon="4.72866">
        <ele>66</ele>
      </trkpt>
      <trkpt lat="50.83412" lon="4.72837">
        <ele>66</ele>
      </trkpt>
      <trkpt lat="50.83411" lon="4.72807">
        <ele>67</ele>
      </trkpt>
      <trkpt lat="50.83421" lon="4.72731">
        <ele>68</ele>
      </trkpt>
      <trkpt lat="50.83422" lon="4.72636">
        <ele>71</ele>
      </trkpt>
      <trkpt lat="50.83415" lon="4.72593">
        <ele>71</ele>
      </trkpt>
      <trkpt lat="50.83391" lon="4.72506">
        <ele>73</ele>
      </trkpt>
      <trkpt lat="50.83384" lon="4.72467">
        <ele>72</ele>
      </trkpt>
      <trkpt lat="50.8338" lon="4.72441">
        <ele>71</ele>
      </trkpt>
      <trkpt lat="50.83382" lon="4.72422">
        <ele>71</ele>
      </trkpt>
      <trkpt lat="50.83389" lon="4.72399">
        <ele>71</ele>
      </trkpt>
      <trkpt lat="50.83403" lon="4.72366">
        <ele>72</ele>
      </trkpt>
      <trkpt lat="50.83413" lon="4.72334">
        <ele>73</ele>
      </trkpt>
      <trkpt lat="50.83436" lon="4.72221">
        <ele>74</ele>
      </trkpt>
      <trkpt lat="50.83436" lon="4.72203">
        <ele>74</ele>
      </trkpt>
      <trkpt lat="50.83431" lon="4.72181">
        <ele>74</ele>
      </trkpt>
      <trkpt lat="50.83426" lon="4.72174">
        <ele>74</ele>
      </trkpt>
      <trkpt lat="50.83417" lon="4.72162">
        <ele>74</ele>
      </trkpt>
      <trkpt lat="50.8341" lon="4.72158">
        <ele>74</ele>
      </trkpt>
      <trkpt lat="50.83382" lon="4.72153">
        <ele>74</ele>
      </trkpt>
      <trkpt lat="50.83354" lon="4.72145">
        <ele>74</ele>
      </trkpt>
      <trkpt lat="50.83322" lon="4.7213">
        <ele>75</ele>
      </trkpt>
      <trkpt lat="50.83254" lon="4.7209">
        <ele>76</ele>
      </trkpt>
      <trkpt lat="50.83169" lon="4.72043">
        <ele>78</ele>
      </trkpt>
      <trkpt lat="50.83095" lon="4.72014">
        <ele>80</ele>
      </trkpt>
      <trkpt lat="50.83066" lon="4.72007">
        <ele>81</ele>
      </trkpt>
      <trkpt lat="50.82988" lon="4.71994">
        <ele>82</ele>
      </trkpt>
      <trkpt lat="50.82887" lon="4.71948">
        <ele>80</ele>
      </trkpt>
      <trkpt lat="50.82868" lon="4.71934">
        <ele>79</ele>
      </trkpt>
      <trkpt lat="50.82863" lon="4.71928">
        <ele>79</ele>
      </trkpt>
      <trkpt lat="50.82853" lon="4.71915">
        <ele>79</ele>
      </trkpt>
      <trkpt lat="50.82833" lon="4.71876">
        <ele>77</ele>
      </trkpt>
      <trkpt lat="50.82809" lon="4.71821">
        <ele>75</ele>
      </trkpt>
      <trkpt lat="50.8276" lon="4.71742">
        <ele>71</ele>
      </trkpt>
      <trkpt lat="50.82631" lon="4.71585">
        <ele>66</ele>
      </trkpt>
      <trkpt lat="50.82616" lon="4.71561">
        <ele>65</ele>
      </trkpt>
      <trkpt lat="50.82602" lon="4.71536">
        <ele>65</ele>
      </trkpt>
      <trkpt lat="50.82589" lon="4.71503">
        <ele>65</ele>
      </trkpt>
      <trkpt lat="50.82575" lon="4.71457">
        <ele>64</ele>
      </trkpt>
      <trkpt lat="50.82569" lon="4.7143">
        <ele>64</ele>
      </trkpt>
      <trkpt lat="50.82565" lon="4.71399">
        <ele>64</ele>
      </trkpt>
      <trkpt lat="50.82562" lon="4.71348">
        <ele>63</ele>
      </trkpt>
      <trkpt lat="50.82564" lon="4.70916">
        <ele>60</ele>
      </trkpt>
      <trkpt lat="50.82565" lon="4.70901">
        <ele>60</ele>
      </trkpt>
      <trkpt lat="50.82569" lon="4.70885">
        <ele>59</ele>
      </trkpt>
      <trkpt lat="50.82593" lon="4.70813">
        <ele>59</ele>
      </trkpt>
      <trkpt lat="50.82603" lon="4.70763">
        <ele>58</ele>
      </trkpt>
      <trkpt lat="50.82607" lon="4.70712">
        <ele>57</ele>
      </trkpt>
      <trkpt lat="50.82607" lon="4.70681">
        <ele>57</ele>
      </trkpt>
      <trkpt lat="50.82592" lon="4.70504">
        <ele>55</ele>
      </trkpt>
      <trkpt lat="50.82592" lon="4.70418">
        <ele>54</ele>
      </trkpt>
      <trkpt lat="50.82597" lon="4.70313">
        <ele>54</ele>
      </trkpt>
      <trkpt lat="50.82603" lon="4.70255">
        <ele>54</ele>
      </trkpt>
      <trkpt lat="50.82617" lon="4.70186">
        <ele>55</ele>
      </trkpt>
      <trkpt lat="50.82624" lon="4.70166">
        <ele>55</ele>
      </trkpt>
      <trkpt lat="50.82637" lon="4.70147">
        <ele>55</ele>
      </trkpt>
      <trkpt lat="50.82636" lon="4.70139">
        <ele>55</ele>
      </trkpt>
      <trkpt lat="50.82638" lon="4.70124">
        <ele>54</ele>
      </trkpt>
      <trkpt lat="50.82645" lon="4.70107">
        <ele>53</ele>
      </trkpt>
      <trkpt lat="50.82692" lon="4.70013">
        <ele>52</ele>
      </trkpt>
      <trkpt lat="50.82712" lon="4.6997">
        <ele>51</ele>
      </trkpt>
      <trkpt lat="50.82829" lon="4.69695">
        <ele>50</ele>
      </trkpt>
      <trkpt lat="50.82842" lon="4.69648">
        <ele>50</ele>
      </trkpt>
      <trkpt lat="50.82849" lon="4.69603">
        <ele>50</ele>
      </trkpt>
      <trkpt lat="50.82852" lon="4.69547">
        <ele>50</ele>
      </trkpt>
      <trkpt lat="50.8285" lon="4.69521">
        <ele>50</ele>
      </trkpt>
      <trkpt lat="50.82842" lon="4.6947">
        <ele>50</ele>
      </trkpt>
      <trkpt lat="50.82838" lon="4.69452">
        <ele>50</ele>
      </trkpt>
      <trkpt lat="50.82827" lon="4.69414">
        <ele>51</ele>
      </trkpt>
      <trkpt lat="50.8281" lon="4.69377">
        <ele>52</ele>
      </trkpt>
      <trkpt lat="50.82689" lon="4.69142">
        <ele>53</ele>
      </trkpt>
      <trkpt lat="50.82558" lon="4.68944">
        <ele>54</ele>
      </trkpt>
      <trkpt lat="50.82547" lon="4.68926">
        <ele>54</ele>
      </trkpt>
      <trkpt lat="50.82544" lon="4.68918">
        <ele>54</ele>
      </trkpt>
      <trkpt lat="50.82533" lon="4.68883">
        <ele>54</ele>
      </trkpt>
      <trkpt lat="50.8251" lon="4.68749">
        <ele>56</ele>
      </trkpt>
      <trkpt lat="50.82497" lon="4.6866">
        <ele>55</ele>
      </trkpt>
      <trkpt lat="50.82494" lon="4.68625">
        <ele>54</ele>
      </trkpt>
      <trkpt lat="50.82489" lon="4.68438">
        <ele>49</ele>
      </trkpt>
      <trkpt lat="50.82487" lon="4.68414">
        <ele>49</ele>
      </trkpt>
      <trkpt lat="50.82471" lon="4.68319">
        <ele>47</ele>
      </trkpt>
      <trkpt lat="50.82473" lon="4.68283">
        <ele>46</ele>
      </trkpt>
      <trkpt lat="50.82476" lon="4.68261">
        <ele>46</ele>
      </trkpt>
      <trkpt lat="50.8251" lon="4.68107">
        <ele>44</ele>
      </trkpt>
      <trkpt lat="50.82514" lon="4.68079">
        <ele>45</ele>
      </trkpt>
      <trkpt lat="50.82516" lon="4.68035">
        <ele>44</ele>
      </trkpt>
      <trkpt lat="50.82515" lon="4.68002">
        <ele>44</ele>
      </trkpt>
      <trkpt lat="50.82511" lon="4.67973">
        <ele>44</ele>
      </trkpt>
      <trkpt lat="50.82506" lon="4.67947">
        <ele>44</ele>
      </trkpt>
      <trkpt lat="50.82494" lon="4.67907">
        <ele>44</ele>
      </trkpt>
      <trkpt lat="50.82431" lon="4.67723">
        <ele>45</ele>
      </trkpt>
      <trkpt lat="50.8242" lon="4.67671">
        <ele>46</ele>
      </trkpt>
      <trkpt lat="50.82415" lon="4.67629">
        <ele>46</ele>
      </trkpt>
      <trkpt lat="50.82405" lon="4.6741">
        <ele>43</ele>
      </trkpt>
      <trkpt lat="50.82401" lon="4.67393">
        <ele>43</ele>
      </trkpt>
      <trkpt lat="50.82392" lon="4.67374">
        <ele>43</ele>
      </trkpt>
      <trkpt lat="50.82374" lon="4.67351">
        <ele>43</ele>
      </trkpt>
      <trkpt lat="50.82369" lon="4.67334">
        <ele>43</ele>
      </trkpt>
      <trkpt lat="50.82352" lon="4.67223">
        <ele>45</ele>
      </trkpt>
      <trkpt lat="50.8235" lon="4.67197">
        <ele>45</ele>
      </trkpt>
      <trkpt lat="50.82347" lon="4.67053">
        <ele>44</ele>
      </trkpt>
      <trkpt lat="50.82324" lon="4.66813">
        <ele>40</ele>
      </trkpt>
      <trkpt lat="50.82328" lon="4.66772">
        <ele>39</ele>
      </trkpt>
      <trkpt lat="50.82332" lon="4.66754">
        <ele>39</ele>
      </trkpt>
      <trkpt lat="50.82341" lon="4.66735">
        <ele>38</ele>
      </trkpt>
      <trkpt lat="50.82352" lon="4.66717">
        <ele>38</ele>
      </trkpt>
      <trkpt lat="50.82378" lon="4.66694">
        <ele>37</ele>
      </trkpt>
      <trkpt lat="50.82395" lon="4.66674">
        <ele>36</ele>
      </trkpt>
      <trkpt lat="50.824" lon="4.66664">
        <ele>36</ele>
      </trkpt>
      <trkpt lat="50.82405" lon="4.66651">
        <ele>36</ele>
      </trkpt>
      <trkpt lat="50.82409" lon="4.66635">
        <ele>36</ele>
      </trkpt>
      <trkpt lat="50.8241" lon="4.66609">
        <ele>36</ele>
      </trkpt>
      <trkpt lat="50.82409" lon="4.666">
        <ele>36</ele>
      </trkpt>
      <trkpt lat="50.82408" lon="4.66587">
        <ele>36</ele>
      </trkpt>
      <trkpt lat="50.82386" lon="4.6647">
        <ele>35</ele>
      </trkpt>
      <trkpt lat="50.82381" lon="4.66436">
        <ele>35</ele>
      </trkpt>
      <trkpt lat="50.82311" lon="4.65729">
        <ele>31</ele>
      </trkpt>
      <trkpt lat="50.8231" lon="4.65693">
        <ele>31</ele>
      </trkpt>
      <trkpt lat="50.82311" lon="4.65673">
        <ele>31</ele>
      </trkpt>
      <trkpt lat="50.82342" lon="4.65439">
        <ele>30</ele>
      </trkpt>
      <trkpt lat="50.82347" lon="4.65383">
        <ele>30</ele>
      </trkpt>
      <trkpt lat="50.82346" lon="4.65351">
        <ele>29</ele>
      </trkpt>
      <trkpt lat="50.82349" lon="4.65298">
        <ele>29</ele>
      </trkpt>
      <trkpt lat="50.82353" lon="4.65261">
        <ele>28</ele>
      </trkpt>
      <trkpt lat="50.8235" lon="4.65218">
        <ele>27</ele>
      </trkpt>
      <trkpt lat="50.82353" lon="4.65192">
        <ele>27</ele>
      </trkpt>
      <trkpt lat="50.82362" lon="4.65167">
        <ele>27</ele>
      </trkpt>
      <trkpt lat="50.82375" lon="4.65149">
        <ele>27</ele>
      </trkpt>
      <trkpt lat="50.82433" lon="4.65111">
        <ele>27</ele>
      </trkpt>
      <trkpt lat="50.82467" lon="4.65092">
        <ele>28</ele>
      </trkpt>
      <trkpt lat="50.82508" lon="4.65074">
        <ele>28</ele>
      </trkpt>
      <trkpt lat="50.82548" lon="4.65062">
        <ele>28</ele>
      </trkpt>
      <trkpt lat="50.82593" lon="4.65052">
        <ele>28</ele>
      </trkpt>
      <trkpt lat="50.82629" lon="4.65052">
        <ele>29</ele>
      </trkpt>
      <trkpt lat="50.82685" lon="4.65068">
        <ele>31</ele>
      </trkpt>
      <trkpt lat="50.8271" lon="4.65063">
        <ele>32</ele>
      </trkpt>
      <trkpt lat="50.82727" lon="4.65058">
        <ele>32</ele>
      </trkpt>
      <trkpt lat="50.82866" lon="4.64993">
        <ele>35</ele>
      </trkpt>
      <trkpt lat="50.82909" lon="4.64992">
        <ele>35</ele>
      </trkpt>
      <trkpt lat="50.82917" lon="4.64989">
        <ele>34</ele>
      </trkpt>
      <trkpt lat="50.82921" lon="4.64983">
        <ele>34</ele>
      </trkpt>
      <trkpt lat="50.82924" lon="4.6496">
        <ele>33</ele>
      </trkpt>
      <trkpt lat="50.82927" lon="4.64898">
        <ele>30</ele>
      </trkpt>
      <trkpt lat="50.82937" lon="4.64863">
        <ele>29</ele>
      </trkpt>
      <trkpt lat="50.82946" lon="4.64846">
        <ele>27</ele>
      </trkpt>
      <trkpt lat="50.82955" lon="4.64835">
        <ele>27</ele>
      </trkpt>
      <trkpt lat="50.8297" lon="4.64823">
        <ele>27</ele>
      </trkpt>
      <trkpt lat="50.82987" lon="4.64815">
        <ele>27</ele>
      </trkpt>
      <trkpt lat="50.83013" lon="4.6481">
        <ele>26</ele>
      </trkpt>
      <trkpt lat="50.83032" lon="4.64811">
        <ele>26</ele>
      </trkpt>
      <trkpt lat="50.83077" lon="4.64822">
        <ele>26</ele>
      </trkpt>
      <trkpt lat="50.83141" lon="4.64854">
        <ele>27</ele>
      </trkpt>
      <trkpt lat="50.83268" lon="4.64933">
        <ele>29</ele>
      </trkpt>
      <trkpt lat="50.83311" lon="4.64949">
        <ele>29</ele>
      </trkpt>
      <trkpt lat="50.83376" lon="4.64966">
        <ele>28</ele>
      </trkpt>
      <trkpt lat="50.83403" lon="4.64978">
        <ele>27</ele>
      </trkpt>
      <trkpt lat="50.83495" lon="4.65045">
        <ele>25</ele>
      </trkpt>
      <trkpt lat="50.83497" lon="4.6504">
        <ele>24</ele>
      </trkpt>
      <trkpt lat="50.83523" lon="4.64953">
        <ele>23</ele>
      </trkpt>
      <trkpt lat="50.8356" lon="4.64869">
        <ele>23</ele>
      </trkpt>
      <trkpt lat="50.83605" lon="4.64767">
        <ele>23</ele>
      </trkpt>
      <trkpt lat="50.83813" lon="4.64298">
        <ele>24</ele>
      </trkpt>
      <trkpt lat="50.83888" lon="4.64137">
        <ele>26</ele>
      </trkpt>
      <trkpt lat="50.83902" lon="4.64112">
        <ele>27</ele>
      </trkpt>
      <trkpt lat="50.83935" lon="4.64075">
        <ele>28</ele>
      </trkpt>
      <trkpt lat="50.83937" lon="4.64079">
        <ele>28</ele>
      </trkpt>
      <trkpt lat="50.83945" lon="4.64087">
        <ele>28</ele>
      </trkpt>
      <trkpt lat="50.84034" lon="4.64153">
        <ele>27</ele>
      </trkpt>
      <trkpt lat="50.84043" lon="4.64156">
        <ele>27</ele>
      </trkpt>
      <trkpt lat="50.84048" lon="4.64153">
        <ele>28</ele>
      </trkpt>
      <trkpt lat="50.84057" lon="4.64146">
        <ele>28</ele>
      </trkpt>
      <trkpt lat="50.8408" lon="4.64081">
        <ele>31</ele>
      </trkpt>
      <trkpt lat="50.84095" lon="4.64044">
        <ele>34</ele>
      </trkpt>
      <trkpt lat="50.84107" lon="4.64025">
        <ele>35</ele>
      </trkpt>
      <trkpt lat="50.84123" lon="4.6402">
        <ele>35</ele>
      </trkpt>
      <trkpt lat="50.8415" lon="4.63987">
        <ele>35</ele>
      </trkpt>
      <trkpt lat="50.84157" lon="4.63982">
        <ele>35</ele>
      </trkpt>
      <trkpt lat="50.84171" lon="4.6398">
        <ele>36</ele>
      </trkpt>
      <trkpt lat="50.8419" lon="4.63991">
        <ele>37</ele>
      </trkpt>
      <trkpt lat="50.84219" lon="4.64026">
        <ele>39</ele>
      </trkpt>
      <trkpt lat="50.84271" lon="4.63959">
        <ele>43</ele>
      </trkpt>
      <trkpt lat="50.8429" lon="4.63924">
        <ele>43</ele>
      </trkpt>
      <trkpt lat="50.84311" lon="4.63878">
        <ele>42</ele>
      </trkpt>
      <trkpt lat="50.84333" lon="4.63804">
        <ele>43</ele>
      </trkpt>
      <trkpt lat="50.84391" lon="4.63563">
        <ele>48</ele>
      </trkpt>
      <trkpt lat="50.84416" lon="4.63472">
        <ele>51</ele>
      </trkpt>
      <trkpt lat="50.84437" lon="4.63405">
        <ele>54</ele>
      </trkpt>
      <trkpt lat="50.84463" lon="4.63338">
        <ele>58</ele>
      </trkpt>
      <trkpt lat="50.84503" lon="4.63249">
        <ele>62</ele>
      </trkpt>
      <trkpt lat="50.84558" lon="4.63147">
        <ele>63</ele>
      </trkpt>
      <trkpt lat="50.84643" lon="4.63011">
        <ele>62</ele>
      </trkpt>
      <trkpt lat="50.84749" lon="4.62871">
        <ele>56</ele>
      </trkpt>
      <trkpt lat="50.84797" lon="4.62827">
        <ele>55</ele>
      </trkpt>
      <trkpt lat="50.8488" lon="4.6276">
        <ele>59</ele>
      </trkpt>
      <trkpt lat="50.85035" lon="4.62659">
        <ele>67</ele>
      </trkpt>
      <trkpt lat="50.85266" lon="4.62499">
        <ele>57</ele>
      </trkpt>
      <trkpt lat="50.85376" lon="4.62441">
        <ele>52</ele>
      </trkpt>
      <trkpt lat="50.8559" lon="4.62368">
        <ele>42</ele>
      </trkpt>
      <trkpt lat="50.85618" lon="4.62357">
        <ele>42</ele>
      </trkpt>
      <trkpt lat="50.85658" lon="4.62334">
        <ele>41</ele>
      </trkpt>
      <trkpt lat="50.85701" lon="4.62299">
        <ele>40</ele>
      </trkpt>
      <trkpt lat="50.85749" lon="4.62249">
        <ele>40</ele>
      </trkpt>
      <trkpt lat="50.85809" lon="4.6217">
        <ele>39</ele>
      </trkpt>
      <trkpt lat="50.85862" lon="4.62113">
        <ele>38</ele>
      </trkpt>
      <trkpt lat="50.85932" lon="4.62056">
        <ele>36</ele>
      </trkpt>
      <trkpt lat="50.85952" lon="4.62042">
        <ele>36</ele>
      </trkpt>
      <trkpt lat="50.85959" lon="4.62045">
        <ele>37</ele>
      </trkpt>
      <trkpt lat="50.85993" lon="4.62099">
        <ele>37</ele>
      </trkpt>
      <trkpt lat="50.86069" lon="4.62053">
        <ele>35</ele>
      </trkpt>
      <trkpt lat="50.86086" lon="4.6204">
        <ele>36</ele>
      </trkpt>
      <trkpt lat="50.86094" lon="4.62034">
        <ele>36</ele>
      </trkpt>
      <trkpt lat="50.86165" lon="4.61963">
        <ele>40</ele>
      </trkpt>
      <trkpt lat="50.86202" lon="4.61923">
        <ele>42</ele>
      </trkpt>
      <trkpt lat="50.86225" lon="4.61893">
        <ele>44</ele>
      </trkpt>
      <trkpt lat="50.86234" lon="4.61878">
        <ele>45</ele>
      </trkpt>
      <trkpt lat="50.8625" lon="4.61846">
        <ele>47</ele>
      </trkpt>
      <trkpt lat="50.86259" lon="4.61841">
        <ele>47</ele>
      </trkpt>
      <trkpt lat="50.86265" lon="4.61842">
        <ele>47</ele>
      </trkpt>
      <trkpt lat="50.86272" lon="4.6184">
        <ele>47</ele>
      </trkpt>
      <trkpt lat="50.86276" lon="4.61833">
        <ele>47</ele>
      </trkpt>
      <trkpt lat="50.86279" lon="4.61822">
        <ele>47</ele>
      </trkpt>
      <trkpt lat="50.86286" lon="4.61812">
        <ele>47</ele>
      </trkpt>
      <trkpt lat="50.86302" lon="4.61796">
        <ele>47</ele>
      </trkpt>
      <trkpt lat="50.86309" lon="4.61786">
        <ele>46</ele>
      </trkpt>
      <trkpt lat="50.86317" lon="4.61772">
        <ele>46</ele>
      </trkpt>
      <trkpt lat="50.86332" lon="4.6174">
        <ele>45</ele>
      </trkpt>
      <trkpt lat="50.86336" lon="4.61727">
        <ele>45</ele>
      </trkpt>
      <trkpt lat="50.8634" lon="4.61695">
        <ele>44</ele>
      </trkpt>
      <trkpt lat="50.8634" lon="4.61666">
        <ele>44</ele>
      </trkpt>
      <trkpt lat="50.86333" lon="4.61563">
        <ele>43</ele>
      </trkpt>
      <trkpt lat="50.86334" lon="4.61528">
        <ele>43</ele>
      </trkpt>
      <trkpt lat="50.86338" lon="4.61497">
        <ele>43</ele>
      </trkpt>
      <trkpt lat="50.86348" lon="4.61462">
        <ele>43</ele>
      </trkpt>
      <trkpt lat="50.86362" lon="4.6143">
        <ele>43</ele>
      </trkpt>
      <trkpt lat="50.8641" lon="4.61364">
        <ele>44</ele>
      </trkpt>
      <trkpt lat="50.86461" lon="4.61276">
        <ele>44</ele>
      </trkpt>
      <trkpt lat="50.86609" lon="4.60933">
        <ele>46</ele>
      </trkpt>
      <trkpt lat="50.8665" lon="4.60791">
        <ele>49</ele>
      </trkpt>
      <trkpt lat="50.86716" lon="4.60436">
        <ele>58</ele>
      </trkpt>
      <trkpt lat="50.86779" lon="4.60107">
        <ele>59</ele>
      </trkpt>
      <trkpt lat="50.86794" lon="4.60046">
        <ele>60</ele>
      </trkpt>
      <trkpt lat="50.86813" lon="4.60001">
        <ele>60</ele>
      </trkpt>
      <trkpt lat="50.86838" lon="4.59961">
        <ele>62</ele>
      </trkpt>
      <trkpt lat="50.86881" lon="4.59921">
        <ele>64</ele>
      </trkpt>
      <trkpt lat="50.86936" lon="4.59888">
        <ele>68</ele>
      </trkpt>
      <trkpt lat="50.87139" lon="4.59774">
        <ele>79</ele>
      </trkpt>
      <trkpt lat="50.87189" lon="4.59742">
        <ele>76</ele>
      </trkpt>
      <trkpt lat="50.87251" lon="4.59682">
        <ele>70</ele>
      </trkpt>
      <trkpt lat="50.87629" lon="4.59263">
        <ele>50</ele>
      </trkpt>
      <trkpt lat="50.8779" lon="4.59078">
        <ele>48</ele>
      </trkpt>
      <trkpt lat="50.87794" lon="4.59077">
        <ele>48</ele>
      </trkpt>
      <trkpt lat="50.87804" lon="4.59064">
        <ele>48</ele>
      </trkpt>
      <trkpt lat="50.87808" lon="4.59055">
        <ele>48</ele>
      </trkpt>
      <trkpt lat="50.87808" lon="4.59022">
        <ele>48</ele>
      </trkpt>
      <trkpt lat="50.87811" lon="4.59005">
        <ele>48</ele>
      </trkpt>
      <trkpt lat="50.87832" lon="4.58937">
        <ele>47</ele>
      </trkpt>
      <trkpt lat="50.87858" lon="4.58875">
        <ele>47</ele>
      </trkpt>
      <trkpt lat="50.8788" lon="4.5883">
        <ele>46</ele>
      </trkpt>
      <trkpt lat="50.87935" lon="4.58736">
        <ele>43</ele>
      </trkpt>
      <trkpt lat="50.87948" lon="4.58715">
        <ele>42</ele>
      </trkpt>
      <trkpt lat="50.88023" lon="4.58614">
        <ele>41</ele>
      </trkpt>
      <trkpt lat="50.88133" lon="4.58482">
        <ele>39</ele>
      </trkpt>
      <trkpt lat="50.88178" lon="4.58422">
        <ele>38</ele>
      </trkpt>
      <trkpt lat="50.88204" lon="4.58381">
        <ele>38</ele>
      </trkpt>
      <trkpt lat="50.88272" lon="4.58261">
        <ele>37</ele>
      </trkpt>
      <trkpt lat="50.88309" lon="4.58195">
        <ele>37</ele>
      </trkpt>
      <trkpt lat="50.88228" lon="4.57907">
        <ele>38</ele>
      </trkpt>
      <trkpt lat="50.88195" lon="4.57805">
        <ele>39</ele>
      </trkpt>
      <trkpt lat="50.88162" lon="4.57722">
        <ele>39</ele>
      </trkpt>
      <trkpt lat="50.88104" lon="4.57602">
        <ele>40</ele>
      </trkpt>
      <trkpt lat="50.88015" lon="4.57443">
        <ele>42</ele>
      </trkpt>
      <trkpt lat="50.8799" lon="4.57392">
        <ele>42</ele>
      </trkpt>
      <trkpt lat="50.87979" lon="4.57362">
        <ele>42</ele>
      </trkpt>
      <trkpt lat="50.8794" lon="4.57243">
        <ele>44</ele>
      </trkpt>
      <trkpt lat="50.87922" lon="4.57197">
        <ele>44</ele>
      </trkpt>
      <trkpt lat="50.87882" lon="4.57121">
        <ele>45</ele>
      </trkpt>
      <trkpt lat="50.87915" lon="4.57065">
        <ele>45</ele>
      </trkpt>
      <trkpt lat="50.87918" lon="4.57057">
        <ele>45</ele>
      </trkpt>
      <trkpt lat="50.87919" lon="4.57044">
        <ele>45</ele>
      </trkpt>
      <trkpt lat="50.87911" lon="4.56996">
        <ele>44</ele>
      </trkpt>
      <trkpt lat="50.87911" lon="4.56986">
        <ele>44</ele>
      </trkpt>
      <trkpt lat="50.87947" lon="4.56917">
        <ele>43</ele>
      </trkpt>
      <trkpt lat="50.8798" lon="4.56861">
        <ele>43</ele>
      </trkpt>
      <trkpt lat="50.88013" lon="4.56813">
        <ele>42</ele>
      </trkpt>
      <trkpt lat="50.88017" lon="4.56801">
        <ele>42</ele>
      </trkpt>
      <trkpt lat="50.8802" lon="4.56788">
        <ele>42</ele>
      </trkpt>
      <trkpt lat="50.8802" lon="4.56776">
        <ele>42</ele>
      </trkpt>
      <trkpt lat="50.88012" lon="4.56689">
        <ele>42</ele>
      </trkpt>
      <trkpt lat="50.88013" lon="4.5667">
        <ele>42</ele>
      </trkpt>
      <trkpt lat="50.88012" lon="4.56647">
        <ele>43</ele>
      </trkpt>
      <trkpt lat="50.88006" lon="4.56644">
        <ele>43</ele>
      </trkpt>
      <trkpt lat="50.88002" lon="4.56636">
        <ele>43</ele>
      </trkpt>
      <trkpt lat="50.88004" lon="4.56625">
        <ele>43</ele>
      </trkpt>
      <trkpt lat="50.88009" lon="4.56619">
        <ele>43</ele>
      </trkpt>
      <trkpt lat="50.88006" lon="4.56426">
        <ele>44</ele>
      </trkpt>
      <trkpt lat="50.88009" lon="4.56401">
        <ele>44</ele>
      </trkpt>
      <trkpt lat="50.88048" lon="4.56195">
        <ele>48</ele>
      </trkpt>
      <trkpt lat="50.88051" lon="4.56157">
        <ele>49</ele>
      </trkpt>
      <trkpt lat="50.88046" lon="4.5608">
        <ele>49</ele>
      </trkpt>
      <trkpt lat="50.87985" lon="4.55718">
        <ele>52</ele>
      </trkpt>
      <trkpt lat="50.87933" lon="4.55516">
        <ele>49</ele>
      </trkpt>
      <trkpt lat="50.87926" lon="4.5547">
        <ele>48</ele>
      </trkpt>
      <trkpt lat="50.87898" lon="4.55241">
        <ele>48</ele>
      </trkpt>
    </trkseg>
  </trk>
</gpx>
