<?xml version="1.0" encoding="UTF-8"?>
<gpx xmlns="http://www.topografix.com/GPX/1/1" creator="RouteYou" version="1.1" xmlns:xsi="http://www.w3.org/2001/XMLSchema-instance" xsi:schemaLocation="http://www.topografix.com/GPX/1/1 http://www.topografix.com/GPX/1/1/gpx.xsd">
  <trk>
    <name>Blankenberge 2025</name>
    <desc></desc>
    <trkseg>
      <trkpt lat="50.87886" lon="4.55143">
        <ele>48</ele>
      </trkpt>
      <trkpt lat="50.8788" lon="4.55086">
        <ele>48</ele>
      </trkpt>
      <trkpt lat="50.87859" lon="4.54962">
        <ele>49</ele>
      </trkpt>
      <trkpt lat="50.87847" lon="4.54906">
        <ele>50</ele>
      </trkpt>
      <trkpt lat="50.87825" lon="4.5483">
        <ele>51</ele>
      </trkpt>
      <trkpt lat="50.87805" lon="4.54777">
        <ele>52</ele>
      </trkpt>
      <trkpt lat="50.87783" lon="4.54728">
        <ele>53</ele>
      </trkpt>
      <trkpt lat="50.87759" lon="4.54667">
        <ele>53</ele>
      </trkpt>
      <trkpt lat="50.87722" lon="4.54561">
        <ele>52</ele>
      </trkpt>
      <trkpt lat="50.87645" lon="4.544">
        <ele>54</ele>
      </trkpt>
      <trkpt lat="50.87644" lon="4.54395">
        <ele>54</ele>
      </trkpt>
      <trkpt lat="50.87637" lon="4.54381">
        <ele>54</ele>
      </trkpt>
      <trkpt lat="50.87635" lon="4.54377">
        <ele>54</ele>
      </trkpt>
      <trkpt lat="50.8763" lon="4.54378">
        <ele>54</ele>
      </trkpt>
      <trkpt lat="50.87604" lon="4.54284">
        <ele>55</ele>
      </trkpt>
      <trkpt lat="50.87596" lon="4.54242">
        <ele>55</ele>
      </trkpt>
      <trkpt lat="50.87593" lon="4.5421">
        <ele>55</ele>
      </trkpt>
      <trkpt lat="50.87594" lon="4.54184">
        <ele>54</ele>
      </trkpt>
      <trkpt lat="50.87598" lon="4.54159">
        <ele>54</ele>
      </trkpt>
      <trkpt lat="50.87605" lon="4.54126">
        <ele>53</ele>
      </trkpt>
      <trkpt lat="50.87622" lon="4.54087">
        <ele>52</ele>
      </trkpt>
      <trkpt lat="50.87637" lon="4.54091">
        <ele>52</ele>
      </trkpt>
      <trkpt lat="50.87644" lon="4.54086">
        <ele>52</ele>
      </trkpt>
      <trkpt lat="50.87749" lon="4.54065">
        <ele>49</ele>
      </trkpt>
      <trkpt lat="50.87792" lon="4.54069">
        <ele>49</ele>
      </trkpt>
      <trkpt lat="50.87808" lon="4.54071">
        <ele>49</ele>
      </trkpt>
      <trkpt lat="50.87902" lon="4.54059">
        <ele>48</ele>
      </trkpt>
      <trkpt lat="50.87914" lon="4.54061">
        <ele>48</ele>
      </trkpt>
      <trkpt lat="50.87918" lon="4.54064">
        <ele>48</ele>
      </trkpt>
      <trkpt lat="50.87983" lon="4.54199">
        <ele>47</ele>
      </trkpt>
      <trkpt lat="50.87999" lon="4.54219">
        <ele>47</ele>
      </trkpt>
      <trkpt lat="50.88088" lon="4.54312">
        <ele>45</ele>
      </trkpt>
      <trkpt lat="50.88131" lon="4.54363">
        <ele>45</ele>
      </trkpt>
      <trkpt lat="50.88145" lon="4.54371">
        <ele>45</ele>
      </trkpt>
      <trkpt lat="50.88204" lon="4.54379">
        <ele>44</ele>
      </trkpt>
      <trkpt lat="50.88212" lon="4.54384">
        <ele>44</ele>
      </trkpt>
      <trkpt lat="50.88219" lon="4.54394">
        <ele>44</ele>
      </trkpt>
      <trkpt lat="50.88235" lon="4.54441">
        <ele>45</ele>
      </trkpt>
      <trkpt lat="50.88248" lon="4.54453">
        <ele>45</ele>
      </trkpt>
      <trkpt lat="50.8826" lon="4.54456">
        <ele>45</ele>
      </trkpt>
      <trkpt lat="50.88344" lon="4.54456">
        <ele>42</ele>
      </trkpt>
      <trkpt lat="50.8835" lon="4.54458">
        <ele>42</ele>
      </trkpt>
      <trkpt lat="50.88397" lon="4.54496">
        <ele>41</ele>
      </trkpt>
      <trkpt lat="50.88432" lon="4.54511">
        <ele>41</ele>
      </trkpt>
      <trkpt lat="50.88494" lon="4.54523">
        <ele>41</ele>
      </trkpt>
      <trkpt lat="50.88538" lon="4.54537">
        <ele>41</ele>
      </trkpt>
      <trkpt lat="50.88558" lon="4.54531">
        <ele>41</ele>
      </trkpt>
      <trkpt lat="50.88702" lon="4.54464">
        <ele>42</ele>
      </trkpt>
      <trkpt lat="50.88837" lon="4.54401">
        <ele>43</ele>
      </trkpt>
      <trkpt lat="50.88839" lon="4.54409">
        <ele>44</ele>
      </trkpt>
      <trkpt lat="50.88868" lon="4.5439">
        <ele>44</ele>
      </trkpt>
      <trkpt lat="50.88917" lon="4.54365">
        <ele>44</ele>
      </trkpt>
      <trkpt lat="50.8911" lon="4.54275">
        <ele>42</ele>
      </trkpt>
      <trkpt lat="50.89247" lon="4.54211">
        <ele>43</ele>
      </trkpt>
      <trkpt lat="50.89253" lon="4.54205">
        <ele>43</ele>
      </trkpt>
      <trkpt lat="50.89258" lon="4.54196">
        <ele>43</ele>
      </trkpt>
      <trkpt lat="50.89261" lon="4.54177">
        <ele>42</ele>
      </trkpt>
      <trkpt lat="50.89254" lon="4.54097">
        <ele>41</ele>
      </trkpt>
      <trkpt lat="50.89246" lon="4.54032">
        <ele>44</ele>
      </trkpt>
      <trkpt lat="50.89235" lon="4.53964">
        <ele>47</ele>
      </trkpt>
      <trkpt lat="50.89233" lon="4.53947">
        <ele>43</ele>
      </trkpt>
      <trkpt lat="50.89234" lon="4.5392">
        <ele>41</ele>
      </trkpt>
      <trkpt lat="50.8924" lon="4.53895">
        <ele>43</ele>
      </trkpt>
      <trkpt lat="50.89248" lon="4.53874">
        <ele>43</ele>
      </trkpt>
      <trkpt lat="50.89258" lon="4.5386">
        <ele>42</ele>
      </trkpt>
      <trkpt lat="50.89273" lon="4.53847">
        <ele>42</ele>
      </trkpt>
      <trkpt lat="50.89288" lon="4.53842">
        <ele>42</ele>
      </trkpt>
      <trkpt lat="50.89299" lon="4.53842">
        <ele>45</ele>
      </trkpt>
      <trkpt lat="50.89327" lon="4.53848">
        <ele>46</ele>
      </trkpt>
      <trkpt lat="50.89339" lon="4.53854">
        <ele>45</ele>
      </trkpt>
      <trkpt lat="50.89339" lon="4.53861">
        <ele>45</ele>
      </trkpt>
      <trkpt lat="50.89342" lon="4.53869">
        <ele>45</ele>
      </trkpt>
      <trkpt lat="50.89351" lon="4.53874">
        <ele>45</ele>
      </trkpt>
      <trkpt lat="50.89356" lon="4.53876">
        <ele>44</ele>
      </trkpt>
      <trkpt lat="50.89363" lon="4.53868">
        <ele>44</ele>
      </trkpt>
      <trkpt lat="50.8963" lon="4.54318">
        <ele>40</ele>
      </trkpt>
      <trkpt lat="50.89666" lon="4.54372">
        <ele>40</ele>
      </trkpt>
      <trkpt lat="50.89751" lon="4.54483">
        <ele>39</ele>
      </trkpt>
      <trkpt lat="50.89786" lon="4.54534">
        <ele>39</ele>
      </trkpt>
      <trkpt lat="50.89848" lon="4.54659">
        <ele>37</ele>
      </trkpt>
      <trkpt lat="50.89853" lon="4.54668">
        <ele>37</ele>
      </trkpt>
      <trkpt lat="50.89861" lon="4.54653">
        <ele>37</ele>
      </trkpt>
      <trkpt lat="50.89875" lon="4.5464">
        <ele>37</ele>
      </trkpt>
      <trkpt lat="50.89879" lon="4.54636">
        <ele>37</ele>
      </trkpt>
      <trkpt lat="50.899" lon="4.54631">
        <ele>38</ele>
      </trkpt>
      <trkpt lat="50.89919" lon="4.54636">
        <ele>38</ele>
      </trkpt>
      <trkpt lat="50.89941" lon="4.54655">
        <ele>39</ele>
      </trkpt>
      <trkpt lat="50.90037" lon="4.54762">
        <ele>39</ele>
      </trkpt>
      <trkpt lat="50.90064" lon="4.54806">
        <ele>39</ele>
      </trkpt>
      <trkpt lat="50.90076" lon="4.54831">
        <ele>39</ele>
      </trkpt>
      <trkpt lat="50.9015" lon="4.55008">
        <ele>37</ele>
      </trkpt>
      <trkpt lat="50.90169" lon="4.55053">
        <ele>37</ele>
      </trkpt>
      <trkpt lat="50.90228" lon="4.5522">
        <ele>36</ele>
      </trkpt>
      <trkpt lat="50.90278" lon="4.55344">
        <ele>37</ele>
      </trkpt>
      <trkpt lat="50.90287" lon="4.55359">
        <ele>37</ele>
      </trkpt>
      <trkpt lat="50.90314" lon="4.55441">
        <ele>36</ele>
      </trkpt>
      <trkpt lat="50.90338" lon="4.55512">
        <ele>36</ele>
      </trkpt>
      <trkpt lat="50.90351" lon="4.55553">
        <ele>36</ele>
      </trkpt>
      <trkpt lat="50.90368" lon="4.55614">
        <ele>35</ele>
      </trkpt>
      <trkpt lat="50.90401" lon="4.55719">
        <ele>35</ele>
      </trkpt>
      <trkpt lat="50.90437" lon="4.55799">
        <ele>34</ele>
      </trkpt>
      <trkpt lat="50.90453" lon="4.55853">
        <ele>34</ele>
      </trkpt>
      <trkpt lat="50.90467" lon="4.55906">
        <ele>34</ele>
      </trkpt>
      <trkpt lat="50.90515" lon="4.56057">
        <ele>32</ele>
      </trkpt>
      <trkpt lat="50.90543" lon="4.56132">
        <ele>31</ele>
      </trkpt>
      <trkpt lat="50.90551" lon="4.5615">
        <ele>31</ele>
      </trkpt>
      <trkpt lat="50.90651" lon="4.56297">
        <ele>29</ele>
      </trkpt>
      <trkpt lat="50.90793" lon="4.56497">
        <ele>27</ele>
      </trkpt>
      <trkpt lat="50.90796" lon="4.5651">
        <ele>27</ele>
      </trkpt>
      <trkpt lat="50.90795" lon="4.56515">
        <ele>27</ele>
      </trkpt>
      <trkpt lat="50.90839" lon="4.56543">
        <ele>27</ele>
      </trkpt>
      <trkpt lat="50.90864" lon="4.56544">
        <ele>27</ele>
      </trkpt>
      <trkpt lat="50.9087" lon="4.56546">
        <ele>27</ele>
      </trkpt>
      <trkpt lat="50.90875" lon="4.56543">
        <ele>27</ele>
      </trkpt>
      <trkpt lat="50.91082" lon="4.56366">
        <ele>28</ele>
      </trkpt>
      <trkpt lat="50.91096" lon="4.56358">
        <ele>28</ele>
      </trkpt>
      <trkpt lat="50.91117" lon="4.56347">
        <ele>28</ele>
      </trkpt>
      <trkpt lat="50.91149" lon="4.56341">
        <ele>28</ele>
      </trkpt>
      <trkpt lat="50.91164" lon="4.5634">
        <ele>28</ele>
      </trkpt>
      <trkpt lat="50.91181" lon="4.56343">
        <ele>28</ele>
      </trkpt>
      <trkpt lat="50.91494" lon="4.56425">
        <ele>26</ele>
      </trkpt>
      <trkpt lat="50.91505" lon="4.56432">
        <ele>26</ele>
      </trkpt>
      <trkpt lat="50.91537" lon="4.56437">
        <ele>26</ele>
      </trkpt>
      <trkpt lat="50.91543" lon="4.56432">
        <ele>26</ele>
      </trkpt>
      <trkpt lat="50.91575" lon="4.56434">
        <ele>25</ele>
      </trkpt>
      <trkpt lat="50.91608" lon="4.5643">
        <ele>25</ele>
      </trkpt>
      <trkpt lat="50.9164" lon="4.56416">
        <ele>25</ele>
      </trkpt>
      <trkpt lat="50.91665" lon="4.56401">
        <ele>25</ele>
      </trkpt>
      <trkpt lat="50.91755" lon="4.56335">
        <ele>24</ele>
      </trkpt>
      <trkpt lat="50.91786" lon="4.56314">
        <ele>24</ele>
      </trkpt>
      <trkpt lat="50.91805" lon="4.56307">
        <ele>24</ele>
      </trkpt>
      <trkpt lat="50.91837" lon="4.56303">
        <ele>24</ele>
      </trkpt>
      <trkpt lat="50.91858" lon="4.56305">
        <ele>24</ele>
      </trkpt>
      <trkpt lat="50.91869" lon="4.56301">
        <ele>23</ele>
      </trkpt>
      <trkpt lat="50.91938" lon="4.5625">
        <ele>23</ele>
      </trkpt>
      <trkpt lat="50.91987" lon="4.56206">
        <ele>22</ele>
      </trkpt>
      <trkpt lat="50.91992" lon="4.56197">
        <ele>22</ele>
      </trkpt>
      <trkpt lat="50.91999" lon="4.56156">
        <ele>21</ele>
      </trkpt>
      <trkpt lat="50.92006" lon="4.56136">
        <ele>21</ele>
      </trkpt>
      <trkpt lat="50.92023" lon="4.56111">
        <ele>21</ele>
      </trkpt>
      <trkpt lat="50.92043" lon="4.5608">
        <ele>20</ele>
      </trkpt>
      <trkpt lat="50.92052" lon="4.56057">
        <ele>20</ele>
      </trkpt>
      <trkpt lat="50.92043" lon="4.56031">
        <ele>20</ele>
      </trkpt>
      <trkpt lat="50.92022" lon="4.55994">
        <ele>20</ele>
      </trkpt>
      <trkpt lat="50.92" lon="4.55964">
        <ele>20</ele>
      </trkpt>
      <trkpt lat="50.92015" lon="4.55893">
        <ele>21</ele>
      </trkpt>
      <trkpt lat="50.92035" lon="4.55817">
        <ele>22</ele>
      </trkpt>
      <trkpt lat="50.92057" lon="4.55744">
        <ele>22</ele>
      </trkpt>
      <trkpt lat="50.92075" lon="4.55691">
        <ele>23</ele>
      </trkpt>
      <trkpt lat="50.92094" lon="4.55641">
        <ele>24</ele>
      </trkpt>
      <trkpt lat="50.92191" lon="4.55366">
        <ele>24</ele>
      </trkpt>
      <trkpt lat="50.92208" lon="4.55325">
        <ele>24</ele>
      </trkpt>
      <trkpt lat="50.92212" lon="4.55326">
        <ele>24</ele>
      </trkpt>
      <trkpt lat="50.92216" lon="4.55321">
        <ele>23</ele>
      </trkpt>
      <trkpt lat="50.92218" lon="4.5532">
        <ele>23</ele>
      </trkpt>
      <trkpt lat="50.92219" lon="4.55312">
        <ele>23</ele>
      </trkpt>
      <trkpt lat="50.92216" lon="4.55304">
        <ele>23</ele>
      </trkpt>
      <trkpt lat="50.92211" lon="4.55302">
        <ele>23</ele>
      </trkpt>
      <trkpt lat="50.92203" lon="4.55284">
        <ele>24</ele>
      </trkpt>
      <trkpt lat="50.92199" lon="4.55264">
        <ele>24</ele>
      </trkpt>
      <trkpt lat="50.92199" lon="4.55216">
        <ele>23</ele>
      </trkpt>
      <trkpt lat="50.92217" lon="4.55047">
        <ele>23</ele>
      </trkpt>
      <trkpt lat="50.92219" lon="4.55016">
        <ele>23</ele>
      </trkpt>
      <trkpt lat="50.92219" lon="4.54961">
        <ele>22</ele>
      </trkpt>
      <trkpt lat="50.9222" lon="4.54906">
        <ele>22</ele>
      </trkpt>
      <trkpt lat="50.92223" lon="4.54867">
        <ele>22</ele>
      </trkpt>
      <trkpt lat="50.92234" lon="4.54809">
        <ele>22</ele>
      </trkpt>
      <trkpt lat="50.92286" lon="4.54816">
        <ele>20</ele>
      </trkpt>
      <trkpt lat="50.92404" lon="4.54807">
        <ele>16</ele>
      </trkpt>
      <trkpt lat="50.92422" lon="4.54814">
        <ele>16</ele>
      </trkpt>
      <trkpt lat="50.92441" lon="4.54831">
        <ele>16</ele>
      </trkpt>
      <trkpt lat="50.92454" lon="4.5485">
        <ele>15</ele>
      </trkpt>
      <trkpt lat="50.92461" lon="4.54867">
        <ele>15</ele>
      </trkpt>
      <trkpt lat="50.92478" lon="4.54915">
        <ele>15</ele>
      </trkpt>
      <trkpt lat="50.92486" lon="4.54932">
        <ele>15</ele>
      </trkpt>
      <trkpt lat="50.9253" lon="4.5499">
        <ele>15</ele>
      </trkpt>
      <trkpt lat="50.92556" lon="4.55004">
        <ele>15</ele>
      </trkpt>
      <trkpt lat="50.92602" lon="4.55012">
        <ele>14</ele>
      </trkpt>
      <trkpt lat="50.92755" lon="4.55031">
        <ele>14</ele>
      </trkpt>
      <trkpt lat="50.92778" lon="4.55027">
        <ele>14</ele>
      </trkpt>
      <trkpt lat="50.92803" lon="4.55017">
        <ele>13</ele>
      </trkpt>
      <trkpt lat="50.92825" lon="4.55">
        <ele>13</ele>
      </trkpt>
      <trkpt lat="50.92848" lon="4.54975">
        <ele>13</ele>
      </trkpt>
      <trkpt lat="50.92934" lon="4.54861">
        <ele>13</ele>
      </trkpt>
      <trkpt lat="50.92972" lon="4.54818">
        <ele>14</ele>
      </trkpt>
      <trkpt lat="50.9298" lon="4.54801">
        <ele>14</ele>
      </trkpt>
      <trkpt lat="50.92985" lon="4.54786">
        <ele>14</ele>
      </trkpt>
      <trkpt lat="50.93012" lon="4.54664">
        <ele>15</ele>
      </trkpt>
      <trkpt lat="50.93035" lon="4.54559">
        <ele>17</ele>
      </trkpt>
      <trkpt lat="50.93037" lon="4.54533">
        <ele>17</ele>
      </trkpt>
      <trkpt lat="50.93036" lon="4.54503">
        <ele>17</ele>
      </trkpt>
      <trkpt lat="50.93031" lon="4.5445">
        <ele>18</ele>
      </trkpt>
      <trkpt lat="50.9303" lon="4.54427">
        <ele>18</ele>
      </trkpt>
      <trkpt lat="50.93033" lon="4.54374">
        <ele>18</ele>
      </trkpt>
      <trkpt lat="50.93038" lon="4.54337">
        <ele>19</ele>
      </trkpt>
      <trkpt lat="50.93053" lon="4.54274">
        <ele>19</ele>
      </trkpt>
      <trkpt lat="50.93077" lon="4.54187">
        <ele>20</ele>
      </trkpt>
      <trkpt lat="50.93083" lon="4.54157">
        <ele>20</ele>
      </trkpt>
      <trkpt lat="50.93087" lon="4.54129">
        <ele>20</ele>
      </trkpt>
      <trkpt lat="50.93086" lon="4.54081">
        <ele>20</ele>
      </trkpt>
      <trkpt lat="50.93081" lon="4.54013">
        <ele>19</ele>
      </trkpt>
      <trkpt lat="50.93096" lon="4.53942">
        <ele>18</ele>
      </trkpt>
      <trkpt lat="50.93126" lon="4.53852">
        <ele>16</ele>
      </trkpt>
      <trkpt lat="50.93157" lon="4.53777">
        <ele>16</ele>
      </trkpt>
      <trkpt lat="50.9319" lon="4.53728">
        <ele>15</ele>
      </trkpt>
      <trkpt lat="50.93215" lon="4.53698">
        <ele>15</ele>
      </trkpt>
      <trkpt lat="50.93276" lon="4.53879">
        <ele>15</ele>
      </trkpt>
      <trkpt lat="50.93286" lon="4.5391">
        <ele>16</ele>
      </trkpt>
      <trkpt lat="50.93457" lon="4.53846">
        <ele>15</ele>
      </trkpt>
      <trkpt lat="50.93491" lon="4.53843">
        <ele>15</ele>
      </trkpt>
      <trkpt lat="50.93524" lon="4.53847">
        <ele>15</ele>
      </trkpt>
      <trkpt lat="50.93583" lon="4.53845">
        <ele>14</ele>
      </trkpt>
      <trkpt lat="50.93625" lon="4.53835">
        <ele>14</ele>
      </trkpt>
      <trkpt lat="50.93777" lon="4.53766">
        <ele>14</ele>
      </trkpt>
      <trkpt lat="50.93841" lon="4.53728">
        <ele>14</ele>
      </trkpt>
      <trkpt lat="50.93915" lon="4.53672">
        <ele>14</ele>
      </trkpt>
      <trkpt lat="50.93973" lon="4.53622">
        <ele>14</ele>
      </trkpt>
      <trkpt lat="50.94025" lon="4.53566">
        <ele>13</ele>
      </trkpt>
      <trkpt lat="50.94089" lon="4.5349">
        <ele>12</ele>
      </trkpt>
      <trkpt lat="50.9417" lon="4.53395">
        <ele>12</ele>
      </trkpt>
      <trkpt lat="50.94208" lon="4.53361">
        <ele>12</ele>
      </trkpt>
      <trkpt lat="50.94211" lon="4.53357">
        <ele>12</ele>
      </trkpt>
      <trkpt lat="50.94213" lon="4.53349">
        <ele>12</ele>
      </trkpt>
      <trkpt lat="50.94209" lon="4.53119">
        <ele>12</ele>
      </trkpt>
      <trkpt lat="50.94211" lon="4.53046">
        <ele>12</ele>
      </trkpt>
      <trkpt lat="50.94218" lon="4.52956">
        <ele>12</ele>
      </trkpt>
      <trkpt lat="50.94225" lon="4.52908">
        <ele>12</ele>
      </trkpt>
      <trkpt lat="50.94242" lon="4.52825">
        <ele>11</ele>
      </trkpt>
      <trkpt lat="50.94248" lon="4.52801">
        <ele>11</ele>
      </trkpt>
      <trkpt lat="50.94269" lon="4.52733">
        <ele>11</ele>
      </trkpt>
      <trkpt lat="50.94333" lon="4.52566">
        <ele>11</ele>
      </trkpt>
      <trkpt lat="50.9434" lon="4.52541">
        <ele>11</ele>
      </trkpt>
      <trkpt lat="50.94347" lon="4.52501">
        <ele>11</ele>
      </trkpt>
      <trkpt lat="50.9435" lon="4.52477">
        <ele>11</ele>
      </trkpt>
      <trkpt lat="50.9435" lon="4.52422">
        <ele>10</ele>
      </trkpt>
      <trkpt lat="50.94333" lon="4.52237">
        <ele>10</ele>
      </trkpt>
      <trkpt lat="50.94333" lon="4.5217">
        <ele>10</ele>
      </trkpt>
      <trkpt lat="50.9434" lon="4.52107">
        <ele>10</ele>
      </trkpt>
      <trkpt lat="50.9437" lon="4.51886">
        <ele>10</ele>
      </trkpt>
      <trkpt lat="50.94388" lon="4.51588">
        <ele>10</ele>
      </trkpt>
      <trkpt lat="50.94386" lon="4.51538">
        <ele>10</ele>
      </trkpt>
      <trkpt lat="50.94382" lon="4.51496">
        <ele>10</ele>
      </trkpt>
      <trkpt lat="50.94347" lon="4.51356">
        <ele>10</ele>
      </trkpt>
      <trkpt lat="50.94352" lon="4.51346">
        <ele>10</ele>
      </trkpt>
      <trkpt lat="50.94365" lon="4.51332">
        <ele>11</ele>
      </trkpt>
      <trkpt lat="50.94497" lon="4.51189">
        <ele>10</ele>
      </trkpt>
      <trkpt lat="50.94566" lon="4.51117">
        <ele>10</ele>
      </trkpt>
      <trkpt lat="50.94611" lon="4.51074">
        <ele>10</ele>
      </trkpt>
      <trkpt lat="50.94778" lon="4.50939">
        <ele>9</ele>
      </trkpt>
      <trkpt lat="50.9479" lon="4.50932">
        <ele>9</ele>
      </trkpt>
      <trkpt lat="50.94806" lon="4.50956">
        <ele>9</ele>
      </trkpt>
      <trkpt lat="50.94811" lon="4.50956">
        <ele>9</ele>
      </trkpt>
      <trkpt lat="50.94954" lon="4.50929">
        <ele>9</ele>
      </trkpt>
      <trkpt lat="50.94994" lon="4.50923">
        <ele>9</ele>
      </trkpt>
      <trkpt lat="50.95021" lon="4.50923">
        <ele>9</ele>
      </trkpt>
      <trkpt lat="50.95117" lon="4.50908">
        <ele>9</ele>
      </trkpt>
      <trkpt lat="50.95163" lon="4.50895">
        <ele>9</ele>
      </trkpt>
      <trkpt lat="50.95408" lon="4.50719">
        <ele>8</ele>
      </trkpt>
      <trkpt lat="50.95417" lon="4.50714">
        <ele>8</ele>
      </trkpt>
      <trkpt lat="50.9543" lon="4.5071">
        <ele>8</ele>
      </trkpt>
      <trkpt lat="50.95433" lon="4.50724">
        <ele>8</ele>
      </trkpt>
      <trkpt lat="50.95485" lon="4.50854">
        <ele>8</ele>
      </trkpt>
      <trkpt lat="50.95491" lon="4.50864">
        <ele>8</ele>
      </trkpt>
      <trkpt lat="50.95502" lon="4.50869">
        <ele>8</ele>
      </trkpt>
      <trkpt lat="50.9554" lon="4.50858">
        <ele>8</ele>
      </trkpt>
      <trkpt lat="50.95682" lon="4.50818">
        <ele>8</ele>
      </trkpt>
      <trkpt lat="50.95697" lon="4.50819">
        <ele>8</ele>
      </trkpt>
      <trkpt lat="50.95761" lon="4.50863">
        <ele>7</ele>
      </trkpt>
      <trkpt lat="50.95841" lon="4.50906">
        <ele>6</ele>
      </trkpt>
      <trkpt lat="50.96074" lon="4.51028">
        <ele>7</ele>
      </trkpt>
      <trkpt lat="50.96104" lon="4.51045">
        <ele>7</ele>
      </trkpt>
      <trkpt lat="50.96133" lon="4.5109">
        <ele>7</ele>
      </trkpt>
      <trkpt lat="50.96147" lon="4.51102">
        <ele>7</ele>
      </trkpt>
      <trkpt lat="50.96167" lon="4.51108">
        <ele>8</ele>
      </trkpt>
      <trkpt lat="50.96187" lon="4.51102">
        <ele>8</ele>
      </trkpt>
      <trkpt lat="50.96202" lon="4.5109">
        <ele>8</ele>
      </trkpt>
      <trkpt lat="50.96242" lon="4.51038">
        <ele>8</ele>
      </trkpt>
      <trkpt lat="50.96248" lon="4.51028">
        <ele>8</ele>
      </trkpt>
      <trkpt lat="50.96266" lon="4.51002">
        <ele>8</ele>
      </trkpt>
      <trkpt lat="50.96282" lon="4.50984">
        <ele>8</ele>
      </trkpt>
      <trkpt lat="50.96332" lon="4.50952">
        <ele>8</ele>
      </trkpt>
      <trkpt lat="50.96357" lon="4.50933">
        <ele>7</ele>
      </trkpt>
      <trkpt lat="50.96354" lon="4.5091">
        <ele>7</ele>
      </trkpt>
      <trkpt lat="50.96363" lon="4.50906">
        <ele>7</ele>
      </trkpt>
      <trkpt lat="50.96539" lon="4.50801">
        <ele>7</ele>
      </trkpt>
      <trkpt lat="50.96534" lon="4.5079">
        <ele>8</ele>
      </trkpt>
      <trkpt lat="50.96518" lon="4.50739">
        <ele>8</ele>
      </trkpt>
      <trkpt lat="50.96373" lon="4.50266">
        <ele>7</ele>
      </trkpt>
      <trkpt lat="50.96368" lon="4.5024">
        <ele>7</ele>
      </trkpt>
      <trkpt lat="50.96355" lon="4.50021">
        <ele>6</ele>
      </trkpt>
      <trkpt lat="50.96352" lon="4.50003">
        <ele>6</ele>
      </trkpt>
      <trkpt lat="50.96299" lon="4.49867">
        <ele>6</ele>
      </trkpt>
      <trkpt lat="50.96252" lon="4.49756">
        <ele>6</ele>
      </trkpt>
      <trkpt lat="50.96223" lon="4.49681">
        <ele>6</ele>
      </trkpt>
      <trkpt lat="50.96206" lon="4.49626">
        <ele>6</ele>
      </trkpt>
      <trkpt lat="50.96203" lon="4.49602">
        <ele>6</ele>
      </trkpt>
      <trkpt lat="50.96205" lon="4.49588">
        <ele>7</ele>
      </trkpt>
      <trkpt lat="50.96218" lon="4.4952">
        <ele>6</ele>
      </trkpt>
      <trkpt lat="50.96235" lon="4.49453">
        <ele>6</ele>
      </trkpt>
      <trkpt lat="50.96251" lon="4.49411">
        <ele>6</ele>
      </trkpt>
      <trkpt lat="50.96311" lon="4.49291">
        <ele>7</ele>
      </trkpt>
      <trkpt lat="50.96515" lon="4.48885">
        <ele>11</ele>
      </trkpt>
      <trkpt lat="50.96531" lon="4.4885">
        <ele>10</ele>
      </trkpt>
      <trkpt lat="50.96538" lon="4.48829">
        <ele>9</ele>
      </trkpt>
      <trkpt lat="50.96542" lon="4.48794">
        <ele>9</ele>
      </trkpt>
      <trkpt lat="50.96559" lon="4.48791">
        <ele>9</ele>
      </trkpt>
      <trkpt lat="50.96566" lon="4.48783">
        <ele>8</ele>
      </trkpt>
      <trkpt lat="50.96616" lon="4.48683">
        <ele>6</ele>
      </trkpt>
      <trkpt lat="50.96932" lon="4.48055">
        <ele>8</ele>
      </trkpt>
      <trkpt lat="50.96945" lon="4.48021">
        <ele>8</ele>
      </trkpt>
      <trkpt lat="50.96955" lon="4.47986">
        <ele>7</ele>
      </trkpt>
      <trkpt lat="50.96958" lon="4.47968">
        <ele>6</ele>
      </trkpt>
      <trkpt lat="50.96965" lon="4.47899">
        <ele>7</ele>
      </trkpt>
      <trkpt lat="50.96971" lon="4.47898">
        <ele>7</ele>
      </trkpt>
      <trkpt lat="50.96978" lon="4.47891">
        <ele>7</ele>
      </trkpt>
      <trkpt lat="50.9698" lon="4.47885">
        <ele>7</ele>
      </trkpt>
      <trkpt lat="50.9708" lon="4.47983">
        <ele>6</ele>
      </trkpt>
      <trkpt lat="50.97102" lon="4.48005">
        <ele>6</ele>
      </trkpt>
      <trkpt lat="50.97106" lon="4.48008">
        <ele>6</ele>
      </trkpt>
      <trkpt lat="50.97122" lon="4.4801">
        <ele>6</ele>
      </trkpt>
      <trkpt lat="50.97142" lon="4.48006">
        <ele>6</ele>
      </trkpt>
      <trkpt lat="50.9718" lon="4.4797">
        <ele>7</ele>
      </trkpt>
      <trkpt lat="50.97217" lon="4.4795">
        <ele>8</ele>
      </trkpt>
      <trkpt lat="50.97288" lon="4.4793">
        <ele>8</ele>
      </trkpt>
      <trkpt lat="50.97298" lon="4.47931">
        <ele>9</ele>
      </trkpt>
      <trkpt lat="50.97363" lon="4.47901">
        <ele>9</ele>
      </trkpt>
      <trkpt lat="50.9741" lon="4.47875">
        <ele>9</ele>
      </trkpt>
      <trkpt lat="50.97665" lon="4.47711">
        <ele>8</ele>
      </trkpt>
      <trkpt lat="50.97694" lon="4.47689">
        <ele>8</ele>
      </trkpt>
      <trkpt lat="50.97709" lon="4.47678">
        <ele>8</ele>
      </trkpt>
      <trkpt lat="50.9773" lon="4.47654">
        <ele>7</ele>
      </trkpt>
      <trkpt lat="50.97741" lon="4.47631">
        <ele>7</ele>
      </trkpt>
      <trkpt lat="50.97754" lon="4.47591">
        <ele>7</ele>
      </trkpt>
      <trkpt lat="50.97763" lon="4.4755">
        <ele>7</ele>
      </trkpt>
      <trkpt lat="50.97772" lon="4.47517">
        <ele>7</ele>
      </trkpt>
      <trkpt lat="50.97796" lon="4.47471">
        <ele>7</ele>
      </trkpt>
      <trkpt lat="50.97806" lon="4.47458">
        <ele>7</ele>
      </trkpt>
      <trkpt lat="50.97823" lon="4.47441">
        <ele>7</ele>
      </trkpt>
      <trkpt lat="50.97949" lon="4.47327">
        <ele>7</ele>
      </trkpt>
      <trkpt lat="50.9796" lon="4.47314">
        <ele>7</ele>
      </trkpt>
      <trkpt lat="50.97974" lon="4.47289">
        <ele>7</ele>
      </trkpt>
      <trkpt lat="50.97978" lon="4.47274">
        <ele>8</ele>
      </trkpt>
      <trkpt lat="50.97984" lon="4.47189">
        <ele>8</ele>
      </trkpt>
      <trkpt lat="50.97988" lon="4.47161">
        <ele>6</ele>
      </trkpt>
      <trkpt lat="50.97992" lon="4.47153">
        <ele>6</ele>
      </trkpt>
      <trkpt lat="50.98045" lon="4.47074">
        <ele>5</ele>
      </trkpt>
      <trkpt lat="50.98127" lon="4.46959">
        <ele>6</ele>
      </trkpt>
      <trkpt lat="50.98133" lon="4.46946">
        <ele>6</ele>
      </trkpt>
      <trkpt lat="50.98181" lon="4.4688">
        <ele>6</ele>
      </trkpt>
      <trkpt lat="50.98207" lon="4.46848">
        <ele>7</ele>
      </trkpt>
      <trkpt lat="50.98258" lon="4.46774">
        <ele>7</ele>
      </trkpt>
      <trkpt lat="50.98341" lon="4.46662">
        <ele>8</ele>
      </trkpt>
      <trkpt lat="50.98354" lon="4.46645">
        <ele>8</ele>
      </trkpt>
      <trkpt lat="50.9836" lon="4.46631">
        <ele>8</ele>
      </trkpt>
      <trkpt lat="50.98406" lon="4.4657">
        <ele>8</ele>
      </trkpt>
      <trkpt lat="50.98419" lon="4.46559">
        <ele>8</ele>
      </trkpt>
      <trkpt lat="50.98492" lon="4.46512">
        <ele>9</ele>
      </trkpt>
      <trkpt lat="50.98515" lon="4.46483">
        <ele>9</ele>
      </trkpt>
      <trkpt lat="50.98549" lon="4.46425">
        <ele>9</ele>
      </trkpt>
      <trkpt lat="50.98562" lon="4.46382">
        <ele>9</ele>
      </trkpt>
      <trkpt lat="50.98569" lon="4.46311">
        <ele>9</ele>
      </trkpt>
      <trkpt lat="50.98574" lon="4.46277">
        <ele>9</ele>
      </trkpt>
      <trkpt lat="50.98577" lon="4.46261">
        <ele>10</ele>
      </trkpt>
      <trkpt lat="50.98582" lon="4.46246">
        <ele>10</ele>
      </trkpt>
      <trkpt lat="50.98684" lon="4.46008">
        <ele>10</ele>
      </trkpt>
      <trkpt lat="50.98718" lon="4.4592">
        <ele>10</ele>
      </trkpt>
      <trkpt lat="50.98732" lon="4.45891">
        <ele>10</ele>
      </trkpt>
      <trkpt lat="50.98757" lon="4.45842">
        <ele>11</ele>
      </trkpt>
      <trkpt lat="50.98794" lon="4.45777">
        <ele>10</ele>
      </trkpt>
      <trkpt lat="50.98722" lon="4.45624">
        <ele>9</ele>
      </trkpt>
      <trkpt lat="50.98705" lon="4.45583">
        <ele>9</ele>
      </trkpt>
      <trkpt lat="50.98647" lon="4.45454">
        <ele>8</ele>
      </trkpt>
      <trkpt lat="50.98626" lon="4.45372">
        <ele>7</ele>
      </trkpt>
      <trkpt lat="50.98606" lon="4.45318">
        <ele>7</ele>
      </trkpt>
      <trkpt lat="50.98601" lon="4.453">
        <ele>7</ele>
      </trkpt>
      <trkpt lat="50.986" lon="4.4526">
        <ele>7</ele>
      </trkpt>
      <trkpt lat="50.98596" lon="4.45239">
        <ele>7</ele>
      </trkpt>
      <trkpt lat="50.98597" lon="4.45207">
        <ele>8</ele>
      </trkpt>
      <trkpt lat="50.98595" lon="4.45196">
        <ele>8</ele>
      </trkpt>
      <trkpt lat="50.98584" lon="4.45154">
        <ele>8</ele>
      </trkpt>
      <trkpt lat="50.98549" lon="4.45078">
        <ele>8</ele>
      </trkpt>
      <trkpt lat="50.98545" lon="4.45055">
        <ele>8</ele>
      </trkpt>
      <trkpt lat="50.98545" lon="4.45042">
        <ele>8</ele>
      </trkpt>
      <trkpt lat="50.98546" lon="4.45019">
        <ele>8</ele>
      </trkpt>
      <trkpt lat="50.98552" lon="4.44995">
        <ele>8</ele>
      </trkpt>
      <trkpt lat="50.98601" lon="4.44861">
        <ele>8</ele>
      </trkpt>
      <trkpt lat="50.98608" lon="4.44823">
        <ele>8</ele>
      </trkpt>
      <trkpt lat="50.9861" lon="4.44805">
        <ele>8</ele>
      </trkpt>
      <trkpt lat="50.9861" lon="4.44767">
        <ele>8</ele>
      </trkpt>
      <trkpt lat="50.98608" lon="4.44754">
        <ele>9</ele>
      </trkpt>
      <trkpt lat="50.98606" lon="4.44734">
        <ele>8</ele>
      </trkpt>
      <trkpt lat="50.98575" lon="4.44591">
        <ele>9</ele>
      </trkpt>
      <trkpt lat="50.98546" lon="4.44501">
        <ele>9</ele>
      </trkpt>
      <trkpt lat="50.98544" lon="4.44491">
        <ele>9</ele>
      </trkpt>
      <trkpt lat="50.98545" lon="4.44482">
        <ele>9</ele>
      </trkpt>
      <trkpt lat="50.98551" lon="4.44462">
        <ele>9</ele>
      </trkpt>
      <trkpt lat="50.98564" lon="4.44442">
        <ele>9</ele>
      </trkpt>
      <trkpt lat="50.9861" lon="4.44392">
        <ele>8</ele>
      </trkpt>
      <trkpt lat="50.98645" lon="4.44348">
        <ele>8</ele>
      </trkpt>
      <trkpt lat="50.98693" lon="4.44276">
        <ele>8</ele>
      </trkpt>
      <trkpt lat="50.98788" lon="4.44168">
        <ele>8</ele>
      </trkpt>
      <trkpt lat="50.98811" lon="4.44145">
        <ele>8</ele>
      </trkpt>
      <trkpt lat="50.98849" lon="4.44112">
        <ele>8</ele>
      </trkpt>
      <trkpt lat="50.98926" lon="4.4406">
        <ele>8</ele>
      </trkpt>
      <trkpt lat="50.98942" lon="4.44047">
        <ele>8</ele>
      </trkpt>
      <trkpt lat="50.98948" lon="4.44035">
        <ele>8</ele>
      </trkpt>
      <trkpt lat="50.98958" lon="4.43995">
        <ele>8</ele>
      </trkpt>
      <trkpt lat="50.98967" lon="4.43976">
        <ele>8</ele>
      </trkpt>
      <trkpt lat="50.99015" lon="4.43903">
        <ele>8</ele>
      </trkpt>
      <trkpt lat="50.99045" lon="4.43842">
        <ele>8</ele>
      </trkpt>
      <trkpt lat="50.99049" lon="4.43826">
        <ele>8</ele>
      </trkpt>
      <trkpt lat="50.99051" lon="4.43803">
        <ele>8</ele>
      </trkpt>
      <trkpt lat="50.99048" lon="4.43785">
        <ele>8</ele>
      </trkpt>
      <trkpt lat="50.99032" lon="4.43726">
        <ele>8</ele>
      </trkpt>
      <trkpt lat="50.99023" lon="4.43701">
        <ele>8</ele>
      </trkpt>
      <trkpt lat="50.98998" lon="4.43653">
        <ele>8</ele>
      </trkpt>
      <trkpt lat="50.98982" lon="4.43615">
        <ele>8</ele>
      </trkpt>
      <trkpt lat="50.98957" lon="4.43549">
        <ele>8</ele>
      </trkpt>
      <trkpt lat="50.98943" lon="4.43504">
        <ele>8</ele>
      </trkpt>
      <trkpt lat="50.98933" lon="4.43451">
        <ele>9</ele>
      </trkpt>
      <trkpt lat="50.98932" lon="4.43415">
        <ele>9</ele>
      </trkpt>
      <trkpt lat="50.98934" lon="4.43403">
        <ele>9</ele>
      </trkpt>
      <trkpt lat="50.98967" lon="4.43345">
        <ele>9</ele>
      </trkpt>
      <trkpt lat="50.98982" lon="4.43326">
        <ele>9</ele>
      </trkpt>
      <trkpt lat="50.99044" lon="4.43279">
        <ele>9</ele>
      </trkpt>
      <trkpt lat="50.99115" lon="4.43243">
        <ele>9</ele>
      </trkpt>
      <trkpt lat="50.99128" lon="4.43232">
        <ele>9</ele>
      </trkpt>
      <trkpt lat="50.9915" lon="4.43207">
        <ele>9</ele>
      </trkpt>
      <trkpt lat="50.9917" lon="4.43181">
        <ele>9</ele>
      </trkpt>
      <trkpt lat="50.99186" lon="4.43153">
        <ele>9</ele>
      </trkpt>
      <trkpt lat="50.99216" lon="4.43091">
        <ele>8</ele>
      </trkpt>
      <trkpt lat="50.99234" lon="4.4304">
        <ele>8</ele>
      </trkpt>
      <trkpt lat="50.99246" lon="4.43017">
        <ele>8</ele>
      </trkpt>
      <trkpt lat="50.99285" lon="4.42956">
        <ele>8</ele>
      </trkpt>
      <trkpt lat="50.99291" lon="4.42944">
        <ele>8</ele>
      </trkpt>
      <trkpt lat="50.99297" lon="4.42888">
        <ele>8</ele>
      </trkpt>
      <trkpt lat="50.99303" lon="4.42857">
        <ele>7</ele>
      </trkpt>
      <trkpt lat="50.99311" lon="4.42833">
        <ele>8</ele>
      </trkpt>
      <trkpt lat="50.99347" lon="4.42739">
        <ele>8</ele>
      </trkpt>
      <trkpt lat="50.99355" lon="4.42727">
        <ele>8</ele>
      </trkpt>
      <trkpt lat="50.99385" lon="4.42697">
        <ele>8</ele>
      </trkpt>
      <trkpt lat="50.99419" lon="4.42535">
        <ele>8</ele>
      </trkpt>
      <trkpt lat="50.99474" lon="4.42309">
        <ele>8</ele>
      </trkpt>
      <trkpt lat="50.99516" lon="4.42141">
        <ele>8</ele>
      </trkpt>
      <trkpt lat="50.9953" lon="4.42109">
        <ele>8</ele>
      </trkpt>
      <trkpt lat="50.99529" lon="4.42094">
        <ele>8</ele>
      </trkpt>
      <trkpt lat="50.99526" lon="4.42088">
        <ele>8</ele>
      </trkpt>
      <trkpt lat="50.99534" lon="4.42072">
        <ele>8</ele>
      </trkpt>
      <trkpt lat="50.99565" lon="4.4195">
        <ele>8</ele>
      </trkpt>
      <trkpt lat="50.99594" lon="4.41822">
        <ele>8</ele>
      </trkpt>
      <trkpt lat="50.99597" lon="4.41812">
        <ele>8</ele>
      </trkpt>
      <trkpt lat="50.99602" lon="4.41804">
        <ele>8</ele>
      </trkpt>
      <trkpt lat="50.99635" lon="4.41785">
        <ele>8</ele>
      </trkpt>
      <trkpt lat="50.99724" lon="4.41743">
        <ele>8</ele>
      </trkpt>
      <trkpt lat="50.99741" lon="4.41728">
        <ele>8</ele>
      </trkpt>
      <trkpt lat="50.99747" lon="4.41714">
        <ele>8</ele>
      </trkpt>
      <trkpt lat="50.99784" lon="4.41601">
        <ele>8</ele>
      </trkpt>
      <trkpt lat="50.99796" lon="4.41558">
        <ele>8</ele>
      </trkpt>
      <trkpt lat="50.99798" lon="4.41541">
        <ele>8</ele>
      </trkpt>
      <trkpt lat="50.99795" lon="4.41497">
        <ele>8</ele>
      </trkpt>
      <trkpt lat="50.99791" lon="4.41468">
        <ele>8</ele>
      </trkpt>
      <trkpt lat="50.99776" lon="4.41406">
        <ele>8</ele>
      </trkpt>
      <trkpt lat="50.99765" lon="4.4135">
        <ele>8</ele>
      </trkpt>
      <trkpt lat="50.99759" lon="4.41281">
        <ele>8</ele>
      </trkpt>
      <trkpt lat="50.99754" lon="4.41272">
        <ele>8</ele>
      </trkpt>
      <trkpt lat="50.99745" lon="4.41264">
        <ele>8</ele>
      </trkpt>
      <trkpt lat="50.99751" lon="4.41169">
        <ele>8</ele>
      </trkpt>
      <trkpt lat="50.99854" lon="4.40734">
        <ele>8</ele>
      </trkpt>
      <trkpt lat="50.99921" lon="4.40471">
        <ele>8</ele>
      </trkpt>
      <trkpt lat="50.9993" lon="4.40445">
        <ele>8</ele>
      </trkpt>
      <trkpt lat="51.00024" lon="4.40447">
        <ele>7</ele>
      </trkpt>
      <trkpt lat="51.00097" lon="4.40452">
        <ele>7</ele>
      </trkpt>
      <trkpt lat="51.00273" lon="4.40463">
        <ele>7</ele>
      </trkpt>
      <trkpt lat="51.00287" lon="4.40468">
        <ele>7</ele>
      </trkpt>
      <trkpt lat="51.00297" lon="4.40477">
        <ele>7</ele>
      </trkpt>
      <trkpt lat="51.00301" lon="4.40484">
        <ele>7</ele>
      </trkpt>
      <trkpt lat="51.00304" lon="4.40464">
        <ele>7</ele>
      </trkpt>
      <trkpt lat="51.00304" lon="4.40449">
        <ele>7</ele>
      </trkpt>
      <trkpt lat="51.00299" lon="4.40427">
        <ele>7</ele>
      </trkpt>
      <trkpt lat="51.00199" lon="4.40133">
        <ele>7</ele>
      </trkpt>
      <trkpt lat="51.0015" lon="4.39988">
        <ele>7</ele>
      </trkpt>
      <trkpt lat="51.00148" lon="4.39976">
        <ele>7</ele>
      </trkpt>
      <trkpt lat="51.00148" lon="4.39961">
        <ele>7</ele>
      </trkpt>
      <trkpt lat="51.00182" lon="4.39533">
        <ele>7</ele>
      </trkpt>
      <trkpt lat="51.00193" lon="4.39351">
        <ele>7</ele>
      </trkpt>
      <trkpt lat="51.00196" lon="4.39326">
        <ele>7</ele>
      </trkpt>
      <trkpt lat="51.00204" lon="4.39336">
        <ele>7</ele>
      </trkpt>
      <trkpt lat="51.00219" lon="4.39341">
        <ele>7</ele>
      </trkpt>
      <trkpt lat="51.00234" lon="4.39343">
        <ele>7</ele>
      </trkpt>
      <trkpt lat="51.00292" lon="4.39343">
        <ele>7</ele>
      </trkpt>
      <trkpt lat="51.00341" lon="4.39339">
        <ele>7</ele>
      </trkpt>
      <trkpt lat="51.00357" lon="4.3934">
        <ele>6</ele>
      </trkpt>
      <trkpt lat="51.00371" lon="4.39345">
        <ele>6</ele>
      </trkpt>
      <trkpt lat="51.00379" lon="4.39352">
        <ele>7</ele>
      </trkpt>
      <trkpt lat="51.00388" lon="4.39366">
        <ele>7</ele>
      </trkpt>
      <trkpt lat="51.00416" lon="4.39419">
        <ele>7</ele>
      </trkpt>
      <trkpt lat="51.00521" lon="4.39622">
        <ele>6</ele>
      </trkpt>
      <trkpt lat="51.00532" lon="4.39642">
        <ele>6</ele>
      </trkpt>
      <trkpt lat="51.00539" lon="4.39644">
        <ele>6</ele>
      </trkpt>
      <trkpt lat="51.00583" lon="4.39643">
        <ele>6</ele>
      </trkpt>
      <trkpt lat="51.00681" lon="4.39607">
        <ele>7</ele>
      </trkpt>
      <trkpt lat="51.00741" lon="4.39588">
        <ele>7</ele>
      </trkpt>
      <trkpt lat="51.00926" lon="4.3956">
        <ele>7</ele>
      </trkpt>
      <trkpt lat="51.00958" lon="4.39583">
        <ele>6</ele>
      </trkpt>
      <trkpt lat="51.01059" lon="4.394">
        <ele>6</ele>
      </trkpt>
      <trkpt lat="51.01088" lon="4.3933">
        <ele>6</ele>
      </trkpt>
      <trkpt lat="51.01159" lon="4.39139">
        <ele>6</ele>
      </trkpt>
      <trkpt lat="51.01168" lon="4.39114">
        <ele>6</ele>
      </trkpt>
      <trkpt lat="51.01178" lon="4.39072">
        <ele>6</ele>
      </trkpt>
      <trkpt lat="51.0118" lon="4.39036">
        <ele>6</ele>
      </trkpt>
      <trkpt lat="51.01179" lon="4.38965">
        <ele>6</ele>
      </trkpt>
      <trkpt lat="51.0118" lon="4.38957">
        <ele>6</ele>
      </trkpt>
      <trkpt lat="51.01186" lon="4.38946">
        <ele>6</ele>
      </trkpt>
      <trkpt lat="51.01193" lon="4.38941">
        <ele>7</ele>
      </trkpt>
      <trkpt lat="51.01222" lon="4.38934">
        <ele>6</ele>
      </trkpt>
      <trkpt lat="51.01226" lon="4.38927">
        <ele>6</ele>
      </trkpt>
      <trkpt lat="51.01227" lon="4.38918">
        <ele>6</ele>
      </trkpt>
      <trkpt lat="51.01227" lon="4.38897">
        <ele>6</ele>
      </trkpt>
      <trkpt lat="51.01219" lon="4.38838">
        <ele>6</ele>
      </trkpt>
      <trkpt lat="51.01211" lon="4.38762">
        <ele>6</ele>
      </trkpt>
      <trkpt lat="51.01196" lon="4.38398">
        <ele>7</ele>
      </trkpt>
      <trkpt lat="51.01195" lon="4.38252">
        <ele>7</ele>
      </trkpt>
      <trkpt lat="51.01172" lon="4.37584">
        <ele>7</ele>
      </trkpt>
      <trkpt lat="51.01161" lon="4.37282">
        <ele>8</ele>
      </trkpt>
      <trkpt lat="51.01143" lon="4.36834">
        <ele>8</ele>
      </trkpt>
      <trkpt lat="51.01141" lon="4.36786">
        <ele>9</ele>
      </trkpt>
      <trkpt lat="51.01134" lon="4.36697">
        <ele>11</ele>
      </trkpt>
      <trkpt lat="51.01117" lon="4.36327">
        <ele>10</ele>
      </trkpt>
      <trkpt lat="51.01111" lon="4.36112">
        <ele>8</ele>
      </trkpt>
      <trkpt lat="51.01115" lon="4.36051">
        <ele>8</ele>
      </trkpt>
      <trkpt lat="51.01108" lon="4.35886">
        <ele>8</ele>
      </trkpt>
      <trkpt lat="51.01105" lon="4.35836">
        <ele>8</ele>
      </trkpt>
      <trkpt lat="51.01066" lon="4.34913">
        <ele>7</ele>
      </trkpt>
      <trkpt lat="51.01067" lon="4.34869">
        <ele>7</ele>
      </trkpt>
      <trkpt lat="51.01072" lon="4.34802">
        <ele>7</ele>
      </trkpt>
      <trkpt lat="51.01084" lon="4.34728">
        <ele>7</ele>
      </trkpt>
      <trkpt lat="51.01098" lon="4.34669">
        <ele>7</ele>
      </trkpt>
      <trkpt lat="51.01109" lon="4.3463">
        <ele>6</ele>
      </trkpt>
      <trkpt lat="51.01126" lon="4.34584">
        <ele>7</ele>
      </trkpt>
      <trkpt lat="51.01142" lon="4.34548">
        <ele>7</ele>
      </trkpt>
      <trkpt lat="51.01158" lon="4.34516">
        <ele>7</ele>
      </trkpt>
      <trkpt lat="51.01182" lon="4.34475">
        <ele>7</ele>
      </trkpt>
      <trkpt lat="51.0128" lon="4.34328">
        <ele>7</ele>
      </trkpt>
      <trkpt lat="51.01285" lon="4.34308">
        <ele>7</ele>
      </trkpt>
      <trkpt lat="51.0127" lon="4.34159">
        <ele>7</ele>
      </trkpt>
      <trkpt lat="51.01245" lon="4.33942">
        <ele>8</ele>
      </trkpt>
      <trkpt lat="51.01235" lon="4.33887">
        <ele>9</ele>
      </trkpt>
      <trkpt lat="51.01179" lon="4.33721">
        <ele>9</ele>
      </trkpt>
      <trkpt lat="51.01117" lon="4.33489">
        <ele>9</ele>
      </trkpt>
      <trkpt lat="51.01058" lon="4.33233">
        <ele>9</ele>
      </trkpt>
      <trkpt lat="51.01027" lon="4.33085">
        <ele>9</ele>
      </trkpt>
      <trkpt lat="51.00976" lon="4.32958">
        <ele>9</ele>
      </trkpt>
      <trkpt lat="51.00968" lon="4.32938">
        <ele>9</ele>
      </trkpt>
      <trkpt lat="51.00962" lon="4.32936">
        <ele>9</ele>
      </trkpt>
      <trkpt lat="51.00937" lon="4.32938">
        <ele>9</ele>
      </trkpt>
      <trkpt lat="51.0088" lon="4.32967">
        <ele>9</ele>
      </trkpt>
      <trkpt lat="51.00872" lon="4.32969">
        <ele>9</ele>
      </trkpt>
      <trkpt lat="51.00865" lon="4.32968">
        <ele>9</ele>
      </trkpt>
      <trkpt lat="51.00857" lon="4.3296">
        <ele>9</ele>
      </trkpt>
      <trkpt lat="51.00856" lon="4.32947">
        <ele>9</ele>
      </trkpt>
      <trkpt lat="51.00867" lon="4.32831">
        <ele>9</ele>
      </trkpt>
      <trkpt lat="51.00877" lon="4.32662">
        <ele>9</ele>
      </trkpt>
      <trkpt lat="51.00873" lon="4.32627">
        <ele>9</ele>
      </trkpt>
      <trkpt lat="51.00866" lon="4.32598">
        <ele>8</ele>
      </trkpt>
      <trkpt lat="51.00857" lon="4.32578">
        <ele>9</ele>
      </trkpt>
      <trkpt lat="51.0085" lon="4.32566">
        <ele>8</ele>
      </trkpt>
      <trkpt lat="51.00779" lon="4.32496">
        <ele>8</ele>
      </trkpt>
      <trkpt lat="51.00749" lon="4.32454">
        <ele>9</ele>
      </trkpt>
      <trkpt lat="51.00699" lon="4.32364">
        <ele>9</ele>
      </trkpt>
      <trkpt lat="51.0069" lon="4.32331">
        <ele>9</ele>
      </trkpt>
      <trkpt lat="51.00699" lon="4.32293">
        <ele>9</ele>
      </trkpt>
      <trkpt lat="51.00712" lon="4.32253">
        <ele>9</ele>
      </trkpt>
      <trkpt lat="51.00731" lon="4.32146">
        <ele>9</ele>
      </trkpt>
      <trkpt lat="51.00734" lon="4.32126">
        <ele>9</ele>
      </trkpt>
      <trkpt lat="51.00732" lon="4.32104">
        <ele>9</ele>
      </trkpt>
      <trkpt lat="51.00699" lon="4.31945">
        <ele>9</ele>
      </trkpt>
      <trkpt lat="51.00699" lon="4.31929">
        <ele>9</ele>
      </trkpt>
      <trkpt lat="51.00701" lon="4.31913">
        <ele>9</ele>
      </trkpt>
      <trkpt lat="51.00759" lon="4.3176">
        <ele>9</ele>
      </trkpt>
      <trkpt lat="51.0076" lon="4.31752">
        <ele>9</ele>
      </trkpt>
      <trkpt lat="51.00689" lon="4.31284">
        <ele>10</ele>
      </trkpt>
      <trkpt lat="51.00656" lon="4.31146">
        <ele>10</ele>
      </trkpt>
      <trkpt lat="51.00647" lon="4.31112">
        <ele>11</ele>
      </trkpt>
      <trkpt lat="51.00633" lon="4.31074">
        <ele>10</ele>
      </trkpt>
      <trkpt lat="51.00619" lon="4.31041">
        <ele>10</ele>
      </trkpt>
      <trkpt lat="51.00584" lon="4.30976">
        <ele>11</ele>
      </trkpt>
      <trkpt lat="51.00549" lon="4.30919">
        <ele>11</ele>
      </trkpt>
      <trkpt lat="51.00512" lon="4.30867">
        <ele>11</ele>
      </trkpt>
      <trkpt lat="51.00448" lon="4.30761">
        <ele>11</ele>
      </trkpt>
      <trkpt lat="51.00444" lon="4.3075">
        <ele>11</ele>
      </trkpt>
      <trkpt lat="51.00416" lon="4.3068">
        <ele>11</ele>
      </trkpt>
      <trkpt lat="51.00416" lon="4.30662">
        <ele>11</ele>
      </trkpt>
      <trkpt lat="51.00406" lon="4.30643">
        <ele>11</ele>
      </trkpt>
      <trkpt lat="51.00374" lon="4.30497">
        <ele>11</ele>
      </trkpt>
      <trkpt lat="51.00348" lon="4.30391">
        <ele>10</ele>
      </trkpt>
      <trkpt lat="51.00327" lon="4.30304">
        <ele>10</ele>
      </trkpt>
      <trkpt lat="51.00318" lon="4.30283">
        <ele>10</ele>
      </trkpt>
      <trkpt lat="51.00313" lon="4.30265">
        <ele>10</ele>
      </trkpt>
      <trkpt lat="51.00312" lon="4.30255">
        <ele>10</ele>
      </trkpt>
      <trkpt lat="51.00325" lon="4.30252">
        <ele>10</ele>
      </trkpt>
      <trkpt lat="51.00342" lon="4.30243">
        <ele>10</ele>
      </trkpt>
      <trkpt lat="51.0035" lon="4.30235">
        <ele>10</ele>
      </trkpt>
      <trkpt lat="51.00427" lon="4.30184">
        <ele>9</ele>
      </trkpt>
      <trkpt lat="51.00408" lon="4.30119">
        <ele>9</ele>
      </trkpt>
      <trkpt lat="51.004" lon="4.30081">
        <ele>9</ele>
      </trkpt>
      <trkpt lat="51.00397" lon="4.29993">
        <ele>9</ele>
      </trkpt>
      <trkpt lat="51.004" lon="4.29898">
        <ele>9</ele>
      </trkpt>
      <trkpt lat="51.00398" lon="4.29873">
        <ele>9</ele>
      </trkpt>
      <trkpt lat="51.00394" lon="4.29854">
        <ele>9</ele>
      </trkpt>
      <trkpt lat="51.00333" lon="4.29673">
        <ele>10</ele>
      </trkpt>
      <trkpt lat="51.00289" lon="4.29526">
        <ele>11</ele>
      </trkpt>
      <trkpt lat="51.00286" lon="4.29502">
        <ele>11</ele>
      </trkpt>
      <trkpt lat="51.00285" lon="4.29299">
        <ele>11</ele>
      </trkpt>
      <trkpt lat="51.0029" lon="4.29215">
        <ele>11</ele>
      </trkpt>
      <trkpt lat="51.00302" lon="4.29118">
        <ele>11</ele>
      </trkpt>
      <trkpt lat="51.00321" lon="4.29012">
        <ele>11</ele>
      </trkpt>
      <trkpt lat="51.00323" lon="4.2898">
        <ele>11</ele>
      </trkpt>
      <trkpt lat="51.0032" lon="4.28943">
        <ele>11</ele>
      </trkpt>
      <trkpt lat="51.00283" lon="4.28795">
        <ele>10</ele>
      </trkpt>
      <trkpt lat="51.00251" lon="4.28638">
        <ele>11</ele>
      </trkpt>
      <trkpt lat="51.00229" lon="4.28543">
        <ele>11</ele>
      </trkpt>
      <trkpt lat="51.00224" lon="4.28524">
        <ele>11</ele>
      </trkpt>
      <trkpt lat="51.00217" lon="4.28509">
        <ele>11</ele>
      </trkpt>
      <trkpt lat="51.0021" lon="4.28499">
        <ele>11</ele>
      </trkpt>
      <trkpt lat="51.00213" lon="4.28488">
        <ele>11</ele>
      </trkpt>
      <trkpt lat="51.00214" lon="4.28479">
        <ele>11</ele>
      </trkpt>
      <trkpt lat="51.00212" lon="4.28461">
        <ele>11</ele>
      </trkpt>
      <trkpt lat="51.00189" lon="4.2836">
        <ele>11</ele>
      </trkpt>
      <trkpt lat="51.0016" lon="4.28191">
        <ele>10</ele>
      </trkpt>
      <trkpt lat="51.00142" lon="4.28066">
        <ele>9</ele>
      </trkpt>
      <trkpt lat="51.0014" lon="4.28024">
        <ele>9</ele>
      </trkpt>
      <trkpt lat="51.00144" lon="4.27963">
        <ele>10</ele>
      </trkpt>
      <trkpt lat="51.00144" lon="4.27936">
        <ele>10</ele>
      </trkpt>
      <trkpt lat="51.0014" lon="4.2769">
        <ele>9</ele>
      </trkpt>
      <trkpt lat="51.00126" lon="4.27592">
        <ele>9</ele>
      </trkpt>
      <trkpt lat="51.00124" lon="4.27561">
        <ele>9</ele>
      </trkpt>
      <trkpt lat="51.00124" lon="4.27524">
        <ele>9</ele>
      </trkpt>
      <trkpt lat="51.00163" lon="4.27192">
        <ele>9</ele>
      </trkpt>
      <trkpt lat="51.00185" lon="4.27048">
        <ele>9</ele>
      </trkpt>
      <trkpt lat="51.00216" lon="4.26806">
        <ele>9</ele>
      </trkpt>
      <trkpt lat="51.00217" lon="4.26787">
        <ele>9</ele>
      </trkpt>
      <trkpt lat="51.00272" lon="4.26773">
        <ele>8</ele>
      </trkpt>
      <trkpt lat="51.00289" lon="4.26765">
        <ele>8</ele>
      </trkpt>
      <trkpt lat="51.00316" lon="4.26744">
        <ele>8</ele>
      </trkpt>
      <trkpt lat="51.00332" lon="4.26727">
        <ele>7</ele>
      </trkpt>
      <trkpt lat="51.00352" lon="4.26698">
        <ele>8</ele>
      </trkpt>
      <trkpt lat="51.00413" lon="4.2659">
        <ele>7</ele>
      </trkpt>
      <trkpt lat="51.00425" lon="4.26574">
        <ele>8</ele>
      </trkpt>
      <trkpt lat="51.00568" lon="4.26426">
        <ele>8</ele>
      </trkpt>
      <trkpt lat="51.006" lon="4.26398">
        <ele>8</ele>
      </trkpt>
      <trkpt lat="51.00655" lon="4.26363">
        <ele>8</ele>
      </trkpt>
      <trkpt lat="51.00686" lon="4.26331">
        <ele>9</ele>
      </trkpt>
      <trkpt lat="51.00698" lon="4.26313">
        <ele>9</ele>
      </trkpt>
      <trkpt lat="51.0071" lon="4.26289">
        <ele>9</ele>
      </trkpt>
      <trkpt lat="51.0072" lon="4.26265">
        <ele>10</ele>
      </trkpt>
      <trkpt lat="51.00744" lon="4.26186">
        <ele>11</ele>
      </trkpt>
      <trkpt lat="51.00753" lon="4.26146">
        <ele>11</ele>
      </trkpt>
      <trkpt lat="51.00758" lon="4.2607">
        <ele>12</ele>
      </trkpt>
      <trkpt lat="51.00751" lon="4.25978">
        <ele>13</ele>
      </trkpt>
      <trkpt lat="51.00752" lon="4.2591">
        <ele>13</ele>
      </trkpt>
      <trkpt lat="51.00768" lon="4.2583">
        <ele>14</ele>
      </trkpt>
      <trkpt lat="51.00803" lon="4.25756">
        <ele>15</ele>
      </trkpt>
      <trkpt lat="51.00853" lon="4.25663">
        <ele>15</ele>
      </trkpt>
      <trkpt lat="51.00899" lon="4.25554">
        <ele>15</ele>
      </trkpt>
      <trkpt lat="51.00928" lon="4.25479">
        <ele>16</ele>
      </trkpt>
      <trkpt lat="51.00962" lon="4.25397">
        <ele>16</ele>
      </trkpt>
      <trkpt lat="51.00952" lon="4.25348">
        <ele>16</ele>
      </trkpt>
      <trkpt lat="51.00953" lon="4.25327">
        <ele>17</ele>
      </trkpt>
      <trkpt lat="51.01081" lon="4.24308">
        <ele>19</ele>
      </trkpt>
      <trkpt lat="51.01122" lon="4.23958">
        <ele>17</ele>
      </trkpt>
      <trkpt lat="51.01156" lon="4.23687">
        <ele>15</ele>
      </trkpt>
      <trkpt lat="51.0118" lon="4.23566">
        <ele>14</ele>
      </trkpt>
      <trkpt lat="51.01282" lon="4.23093">
        <ele>11</ele>
      </trkpt>
      <trkpt lat="51.01309" lon="4.22978">
        <ele>10</ele>
      </trkpt>
      <trkpt lat="51.0137" lon="4.2277">
        <ele>10</ele>
      </trkpt>
      <trkpt lat="51.0136" lon="4.2276">
        <ele>9</ele>
      </trkpt>
      <trkpt lat="51.01432" lon="4.22451">
        <ele>9</ele>
      </trkpt>
      <trkpt lat="51.01452" lon="4.22348">
        <ele>8</ele>
      </trkpt>
      <trkpt lat="51.01454" lon="4.22348">
        <ele>9</ele>
      </trkpt>
      <trkpt lat="51.01457" lon="4.22279">
        <ele>8</ele>
      </trkpt>
      <trkpt lat="51.01462" lon="4.22185">
        <ele>8</ele>
      </trkpt>
      <trkpt lat="51.01476" lon="4.21975">
        <ele>8</ele>
      </trkpt>
      <trkpt lat="51.0148" lon="4.21887">
        <ele>6</ele>
      </trkpt>
      <trkpt lat="51.01493" lon="4.21746">
        <ele>8</ele>
      </trkpt>
      <trkpt lat="51.01564" lon="4.20801">
        <ele>8</ele>
      </trkpt>
      <trkpt lat="51.01564" lon="4.20791">
        <ele>8</ele>
      </trkpt>
      <trkpt lat="51.01567" lon="4.20744">
        <ele>7</ele>
      </trkpt>
      <trkpt lat="51.01574" lon="4.20669">
        <ele>7</ele>
      </trkpt>
      <trkpt lat="51.01607" lon="4.20263">
        <ele>8</ele>
      </trkpt>
      <trkpt lat="51.01609" lon="4.20194">
        <ele>8</ele>
      </trkpt>
      <trkpt lat="51.01607" lon="4.20176">
        <ele>8</ele>
      </trkpt>
      <trkpt lat="51.01608" lon="4.20135">
        <ele>7</ele>
      </trkpt>
      <trkpt lat="51.01627" lon="4.19884">
        <ele>8</ele>
      </trkpt>
      <trkpt lat="51.01626" lon="4.19873">
        <ele>8</ele>
      </trkpt>
      <trkpt lat="51.0162" lon="4.19853">
        <ele>8</ele>
      </trkpt>
      <trkpt lat="51.01618" lon="4.19843">
        <ele>8</ele>
      </trkpt>
      <trkpt lat="51.01617" lon="4.19799">
        <ele>8</ele>
      </trkpt>
      <trkpt lat="51.01598" lon="4.19666">
        <ele>8</ele>
      </trkpt>
      <trkpt lat="51.016" lon="4.19641">
        <ele>8</ele>
      </trkpt>
      <trkpt lat="51.0166" lon="4.19463">
        <ele>8</ele>
      </trkpt>
      <trkpt lat="51.01671" lon="4.19301">
        <ele>7</ele>
      </trkpt>
      <trkpt lat="51.01677" lon="4.19257">
        <ele>8</ele>
      </trkpt>
      <trkpt lat="51.01685" lon="4.19141">
        <ele>8</ele>
      </trkpt>
      <trkpt lat="51.01685" lon="4.19119">
        <ele>8</ele>
      </trkpt>
      <trkpt lat="51.01714" lon="4.18688">
        <ele>7</ele>
      </trkpt>
      <trkpt lat="51.01737" lon="4.18343">
        <ele>7</ele>
      </trkpt>
      <trkpt lat="51.01737" lon="4.18315">
        <ele>7</ele>
      </trkpt>
      <trkpt lat="51.01727" lon="4.18282">
        <ele>7</ele>
      </trkpt>
      <trkpt lat="51.01725" lon="4.18263">
        <ele>7</ele>
      </trkpt>
      <trkpt lat="51.01727" lon="4.18238">
        <ele>7</ele>
      </trkpt>
      <trkpt lat="51.01728" lon="4.1822">
        <ele>7</ele>
      </trkpt>
      <trkpt lat="51.01727" lon="4.18204">
        <ele>7</ele>
      </trkpt>
      <trkpt lat="51.01722" lon="4.18185">
        <ele>7</ele>
      </trkpt>
      <trkpt lat="51.01669" lon="4.18063">
        <ele>6</ele>
      </trkpt>
      <trkpt lat="51.01661" lon="4.18025">
        <ele>6</ele>
      </trkpt>
      <trkpt lat="51.01639" lon="4.17795">
        <ele>6</ele>
      </trkpt>
      <trkpt lat="51.0165" lon="4.17788">
        <ele>6</ele>
      </trkpt>
      <trkpt lat="51.01726" lon="4.17735">
        <ele>6</ele>
      </trkpt>
      <trkpt lat="51.01763" lon="4.17706">
        <ele>6</ele>
      </trkpt>
      <trkpt lat="51.01781" lon="4.17689">
        <ele>7</ele>
      </trkpt>
      <trkpt lat="51.01782" lon="4.1767">
        <ele>7</ele>
      </trkpt>
      <trkpt lat="51.0184" lon="4.16631">
        <ele>5</ele>
      </trkpt>
      <trkpt lat="51.01884" lon="4.15903">
        <ele>5</ele>
      </trkpt>
      <trkpt lat="51.01895" lon="4.15759">
        <ele>4</ele>
      </trkpt>
      <trkpt lat="51.01912" lon="4.15588">
        <ele>5</ele>
      </trkpt>
      <trkpt lat="51.01922" lon="4.15468">
        <ele>5</ele>
      </trkpt>
      <trkpt lat="51.01927" lon="4.15409">
        <ele>5</ele>
      </trkpt>
      <trkpt lat="51.01936" lon="4.1529">
        <ele>5</ele>
      </trkpt>
      <trkpt lat="51.0194" lon="4.15265">
        <ele>5</ele>
      </trkpt>
      <trkpt lat="51.01923" lon="4.15232">
        <ele>4</ele>
      </trkpt>
      <trkpt lat="51.01759" lon="4.14932">
        <ele>4</ele>
      </trkpt>
      <trkpt lat="51.01673" lon="4.14802">
        <ele>4</ele>
      </trkpt>
      <trkpt lat="51.0166" lon="4.14782">
        <ele>4</ele>
      </trkpt>
      <trkpt lat="51.01563" lon="4.14605">
        <ele>5</ele>
      </trkpt>
      <trkpt lat="51.01515" lon="4.14536">
        <ele>5</ele>
      </trkpt>
      <trkpt lat="51.01544" lon="4.14437">
        <ele>5</ele>
      </trkpt>
      <trkpt lat="51.01667" lon="4.14005">
        <ele>3</ele>
      </trkpt>
      <trkpt lat="51.01686" lon="4.13948">
        <ele>3</ele>
      </trkpt>
      <trkpt lat="51.01706" lon="4.13898">
        <ele>3</ele>
      </trkpt>
      <trkpt lat="51.01741" lon="4.13835">
        <ele>3</ele>
      </trkpt>
      <trkpt lat="51.01773" lon="4.1378">
        <ele>4</ele>
      </trkpt>
      <trkpt lat="51.01835" lon="4.13643">
        <ele>4</ele>
      </trkpt>
      <trkpt lat="51.01849" lon="4.13604">
        <ele>4</ele>
      </trkpt>
      <trkpt lat="51.0189" lon="4.13463">
        <ele>3</ele>
      </trkpt>
      <trkpt lat="51.01918" lon="4.13385">
        <ele>3</ele>
      </trkpt>
      <trkpt lat="51.01969" lon="4.1327">
        <ele>3</ele>
      </trkpt>
      <trkpt lat="51.02021" lon="4.13164">
        <ele>3</ele>
      </trkpt>
      <trkpt lat="51.02088" lon="4.13042">
        <ele>2</ele>
      </trkpt>
      <trkpt lat="51.02126" lon="4.12967">
        <ele>2</ele>
      </trkpt>
      <trkpt lat="51.02165" lon="4.13">
        <ele>3</ele>
      </trkpt>
      <trkpt lat="51.02178" lon="4.13016">
        <ele>3</ele>
      </trkpt>
      <trkpt lat="51.02191" lon="4.13038">
        <ele>2</ele>
      </trkpt>
      <trkpt lat="51.02198" lon="4.13073">
        <ele>2</ele>
      </trkpt>
      <trkpt lat="51.02209" lon="4.13178">
        <ele>2</ele>
      </trkpt>
      <trkpt lat="51.02249" lon="4.1339">
        <ele>2</ele>
      </trkpt>
      <trkpt lat="51.02275" lon="4.13483">
        <ele>2</ele>
      </trkpt>
      <trkpt lat="51.02282" lon="4.13486">
        <ele>2</ele>
      </trkpt>
      <trkpt lat="51.0232" lon="4.13446">
        <ele>2</ele>
      </trkpt>
      <trkpt lat="51.02358" lon="4.13405">
        <ele>2</ele>
      </trkpt>
      <trkpt lat="51.02427" lon="4.13348">
        <ele>3</ele>
      </trkpt>
      <trkpt lat="51.02457" lon="4.13312">
        <ele>2</ele>
      </trkpt>
      <trkpt lat="51.02477" lon="4.13283">
        <ele>2</ele>
      </trkpt>
      <trkpt lat="51.02498" lon="4.1326">
        <ele>2</ele>
      </trkpt>
      <trkpt lat="51.02512" lon="4.13252">
        <ele>2</ele>
      </trkpt>
      <trkpt lat="51.02533" lon="4.13248">
        <ele>2</ele>
      </trkpt>
      <trkpt lat="51.02553" lon="4.13236">
        <ele>2</ele>
      </trkpt>
      <trkpt lat="51.02582" lon="4.13211">
        <ele>2</ele>
      </trkpt>
      <trkpt lat="51.02584" lon="4.13204">
        <ele>2</ele>
      </trkpt>
      <trkpt lat="51.02586" lon="4.13195">
        <ele>2</ele>
      </trkpt>
      <trkpt lat="51.02582" lon="4.13177">
        <ele>2</ele>
      </trkpt>
      <trkpt lat="51.02558" lon="4.13093">
        <ele>2</ele>
      </trkpt>
      <trkpt lat="51.02556" lon="4.13076">
        <ele>2</ele>
      </trkpt>
      <trkpt lat="51.02558" lon="4.13063">
        <ele>2</ele>
      </trkpt>
      <trkpt lat="51.02563" lon="4.13049">
        <ele>2</ele>
      </trkpt>
      <trkpt lat="51.02602" lon="4.12994">
        <ele>2</ele>
      </trkpt>
      <trkpt lat="51.02614" lon="4.12887">
        <ele>2</ele>
      </trkpt>
      <trkpt lat="51.02623" lon="4.12851">
        <ele>2</ele>
      </trkpt>
      <trkpt lat="51.02679" lon="4.12668">
        <ele>2</ele>
      </trkpt>
      <trkpt lat="51.02683" lon="4.12648">
        <ele>2</ele>
      </trkpt>
      <trkpt lat="51.02682" lon="4.12541">
        <ele>2</ele>
      </trkpt>
      <trkpt lat="51.02684" lon="4.12522">
        <ele>2</ele>
      </trkpt>
      <trkpt lat="51.02733" lon="4.12396">
        <ele>2</ele>
      </trkpt>
      <trkpt lat="51.02751" lon="4.12362">
        <ele>2</ele>
      </trkpt>
      <trkpt lat="51.02773" lon="4.12331">
        <ele>2</ele>
      </trkpt>
      <trkpt lat="51.02804" lon="4.123">
        <ele>2</ele>
      </trkpt>
      <trkpt lat="51.02833" lon="4.12277">
        <ele>2</ele>
      </trkpt>
      <trkpt lat="51.02853" lon="4.12265">
        <ele>2</ele>
      </trkpt>
      <trkpt lat="51.02859" lon="4.12257">
        <ele>2</ele>
      </trkpt>
      <trkpt lat="51.02902" lon="4.12233">
        <ele>2</ele>
      </trkpt>
      <trkpt lat="51.02914" lon="4.12223">
        <ele>2</ele>
      </trkpt>
      <trkpt lat="51.02926" lon="4.12208">
        <ele>2</ele>
      </trkpt>
      <trkpt lat="51.02943" lon="4.12167">
        <ele>2</ele>
      </trkpt>
      <trkpt lat="51.02958" lon="4.12142">
        <ele>2</ele>
      </trkpt>
      <trkpt lat="51.02985" lon="4.12112">
        <ele>2</ele>
      </trkpt>
      <trkpt lat="51.03007" lon="4.12093">
        <ele>2</ele>
      </trkpt>
      <trkpt lat="51.03033" lon="4.12067">
        <ele>2</ele>
      </trkpt>
      <trkpt lat="51.03099" lon="4.12028">
        <ele>2</ele>
      </trkpt>
      <trkpt lat="51.03134" lon="4.12016">
        <ele>2</ele>
      </trkpt>
      <trkpt lat="51.03172" lon="4.12012">
        <ele>2</ele>
      </trkpt>
      <trkpt lat="51.03192" lon="4.12015">
        <ele>2</ele>
      </trkpt>
      <trkpt lat="51.03219" lon="4.12023">
        <ele>2</ele>
      </trkpt>
      <trkpt lat="51.033" lon="4.12056">
        <ele>2</ele>
      </trkpt>
      <trkpt lat="51.03365" lon="4.12074">
        <ele>1</ele>
      </trkpt>
      <trkpt lat="51.03513" lon="4.12088">
        <ele>1</ele>
      </trkpt>
      <trkpt lat="51.03543" lon="4.12087">
        <ele>2</ele>
      </trkpt>
      <trkpt lat="51.03562" lon="4.12082">
        <ele>1</ele>
      </trkpt>
      <trkpt lat="51.03593" lon="4.12071">
        <ele>1</ele>
      </trkpt>
      <trkpt lat="51.03637" lon="4.12047">
        <ele>1</ele>
      </trkpt>
      <trkpt lat="51.03617" lon="4.11883">
        <ele>2</ele>
      </trkpt>
      <trkpt lat="51.03603" lon="4.11811">
        <ele>1</ele>
      </trkpt>
      <trkpt lat="51.03693" lon="4.11703">
        <ele>1</ele>
      </trkpt>
      <trkpt lat="51.0371" lon="4.11685">
        <ele>1</ele>
      </trkpt>
      <trkpt lat="51.03729" lon="4.11666">
        <ele>2</ele>
      </trkpt>
      <trkpt lat="51.03735" lon="4.11655">
        <ele>2</ele>
      </trkpt>
      <trkpt lat="51.0375" lon="4.11589">
        <ele>5</ele>
      </trkpt>
      <trkpt lat="51.03751" lon="4.11592">
        <ele>5</ele>
      </trkpt>
      <trkpt lat="51.0377" lon="4.11489">
        <ele>4</ele>
      </trkpt>
      <trkpt lat="51.03769" lon="4.11478">
        <ele>4</ele>
      </trkpt>
      <trkpt lat="51.03762" lon="4.11438">
        <ele>4</ele>
      </trkpt>
      <trkpt lat="51.03742" lon="4.11344">
        <ele>4</ele>
      </trkpt>
      <trkpt lat="51.03711" lon="4.11186">
        <ele>4</ele>
      </trkpt>
      <trkpt lat="51.03694" lon="4.11062">
        <ele>4</ele>
      </trkpt>
      <trkpt lat="51.03679" lon="4.10982">
        <ele>5</ele>
      </trkpt>
      <trkpt lat="51.03665" lon="4.10945">
        <ele>5</ele>
      </trkpt>
      <trkpt lat="51.03652" lon="4.10925">
        <ele>5</ele>
      </trkpt>
      <trkpt lat="51.03524" lon="4.10771">
        <ele>5</ele>
      </trkpt>
      <trkpt lat="51.03518" lon="4.10759">
        <ele>5</ele>
      </trkpt>
      <trkpt lat="51.03461" lon="4.10654">
        <ele>4</ele>
      </trkpt>
      <trkpt lat="51.03417" lon="4.10636">
        <ele>4</ele>
      </trkpt>
      <trkpt lat="51.03414" lon="4.10628">
        <ele>5</ele>
      </trkpt>
      <trkpt lat="51.03395" lon="4.10561">
        <ele>4</ele>
      </trkpt>
      <trkpt lat="51.03386" lon="4.10509">
        <ele>4</ele>
      </trkpt>
      <trkpt lat="51.03379" lon="4.1047">
        <ele>5</ele>
      </trkpt>
      <trkpt lat="51.03374" lon="4.1045">
        <ele>5</ele>
      </trkpt>
      <trkpt lat="51.03369" lon="4.10409">
        <ele>4</ele>
      </trkpt>
      <trkpt lat="51.03361" lon="4.10348">
        <ele>3</ele>
      </trkpt>
      <trkpt lat="51.03359" lon="4.10311">
        <ele>3</ele>
      </trkpt>
      <trkpt lat="51.0336" lon="4.10243">
        <ele>3</ele>
      </trkpt>
      <trkpt lat="51.03368" lon="4.10181">
        <ele>4</ele>
      </trkpt>
      <trkpt lat="51.03355" lon="4.10182">
        <ele>4</ele>
      </trkpt>
      <trkpt lat="51.03348" lon="4.10175">
        <ele>3</ele>
      </trkpt>
      <trkpt lat="51.03351" lon="4.10169">
        <ele>3</ele>
      </trkpt>
      <trkpt lat="51.03357" lon="4.1014">
        <ele>3</ele>
      </trkpt>
      <trkpt lat="51.03369" lon="4.10079">
        <ele>3</ele>
      </trkpt>
      <trkpt lat="51.03374" lon="4.10065">
        <ele>4</ele>
      </trkpt>
      <trkpt lat="51.03387" lon="4.10049">
        <ele>3</ele>
      </trkpt>
      <trkpt lat="51.03399" lon="4.10026">
        <ele>4</ele>
      </trkpt>
      <trkpt lat="51.03416" lon="4.09966">
        <ele>3</ele>
      </trkpt>
      <trkpt lat="51.03433" lon="4.09906">
        <ele>2</ele>
      </trkpt>
      <trkpt lat="51.03438" lon="4.09911">
        <ele>2</ele>
      </trkpt>
      <trkpt lat="51.03444" lon="4.09911">
        <ele>2</ele>
      </trkpt>
      <trkpt lat="51.03489" lon="4.09864">
        <ele>2</ele>
      </trkpt>
      <trkpt lat="51.03587" lon="4.09759">
        <ele>2</ele>
      </trkpt>
      <trkpt lat="51.03619" lon="4.09715">
        <ele>2</ele>
      </trkpt>
      <trkpt lat="51.03648" lon="4.09671">
        <ele>1</ele>
      </trkpt>
      <trkpt lat="51.03719" lon="4.09534">
        <ele>0</ele>
      </trkpt>
      <trkpt lat="51.03818" lon="4.09345">
        <ele>0</ele>
      </trkpt>
      <trkpt lat="51.03845" lon="4.09309">
        <ele>0</ele>
      </trkpt>
      <trkpt lat="51.03875" lon="4.09282">
        <ele>0</ele>
      </trkpt>
      <trkpt lat="51.03915" lon="4.09261">
        <ele>0</ele>
      </trkpt>
      <trkpt lat="51.03943" lon="4.09256">
        <ele>0</ele>
      </trkpt>
      <trkpt lat="51.04055" lon="4.09247">
        <ele>0</ele>
      </trkpt>
      <trkpt lat="51.041" lon="4.09235">
        <ele>0</ele>
      </trkpt>
      <trkpt lat="51.0414" lon="4.09203">
        <ele>0</ele>
      </trkpt>
      <trkpt lat="51.04167" lon="4.09166">
        <ele>0</ele>
      </trkpt>
      <trkpt lat="51.04188" lon="4.09116">
        <ele>0</ele>
      </trkpt>
      <trkpt lat="51.04211" lon="4.09091">
        <ele>0</ele>
      </trkpt>
      <trkpt lat="51.04233" lon="4.09077">
        <ele>0</ele>
      </trkpt>
      <trkpt lat="51.04241" lon="4.09076">
        <ele>0</ele>
      </trkpt>
      <trkpt lat="51.04311" lon="4.09072">
        <ele>0</ele>
      </trkpt>
      <trkpt lat="51.04331" lon="4.09067">
        <ele>0</ele>
      </trkpt>
      <trkpt lat="51.04349" lon="4.09059">
        <ele>0</ele>
      </trkpt>
      <trkpt lat="51.04359" lon="4.09051">
        <ele>2</ele>
      </trkpt>
      <trkpt lat="51.04383" lon="4.09022">
        <ele>3</ele>
      </trkpt>
      <trkpt lat="51.04402" lon="4.08987">
        <ele>2</ele>
      </trkpt>
      <trkpt lat="51.04414" lon="4.08957">
        <ele>3</ele>
      </trkpt>
      <trkpt lat="51.04419" lon="4.08934">
        <ele>4</ele>
      </trkpt>
      <trkpt lat="51.04424" lon="4.08895">
        <ele>4</ele>
      </trkpt>
      <trkpt lat="51.04423" lon="4.08861">
        <ele>4</ele>
      </trkpt>
      <trkpt lat="51.04421" lon="4.08851">
        <ele>5</ele>
      </trkpt>
      <trkpt lat="51.04374" lon="4.08683">
        <ele>4</ele>
      </trkpt>
      <trkpt lat="51.04324" lon="4.08517">
        <ele>4</ele>
      </trkpt>
      <trkpt lat="51.04283" lon="4.08374">
        <ele>4</ele>
      </trkpt>
      <trkpt lat="51.0426" lon="4.083">
        <ele>4</ele>
      </trkpt>
      <trkpt lat="51.04178" lon="4.08079">
        <ele>4</ele>
      </trkpt>
      <trkpt lat="51.04151" lon="4.08024">
        <ele>4</ele>
      </trkpt>
      <trkpt lat="51.04121" lon="4.07973">
        <ele>4</ele>
      </trkpt>
      <trkpt lat="51.04091" lon="4.07933">
        <ele>4</ele>
      </trkpt>
      <trkpt lat="51.04056" lon="4.07894">
        <ele>4</ele>
      </trkpt>
      <trkpt lat="51.04015" lon="4.0786">
        <ele>4</ele>
      </trkpt>
      <trkpt lat="51.03972" lon="4.07833">
        <ele>4</ele>
      </trkpt>
      <trkpt lat="51.03941" lon="4.07818">
        <ele>4</ele>
      </trkpt>
      <trkpt lat="51.03852" lon="4.07793">
        <ele>4</ele>
      </trkpt>
      <trkpt lat="51.03726" lon="4.07776">
        <ele>4</ele>
      </trkpt>
      <trkpt lat="51.03284" lon="4.07751">
        <ele>4</ele>
      </trkpt>
      <trkpt lat="51.03178" lon="4.07764">
        <ele>2</ele>
      </trkpt>
      <trkpt lat="51.03178" lon="4.07804">
        <ele>2</ele>
      </trkpt>
      <trkpt lat="51.03177" lon="4.07894">
        <ele>2</ele>
      </trkpt>
      <trkpt lat="51.0318" lon="4.08033">
        <ele>2</ele>
      </trkpt>
      <trkpt lat="51.03178" lon="4.08072">
        <ele>2</ele>
      </trkpt>
      <trkpt lat="51.03162" lon="4.08">
        <ele>2</ele>
      </trkpt>
      <trkpt lat="51.0315" lon="4.07926">
        <ele>4</ele>
      </trkpt>
      <trkpt lat="51.03131" lon="4.07767">
        <ele>6</ele>
      </trkpt>
      <trkpt lat="51.03086" lon="4.07389">
        <ele>3</ele>
      </trkpt>
      <trkpt lat="51.03086" lon="4.07382">
        <ele>3</ele>
      </trkpt>
      <trkpt lat="51.03084" lon="4.07333">
        <ele>2</ele>
      </trkpt>
      <trkpt lat="51.03097" lon="4.07331">
        <ele>2</ele>
      </trkpt>
      <trkpt lat="51.03105" lon="4.0733">
        <ele>2</ele>
      </trkpt>
      <trkpt lat="51.03117" lon="4.07419">
        <ele>2</ele>
      </trkpt>
      <trkpt lat="51.03129" lon="4.07493">
        <ele>2</ele>
      </trkpt>
      <trkpt lat="51.03151" lon="4.07629">
        <ele>2</ele>
      </trkpt>
      <trkpt lat="51.03152" lon="4.07643">
        <ele>3</ele>
      </trkpt>
      <trkpt lat="51.03259" lon="4.07656">
        <ele>4</ele>
      </trkpt>
      <trkpt lat="51.03509" lon="4.07669">
        <ele>4</ele>
      </trkpt>
      <trkpt lat="51.03883" lon="4.0769">
        <ele>4</ele>
      </trkpt>
      <trkpt lat="51.03958" lon="4.077">
        <ele>4</ele>
      </trkpt>
      <trkpt lat="51.04003" lon="4.07717">
        <ele>4</ele>
      </trkpt>
      <trkpt lat="51.04051" lon="4.07742">
        <ele>4</ele>
      </trkpt>
      <trkpt lat="51.04099" lon="4.07777">
        <ele>4</ele>
      </trkpt>
      <trkpt lat="51.0413" lon="4.07806">
        <ele>4</ele>
      </trkpt>
      <trkpt lat="51.04175" lon="4.07858">
        <ele>4</ele>
      </trkpt>
      <trkpt lat="51.04194" lon="4.07886">
        <ele>4</ele>
      </trkpt>
      <trkpt lat="51.04228" lon="4.0794">
        <ele>4</ele>
      </trkpt>
      <trkpt lat="51.04259" lon="4.08002">
        <ele>4</ele>
      </trkpt>
      <trkpt lat="51.04283" lon="4.08061">
        <ele>3</ele>
      </trkpt>
      <trkpt lat="51.04306" lon="4.0813">
        <ele>3</ele>
      </trkpt>
      <trkpt lat="51.04362" lon="4.08315">
        <ele>4</ele>
      </trkpt>
      <trkpt lat="51.04401" lon="4.08409">
        <ele>5</ele>
      </trkpt>
      <trkpt lat="51.04517" lon="4.08807">
        <ele>4</ele>
      </trkpt>
      <trkpt lat="51.0452" lon="4.08811">
        <ele>4</ele>
      </trkpt>
      <trkpt lat="51.04529" lon="4.08814">
        <ele>5</ele>
      </trkpt>
      <trkpt lat="51.04537" lon="4.0881">
        <ele>4</ele>
      </trkpt>
      <trkpt lat="51.04553" lon="4.08795">
        <ele>4</ele>
      </trkpt>
      <trkpt lat="51.04601" lon="4.08733">
        <ele>4</ele>
      </trkpt>
      <trkpt lat="51.04639" lon="4.0869">
        <ele>4</ele>
      </trkpt>
      <trkpt lat="51.04671" lon="4.08653">
        <ele>4</ele>
      </trkpt>
      <trkpt lat="51.04734" lon="4.08554">
        <ele>3</ele>
      </trkpt>
      <trkpt lat="51.0475" lon="4.08539">
        <ele>3</ele>
      </trkpt>
      <trkpt lat="51.0477" lon="4.0852">
        <ele>4</ele>
      </trkpt>
      <trkpt lat="51.0478" lon="4.08507">
        <ele>4</ele>
      </trkpt>
      <trkpt lat="51.04801" lon="4.08479">
        <ele>5</ele>
      </trkpt>
      <trkpt lat="51.04811" lon="4.08459">
        <ele>4</ele>
      </trkpt>
      <trkpt lat="51.04823" lon="4.08427">
        <ele>4</ele>
      </trkpt>
      <trkpt lat="51.04831" lon="4.08401">
        <ele>4</ele>
      </trkpt>
      <trkpt lat="51.04833" lon="4.08386">
        <ele>4</ele>
      </trkpt>
      <trkpt lat="51.04833" lon="4.08369">
        <ele>4</ele>
      </trkpt>
      <trkpt lat="51.04813" lon="4.08179">
        <ele>1</ele>
      </trkpt>
      <trkpt lat="51.04806" lon="4.08097">
        <ele>0</ele>
      </trkpt>
      <trkpt lat="51.04805" lon="4.08012">
        <ele>0</ele>
      </trkpt>
      <trkpt lat="51.04806" lon="4.07966">
        <ele>0</ele>
      </trkpt>
      <trkpt lat="51.04811" lon="4.07887">
        <ele>0</ele>
      </trkpt>
      <trkpt lat="51.04821" lon="4.07791">
        <ele>0</ele>
      </trkpt>
      <trkpt lat="51.04829" lon="4.07732">
        <ele>0</ele>
      </trkpt>
      <trkpt lat="51.04847" lon="4.07654">
        <ele>0</ele>
      </trkpt>
      <trkpt lat="51.04857" lon="4.07456">
        <ele>0</ele>
      </trkpt>
      <trkpt lat="51.04859" lon="4.07376">
        <ele>0</ele>
      </trkpt>
      <trkpt lat="51.04857" lon="4.07299">
        <ele>0</ele>
      </trkpt>
      <trkpt lat="51.04852" lon="4.07281">
        <ele>0</ele>
      </trkpt>
      <trkpt lat="51.04845" lon="4.07266">
        <ele>0</ele>
      </trkpt>
      <trkpt lat="51.0483" lon="4.07251">
        <ele>0</ele>
      </trkpt>
      <trkpt lat="51.04806" lon="4.07243">
        <ele>0</ele>
      </trkpt>
      <trkpt lat="51.04798" lon="4.07234">
        <ele>0</ele>
      </trkpt>
      <trkpt lat="51.04791" lon="4.07206">
        <ele>0</ele>
      </trkpt>
      <trkpt lat="51.04787" lon="4.07127">
        <ele>0</ele>
      </trkpt>
      <trkpt lat="51.04787" lon="4.07089">
        <ele>1</ele>
      </trkpt>
      <trkpt lat="51.04788" lon="4.0702">
        <ele>4</ele>
      </trkpt>
      <trkpt lat="51.04785" lon="4.06927">
        <ele>4</ele>
      </trkpt>
      <trkpt lat="51.04787" lon="4.06886">
        <ele>3</ele>
      </trkpt>
      <trkpt lat="51.04795" lon="4.06824">
        <ele>3</ele>
      </trkpt>
      <trkpt lat="51.04801" lon="4.06805">
        <ele>3</ele>
      </trkpt>
      <trkpt lat="51.0484" lon="4.06698">
        <ele>4</ele>
      </trkpt>
      <trkpt lat="51.04884" lon="4.06601">
        <ele>3</ele>
      </trkpt>
      <trkpt lat="51.04898" lon="4.06567">
        <ele>3</ele>
      </trkpt>
      <trkpt lat="51.04905" lon="4.06542">
        <ele>4</ele>
      </trkpt>
      <trkpt lat="51.04909" lon="4.06496">
        <ele>3</ele>
      </trkpt>
      <trkpt lat="51.04908" lon="4.06454">
        <ele>4</ele>
      </trkpt>
      <trkpt lat="51.04897" lon="4.06343">
        <ele>4</ele>
      </trkpt>
      <trkpt lat="51.04872" lon="4.06168">
        <ele>3</ele>
      </trkpt>
      <trkpt lat="51.0483" lon="4.06004">
        <ele>4</ele>
      </trkpt>
      <trkpt lat="51.04815" lon="4.05911">
        <ele>5</ele>
      </trkpt>
      <trkpt lat="51.04793" lon="4.05825">
        <ele>4</ele>
      </trkpt>
      <trkpt lat="51.04783" lon="4.05809">
        <ele>5</ele>
      </trkpt>
      <trkpt lat="51.04773" lon="4.058">
        <ele>4</ele>
      </trkpt>
      <trkpt lat="51.04752" lon="4.05782">
        <ele>2</ele>
      </trkpt>
      <trkpt lat="51.04743" lon="4.05769">
        <ele>1</ele>
      </trkpt>
      <trkpt lat="51.04737" lon="4.05755">
        <ele>1</ele>
      </trkpt>
      <trkpt lat="51.04734" lon="4.05743">
        <ele>1</ele>
      </trkpt>
      <trkpt lat="51.04733" lon="4.05724">
        <ele>2</ele>
      </trkpt>
      <trkpt lat="51.04737" lon="4.05683">
        <ele>2</ele>
      </trkpt>
      <trkpt lat="51.04734" lon="4.0567">
        <ele>1</ele>
      </trkpt>
      <trkpt lat="51.04711" lon="4.05607">
        <ele>1</ele>
      </trkpt>
      <trkpt lat="51.04703" lon="4.05592">
        <ele>1</ele>
      </trkpt>
      <trkpt lat="51.04693" lon="4.05577">
        <ele>1</ele>
      </trkpt>
      <trkpt lat="51.0458" lon="4.05427">
        <ele>1</ele>
      </trkpt>
      <trkpt lat="51.04518" lon="4.05337">
        <ele>1</ele>
      </trkpt>
      <trkpt lat="51.04476" lon="4.05269">
        <ele>1</ele>
      </trkpt>
      <trkpt lat="51.04443" lon="4.05206">
        <ele>1</ele>
      </trkpt>
      <trkpt lat="51.04422" lon="4.05165">
        <ele>1</ele>
      </trkpt>
      <trkpt lat="51.04393" lon="4.05115">
        <ele>2</ele>
      </trkpt>
      <trkpt lat="51.04347" lon="4.05044">
        <ele>1</ele>
      </trkpt>
      <trkpt lat="51.04234" lon="4.04885">
        <ele>1</ele>
      </trkpt>
      <trkpt lat="51.04225" lon="4.04875">
        <ele>1</ele>
      </trkpt>
      <trkpt lat="51.04194" lon="4.0486">
        <ele>1</ele>
      </trkpt>
      <trkpt lat="51.04178" lon="4.0485">
        <ele>1</ele>
      </trkpt>
      <trkpt lat="51.04132" lon="4.04812">
        <ele>1</ele>
      </trkpt>
      <trkpt lat="51.04072" lon="4.0474">
        <ele>1</ele>
      </trkpt>
      <trkpt lat="51.04058" lon="4.04727">
        <ele>1</ele>
      </trkpt>
      <trkpt lat="51.03971" lon="4.04665">
        <ele>1</ele>
      </trkpt>
      <trkpt lat="51.03948" lon="4.0465">
        <ele>1</ele>
      </trkpt>
      <trkpt lat="51.03927" lon="4.04641">
        <ele>1</ele>
      </trkpt>
      <trkpt lat="51.03831" lon="4.0461">
        <ele>1</ele>
      </trkpt>
      <trkpt lat="51.03756" lon="4.04582">
        <ele>1</ele>
      </trkpt>
      <trkpt lat="51.03734" lon="4.04571">
        <ele>1</ele>
      </trkpt>
      <trkpt lat="51.0369" lon="4.04536">
        <ele>2</ele>
      </trkpt>
      <trkpt lat="51.03629" lon="4.04474">
        <ele>1</ele>
      </trkpt>
      <trkpt lat="51.03579" lon="4.04409">
        <ele>2</ele>
      </trkpt>
      <trkpt lat="51.03499" lon="4.04278">
        <ele>1</ele>
      </trkpt>
      <trkpt lat="51.03468" lon="4.04233">
        <ele>1</ele>
      </trkpt>
      <trkpt lat="51.03457" lon="4.0422">
        <ele>1</ele>
      </trkpt>
      <trkpt lat="51.03416" lon="4.04186">
        <ele>1</ele>
      </trkpt>
      <trkpt lat="51.03405" lon="4.0418">
        <ele>1</ele>
      </trkpt>
      <trkpt lat="51.03253" lon="4.04182">
        <ele>2</ele>
      </trkpt>
      <trkpt lat="51.03205" lon="4.04185">
        <ele>1</ele>
      </trkpt>
      <trkpt lat="51.03146" lon="4.04201">
        <ele>1</ele>
      </trkpt>
      <trkpt lat="51.0305" lon="4.04214">
        <ele>1</ele>
      </trkpt>
      <trkpt lat="51.02942" lon="4.04219">
        <ele>2</ele>
      </trkpt>
      <trkpt lat="51.02951" lon="4.04129">
        <ele>0</ele>
      </trkpt>
      <trkpt lat="51.02952" lon="4.04084">
        <ele>0</ele>
      </trkpt>
      <trkpt lat="51.02971" lon="4.04059">
        <ele>3</ele>
      </trkpt>
      <trkpt lat="51.02976" lon="4.04053">
        <ele>3</ele>
      </trkpt>
      <trkpt lat="51.02998" lon="4.04054">
        <ele>2</ele>
      </trkpt>
      <trkpt lat="51.03048" lon="4.0404">
        <ele>2</ele>
      </trkpt>
      <trkpt lat="51.0308" lon="4.04027">
        <ele>3</ele>
      </trkpt>
      <trkpt lat="51.03096" lon="4.04019">
        <ele>2</ele>
      </trkpt>
      <trkpt lat="51.03111" lon="4.04003">
        <ele>2</ele>
      </trkpt>
      <trkpt lat="51.03129" lon="4.03985">
        <ele>2</ele>
      </trkpt>
      <trkpt lat="51.03144" lon="4.03964">
        <ele>2</ele>
      </trkpt>
      <trkpt lat="51.03195" lon="4.03905">
        <ele>4</ele>
      </trkpt>
      <trkpt lat="51.03216" lon="4.03874">
        <ele>4</ele>
      </trkpt>
      <trkpt lat="51.03232" lon="4.03836">
        <ele>4</ele>
      </trkpt>
      <trkpt lat="51.03246" lon="4.0379">
        <ele>3</ele>
      </trkpt>
      <trkpt lat="51.03254" lon="4.03756">
        <ele>4</ele>
      </trkpt>
      <trkpt lat="51.03257" lon="4.03727">
        <ele>3</ele>
      </trkpt>
      <trkpt lat="51.03258" lon="4.03528">
        <ele>3</ele>
      </trkpt>
      <trkpt lat="51.03257" lon="4.03492">
        <ele>3</ele>
      </trkpt>
      <trkpt lat="51.03254" lon="4.03444">
        <ele>3</ele>
      </trkpt>
      <trkpt lat="51.03248" lon="4.03406">
        <ele>3</ele>
      </trkpt>
      <trkpt lat="51.03243" lon="4.03381">
        <ele>3</ele>
      </trkpt>
      <trkpt lat="51.03227" lon="4.03389">
        <ele>0</ele>
      </trkpt>
      <trkpt lat="51.03219" lon="4.03389">
        <ele>0</ele>
      </trkpt>
      <trkpt lat="51.0315" lon="4.03321">
        <ele>0</ele>
      </trkpt>
      <trkpt lat="51.03048" lon="4.03251">
        <ele>0</ele>
      </trkpt>
      <trkpt lat="51.03007" lon="4.03216">
        <ele>0</ele>
      </trkpt>
      <trkpt lat="51.02973" lon="4.03177">
        <ele>0</ele>
      </trkpt>
      <trkpt lat="51.02793" lon="4.02941">
        <ele>1</ele>
      </trkpt>
      <trkpt lat="51.02756" lon="4.0288">
        <ele>1</ele>
      </trkpt>
      <trkpt lat="51.02739" lon="4.02831">
        <ele>0</ele>
      </trkpt>
      <trkpt lat="51.02725" lon="4.02774">
        <ele>0</ele>
      </trkpt>
      <trkpt lat="51.02712" lon="4.02735">
        <ele>0</ele>
      </trkpt>
      <trkpt lat="51.0267" lon="4.02635">
        <ele>0</ele>
      </trkpt>
      <trkpt lat="51.02661" lon="4.0262">
        <ele>0</ele>
      </trkpt>
      <trkpt lat="51.02612" lon="4.02567">
        <ele>0</ele>
      </trkpt>
      <trkpt lat="51.02614" lon="4.02561">
        <ele>0</ele>
      </trkpt>
      <trkpt lat="51.02658" lon="4.02427">
        <ele>0</ele>
      </trkpt>
      <trkpt lat="51.02687" lon="4.02321">
        <ele>0</ele>
      </trkpt>
      <trkpt lat="51.02702" lon="4.02279">
        <ele>0</ele>
      </trkpt>
      <trkpt lat="51.02719" lon="4.0224">
        <ele>1</ele>
      </trkpt>
      <trkpt lat="51.02727" lon="4.02222">
        <ele>1</ele>
      </trkpt>
      <trkpt lat="51.02744" lon="4.02199">
        <ele>1</ele>
      </trkpt>
      <trkpt lat="51.02788" lon="4.02148">
        <ele>1</ele>
      </trkpt>
      <trkpt lat="51.02762" lon="4.02095">
        <ele>1</ele>
      </trkpt>
      <trkpt lat="51.02738" lon="4.02042">
        <ele>1</ele>
      </trkpt>
      <trkpt lat="51.02717" lon="4.01987">
        <ele>1</ele>
      </trkpt>
      <trkpt lat="51.02707" lon="4.01951">
        <ele>1</ele>
      </trkpt>
      <trkpt lat="51.02632" lon="4.01658">
        <ele>1</ele>
      </trkpt>
      <trkpt lat="51.02573" lon="4.01358">
        <ele>2</ele>
      </trkpt>
      <trkpt lat="51.02567" lon="4.01317">
        <ele>2</ele>
      </trkpt>
      <trkpt lat="51.02559" lon="4.0118">
        <ele>2</ele>
      </trkpt>
      <trkpt lat="51.02548" lon="4.0104">
        <ele>2</ele>
      </trkpt>
      <trkpt lat="51.02544" lon="4.00954">
        <ele>2</ele>
      </trkpt>
      <trkpt lat="51.02541" lon="4.00692">
        <ele>3</ele>
      </trkpt>
      <trkpt lat="51.02541" lon="4.00658">
        <ele>3</ele>
      </trkpt>
      <trkpt lat="51.02542" lon="4.00647">
        <ele>3</ele>
      </trkpt>
      <trkpt lat="51.02545" lon="4.00642">
        <ele>3</ele>
      </trkpt>
      <trkpt lat="51.02541" lon="4.00561">
        <ele>2</ele>
      </trkpt>
      <trkpt lat="51.02525" lon="4.00428">
        <ele>3</ele>
      </trkpt>
      <trkpt lat="51.02524" lon="4.00399">
        <ele>3</ele>
      </trkpt>
      <trkpt lat="51.02518" lon="4.00373">
        <ele>3</ele>
      </trkpt>
      <trkpt lat="51.02524" lon="4.00354">
        <ele>3</ele>
      </trkpt>
      <trkpt lat="51.02525" lon="4.00336">
        <ele>3</ele>
      </trkpt>
      <trkpt lat="51.02524" lon="4.00243">
        <ele>2</ele>
      </trkpt>
      <trkpt lat="51.02522" lon="4.00224">
        <ele>3</ele>
      </trkpt>
      <trkpt lat="51.02512" lon="4.00145">
        <ele>3</ele>
      </trkpt>
      <trkpt lat="51.02504" lon="4.00106">
        <ele>3</ele>
      </trkpt>
      <trkpt lat="51.02494" lon="4.00076">
        <ele>3</ele>
      </trkpt>
      <trkpt lat="51.02489" lon="4.00069">
        <ele>3</ele>
      </trkpt>
      <trkpt lat="51.02483" lon="4.00056">
        <ele>2</ele>
      </trkpt>
      <trkpt lat="51.02473" lon="4.00034">
        <ele>3</ele>
      </trkpt>
      <trkpt lat="51.02473" lon="4.00026">
        <ele>3</ele>
      </trkpt>
      <trkpt lat="51.02436" lon="3.99934">
        <ele>3</ele>
      </trkpt>
      <trkpt lat="51.02378" lon="3.99797">
        <ele>3</ele>
      </trkpt>
      <trkpt lat="51.02302" lon="3.99605">
        <ele>3</ele>
      </trkpt>
      <trkpt lat="51.02287" lon="3.99555">
        <ele>3</ele>
      </trkpt>
      <trkpt lat="51.02266" lon="3.9945">
        <ele>3</ele>
      </trkpt>
      <trkpt lat="51.02196" lon="3.9911">
        <ele>4</ele>
      </trkpt>
      <trkpt lat="51.02167" lon="3.98947">
        <ele>3</ele>
      </trkpt>
      <trkpt lat="51.0215" lon="3.98871">
        <ele>3</ele>
      </trkpt>
      <trkpt lat="51.0215" lon="3.98858">
        <ele>3</ele>
      </trkpt>
      <trkpt lat="51.02125" lon="3.98818">
        <ele>3</ele>
      </trkpt>
      <trkpt lat="51.02098" lon="3.9878">
        <ele>2</ele>
      </trkpt>
      <trkpt lat="51.02066" lon="3.98743">
        <ele>2</ele>
      </trkpt>
      <trkpt lat="51.02053" lon="3.98731">
        <ele>2</ele>
      </trkpt>
      <trkpt lat="51.02044" lon="3.98716">
        <ele>2</ele>
      </trkpt>
      <trkpt lat="51.02013" lon="3.98659">
        <ele>2</ele>
      </trkpt>
      <trkpt lat="51.01991" lon="3.98632">
        <ele>2</ele>
      </trkpt>
      <trkpt lat="51.01895" lon="3.9853">
        <ele>2</ele>
      </trkpt>
      <trkpt lat="51.01868" lon="3.98487">
        <ele>1</ele>
      </trkpt>
      <trkpt lat="51.01854" lon="3.98457">
        <ele>1</ele>
      </trkpt>
      <trkpt lat="51.0185" lon="3.98432">
        <ele>1</ele>
      </trkpt>
      <trkpt lat="51.01844" lon="3.98392">
        <ele>1</ele>
      </trkpt>
      <trkpt lat="51.01838" lon="3.98371">
        <ele>1</ele>
      </trkpt>
      <trkpt lat="51.01832" lon="3.98358">
        <ele>1</ele>
      </trkpt>
      <trkpt lat="51.01808" lon="3.98314">
        <ele>1</ele>
      </trkpt>
      <trkpt lat="51.01807" lon="3.98287">
        <ele>1</ele>
      </trkpt>
      <trkpt lat="51.0181" lon="3.98268">
        <ele>1</ele>
      </trkpt>
      <trkpt lat="51.01823" lon="3.98218">
        <ele>1</ele>
      </trkpt>
      <trkpt lat="51.0183" lon="3.98198">
        <ele>1</ele>
      </trkpt>
      <trkpt lat="51.01841" lon="3.98179">
        <ele>1</ele>
      </trkpt>
      <trkpt lat="51.01886" lon="3.98116">
        <ele>1</ele>
      </trkpt>
      <trkpt lat="51.01914" lon="3.98084">
        <ele>1</ele>
      </trkpt>
      <trkpt lat="51.01935" lon="3.98069">
        <ele>1</ele>
      </trkpt>
      <trkpt lat="51.02015" lon="3.98025">
        <ele>1</ele>
      </trkpt>
      <trkpt lat="51.0204" lon="3.97999">
        <ele>1</ele>
      </trkpt>
      <trkpt lat="51.02049" lon="3.97993">
        <ele>1</ele>
      </trkpt>
      <trkpt lat="51.02056" lon="3.97993">
        <ele>1</ele>
      </trkpt>
      <trkpt lat="51.02061" lon="3.97996">
        <ele>1</ele>
      </trkpt>
      <trkpt lat="51.02068" lon="3.98005">
        <ele>1</ele>
      </trkpt>
      <trkpt lat="51.02088" lon="3.98052">
        <ele>2</ele>
      </trkpt>
      <trkpt lat="51.02111" lon="3.9809">
        <ele>1</ele>
      </trkpt>
      <trkpt lat="51.02123" lon="3.98104">
        <ele>1</ele>
      </trkpt>
      <trkpt lat="51.02138" lon="3.98116">
        <ele>1</ele>
      </trkpt>
      <trkpt lat="51.02152" lon="3.98123">
        <ele>2</ele>
      </trkpt>
      <trkpt lat="51.02181" lon="3.98132">
        <ele>1</ele>
      </trkpt>
      <trkpt lat="51.02217" lon="3.98128">
        <ele>2</ele>
      </trkpt>
      <trkpt lat="51.02293" lon="3.98108">
        <ele>2</ele>
      </trkpt>
      <trkpt lat="51.02338" lon="3.98116">
        <ele>2</ele>
      </trkpt>
      <trkpt lat="51.02354" lon="3.9811">
        <ele>1</ele>
      </trkpt>
      <trkpt lat="51.02362" lon="3.98103">
        <ele>1</ele>
      </trkpt>
      <trkpt lat="51.02376" lon="3.98081">
        <ele>1</ele>
      </trkpt>
      <trkpt lat="51.02389" lon="3.98036">
        <ele>1</ele>
      </trkpt>
      <trkpt lat="51.02391" lon="3.98013">
        <ele>1</ele>
      </trkpt>
      <trkpt lat="51.02391" lon="3.97955">
        <ele>1</ele>
      </trkpt>
      <trkpt lat="51.0239" lon="3.97941">
        <ele>1</ele>
      </trkpt>
      <trkpt lat="51.02381" lon="3.979">
        <ele>1</ele>
      </trkpt>
      <trkpt lat="51.02324" lon="3.97626">
        <ele>1</ele>
      </trkpt>
      <trkpt lat="51.0232" lon="3.97585">
        <ele>0</ele>
      </trkpt>
      <trkpt lat="51.02317" lon="3.97482">
        <ele>1</ele>
      </trkpt>
      <trkpt lat="51.02314" lon="3.97455">
        <ele>1</ele>
      </trkpt>
      <trkpt lat="51.0231" lon="3.97433">
        <ele>1</ele>
      </trkpt>
      <trkpt lat="51.02241" lon="3.97242">
        <ele>1</ele>
      </trkpt>
      <trkpt lat="51.02171" lon="3.97105">
        <ele>1</ele>
      </trkpt>
      <trkpt lat="51.02166" lon="3.97093">
        <ele>1</ele>
      </trkpt>
      <trkpt lat="51.02163" lon="3.97076">
        <ele>1</ele>
      </trkpt>
      <trkpt lat="51.02158" lon="3.96973">
        <ele>1</ele>
      </trkpt>
      <trkpt lat="51.02151" lon="3.9693">
        <ele>2</ele>
      </trkpt>
      <trkpt lat="51.02137" lon="3.96867">
        <ele>1</ele>
      </trkpt>
      <trkpt lat="51.02137" lon="3.96836">
        <ele>1</ele>
      </trkpt>
      <trkpt lat="51.02142" lon="3.96785">
        <ele>2</ele>
      </trkpt>
      <trkpt lat="51.02146" lon="3.96758">
        <ele>2</ele>
      </trkpt>
      <trkpt lat="51.02154" lon="3.96721">
        <ele>1</ele>
      </trkpt>
      <trkpt lat="51.02177" lon="3.96621">
        <ele>2</ele>
      </trkpt>
      <trkpt lat="51.02184" lon="3.96584">
        <ele>2</ele>
      </trkpt>
      <trkpt lat="51.02187" lon="3.96553">
        <ele>2</ele>
      </trkpt>
      <trkpt lat="51.0219" lon="3.96471">
        <ele>2</ele>
      </trkpt>
      <trkpt lat="51.02179" lon="3.96429">
        <ele>4</ele>
      </trkpt>
      <trkpt lat="51.02176" lon="3.96375">
        <ele>3</ele>
      </trkpt>
      <trkpt lat="51.02167" lon="3.96325">
        <ele>3</ele>
      </trkpt>
      <trkpt lat="51.02156" lon="3.96287">
        <ele>4</ele>
      </trkpt>
      <trkpt lat="51.02149" lon="3.96272">
        <ele>5</ele>
      </trkpt>
      <trkpt lat="51.0211" lon="3.96212">
        <ele>4</ele>
      </trkpt>
      <trkpt lat="51.02071" lon="3.96164">
        <ele>5</ele>
      </trkpt>
      <trkpt lat="51.02061" lon="3.96144">
        <ele>4</ele>
      </trkpt>
      <trkpt lat="51.02058" lon="3.96142">
        <ele>4</ele>
      </trkpt>
      <trkpt lat="51.02029" lon="3.96112">
        <ele>4</ele>
      </trkpt>
      <trkpt lat="51.01995" lon="3.96089">
        <ele>4</ele>
      </trkpt>
      <trkpt lat="51.0197" lon="3.96075">
        <ele>4</ele>
      </trkpt>
      <trkpt lat="51.01927" lon="3.96059">
        <ele>5</ele>
      </trkpt>
      <trkpt lat="51.01892" lon="3.96049">
        <ele>5</ele>
      </trkpt>
      <trkpt lat="51.01796" lon="3.96029">
        <ele>5</ele>
      </trkpt>
      <trkpt lat="51.01761" lon="3.96025">
        <ele>5</ele>
      </trkpt>
      <trkpt lat="51.01705" lon="3.96023">
        <ele>5</ele>
      </trkpt>
      <trkpt lat="51.01679" lon="3.96033">
        <ele>3</ele>
      </trkpt>
      <trkpt lat="51.01602" lon="3.96021">
        <ele>5</ele>
      </trkpt>
      <trkpt lat="51.01492" lon="3.96015">
        <ele>5</ele>
      </trkpt>
      <trkpt lat="51.01447" lon="3.96003">
        <ele>5</ele>
      </trkpt>
      <trkpt lat="51.01427" lon="3.95993">
        <ele>5</ele>
      </trkpt>
      <trkpt lat="51.01391" lon="3.95968">
        <ele>4</ele>
      </trkpt>
      <trkpt lat="51.01332" lon="3.95914">
        <ele>3</ele>
      </trkpt>
      <trkpt lat="51.01297" lon="3.95866">
        <ele>3</ele>
      </trkpt>
      <trkpt lat="51.01273" lon="3.95829">
        <ele>4</ele>
      </trkpt>
      <trkpt lat="51.01249" lon="3.95788">
        <ele>3</ele>
      </trkpt>
      <trkpt lat="51.01239" lon="3.9573">
        <ele>1</ele>
      </trkpt>
      <trkpt lat="51.01236" lon="3.95722">
        <ele>1</ele>
      </trkpt>
      <trkpt lat="51.01213" lon="3.95689">
        <ele>1</ele>
      </trkpt>
      <trkpt lat="51.01205" lon="3.95684">
        <ele>1</ele>
      </trkpt>
      <trkpt lat="51.01185" lon="3.95688">
        <ele>1</ele>
      </trkpt>
      <trkpt lat="51.01176" lon="3.95686">
        <ele>2</ele>
      </trkpt>
      <trkpt lat="51.01143" lon="3.95651">
        <ele>3</ele>
      </trkpt>
      <trkpt lat="51.01108" lon="3.95625">
        <ele>3</ele>
      </trkpt>
      <trkpt lat="51.01066" lon="3.95602">
        <ele>3</ele>
      </trkpt>
      <trkpt lat="51.01005" lon="3.95579">
        <ele>4</ele>
      </trkpt>
      <trkpt lat="51.00987" lon="3.9556">
        <ele>3</ele>
      </trkpt>
      <trkpt lat="51.0098" lon="3.9555">
        <ele>4</ele>
      </trkpt>
      <trkpt lat="51.00967" lon="3.9552">
        <ele>4</ele>
      </trkpt>
      <trkpt lat="51.00958" lon="3.95488">
        <ele>5</ele>
      </trkpt>
      <trkpt lat="51.0091" lon="3.95298">
        <ele>5</ele>
      </trkpt>
      <trkpt lat="51.00868" lon="3.95123">
        <ele>5</ele>
      </trkpt>
      <trkpt lat="51.00822" lon="3.95008">
        <ele>5</ele>
      </trkpt>
      <trkpt lat="51.00817" lon="3.94986">
        <ele>4</ele>
      </trkpt>
      <trkpt lat="51.00801" lon="3.94849">
        <ele>4</ele>
      </trkpt>
      <trkpt lat="51.00796" lon="3.94716">
        <ele>3</ele>
      </trkpt>
      <trkpt lat="51.00798" lon="3.94556">
        <ele>4</ele>
      </trkpt>
      <trkpt lat="51.008" lon="3.94513">
        <ele>4</ele>
      </trkpt>
      <trkpt lat="51.00802" lon="3.94492">
        <ele>4</ele>
      </trkpt>
      <trkpt lat="51.00817" lon="3.94422">
        <ele>5</ele>
      </trkpt>
      <trkpt lat="51.00846" lon="3.94297">
        <ele>4</ele>
      </trkpt>
      <trkpt lat="51.00864" lon="3.94229">
        <ele>4</ele>
      </trkpt>
      <trkpt lat="51.00897" lon="3.94129">
        <ele>4</ele>
      </trkpt>
      <trkpt lat="51.00919" lon="3.94076">
        <ele>4</ele>
      </trkpt>
      <trkpt lat="51.00966" lon="3.93993">
        <ele>4</ele>
      </trkpt>
      <trkpt lat="51.01113" lon="3.93751">
        <ele>4</ele>
      </trkpt>
      <trkpt lat="51.01142" lon="3.93713">
        <ele>5</ele>
      </trkpt>
      <trkpt lat="51.01189" lon="3.93662">
        <ele>4</ele>
      </trkpt>
      <trkpt lat="51.01221" lon="3.93627">
        <ele>3</ele>
      </trkpt>
      <trkpt lat="51.01227" lon="3.93606">
        <ele>3</ele>
      </trkpt>
      <trkpt lat="51.01227" lon="3.93589">
        <ele>3</ele>
      </trkpt>
      <trkpt lat="51.01207" lon="3.93464">
        <ele>3</ele>
      </trkpt>
      <trkpt lat="51.01206" lon="3.93447">
        <ele>3</ele>
      </trkpt>
      <trkpt lat="51.01207" lon="3.93435">
        <ele>3</ele>
      </trkpt>
      <trkpt lat="51.0121" lon="3.93426">
        <ele>2</ele>
      </trkpt>
      <trkpt lat="51.01237" lon="3.93377">
        <ele>3</ele>
      </trkpt>
      <trkpt lat="51.01243" lon="3.93371">
        <ele>2</ele>
      </trkpt>
      <trkpt lat="51.01271" lon="3.93353">
        <ele>1</ele>
      </trkpt>
      <trkpt lat="51.01286" lon="3.93336">
        <ele>1</ele>
      </trkpt>
      <trkpt lat="51.01292" lon="3.93325">
        <ele>1</ele>
      </trkpt>
      <trkpt lat="51.0132" lon="3.93266">
        <ele>1</ele>
      </trkpt>
      <trkpt lat="51.01326" lon="3.93249">
        <ele>1</ele>
      </trkpt>
      <trkpt lat="51.01329" lon="3.93236">
        <ele>1</ele>
      </trkpt>
      <trkpt lat="51.01328" lon="3.93218">
        <ele>1</ele>
      </trkpt>
      <trkpt lat="51.01323" lon="3.9319">
        <ele>3</ele>
      </trkpt>
      <trkpt lat="51.01333" lon="3.93158">
        <ele>4</ele>
      </trkpt>
      <trkpt lat="51.0134" lon="3.93142">
        <ele>4</ele>
      </trkpt>
      <trkpt lat="51.01358" lon="3.93101">
        <ele>3</ele>
      </trkpt>
      <trkpt lat="51.01368" lon="3.93085">
        <ele>3</ele>
      </trkpt>
      <trkpt lat="51.01377" lon="3.93066">
        <ele>3</ele>
      </trkpt>
      <trkpt lat="51.01396" lon="3.93057">
        <ele>3</ele>
      </trkpt>
      <trkpt lat="51.01395" lon="3.9305">
        <ele>3</ele>
      </trkpt>
      <trkpt lat="51.01393" lon="3.9304">
        <ele>3</ele>
      </trkpt>
      <trkpt lat="51.01396" lon="3.93021">
        <ele>3</ele>
      </trkpt>
      <trkpt lat="51.0143" lon="3.92963">
        <ele>3</ele>
      </trkpt>
      <trkpt lat="51.01454" lon="3.92933">
        <ele>4</ele>
      </trkpt>
      <trkpt lat="51.01543" lon="3.92801">
        <ele>5</ele>
      </trkpt>
      <trkpt lat="51.01603" lon="3.92709">
        <ele>4</ele>
      </trkpt>
      <trkpt lat="51.01627" lon="3.92666">
        <ele>4</ele>
      </trkpt>
      <trkpt lat="51.01658" lon="3.92596">
        <ele>4</ele>
      </trkpt>
      <trkpt lat="51.01697" lon="3.92486">
        <ele>4</ele>
      </trkpt>
      <trkpt lat="51.01702" lon="3.92477">
        <ele>5</ele>
      </trkpt>
      <trkpt lat="51.01709" lon="3.92468">
        <ele>4</ele>
      </trkpt>
      <trkpt lat="51.01718" lon="3.92465">
        <ele>5</ele>
      </trkpt>
      <trkpt lat="51.01729" lon="3.92468">
        <ele>4</ele>
      </trkpt>
      <trkpt lat="51.01734" lon="3.92463">
        <ele>4</ele>
      </trkpt>
      <trkpt lat="51.01744" lon="3.92465">
        <ele>4</ele>
      </trkpt>
      <trkpt lat="51.01754" lon="3.92462">
        <ele>3</ele>
      </trkpt>
      <trkpt lat="51.01761" lon="3.92447">
        <ele>3</ele>
      </trkpt>
      <trkpt lat="51.01761" lon="3.92441">
        <ele>3</ele>
      </trkpt>
      <trkpt lat="51.01761" lon="3.92431">
        <ele>4</ele>
      </trkpt>
      <trkpt lat="51.0174" lon="3.92364">
        <ele>4</ele>
      </trkpt>
      <trkpt lat="51.01735" lon="3.92354">
        <ele>4</ele>
      </trkpt>
      <trkpt lat="51.01733" lon="3.92345">
        <ele>4</ele>
      </trkpt>
      <trkpt lat="51.0175" lon="3.92168">
        <ele>3</ele>
      </trkpt>
      <trkpt lat="51.01752" lon="3.9211">
        <ele>4</ele>
      </trkpt>
      <trkpt lat="51.01753" lon="3.92044">
        <ele>4</ele>
      </trkpt>
      <trkpt lat="51.01749" lon="3.91928">
        <ele>3</ele>
      </trkpt>
      <trkpt lat="51.01733" lon="3.91751">
        <ele>4</ele>
      </trkpt>
      <trkpt lat="51.01706" lon="3.91582">
        <ele>4</ele>
      </trkpt>
      <trkpt lat="51.01682" lon="3.91466">
        <ele>3</ele>
      </trkpt>
      <trkpt lat="51.01646" lon="3.91321">
        <ele>4</ele>
      </trkpt>
      <trkpt lat="51.01633" lon="3.91272">
        <ele>4</ele>
      </trkpt>
      <trkpt lat="51.01521" lon="3.90876">
        <ele>4</ele>
      </trkpt>
      <trkpt lat="51.01469" lon="3.90684">
        <ele>5</ele>
      </trkpt>
      <trkpt lat="51.01434" lon="3.90539">
        <ele>5</ele>
      </trkpt>
      <trkpt lat="51.01424" lon="3.90489">
        <ele>3</ele>
      </trkpt>
      <trkpt lat="51.01404" lon="3.90374">
        <ele>4</ele>
      </trkpt>
      <trkpt lat="51.0139" lon="3.90254">
        <ele>4</ele>
      </trkpt>
      <trkpt lat="51.01371" lon="3.90048">
        <ele>3</ele>
      </trkpt>
      <trkpt lat="51.01366" lon="3.90011">
        <ele>4</ele>
      </trkpt>
      <trkpt lat="51.01353" lon="3.89949">
        <ele>4</ele>
      </trkpt>
      <trkpt lat="51.01339" lon="3.89895">
        <ele>5</ele>
      </trkpt>
      <trkpt lat="51.01308" lon="3.89815">
        <ele>4</ele>
      </trkpt>
      <trkpt lat="51.01287" lon="3.89771">
        <ele>4</ele>
      </trkpt>
      <trkpt lat="51.01251" lon="3.89705">
        <ele>4</ele>
      </trkpt>
      <trkpt lat="51.01173" lon="3.89574">
        <ele>5</ele>
      </trkpt>
      <trkpt lat="51.01142" lon="3.89514">
        <ele>5</ele>
      </trkpt>
      <trkpt lat="51.01127" lon="3.89487">
        <ele>5</ele>
      </trkpt>
      <trkpt lat="51.01099" lon="3.89415">
        <ele>3</ele>
      </trkpt>
      <trkpt lat="51.01077" lon="3.89328">
        <ele>4</ele>
      </trkpt>
      <trkpt lat="51.01066" lon="3.89239">
        <ele>3</ele>
      </trkpt>
      <trkpt lat="51.01062" lon="3.89194">
        <ele>3</ele>
      </trkpt>
      <trkpt lat="51.01061" lon="3.8915">
        <ele>4</ele>
      </trkpt>
      <trkpt lat="51.01061" lon="3.88903">
        <ele>5</ele>
      </trkpt>
      <trkpt lat="51.01053" lon="3.88797">
        <ele>3</ele>
      </trkpt>
      <trkpt lat="51.01044" lon="3.88749">
        <ele>4</ele>
      </trkpt>
      <trkpt lat="51.01036" lon="3.88714">
        <ele>4</ele>
      </trkpt>
      <trkpt lat="51.01027" lon="3.88687">
        <ele>4</ele>
      </trkpt>
      <trkpt lat="51.01012" lon="3.88647">
        <ele>3</ele>
      </trkpt>
      <trkpt lat="51.0098" lon="3.88578">
        <ele>4</ele>
      </trkpt>
      <trkpt lat="51.0095" lon="3.8852">
        <ele>3</ele>
      </trkpt>
      <trkpt lat="51.00947" lon="3.88508">
        <ele>3</ele>
      </trkpt>
      <trkpt lat="51.00922" lon="3.88454">
        <ele>3</ele>
      </trkpt>
      <trkpt lat="51.00913" lon="3.88421">
        <ele>3</ele>
      </trkpt>
      <trkpt lat="51.00899" lon="3.88307">
        <ele>2</ele>
      </trkpt>
      <trkpt lat="51.00898" lon="3.88285">
        <ele>3</ele>
      </trkpt>
      <trkpt lat="51.00898" lon="3.8825">
        <ele>2</ele>
      </trkpt>
      <trkpt lat="51.00902" lon="3.88244">
        <ele>2</ele>
      </trkpt>
      <trkpt lat="51.00902" lon="3.8823">
        <ele>3</ele>
      </trkpt>
      <trkpt lat="51.00905" lon="3.88206">
        <ele>3</ele>
      </trkpt>
      <trkpt lat="51.00905" lon="3.882">
        <ele>3</ele>
      </trkpt>
      <trkpt lat="51.00897" lon="3.88191">
        <ele>3</ele>
      </trkpt>
      <trkpt lat="51.00903" lon="3.88165">
        <ele>3</ele>
      </trkpt>
      <trkpt lat="51.00902" lon="3.88161">
        <ele>3</ele>
      </trkpt>
      <trkpt lat="51.00895" lon="3.88145">
        <ele>3</ele>
      </trkpt>
      <trkpt lat="51.00895" lon="3.88139">
        <ele>3</ele>
      </trkpt>
      <trkpt lat="51.00894" lon="3.88132">
        <ele>3</ele>
      </trkpt>
      <trkpt lat="51.00891" lon="3.88135">
        <ele>3</ele>
      </trkpt>
      <trkpt lat="51.00891" lon="3.88139">
        <ele>3</ele>
      </trkpt>
      <trkpt lat="51.00888" lon="3.8814">
        <ele>4</ele>
      </trkpt>
      <trkpt lat="51.00887" lon="3.88103">
        <ele>3</ele>
      </trkpt>
      <trkpt lat="51.00863" lon="3.87907">
        <ele>3</ele>
      </trkpt>
      <trkpt lat="51.00854" lon="3.87871">
        <ele>3</ele>
      </trkpt>
      <trkpt lat="51.0083" lon="3.87804">
        <ele>3</ele>
      </trkpt>
      <trkpt lat="51.00806" lon="3.87744">
        <ele>3</ele>
      </trkpt>
      <trkpt lat="51.00767" lon="3.8765">
        <ele>3</ele>
      </trkpt>
      <trkpt lat="51.00757" lon="3.87631">
        <ele>4</ele>
      </trkpt>
      <trkpt lat="51.00748" lon="3.87608">
        <ele>5</ele>
      </trkpt>
      <trkpt lat="51.00721" lon="3.87531">
        <ele>4</ele>
      </trkpt>
      <trkpt lat="51.00637" lon="3.87287">
        <ele>3</ele>
      </trkpt>
      <trkpt lat="51.00611" lon="3.87211">
        <ele>3</ele>
      </trkpt>
      <trkpt lat="51.00572" lon="3.87107">
        <ele>3</ele>
      </trkpt>
      <trkpt lat="51.0054" lon="3.87034">
        <ele>3</ele>
      </trkpt>
      <trkpt lat="51.00529" lon="3.87009">
        <ele>3</ele>
      </trkpt>
      <trkpt lat="51.0042" lon="3.868">
        <ele>2</ele>
      </trkpt>
      <trkpt lat="51.00387" lon="3.86732">
        <ele>3</ele>
      </trkpt>
      <trkpt lat="51.0036" lon="3.86663">
        <ele>3</ele>
      </trkpt>
      <trkpt lat="51.0033" lon="3.86573">
        <ele>3</ele>
      </trkpt>
      <trkpt lat="51.00318" lon="3.86535">
        <ele>3</ele>
      </trkpt>
      <trkpt lat="51.00299" lon="3.86469">
        <ele>2</ele>
      </trkpt>
      <trkpt lat="51.00276" lon="3.86379">
        <ele>2</ele>
      </trkpt>
      <trkpt lat="51.00265" lon="3.86333">
        <ele>3</ele>
      </trkpt>
      <trkpt lat="51.00258" lon="3.86292">
        <ele>3</ele>
      </trkpt>
      <trkpt lat="51.00253" lon="3.86254">
        <ele>2</ele>
      </trkpt>
      <trkpt lat="51.00248" lon="3.86199">
        <ele>2</ele>
      </trkpt>
      <trkpt lat="51.00247" lon="3.86188">
        <ele>2</ele>
      </trkpt>
      <trkpt lat="51.00249" lon="3.86169">
        <ele>1</ele>
      </trkpt>
      <trkpt lat="51.00244" lon="3.86036">
        <ele>2</ele>
      </trkpt>
      <trkpt lat="51.00243" lon="3.85851">
        <ele>2</ele>
      </trkpt>
      <trkpt lat="51.00236" lon="3.85766">
        <ele>2</ele>
      </trkpt>
      <trkpt lat="51.00231" lon="3.85739">
        <ele>2</ele>
      </trkpt>
      <trkpt lat="51.00221" lon="3.85679">
        <ele>1</ele>
      </trkpt>
      <trkpt lat="51.00212" lon="3.85645">
        <ele>1</ele>
      </trkpt>
      <trkpt lat="51.002" lon="3.85609">
        <ele>1</ele>
      </trkpt>
      <trkpt lat="51.0018" lon="3.85566">
        <ele>2</ele>
      </trkpt>
      <trkpt lat="51.00126" lon="3.85471">
        <ele>3</ele>
      </trkpt>
      <trkpt lat="51.00059" lon="3.85375">
        <ele>3</ele>
      </trkpt>
      <trkpt lat="50.99905" lon="3.85172">
        <ele>3</ele>
      </trkpt>
      <trkpt lat="50.99796" lon="3.84996">
        <ele>1</ele>
      </trkpt>
      <trkpt lat="50.99737" lon="3.84894">
        <ele>-2</ele>
      </trkpt>
      <trkpt lat="50.9968" lon="3.84781">
        <ele>3</ele>
      </trkpt>
      <trkpt lat="50.99617" lon="3.84649">
        <ele>9</ele>
      </trkpt>
      <trkpt lat="50.99567" lon="3.84535">
        <ele>11</ele>
      </trkpt>
      <trkpt lat="50.99503" lon="3.84354">
        <ele>3</ele>
      </trkpt>
      <trkpt lat="50.99474" lon="3.84248">
        <ele>4</ele>
      </trkpt>
      <trkpt lat="50.99459" lon="3.84193">
        <ele>6</ele>
      </trkpt>
      <trkpt lat="50.99417" lon="3.83995">
        <ele>5</ele>
      </trkpt>
      <trkpt lat="50.99383" lon="3.83823">
        <ele>3</ele>
      </trkpt>
      <trkpt lat="50.9937" lon="3.8374">
        <ele>-1</ele>
      </trkpt>
      <trkpt lat="50.99366" lon="3.83696">
        <ele>-1</ele>
      </trkpt>
      <trkpt lat="50.99357" lon="3.83583">
        <ele>2</ele>
      </trkpt>
      <trkpt lat="50.99347" lon="3.83345">
        <ele>1</ele>
      </trkpt>
      <trkpt lat="50.99347" lon="3.83273">
        <ele>1</ele>
      </trkpt>
      <trkpt lat="50.99354" lon="3.8319">
        <ele>0</ele>
      </trkpt>
      <trkpt lat="50.99363" lon="3.83139">
        <ele>1</ele>
      </trkpt>
      <trkpt lat="50.99387" lon="3.83036">
        <ele>5</ele>
      </trkpt>
      <trkpt lat="50.99405" lon="3.82975">
        <ele>2</ele>
      </trkpt>
      <trkpt lat="50.99445" lon="3.82858">
        <ele>0</ele>
      </trkpt>
      <trkpt lat="50.99485" lon="3.82763">
        <ele>2</ele>
      </trkpt>
      <trkpt lat="50.99504" lon="3.82726">
        <ele>3</ele>
      </trkpt>
      <trkpt lat="50.9955" lon="3.82641">
        <ele>2</ele>
      </trkpt>
      <trkpt lat="50.9959" lon="3.82561">
        <ele>3</ele>
      </trkpt>
      <trkpt lat="50.99616" lon="3.82505">
        <ele>3</ele>
      </trkpt>
      <trkpt lat="50.99678" lon="3.82355">
        <ele>6</ele>
      </trkpt>
      <trkpt lat="50.99722" lon="3.8226">
        <ele>6</ele>
      </trkpt>
      <trkpt lat="50.99814" lon="3.821">
        <ele>6</ele>
      </trkpt>
      <trkpt lat="50.99889" lon="3.81987">
        <ele>2</ele>
      </trkpt>
      <trkpt lat="50.99907" lon="3.81956">
        <ele>1</ele>
      </trkpt>
      <trkpt lat="50.99931" lon="3.81907">
        <ele>3</ele>
      </trkpt>
      <trkpt lat="50.99967" lon="3.81821">
        <ele>7</ele>
      </trkpt>
      <trkpt lat="50.99979" lon="3.81788">
        <ele>7</ele>
      </trkpt>
      <trkpt lat="51.0002" lon="3.81656">
        <ele>2</ele>
      </trkpt>
      <trkpt lat="51.00051" lon="3.81549">
        <ele>3</ele>
      </trkpt>
      <trkpt lat="51.00106" lon="3.81343">
        <ele>3</ele>
      </trkpt>
      <trkpt lat="51.0017" lon="3.81132">
        <ele>3</ele>
      </trkpt>
      <trkpt lat="51.00194" lon="3.81059">
        <ele>3</ele>
      </trkpt>
      <trkpt lat="51.00245" lon="3.80929">
        <ele>3</ele>
      </trkpt>
      <trkpt lat="51.00284" lon="3.80843">
        <ele>3</ele>
      </trkpt>
      <trkpt lat="51.003" lon="3.80812">
        <ele>3</ele>
      </trkpt>
      <trkpt lat="51.00316" lon="3.80787">
        <ele>4</ele>
      </trkpt>
      <trkpt lat="51.00351" lon="3.80743">
        <ele>4</ele>
      </trkpt>
      <trkpt lat="51.00419" lon="3.80664">
        <ele>3</ele>
      </trkpt>
      <trkpt lat="51.00488" lon="3.80576">
        <ele>3</ele>
      </trkpt>
      <trkpt lat="51.00502" lon="3.80555">
        <ele>3</ele>
      </trkpt>
      <trkpt lat="51.00535" lon="3.80506">
        <ele>2</ele>
      </trkpt>
      <trkpt lat="51.00563" lon="3.80452">
        <ele>4</ele>
      </trkpt>
      <trkpt lat="51.00577" lon="3.80414">
        <ele>7</ele>
      </trkpt>
      <trkpt lat="51.0059" lon="3.80395">
        <ele>5</ele>
      </trkpt>
      <trkpt lat="51.00608" lon="3.80378">
        <ele>4</ele>
      </trkpt>
      <trkpt lat="51.0064" lon="3.80327">
        <ele>4</ele>
      </trkpt>
      <trkpt lat="51.00667" lon="3.80276">
        <ele>4</ele>
      </trkpt>
      <trkpt lat="51.00868" lon="3.79884">
        <ele>4</ele>
      </trkpt>
      <trkpt lat="51.00884" lon="3.79858">
        <ele>4</ele>
      </trkpt>
      <trkpt lat="51.00925" lon="3.79799">
        <ele>4</ele>
      </trkpt>
      <trkpt lat="51.00984" lon="3.79721">
        <ele>4</ele>
      </trkpt>
      <trkpt lat="51.01063" lon="3.79631">
        <ele>4</ele>
      </trkpt>
      <trkpt lat="51.0114" lon="3.79555">
        <ele>4</ele>
      </trkpt>
      <trkpt lat="51.0117" lon="3.79529">
        <ele>5</ele>
      </trkpt>
      <trkpt lat="51.01213" lon="3.79497">
        <ele>5</ele>
      </trkpt>
      <trkpt lat="51.01281" lon="3.79453">
        <ele>5</ele>
      </trkpt>
      <trkpt lat="51.01305" lon="3.7945">
        <ele>4</ele>
      </trkpt>
      <trkpt lat="51.0135" lon="3.79416">
        <ele>5</ele>
      </trkpt>
      <trkpt lat="51.01365" lon="3.79404">
        <ele>4</ele>
      </trkpt>
      <trkpt lat="51.01388" lon="3.7939">
        <ele>4</ele>
      </trkpt>
      <trkpt lat="51.0147" lon="3.79344">
        <ele>4</ele>
      </trkpt>
      <trkpt lat="51.01661" lon="3.79257">
        <ele>4</ele>
      </trkpt>
      <trkpt lat="51.01815" lon="3.79165">
        <ele>5</ele>
      </trkpt>
      <trkpt lat="51.01866" lon="3.79145">
        <ele>4</ele>
      </trkpt>
      <trkpt lat="51.0189" lon="3.79152">
        <ele>4</ele>
      </trkpt>
      <trkpt lat="51.02278" lon="3.79058">
        <ele>5</ele>
      </trkpt>
      <trkpt lat="51.02312" lon="3.79053">
        <ele>5</ele>
      </trkpt>
      <trkpt lat="51.0276" lon="3.7902">
        <ele>5</ele>
      </trkpt>
      <trkpt lat="51.02763" lon="3.79015">
        <ele>5</ele>
      </trkpt>
      <trkpt lat="51.02769" lon="3.79003">
        <ele>5</ele>
      </trkpt>
      <trkpt lat="51.0277" lon="3.7899">
        <ele>5</ele>
      </trkpt>
      <trkpt lat="51.02759" lon="3.78932">
        <ele>5</ele>
      </trkpt>
      <trkpt lat="51.02752" lon="3.7888">
        <ele>5</ele>
      </trkpt>
      <trkpt lat="51.02752" lon="3.78844">
        <ele>5</ele>
      </trkpt>
      <trkpt lat="51.0275" lon="3.78805">
        <ele>5</ele>
      </trkpt>
      <trkpt lat="51.02748" lon="3.78783">
        <ele>5</ele>
      </trkpt>
      <trkpt lat="51.02744" lon="3.78765">
        <ele>5</ele>
      </trkpt>
      <trkpt lat="51.02774" lon="3.78764">
        <ele>4</ele>
      </trkpt>
      <trkpt lat="51.02791" lon="3.78771">
        <ele>4</ele>
      </trkpt>
      <trkpt lat="51.02862" lon="3.78809">
        <ele>3</ele>
      </trkpt>
      <trkpt lat="51.0299" lon="3.78897">
        <ele>3</ele>
      </trkpt>
      <trkpt lat="51.0304" lon="3.78919">
        <ele>4</ele>
      </trkpt>
      <trkpt lat="51.03127" lon="3.78949">
        <ele>4</ele>
      </trkpt>
      <trkpt lat="51.03252" lon="3.78967">
        <ele>4</ele>
      </trkpt>
      <trkpt lat="51.03358" lon="3.78975">
        <ele>4</ele>
      </trkpt>
      <trkpt lat="51.03376" lon="3.78979">
        <ele>4</ele>
      </trkpt>
      <trkpt lat="51.03432" lon="3.78998">
        <ele>4</ele>
      </trkpt>
      <trkpt lat="51.03486" lon="3.79025">
        <ele>3</ele>
      </trkpt>
      <trkpt lat="51.03506" lon="3.79038">
        <ele>4</ele>
      </trkpt>
      <trkpt lat="51.03535" lon="3.79062">
        <ele>4</ele>
      </trkpt>
      <trkpt lat="51.03559" lon="3.79087">
        <ele>4</ele>
      </trkpt>
      <trkpt lat="51.03683" lon="3.7923">
        <ele>3</ele>
      </trkpt>
      <trkpt lat="51.03715" lon="3.79257">
        <ele>4</ele>
      </trkpt>
      <trkpt lat="51.03758" lon="3.7929">
        <ele>3</ele>
      </trkpt>
      <trkpt lat="51.03779" lon="3.79304">
        <ele>4</ele>
      </trkpt>
      <trkpt lat="51.03837" lon="3.79334">
        <ele>4</ele>
      </trkpt>
      <trkpt lat="51.03909" lon="3.79362">
        <ele>4</ele>
      </trkpt>
      <trkpt lat="51.03937" lon="3.79366">
        <ele>4</ele>
      </trkpt>
      <trkpt lat="51.04017" lon="3.79376">
        <ele>4</ele>
      </trkpt>
      <trkpt lat="51.04083" lon="3.79378">
        <ele>4</ele>
      </trkpt>
      <trkpt lat="51.04116" lon="3.79377">
        <ele>4</ele>
      </trkpt>
      <trkpt lat="51.04173" lon="3.79368">
        <ele>4</ele>
      </trkpt>
      <trkpt lat="51.04226" lon="3.79355">
        <ele>4</ele>
      </trkpt>
      <trkpt lat="51.04276" lon="3.79338">
        <ele>3</ele>
      </trkpt>
      <trkpt lat="51.04352" lon="3.79302">
        <ele>4</ele>
      </trkpt>
      <trkpt lat="51.04379" lon="3.79294">
        <ele>4</ele>
      </trkpt>
      <trkpt lat="51.04393" lon="3.79285">
        <ele>4</ele>
      </trkpt>
      <trkpt lat="51.04471" lon="3.79218">
        <ele>3</ele>
      </trkpt>
      <trkpt lat="51.04527" lon="3.7916">
        <ele>4</ele>
      </trkpt>
      <trkpt lat="51.04612" lon="3.79059">
        <ele>4</ele>
      </trkpt>
      <trkpt lat="51.04648" lon="3.79008">
        <ele>3</ele>
      </trkpt>
      <trkpt lat="51.04681" lon="3.78955">
        <ele>3</ele>
      </trkpt>
      <trkpt lat="51.04726" lon="3.78864">
        <ele>4</ele>
      </trkpt>
      <trkpt lat="51.04759" lon="3.78795">
        <ele>4</ele>
      </trkpt>
      <trkpt lat="51.04777" lon="3.78751">
        <ele>3</ele>
      </trkpt>
      <trkpt lat="51.04799" lon="3.7869">
        <ele>3</ele>
      </trkpt>
      <trkpt lat="51.04822" lon="3.78615">
        <ele>3</ele>
      </trkpt>
      <trkpt lat="51.04862" lon="3.78464">
        <ele>3</ele>
      </trkpt>
      <trkpt lat="51.04889" lon="3.78349">
        <ele>4</ele>
      </trkpt>
      <trkpt lat="51.04907" lon="3.78259">
        <ele>4</ele>
      </trkpt>
      <trkpt lat="51.04928" lon="3.78154">
        <ele>3</ele>
      </trkpt>
      <trkpt lat="51.0495" lon="3.78059">
        <ele>3</ele>
      </trkpt>
      <trkpt lat="51.0499" lon="3.77859">
        <ele>3</ele>
      </trkpt>
      <trkpt lat="51.05002" lon="3.77783">
        <ele>3</ele>
      </trkpt>
      <trkpt lat="51.05012" lon="3.77704">
        <ele>4</ele>
      </trkpt>
      <trkpt lat="51.05017" lon="3.77653">
        <ele>4</ele>
      </trkpt>
      <trkpt lat="51.0502" lon="3.77595">
        <ele>3</ele>
      </trkpt>
      <trkpt lat="51.05029" lon="3.77514">
        <ele>3</ele>
      </trkpt>
      <trkpt lat="51.05028" lon="3.77446">
        <ele>3</ele>
      </trkpt>
      <trkpt lat="51.05039" lon="3.77301">
        <ele>3</ele>
      </trkpt>
      <trkpt lat="51.05045" lon="3.77199">
        <ele>4</ele>
      </trkpt>
      <trkpt lat="51.05039" lon="3.7696">
        <ele>3</ele>
      </trkpt>
      <trkpt lat="51.05032" lon="3.76868">
        <ele>3</ele>
      </trkpt>
      <trkpt lat="51.05027" lon="3.76824">
        <ele>3</ele>
      </trkpt>
      <trkpt lat="51.04998" lon="3.76648">
        <ele>3</ele>
      </trkpt>
      <trkpt lat="51.0497" lon="3.76523">
        <ele>3</ele>
      </trkpt>
      <trkpt lat="51.0496" lon="3.76481">
        <ele>4</ele>
      </trkpt>
      <trkpt lat="51.04941" lon="3.76411">
        <ele>4</ele>
      </trkpt>
      <trkpt lat="51.04869" lon="3.76161">
        <ele>4</ele>
      </trkpt>
      <trkpt lat="51.04796" lon="3.75923">
        <ele>4</ele>
      </trkpt>
      <trkpt lat="51.04775" lon="3.75848">
        <ele>4</ele>
      </trkpt>
      <trkpt lat="51.04743" lon="3.75719">
        <ele>4</ele>
      </trkpt>
      <trkpt lat="51.04706" lon="3.75547">
        <ele>4</ele>
      </trkpt>
      <trkpt lat="51.04711" lon="3.75537">
        <ele>4</ele>
      </trkpt>
      <trkpt lat="51.04744" lon="3.75514">
        <ele>5</ele>
      </trkpt>
      <trkpt lat="51.04758" lon="3.75501">
        <ele>5</ele>
      </trkpt>
      <trkpt lat="51.04775" lon="3.75481">
        <ele>6</ele>
      </trkpt>
      <trkpt lat="51.04772" lon="3.75472">
        <ele>5</ele>
      </trkpt>
      <trkpt lat="51.04771" lon="3.75464">
        <ele>5</ele>
      </trkpt>
      <trkpt lat="51.04768" lon="3.75464">
        <ele>5</ele>
      </trkpt>
      <trkpt lat="51.04762" lon="3.75477">
        <ele>6</ele>
      </trkpt>
      <trkpt lat="51.04759" lon="3.7548">
        <ele>6</ele>
      </trkpt>
      <trkpt lat="51.04735" lon="3.755">
        <ele>6</ele>
      </trkpt>
      <trkpt lat="51.04714" lon="3.7551">
        <ele>7</ele>
      </trkpt>
      <trkpt lat="51.0462" lon="3.7554">
        <ele>7</ele>
      </trkpt>
      <trkpt lat="51.04588" lon="3.75543">
        <ele>6</ele>
      </trkpt>
      <trkpt lat="51.04579" lon="3.75544">
        <ele>6</ele>
      </trkpt>
      <trkpt lat="51.04587" lon="3.75561">
        <ele>5</ele>
      </trkpt>
      <trkpt lat="51.04596" lon="3.75562">
        <ele>5</ele>
      </trkpt>
      <trkpt lat="51.04635" lon="3.75562">
        <ele>4</ele>
      </trkpt>
      <trkpt lat="51.04643" lon="3.75562">
        <ele>4</ele>
      </trkpt>
      <trkpt lat="51.04632" lon="3.75502">
        <ele>4</ele>
      </trkpt>
      <trkpt lat="51.04621" lon="3.75433">
        <ele>5</ele>
      </trkpt>
      <trkpt lat="51.04614" lon="3.75321">
        <ele>5</ele>
      </trkpt>
      <trkpt lat="51.04615" lon="3.75281">
        <ele>5</ele>
      </trkpt>
      <trkpt lat="51.04619" lon="3.75224">
        <ele>5</ele>
      </trkpt>
      <trkpt lat="51.04627" lon="3.75167">
        <ele>5</ele>
      </trkpt>
      <trkpt lat="51.0463" lon="3.75153">
        <ele>5</ele>
      </trkpt>
      <trkpt lat="51.04659" lon="3.75068">
        <ele>4</ele>
      </trkpt>
      <trkpt lat="51.04663" lon="3.75045">
        <ele>5</ele>
      </trkpt>
      <trkpt lat="51.04667" lon="3.75014">
        <ele>5</ele>
      </trkpt>
      <trkpt lat="51.04667" lon="3.74981">
        <ele>5</ele>
      </trkpt>
      <trkpt lat="51.04663" lon="3.74936">
        <ele>3</ele>
      </trkpt>
      <trkpt lat="51.0466" lon="3.74915">
        <ele>3</ele>
      </trkpt>
      <trkpt lat="51.0465" lon="3.74887">
        <ele>3</ele>
      </trkpt>
      <trkpt lat="51.04624" lon="3.74826">
        <ele>4</ele>
      </trkpt>
      <trkpt lat="51.04629" lon="3.74808">
        <ele>3</ele>
      </trkpt>
      <trkpt lat="51.0463" lon="3.74794">
        <ele>2</ele>
      </trkpt>
      <trkpt lat="51.04622" lon="3.74767">
        <ele>2</ele>
      </trkpt>
      <trkpt lat="51.04605" lon="3.74733">
        <ele>3</ele>
      </trkpt>
      <trkpt lat="51.04589" lon="3.74718">
        <ele>4</ele>
      </trkpt>
      <trkpt lat="51.04563" lon="3.74657">
        <ele>4</ele>
      </trkpt>
      <trkpt lat="51.04545" lon="3.74538">
        <ele>3</ele>
      </trkpt>
      <trkpt lat="51.04538" lon="3.74516">
        <ele>3</ele>
      </trkpt>
      <trkpt lat="51.04501" lon="3.74446">
        <ele>3</ele>
      </trkpt>
      <trkpt lat="51.0445" lon="3.74363">
        <ele>3</ele>
      </trkpt>
      <trkpt lat="51.04434" lon="3.74338">
        <ele>3</ele>
      </trkpt>
      <trkpt lat="51.04426" lon="3.7433">
        <ele>3</ele>
      </trkpt>
      <trkpt lat="51.04415" lon="3.74324">
        <ele>3</ele>
      </trkpt>
      <trkpt lat="51.04403" lon="3.74324">
        <ele>3</ele>
      </trkpt>
      <trkpt lat="51.04383" lon="3.74329">
        <ele>3</ele>
      </trkpt>
      <trkpt lat="51.04373" lon="3.74328">
        <ele>3</ele>
      </trkpt>
      <trkpt lat="51.0434" lon="3.74308">
        <ele>3</ele>
      </trkpt>
      <trkpt lat="51.04307" lon="3.743">
        <ele>4</ele>
      </trkpt>
      <trkpt lat="51.04274" lon="3.74308">
        <ele>4</ele>
      </trkpt>
      <trkpt lat="51.04261" lon="3.74264">
        <ele>3</ele>
      </trkpt>
      <trkpt lat="51.04251" lon="3.74233">
        <ele>4</ele>
      </trkpt>
      <trkpt lat="51.04237" lon="3.74225">
        <ele>4</ele>
      </trkpt>
      <trkpt lat="51.04232" lon="3.74209">
        <ele>4</ele>
      </trkpt>
      <trkpt lat="51.04253" lon="3.74163">
        <ele>4</ele>
      </trkpt>
      <trkpt lat="51.04263" lon="3.7415">
        <ele>2</ele>
      </trkpt>
      <trkpt lat="51.04293" lon="3.74092">
        <ele>9</ele>
      </trkpt>
      <trkpt lat="51.04309" lon="3.74054">
        <ele>5</ele>
      </trkpt>
      <trkpt lat="51.04318" lon="3.74041">
        <ele>5</ele>
      </trkpt>
      <trkpt lat="51.0433" lon="3.74032">
        <ele>5</ele>
      </trkpt>
      <trkpt lat="51.04363" lon="3.73985">
        <ele>5</ele>
      </trkpt>
      <trkpt lat="51.04372" lon="3.73971">
        <ele>4</ele>
      </trkpt>
      <trkpt lat="51.04371" lon="3.73957">
        <ele>4</ele>
      </trkpt>
      <trkpt lat="51.04412" lon="3.73918">
        <ele>4</ele>
      </trkpt>
      <trkpt lat="51.046" lon="3.73891">
        <ele>4</ele>
      </trkpt>
      <trkpt lat="51.04696" lon="3.73877">
        <ele>4</ele>
      </trkpt>
      <trkpt lat="51.04808" lon="3.7385">
        <ele>4</ele>
      </trkpt>
      <trkpt lat="51.04818" lon="3.73845">
        <ele>4</ele>
      </trkpt>
      <trkpt lat="51.05046" lon="3.73683">
        <ele>4</ele>
      </trkpt>
      <trkpt lat="51.05145" lon="3.73606">
        <ele>4</ele>
      </trkpt>
      <trkpt lat="51.05205" lon="3.73541">
        <ele>4</ele>
      </trkpt>
      <trkpt lat="51.05228" lon="3.73522">
        <ele>4</ele>
      </trkpt>
      <trkpt lat="51.05283" lon="3.73493">
        <ele>5</ele>
      </trkpt>
      <trkpt lat="51.05322" lon="3.73477">
        <ele>6</ele>
      </trkpt>
      <trkpt lat="51.05318" lon="3.73425">
        <ele>5</ele>
      </trkpt>
      <trkpt lat="51.05327" lon="3.73429">
        <ele>5</ele>
      </trkpt>
      <trkpt lat="51.05393" lon="3.73413">
        <ele>3</ele>
      </trkpt>
      <trkpt lat="51.05437" lon="3.73394">
        <ele>3</ele>
      </trkpt>
      <trkpt lat="51.05445" lon="3.73389">
        <ele>3</ele>
      </trkpt>
      <trkpt lat="51.05456" lon="3.73377">
        <ele>3</ele>
      </trkpt>
      <trkpt lat="51.0546" lon="3.73371">
        <ele>3</ele>
      </trkpt>
      <trkpt lat="51.05459" lon="3.73347">
        <ele>4</ele>
      </trkpt>
      <trkpt lat="51.05484" lon="3.73341">
        <ele>4</ele>
      </trkpt>
      <trkpt lat="51.05475" lon="3.73311">
        <ele>4</ele>
      </trkpt>
      <trkpt lat="51.05442" lon="3.73204">
        <ele>4</ele>
      </trkpt>
      <trkpt lat="51.05438" lon="3.73199">
        <ele>4</ele>
      </trkpt>
      <trkpt lat="51.05393" lon="3.73089">
        <ele>5</ele>
      </trkpt>
      <trkpt lat="51.05376" lon="3.73056">
        <ele>5</ele>
      </trkpt>
      <trkpt lat="51.05337" lon="3.72996">
        <ele>4</ele>
      </trkpt>
      <trkpt lat="51.05323" lon="3.72978">
        <ele>4</ele>
      </trkpt>
      <trkpt lat="51.05285" lon="3.72938">
        <ele>4</ele>
      </trkpt>
      <trkpt lat="51.05271" lon="3.72927">
        <ele>4</ele>
      </trkpt>
      <trkpt lat="51.05257" lon="3.72911">
        <ele>5</ele>
      </trkpt>
      <trkpt lat="51.0526" lon="3.72853">
        <ele>6</ele>
      </trkpt>
      <trkpt lat="51.05263" lon="3.72813">
        <ele>7</ele>
      </trkpt>
      <trkpt lat="51.05244" lon="3.72746">
        <ele>8</ele>
      </trkpt>
      <trkpt lat="51.05254" lon="3.7273">
        <ele>9</ele>
      </trkpt>
      <trkpt lat="51.05245" lon="3.72722">
        <ele>9</ele>
      </trkpt>
      <trkpt lat="51.05194" lon="3.72698">
        <ele>9</ele>
      </trkpt>
      <trkpt lat="51.05218" lon="3.72572">
        <ele>7</ele>
      </trkpt>
      <trkpt lat="51.05221" lon="3.72519">
        <ele>7</ele>
      </trkpt>
      <trkpt lat="51.05222" lon="3.72053">
        <ele>5</ele>
      </trkpt>
      <trkpt lat="51.05165" lon="3.72043">
        <ele>4</ele>
      </trkpt>
      <trkpt lat="51.05142" lon="3.72033">
        <ele>4</ele>
      </trkpt>
      <trkpt lat="51.05118" lon="3.7202">
        <ele>4</ele>
      </trkpt>
      <trkpt lat="51.05057" lon="3.71981">
        <ele>5</ele>
      </trkpt>
      <trkpt lat="51.05014" lon="3.71972">
        <ele>4</ele>
      </trkpt>
      <trkpt lat="51.04962" lon="3.71967">
        <ele>4</ele>
      </trkpt>
      <trkpt lat="51.04898" lon="3.71966">
        <ele>5</ele>
      </trkpt>
      <trkpt lat="51.0471" lon="3.71996">
        <ele>5</ele>
      </trkpt>
      <trkpt lat="51.04704" lon="3.71995">
        <ele>5</ele>
      </trkpt>
      <trkpt lat="51.0467" lon="3.71999">
        <ele>5</ele>
      </trkpt>
      <trkpt lat="51.0466" lon="3.71881">
        <ele>5</ele>
      </trkpt>
      <trkpt lat="51.04657" lon="3.71863">
        <ele>5</ele>
      </trkpt>
      <trkpt lat="51.04655" lon="3.71775">
        <ele>4</ele>
      </trkpt>
      <trkpt lat="51.04692" lon="3.71527">
        <ele>5</ele>
      </trkpt>
      <trkpt lat="51.04699" lon="3.71496">
        <ele>4</ele>
      </trkpt>
      <trkpt lat="51.04715" lon="3.71451">
        <ele>5</ele>
      </trkpt>
      <trkpt lat="51.04734" lon="3.71418">
        <ele>5</ele>
      </trkpt>
      <trkpt lat="51.04808" lon="3.7132">
        <ele>5</ele>
      </trkpt>
      <trkpt lat="51.04978" lon="3.71095">
        <ele>5</ele>
      </trkpt>
      <trkpt lat="51.04991" lon="3.71088">
        <ele>4</ele>
      </trkpt>
      <trkpt lat="51.05015" lon="3.71055">
        <ele>5</ele>
      </trkpt>
      <trkpt lat="51.05023" lon="3.71048">
        <ele>4</ele>
      </trkpt>
      <trkpt lat="51.05065" lon="3.71036">
        <ele>4</ele>
      </trkpt>
      <trkpt lat="51.05082" lon="3.71019">
        <ele>4</ele>
      </trkpt>
      <trkpt lat="51.05124" lon="3.71005">
        <ele>4</ele>
      </trkpt>
      <trkpt lat="51.05133" lon="3.70994">
        <ele>6</ele>
      </trkpt>
      <trkpt lat="51.05513" lon="3.7087">
        <ele>5</ele>
      </trkpt>
      <trkpt lat="51.05518" lon="3.70876">
        <ele>4</ele>
      </trkpt>
      <trkpt lat="51.05591" lon="3.70854">
        <ele>5</ele>
      </trkpt>
      <trkpt lat="51.05604" lon="3.70856">
        <ele>5</ele>
      </trkpt>
      <trkpt lat="51.05628" lon="3.70842">
        <ele>6</ele>
      </trkpt>
      <trkpt lat="51.05663" lon="3.70814">
        <ele>6</ele>
      </trkpt>
      <trkpt lat="51.05672" lon="3.70803">
        <ele>6</ele>
      </trkpt>
      <trkpt lat="51.05689" lon="3.70777">
        <ele>6</ele>
      </trkpt>
      <trkpt lat="51.05703" lon="3.70758">
        <ele>6</ele>
      </trkpt>
      <trkpt lat="51.05726" lon="3.70748">
        <ele>6</ele>
      </trkpt>
      <trkpt lat="51.05726" lon="3.70744">
        <ele>6</ele>
      </trkpt>
      <trkpt lat="51.05757" lon="3.70732">
        <ele>7</ele>
      </trkpt>
      <trkpt lat="51.05772" lon="3.7072">
        <ele>6</ele>
      </trkpt>
      <trkpt lat="51.05775" lon="3.70708">
        <ele>7</ele>
      </trkpt>
      <trkpt lat="51.05778" lon="3.70706">
        <ele>7</ele>
      </trkpt>
      <trkpt lat="51.0582" lon="3.7067">
        <ele>6</ele>
      </trkpt>
      <trkpt lat="51.0595" lon="3.70586">
        <ele>6</ele>
      </trkpt>
      <trkpt lat="51.06183" lon="3.70336">
        <ele>6</ele>
      </trkpt>
      <trkpt lat="51.06195" lon="3.70338">
        <ele>6</ele>
      </trkpt>
      <trkpt lat="51.06311" lon="3.70216">
        <ele>6</ele>
      </trkpt>
      <trkpt lat="51.0646" lon="3.70053">
        <ele>5</ele>
      </trkpt>
      <trkpt lat="51.06508" lon="3.70002">
        <ele>5</ele>
      </trkpt>
      <trkpt lat="51.0651" lon="3.69993">
        <ele>6</ele>
      </trkpt>
      <trkpt lat="51.06559" lon="3.69941">
        <ele>6</ele>
      </trkpt>
      <trkpt lat="51.06665" lon="3.69825">
        <ele>6</ele>
      </trkpt>
      <trkpt lat="51.06705" lon="3.69784">
        <ele>6</ele>
      </trkpt>
      <trkpt lat="51.06749" lon="3.69731">
        <ele>5</ele>
      </trkpt>
      <trkpt lat="51.06821" lon="3.69597">
        <ele>5</ele>
      </trkpt>
      <trkpt lat="51.06823" lon="3.69599">
        <ele>4</ele>
      </trkpt>
      <trkpt lat="51.07017" lon="3.6922">
        <ele>6</ele>
      </trkpt>
      <trkpt lat="51.07289" lon="3.68688">
        <ele>5</ele>
      </trkpt>
      <trkpt lat="51.07286" lon="3.68685">
        <ele>5</ele>
      </trkpt>
      <trkpt lat="51.0755" lon="3.68167">
        <ele>5</ele>
      </trkpt>
      <trkpt lat="51.07752" lon="3.67771">
        <ele>5</ele>
      </trkpt>
      <trkpt lat="51.07757" lon="3.67771">
        <ele>5</ele>
      </trkpt>
      <trkpt lat="51.07766" lon="3.67752">
        <ele>5</ele>
      </trkpt>
      <trkpt lat="51.07771" lon="3.67747">
        <ele>5</ele>
      </trkpt>
      <trkpt lat="51.0778" lon="3.67732">
        <ele>5</ele>
      </trkpt>
      <trkpt lat="51.07846" lon="3.67604">
        <ele>5</ele>
      </trkpt>
      <trkpt lat="51.07871" lon="3.67556">
        <ele>5</ele>
      </trkpt>
      <trkpt lat="51.07869" lon="3.67549">
        <ele>5</ele>
      </trkpt>
      <trkpt lat="51.08023" lon="3.6724">
        <ele>4</ele>
      </trkpt>
      <trkpt lat="51.08259" lon="3.66777">
        <ele>3</ele>
      </trkpt>
      <trkpt lat="51.08332" lon="3.6663">
        <ele>4</ele>
      </trkpt>
      <trkpt lat="51.08407" lon="3.66479">
        <ele>4</ele>
      </trkpt>
      <trkpt lat="51.08437" lon="3.66408">
        <ele>4</ele>
      </trkpt>
      <trkpt lat="51.08489" lon="3.66302">
        <ele>5</ele>
      </trkpt>
      <trkpt lat="51.08492" lon="3.6629">
        <ele>5</ele>
      </trkpt>
      <trkpt lat="51.08498" lon="3.66211">
        <ele>5</ele>
      </trkpt>
      <trkpt lat="51.08505" lon="3.6618">
        <ele>4</ele>
      </trkpt>
      <trkpt lat="51.08532" lon="3.66018">
        <ele>5</ele>
      </trkpt>
      <trkpt lat="51.08536" lon="3.65978">
        <ele>7</ele>
      </trkpt>
      <trkpt lat="51.08541" lon="3.65834">
        <ele>4</ele>
      </trkpt>
      <trkpt lat="51.08544" lon="3.65762">
        <ele>8</ele>
      </trkpt>
      <trkpt lat="51.08525" lon="3.65769">
        <ele>10</ele>
      </trkpt>
      <trkpt lat="51.08515" lon="3.65776">
        <ele>9</ele>
      </trkpt>
      <trkpt lat="51.08426" lon="3.65787">
        <ele>5</ele>
      </trkpt>
      <trkpt lat="51.08424" lon="3.65799">
        <ele>5</ele>
      </trkpt>
      <trkpt lat="51.08404" lon="3.65806">
        <ele>5</ele>
      </trkpt>
      <trkpt lat="51.08574" lon="3.65819">
        <ele>5</ele>
      </trkpt>
      <trkpt lat="51.08596" lon="3.65816">
        <ele>5</ele>
      </trkpt>
      <trkpt lat="51.0864" lon="3.65799">
        <ele>4</ele>
      </trkpt>
      <trkpt lat="51.08675" lon="3.65773">
        <ele>5</ele>
      </trkpt>
      <trkpt lat="51.08692" lon="3.65755">
        <ele>5</ele>
      </trkpt>
      <trkpt lat="51.08707" lon="3.65736">
        <ele>4</ele>
      </trkpt>
      <trkpt lat="51.08732" lon="3.65695">
        <ele>4</ele>
      </trkpt>
      <trkpt lat="51.08763" lon="3.6563">
        <ele>4</ele>
      </trkpt>
      <trkpt lat="51.08856" lon="3.65413">
        <ele>4</ele>
      </trkpt>
      <trkpt lat="51.08937" lon="3.65215">
        <ele>4</ele>
      </trkpt>
      <trkpt lat="51.08994" lon="3.65058">
        <ele>4</ele>
      </trkpt>
      <trkpt lat="51.09083" lon="3.64789">
        <ele>5</ele>
      </trkpt>
      <trkpt lat="51.09117" lon="3.64675">
        <ele>4</ele>
      </trkpt>
      <trkpt lat="51.0914" lon="3.64568">
        <ele>5</ele>
      </trkpt>
      <trkpt lat="51.09155" lon="3.64497">
        <ele>4</ele>
      </trkpt>
      <trkpt lat="51.09168" lon="3.64408">
        <ele>4</ele>
      </trkpt>
      <trkpt lat="51.09173" lon="3.6437">
        <ele>4</ele>
      </trkpt>
      <trkpt lat="51.09179" lon="3.6429">
        <ele>4</ele>
      </trkpt>
      <trkpt lat="51.09184" lon="3.64187">
        <ele>4</ele>
      </trkpt>
      <trkpt lat="51.09185" lon="3.64085">
        <ele>4</ele>
      </trkpt>
      <trkpt lat="51.09179" lon="3.63869">
        <ele>4</ele>
      </trkpt>
      <trkpt lat="51.09175" lon="3.63786">
        <ele>5</ele>
      </trkpt>
      <trkpt lat="51.09172" lon="3.63714">
        <ele>5</ele>
      </trkpt>
      <trkpt lat="51.09171" lon="3.6363">
        <ele>4</ele>
      </trkpt>
      <trkpt lat="51.09151" lon="3.63124">
        <ele>4</ele>
      </trkpt>
      <trkpt lat="51.09138" lon="3.62817">
        <ele>4</ele>
      </trkpt>
      <trkpt lat="51.09106" lon="3.61947">
        <ele>4</ele>
      </trkpt>
      <trkpt lat="51.09066" lon="3.60731">
        <ele>4</ele>
      </trkpt>
      <trkpt lat="51.09059" lon="3.60445">
        <ele>5</ele>
      </trkpt>
      <trkpt lat="51.09058" lon="3.60406">
        <ele>5</ele>
      </trkpt>
      <trkpt lat="51.0906" lon="3.60341">
        <ele>11</ele>
      </trkpt>
      <trkpt lat="51.09068" lon="3.60167">
        <ele>4</ele>
      </trkpt>
      <trkpt lat="51.09079" lon="3.60052">
        <ele>4</ele>
      </trkpt>
      <trkpt lat="51.09088" lon="3.59982">
        <ele>5</ele>
      </trkpt>
      <trkpt lat="51.09098" lon="3.59921">
        <ele>4</ele>
      </trkpt>
      <trkpt lat="51.09117" lon="3.59816">
        <ele>5</ele>
      </trkpt>
      <trkpt lat="51.09179" lon="3.5954">
        <ele>5</ele>
      </trkpt>
      <trkpt lat="51.09193" lon="3.59473">
        <ele>5</ele>
      </trkpt>
      <trkpt lat="51.09208" lon="3.5939">
        <ele>4</ele>
      </trkpt>
      <trkpt lat="51.09219" lon="3.59319">
        <ele>4</ele>
      </trkpt>
      <trkpt lat="51.09247" lon="3.59038">
        <ele>4</ele>
      </trkpt>
      <trkpt lat="51.09292" lon="3.58551">
        <ele>5</ele>
      </trkpt>
      <trkpt lat="51.09341" lon="3.5817">
        <ele>4</ele>
      </trkpt>
      <trkpt lat="51.09435" lon="3.57403">
        <ele>4</ele>
      </trkpt>
      <trkpt lat="51.09445" lon="3.57192">
        <ele>5</ele>
      </trkpt>
      <trkpt lat="51.09329" lon="3.57221">
        <ele>4</ele>
      </trkpt>
      <trkpt lat="51.09296" lon="3.57235">
        <ele>4</ele>
      </trkpt>
      <trkpt lat="51.09278" lon="3.57247">
        <ele>4</ele>
      </trkpt>
      <trkpt lat="51.09246" lon="3.5727">
        <ele>4</ele>
      </trkpt>
      <trkpt lat="51.09201" lon="3.57293">
        <ele>5</ele>
      </trkpt>
      <trkpt lat="51.09193" lon="3.57293">
        <ele>5</ele>
      </trkpt>
      <trkpt lat="51.09146" lon="3.56947">
        <ele>5</ele>
      </trkpt>
      <trkpt lat="51.09139" lon="3.5686">
        <ele>5</ele>
      </trkpt>
      <trkpt lat="51.09137" lon="3.56759">
        <ele>5</ele>
      </trkpt>
      <trkpt lat="51.09137" lon="3.56712">
        <ele>6</ele>
      </trkpt>
      <trkpt lat="51.09138" lon="3.56663">
        <ele>6</ele>
      </trkpt>
      <trkpt lat="51.09145" lon="3.5658">
        <ele>9</ele>
      </trkpt>
      <trkpt lat="51.09157" lon="3.56478">
        <ele>12</ele>
      </trkpt>
      <trkpt lat="51.09182" lon="3.56305">
        <ele>11</ele>
      </trkpt>
      <trkpt lat="51.09194" lon="3.5624">
        <ele>10</ele>
      </trkpt>
      <trkpt lat="51.09205" lon="3.56195">
        <ele>8</ele>
      </trkpt>
      <trkpt lat="51.09217" lon="3.56154">
        <ele>8</ele>
      </trkpt>
      <trkpt lat="51.09248" lon="3.56077">
        <ele>5</ele>
      </trkpt>
      <trkpt lat="51.0938" lon="3.55833">
        <ele>5</ele>
      </trkpt>
      <trkpt lat="51.09392" lon="3.55783">
        <ele>5</ele>
      </trkpt>
      <trkpt lat="51.09398" lon="3.55735">
        <ele>5</ele>
      </trkpt>
      <trkpt lat="51.09399" lon="3.55688">
        <ele>4</ele>
      </trkpt>
      <trkpt lat="51.09394" lon="3.55617">
        <ele>4</ele>
      </trkpt>
      <trkpt lat="51.09361" lon="3.55294">
        <ele>4</ele>
      </trkpt>
      <trkpt lat="51.09345" lon="3.5511">
        <ele>6</ele>
      </trkpt>
      <trkpt lat="51.09334" lon="3.5504">
        <ele>5</ele>
      </trkpt>
      <trkpt lat="51.09292" lon="3.54653">
        <ele>5</ele>
      </trkpt>
      <trkpt lat="51.09267" lon="3.54447">
        <ele>5</ele>
      </trkpt>
      <trkpt lat="51.0924" lon="3.54261">
        <ele>5</ele>
      </trkpt>
      <trkpt lat="51.09052" lon="3.53066">
        <ele>4</ele>
      </trkpt>
      <trkpt lat="51.09043" lon="3.52997">
        <ele>5</ele>
      </trkpt>
      <trkpt lat="51.09039" lon="3.52924">
        <ele>5</ele>
      </trkpt>
      <trkpt lat="51.09036" lon="3.52768">
        <ele>6</ele>
      </trkpt>
      <trkpt lat="51.09038" lon="3.52669">
        <ele>7</ele>
      </trkpt>
      <trkpt lat="51.09044" lon="3.52542">
        <ele>11</ele>
      </trkpt>
      <trkpt lat="51.09064" lon="3.52381">
        <ele>7</ele>
      </trkpt>
      <trkpt lat="51.09089" lon="3.52222">
        <ele>5</ele>
      </trkpt>
      <trkpt lat="51.09185" lon="3.51768">
        <ele>4</ele>
      </trkpt>
      <trkpt lat="51.09204" lon="3.51668">
        <ele>4</ele>
      </trkpt>
      <trkpt lat="51.09253" lon="3.51377">
        <ele>5</ele>
      </trkpt>
      <trkpt lat="51.09308" lon="3.51087">
        <ele>4</ele>
      </trkpt>
      <trkpt lat="51.09363" lon="3.50769">
        <ele>6</ele>
      </trkpt>
      <trkpt lat="51.09388" lon="3.50662">
        <ele>5</ele>
      </trkpt>
      <trkpt lat="51.09423" lon="3.50535">
        <ele>5</ele>
      </trkpt>
      <trkpt lat="51.09445" lon="3.50469">
        <ele>6</ele>
      </trkpt>
      <trkpt lat="51.09476" lon="3.50392">
        <ele>5</ele>
      </trkpt>
      <trkpt lat="51.09523" lon="3.50263">
        <ele>5</ele>
      </trkpt>
      <trkpt lat="51.09526" lon="3.50244">
        <ele>6</ele>
      </trkpt>
      <trkpt lat="51.09526" lon="3.50234">
        <ele>6</ele>
      </trkpt>
      <trkpt lat="51.0952" lon="3.50207">
        <ele>6</ele>
      </trkpt>
      <trkpt lat="51.09521" lon="3.50192">
        <ele>5</ele>
      </trkpt>
      <trkpt lat="51.09566" lon="3.50054">
        <ele>5</ele>
      </trkpt>
      <trkpt lat="51.09643" lon="3.49819">
        <ele>5</ele>
      </trkpt>
      <trkpt lat="51.09726" lon="3.49573">
        <ele>5</ele>
      </trkpt>
      <trkpt lat="51.09768" lon="3.49476">
        <ele>5</ele>
      </trkpt>
      <trkpt lat="51.09782" lon="3.49444">
        <ele>5</ele>
      </trkpt>
      <trkpt lat="51.09876" lon="3.49286">
        <ele>6</ele>
      </trkpt>
      <trkpt lat="51.09893" lon="3.4927">
        <ele>6</ele>
      </trkpt>
      <trkpt lat="51.0991" lon="3.49248">
        <ele>6</ele>
      </trkpt>
      <trkpt lat="51.09974" lon="3.49152">
        <ele>6</ele>
      </trkpt>
      <trkpt lat="51.09986" lon="3.4914">
        <ele>5</ele>
      </trkpt>
      <trkpt lat="51.10065" lon="3.49021">
        <ele>5</ele>
      </trkpt>
      <trkpt lat="51.10127" lon="3.48925">
        <ele>4</ele>
      </trkpt>
      <trkpt lat="51.10177" lon="3.48838">
        <ele>5</ele>
      </trkpt>
      <trkpt lat="51.10254" lon="3.48692">
        <ele>5</ele>
      </trkpt>
      <trkpt lat="51.10284" lon="3.48628">
        <ele>5</ele>
      </trkpt>
      <trkpt lat="51.10317" lon="3.48551">
        <ele>4</ele>
      </trkpt>
      <trkpt lat="51.1034" lon="3.48486">
        <ele>5</ele>
      </trkpt>
      <trkpt lat="51.10367" lon="3.484">
        <ele>5</ele>
      </trkpt>
      <trkpt lat="51.10387" lon="3.48314">
        <ele>4</ele>
      </trkpt>
      <trkpt lat="51.104" lon="3.48239">
        <ele>5</ele>
      </trkpt>
      <trkpt lat="51.10403" lon="3.48211">
        <ele>5</ele>
      </trkpt>
      <trkpt lat="51.10411" lon="3.48127">
        <ele>5</ele>
      </trkpt>
      <trkpt lat="51.10416" lon="3.48047">
        <ele>5</ele>
      </trkpt>
      <trkpt lat="51.10415" lon="3.47821">
        <ele>7</ele>
      </trkpt>
      <trkpt lat="51.10416" lon="3.47517">
        <ele>7</ele>
      </trkpt>
      <trkpt lat="51.1042" lon="3.47372">
        <ele>7</ele>
      </trkpt>
      <trkpt lat="51.10425" lon="3.47321">
        <ele>7</ele>
      </trkpt>
      <trkpt lat="51.10431" lon="3.47253">
        <ele>6</ele>
      </trkpt>
      <trkpt lat="51.1044" lon="3.47173">
        <ele>7</ele>
      </trkpt>
      <trkpt lat="51.10455" lon="3.47087">
        <ele>7</ele>
      </trkpt>
      <trkpt lat="51.10473" lon="3.47006">
        <ele>7</ele>
      </trkpt>
      <trkpt lat="51.10508" lon="3.46882">
        <ele>7</ele>
      </trkpt>
      <trkpt lat="51.10625" lon="3.46499">
        <ele>6</ele>
      </trkpt>
      <trkpt lat="51.1063" lon="3.46473">
        <ele>8</ele>
      </trkpt>
      <trkpt lat="51.10677" lon="3.4632">
        <ele>7</ele>
      </trkpt>
      <trkpt lat="51.10764" lon="3.46036">
        <ele>7</ele>
      </trkpt>
      <trkpt lat="51.10834" lon="3.45841">
        <ele>7</ele>
      </trkpt>
      <trkpt lat="51.10841" lon="3.45818">
        <ele>7</ele>
      </trkpt>
      <trkpt lat="51.10861" lon="3.45744">
        <ele>7</ele>
      </trkpt>
      <trkpt lat="51.1087" lon="3.45668">
        <ele>7</ele>
      </trkpt>
      <trkpt lat="51.10879" lon="3.45616">
        <ele>7</ele>
      </trkpt>
      <trkpt lat="51.10284" lon="3.45528">
        <ele>9</ele>
      </trkpt>
      <trkpt lat="51.10251" lon="3.45523">
        <ele>9</ele>
      </trkpt>
      <trkpt lat="51.10251" lon="3.45518">
        <ele>9</ele>
      </trkpt>
      <trkpt lat="51.10231" lon="3.45487">
        <ele>9</ele>
      </trkpt>
      <trkpt lat="51.10228" lon="3.45479">
        <ele>9</ele>
      </trkpt>
      <trkpt lat="51.10229" lon="3.45453">
        <ele>9</ele>
      </trkpt>
      <trkpt lat="51.10241" lon="3.45243">
        <ele>9</ele>
      </trkpt>
      <trkpt lat="51.10241" lon="3.45214">
        <ele>9</ele>
      </trkpt>
      <trkpt lat="51.10239" lon="3.45178">
        <ele>9</ele>
      </trkpt>
      <trkpt lat="51.10234" lon="3.45179">
        <ele>9</ele>
      </trkpt>
      <trkpt lat="51.10233" lon="3.45171">
        <ele>9</ele>
      </trkpt>
      <trkpt lat="51.10227" lon="3.4513">
        <ele>9</ele>
      </trkpt>
      <trkpt lat="51.10206" lon="3.45062">
        <ele>10</ele>
      </trkpt>
      <trkpt lat="51.10102" lon="3.44863">
        <ele>10</ele>
      </trkpt>
      <trkpt lat="51.10107" lon="3.44859">
        <ele>10</ele>
      </trkpt>
      <trkpt lat="51.10095" lon="3.44831">
        <ele>10</ele>
      </trkpt>
      <trkpt lat="51.10095" lon="3.44785">
        <ele>10</ele>
      </trkpt>
      <trkpt lat="51.10176" lon="3.44632">
        <ele>11</ele>
      </trkpt>
      <trkpt lat="51.10252" lon="3.44489">
        <ele>11</ele>
      </trkpt>
      <trkpt lat="51.10248" lon="3.44483">
        <ele>11</ele>
      </trkpt>
      <trkpt lat="51.10413" lon="3.44173">
        <ele>9</ele>
      </trkpt>
      <trkpt lat="51.10409" lon="3.44167">
        <ele>9</ele>
      </trkpt>
      <trkpt lat="51.1041" lon="3.44163">
        <ele>9</ele>
      </trkpt>
      <trkpt lat="51.1041" lon="3.44151">
        <ele>9</ele>
      </trkpt>
      <trkpt lat="51.10408" lon="3.44126">
        <ele>9</ele>
      </trkpt>
      <trkpt lat="51.10404" lon="3.44117">
        <ele>9</ele>
      </trkpt>
      <trkpt lat="51.10386" lon="3.44095">
        <ele>9</ele>
      </trkpt>
      <trkpt lat="51.10332" lon="3.44029">
        <ele>9</ele>
      </trkpt>
      <trkpt lat="51.10335" lon="3.44023">
        <ele>9</ele>
      </trkpt>
      <trkpt lat="51.10257" lon="3.4393">
        <ele>9</ele>
      </trkpt>
      <trkpt lat="51.1026" lon="3.43924">
        <ele>9</ele>
      </trkpt>
      <trkpt lat="51.10239" lon="3.43898">
        <ele>9</ele>
      </trkpt>
      <trkpt lat="51.10228" lon="3.43875">
        <ele>9</ele>
      </trkpt>
      <trkpt lat="51.10225" lon="3.43863">
        <ele>9</ele>
      </trkpt>
      <trkpt lat="51.10228" lon="3.43857">
        <ele>9</ele>
      </trkpt>
      <trkpt lat="51.103" lon="3.43786">
        <ele>9</ele>
      </trkpt>
      <trkpt lat="51.10296" lon="3.43778">
        <ele>9</ele>
      </trkpt>
      <trkpt lat="51.10335" lon="3.4374">
        <ele>9</ele>
      </trkpt>
      <trkpt lat="51.10426" lon="3.43651">
        <ele>8</ele>
      </trkpt>
      <trkpt lat="51.10441" lon="3.4363">
        <ele>9</ele>
      </trkpt>
      <trkpt lat="51.10448" lon="3.43612">
        <ele>9</ele>
      </trkpt>
      <trkpt lat="51.10458" lon="3.43606">
        <ele>9</ele>
      </trkpt>
      <trkpt lat="51.10463" lon="3.43586">
        <ele>9</ele>
      </trkpt>
      <trkpt lat="51.10469" lon="3.43578">
        <ele>9</ele>
      </trkpt>
      <trkpt lat="51.10466" lon="3.43545">
        <ele>9</ele>
      </trkpt>
      <trkpt lat="51.10473" lon="3.43543">
        <ele>9</ele>
      </trkpt>
      <trkpt lat="51.10472" lon="3.43537">
        <ele>9</ele>
      </trkpt>
      <trkpt lat="51.10518" lon="3.43522">
        <ele>9</ele>
      </trkpt>
      <trkpt lat="51.10526" lon="3.43517">
        <ele>9</ele>
      </trkpt>
      <trkpt lat="51.10543" lon="3.43511">
        <ele>9</ele>
      </trkpt>
      <trkpt lat="51.10542" lon="3.43497">
        <ele>9</ele>
      </trkpt>
      <trkpt lat="51.10576" lon="3.43489">
        <ele>8</ele>
      </trkpt>
      <trkpt lat="51.10588" lon="3.43484">
        <ele>8</ele>
      </trkpt>
      <trkpt lat="51.10599" lon="3.43475">
        <ele>7</ele>
      </trkpt>
      <trkpt lat="51.10648" lon="3.43428">
        <ele>8</ele>
      </trkpt>
      <trkpt lat="51.10653" lon="3.43421">
        <ele>8</ele>
      </trkpt>
      <trkpt lat="51.10657" lon="3.43406">
        <ele>7</ele>
      </trkpt>
      <trkpt lat="51.10651" lon="3.4331">
        <ele>7</ele>
      </trkpt>
      <trkpt lat="51.10644" lon="3.43236">
        <ele>8</ele>
      </trkpt>
      <trkpt lat="51.10636" lon="3.43176">
        <ele>8</ele>
      </trkpt>
      <trkpt lat="51.10618" lon="3.43091">
        <ele>8</ele>
      </trkpt>
      <trkpt lat="51.10603" lon="3.43032">
        <ele>8</ele>
      </trkpt>
      <trkpt lat="51.10579" lon="3.4295">
        <ele>8</ele>
      </trkpt>
      <trkpt lat="51.10568" lon="3.42919">
        <ele>8</ele>
      </trkpt>
      <trkpt lat="51.10546" lon="3.42868">
        <ele>9</ele>
      </trkpt>
      <trkpt lat="51.10457" lon="3.42693">
        <ele>9</ele>
      </trkpt>
      <trkpt lat="51.10398" lon="3.42581">
        <ele>9</ele>
      </trkpt>
      <trkpt lat="51.1038" lon="3.42557">
        <ele>9</ele>
      </trkpt>
      <trkpt lat="51.10363" lon="3.42539">
        <ele>9</ele>
      </trkpt>
      <trkpt lat="51.10327" lon="3.425">
        <ele>10</ele>
      </trkpt>
      <trkpt lat="51.10265" lon="3.42434">
        <ele>10</ele>
      </trkpt>
      <trkpt lat="51.10247" lon="3.42402">
        <ele>9</ele>
      </trkpt>
      <trkpt lat="51.10238" lon="3.42381">
        <ele>9</ele>
      </trkpt>
      <trkpt lat="51.10156" lon="3.42134">
        <ele>9</ele>
      </trkpt>
      <trkpt lat="51.10087" lon="3.41948">
        <ele>9</ele>
      </trkpt>
      <trkpt lat="51.10072" lon="3.41921">
        <ele>9</ele>
      </trkpt>
      <trkpt lat="51.10062" lon="3.41909">
        <ele>9</ele>
      </trkpt>
      <trkpt lat="51.10039" lon="3.41891">
        <ele>9</ele>
      </trkpt>
      <trkpt lat="51.10044" lon="3.41872">
        <ele>9</ele>
      </trkpt>
      <trkpt lat="51.10047" lon="3.41856">
        <ele>9</ele>
      </trkpt>
      <trkpt lat="51.10047" lon="3.41839">
        <ele>9</ele>
      </trkpt>
      <trkpt lat="51.10044" lon="3.41821">
        <ele>8</ele>
      </trkpt>
      <trkpt lat="51.10032" lon="3.41777">
        <ele>9</ele>
      </trkpt>
      <trkpt lat="51.10014" lon="3.41688">
        <ele>9</ele>
      </trkpt>
      <trkpt lat="51.1" lon="3.4162">
        <ele>9</ele>
      </trkpt>
      <trkpt lat="51.10002" lon="3.41557">
        <ele>9</ele>
      </trkpt>
      <trkpt lat="51.10007" lon="3.41494">
        <ele>9</ele>
      </trkpt>
      <trkpt lat="51.10016" lon="3.41433">
        <ele>9</ele>
      </trkpt>
      <trkpt lat="51.10026" lon="3.41384">
        <ele>9</ele>
      </trkpt>
      <trkpt lat="51.10035" lon="3.4135">
        <ele>9</ele>
      </trkpt>
      <trkpt lat="51.10045" lon="3.41326">
        <ele>9</ele>
      </trkpt>
      <trkpt lat="51.10101" lon="3.41224">
        <ele>9</ele>
      </trkpt>
      <trkpt lat="51.10183" lon="3.41089">
        <ele>10</ele>
      </trkpt>
      <trkpt lat="51.10196" lon="3.41071">
        <ele>10</ele>
      </trkpt>
      <trkpt lat="51.10305" lon="3.40876">
        <ele>9</ele>
      </trkpt>
      <trkpt lat="51.10575" lon="3.40339">
        <ele>9</ele>
      </trkpt>
      <trkpt lat="51.1061" lon="3.40267">
        <ele>9</ele>
      </trkpt>
      <trkpt lat="51.10648" lon="3.40187">
        <ele>9</ele>
      </trkpt>
      <trkpt lat="51.1068" lon="3.40125">
        <ele>9</ele>
      </trkpt>
      <trkpt lat="51.10704" lon="3.40096">
        <ele>9</ele>
      </trkpt>
      <trkpt lat="51.10732" lon="3.40072">
        <ele>9</ele>
      </trkpt>
      <trkpt lat="51.10775" lon="3.40048">
        <ele>8</ele>
      </trkpt>
      <trkpt lat="51.10847" lon="3.40029">
        <ele>9</ele>
      </trkpt>
      <trkpt lat="51.10905" lon="3.40026">
        <ele>9</ele>
      </trkpt>
      <trkpt lat="51.11044" lon="3.40035">
        <ele>9</ele>
      </trkpt>
      <trkpt lat="51.11158" lon="3.40019">
        <ele>10</ele>
      </trkpt>
      <trkpt lat="51.11174" lon="3.40015">
        <ele>10</ele>
      </trkpt>
      <trkpt lat="51.11235" lon="3.39987">
        <ele>10</ele>
      </trkpt>
      <trkpt lat="51.11259" lon="3.39969">
        <ele>10</ele>
      </trkpt>
      <trkpt lat="51.11282" lon="3.39938">
        <ele>9</ele>
      </trkpt>
      <trkpt lat="51.11317" lon="3.39875">
        <ele>9</ele>
      </trkpt>
      <trkpt lat="51.11358" lon="3.39793">
        <ele>9</ele>
      </trkpt>
      <trkpt lat="51.11402" lon="3.39701">
        <ele>9</ele>
      </trkpt>
      <trkpt lat="51.11459" lon="3.3959">
        <ele>9</ele>
      </trkpt>
      <trkpt lat="51.11467" lon="3.3958">
        <ele>9</ele>
      </trkpt>
      <trkpt lat="51.11478" lon="3.39558">
        <ele>9</ele>
      </trkpt>
      <trkpt lat="51.11482" lon="3.39545">
        <ele>9</ele>
      </trkpt>
      <trkpt lat="51.11506" lon="3.395">
        <ele>9</ele>
      </trkpt>
      <trkpt lat="51.11621" lon="3.39287">
        <ele>9</ele>
      </trkpt>
      <trkpt lat="51.11644" lon="3.39236">
        <ele>10</ele>
      </trkpt>
      <trkpt lat="51.1165" lon="3.39217">
        <ele>11</ele>
      </trkpt>
      <trkpt lat="51.11711" lon="3.39111">
        <ele>8</ele>
      </trkpt>
      <trkpt lat="51.11746" lon="3.39044">
        <ele>8</ele>
      </trkpt>
      <trkpt lat="51.11997" lon="3.38516">
        <ele>7</ele>
      </trkpt>
      <trkpt lat="51.1223" lon="3.38016">
        <ele>7</ele>
      </trkpt>
      <trkpt lat="51.12236" lon="3.38">
        <ele>8</ele>
      </trkpt>
      <trkpt lat="51.1224" lon="3.38003">
        <ele>6</ele>
      </trkpt>
      <trkpt lat="51.12246" lon="3.3798">
        <ele>6</ele>
      </trkpt>
      <trkpt lat="51.12269" lon="3.37926">
        <ele>6</ele>
      </trkpt>
      <trkpt lat="51.12355" lon="3.37745">
        <ele>7</ele>
      </trkpt>
      <trkpt lat="51.12386" lon="3.37686">
        <ele>7</ele>
      </trkpt>
      <trkpt lat="51.12423" lon="3.37623">
        <ele>7</ele>
      </trkpt>
      <trkpt lat="51.12457" lon="3.37573">
        <ele>7</ele>
      </trkpt>
      <trkpt lat="51.12537" lon="3.37473">
        <ele>6</ele>
      </trkpt>
      <trkpt lat="51.1255" lon="3.3746">
        <ele>6</ele>
      </trkpt>
      <trkpt lat="51.12568" lon="3.37442">
        <ele>5</ele>
      </trkpt>
      <trkpt lat="51.12562" lon="3.37429">
        <ele>5</ele>
      </trkpt>
      <trkpt lat="51.12564" lon="3.37426">
        <ele>5</ele>
      </trkpt>
      <trkpt lat="51.12566" lon="3.37413">
        <ele>5</ele>
      </trkpt>
      <trkpt lat="51.12532" lon="3.37322">
        <ele>8</ele>
      </trkpt>
      <trkpt lat="51.12524" lon="3.37309">
        <ele>8</ele>
      </trkpt>
      <trkpt lat="51.12514" lon="3.37294">
        <ele>9</ele>
      </trkpt>
      <trkpt lat="51.12512" lon="3.37279">
        <ele>9</ele>
      </trkpt>
      <trkpt lat="51.12519" lon="3.37252">
        <ele>10</ele>
      </trkpt>
      <trkpt lat="51.1252" lon="3.37237">
        <ele>10</ele>
      </trkpt>
      <trkpt lat="51.12523" lon="3.37229">
        <ele>10</ele>
      </trkpt>
      <trkpt lat="51.12651" lon="3.37555">
        <ele>12</ele>
      </trkpt>
      <trkpt lat="51.12697" lon="3.37681">
        <ele>9</ele>
      </trkpt>
      <trkpt lat="51.12752" lon="3.37839">
        <ele>8</ele>
      </trkpt>
      <trkpt lat="51.12762" lon="3.37829">
        <ele>8</ele>
      </trkpt>
      <trkpt lat="51.12767" lon="3.3782">
        <ele>8</ele>
      </trkpt>
      <trkpt lat="51.12766" lon="3.378">
        <ele>8</ele>
      </trkpt>
      <trkpt lat="51.12763" lon="3.37787">
        <ele>8</ele>
      </trkpt>
      <trkpt lat="51.12763" lon="3.37717">
        <ele>8</ele>
      </trkpt>
      <trkpt lat="51.12757" lon="3.37528">
        <ele>8</ele>
      </trkpt>
      <trkpt lat="51.12754" lon="3.37509">
        <ele>8</ele>
      </trkpt>
      <trkpt lat="51.12753" lon="3.37469">
        <ele>8</ele>
      </trkpt>
      <trkpt lat="51.12755" lon="3.37434">
        <ele>8</ele>
      </trkpt>
      <trkpt lat="51.12758" lon="3.37418">
        <ele>8</ele>
      </trkpt>
      <trkpt lat="51.12767" lon="3.37392">
        <ele>9</ele>
      </trkpt>
      <trkpt lat="51.12782" lon="3.37365">
        <ele>9</ele>
      </trkpt>
      <trkpt lat="51.12846" lon="3.37289">
        <ele>9</ele>
      </trkpt>
      <trkpt lat="51.12871" lon="3.3726">
        <ele>8</ele>
      </trkpt>
      <trkpt lat="51.12898" lon="3.37222">
        <ele>9</ele>
      </trkpt>
      <trkpt lat="51.12958" lon="3.3713">
        <ele>9</ele>
      </trkpt>
      <trkpt lat="51.1297" lon="3.37118">
        <ele>9</ele>
      </trkpt>
      <trkpt lat="51.12978" lon="3.37115">
        <ele>9</ele>
      </trkpt>
      <trkpt lat="51.12978" lon="3.37102">
        <ele>9</ele>
      </trkpt>
      <trkpt lat="51.12979" lon="3.37094">
        <ele>9</ele>
      </trkpt>
      <trkpt lat="51.13028" lon="3.36994">
        <ele>8</ele>
      </trkpt>
      <trkpt lat="51.13063" lon="3.36912">
        <ele>8</ele>
      </trkpt>
      <trkpt lat="51.13088" lon="3.36847">
        <ele>8</ele>
      </trkpt>
      <trkpt lat="51.13124" lon="3.36738">
        <ele>8</ele>
      </trkpt>
      <trkpt lat="51.13155" lon="3.36619">
        <ele>7</ele>
      </trkpt>
      <trkpt lat="51.13168" lon="3.36558">
        <ele>8</ele>
      </trkpt>
      <trkpt lat="51.13189" lon="3.36436">
        <ele>8</ele>
      </trkpt>
      <trkpt lat="51.13199" lon="3.3635">
        <ele>8</ele>
      </trkpt>
      <trkpt lat="51.1321" lon="3.36209">
        <ele>8</ele>
      </trkpt>
      <trkpt lat="51.13222" lon="3.35316">
        <ele>10</ele>
      </trkpt>
      <trkpt lat="51.13227" lon="3.34966">
        <ele>9</ele>
      </trkpt>
      <trkpt lat="51.13232" lon="3.3468">
        <ele>10</ele>
      </trkpt>
      <trkpt lat="51.13236" lon="3.3453">
        <ele>9</ele>
      </trkpt>
      <trkpt lat="51.13241" lon="3.34447">
        <ele>9</ele>
      </trkpt>
      <trkpt lat="51.13249" lon="3.34357">
        <ele>9</ele>
      </trkpt>
      <trkpt lat="51.13263" lon="3.34255">
        <ele>8</ele>
      </trkpt>
      <trkpt lat="51.13272" lon="3.34204">
        <ele>9</ele>
      </trkpt>
      <trkpt lat="51.13288" lon="3.34124">
        <ele>9</ele>
      </trkpt>
      <trkpt lat="51.13313" lon="3.34028">
        <ele>9</ele>
      </trkpt>
      <trkpt lat="51.13336" lon="3.33953">
        <ele>8</ele>
      </trkpt>
      <trkpt lat="51.13356" lon="3.339">
        <ele>8</ele>
      </trkpt>
      <trkpt lat="51.13404" lon="3.33784">
        <ele>9</ele>
      </trkpt>
      <trkpt lat="51.13414" lon="3.33762">
        <ele>9</ele>
      </trkpt>
      <trkpt lat="51.13451" lon="3.33691">
        <ele>9</ele>
      </trkpt>
      <trkpt lat="51.1352" lon="3.33581">
        <ele>8</ele>
      </trkpt>
      <trkpt lat="51.13653" lon="3.33399">
        <ele>10</ele>
      </trkpt>
      <trkpt lat="51.13836" lon="3.33166">
        <ele>9</ele>
      </trkpt>
      <trkpt lat="51.13859" lon="3.33131">
        <ele>9</ele>
      </trkpt>
      <trkpt lat="51.13913" lon="3.33037">
        <ele>7</ele>
      </trkpt>
      <trkpt lat="51.13964" lon="3.32936">
        <ele>6</ele>
      </trkpt>
      <trkpt lat="51.13979" lon="3.32963">
        <ele>6</ele>
      </trkpt>
      <trkpt lat="51.1401" lon="3.3302">
        <ele>7</ele>
      </trkpt>
      <trkpt lat="51.14035" lon="3.32979">
        <ele>7</ele>
      </trkpt>
      <trkpt lat="51.14049" lon="3.32957">
        <ele>7</ele>
      </trkpt>
      <trkpt lat="51.14056" lon="3.32938">
        <ele>7</ele>
      </trkpt>
      <trkpt lat="51.14065" lon="3.32893">
        <ele>7</ele>
      </trkpt>
      <trkpt lat="51.14072" lon="3.32877">
        <ele>6</ele>
      </trkpt>
      <trkpt lat="51.14093" lon="3.32851">
        <ele>6</ele>
      </trkpt>
      <trkpt lat="51.14125" lon="3.32805">
        <ele>6</ele>
      </trkpt>
      <trkpt lat="51.14132" lon="3.32798">
        <ele>6</ele>
      </trkpt>
      <trkpt lat="51.1415" lon="3.32787">
        <ele>6</ele>
      </trkpt>
      <trkpt lat="51.14169" lon="3.32781">
        <ele>7</ele>
      </trkpt>
      <trkpt lat="51.14224" lon="3.32776">
        <ele>7</ele>
      </trkpt>
      <trkpt lat="51.14253" lon="3.32774">
        <ele>8</ele>
      </trkpt>
      <trkpt lat="51.14246" lon="3.32601">
        <ele>7</ele>
      </trkpt>
      <trkpt lat="51.14239" lon="3.32505">
        <ele>6</ele>
      </trkpt>
      <trkpt lat="51.14233" lon="3.32483">
        <ele>6</ele>
      </trkpt>
      <trkpt lat="51.1419" lon="3.32377">
        <ele>6</ele>
      </trkpt>
      <trkpt lat="51.14185" lon="3.3236">
        <ele>6</ele>
      </trkpt>
      <trkpt lat="51.14169" lon="3.32229">
        <ele>6</ele>
      </trkpt>
      <trkpt lat="51.14169" lon="3.32199">
        <ele>6</ele>
      </trkpt>
      <trkpt lat="51.14172" lon="3.32166">
        <ele>6</ele>
      </trkpt>
      <trkpt lat="51.1418" lon="3.32135">
        <ele>6</ele>
      </trkpt>
      <trkpt lat="51.14192" lon="3.32109">
        <ele>7</ele>
      </trkpt>
      <trkpt lat="51.14383" lon="3.31756">
        <ele>6</ele>
      </trkpt>
      <trkpt lat="51.14412" lon="3.31708">
        <ele>6</ele>
      </trkpt>
      <trkpt lat="51.14428" lon="3.31691">
        <ele>6</ele>
      </trkpt>
      <trkpt lat="51.14479" lon="3.31654">
        <ele>6</ele>
      </trkpt>
      <trkpt lat="51.14485" lon="3.31647">
        <ele>6</ele>
      </trkpt>
      <trkpt lat="51.14491" lon="3.31634">
        <ele>7</ele>
      </trkpt>
      <trkpt lat="51.14498" lon="3.31609">
        <ele>7</ele>
      </trkpt>
      <trkpt lat="51.14495" lon="3.31552">
        <ele>7</ele>
      </trkpt>
      <trkpt lat="51.14493" lon="3.31425">
        <ele>7</ele>
      </trkpt>
      <trkpt lat="51.14489" lon="3.31332">
        <ele>7</ele>
      </trkpt>
      <trkpt lat="51.14496" lon="3.31314">
        <ele>7</ele>
      </trkpt>
      <trkpt lat="51.14531" lon="3.31248">
        <ele>6</ele>
      </trkpt>
      <trkpt lat="51.14576" lon="3.31122">
        <ele>6</ele>
      </trkpt>
      <trkpt lat="51.14582" lon="3.31108">
        <ele>6</ele>
      </trkpt>
      <trkpt lat="51.14593" lon="3.31095">
        <ele>6</ele>
      </trkpt>
      <trkpt lat="51.14616" lon="3.31068">
        <ele>6</ele>
      </trkpt>
      <trkpt lat="51.14656" lon="3.31025">
        <ele>6</ele>
      </trkpt>
      <trkpt lat="51.14788" lon="3.30902">
        <ele>7</ele>
      </trkpt>
      <trkpt lat="51.14861" lon="3.30822">
        <ele>7</ele>
      </trkpt>
      <trkpt lat="51.14879" lon="3.30798">
        <ele>7</ele>
      </trkpt>
      <trkpt lat="51.14907" lon="3.30743">
        <ele>7</ele>
      </trkpt>
      <trkpt lat="51.14929" lon="3.30693">
        <ele>7</ele>
      </trkpt>
      <trkpt lat="51.14944" lon="3.30653">
        <ele>6</ele>
      </trkpt>
      <trkpt lat="51.14982" lon="3.3052">
        <ele>6</ele>
      </trkpt>
      <trkpt lat="51.14995" lon="3.30486">
        <ele>6</ele>
      </trkpt>
      <trkpt lat="51.15051" lon="3.3038">
        <ele>6</ele>
      </trkpt>
      <trkpt lat="51.15077" lon="3.30319">
        <ele>5</ele>
      </trkpt>
      <trkpt lat="51.15098" lon="3.30266">
        <ele>6</ele>
      </trkpt>
      <trkpt lat="51.15174" lon="3.30027">
        <ele>5</ele>
      </trkpt>
      <trkpt lat="51.15194" lon="3.29958">
        <ele>5</ele>
      </trkpt>
      <trkpt lat="51.15233" lon="3.29801">
        <ele>5</ele>
      </trkpt>
      <trkpt lat="51.15266" lon="3.29591">
        <ele>5</ele>
      </trkpt>
      <trkpt lat="51.15277" lon="3.29503">
        <ele>5</ele>
      </trkpt>
      <trkpt lat="51.15285" lon="3.29414">
        <ele>4</ele>
      </trkpt>
      <trkpt lat="51.15284" lon="3.29285">
        <ele>4</ele>
      </trkpt>
      <trkpt lat="51.15283" lon="3.29262">
        <ele>4</ele>
      </trkpt>
      <trkpt lat="51.15234" lon="3.29139">
        <ele>5</ele>
      </trkpt>
      <trkpt lat="51.15215" lon="3.29095">
        <ele>5</ele>
      </trkpt>
      <trkpt lat="51.15172" lon="3.29005">
        <ele>5</ele>
      </trkpt>
      <trkpt lat="51.15127" lon="3.28846">
        <ele>4</ele>
      </trkpt>
      <trkpt lat="51.15127" lon="3.28821">
        <ele>4</ele>
      </trkpt>
      <trkpt lat="51.15134" lon="3.28741">
        <ele>4</ele>
      </trkpt>
      <trkpt lat="51.15139" lon="3.2872">
        <ele>5</ele>
      </trkpt>
      <trkpt lat="51.15165" lon="3.28648">
        <ele>5</ele>
      </trkpt>
      <trkpt lat="51.15194" lon="3.28536">
        <ele>4</ele>
      </trkpt>
      <trkpt lat="51.15227" lon="3.28348">
        <ele>4</ele>
      </trkpt>
      <trkpt lat="51.15234" lon="3.28317">
        <ele>4</ele>
      </trkpt>
      <trkpt lat="51.15264" lon="3.28254">
        <ele>4</ele>
      </trkpt>
      <trkpt lat="51.15342" lon="3.28097">
        <ele>4</ele>
      </trkpt>
      <trkpt lat="51.1535" lon="3.28072">
        <ele>4</ele>
      </trkpt>
      <trkpt lat="51.15352" lon="3.2806">
        <ele>4</ele>
      </trkpt>
      <trkpt lat="51.1535" lon="3.2797">
        <ele>4</ele>
      </trkpt>
      <trkpt lat="51.15353" lon="3.27863">
        <ele>3</ele>
      </trkpt>
      <trkpt lat="51.15358" lon="3.27833">
        <ele>3</ele>
      </trkpt>
      <trkpt lat="51.15368" lon="3.278">
        <ele>3</ele>
      </trkpt>
      <trkpt lat="51.15413" lon="3.2766">
        <ele>4</ele>
      </trkpt>
      <trkpt lat="51.15421" lon="3.2764">
        <ele>3</ele>
      </trkpt>
      <trkpt lat="51.15433" lon="3.27624">
        <ele>3</ele>
      </trkpt>
      <trkpt lat="51.1545" lon="3.27613">
        <ele>3</ele>
      </trkpt>
      <trkpt lat="51.15466" lon="3.27611">
        <ele>3</ele>
      </trkpt>
      <trkpt lat="51.15493" lon="3.2762">
        <ele>4</ele>
      </trkpt>
      <trkpt lat="51.15504" lon="3.27618">
        <ele>4</ele>
      </trkpt>
      <trkpt lat="51.15513" lon="3.27607">
        <ele>4</ele>
      </trkpt>
      <trkpt lat="51.15561" lon="3.27507">
        <ele>4</ele>
      </trkpt>
      <trkpt lat="51.1558" lon="3.27476">
        <ele>4</ele>
      </trkpt>
      <trkpt lat="51.15598" lon="3.27459">
        <ele>4</ele>
      </trkpt>
      <trkpt lat="51.15623" lon="3.27446">
        <ele>4</ele>
      </trkpt>
      <trkpt lat="51.15656" lon="3.2742">
        <ele>4</ele>
      </trkpt>
      <trkpt lat="51.15681" lon="3.27393">
        <ele>4</ele>
      </trkpt>
      <trkpt lat="51.15697" lon="3.27372">
        <ele>5</ele>
      </trkpt>
      <trkpt lat="51.15765" lon="3.27264">
        <ele>4</ele>
      </trkpt>
      <trkpt lat="51.15777" lon="3.27237">
        <ele>4</ele>
      </trkpt>
      <trkpt lat="51.15815" lon="3.2715">
        <ele>4</ele>
      </trkpt>
      <trkpt lat="51.1582" lon="3.27138">
        <ele>4</ele>
      </trkpt>
      <trkpt lat="51.15829" lon="3.27128">
        <ele>4</ele>
      </trkpt>
      <trkpt lat="51.15837" lon="3.27124">
        <ele>4</ele>
      </trkpt>
      <trkpt lat="51.15837" lon="3.27096">
        <ele>4</ele>
      </trkpt>
      <trkpt lat="51.15839" lon="3.27082">
        <ele>4</ele>
      </trkpt>
      <trkpt lat="51.15883" lon="3.26956">
        <ele>4</ele>
      </trkpt>
      <trkpt lat="51.15939" lon="3.26822">
        <ele>4</ele>
      </trkpt>
      <trkpt lat="51.15951" lon="3.26788">
        <ele>4</ele>
      </trkpt>
      <trkpt lat="51.16005" lon="3.2666">
        <ele>4</ele>
      </trkpt>
      <trkpt lat="51.16045" lon="3.26584">
        <ele>4</ele>
      </trkpt>
      <trkpt lat="51.16082" lon="3.26521">
        <ele>4</ele>
      </trkpt>
      <trkpt lat="51.16093" lon="3.26499">
        <ele>4</ele>
      </trkpt>
      <trkpt lat="51.16201" lon="3.26318">
        <ele>4</ele>
      </trkpt>
      <trkpt lat="51.16216" lon="3.26289">
        <ele>4</ele>
      </trkpt>
      <trkpt lat="51.16198" lon="3.26269">
        <ele>4</ele>
      </trkpt>
      <trkpt lat="51.15987" lon="3.2605">
        <ele>3</ele>
      </trkpt>
      <trkpt lat="51.15962" lon="3.26023">
        <ele>5</ele>
      </trkpt>
      <trkpt lat="51.15961" lon="3.26014">
        <ele>5</ele>
      </trkpt>
      <trkpt lat="51.15959" lon="3.2601">
        <ele>5</ele>
      </trkpt>
      <trkpt lat="51.1599" lon="3.25964">
        <ele>4</ele>
      </trkpt>
      <trkpt lat="51.16149" lon="3.25764">
        <ele>4</ele>
      </trkpt>
      <trkpt lat="51.16156" lon="3.25759">
        <ele>4</ele>
      </trkpt>
      <trkpt lat="51.16163" lon="3.25762">
        <ele>4</ele>
      </trkpt>
      <trkpt lat="51.16173" lon="3.25776">
        <ele>4</ele>
      </trkpt>
      <trkpt lat="51.16179" lon="3.2578">
        <ele>4</ele>
      </trkpt>
      <trkpt lat="51.16183" lon="3.25778">
        <ele>4</ele>
      </trkpt>
      <trkpt lat="51.16192" lon="3.25771">
        <ele>3</ele>
      </trkpt>
      <trkpt lat="51.16306" lon="3.25628">
        <ele>4</ele>
      </trkpt>
      <trkpt lat="51.16515" lon="3.25373">
        <ele>4</ele>
      </trkpt>
      <trkpt lat="51.16801" lon="3.25032">
        <ele>4</ele>
      </trkpt>
      <trkpt lat="51.17067" lon="3.2472">
        <ele>4</ele>
      </trkpt>
      <trkpt lat="51.17104" lon="3.24672">
        <ele>4</ele>
      </trkpt>
      <trkpt lat="51.17126" lon="3.24639">
        <ele>3</ele>
      </trkpt>
      <trkpt lat="51.17158" lon="3.24578">
        <ele>4</ele>
      </trkpt>
      <trkpt lat="51.17195" lon="3.24494">
        <ele>4</ele>
      </trkpt>
      <trkpt lat="51.17233" lon="3.24393">
        <ele>4</ele>
      </trkpt>
      <trkpt lat="51.17259" lon="3.24309">
        <ele>4</ele>
      </trkpt>
      <trkpt lat="51.1727" lon="3.24253">
        <ele>4</ele>
      </trkpt>
      <trkpt lat="51.17276" lon="3.24202">
        <ele>4</ele>
      </trkpt>
      <trkpt lat="51.17284" lon="3.24093">
        <ele>4</ele>
      </trkpt>
      <trkpt lat="51.17294" lon="3.24012">
        <ele>4</ele>
      </trkpt>
      <trkpt lat="51.17301" lon="3.2398">
        <ele>3</ele>
      </trkpt>
      <trkpt lat="51.1731" lon="3.2395">
        <ele>3</ele>
      </trkpt>
      <trkpt lat="51.1733" lon="3.23901">
        <ele>4</ele>
      </trkpt>
      <trkpt lat="51.17364" lon="3.23832">
        <ele>4</ele>
      </trkpt>
      <trkpt lat="51.17424" lon="3.23724">
        <ele>4</ele>
      </trkpt>
      <trkpt lat="51.17454" lon="3.23679">
        <ele>4</ele>
      </trkpt>
      <trkpt lat="51.17482" lon="3.23645">
        <ele>4</ele>
      </trkpt>
      <trkpt lat="51.17548" lon="3.23582">
        <ele>4</ele>
      </trkpt>
      <trkpt lat="51.17578" lon="3.23558">
        <ele>4</ele>
      </trkpt>
      <trkpt lat="51.17617" lon="3.23532">
        <ele>4</ele>
      </trkpt>
      <trkpt lat="51.17666" lon="3.23504">
        <ele>4</ele>
      </trkpt>
      <trkpt lat="51.17784" lon="3.23448">
        <ele>3</ele>
      </trkpt>
      <trkpt lat="51.17784" lon="3.23396">
        <ele>4</ele>
      </trkpt>
      <trkpt lat="51.17786" lon="3.2339">
        <ele>4</ele>
      </trkpt>
      <trkpt lat="51.17788" lon="3.23359">
        <ele>3</ele>
      </trkpt>
      <trkpt lat="51.17799" lon="3.23363">
        <ele>3</ele>
      </trkpt>
      <trkpt lat="51.17815" lon="3.23363">
        <ele>4</ele>
      </trkpt>
      <trkpt lat="51.17929" lon="3.23363">
        <ele>4</ele>
      </trkpt>
      <trkpt lat="51.17942" lon="3.23382">
        <ele>4</ele>
      </trkpt>
      <trkpt lat="51.18046" lon="3.23282">
        <ele>4</ele>
      </trkpt>
      <trkpt lat="51.18073" lon="3.23268">
        <ele>4</ele>
      </trkpt>
      <trkpt lat="51.18115" lon="3.23258">
        <ele>4</ele>
      </trkpt>
      <trkpt lat="51.18134" lon="3.23258">
        <ele>4</ele>
      </trkpt>
      <trkpt lat="51.18175" lon="3.23266">
        <ele>4</ele>
      </trkpt>
      <trkpt lat="51.18193" lon="3.23272">
        <ele>4</ele>
      </trkpt>
      <trkpt lat="51.18266" lon="3.23306">
        <ele>4</ele>
      </trkpt>
      <trkpt lat="51.18286" lon="3.23312">
        <ele>4</ele>
      </trkpt>
      <trkpt lat="51.1831" lon="3.23313">
        <ele>4</ele>
      </trkpt>
      <trkpt lat="51.18626" lon="3.23286">
        <ele>4</ele>
      </trkpt>
      <trkpt lat="51.18676" lon="3.23272">
        <ele>4</ele>
      </trkpt>
      <trkpt lat="51.18706" lon="3.23257">
        <ele>4</ele>
      </trkpt>
      <trkpt lat="51.18736" lon="3.23249">
        <ele>4</ele>
      </trkpt>
      <trkpt lat="51.18844" lon="3.23248">
        <ele>4</ele>
      </trkpt>
      <trkpt lat="51.18919" lon="3.23241">
        <ele>4</ele>
      </trkpt>
      <trkpt lat="51.18953" lon="3.2323">
        <ele>4</ele>
      </trkpt>
      <trkpt lat="51.18989" lon="3.23215">
        <ele>4</ele>
      </trkpt>
      <trkpt lat="51.19091" lon="3.23156">
        <ele>4</ele>
      </trkpt>
      <trkpt lat="51.19181" lon="3.23096">
        <ele>4</ele>
      </trkpt>
      <trkpt lat="51.192" lon="3.23076">
        <ele>3</ele>
      </trkpt>
      <trkpt lat="51.19291" lon="3.22955">
        <ele>4</ele>
      </trkpt>
      <trkpt lat="51.19317" lon="3.22917">
        <ele>3</ele>
      </trkpt>
      <trkpt lat="51.19332" lon="3.22883">
        <ele>3</ele>
      </trkpt>
      <trkpt lat="51.19339" lon="3.22858">
        <ele>3</ele>
      </trkpt>
      <trkpt lat="51.19349" lon="3.22788">
        <ele>4</ele>
      </trkpt>
      <trkpt lat="51.19355" lon="3.22767">
        <ele>4</ele>
      </trkpt>
      <trkpt lat="51.1938" lon="3.22696">
        <ele>3</ele>
      </trkpt>
      <trkpt lat="51.19394" lon="3.22664">
        <ele>4</ele>
      </trkpt>
      <trkpt lat="51.19442" lon="3.22582">
        <ele>3</ele>
      </trkpt>
      <trkpt lat="51.19468" lon="3.22546">
        <ele>3</ele>
      </trkpt>
      <trkpt lat="51.19549" lon="3.22463">
        <ele>3</ele>
      </trkpt>
      <trkpt lat="51.19651" lon="3.22365">
        <ele>4</ele>
      </trkpt>
      <trkpt lat="51.19662" lon="3.22361">
        <ele>5</ele>
      </trkpt>
      <trkpt lat="51.19673" lon="3.22361">
        <ele>5</ele>
      </trkpt>
      <trkpt lat="51.19676" lon="3.22363">
        <ele>5</ele>
      </trkpt>
      <trkpt lat="51.19693" lon="3.22235">
        <ele>4</ele>
      </trkpt>
      <trkpt lat="51.19699" lon="3.22203">
        <ele>5</ele>
      </trkpt>
      <trkpt lat="51.19719" lon="3.22131">
        <ele>5</ele>
      </trkpt>
      <trkpt lat="51.19755" lon="3.22045">
        <ele>5</ele>
      </trkpt>
      <trkpt lat="51.19758" lon="3.22035">
        <ele>5</ele>
      </trkpt>
      <trkpt lat="51.19786" lon="3.21993">
        <ele>5</ele>
      </trkpt>
      <trkpt lat="51.19824" lon="3.21952">
        <ele>5</ele>
      </trkpt>
      <trkpt lat="51.19963" lon="3.21831">
        <ele>5</ele>
      </trkpt>
      <trkpt lat="51.19966" lon="3.21825">
        <ele>5</ele>
      </trkpt>
      <trkpt lat="51.19988" lon="3.21744">
        <ele>5</ele>
      </trkpt>
      <trkpt lat="51.19998" lon="3.21686">
        <ele>4</ele>
      </trkpt>
      <trkpt lat="51.20002" lon="3.21671">
        <ele>4</ele>
      </trkpt>
      <trkpt lat="51.20049" lon="3.21567">
        <ele>5</ele>
      </trkpt>
      <trkpt lat="51.20051" lon="3.21545">
        <ele>5</ele>
      </trkpt>
      <trkpt lat="51.20233" lon="3.21442">
        <ele>5</ele>
      </trkpt>
      <trkpt lat="51.20461" lon="3.21312">
        <ele>6</ele>
      </trkpt>
      <trkpt lat="51.20467" lon="3.21302">
        <ele>6</ele>
      </trkpt>
      <trkpt lat="51.20483" lon="3.21298">
        <ele>6</ele>
      </trkpt>
      <trkpt lat="51.20539" lon="3.2131">
        <ele>6</ele>
      </trkpt>
      <trkpt lat="51.20649" lon="3.21331">
        <ele>5</ele>
      </trkpt>
      <trkpt lat="51.20801" lon="3.21361">
        <ele>5</ele>
      </trkpt>
      <trkpt lat="51.20917" lon="3.21384">
        <ele>5</ele>
      </trkpt>
      <trkpt lat="51.20934" lon="3.21376">
        <ele>5</ele>
      </trkpt>
      <trkpt lat="51.20951" lon="3.2136">
        <ele>5</ele>
      </trkpt>
      <trkpt lat="51.20955" lon="3.21362">
        <ele>5</ele>
      </trkpt>
      <trkpt lat="51.2098" lon="3.21372">
        <ele>5</ele>
      </trkpt>
      <trkpt lat="51.20983" lon="3.21368">
        <ele>5</ele>
      </trkpt>
      <trkpt lat="51.20985" lon="3.21364">
        <ele>5</ele>
      </trkpt>
      <trkpt lat="51.21001" lon="3.21357">
        <ele>5</ele>
      </trkpt>
      <trkpt lat="51.21001" lon="3.21343">
        <ele>4</ele>
      </trkpt>
      <trkpt lat="51.21002" lon="3.21336">
        <ele>3</ele>
      </trkpt>
      <trkpt lat="51.21014" lon="3.21313">
        <ele>3</ele>
      </trkpt>
      <trkpt lat="51.21026" lon="3.21289">
        <ele>5</ele>
      </trkpt>
      <trkpt lat="51.21059" lon="3.21296">
        <ele>4</ele>
      </trkpt>
      <trkpt lat="51.21095" lon="3.21293">
        <ele>4</ele>
      </trkpt>
      <trkpt lat="51.21107" lon="3.21298">
        <ele>4</ele>
      </trkpt>
      <trkpt lat="51.21119" lon="3.21303">
        <ele>5</ele>
      </trkpt>
      <trkpt lat="51.21124" lon="3.21279">
        <ele>5</ele>
      </trkpt>
      <trkpt lat="51.21126" lon="3.2127">
        <ele>5</ele>
      </trkpt>
      <trkpt lat="51.21134" lon="3.21264">
        <ele>4</ele>
      </trkpt>
      <trkpt lat="51.21229" lon="3.20776">
        <ele>4</ele>
      </trkpt>
      <trkpt lat="51.21243" lon="3.20719">
        <ele>4</ele>
      </trkpt>
      <trkpt lat="51.21255" lon="3.20681">
        <ele>4</ele>
      </trkpt>
      <trkpt lat="51.2128" lon="3.20612">
        <ele>4</ele>
      </trkpt>
      <trkpt lat="51.213" lon="3.20571">
        <ele>4</ele>
      </trkpt>
      <trkpt lat="51.21325" lon="3.20517">
        <ele>4</ele>
      </trkpt>
      <trkpt lat="51.21338" lon="3.20495">
        <ele>4</ele>
      </trkpt>
      <trkpt lat="51.21371" lon="3.20445">
        <ele>3</ele>
      </trkpt>
      <trkpt lat="51.21401" lon="3.20407">
        <ele>4</ele>
      </trkpt>
      <trkpt lat="51.21442" lon="3.20366">
        <ele>3</ele>
      </trkpt>
      <trkpt lat="51.21479" lon="3.20335">
        <ele>3</ele>
      </trkpt>
      <trkpt lat="51.2152" lon="3.20307">
        <ele>3</ele>
      </trkpt>
      <trkpt lat="51.21546" lon="3.20293">
        <ele>3</ele>
      </trkpt>
      <trkpt lat="51.21682" lon="3.20244">
        <ele>3</ele>
      </trkpt>
      <trkpt lat="51.21703" lon="3.20236">
        <ele>3</ele>
      </trkpt>
      <trkpt lat="51.21696" lon="3.20176">
        <ele>2</ele>
      </trkpt>
      <trkpt lat="51.21689" lon="3.20085">
        <ele>3</ele>
      </trkpt>
      <trkpt lat="51.2169" lon="3.20061">
        <ele>3</ele>
      </trkpt>
      <trkpt lat="51.21694" lon="3.20024">
        <ele>2</ele>
      </trkpt>
      <trkpt lat="51.21703" lon="3.19985">
        <ele>2</ele>
      </trkpt>
      <trkpt lat="51.21752" lon="3.19827">
        <ele>2</ele>
      </trkpt>
      <trkpt lat="51.2177" lon="3.19768">
        <ele>2</ele>
      </trkpt>
      <trkpt lat="51.21784" lon="3.19705">
        <ele>2</ele>
      </trkpt>
      <trkpt lat="51.21807" lon="3.19588">
        <ele>2</ele>
      </trkpt>
      <trkpt lat="51.21815" lon="3.19524">
        <ele>3</ele>
      </trkpt>
      <trkpt lat="51.21818" lon="3.19457">
        <ele>2</ele>
      </trkpt>
      <trkpt lat="51.21817" lon="3.1941">
        <ele>3</ele>
      </trkpt>
      <trkpt lat="51.21807" lon="3.19342">
        <ele>2</ele>
      </trkpt>
      <trkpt lat="51.21778" lon="3.19208">
        <ele>3</ele>
      </trkpt>
      <trkpt lat="51.2174" lon="3.19049">
        <ele>3</ele>
      </trkpt>
      <trkpt lat="51.21722" lon="3.18968">
        <ele>2</ele>
      </trkpt>
      <trkpt lat="51.21714" lon="3.18922">
        <ele>2</ele>
      </trkpt>
      <trkpt lat="51.21709" lon="3.18872">
        <ele>2</ele>
      </trkpt>
      <trkpt lat="51.21708" lon="3.1884">
        <ele>2</ele>
      </trkpt>
      <trkpt lat="51.21708" lon="3.18807">
        <ele>2</ele>
      </trkpt>
      <trkpt lat="51.21556" lon="3.18836">
        <ele>1</ele>
      </trkpt>
      <trkpt lat="51.21552" lon="3.18838">
        <ele>1</ele>
      </trkpt>
      <trkpt lat="51.21549" lon="3.18847">
        <ele>1</ele>
      </trkpt>
      <trkpt lat="51.21553" lon="3.18856">
        <ele>4</ele>
      </trkpt>
      <trkpt lat="51.21557" lon="3.18858">
        <ele>4</ele>
      </trkpt>
      <trkpt lat="51.21669" lon="3.18842">
        <ele>7</ele>
      </trkpt>
      <trkpt lat="51.21777" lon="3.18822">
        <ele>10</ele>
      </trkpt>
      <trkpt lat="51.21896" lon="3.18794">
        <ele>6</ele>
      </trkpt>
      <trkpt lat="51.219" lon="3.18786">
        <ele>4</ele>
      </trkpt>
      <trkpt lat="51.21898" lon="3.18776">
        <ele>1</ele>
      </trkpt>
      <trkpt lat="51.21894" lon="3.18774">
        <ele>1</ele>
      </trkpt>
      <trkpt lat="51.21753" lon="3.18796">
        <ele>3</ele>
      </trkpt>
      <trkpt lat="51.21752" lon="3.18611">
        <ele>2</ele>
      </trkpt>
      <trkpt lat="51.21752" lon="3.18535">
        <ele>3</ele>
      </trkpt>
      <trkpt lat="51.2176" lon="3.18202">
        <ele>2</ele>
      </trkpt>
      <trkpt lat="51.21757" lon="3.18125">
        <ele>2</ele>
      </trkpt>
      <trkpt lat="51.21743" lon="3.17997">
        <ele>2</ele>
      </trkpt>
      <trkpt lat="51.21733" lon="3.17887">
        <ele>3</ele>
      </trkpt>
      <trkpt lat="51.21732" lon="3.17848">
        <ele>3</ele>
      </trkpt>
      <trkpt lat="51.21734" lon="3.17732">
        <ele>3</ele>
      </trkpt>
      <trkpt lat="51.21733" lon="3.17659">
        <ele>2</ele>
      </trkpt>
      <trkpt lat="51.21713" lon="3.17428">
        <ele>3</ele>
      </trkpt>
      <trkpt lat="51.21702" lon="3.17343">
        <ele>2</ele>
      </trkpt>
      <trkpt lat="51.21665" lon="3.17104">
        <ele>3</ele>
      </trkpt>
      <trkpt lat="51.21624" lon="3.16886">
        <ele>2</ele>
      </trkpt>
      <trkpt lat="51.21594" lon="3.1675">
        <ele>2</ele>
      </trkpt>
      <trkpt lat="51.21537" lon="3.16532">
        <ele>2</ele>
      </trkpt>
      <trkpt lat="51.21569" lon="3.165">
        <ele>0</ele>
      </trkpt>
      <trkpt lat="51.21569" lon="3.16499">
        <ele>0</ele>
      </trkpt>
      <trkpt lat="51.21614" lon="3.16455">
        <ele>0</ele>
      </trkpt>
      <trkpt lat="51.2167" lon="3.16402">
        <ele>0</ele>
      </trkpt>
      <trkpt lat="51.21761" lon="3.16325">
        <ele>0</ele>
      </trkpt>
      <trkpt lat="51.21913" lon="3.16191">
        <ele>0</ele>
      </trkpt>
      <trkpt lat="51.21956" lon="3.16168">
        <ele>0</ele>
      </trkpt>
      <trkpt lat="51.22034" lon="3.16107">
        <ele>0</ele>
      </trkpt>
      <trkpt lat="51.22052" lon="3.16086">
        <ele>0</ele>
      </trkpt>
      <trkpt lat="51.22097" lon="3.16085">
        <ele>-1</ele>
      </trkpt>
      <trkpt lat="51.22254" lon="3.16083">
        <ele>0</ele>
      </trkpt>
      <trkpt lat="51.22264" lon="3.1608">
        <ele>0</ele>
      </trkpt>
      <trkpt lat="51.22278" lon="3.16068">
        <ele>-1</ele>
      </trkpt>
      <trkpt lat="51.2229" lon="3.16062">
        <ele>-1</ele>
      </trkpt>
      <trkpt lat="51.22312" lon="3.16062">
        <ele>-1</ele>
      </trkpt>
      <trkpt lat="51.22331" lon="3.16065">
        <ele>-0</ele>
      </trkpt>
      <trkpt lat="51.2235" lon="3.16076">
        <ele>-2</ele>
      </trkpt>
      <trkpt lat="51.22384" lon="3.16084">
        <ele>-1</ele>
      </trkpt>
      <trkpt lat="51.22439" lon="3.16076">
        <ele>-1</ele>
      </trkpt>
      <trkpt lat="51.22531" lon="3.16082">
        <ele>-1</ele>
      </trkpt>
      <trkpt lat="51.22645" lon="3.16067">
        <ele>-1</ele>
      </trkpt>
      <trkpt lat="51.22677" lon="3.1606">
        <ele>-0</ele>
      </trkpt>
      <trkpt lat="51.22719" lon="3.16056">
        <ele>-1</ele>
      </trkpt>
      <trkpt lat="51.22726" lon="3.1605">
        <ele>-1</ele>
      </trkpt>
      <trkpt lat="51.22729" lon="3.16044">
        <ele>-0</ele>
      </trkpt>
      <trkpt lat="51.22737" lon="3.16012">
        <ele>-1</ele>
      </trkpt>
      <trkpt lat="51.22748" lon="3.1598">
        <ele>-1</ele>
      </trkpt>
      <trkpt lat="51.22751" lon="3.15951">
        <ele>-1</ele>
      </trkpt>
      <trkpt lat="51.22754" lon="3.15946">
        <ele>-1</ele>
      </trkpt>
      <trkpt lat="51.22758" lon="3.15944">
        <ele>-1</ele>
      </trkpt>
      <trkpt lat="51.22948" lon="3.15904">
        <ele>-0</ele>
      </trkpt>
      <trkpt lat="51.22977" lon="3.15892">
        <ele>0</ele>
      </trkpt>
      <trkpt lat="51.2298" lon="3.15887">
        <ele>0</ele>
      </trkpt>
      <trkpt lat="51.22981" lon="3.15879">
        <ele>0</ele>
      </trkpt>
      <trkpt lat="51.2297" lon="3.15779">
        <ele>0</ele>
      </trkpt>
      <trkpt lat="51.22971" lon="3.15767">
        <ele>0</ele>
      </trkpt>
      <trkpt lat="51.22972" lon="3.1576">
        <ele>0</ele>
      </trkpt>
      <trkpt lat="51.22977" lon="3.15751">
        <ele>0</ele>
      </trkpt>
      <trkpt lat="51.22983" lon="3.15748">
        <ele>0</ele>
      </trkpt>
      <trkpt lat="51.23026" lon="3.1574">
        <ele>0</ele>
      </trkpt>
      <trkpt lat="51.23094" lon="3.15728">
        <ele>1</ele>
      </trkpt>
      <trkpt lat="51.23109" lon="3.15722">
        <ele>1</ele>
      </trkpt>
      <trkpt lat="51.23128" lon="3.15763">
        <ele>2</ele>
      </trkpt>
      <trkpt lat="51.23141" lon="3.15786">
        <ele>1</ele>
      </trkpt>
      <trkpt lat="51.23144" lon="3.158">
        <ele>1</ele>
      </trkpt>
      <trkpt lat="51.23148" lon="3.15833">
        <ele>1</ele>
      </trkpt>
      <trkpt lat="51.23153" lon="3.1586">
        <ele>1</ele>
      </trkpt>
      <trkpt lat="51.23171" lon="3.15936">
        <ele>0</ele>
      </trkpt>
      <trkpt lat="51.23183" lon="3.15977">
        <ele>1</ele>
      </trkpt>
      <trkpt lat="51.23198" lon="3.16021">
        <ele>1</ele>
      </trkpt>
      <trkpt lat="51.23205" lon="3.16053">
        <ele>0</ele>
      </trkpt>
      <trkpt lat="51.23207" lon="3.16107">
        <ele>0</ele>
      </trkpt>
      <trkpt lat="51.23206" lon="3.16133">
        <ele>0</ele>
      </trkpt>
      <trkpt lat="51.23202" lon="3.16182">
        <ele>1</ele>
      </trkpt>
      <trkpt lat="51.23202" lon="3.1621">
        <ele>1</ele>
      </trkpt>
      <trkpt lat="51.23221" lon="3.16286">
        <ele>1</ele>
      </trkpt>
      <trkpt lat="51.23223" lon="3.16299">
        <ele>1</ele>
      </trkpt>
      <trkpt lat="51.23225" lon="3.16341">
        <ele>1</ele>
      </trkpt>
      <trkpt lat="51.23222" lon="3.164">
        <ele>1</ele>
      </trkpt>
      <trkpt lat="51.23217" lon="3.16457">
        <ele>1</ele>
      </trkpt>
      <trkpt lat="51.23198" lon="3.16555">
        <ele>0</ele>
      </trkpt>
      <trkpt lat="51.23197" lon="3.16581">
        <ele>0</ele>
      </trkpt>
      <trkpt lat="51.232" lon="3.16596">
        <ele>1</ele>
      </trkpt>
      <trkpt lat="51.23208" lon="3.16618">
        <ele>1</ele>
      </trkpt>
      <trkpt lat="51.2323" lon="3.16671">
        <ele>0</ele>
      </trkpt>
      <trkpt lat="51.23236" lon="3.1669">
        <ele>0</ele>
      </trkpt>
      <trkpt lat="51.23242" lon="3.16723">
        <ele>1</ele>
      </trkpt>
      <trkpt lat="51.23248" lon="3.16787">
        <ele>1</ele>
      </trkpt>
      <trkpt lat="51.23248" lon="3.16828">
        <ele>1</ele>
      </trkpt>
      <trkpt lat="51.23242" lon="3.16903">
        <ele>1</ele>
      </trkpt>
      <trkpt lat="51.23242" lon="3.16925">
        <ele>0</ele>
      </trkpt>
      <trkpt lat="51.23245" lon="3.16936">
        <ele>1</ele>
      </trkpt>
      <trkpt lat="51.23254" lon="3.16955">
        <ele>0</ele>
      </trkpt>
      <trkpt lat="51.23264" lon="3.16965">
        <ele>1</ele>
      </trkpt>
      <trkpt lat="51.23277" lon="3.16976">
        <ele>1</ele>
      </trkpt>
      <trkpt lat="51.23328" lon="3.1701">
        <ele>0</ele>
      </trkpt>
      <trkpt lat="51.23342" lon="3.17024">
        <ele>1</ele>
      </trkpt>
      <trkpt lat="51.23388" lon="3.17075">
        <ele>1</ele>
      </trkpt>
      <trkpt lat="51.23434" lon="3.17115">
        <ele>1</ele>
      </trkpt>
      <trkpt lat="51.23445" lon="3.17128">
        <ele>1</ele>
      </trkpt>
      <trkpt lat="51.23455" lon="3.17142">
        <ele>0</ele>
      </trkpt>
      <trkpt lat="51.23472" lon="3.17173">
        <ele>1</ele>
      </trkpt>
      <trkpt lat="51.23496" lon="3.1723">
        <ele>1</ele>
      </trkpt>
      <trkpt lat="51.23505" lon="3.17246">
        <ele>1</ele>
      </trkpt>
      <trkpt lat="51.23519" lon="3.17263">
        <ele>1</ele>
      </trkpt>
      <trkpt lat="51.23532" lon="3.17275">
        <ele>0</ele>
      </trkpt>
      <trkpt lat="51.23647" lon="3.17358">
        <ele>1</ele>
      </trkpt>
      <trkpt lat="51.23651" lon="3.17337">
        <ele>1</ele>
      </trkpt>
      <trkpt lat="51.23655" lon="3.17318">
        <ele>1</ele>
      </trkpt>
      <trkpt lat="51.23684" lon="3.17323">
        <ele>1</ele>
      </trkpt>
      <trkpt lat="51.23712" lon="3.17322">
        <ele>1</ele>
      </trkpt>
      <trkpt lat="51.238" lon="3.17306">
        <ele>1</ele>
      </trkpt>
      <trkpt lat="51.23811" lon="3.17305">
        <ele>1</ele>
      </trkpt>
      <trkpt lat="51.23845" lon="3.17308">
        <ele>1</ele>
      </trkpt>
      <trkpt lat="51.23855" lon="3.17301">
        <ele>0</ele>
      </trkpt>
      <trkpt lat="51.23879" lon="3.17265">
        <ele>1</ele>
      </trkpt>
      <trkpt lat="51.23886" lon="3.17259">
        <ele>1</ele>
      </trkpt>
      <trkpt lat="51.23894" lon="3.17255">
        <ele>0</ele>
      </trkpt>
      <trkpt lat="51.23917" lon="3.17256">
        <ele>1</ele>
      </trkpt>
      <trkpt lat="51.24001" lon="3.1728">
        <ele>1</ele>
      </trkpt>
      <trkpt lat="51.24032" lon="3.17278">
        <ele>1</ele>
      </trkpt>
      <trkpt lat="51.24044" lon="3.17274">
        <ele>1</ele>
      </trkpt>
      <trkpt lat="51.24075" lon="3.17257">
        <ele>1</ele>
      </trkpt>
      <trkpt lat="51.24101" lon="3.17237">
        <ele>1</ele>
      </trkpt>
      <trkpt lat="51.24119" lon="3.17218">
        <ele>1</ele>
      </trkpt>
      <trkpt lat="51.24132" lon="3.17208">
        <ele>1</ele>
      </trkpt>
      <trkpt lat="51.24185" lon="3.17188">
        <ele>1</ele>
      </trkpt>
      <trkpt lat="51.24208" lon="3.1716">
        <ele>1</ele>
      </trkpt>
      <trkpt lat="51.24262" lon="3.17059">
        <ele>0</ele>
      </trkpt>
      <trkpt lat="51.24272" lon="3.17045">
        <ele>1</ele>
      </trkpt>
      <trkpt lat="51.24345" lon="3.16973">
        <ele>1</ele>
      </trkpt>
      <trkpt lat="51.24354" lon="3.16961">
        <ele>1</ele>
      </trkpt>
      <trkpt lat="51.2439" lon="3.16909">
        <ele>0</ele>
      </trkpt>
      <trkpt lat="51.2441" lon="3.16884">
        <ele>0</ele>
      </trkpt>
      <trkpt lat="51.24445" lon="3.16853">
        <ele>1</ele>
      </trkpt>
      <trkpt lat="51.2447" lon="3.16837">
        <ele>1</ele>
      </trkpt>
      <trkpt lat="51.24484" lon="3.1683">
        <ele>1</ele>
      </trkpt>
      <trkpt lat="51.24564" lon="3.16801">
        <ele>1</ele>
      </trkpt>
      <trkpt lat="51.24576" lon="3.16793">
        <ele>1</ele>
      </trkpt>
      <trkpt lat="51.24586" lon="3.16781">
        <ele>1</ele>
      </trkpt>
      <trkpt lat="51.24597" lon="3.16754">
        <ele>1</ele>
      </trkpt>
      <trkpt lat="51.24606" lon="3.16728">
        <ele>1</ele>
      </trkpt>
      <trkpt lat="51.24638" lon="3.16597">
        <ele>1</ele>
      </trkpt>
      <trkpt lat="51.2464" lon="3.16575">
        <ele>1</ele>
      </trkpt>
      <trkpt lat="51.24635" lon="3.165">
        <ele>1</ele>
      </trkpt>
      <trkpt lat="51.24636" lon="3.16489">
        <ele>1</ele>
      </trkpt>
      <trkpt lat="51.24641" lon="3.16469">
        <ele>1</ele>
      </trkpt>
      <trkpt lat="51.24708" lon="3.16331">
        <ele>1</ele>
      </trkpt>
      <trkpt lat="51.2478" lon="3.16219">
        <ele>1</ele>
      </trkpt>
      <trkpt lat="51.24822" lon="3.1616">
        <ele>0</ele>
      </trkpt>
      <trkpt lat="51.2483" lon="3.16151">
        <ele>0</ele>
      </trkpt>
      <trkpt lat="51.24843" lon="3.16147">
        <ele>1</ele>
      </trkpt>
      <trkpt lat="51.2485" lon="3.1615">
        <ele>1</ele>
      </trkpt>
      <trkpt lat="51.24871" lon="3.1617">
        <ele>1</ele>
      </trkpt>
      <trkpt lat="51.24904" lon="3.1621">
        <ele>1</ele>
      </trkpt>
      <trkpt lat="51.24924" lon="3.16229">
        <ele>1</ele>
      </trkpt>
      <trkpt lat="51.24933" lon="3.16229">
        <ele>1</ele>
      </trkpt>
      <trkpt lat="51.2495" lon="3.16213">
        <ele>0</ele>
      </trkpt>
      <trkpt lat="51.25043" lon="3.16089">
        <ele>1</ele>
      </trkpt>
      <trkpt lat="51.25065" lon="3.16063">
        <ele>1</ele>
      </trkpt>
      <trkpt lat="51.25141" lon="3.15994">
        <ele>1</ele>
      </trkpt>
      <trkpt lat="51.25177" lon="3.15956">
        <ele>1</ele>
      </trkpt>
      <trkpt lat="51.25217" lon="3.15923">
        <ele>1</ele>
      </trkpt>
      <trkpt lat="51.25242" lon="3.15896">
        <ele>1</ele>
      </trkpt>
      <trkpt lat="51.25266" lon="3.15864">
        <ele>1</ele>
      </trkpt>
      <trkpt lat="51.25356" lon="3.15779">
        <ele>0</ele>
      </trkpt>
      <trkpt lat="51.25429" lon="3.15729">
        <ele>1</ele>
      </trkpt>
      <trkpt lat="51.2545" lon="3.1572">
        <ele>0</ele>
      </trkpt>
      <trkpt lat="51.25497" lon="3.15708">
        <ele>0</ele>
      </trkpt>
      <trkpt lat="51.25512" lon="3.15657">
        <ele>0</ele>
      </trkpt>
      <trkpt lat="51.25572" lon="3.15523">
        <ele>0</ele>
      </trkpt>
      <trkpt lat="51.25612" lon="3.15434">
        <ele>0</ele>
      </trkpt>
      <trkpt lat="51.25653" lon="3.15464">
        <ele>0</ele>
      </trkpt>
      <trkpt lat="51.25682" lon="3.15487">
        <ele>0</ele>
      </trkpt>
      <trkpt lat="51.25693" lon="3.15503">
        <ele>0</ele>
      </trkpt>
      <trkpt lat="51.25707" lon="3.15555">
        <ele>0</ele>
      </trkpt>
      <trkpt lat="51.2575" lon="3.15672">
        <ele>0</ele>
      </trkpt>
      <trkpt lat="51.25762" lon="3.15695">
        <ele>0</ele>
      </trkpt>
      <trkpt lat="51.25811" lon="3.1578">
        <ele>1</ele>
      </trkpt>
      <trkpt lat="51.25851" lon="3.15834">
        <ele>0</ele>
      </trkpt>
      <trkpt lat="51.25861" lon="3.15851">
        <ele>1</ele>
      </trkpt>
      <trkpt lat="51.25946" lon="3.16036">
        <ele>1</ele>
      </trkpt>
      <trkpt lat="51.25955" lon="3.16054">
        <ele>0</ele>
      </trkpt>
      <trkpt lat="51.25966" lon="3.16071">
        <ele>0</ele>
      </trkpt>
      <trkpt lat="51.26049" lon="3.16039">
        <ele>1</ele>
      </trkpt>
      <trkpt lat="51.26055" lon="3.16032">
        <ele>1</ele>
      </trkpt>
      <trkpt lat="51.2611" lon="3.15928">
        <ele>1</ele>
      </trkpt>
      <trkpt lat="51.26121" lon="3.15906">
        <ele>1</ele>
      </trkpt>
      <trkpt lat="51.26159" lon="3.15857">
        <ele>0</ele>
      </trkpt>
      <trkpt lat="51.26197" lon="3.15797">
        <ele>1</ele>
      </trkpt>
      <trkpt lat="51.26224" lon="3.15766">
        <ele>1</ele>
      </trkpt>
      <trkpt lat="51.26234" lon="3.1576">
        <ele>1</ele>
      </trkpt>
      <trkpt lat="51.26275" lon="3.15754">
        <ele>1</ele>
      </trkpt>
      <trkpt lat="51.26291" lon="3.15747">
        <ele>0</ele>
      </trkpt>
      <trkpt lat="51.26353" lon="3.15713">
        <ele>1</ele>
      </trkpt>
      <trkpt lat="51.26418" lon="3.1568">
        <ele>1</ele>
      </trkpt>
      <trkpt lat="51.26435" lon="3.15669">
        <ele>1</ele>
      </trkpt>
      <trkpt lat="51.26482" lon="3.15631">
        <ele>1</ele>
      </trkpt>
      <trkpt lat="51.26509" lon="3.15616">
        <ele>1</ele>
      </trkpt>
      <trkpt lat="51.26522" lon="3.15673">
        <ele>1</ele>
      </trkpt>
      <trkpt lat="51.26532" lon="3.15703">
        <ele>1</ele>
      </trkpt>
      <trkpt lat="51.26571" lon="3.15804">
        <ele>0</ele>
      </trkpt>
      <trkpt lat="51.26623" lon="3.15941">
        <ele>1</ele>
      </trkpt>
      <trkpt lat="51.26648" lon="3.16004">
        <ele>1</ele>
      </trkpt>
      <trkpt lat="51.26696" lon="3.15939">
        <ele>1</ele>
      </trkpt>
      <trkpt lat="51.26798" lon="3.15791">
        <ele>1</ele>
      </trkpt>
      <trkpt lat="51.26882" lon="3.15696">
        <ele>1</ele>
      </trkpt>
      <trkpt lat="51.26892" lon="3.15688">
        <ele>1</ele>
      </trkpt>
      <trkpt lat="51.26952" lon="3.15658">
        <ele>0</ele>
      </trkpt>
      <trkpt lat="51.26978" lon="3.15635">
        <ele>0</ele>
      </trkpt>
      <trkpt lat="51.26993" lon="3.15617">
        <ele>1</ele>
      </trkpt>
      <trkpt lat="51.27109" lon="3.15466">
        <ele>0</ele>
      </trkpt>
      <trkpt lat="51.27258" lon="3.15265">
        <ele>0</ele>
      </trkpt>
      <trkpt lat="51.27389" lon="3.15136">
        <ele>1</ele>
      </trkpt>
      <trkpt lat="51.27405" lon="3.15121">
        <ele>1</ele>
      </trkpt>
      <trkpt lat="51.27464" lon="3.15051">
        <ele>1</ele>
      </trkpt>
      <trkpt lat="51.27526" lon="3.14959">
        <ele>0</ele>
      </trkpt>
      <trkpt lat="51.27542" lon="3.1493">
        <ele>1</ele>
      </trkpt>
      <trkpt lat="51.27618" lon="3.14752">
        <ele>0</ele>
      </trkpt>
      <trkpt lat="51.27636" lon="3.1472">
        <ele>1</ele>
      </trkpt>
      <trkpt lat="51.27685" lon="3.14642">
        <ele>0</ele>
      </trkpt>
      <trkpt lat="51.27697" lon="3.14627">
        <ele>1</ele>
      </trkpt>
      <trkpt lat="51.27709" lon="3.14618">
        <ele>1</ele>
      </trkpt>
      <trkpt lat="51.27726" lon="3.1461">
        <ele>0</ele>
      </trkpt>
      <trkpt lat="51.27829" lon="3.14573">
        <ele>1</ele>
      </trkpt>
      <trkpt lat="51.27879" lon="3.14552">
        <ele>0</ele>
      </trkpt>
      <trkpt lat="51.2794" lon="3.1452">
        <ele>0</ele>
      </trkpt>
      <trkpt lat="51.27991" lon="3.14499">
        <ele>0</ele>
      </trkpt>
      <trkpt lat="51.28181" lon="3.14412">
        <ele>0</ele>
      </trkpt>
      <trkpt lat="51.28229" lon="3.14399">
        <ele>0</ele>
      </trkpt>
      <trkpt lat="51.28238" lon="3.14394">
        <ele>0</ele>
      </trkpt>
      <trkpt lat="51.28252" lon="3.1438">
        <ele>0</ele>
      </trkpt>
      <trkpt lat="51.28301" lon="3.14294">
        <ele>0</ele>
      </trkpt>
      <trkpt lat="51.28316" lon="3.14282">
        <ele>0</ele>
      </trkpt>
      <trkpt lat="51.2835" lon="3.14261">
        <ele>0</ele>
      </trkpt>
      <trkpt lat="51.28411" lon="3.14207">
        <ele>0</ele>
      </trkpt>
      <trkpt lat="51.28433" lon="3.14188">
        <ele>0</ele>
      </trkpt>
      <trkpt lat="51.2853" lon="3.14112">
        <ele>0</ele>
      </trkpt>
      <trkpt lat="51.28562" lon="3.14092">
        <ele>0</ele>
      </trkpt>
      <trkpt lat="51.28597" lon="3.14067">
        <ele>0</ele>
      </trkpt>
      <trkpt lat="51.28612" lon="3.14061">
        <ele>0</ele>
      </trkpt>
      <trkpt lat="51.28663" lon="3.1405">
        <ele>0</ele>
      </trkpt>
      <trkpt lat="51.28793" lon="3.13992">
        <ele>0</ele>
      </trkpt>
      <trkpt lat="51.2883" lon="3.13971">
        <ele>0</ele>
      </trkpt>
      <trkpt lat="51.28847" lon="3.13964">
        <ele>1</ele>
      </trkpt>
      <trkpt lat="51.28858" lon="3.13962">
        <ele>1</ele>
      </trkpt>
      <trkpt lat="51.28893" lon="3.13966">
        <ele>0</ele>
      </trkpt>
      <trkpt lat="51.2892" lon="3.13962">
        <ele>0</ele>
      </trkpt>
      <trkpt lat="51.2895" lon="3.13964">
        <ele>0</ele>
      </trkpt>
      <trkpt lat="51.29065" lon="3.13996">
        <ele>0</ele>
      </trkpt>
      <trkpt lat="51.29101" lon="3.14005">
        <ele>0</ele>
      </trkpt>
      <trkpt lat="51.29151" lon="3.14015">
        <ele>0</ele>
      </trkpt>
      <trkpt lat="51.29177" lon="3.14017">
        <ele>0</ele>
      </trkpt>
      <trkpt lat="51.29263" lon="3.14015">
        <ele>0</ele>
      </trkpt>
      <trkpt lat="51.29276" lon="3.14015">
        <ele>0</ele>
      </trkpt>
      <trkpt lat="51.29305" lon="3.14009">
        <ele>0</ele>
      </trkpt>
      <trkpt lat="51.293" lon="3.14087">
        <ele>0</ele>
      </trkpt>
      <trkpt lat="51.29303" lon="3.14136">
        <ele>0</ele>
      </trkpt>
      <trkpt lat="51.29309" lon="3.1417">
        <ele>0</ele>
      </trkpt>
      <trkpt lat="51.29335" lon="3.14271">
        <ele>0</ele>
      </trkpt>
      <trkpt lat="51.29349" lon="3.14329">
        <ele>0</ele>
      </trkpt>
      <trkpt lat="51.29357" lon="3.14373">
        <ele>0</ele>
      </trkpt>
      <trkpt lat="51.29367" lon="3.14481">
        <ele>0</ele>
      </trkpt>
      <trkpt lat="51.29366" lon="3.14517">
        <ele>0</ele>
      </trkpt>
      <trkpt lat="51.2935" lon="3.14615">
        <ele>0</ele>
      </trkpt>
      <trkpt lat="51.29342" lon="3.14643">
        <ele>0</ele>
      </trkpt>
      <trkpt lat="51.2932" lon="3.14704">
        <ele>0</ele>
      </trkpt>
      <trkpt lat="51.29308" lon="3.14738">
        <ele>0</ele>
      </trkpt>
      <trkpt lat="51.29294" lon="3.14771">
        <ele>1</ele>
      </trkpt>
      <trkpt lat="51.29282" lon="3.1481">
        <ele>1</ele>
      </trkpt>
      <trkpt lat="51.29264" lon="3.14906">
        <ele>1</ele>
      </trkpt>
      <trkpt lat="51.29249" lon="3.14978">
        <ele>1</ele>
      </trkpt>
      <trkpt lat="51.29245" lon="3.15012">
        <ele>1</ele>
      </trkpt>
      <trkpt lat="51.29241" lon="3.15133">
        <ele>1</ele>
      </trkpt>
      <trkpt lat="51.29234" lon="3.15263">
        <ele>1</ele>
      </trkpt>
      <trkpt lat="51.29224" lon="3.15311">
        <ele>1</ele>
      </trkpt>
      <trkpt lat="51.29195" lon="3.15413">
        <ele>1</ele>
      </trkpt>
      <trkpt lat="51.29189" lon="3.15446">
        <ele>1</ele>
      </trkpt>
      <trkpt lat="51.29179" lon="3.15566">
        <ele>1</ele>
      </trkpt>
      <trkpt lat="51.29169" lon="3.15667">
        <ele>1</ele>
      </trkpt>
      <trkpt lat="51.29169" lon="3.15677">
        <ele>1</ele>
      </trkpt>
      <trkpt lat="51.29176" lon="3.15696">
        <ele>1</ele>
      </trkpt>
      <trkpt lat="51.29156" lon="3.15719">
        <ele>1</ele>
      </trkpt>
      <trkpt lat="51.29158" lon="3.15729">
        <ele>1</ele>
      </trkpt>
      <trkpt lat="51.29158" lon="3.15737">
        <ele>1</ele>
      </trkpt>
      <trkpt lat="51.29155" lon="3.15788">
        <ele>1</ele>
      </trkpt>
      <trkpt lat="51.29155" lon="3.15807">
        <ele>1</ele>
      </trkpt>
      <trkpt lat="51.29154" lon="3.15863">
        <ele>1</ele>
      </trkpt>
      <trkpt lat="51.29161" lon="3.15969">
        <ele>1</ele>
      </trkpt>
      <trkpt lat="51.29162" lon="3.1602">
        <ele>1</ele>
      </trkpt>
      <trkpt lat="51.29165" lon="3.16052">
        <ele>1</ele>
      </trkpt>
      <trkpt lat="51.29183" lon="3.1616">
        <ele>1</ele>
      </trkpt>
      <trkpt lat="51.29189" lon="3.1623">
        <ele>0</ele>
      </trkpt>
      <trkpt lat="51.29201" lon="3.16293">
        <ele>0</ele>
      </trkpt>
      <trkpt lat="51.29205" lon="3.16323">
        <ele>1</ele>
      </trkpt>
      <trkpt lat="51.29207" lon="3.16351">
        <ele>0</ele>
      </trkpt>
      <trkpt lat="51.29205" lon="3.16391">
        <ele>0</ele>
      </trkpt>
      <trkpt lat="51.29201" lon="3.16421">
        <ele>1</ele>
      </trkpt>
      <trkpt lat="51.29182" lon="3.16488">
        <ele>1</ele>
      </trkpt>
      <trkpt lat="51.29178" lon="3.16509">
        <ele>1</ele>
      </trkpt>
      <trkpt lat="51.29168" lon="3.16584">
        <ele>1</ele>
      </trkpt>
      <trkpt lat="51.2916" lon="3.1662">
        <ele>1</ele>
      </trkpt>
      <trkpt lat="51.2911" lon="3.16777">
        <ele>1</ele>
      </trkpt>
      <trkpt lat="51.29101" lon="3.16802">
        <ele>1</ele>
      </trkpt>
      <trkpt lat="51.29097" lon="3.16839">
        <ele>1</ele>
      </trkpt>
      <trkpt lat="51.29093" lon="3.16864">
        <ele>1</ele>
      </trkpt>
      <trkpt lat="51.29079" lon="3.1692">
        <ele>1</ele>
      </trkpt>
      <trkpt lat="51.29077" lon="3.16937">
        <ele>1</ele>
      </trkpt>
      <trkpt lat="51.29089" lon="3.16938">
        <ele>0</ele>
      </trkpt>
      <trkpt lat="51.29115" lon="3.16932">
        <ele>1</ele>
      </trkpt>
      <trkpt lat="51.29142" lon="3.1692">
        <ele>1</ele>
      </trkpt>
      <trkpt lat="51.29203" lon="3.16878">
        <ele>1</ele>
      </trkpt>
      <trkpt lat="51.2924" lon="3.16849">
        <ele>1</ele>
      </trkpt>
      <trkpt lat="51.29292" lon="3.16829">
        <ele>1</ele>
      </trkpt>
      <trkpt lat="51.29301" lon="3.16822">
        <ele>1</ele>
      </trkpt>
      <trkpt lat="51.29308" lon="3.16814">
        <ele>1</ele>
      </trkpt>
      <trkpt lat="51.2934" lon="3.16769">
        <ele>1</ele>
      </trkpt>
      <trkpt lat="51.29407" lon="3.16685">
        <ele>1</ele>
      </trkpt>
      <trkpt lat="51.29505" lon="3.16605">
        <ele>0</ele>
      </trkpt>
      <trkpt lat="51.29525" lon="3.16595">
        <ele>0</ele>
      </trkpt>
      <trkpt lat="51.29542" lon="3.1659">
        <ele>1</ele>
      </trkpt>
      <trkpt lat="51.2961" lon="3.16581">
        <ele>1</ele>
      </trkpt>
      <trkpt lat="51.29651" lon="3.16569">
        <ele>0</ele>
      </trkpt>
      <trkpt lat="51.2972" lon="3.16535">
        <ele>0</ele>
      </trkpt>
      <trkpt lat="51.29819" lon="3.16456">
        <ele>1</ele>
      </trkpt>
      <trkpt lat="51.29862" lon="3.16432">
        <ele>1</ele>
      </trkpt>
      <trkpt lat="51.29951" lon="3.16393">
        <ele>1</ele>
      </trkpt>
      <trkpt lat="51.29982" lon="3.16373">
        <ele>0</ele>
      </trkpt>
      <trkpt lat="51.30072" lon="3.16311">
        <ele>1</ele>
      </trkpt>
      <trkpt lat="51.30111" lon="3.16287">
        <ele>1</ele>
      </trkpt>
      <trkpt lat="51.30137" lon="3.16274">
        <ele>1</ele>
      </trkpt>
      <trkpt lat="51.30175" lon="3.16263">
        <ele>0</ele>
      </trkpt>
      <trkpt lat="51.30222" lon="3.16254">
        <ele>1</ele>
      </trkpt>
      <trkpt lat="51.30254" lon="3.16252">
        <ele>1</ele>
      </trkpt>
      <trkpt lat="51.30289" lon="3.16263">
        <ele>1</ele>
      </trkpt>
      <trkpt lat="51.30315" lon="3.16281">
        <ele>1</ele>
      </trkpt>
      <trkpt lat="51.3036" lon="3.16322">
        <ele>0</ele>
      </trkpt>
      <trkpt lat="51.30367" lon="3.16324">
        <ele>0</ele>
      </trkpt>
      <trkpt lat="51.3038" lon="3.16322">
        <ele>1</ele>
      </trkpt>
      <trkpt lat="51.30409" lon="3.1631">
        <ele>1</ele>
      </trkpt>
      <trkpt lat="51.30421" lon="3.16308">
        <ele>1</ele>
      </trkpt>
      <trkpt lat="51.30437" lon="3.16309">
        <ele>1</ele>
      </trkpt>
      <trkpt lat="51.30473" lon="3.16311">
        <ele>1</ele>
      </trkpt>
      <trkpt lat="51.3051" lon="3.16309">
        <ele>1</ele>
      </trkpt>
      <trkpt lat="51.30528" lon="3.1631">
        <ele>1</ele>
      </trkpt>
      <trkpt lat="51.30546" lon="3.16217">
        <ele>1</ele>
      </trkpt>
      <trkpt lat="51.3055" lon="3.16206">
        <ele>1</ele>
      </trkpt>
      <trkpt lat="51.30554" lon="3.16196">
        <ele>1</ele>
      </trkpt>
      <trkpt lat="51.30577" lon="3.16161">
        <ele>1</ele>
      </trkpt>
      <trkpt lat="51.30582" lon="3.16152">
        <ele>1</ele>
      </trkpt>
      <trkpt lat="51.30584" lon="3.16139">
        <ele>1</ele>
      </trkpt>
      <trkpt lat="51.30584" lon="3.161">
        <ele>1</ele>
      </trkpt>
      <trkpt lat="51.30586" lon="3.16085">
        <ele>1</ele>
      </trkpt>
      <trkpt lat="51.30594" lon="3.1606">
        <ele>1</ele>
      </trkpt>
      <trkpt lat="51.30602" lon="3.16046">
        <ele>1</ele>
      </trkpt>
      <trkpt lat="51.3061" lon="3.16037">
        <ele>1</ele>
      </trkpt>
      <trkpt lat="51.30623" lon="3.16026">
        <ele>1</ele>
      </trkpt>
      <trkpt lat="51.30632" lon="3.16022">
        <ele>1</ele>
      </trkpt>
      <trkpt lat="51.30669" lon="3.16014">
        <ele>1</ele>
      </trkpt>
      <trkpt lat="51.30681" lon="3.16009">
        <ele>1</ele>
      </trkpt>
      <trkpt lat="51.30757" lon="3.16016">
        <ele>1</ele>
      </trkpt>
      <trkpt lat="51.30757" lon="3.16017">
        <ele>1</ele>
      </trkpt>
      <trkpt lat="51.30757" lon="3.16018">
        <ele>1</ele>
      </trkpt>
      <trkpt lat="51.30757" lon="3.16016">
        <ele>1</ele>
      </trkpt>
      <trkpt lat="51.30841" lon="3.16034">
        <ele>1</ele>
      </trkpt>
      <trkpt lat="51.30854" lon="3.16033">
        <ele>1</ele>
      </trkpt>
      <trkpt lat="51.30877" lon="3.16027">
        <ele>1</ele>
      </trkpt>
      <trkpt lat="51.30934" lon="3.15996">
        <ele>1</ele>
      </trkpt>
      <trkpt lat="51.30998" lon="3.15978">
        <ele>1</ele>
      </trkpt>
      <trkpt lat="51.31005" lon="3.15975">
        <ele>1</ele>
      </trkpt>
      <trkpt lat="51.31019" lon="3.15962">
        <ele>1</ele>
      </trkpt>
      <trkpt lat="51.31171" lon="3.15766">
        <ele>1</ele>
      </trkpt>
      <trkpt lat="51.31182" lon="3.15748">
        <ele>1</ele>
      </trkpt>
      <trkpt lat="51.31212" lon="3.15632">
        <ele>1</ele>
      </trkpt>
      <trkpt lat="51.31218" lon="3.1561">
        <ele>1</ele>
      </trkpt>
      <trkpt lat="51.3123" lon="3.15585">
        <ele>1</ele>
      </trkpt>
      <trkpt lat="51.31265" lon="3.15542">
        <ele>1</ele>
      </trkpt>
      <trkpt lat="51.31203" lon="3.15398">
        <ele>1</ele>
      </trkpt>
      <trkpt lat="51.31376" lon="3.15185">
        <ele>1</ele>
      </trkpt>
      <trkpt lat="51.31437" lon="3.15109">
        <ele>1</ele>
      </trkpt>
      <trkpt lat="51.31458" lon="3.15077">
        <ele>1</ele>
      </trkpt>
      <trkpt lat="51.31546" lon="3.14911">
        <ele>1</ele>
      </trkpt>
      <trkpt lat="51.31578" lon="3.14855">
        <ele>1</ele>
      </trkpt>
      <trkpt lat="51.31583" lon="3.14841">
        <ele>1</ele>
      </trkpt>
      <trkpt lat="51.31586" lon="3.14827">
        <ele>1</ele>
      </trkpt>
      <trkpt lat="51.31587" lon="3.14813">
        <ele>1</ele>
      </trkpt>
      <trkpt lat="51.31564" lon="3.14614">
        <ele>1</ele>
      </trkpt>
      <trkpt lat="51.31556" lon="3.14543">
        <ele>1</ele>
      </trkpt>
      <trkpt lat="51.31553" lon="3.14496">
        <ele>1</ele>
      </trkpt>
      <trkpt lat="51.3159" lon="3.14534">
        <ele>1</ele>
      </trkpt>
      <trkpt lat="51.31618" lon="3.14557">
        <ele>1</ele>
      </trkpt>
      <trkpt lat="51.31656" lon="3.14584">
        <ele>1</ele>
      </trkpt>
      <trkpt lat="51.31708" lon="3.14609">
        <ele>1</ele>
      </trkpt>
      <trkpt lat="51.3179" lon="3.14634">
        <ele>1</ele>
      </trkpt>
      <trkpt lat="51.3185" lon="3.14663">
        <ele>1</ele>
      </trkpt>
      <trkpt lat="51.31891" lon="3.14692">
        <ele>1</ele>
      </trkpt>
      <trkpt lat="51.31918" lon="3.14717">
        <ele>1</ele>
      </trkpt>
      <trkpt lat="51.31975" lon="3.14784">
        <ele>2</ele>
      </trkpt>
      <trkpt lat="51.31984" lon="3.14798">
        <ele>2</ele>
      </trkpt>
      <trkpt lat="51.31992" lon="3.14785">
        <ele>2</ele>
      </trkpt>
      <trkpt lat="51.31944" lon="3.14729">
        <ele>2</ele>
      </trkpt>
      <trkpt lat="51.31894" lon="3.14683">
        <ele>1</ele>
      </trkpt>
      <trkpt lat="51.31864" lon="3.1466">
        <ele>1</ele>
      </trkpt>
      <trkpt lat="51.31857" lon="3.14651">
        <ele>1</ele>
      </trkpt>
      <trkpt lat="51.31844" lon="3.14636">
        <ele>1</ele>
      </trkpt>
      <trkpt lat="51.31846" lon="3.14626">
        <ele>1</ele>
      </trkpt>
      <trkpt lat="51.31881" lon="3.14518">
        <ele>2</ele>
      </trkpt>
      <trkpt lat="51.31896" lon="3.14524">
        <ele>2</ele>
      </trkpt>
      <trkpt lat="51.31907" lon="3.14526">
        <ele>2</ele>
      </trkpt>
      <trkpt lat="51.31942" lon="3.14505">
        <ele>3</ele>
      </trkpt>
      <trkpt lat="51.31947" lon="3.14502">
        <ele>3</ele>
      </trkpt>
      <trkpt lat="51.31883" lon="3.14243">
        <ele>3</ele>
      </trkpt>
      <trkpt lat="51.31872" lon="3.14218">
        <ele>3</ele>
      </trkpt>
      <trkpt lat="51.31858" lon="3.14162">
        <ele>3</ele>
      </trkpt>
      <trkpt lat="51.31857" lon="3.14154">
        <ele>3</ele>
      </trkpt>
      <trkpt lat="51.31858" lon="3.14138">
        <ele>3</ele>
      </trkpt>
      <trkpt lat="51.31861" lon="3.14137">
        <ele>3</ele>
      </trkpt>
      <trkpt lat="51.3187" lon="3.14129">
        <ele>3</ele>
      </trkpt>
      <trkpt lat="51.31933" lon="3.14086">
        <ele>8</ele>
      </trkpt>
      <trkpt lat="51.31936" lon="3.14079">
        <ele>7</ele>
      </trkpt>
      <trkpt lat="51.31937" lon="3.14073">
        <ele>7</ele>
      </trkpt>
      <trkpt lat="51.31896" lon="3.13928">
        <ele>7</ele>
      </trkpt>
    </trkseg>
  </trk>
</gpx>
