<?xml version="1.0" encoding="UTF-8"?>
<gpx xmlns="http://www.topografix.com/GPX/1/1" creator="RouteYou" version="1.1" xmlns:xsi="http://www.w3.org/2001/XMLSchema-instance" xsi:schemaLocation="http://www.topografix.com/GPX/1/1 http://www.topografix.com/GPX/1/1/gpx.xsd">
  <trk>
    <name>Zennegat 2025</name>
    <desc></desc>
    <trkseg>
      <trkpt lat="50.87884" lon="4.55122">
        <ele>54</ele>
      </trkpt>
      <trkpt lat="50.87886" lon="4.55141">
        <ele>54</ele>
      </trkpt>
      <trkpt lat="50.8789" lon="4.55176">
        <ele>52</ele>
      </trkpt>
      <trkpt lat="50.87925" lon="4.55463">
        <ele>51</ele>
      </trkpt>
      <trkpt lat="50.87836" lon="4.55445">
        <ele>49</ele>
      </trkpt>
      <trkpt lat="50.87805" lon="4.55446">
        <ele>48</ele>
      </trkpt>
      <trkpt lat="50.87783" lon="4.55446">
        <ele>48</ele>
      </trkpt>
      <trkpt lat="50.87778" lon="4.55446">
        <ele>48</ele>
      </trkpt>
      <trkpt lat="50.87775" lon="4.55446">
        <ele>48</ele>
      </trkpt>
      <trkpt lat="50.87763" lon="4.55446">
        <ele>48</ele>
      </trkpt>
      <trkpt lat="50.87749" lon="4.55446">
        <ele>48</ele>
      </trkpt>
      <trkpt lat="50.87703" lon="4.5544">
        <ele>48</ele>
      </trkpt>
      <trkpt lat="50.87641" lon="4.55416">
        <ele>49</ele>
      </trkpt>
      <trkpt lat="50.87634" lon="4.55412">
        <ele>49</ele>
      </trkpt>
      <trkpt lat="50.87628" lon="4.55405">
        <ele>50</ele>
      </trkpt>
      <trkpt lat="50.87601" lon="4.55475">
        <ele>49</ele>
      </trkpt>
      <trkpt lat="50.87598" lon="4.55511">
        <ele>49</ele>
      </trkpt>
      <trkpt lat="50.87598" lon="4.55521">
        <ele>49</ele>
      </trkpt>
      <trkpt lat="50.87605" lon="4.55635">
        <ele>48</ele>
      </trkpt>
      <trkpt lat="50.87601" lon="4.55666">
        <ele>48</ele>
      </trkpt>
      <trkpt lat="50.87601" lon="4.55691">
        <ele>48</ele>
      </trkpt>
      <trkpt lat="50.87635" lon="4.55816">
        <ele>47</ele>
      </trkpt>
      <trkpt lat="50.87656" lon="4.56269">
        <ele>46</ele>
      </trkpt>
      <trkpt lat="50.87686" lon="4.56526">
        <ele>49</ele>
      </trkpt>
      <trkpt lat="50.87687" lon="4.56533">
        <ele>49</ele>
      </trkpt>
      <trkpt lat="50.87704" lon="4.56666">
        <ele>52</ele>
      </trkpt>
      <trkpt lat="50.87721" lon="4.56778">
        <ele>54</ele>
      </trkpt>
      <trkpt lat="50.87722" lon="4.56785">
        <ele>54</ele>
      </trkpt>
      <trkpt lat="50.87725" lon="4.56801">
        <ele>53</ele>
      </trkpt>
      <trkpt lat="50.87722" lon="4.56805">
        <ele>53</ele>
      </trkpt>
      <trkpt lat="50.8772" lon="4.5681">
        <ele>53</ele>
      </trkpt>
      <trkpt lat="50.87719" lon="4.56816">
        <ele>53</ele>
      </trkpt>
      <trkpt lat="50.8772" lon="4.56822">
        <ele>53</ele>
      </trkpt>
      <trkpt lat="50.87722" lon="4.56827">
        <ele>54</ele>
      </trkpt>
      <trkpt lat="50.87724" lon="4.56831">
        <ele>54</ele>
      </trkpt>
      <trkpt lat="50.87728" lon="4.56833">
        <ele>54</ele>
      </trkpt>
      <trkpt lat="50.87731" lon="4.56833">
        <ele>54</ele>
      </trkpt>
      <trkpt lat="50.87732" lon="4.56849">
        <ele>54</ele>
      </trkpt>
      <trkpt lat="50.87735" lon="4.5686">
        <ele>54</ele>
      </trkpt>
      <trkpt lat="50.87737" lon="4.56869">
        <ele>54</ele>
      </trkpt>
      <trkpt lat="50.87747" lon="4.56893">
        <ele>54</ele>
      </trkpt>
      <trkpt lat="50.87756" lon="4.56911">
        <ele>54</ele>
      </trkpt>
      <trkpt lat="50.87764" lon="4.56923">
        <ele>54</ele>
      </trkpt>
      <trkpt lat="50.87772" lon="4.56934">
        <ele>52</ele>
      </trkpt>
      <trkpt lat="50.87779" lon="4.5695">
        <ele>52</ele>
      </trkpt>
      <trkpt lat="50.87798" lon="4.5699">
        <ele>51</ele>
      </trkpt>
      <trkpt lat="50.8781" lon="4.57022">
        <ele>52</ele>
      </trkpt>
      <trkpt lat="50.87821" lon="4.57058">
        <ele>52</ele>
      </trkpt>
      <trkpt lat="50.87829" lon="4.57074">
        <ele>51</ele>
      </trkpt>
      <trkpt lat="50.87836" lon="4.57078">
        <ele>51</ele>
      </trkpt>
      <trkpt lat="50.87842" lon="4.57083">
        <ele>51</ele>
      </trkpt>
      <trkpt lat="50.87854" lon="4.57092">
        <ele>49</ele>
      </trkpt>
      <trkpt lat="50.87866" lon="4.57102">
        <ele>49</ele>
      </trkpt>
      <trkpt lat="50.87882" lon="4.57121">
        <ele>48</ele>
      </trkpt>
      <trkpt lat="50.87894" lon="4.57142">
        <ele>48</ele>
      </trkpt>
      <trkpt lat="50.87904" lon="4.57161">
        <ele>48</ele>
      </trkpt>
      <trkpt lat="50.87931" lon="4.57211">
        <ele>47</ele>
      </trkpt>
      <trkpt lat="50.87966" lon="4.5732">
        <ele>44</ele>
      </trkpt>
      <trkpt lat="50.87973" lon="4.57341">
        <ele>44</ele>
      </trkpt>
      <trkpt lat="50.8799" lon="4.57392">
        <ele>44</ele>
      </trkpt>
      <trkpt lat="50.88015" lon="4.57443">
        <ele>42</ele>
      </trkpt>
      <trkpt lat="50.88035" lon="4.5748">
        <ele>42</ele>
      </trkpt>
      <trkpt lat="50.8808" lon="4.57562">
        <ele>42</ele>
      </trkpt>
      <trkpt lat="50.88125" lon="4.57644">
        <ele>40</ele>
      </trkpt>
      <trkpt lat="50.88194" lon="4.57805">
        <ele>37</ele>
      </trkpt>
      <trkpt lat="50.88213" lon="4.57866">
        <ele>37</ele>
      </trkpt>
      <trkpt lat="50.8826" lon="4.58019">
        <ele>37</ele>
      </trkpt>
      <trkpt lat="50.88302" lon="4.58173">
        <ele>39</ele>
      </trkpt>
      <trkpt lat="50.88308" lon="4.5819">
        <ele>40</ele>
      </trkpt>
      <trkpt lat="50.88349" lon="4.58118">
        <ele>38</ele>
      </trkpt>
      <trkpt lat="50.88429" lon="4.58019">
        <ele>38</ele>
      </trkpt>
      <trkpt lat="50.88431" lon="4.58016">
        <ele>38</ele>
      </trkpt>
      <trkpt lat="50.8845" lon="4.57997">
        <ele>38</ele>
      </trkpt>
      <trkpt lat="50.88539" lon="4.57909">
        <ele>42</ele>
      </trkpt>
      <trkpt lat="50.88574" lon="4.57875">
        <ele>43</ele>
      </trkpt>
      <trkpt lat="50.88625" lon="4.57824">
        <ele>44</ele>
      </trkpt>
      <trkpt lat="50.88683" lon="4.57761">
        <ele>43</ele>
      </trkpt>
      <trkpt lat="50.88719" lon="4.57719">
        <ele>44</ele>
      </trkpt>
      <trkpt lat="50.8873" lon="4.57701">
        <ele>44</ele>
      </trkpt>
      <trkpt lat="50.88743" lon="4.5768">
        <ele>44</ele>
      </trkpt>
      <trkpt lat="50.88757" lon="4.57651">
        <ele>44</ele>
      </trkpt>
      <trkpt lat="50.88812" lon="4.57507">
        <ele>41</ele>
      </trkpt>
      <trkpt lat="50.8883" lon="4.57476">
        <ele>42</ele>
      </trkpt>
      <trkpt lat="50.88849" lon="4.57448">
        <ele>39</ele>
      </trkpt>
      <trkpt lat="50.88868" lon="4.57422">
        <ele>39</ele>
      </trkpt>
      <trkpt lat="50.88887" lon="4.57404">
        <ele>40</ele>
      </trkpt>
      <trkpt lat="50.88896" lon="4.57395">
        <ele>40</ele>
      </trkpt>
      <trkpt lat="50.88957" lon="4.57332">
        <ele>38</ele>
      </trkpt>
      <trkpt lat="50.88971" lon="4.57319">
        <ele>38</ele>
      </trkpt>
      <trkpt lat="50.89021" lon="4.57268">
        <ele>37</ele>
      </trkpt>
      <trkpt lat="50.8905" lon="4.57229">
        <ele>37</ele>
      </trkpt>
      <trkpt lat="50.89078" lon="4.57185">
        <ele>37</ele>
      </trkpt>
      <trkpt lat="50.89088" lon="4.57167">
        <ele>37</ele>
      </trkpt>
      <trkpt lat="50.89093" lon="4.57154">
        <ele>37</ele>
      </trkpt>
      <trkpt lat="50.89097" lon="4.57141">
        <ele>36</ele>
      </trkpt>
      <trkpt lat="50.89101" lon="4.57121">
        <ele>36</ele>
      </trkpt>
      <trkpt lat="50.89102" lon="4.57115">
        <ele>36</ele>
      </trkpt>
      <trkpt lat="50.89105" lon="4.57104">
        <ele>36</ele>
      </trkpt>
      <trkpt lat="50.89112" lon="4.57087">
        <ele>36</ele>
      </trkpt>
      <trkpt lat="50.89116" lon="4.5708">
        <ele>36</ele>
      </trkpt>
      <trkpt lat="50.89119" lon="4.57075">
        <ele>36</ele>
      </trkpt>
      <trkpt lat="50.89128" lon="4.57064">
        <ele>36</ele>
      </trkpt>
      <trkpt lat="50.89138" lon="4.57056">
        <ele>35</ele>
      </trkpt>
      <trkpt lat="50.89141" lon="4.57064">
        <ele>36</ele>
      </trkpt>
      <trkpt lat="50.89145" lon="4.57071">
        <ele>36</ele>
      </trkpt>
      <trkpt lat="50.89151" lon="4.57074">
        <ele>36</ele>
      </trkpt>
      <trkpt lat="50.89157" lon="4.57074">
        <ele>35</ele>
      </trkpt>
      <trkpt lat="50.89162" lon="4.57071">
        <ele>35</ele>
      </trkpt>
      <trkpt lat="50.89167" lon="4.57066">
        <ele>35</ele>
      </trkpt>
      <trkpt lat="50.8917" lon="4.57058">
        <ele>35</ele>
      </trkpt>
      <trkpt lat="50.89171" lon="4.5705">
        <ele>35</ele>
      </trkpt>
      <trkpt lat="50.89171" lon="4.57041">
        <ele>35</ele>
      </trkpt>
      <trkpt lat="50.89183" lon="4.57035">
        <ele>35</ele>
      </trkpt>
      <trkpt lat="50.89191" lon="4.57026">
        <ele>35</ele>
      </trkpt>
      <trkpt lat="50.89201" lon="4.57013">
        <ele>35</ele>
      </trkpt>
      <trkpt lat="50.89267" lon="4.5692">
        <ele>34</ele>
      </trkpt>
      <trkpt lat="50.8929" lon="4.56888">
        <ele>34</ele>
      </trkpt>
      <trkpt lat="50.8935" lon="4.56824">
        <ele>36</ele>
      </trkpt>
      <trkpt lat="50.89359" lon="4.56813">
        <ele>36</ele>
      </trkpt>
      <trkpt lat="50.89465" lon="4.56684">
        <ele>37</ele>
      </trkpt>
      <trkpt lat="50.89478" lon="4.5667">
        <ele>37</ele>
      </trkpt>
      <trkpt lat="50.89508" lon="4.56644">
        <ele>37</ele>
      </trkpt>
      <trkpt lat="50.89624" lon="4.56534">
        <ele>37</ele>
      </trkpt>
      <trkpt lat="50.89631" lon="4.56527">
        <ele>38</ele>
      </trkpt>
      <trkpt lat="50.8972" lon="4.56439">
        <ele>37</ele>
      </trkpt>
      <trkpt lat="50.90041" lon="4.56095">
        <ele>36</ele>
      </trkpt>
      <trkpt lat="50.90048" lon="4.56087">
        <ele>36</ele>
      </trkpt>
      <trkpt lat="50.90051" lon="4.56084">
        <ele>36</ele>
      </trkpt>
      <trkpt lat="50.90052" lon="4.56083">
        <ele>36</ele>
      </trkpt>
      <trkpt lat="50.90063" lon="4.56102">
        <ele>36</ele>
      </trkpt>
      <trkpt lat="50.9008" lon="4.56128">
        <ele>36</ele>
      </trkpt>
      <trkpt lat="50.901" lon="4.56154">
        <ele>35</ele>
      </trkpt>
      <trkpt lat="50.90139" lon="4.56215">
        <ele>35</ele>
      </trkpt>
      <trkpt lat="50.90231" lon="4.56417">
        <ele>34</ele>
      </trkpt>
      <trkpt lat="50.90232" lon="4.56419">
        <ele>34</ele>
      </trkpt>
      <trkpt lat="50.90254" lon="4.56468">
        <ele>34</ele>
      </trkpt>
      <trkpt lat="50.90299" lon="4.56564">
        <ele>34</ele>
      </trkpt>
      <trkpt lat="50.90303" lon="4.56573">
        <ele>34</ele>
      </trkpt>
      <trkpt lat="50.9031" lon="4.56585">
        <ele>34</ele>
      </trkpt>
      <trkpt lat="50.90314" lon="4.56595">
        <ele>35</ele>
      </trkpt>
      <trkpt lat="50.90347" lon="4.56665">
        <ele>35</ele>
      </trkpt>
      <trkpt lat="50.90397" lon="4.56765">
        <ele>35</ele>
      </trkpt>
      <trkpt lat="50.90427" lon="4.56832">
        <ele>34</ele>
      </trkpt>
      <trkpt lat="50.90433" lon="4.56846">
        <ele>34</ele>
      </trkpt>
      <trkpt lat="50.90438" lon="4.56855">
        <ele>34</ele>
      </trkpt>
      <trkpt lat="50.90461" lon="4.56906">
        <ele>33</ele>
      </trkpt>
      <trkpt lat="50.90464" lon="4.56912">
        <ele>33</ele>
      </trkpt>
      <trkpt lat="50.90478" lon="4.56927">
        <ele>33</ele>
      </trkpt>
      <trkpt lat="50.90501" lon="4.56978">
        <ele>33</ele>
      </trkpt>
      <trkpt lat="50.9056" lon="4.56907">
        <ele>31</ele>
      </trkpt>
      <trkpt lat="50.90576" lon="4.56881">
        <ele>31</ele>
      </trkpt>
      <trkpt lat="50.90579" lon="4.56874">
        <ele>31</ele>
      </trkpt>
      <trkpt lat="50.90636" lon="4.56779">
        <ele>28</ele>
      </trkpt>
      <trkpt lat="50.90644" lon="4.56761">
        <ele>28</ele>
      </trkpt>
      <trkpt lat="50.90671" lon="4.56707">
        <ele>28</ele>
      </trkpt>
      <trkpt lat="50.9068" lon="4.56691">
        <ele>28</ele>
      </trkpt>
      <trkpt lat="50.90714" lon="4.56637">
        <ele>28</ele>
      </trkpt>
      <trkpt lat="50.90796" lon="4.56501">
        <ele>27</ele>
      </trkpt>
      <trkpt lat="50.9082" lon="4.56534">
        <ele>28</ele>
      </trkpt>
      <trkpt lat="50.90839" lon="4.56543">
        <ele>27</ele>
      </trkpt>
      <trkpt lat="50.90861" lon="4.56546">
        <ele>27</ele>
      </trkpt>
      <trkpt lat="50.90995" lon="4.56435">
        <ele>27</ele>
      </trkpt>
      <trkpt lat="50.91083" lon="4.56358">
        <ele>27</ele>
      </trkpt>
      <trkpt lat="50.91119" lon="4.56338">
        <ele>27</ele>
      </trkpt>
      <trkpt lat="50.91152" lon="4.56332">
        <ele>27</ele>
      </trkpt>
      <trkpt lat="50.91255" lon="4.56356">
        <ele>28</ele>
      </trkpt>
      <trkpt lat="50.91366" lon="4.56386">
        <ele>27</ele>
      </trkpt>
      <trkpt lat="50.91369" lon="4.56386">
        <ele>27</ele>
      </trkpt>
      <trkpt lat="50.91543" lon="4.56432">
        <ele>26</ele>
      </trkpt>
      <trkpt lat="50.9156" lon="4.56433">
        <ele>25</ele>
      </trkpt>
      <trkpt lat="50.91572" lon="4.56436">
        <ele>25</ele>
      </trkpt>
      <trkpt lat="50.91587" lon="4.56435">
        <ele>25</ele>
      </trkpt>
      <trkpt lat="50.916" lon="4.56433">
        <ele>25</ele>
      </trkpt>
      <trkpt lat="50.91616" lon="4.56428">
        <ele>25</ele>
      </trkpt>
      <trkpt lat="50.91639" lon="4.56416">
        <ele>25</ele>
      </trkpt>
      <trkpt lat="50.91661" lon="4.56403">
        <ele>25</ele>
      </trkpt>
      <trkpt lat="50.91693" lon="4.56379">
        <ele>25</ele>
      </trkpt>
      <trkpt lat="50.91762" lon="4.56329">
        <ele>25</ele>
      </trkpt>
      <trkpt lat="50.91774" lon="4.56321">
        <ele>24</ele>
      </trkpt>
      <trkpt lat="50.91789" lon="4.56313">
        <ele>24</ele>
      </trkpt>
      <trkpt lat="50.91803" lon="4.56307">
        <ele>24</ele>
      </trkpt>
      <trkpt lat="50.91821" lon="4.56304">
        <ele>24</ele>
      </trkpt>
      <trkpt lat="50.91836" lon="4.56303">
        <ele>24</ele>
      </trkpt>
      <trkpt lat="50.91858" lon="4.56304">
        <ele>24</ele>
      </trkpt>
      <trkpt lat="50.91871" lon="4.56369">
        <ele>24</ele>
      </trkpt>
      <trkpt lat="50.91876" lon="4.56398">
        <ele>24</ele>
      </trkpt>
      <trkpt lat="50.91877" lon="4.56404">
        <ele>24</ele>
      </trkpt>
      <trkpt lat="50.9188" lon="4.56417">
        <ele>24</ele>
      </trkpt>
      <trkpt lat="50.91892" lon="4.56428">
        <ele>24</ele>
      </trkpt>
      <trkpt lat="50.91898" lon="4.56431">
        <ele>24</ele>
      </trkpt>
      <trkpt lat="50.91903" lon="4.56435">
        <ele>24</ele>
      </trkpt>
      <trkpt lat="50.91912" lon="4.56438">
        <ele>23</ele>
      </trkpt>
      <trkpt lat="50.91921" lon="4.56437">
        <ele>23</ele>
      </trkpt>
      <trkpt lat="50.9193" lon="4.56435">
        <ele>23</ele>
      </trkpt>
      <trkpt lat="50.9197" lon="4.5641">
        <ele>22</ele>
      </trkpt>
      <trkpt lat="50.92039" lon="4.56334">
        <ele>21</ele>
      </trkpt>
      <trkpt lat="50.92044" lon="4.56328">
        <ele>21</ele>
      </trkpt>
      <trkpt lat="50.92048" lon="4.56324">
        <ele>21</ele>
      </trkpt>
      <trkpt lat="50.92125" lon="4.56229">
        <ele>20</ele>
      </trkpt>
      <trkpt lat="50.92132" lon="4.56226">
        <ele>19</ele>
      </trkpt>
      <trkpt lat="50.9214" lon="4.56227">
        <ele>19</ele>
      </trkpt>
      <trkpt lat="50.92142" lon="4.56227">
        <ele>19</ele>
      </trkpt>
      <trkpt lat="50.9215" lon="4.56231">
        <ele>19</ele>
      </trkpt>
      <trkpt lat="50.9216" lon="4.5624">
        <ele>19</ele>
      </trkpt>
      <trkpt lat="50.9217" lon="4.56254">
        <ele>19</ele>
      </trkpt>
      <trkpt lat="50.92178" lon="4.56269">
        <ele>19</ele>
      </trkpt>
      <trkpt lat="50.92224" lon="4.56353">
        <ele>18</ele>
      </trkpt>
      <trkpt lat="50.92264" lon="4.56428">
        <ele>18</ele>
      </trkpt>
      <trkpt lat="50.92268" lon="4.56438">
        <ele>18</ele>
      </trkpt>
      <trkpt lat="50.92293" lon="4.56569">
        <ele>17</ele>
      </trkpt>
      <trkpt lat="50.92309" lon="4.56607">
        <ele>17</ele>
      </trkpt>
      <trkpt lat="50.92316" lon="4.56618">
        <ele>17</ele>
      </trkpt>
      <trkpt lat="50.92357" lon="4.56679">
        <ele>17</ele>
      </trkpt>
      <trkpt lat="50.92396" lon="4.56614">
        <ele>16</ele>
      </trkpt>
      <trkpt lat="50.92441" lon="4.56541">
        <ele>17</ele>
      </trkpt>
      <trkpt lat="50.92467" lon="4.56504">
        <ele>17</ele>
      </trkpt>
      <trkpt lat="50.92486" lon="4.56487">
        <ele>18</ele>
      </trkpt>
      <trkpt lat="50.9251" lon="4.56475">
        <ele>18</ele>
      </trkpt>
      <trkpt lat="50.9252" lon="4.56471">
        <ele>18</ele>
      </trkpt>
      <trkpt lat="50.92536" lon="4.56468">
        <ele>18</ele>
      </trkpt>
      <trkpt lat="50.92554" lon="4.5647">
        <ele>18</ele>
      </trkpt>
      <trkpt lat="50.92567" lon="4.56473">
        <ele>17</ele>
      </trkpt>
      <trkpt lat="50.92575" lon="4.56475">
        <ele>17</ele>
      </trkpt>
      <trkpt lat="50.92595" lon="4.56486">
        <ele>17</ele>
      </trkpt>
      <trkpt lat="50.92616" lon="4.565">
        <ele>16</ele>
      </trkpt>
      <trkpt lat="50.92825" lon="4.56639">
        <ele>14</ele>
      </trkpt>
      <trkpt lat="50.92844" lon="4.56663">
        <ele>14</ele>
      </trkpt>
      <trkpt lat="50.92856" lon="4.56679">
        <ele>14</ele>
      </trkpt>
      <trkpt lat="50.92868" lon="4.56698">
        <ele>14</ele>
      </trkpt>
      <trkpt lat="50.92954" lon="4.56862">
        <ele>15</ele>
      </trkpt>
      <trkpt lat="50.93038" lon="4.5702">
        <ele>15</ele>
      </trkpt>
      <trkpt lat="50.9305" lon="4.57036">
        <ele>15</ele>
      </trkpt>
      <trkpt lat="50.93058" lon="4.57041">
        <ele>15</ele>
      </trkpt>
      <trkpt lat="50.93066" lon="4.57044">
        <ele>15</ele>
      </trkpt>
      <trkpt lat="50.93078" lon="4.57047">
        <ele>15</ele>
      </trkpt>
      <trkpt lat="50.93087" lon="4.57046">
        <ele>15</ele>
      </trkpt>
      <trkpt lat="50.93093" lon="4.57042">
        <ele>15</ele>
      </trkpt>
      <trkpt lat="50.93099" lon="4.57036">
        <ele>14</ele>
      </trkpt>
      <trkpt lat="50.93189" lon="4.56923">
        <ele>14</ele>
      </trkpt>
      <trkpt lat="50.9322" lon="4.56884">
        <ele>14</ele>
      </trkpt>
      <trkpt lat="50.93226" lon="4.56877">
        <ele>14</ele>
      </trkpt>
      <trkpt lat="50.93239" lon="4.56864">
        <ele>14</ele>
      </trkpt>
      <trkpt lat="50.93309" lon="4.56794">
        <ele>15</ele>
      </trkpt>
      <trkpt lat="50.93564" lon="4.5654">
        <ele>13</ele>
      </trkpt>
      <trkpt lat="50.93627" lon="4.56478">
        <ele>12</ele>
      </trkpt>
      <trkpt lat="50.93688" lon="4.56422">
        <ele>12</ele>
      </trkpt>
      <trkpt lat="50.93729" lon="4.56393">
        <ele>12</ele>
      </trkpt>
      <trkpt lat="50.93763" lon="4.56379">
        <ele>13</ele>
      </trkpt>
      <trkpt lat="50.9378" lon="4.56376">
        <ele>13</ele>
      </trkpt>
      <trkpt lat="50.93803" lon="4.56375">
        <ele>13</ele>
      </trkpt>
      <trkpt lat="50.93991" lon="4.56404">
        <ele>13</ele>
      </trkpt>
      <trkpt lat="50.94038" lon="4.56411">
        <ele>13</ele>
      </trkpt>
      <trkpt lat="50.94057" lon="4.56419">
        <ele>13</ele>
      </trkpt>
      <trkpt lat="50.94091" lon="4.56436">
        <ele>13</ele>
      </trkpt>
      <trkpt lat="50.94102" lon="4.5644">
        <ele>13</ele>
      </trkpt>
      <trkpt lat="50.9411" lon="4.56444">
        <ele>13</ele>
      </trkpt>
      <trkpt lat="50.94133" lon="4.56447">
        <ele>13</ele>
      </trkpt>
      <trkpt lat="50.94182" lon="4.56445">
        <ele>13</ele>
      </trkpt>
      <trkpt lat="50.94258" lon="4.5644">
        <ele>13</ele>
      </trkpt>
      <trkpt lat="50.94275" lon="4.56437">
        <ele>13</ele>
      </trkpt>
      <trkpt lat="50.94281" lon="4.56436">
        <ele>13</ele>
      </trkpt>
      <trkpt lat="50.94318" lon="4.56439">
        <ele>13</ele>
      </trkpt>
      <trkpt lat="50.94321" lon="4.56439">
        <ele>13</ele>
      </trkpt>
      <trkpt lat="50.94337" lon="4.5644">
        <ele>13</ele>
      </trkpt>
      <trkpt lat="50.94352" lon="4.56444">
        <ele>12</ele>
      </trkpt>
      <trkpt lat="50.94354" lon="4.56444">
        <ele>12</ele>
      </trkpt>
      <trkpt lat="50.94356" lon="4.56444">
        <ele>12</ele>
      </trkpt>
      <trkpt lat="50.94409" lon="4.56438">
        <ele>11</ele>
      </trkpt>
      <trkpt lat="50.9445" lon="4.56436">
        <ele>11</ele>
      </trkpt>
      <trkpt lat="50.94477" lon="4.56446">
        <ele>10</ele>
      </trkpt>
      <trkpt lat="50.94506" lon="4.56465">
        <ele>11</ele>
      </trkpt>
      <trkpt lat="50.94525" lon="4.56471">
        <ele>11</ele>
      </trkpt>
      <trkpt lat="50.94551" lon="4.56473">
        <ele>11</ele>
      </trkpt>
      <trkpt lat="50.94585" lon="4.56473">
        <ele>11</ele>
      </trkpt>
      <trkpt lat="50.9464" lon="4.56475">
        <ele>11</ele>
      </trkpt>
      <trkpt lat="50.94645" lon="4.56475">
        <ele>11</ele>
      </trkpt>
      <trkpt lat="50.94652" lon="4.56475">
        <ele>11</ele>
      </trkpt>
      <trkpt lat="50.94734" lon="4.56478">
        <ele>10</ele>
      </trkpt>
      <trkpt lat="50.94748" lon="4.56477">
        <ele>10</ele>
      </trkpt>
      <trkpt lat="50.94761" lon="4.56473">
        <ele>10</ele>
      </trkpt>
      <trkpt lat="50.94837" lon="4.56447">
        <ele>10</ele>
      </trkpt>
      <trkpt lat="50.9492" lon="4.56419">
        <ele>11</ele>
      </trkpt>
      <trkpt lat="50.94954" lon="4.56405">
        <ele>11</ele>
      </trkpt>
      <trkpt lat="50.94984" lon="4.56395">
        <ele>11</ele>
      </trkpt>
      <trkpt lat="50.95016" lon="4.56379">
        <ele>11</ele>
      </trkpt>
      <trkpt lat="50.95048" lon="4.56362">
        <ele>11</ele>
      </trkpt>
      <trkpt lat="50.95075" lon="4.56349">
        <ele>11</ele>
      </trkpt>
      <trkpt lat="50.95146" lon="4.56297">
        <ele>10</ele>
      </trkpt>
      <trkpt lat="50.95196" lon="4.56253">
        <ele>9</ele>
      </trkpt>
      <trkpt lat="50.95261" lon="4.56196">
        <ele>10</ele>
      </trkpt>
      <trkpt lat="50.95327" lon="4.56139">
        <ele>10</ele>
      </trkpt>
      <trkpt lat="50.95393" lon="4.56077">
        <ele>9</ele>
      </trkpt>
      <trkpt lat="50.95398" lon="4.56071">
        <ele>9</ele>
      </trkpt>
      <trkpt lat="50.95404" lon="4.56065">
        <ele>9</ele>
      </trkpt>
      <trkpt lat="50.95423" lon="4.56027">
        <ele>9</ele>
      </trkpt>
      <trkpt lat="50.95442" lon="4.55992">
        <ele>9</ele>
      </trkpt>
      <trkpt lat="50.95531" lon="4.55828">
        <ele>9</ele>
      </trkpt>
      <trkpt lat="50.95554" lon="4.55787">
        <ele>9</ele>
      </trkpt>
      <trkpt lat="50.95572" lon="4.55747">
        <ele>9</ele>
      </trkpt>
      <trkpt lat="50.95579" lon="4.55732">
        <ele>10</ele>
      </trkpt>
      <trkpt lat="50.95584" lon="4.55716">
        <ele>10</ele>
      </trkpt>
      <trkpt lat="50.95589" lon="4.55699">
        <ele>10</ele>
      </trkpt>
      <trkpt lat="50.95618" lon="4.55594">
        <ele>10</ele>
      </trkpt>
      <trkpt lat="50.95634" lon="4.5557">
        <ele>10</ele>
      </trkpt>
      <trkpt lat="50.95647" lon="4.55554">
        <ele>11</ele>
      </trkpt>
      <trkpt lat="50.95665" lon="4.55544">
        <ele>11</ele>
      </trkpt>
      <trkpt lat="50.95699" lon="4.55529">
        <ele>10</ele>
      </trkpt>
      <trkpt lat="50.95744" lon="4.55511">
        <ele>10</ele>
      </trkpt>
      <trkpt lat="50.95747" lon="4.55511">
        <ele>10</ele>
      </trkpt>
      <trkpt lat="50.95751" lon="4.55513">
        <ele>10</ele>
      </trkpt>
      <trkpt lat="50.95756" lon="4.55518">
        <ele>10</ele>
      </trkpt>
      <trkpt lat="50.95765" lon="4.55531">
        <ele>10</ele>
      </trkpt>
      <trkpt lat="50.95841" lon="4.55624">
        <ele>10</ele>
      </trkpt>
      <trkpt lat="50.95857" lon="4.55642">
        <ele>9</ele>
      </trkpt>
      <trkpt lat="50.95863" lon="4.55647">
        <ele>9</ele>
      </trkpt>
      <trkpt lat="50.95871" lon="4.55652">
        <ele>9</ele>
      </trkpt>
      <trkpt lat="50.95877" lon="4.55652">
        <ele>9</ele>
      </trkpt>
      <trkpt lat="50.95884" lon="4.55652">
        <ele>9</ele>
      </trkpt>
      <trkpt lat="50.95906" lon="4.55638">
        <ele>9</ele>
      </trkpt>
      <trkpt lat="50.95962" lon="4.55609">
        <ele>9</ele>
      </trkpt>
      <trkpt lat="50.9597" lon="4.55607">
        <ele>8</ele>
      </trkpt>
      <trkpt lat="50.95977" lon="4.55608">
        <ele>8</ele>
      </trkpt>
      <trkpt lat="50.9603" lon="4.55654">
        <ele>9</ele>
      </trkpt>
      <trkpt lat="50.96059" lon="4.55668">
        <ele>9</ele>
      </trkpt>
      <trkpt lat="50.96083" lon="4.5568">
        <ele>9</ele>
      </trkpt>
      <trkpt lat="50.96088" lon="4.55684">
        <ele>10</ele>
      </trkpt>
      <trkpt lat="50.961" lon="4.55693">
        <ele>9</ele>
      </trkpt>
      <trkpt lat="50.9614" lon="4.55729">
        <ele>9</ele>
      </trkpt>
      <trkpt lat="50.96151" lon="4.5574">
        <ele>9</ele>
      </trkpt>
      <trkpt lat="50.96205" lon="4.55789">
        <ele>9</ele>
      </trkpt>
      <trkpt lat="50.96211" lon="4.55799">
        <ele>9</ele>
      </trkpt>
      <trkpt lat="50.96214" lon="4.55804">
        <ele>9</ele>
      </trkpt>
      <trkpt lat="50.96216" lon="4.55809">
        <ele>9</ele>
      </trkpt>
      <trkpt lat="50.9627" lon="4.56001">
        <ele>10</ele>
      </trkpt>
      <trkpt lat="50.96275" lon="4.56022">
        <ele>10</ele>
      </trkpt>
      <trkpt lat="50.96288" lon="4.56041">
        <ele>9</ele>
      </trkpt>
      <trkpt lat="50.9631" lon="4.56069">
        <ele>10</ele>
      </trkpt>
      <trkpt lat="50.96332" lon="4.56095">
        <ele>9</ele>
      </trkpt>
      <trkpt lat="50.96352" lon="4.56123">
        <ele>9</ele>
      </trkpt>
      <trkpt lat="50.9637" lon="4.56151">
        <ele>9</ele>
      </trkpt>
      <trkpt lat="50.9645" lon="4.56275">
        <ele>9</ele>
      </trkpt>
      <trkpt lat="50.96455" lon="4.56278">
        <ele>9</ele>
      </trkpt>
      <trkpt lat="50.96461" lon="4.56273">
        <ele>9</ele>
      </trkpt>
      <trkpt lat="50.96488" lon="4.56233">
        <ele>9</ele>
      </trkpt>
      <trkpt lat="50.965" lon="4.56219">
        <ele>9</ele>
      </trkpt>
      <trkpt lat="50.96521" lon="4.56197">
        <ele>9</ele>
      </trkpt>
      <trkpt lat="50.96554" lon="4.56168">
        <ele>9</ele>
      </trkpt>
      <trkpt lat="50.96601" lon="4.56121">
        <ele>8</ele>
      </trkpt>
      <trkpt lat="50.96633" lon="4.56094">
        <ele>8</ele>
      </trkpt>
      <trkpt lat="50.96641" lon="4.56086">
        <ele>8</ele>
      </trkpt>
      <trkpt lat="50.96672" lon="4.56053">
        <ele>8</ele>
      </trkpt>
      <trkpt lat="50.96732" lon="4.55989">
        <ele>8</ele>
      </trkpt>
      <trkpt lat="50.96749" lon="4.55971">
        <ele>8</ele>
      </trkpt>
      <trkpt lat="50.96762" lon="4.55954">
        <ele>9</ele>
      </trkpt>
      <trkpt lat="50.96777" lon="4.55935">
        <ele>9</ele>
      </trkpt>
      <trkpt lat="50.96786" lon="4.55927">
        <ele>9</ele>
      </trkpt>
      <trkpt lat="50.96799" lon="4.55919">
        <ele>9</ele>
      </trkpt>
      <trkpt lat="50.96827" lon="4.55915">
        <ele>9</ele>
      </trkpt>
      <trkpt lat="50.96842" lon="4.55912">
        <ele>9</ele>
      </trkpt>
      <trkpt lat="50.96852" lon="4.55915">
        <ele>9</ele>
      </trkpt>
      <trkpt lat="50.96861" lon="4.55917">
        <ele>9</ele>
      </trkpt>
      <trkpt lat="50.96871" lon="4.55924">
        <ele>9</ele>
      </trkpt>
      <trkpt lat="50.96886" lon="4.55945">
        <ele>10</ele>
      </trkpt>
      <trkpt lat="50.96895" lon="4.55959">
        <ele>10</ele>
      </trkpt>
      <trkpt lat="50.96907" lon="4.55972">
        <ele>9</ele>
      </trkpt>
      <trkpt lat="50.96924" lon="4.55981">
        <ele>9</ele>
      </trkpt>
      <trkpt lat="50.9694" lon="4.55987">
        <ele>9</ele>
      </trkpt>
      <trkpt lat="50.96971" lon="4.55978">
        <ele>9</ele>
      </trkpt>
      <trkpt lat="50.97017" lon="4.55942">
        <ele>8</ele>
      </trkpt>
      <trkpt lat="50.97019" lon="4.55941">
        <ele>8</ele>
      </trkpt>
      <trkpt lat="50.97025" lon="4.55934">
        <ele>8</ele>
      </trkpt>
      <trkpt lat="50.97063" lon="4.559">
        <ele>8</ele>
      </trkpt>
      <trkpt lat="50.97095" lon="4.55878">
        <ele>8</ele>
      </trkpt>
      <trkpt lat="50.97169" lon="4.55849">
        <ele>8</ele>
      </trkpt>
      <trkpt lat="50.97241" lon="4.55819">
        <ele>8</ele>
      </trkpt>
      <trkpt lat="50.97273" lon="4.55812">
        <ele>8</ele>
      </trkpt>
      <trkpt lat="50.97366" lon="4.55827">
        <ele>8</ele>
      </trkpt>
      <trkpt lat="50.97377" lon="4.55828">
        <ele>8</ele>
      </trkpt>
      <trkpt lat="50.97397" lon="4.55833">
        <ele>8</ele>
      </trkpt>
      <trkpt lat="50.97412" lon="4.55839">
        <ele>8</ele>
      </trkpt>
      <trkpt lat="50.97434" lon="4.55856">
        <ele>8</ele>
      </trkpt>
      <trkpt lat="50.97448" lon="4.55876">
        <ele>8</ele>
      </trkpt>
      <trkpt lat="50.97493" lon="4.55812">
        <ele>8</ele>
      </trkpt>
      <trkpt lat="50.97523" lon="4.55761">
        <ele>7</ele>
      </trkpt>
      <trkpt lat="50.97525" lon="4.55753">
        <ele>7</ele>
      </trkpt>
      <trkpt lat="50.97526" lon="4.55744">
        <ele>7</ele>
      </trkpt>
      <trkpt lat="50.97526" lon="4.55736">
        <ele>7</ele>
      </trkpt>
      <trkpt lat="50.97524" lon="4.55729">
        <ele>7</ele>
      </trkpt>
      <trkpt lat="50.97522" lon="4.5572">
        <ele>7</ele>
      </trkpt>
      <trkpt lat="50.97473" lon="4.55551">
        <ele>8</ele>
      </trkpt>
      <trkpt lat="50.97434" lon="4.55346">
        <ele>7</ele>
      </trkpt>
      <trkpt lat="50.97494" lon="4.55297">
        <ele>8</ele>
      </trkpt>
      <trkpt lat="50.97513" lon="4.55274">
        <ele>8</ele>
      </trkpt>
      <trkpt lat="50.97517" lon="4.55266">
        <ele>8</ele>
      </trkpt>
      <trkpt lat="50.97587" lon="4.55152">
        <ele>9</ele>
      </trkpt>
      <trkpt lat="50.97597" lon="4.55156">
        <ele>9</ele>
      </trkpt>
      <trkpt lat="50.97609" lon="4.55169">
        <ele>9</ele>
      </trkpt>
      <trkpt lat="50.9767" lon="4.55253">
        <ele>9</ele>
      </trkpt>
      <trkpt lat="50.97675" lon="4.55253">
        <ele>9</ele>
      </trkpt>
      <trkpt lat="50.9768" lon="4.55253">
        <ele>9</ele>
      </trkpt>
      <trkpt lat="50.97718" lon="4.55194">
        <ele>9</ele>
      </trkpt>
      <trkpt lat="50.97758" lon="4.55131">
        <ele>9</ele>
      </trkpt>
      <trkpt lat="50.97798" lon="4.5506">
        <ele>8</ele>
      </trkpt>
      <trkpt lat="50.97822" lon="4.55018">
        <ele>8</ele>
      </trkpt>
      <trkpt lat="50.97843" lon="4.5498">
        <ele>8</ele>
      </trkpt>
      <trkpt lat="50.97949" lon="4.5479">
        <ele>9</ele>
      </trkpt>
      <trkpt lat="50.98076" lon="4.54516">
        <ele>8</ele>
      </trkpt>
      <trkpt lat="50.98109" lon="4.54444">
        <ele>8</ele>
      </trkpt>
      <trkpt lat="50.98114" lon="4.5442">
        <ele>8</ele>
      </trkpt>
      <trkpt lat="50.98122" lon="4.54365">
        <ele>7</ele>
      </trkpt>
      <trkpt lat="50.98145" lon="4.54377">
        <ele>7</ele>
      </trkpt>
      <trkpt lat="50.98155" lon="4.54377">
        <ele>7</ele>
      </trkpt>
      <trkpt lat="50.98155" lon="4.54369">
        <ele>7</ele>
      </trkpt>
      <trkpt lat="50.98157" lon="4.54364">
        <ele>7</ele>
      </trkpt>
      <trkpt lat="50.98158" lon="4.5436">
        <ele>7</ele>
      </trkpt>
      <trkpt lat="50.98159" lon="4.54359">
        <ele>7</ele>
      </trkpt>
      <trkpt lat="50.98163" lon="4.54356">
        <ele>7</ele>
      </trkpt>
      <trkpt lat="50.98167" lon="4.54355">
        <ele>7</ele>
      </trkpt>
      <trkpt lat="50.98169" lon="4.54356">
        <ele>7</ele>
      </trkpt>
      <trkpt lat="50.9817" lon="4.54301">
        <ele>7</ele>
      </trkpt>
      <trkpt lat="50.98176" lon="4.54243">
        <ele>7</ele>
      </trkpt>
      <trkpt lat="50.98207" lon="4.53957">
        <ele>8</ele>
      </trkpt>
      <trkpt lat="50.9821" lon="4.53933">
        <ele>8</ele>
      </trkpt>
      <trkpt lat="50.98212" lon="4.53904">
        <ele>8</ele>
      </trkpt>
      <trkpt lat="50.98213" lon="4.5388">
        <ele>8</ele>
      </trkpt>
      <trkpt lat="50.98212" lon="4.53817">
        <ele>9</ele>
      </trkpt>
      <trkpt lat="50.98211" lon="4.5378">
        <ele>9</ele>
      </trkpt>
      <trkpt lat="50.98205" lon="4.53734">
        <ele>9</ele>
      </trkpt>
      <trkpt lat="50.98189" lon="4.53638">
        <ele>9</ele>
      </trkpt>
      <trkpt lat="50.98142" lon="4.53402">
        <ele>9</ele>
      </trkpt>
      <trkpt lat="50.98134" lon="4.53359">
        <ele>9</ele>
      </trkpt>
      <trkpt lat="50.98133" lon="4.53357">
        <ele>9</ele>
      </trkpt>
      <trkpt lat="50.98129" lon="4.53336">
        <ele>9</ele>
      </trkpt>
      <trkpt lat="50.98112" lon="4.53244">
        <ele>8</ele>
      </trkpt>
      <trkpt lat="50.98097" lon="4.53186">
        <ele>9</ele>
      </trkpt>
      <trkpt lat="50.98071" lon="4.53107">
        <ele>9</ele>
      </trkpt>
      <trkpt lat="50.98067" lon="4.53097">
        <ele>9</ele>
      </trkpt>
      <trkpt lat="50.98064" lon="4.53085">
        <ele>9</ele>
      </trkpt>
      <trkpt lat="50.9807" lon="4.53081">
        <ele>9</ele>
      </trkpt>
      <trkpt lat="50.98077" lon="4.53077">
        <ele>9</ele>
      </trkpt>
      <trkpt lat="50.98085" lon="4.53076">
        <ele>9</ele>
      </trkpt>
      <trkpt lat="50.98169" lon="4.53057">
        <ele>9</ele>
      </trkpt>
      <trkpt lat="50.98188" lon="4.53053">
        <ele>9</ele>
      </trkpt>
      <trkpt lat="50.98204" lon="4.5305">
        <ele>9</ele>
      </trkpt>
      <trkpt lat="50.98264" lon="4.53036">
        <ele>9</ele>
      </trkpt>
      <trkpt lat="50.98275" lon="4.53035">
        <ele>9</ele>
      </trkpt>
      <trkpt lat="50.98281" lon="4.53034">
        <ele>9</ele>
      </trkpt>
      <trkpt lat="50.98286" lon="4.53033">
        <ele>9</ele>
      </trkpt>
      <trkpt lat="50.983" lon="4.5303">
        <ele>9</ele>
      </trkpt>
      <trkpt lat="50.98337" lon="4.53022">
        <ele>9</ele>
      </trkpt>
      <trkpt lat="50.98375" lon="4.53024">
        <ele>9</ele>
      </trkpt>
      <trkpt lat="50.984" lon="4.53029">
        <ele>9</ele>
      </trkpt>
      <trkpt lat="50.98402" lon="4.53029">
        <ele>9</ele>
      </trkpt>
      <trkpt lat="50.98523" lon="4.53063">
        <ele>11</ele>
      </trkpt>
      <trkpt lat="50.98543" lon="4.53071">
        <ele>12</ele>
      </trkpt>
      <trkpt lat="50.98567" lon="4.53083">
        <ele>11</ele>
      </trkpt>
      <trkpt lat="50.98574" lon="4.53089">
        <ele>11</ele>
      </trkpt>
      <trkpt lat="50.98577" lon="4.53092">
        <ele>11</ele>
      </trkpt>
      <trkpt lat="50.98586" lon="4.53107">
        <ele>11</ele>
      </trkpt>
      <trkpt lat="50.98595" lon="4.53122">
        <ele>11</ele>
      </trkpt>
      <trkpt lat="50.98633" lon="4.53165">
        <ele>10</ele>
      </trkpt>
      <trkpt lat="50.9866" lon="4.53193">
        <ele>10</ele>
      </trkpt>
      <trkpt lat="50.98681" lon="4.53209">
        <ele>10</ele>
      </trkpt>
      <trkpt lat="50.98733" lon="4.53242">
        <ele>10</ele>
      </trkpt>
      <trkpt lat="50.98776" lon="4.53266">
        <ele>9</ele>
      </trkpt>
      <trkpt lat="50.98799" lon="4.53285">
        <ele>9</ele>
      </trkpt>
      <trkpt lat="50.98926" lon="4.53165">
        <ele>9</ele>
      </trkpt>
      <trkpt lat="50.98937" lon="4.5315">
        <ele>9</ele>
      </trkpt>
      <trkpt lat="50.98945" lon="4.53132">
        <ele>9</ele>
      </trkpt>
      <trkpt lat="50.98954" lon="4.53117">
        <ele>9</ele>
      </trkpt>
      <trkpt lat="50.99032" lon="4.53054">
        <ele>9</ele>
      </trkpt>
      <trkpt lat="50.99097" lon="4.53">
        <ele>8</ele>
      </trkpt>
      <trkpt lat="50.99117" lon="4.52991">
        <ele>8</ele>
      </trkpt>
      <trkpt lat="50.99139" lon="4.52985">
        <ele>8</ele>
      </trkpt>
      <trkpt lat="50.99148" lon="4.5298">
        <ele>8</ele>
      </trkpt>
      <trkpt lat="50.99154" lon="4.52973">
        <ele>8</ele>
      </trkpt>
      <trkpt lat="50.9916" lon="4.52967">
        <ele>8</ele>
      </trkpt>
      <trkpt lat="50.99162" lon="4.52962">
        <ele>8</ele>
      </trkpt>
      <trkpt lat="50.99191" lon="4.52899">
        <ele>9</ele>
      </trkpt>
      <trkpt lat="50.99193" lon="4.52895">
        <ele>9</ele>
      </trkpt>
      <trkpt lat="50.99211" lon="4.52858">
        <ele>9</ele>
      </trkpt>
      <trkpt lat="50.99214" lon="4.52852">
        <ele>9</ele>
      </trkpt>
      <trkpt lat="50.99217" lon="4.52846">
        <ele>9</ele>
      </trkpt>
      <trkpt lat="50.99371" lon="4.52514">
        <ele>9</ele>
      </trkpt>
      <trkpt lat="50.99423" lon="4.52397">
        <ele>8</ele>
      </trkpt>
      <trkpt lat="50.99563" lon="4.52088">
        <ele>8</ele>
      </trkpt>
      <trkpt lat="50.99569" lon="4.52076">
        <ele>8</ele>
      </trkpt>
      <trkpt lat="50.9965" lon="4.51897">
        <ele>9</ele>
      </trkpt>
      <trkpt lat="50.99653" lon="4.51891">
        <ele>9</ele>
      </trkpt>
      <trkpt lat="50.99658" lon="4.51886">
        <ele>9</ele>
      </trkpt>
      <trkpt lat="50.99664" lon="4.51877">
        <ele>9</ele>
      </trkpt>
      <trkpt lat="50.99667" lon="4.51871">
        <ele>9</ele>
      </trkpt>
      <trkpt lat="50.99669" lon="4.51857">
        <ele>9</ele>
      </trkpt>
      <trkpt lat="50.99672" lon="4.51846">
        <ele>9</ele>
      </trkpt>
      <trkpt lat="50.99676" lon="4.51837">
        <ele>9</ele>
      </trkpt>
      <trkpt lat="50.99926" lon="4.51288">
        <ele>6</ele>
      </trkpt>
      <trkpt lat="50.99967" lon="4.51199">
        <ele>5</ele>
      </trkpt>
      <trkpt lat="50.99991" lon="4.51163">
        <ele>5</ele>
      </trkpt>
      <trkpt lat="51.00001" lon="4.51141">
        <ele>6</ele>
      </trkpt>
      <trkpt lat="51.00003" lon="4.51135">
        <ele>6</ele>
      </trkpt>
      <trkpt lat="51.00058" lon="4.50997">
        <ele>6</ele>
      </trkpt>
      <trkpt lat="51.00058" lon="4.50987">
        <ele>7</ele>
      </trkpt>
      <trkpt lat="51.00206" lon="4.50666">
        <ele>6</ele>
      </trkpt>
      <trkpt lat="51.00219" lon="4.50637">
        <ele>6</ele>
      </trkpt>
      <trkpt lat="51.00231" lon="4.50612">
        <ele>6</ele>
      </trkpt>
      <trkpt lat="51.00256" lon="4.50556">
        <ele>6</ele>
      </trkpt>
      <trkpt lat="51.00261" lon="4.50546">
        <ele>6</ele>
      </trkpt>
      <trkpt lat="51.00418" lon="4.50206">
        <ele>10</ele>
      </trkpt>
      <trkpt lat="51.00517" lon="4.49989">
        <ele>9</ele>
      </trkpt>
      <trkpt lat="51.00558" lon="4.49901">
        <ele>9</ele>
      </trkpt>
      <trkpt lat="51.00679" lon="4.49638">
        <ele>8</ele>
      </trkpt>
      <trkpt lat="51.00726" lon="4.49538">
        <ele>8</ele>
      </trkpt>
      <trkpt lat="51.00766" lon="4.4945">
        <ele>9</ele>
      </trkpt>
      <trkpt lat="51.00818" lon="4.49336">
        <ele>9</ele>
      </trkpt>
      <trkpt lat="51.00845" lon="4.49286">
        <ele>8</ele>
      </trkpt>
      <trkpt lat="51.00884" lon="4.4922">
        <ele>8</ele>
      </trkpt>
      <trkpt lat="51.00913" lon="4.49171">
        <ele>8</ele>
      </trkpt>
      <trkpt lat="51.00922" lon="4.49155">
        <ele>8</ele>
      </trkpt>
      <trkpt lat="51.00923" lon="4.49153">
        <ele>8</ele>
      </trkpt>
      <trkpt lat="51.00981" lon="4.49052">
        <ele>9</ele>
      </trkpt>
      <trkpt lat="51.01066" lon="4.48907">
        <ele>8</ele>
      </trkpt>
      <trkpt lat="51.01074" lon="4.48894">
        <ele>8</ele>
      </trkpt>
      <trkpt lat="51.01138" lon="4.48783">
        <ele>8</ele>
      </trkpt>
      <trkpt lat="51.0116" lon="4.48749">
        <ele>9</ele>
      </trkpt>
      <trkpt lat="51.01235" lon="4.48623">
        <ele>8</ele>
      </trkpt>
      <trkpt lat="51.01248" lon="4.48596">
        <ele>8</ele>
      </trkpt>
      <trkpt lat="51.0125" lon="4.4859">
        <ele>8</ele>
      </trkpt>
      <trkpt lat="51.01269" lon="4.48566">
        <ele>7</ele>
      </trkpt>
      <trkpt lat="51.01321" lon="4.48475">
        <ele>7</ele>
      </trkpt>
      <trkpt lat="51.01336" lon="4.48447">
        <ele>7</ele>
      </trkpt>
      <trkpt lat="51.01388" lon="4.48362">
        <ele>9</ele>
      </trkpt>
      <trkpt lat="51.01407" lon="4.48329">
        <ele>9</ele>
      </trkpt>
      <trkpt lat="51.0141" lon="4.48305">
        <ele>9</ele>
      </trkpt>
      <trkpt lat="51.01451" lon="4.48223">
        <ele>10</ele>
      </trkpt>
      <trkpt lat="51.01458" lon="4.48217">
        <ele>10</ele>
      </trkpt>
      <trkpt lat="51.01462" lon="4.48216">
        <ele>10</ele>
      </trkpt>
      <trkpt lat="51.01469" lon="4.48214">
        <ele>10</ele>
      </trkpt>
      <trkpt lat="51.01472" lon="4.48227">
        <ele>10</ele>
      </trkpt>
      <trkpt lat="51.01481" lon="4.48238">
        <ele>10</ele>
      </trkpt>
      <trkpt lat="51.01493" lon="4.48257">
        <ele>9</ele>
      </trkpt>
      <trkpt lat="51.01497" lon="4.48261">
        <ele>9</ele>
      </trkpt>
      <trkpt lat="51.01506" lon="4.48259">
        <ele>9</ele>
      </trkpt>
      <trkpt lat="51.01606" lon="4.48095">
        <ele>12</ele>
      </trkpt>
      <trkpt lat="51.01607" lon="4.48081">
        <ele>12</ele>
      </trkpt>
      <trkpt lat="51.01633" lon="4.48037">
        <ele>13</ele>
      </trkpt>
      <trkpt lat="51.01634" lon="4.48033">
        <ele>12</ele>
      </trkpt>
      <trkpt lat="51.01635" lon="4.48027">
        <ele>12</ele>
      </trkpt>
      <trkpt lat="51.01642" lon="4.48017">
        <ele>12</ele>
      </trkpt>
      <trkpt lat="51.01694" lon="4.47928">
        <ele>11</ele>
      </trkpt>
      <trkpt lat="51.01776" lon="4.47786">
        <ele>10</ele>
      </trkpt>
      <trkpt lat="51.01843" lon="4.47674">
        <ele>10</ele>
      </trkpt>
      <trkpt lat="51.01888" lon="4.47597">
        <ele>11</ele>
      </trkpt>
      <trkpt lat="51.01895" lon="4.47576">
        <ele>11</ele>
      </trkpt>
      <trkpt lat="51.01932" lon="4.47515">
        <ele>11</ele>
      </trkpt>
      <trkpt lat="51.02026" lon="4.47352">
        <ele>10</ele>
      </trkpt>
      <trkpt lat="51.02045" lon="4.47318">
        <ele>10</ele>
      </trkpt>
      <trkpt lat="51.02115" lon="4.47232">
        <ele>10</ele>
      </trkpt>
      <trkpt lat="51.0212" lon="4.47219">
        <ele>10</ele>
      </trkpt>
      <trkpt lat="51.02122" lon="4.47213">
        <ele>10</ele>
      </trkpt>
      <trkpt lat="51.02123" lon="4.4721">
        <ele>10</ele>
      </trkpt>
      <trkpt lat="51.02127" lon="4.47199">
        <ele>10</ele>
      </trkpt>
      <trkpt lat="51.02151" lon="4.47166">
        <ele>10</ele>
      </trkpt>
      <trkpt lat="51.02161" lon="4.47163">
        <ele>10</ele>
      </trkpt>
      <trkpt lat="51.02229" lon="4.47064">
        <ele>9</ele>
      </trkpt>
      <trkpt lat="51.02236" lon="4.47054">
        <ele>9</ele>
      </trkpt>
      <trkpt lat="51.0227" lon="4.47002">
        <ele>9</ele>
      </trkpt>
      <trkpt lat="51.02274" lon="4.46989">
        <ele>9</ele>
      </trkpt>
      <trkpt lat="51.02304" lon="4.46943">
        <ele>8</ele>
      </trkpt>
      <trkpt lat="51.02306" lon="4.4694">
        <ele>8</ele>
      </trkpt>
      <trkpt lat="51.02357" lon="4.46868">
        <ele>7</ele>
      </trkpt>
      <trkpt lat="51.02365" lon="4.46858">
        <ele>7</ele>
      </trkpt>
      <trkpt lat="51.02456" lon="4.4672">
        <ele>8</ele>
      </trkpt>
      <trkpt lat="51.02497" lon="4.4666">
        <ele>7</ele>
      </trkpt>
      <trkpt lat="51.02598" lon="4.46509">
        <ele>6</ele>
      </trkpt>
      <trkpt lat="51.02754" lon="4.46281">
        <ele>6</ele>
      </trkpt>
      <trkpt lat="51.0286" lon="4.46122">
        <ele>6</ele>
      </trkpt>
      <trkpt lat="51.02885" lon="4.46087">
        <ele>6</ele>
      </trkpt>
      <trkpt lat="51.02998" lon="4.45919">
        <ele>5</ele>
      </trkpt>
      <trkpt lat="51.03005" lon="4.45908">
        <ele>5</ele>
      </trkpt>
      <trkpt lat="51.03038" lon="4.45857">
        <ele>5</ele>
      </trkpt>
      <trkpt lat="51.03072" lon="4.45807">
        <ele>5</ele>
      </trkpt>
      <trkpt lat="51.03141" lon="4.45706">
        <ele>8</ele>
      </trkpt>
      <trkpt lat="51.03192" lon="4.45633">
        <ele>8</ele>
      </trkpt>
      <trkpt lat="51.03246" lon="4.45554">
        <ele>8</ele>
      </trkpt>
      <trkpt lat="51.03264" lon="4.45526">
        <ele>8</ele>
      </trkpt>
      <trkpt lat="51.03312" lon="4.45457">
        <ele>8</ele>
      </trkpt>
      <trkpt lat="51.03422" lon="4.45293">
        <ele>8</ele>
      </trkpt>
      <trkpt lat="51.03526" lon="4.45141">
        <ele>8</ele>
      </trkpt>
      <trkpt lat="51.0359" lon="4.45047">
        <ele>10</ele>
      </trkpt>
      <trkpt lat="51.03594" lon="4.45041">
        <ele>10</ele>
      </trkpt>
      <trkpt lat="51.03653" lon="4.44949">
        <ele>9</ele>
      </trkpt>
      <trkpt lat="51.03801" lon="4.44729">
        <ele>4</ele>
      </trkpt>
      <trkpt lat="51.0381" lon="4.44717">
        <ele>4</ele>
      </trkpt>
      <trkpt lat="51.03817" lon="4.447">
        <ele>5</ele>
      </trkpt>
      <trkpt lat="51.03826" lon="4.44679">
        <ele>4</ele>
      </trkpt>
      <trkpt lat="51.03835" lon="4.44661">
        <ele>4</ele>
      </trkpt>
      <trkpt lat="51.03854" lon="4.44634">
        <ele>5</ele>
      </trkpt>
      <trkpt lat="51.03879" lon="4.44607">
        <ele>5</ele>
      </trkpt>
      <trkpt lat="51.03891" lon="4.4459">
        <ele>5</ele>
      </trkpt>
      <trkpt lat="51.03911" lon="4.44561">
        <ele>5</ele>
      </trkpt>
      <trkpt lat="51.03943" lon="4.4451">
        <ele>6</ele>
      </trkpt>
      <trkpt lat="51.03959" lon="4.44489">
        <ele>6</ele>
      </trkpt>
      <trkpt lat="51.03963" lon="4.44486">
        <ele>6</ele>
      </trkpt>
      <trkpt lat="51.03969" lon="4.44481">
        <ele>6</ele>
      </trkpt>
      <trkpt lat="51.03984" lon="4.44458">
        <ele>6</ele>
      </trkpt>
      <trkpt lat="51.03998" lon="4.44435">
        <ele>6</ele>
      </trkpt>
      <trkpt lat="51.04009" lon="4.4442">
        <ele>6</ele>
      </trkpt>
      <trkpt lat="51.04048" lon="4.44367">
        <ele>5</ele>
      </trkpt>
      <trkpt lat="51.04052" lon="4.44366">
        <ele>5</ele>
      </trkpt>
      <trkpt lat="51.0406" lon="4.44371">
        <ele>5</ele>
      </trkpt>
      <trkpt lat="51.04065" lon="4.44382">
        <ele>6</ele>
      </trkpt>
      <trkpt lat="51.04119" lon="4.44492">
        <ele>7</ele>
      </trkpt>
      <trkpt lat="51.04145" lon="4.44543">
        <ele>7</ele>
      </trkpt>
      <trkpt lat="51.04174" lon="4.44592">
        <ele>6</ele>
      </trkpt>
      <trkpt lat="51.04191" lon="4.4461">
        <ele>6</ele>
      </trkpt>
      <trkpt lat="51.04206" lon="4.44628">
        <ele>6</ele>
      </trkpt>
      <trkpt lat="51.04209" lon="4.44638">
        <ele>6</ele>
      </trkpt>
      <trkpt lat="51.04215" lon="4.44654">
        <ele>6</ele>
      </trkpt>
      <trkpt lat="51.04222" lon="4.44649">
        <ele>6</ele>
      </trkpt>
      <trkpt lat="51.04232" lon="4.44642">
        <ele>6</ele>
      </trkpt>
      <trkpt lat="51.04247" lon="4.44674">
        <ele>5</ele>
      </trkpt>
      <trkpt lat="51.04259" lon="4.44705">
        <ele>5</ele>
      </trkpt>
      <trkpt lat="51.0428" lon="4.44787">
        <ele>5</ele>
      </trkpt>
      <trkpt lat="51.04275" lon="4.44792">
        <ele>5</ele>
      </trkpt>
      <trkpt lat="51.04284" lon="4.44819">
        <ele>5</ele>
      </trkpt>
      <trkpt lat="51.0429" lon="4.44832">
        <ele>5</ele>
      </trkpt>
      <trkpt lat="51.04298" lon="4.44837">
        <ele>5</ele>
      </trkpt>
      <trkpt lat="51.04314" lon="4.44841">
        <ele>5</ele>
      </trkpt>
      <trkpt lat="51.04329" lon="4.44847">
        <ele>4</ele>
      </trkpt>
      <trkpt lat="51.04346" lon="4.44855">
        <ele>4</ele>
      </trkpt>
      <trkpt lat="51.04365" lon="4.44866">
        <ele>2</ele>
      </trkpt>
      <trkpt lat="51.04384" lon="4.4488">
        <ele>2</ele>
      </trkpt>
      <trkpt lat="51.044" lon="4.44895">
        <ele>2</ele>
      </trkpt>
      <trkpt lat="51.04406" lon="4.449">
        <ele>2</ele>
      </trkpt>
      <trkpt lat="51.04416" lon="4.44909">
        <ele>2</ele>
      </trkpt>
      <trkpt lat="51.0443" lon="4.44926">
        <ele>2</ele>
      </trkpt>
      <trkpt lat="51.0444" lon="4.44939">
        <ele>2</ele>
      </trkpt>
      <trkpt lat="51.04453" lon="4.4496">
        <ele>2</ele>
      </trkpt>
      <trkpt lat="51.04413" lon="4.45002">
        <ele>3</ele>
      </trkpt>
      <trkpt lat="51.04362" lon="4.4505">
        <ele>4</ele>
      </trkpt>
      <trkpt lat="51.04336" lon="4.45075">
        <ele>6</ele>
      </trkpt>
      <trkpt lat="51.04287" lon="4.44949">
        <ele>6</ele>
      </trkpt>
      <trkpt lat="51.04283" lon="4.44939">
        <ele>6</ele>
      </trkpt>
      <trkpt lat="51.04282" lon="4.44927">
        <ele>6</ele>
      </trkpt>
      <trkpt lat="51.04284" lon="4.44921">
        <ele>6</ele>
      </trkpt>
      <trkpt lat="51.04288" lon="4.44916">
        <ele>6</ele>
      </trkpt>
      <trkpt lat="51.04299" lon="4.44913">
        <ele>5</ele>
      </trkpt>
      <trkpt lat="51.04319" lon="4.44916">
        <ele>5</ele>
      </trkpt>
      <trkpt lat="51.04335" lon="4.44916">
        <ele>5</ele>
      </trkpt>
      <trkpt lat="51.04353" lon="4.44922">
        <ele>3</ele>
      </trkpt>
      <trkpt lat="51.04371" lon="4.44933">
        <ele>3</ele>
      </trkpt>
      <trkpt lat="51.04389" lon="4.44945">
        <ele>2</ele>
      </trkpt>
      <trkpt lat="51.04405" lon="4.4496">
        <ele>2</ele>
      </trkpt>
      <trkpt lat="51.04423" lon="4.44976">
        <ele>2</ele>
      </trkpt>
      <trkpt lat="51.04502" lon="4.45075">
        <ele>4</ele>
      </trkpt>
      <trkpt lat="51.04537" lon="4.45118">
        <ele>6</ele>
      </trkpt>
      <trkpt lat="51.04558" lon="4.45139">
        <ele>6</ele>
      </trkpt>
      <trkpt lat="51.04588" lon="4.45165">
        <ele>7</ele>
      </trkpt>
      <trkpt lat="51.04615" lon="4.45188">
        <ele>8</ele>
      </trkpt>
      <trkpt lat="51.04658" lon="4.45221">
        <ele>8</ele>
      </trkpt>
      <trkpt lat="51.04656" lon="4.4523">
        <ele>8</ele>
      </trkpt>
      <trkpt lat="51.04627" lon="4.4521">
        <ele>8</ele>
      </trkpt>
      <trkpt lat="51.04571" lon="4.45167">
        <ele>7</ele>
      </trkpt>
      <trkpt lat="51.04551" lon="4.45153">
        <ele>6</ele>
      </trkpt>
      <trkpt lat="51.04533" lon="4.45138">
        <ele>6</ele>
      </trkpt>
      <trkpt lat="51.04511" lon="4.45116">
        <ele>5</ele>
      </trkpt>
      <trkpt lat="51.04489" lon="4.45091">
        <ele>5</ele>
      </trkpt>
      <trkpt lat="51.0447" lon="4.45069">
        <ele>3</ele>
      </trkpt>
      <trkpt lat="51.04511" lon="4.45024">
        <ele>3</ele>
      </trkpt>
      <trkpt lat="51.04526" lon="4.45003">
        <ele>4</ele>
      </trkpt>
      <trkpt lat="51.04554" lon="4.44961">
        <ele>3</ele>
      </trkpt>
      <trkpt lat="51.04583" lon="4.44916">
        <ele>3</ele>
      </trkpt>
      <trkpt lat="51.04591" lon="4.44904">
        <ele>2</ele>
      </trkpt>
      <trkpt lat="51.04619" lon="4.44862">
        <ele>2</ele>
      </trkpt>
      <trkpt lat="51.04651" lon="4.44815">
        <ele>1</ele>
      </trkpt>
      <trkpt lat="51.04681" lon="4.44774">
        <ele>2</ele>
      </trkpt>
      <trkpt lat="51.04708" lon="4.44739">
        <ele>3</ele>
      </trkpt>
      <trkpt lat="51.04726" lon="4.44712">
        <ele>4</ele>
      </trkpt>
      <trkpt lat="51.04743" lon="4.44686">
        <ele>4</ele>
      </trkpt>
      <trkpt lat="51.04758" lon="4.44658">
        <ele>4</ele>
      </trkpt>
      <trkpt lat="51.04772" lon="4.44628">
        <ele>5</ele>
      </trkpt>
      <trkpt lat="51.04778" lon="4.44618">
        <ele>5</ele>
      </trkpt>
      <trkpt lat="51.04793" lon="4.44587">
        <ele>5</ele>
      </trkpt>
      <trkpt lat="51.04807" lon="4.44558">
        <ele>4</ele>
      </trkpt>
      <trkpt lat="51.04805" lon="4.44542">
        <ele>4</ele>
      </trkpt>
      <trkpt lat="51.04799" lon="4.44519">
        <ele>4</ele>
      </trkpt>
      <trkpt lat="51.04797" lon="4.44492">
        <ele>4</ele>
      </trkpt>
      <trkpt lat="51.04802" lon="4.44453">
        <ele>3</ele>
      </trkpt>
      <trkpt lat="51.04814" lon="4.444">
        <ele>3</ele>
      </trkpt>
      <trkpt lat="51.04831" lon="4.44349">
        <ele>3</ele>
      </trkpt>
      <trkpt lat="51.04848" lon="4.44298">
        <ele>4</ele>
      </trkpt>
      <trkpt lat="51.04866" lon="4.44251">
        <ele>4</ele>
      </trkpt>
      <trkpt lat="51.04883" lon="4.44214">
        <ele>4</ele>
      </trkpt>
      <trkpt lat="51.04897" lon="4.44189">
        <ele>4</ele>
      </trkpt>
      <trkpt lat="51.04917" lon="4.44158">
        <ele>4</ele>
      </trkpt>
      <trkpt lat="51.04939" lon="4.44134">
        <ele>3</ele>
      </trkpt>
      <trkpt lat="51.04962" lon="4.44115">
        <ele>3</ele>
      </trkpt>
      <trkpt lat="51.04984" lon="4.44099">
        <ele>3</ele>
      </trkpt>
      <trkpt lat="51.05015" lon="4.44088">
        <ele>3</ele>
      </trkpt>
      <trkpt lat="51.05036" lon="4.44083">
        <ele>2</ele>
      </trkpt>
      <trkpt lat="51.05059" lon="4.44083">
        <ele>2</ele>
      </trkpt>
      <trkpt lat="51.05082" lon="4.44088">
        <ele>2</ele>
      </trkpt>
      <trkpt lat="51.051" lon="4.44097">
        <ele>2</ele>
      </trkpt>
      <trkpt lat="51.05118" lon="4.44111">
        <ele>1</ele>
      </trkpt>
      <trkpt lat="51.05138" lon="4.4413">
        <ele>1</ele>
      </trkpt>
      <trkpt lat="51.0516" lon="4.44151">
        <ele>0</ele>
      </trkpt>
      <trkpt lat="51.05169" lon="4.44156">
        <ele>-0</ele>
      </trkpt>
      <trkpt lat="51.05192" lon="4.44175">
        <ele>-1</ele>
      </trkpt>
      <trkpt lat="51.0522" lon="4.44198">
        <ele>-2</ele>
      </trkpt>
      <trkpt lat="51.05251" lon="4.44212">
        <ele>-1</ele>
      </trkpt>
      <trkpt lat="51.05283" lon="4.44226">
        <ele>-1</ele>
      </trkpt>
      <trkpt lat="51.05419" lon="4.44273">
        <ele>1</ele>
      </trkpt>
      <trkpt lat="51.05495" lon="4.44298">
        <ele>3</ele>
      </trkpt>
      <trkpt lat="51.0552" lon="4.44304">
        <ele>4</ele>
      </trkpt>
      <trkpt lat="51.05548" lon="4.4431">
        <ele>4</ele>
      </trkpt>
      <trkpt lat="51.05579" lon="4.44316">
        <ele>4</ele>
      </trkpt>
      <trkpt lat="51.05609" lon="4.44319">
        <ele>3</ele>
      </trkpt>
      <trkpt lat="51.05638" lon="4.44319">
        <ele>3</ele>
      </trkpt>
      <trkpt lat="51.05661" lon="4.44318">
        <ele>3</ele>
      </trkpt>
      <trkpt lat="51.05686" lon="4.44316">
        <ele>1</ele>
      </trkpt>
      <trkpt lat="51.05712" lon="4.44312">
        <ele>1</ele>
      </trkpt>
      <trkpt lat="51.0574" lon="4.44304">
        <ele>1</ele>
      </trkpt>
      <trkpt lat="51.05767" lon="4.44292">
        <ele>-0</ele>
      </trkpt>
      <trkpt lat="51.05794" lon="4.4428">
        <ele>-1</ele>
      </trkpt>
      <trkpt lat="51.05816" lon="4.44268">
        <ele>-1</ele>
      </trkpt>
      <trkpt lat="51.05841" lon="4.44251">
        <ele>-1</ele>
      </trkpt>
      <trkpt lat="51.05866" lon="4.44231">
        <ele>0</ele>
      </trkpt>
      <trkpt lat="51.05896" lon="4.44207">
        <ele>0</ele>
      </trkpt>
      <trkpt lat="51.05925" lon="4.44179">
        <ele>0</ele>
      </trkpt>
      <trkpt lat="51.05954" lon="4.44149">
        <ele>-0</ele>
      </trkpt>
      <trkpt lat="51.05984" lon="4.44115">
        <ele>-1</ele>
      </trkpt>
      <trkpt lat="51.0602" lon="4.44069">
        <ele>0</ele>
      </trkpt>
      <trkpt lat="51.06052" lon="4.44026">
        <ele>1</ele>
      </trkpt>
      <trkpt lat="51.06056" lon="4.44021">
        <ele>1</ele>
      </trkpt>
      <trkpt lat="51.0606" lon="4.44015">
        <ele>1</ele>
      </trkpt>
      <trkpt lat="51.06061" lon="4.44013">
        <ele>1</ele>
      </trkpt>
      <trkpt lat="51.06091" lon="4.4397">
        <ele>1</ele>
      </trkpt>
      <trkpt lat="51.06122" lon="4.43925">
        <ele>0</ele>
      </trkpt>
      <trkpt lat="51.06147" lon="4.43883">
        <ele>0</ele>
      </trkpt>
      <trkpt lat="51.06176" lon="4.43831">
        <ele>0</ele>
      </trkpt>
      <trkpt lat="51.06208" lon="4.43769">
        <ele>0</ele>
      </trkpt>
      <trkpt lat="51.06244" lon="4.43697">
        <ele>-0</ele>
      </trkpt>
      <trkpt lat="51.06278" lon="4.4363">
        <ele>-1</ele>
      </trkpt>
      <trkpt lat="51.06305" lon="4.43574">
        <ele>-1</ele>
      </trkpt>
      <trkpt lat="51.06335" lon="4.43508">
        <ele>-1</ele>
      </trkpt>
      <trkpt lat="51.06369" lon="4.43426">
        <ele>-1</ele>
      </trkpt>
      <trkpt lat="51.064" lon="4.43346">
        <ele>0</ele>
      </trkpt>
      <trkpt lat="51.06427" lon="4.4328">
        <ele>1</ele>
      </trkpt>
      <trkpt lat="51.06453" lon="4.4322">
        <ele>0</ele>
      </trkpt>
      <trkpt lat="51.06486" lon="4.43159">
        <ele>-0</ele>
      </trkpt>
      <trkpt lat="51.0653" lon="4.43089">
        <ele>-1</ele>
      </trkpt>
      <trkpt lat="51.06577" lon="4.43016">
        <ele>0</ele>
      </trkpt>
      <trkpt lat="51.06606" lon="4.42976">
        <ele>2</ele>
      </trkpt>
      <trkpt lat="51.06671" lon="4.42889">
        <ele>3</ele>
      </trkpt>
      <trkpt lat="51.06749" lon="4.42787">
        <ele>4</ele>
      </trkpt>
      <trkpt lat="51.06846" lon="4.42661">
        <ele>3</ele>
      </trkpt>
      <trkpt lat="51.06881" lon="4.42614">
        <ele>5</ele>
      </trkpt>
      <trkpt lat="51.06909" lon="4.4258">
        <ele>6</ele>
      </trkpt>
      <trkpt lat="51.06936" lon="4.42551">
        <ele>7</ele>
      </trkpt>
      <trkpt lat="51.06968" lon="4.42518">
        <ele>8</ele>
      </trkpt>
      <trkpt lat="51.07003" lon="4.42481">
        <ele>6</ele>
      </trkpt>
      <trkpt lat="51.07028" lon="4.42454">
        <ele>6</ele>
      </trkpt>
      <trkpt lat="51.0704" lon="4.42442">
        <ele>6</ele>
      </trkpt>
      <trkpt lat="51.07048" lon="4.42434">
        <ele>6</ele>
      </trkpt>
      <trkpt lat="51.07058" lon="4.42429">
        <ele>6</ele>
      </trkpt>
      <trkpt lat="51.0707" lon="4.42426">
        <ele>6</ele>
      </trkpt>
      <trkpt lat="51.07086" lon="4.42421">
        <ele>6</ele>
      </trkpt>
      <trkpt lat="51.07109" lon="4.42419">
        <ele>6</ele>
      </trkpt>
      <trkpt lat="51.07124" lon="4.42419">
        <ele>6</ele>
      </trkpt>
      <trkpt lat="51.07118" lon="4.42413">
        <ele>6</ele>
      </trkpt>
      <trkpt lat="51.07062" lon="4.42412">
        <ele>6</ele>
      </trkpt>
      <trkpt lat="51.07043" lon="4.4238">
        <ele>4</ele>
      </trkpt>
      <trkpt lat="51.06994" lon="4.42302">
        <ele>2</ele>
      </trkpt>
      <trkpt lat="51.06954" lon="4.42361">
        <ele>3</ele>
      </trkpt>
      <trkpt lat="51.06945" lon="4.42365">
        <ele>3</ele>
      </trkpt>
      <trkpt lat="51.06935" lon="4.42371">
        <ele>3</ele>
      </trkpt>
      <trkpt lat="51.06921" lon="4.42377">
        <ele>3</ele>
      </trkpt>
      <trkpt lat="51.06881" lon="4.42382">
        <ele>3</ele>
      </trkpt>
      <trkpt lat="51.06864" lon="4.42385">
        <ele>3</ele>
      </trkpt>
      <trkpt lat="51.06854" lon="4.42387">
        <ele>3</ele>
      </trkpt>
      <trkpt lat="51.06837" lon="4.42397">
        <ele>2</ele>
      </trkpt>
      <trkpt lat="51.06826" lon="4.42407">
        <ele>2</ele>
      </trkpt>
      <trkpt lat="51.06802" lon="4.42431">
        <ele>2</ele>
      </trkpt>
      <trkpt lat="51.06731" lon="4.42526">
        <ele>1</ele>
      </trkpt>
      <trkpt lat="51.06717" lon="4.42549">
        <ele>1</ele>
      </trkpt>
      <trkpt lat="51.06627" lon="4.42779">
        <ele>2</ele>
      </trkpt>
      <trkpt lat="51.06598" lon="4.42835">
        <ele>1</ele>
      </trkpt>
      <trkpt lat="51.06516" lon="4.42899">
        <ele>1</ele>
      </trkpt>
      <trkpt lat="51.06497" lon="4.4291">
        <ele>1</ele>
      </trkpt>
      <trkpt lat="51.06478" lon="4.4291">
        <ele>1</ele>
      </trkpt>
      <trkpt lat="51.06466" lon="4.42907">
        <ele>0</ele>
      </trkpt>
      <trkpt lat="51.06399" lon="4.42873">
        <ele>1</ele>
      </trkpt>
      <trkpt lat="51.06289" lon="4.42842">
        <ele>1</ele>
      </trkpt>
      <trkpt lat="51.05907" lon="4.42766">
        <ele>0</ele>
      </trkpt>
      <trkpt lat="51.0587" lon="4.4276">
        <ele>0</ele>
      </trkpt>
      <trkpt lat="51.05762" lon="4.42746">
        <ele>0</ele>
      </trkpt>
      <trkpt lat="51.05692" lon="4.42752">
        <ele>0</ele>
      </trkpt>
      <trkpt lat="51.05604" lon="4.42794">
        <ele>1</ele>
      </trkpt>
      <trkpt lat="51.05436" lon="4.42878">
        <ele>0</ele>
      </trkpt>
      <trkpt lat="51.05356" lon="4.42907">
        <ele>1</ele>
      </trkpt>
      <trkpt lat="51.05293" lon="4.42919">
        <ele>1</ele>
      </trkpt>
      <trkpt lat="51.05247" lon="4.42914">
        <ele>1</ele>
      </trkpt>
      <trkpt lat="51.05228" lon="4.42914">
        <ele>1</ele>
      </trkpt>
      <trkpt lat="51.05176" lon="4.42896">
        <ele>1</ele>
      </trkpt>
      <trkpt lat="51.05116" lon="4.42865">
        <ele>1</ele>
      </trkpt>
      <trkpt lat="51.05044" lon="4.42797">
        <ele>1</ele>
      </trkpt>
      <trkpt lat="51.04949" lon="4.42659">
        <ele>2</ele>
      </trkpt>
      <trkpt lat="51.04921" lon="4.42617">
        <ele>2</ele>
      </trkpt>
      <trkpt lat="51.04755" lon="4.42384">
        <ele>4</ele>
      </trkpt>
      <trkpt lat="51.04636" lon="4.42242">
        <ele>5</ele>
      </trkpt>
      <trkpt lat="51.04601" lon="4.42199">
        <ele>5</ele>
      </trkpt>
      <trkpt lat="51.04574" lon="4.42166">
        <ele>4</ele>
      </trkpt>
      <trkpt lat="51.04569" lon="4.42159">
        <ele>4</ele>
      </trkpt>
      <trkpt lat="51.04547" lon="4.42136">
        <ele>4</ele>
      </trkpt>
      <trkpt lat="51.04514" lon="4.42102">
        <ele>3</ele>
      </trkpt>
      <trkpt lat="51.04486" lon="4.42075">
        <ele>3</ele>
      </trkpt>
      <trkpt lat="51.04472" lon="4.42063">
        <ele>3</ele>
      </trkpt>
      <trkpt lat="51.04432" lon="4.42025">
        <ele>3</ele>
      </trkpt>
      <trkpt lat="51.0439" lon="4.4199">
        <ele>2</ele>
      </trkpt>
      <trkpt lat="51.04349" lon="4.41959">
        <ele>2</ele>
      </trkpt>
      <trkpt lat="51.04308" lon="4.41932">
        <ele>2</ele>
      </trkpt>
      <trkpt lat="51.04264" lon="4.41903">
        <ele>2</ele>
      </trkpt>
      <trkpt lat="51.04214" lon="4.41875">
        <ele>2</ele>
      </trkpt>
      <trkpt lat="51.04203" lon="4.41869">
        <ele>2</ele>
      </trkpt>
      <trkpt lat="51.04175" lon="4.41855">
        <ele>2</ele>
      </trkpt>
      <trkpt lat="51.04135" lon="4.41837">
        <ele>3</ele>
      </trkpt>
      <trkpt lat="51.04097" lon="4.41826">
        <ele>3</ele>
      </trkpt>
      <trkpt lat="51.04059" lon="4.4182">
        <ele>4</ele>
      </trkpt>
      <trkpt lat="51.04014" lon="4.41815">
        <ele>4</ele>
      </trkpt>
      <trkpt lat="51.03986" lon="4.4181">
        <ele>4</ele>
      </trkpt>
      <trkpt lat="51.03952" lon="4.41817">
        <ele>4</ele>
      </trkpt>
      <trkpt lat="51.03919" lon="4.41829">
        <ele>4</ele>
      </trkpt>
      <trkpt lat="51.03889" lon="4.41851">
        <ele>4</ele>
      </trkpt>
      <trkpt lat="51.03863" lon="4.41873">
        <ele>4</ele>
      </trkpt>
      <trkpt lat="51.03836" lon="4.41908">
        <ele>3</ele>
      </trkpt>
      <trkpt lat="51.0381" lon="4.41948">
        <ele>3</ele>
      </trkpt>
      <trkpt lat="51.03804" lon="4.41959">
        <ele>3</ele>
      </trkpt>
      <trkpt lat="51.03771" lon="4.42011">
        <ele>3</ele>
      </trkpt>
      <trkpt lat="51.03739" lon="4.42058">
        <ele>3</ele>
      </trkpt>
      <trkpt lat="51.03709" lon="4.42089">
        <ele>3</ele>
      </trkpt>
      <trkpt lat="51.0369" lon="4.42102">
        <ele>3</ele>
      </trkpt>
      <trkpt lat="51.03682" lon="4.42108">
        <ele>3</ele>
      </trkpt>
      <trkpt lat="51.03649" lon="4.42124">
        <ele>3</ele>
      </trkpt>
      <trkpt lat="51.03627" lon="4.42131">
        <ele>3</ele>
      </trkpt>
      <trkpt lat="51.03609" lon="4.42138">
        <ele>2</ele>
      </trkpt>
      <trkpt lat="51.03564" lon="4.4215">
        <ele>2</ele>
      </trkpt>
      <trkpt lat="51.03534" lon="4.4216">
        <ele>2</ele>
      </trkpt>
      <trkpt lat="51.03522" lon="4.42172">
        <ele>2</ele>
      </trkpt>
      <trkpt lat="51.03504" lon="4.42178">
        <ele>3</ele>
      </trkpt>
      <trkpt lat="51.03491" lon="4.42184">
        <ele>3</ele>
      </trkpt>
      <trkpt lat="51.03486" lon="4.42184">
        <ele>3</ele>
      </trkpt>
      <trkpt lat="51.03484" lon="4.42184">
        <ele>3</ele>
      </trkpt>
      <trkpt lat="51.03479" lon="4.42182">
        <ele>3</ele>
      </trkpt>
      <trkpt lat="51.03468" lon="4.42177">
        <ele>3</ele>
      </trkpt>
      <trkpt lat="51.03451" lon="4.42182">
        <ele>3</ele>
      </trkpt>
      <trkpt lat="51.03406" lon="4.42192">
        <ele>3</ele>
      </trkpt>
      <trkpt lat="51.03372" lon="4.42202">
        <ele>3</ele>
      </trkpt>
      <trkpt lat="51.03343" lon="4.42218">
        <ele>3</ele>
      </trkpt>
      <trkpt lat="51.03307" lon="4.42243">
        <ele>3</ele>
      </trkpt>
      <trkpt lat="51.03271" lon="4.4227">
        <ele>3</ele>
      </trkpt>
      <trkpt lat="51.03231" lon="4.42306">
        <ele>3</ele>
      </trkpt>
      <trkpt lat="51.03199" lon="4.4234">
        <ele>3</ele>
      </trkpt>
      <trkpt lat="51.03171" lon="4.4238">
        <ele>3</ele>
      </trkpt>
      <trkpt lat="51.03166" lon="4.42387">
        <ele>3</ele>
      </trkpt>
      <trkpt lat="51.03136" lon="4.42438">
        <ele>3</ele>
      </trkpt>
      <trkpt lat="51.03113" lon="4.42482">
        <ele>3</ele>
      </trkpt>
      <trkpt lat="51.03097" lon="4.42523">
        <ele>3</ele>
      </trkpt>
      <trkpt lat="51.03078" lon="4.42584">
        <ele>3</ele>
      </trkpt>
      <trkpt lat="51.03066" lon="4.42647">
        <ele>3</ele>
      </trkpt>
      <trkpt lat="51.03057" lon="4.42713">
        <ele>3</ele>
      </trkpt>
      <trkpt lat="51.03053" lon="4.42783">
        <ele>3</ele>
      </trkpt>
      <trkpt lat="51.03052" lon="4.42838">
        <ele>2</ele>
      </trkpt>
      <trkpt lat="51.03051" lon="4.42914">
        <ele>2</ele>
      </trkpt>
      <trkpt lat="51.03045" lon="4.42975">
        <ele>2</ele>
      </trkpt>
      <trkpt lat="51.03039" lon="4.43022">
        <ele>2</ele>
      </trkpt>
      <trkpt lat="51.0303" lon="4.43058">
        <ele>1</ele>
      </trkpt>
      <trkpt lat="51.03013" lon="4.43107">
        <ele>1</ele>
      </trkpt>
      <trkpt lat="51.0291" lon="4.43327">
        <ele>2</ele>
      </trkpt>
      <trkpt lat="51.02875" lon="4.434">
        <ele>2</ele>
      </trkpt>
      <trkpt lat="51.02842" lon="4.43469">
        <ele>2</ele>
      </trkpt>
      <trkpt lat="51.02826" lon="4.43499">
        <ele>2</ele>
      </trkpt>
      <trkpt lat="51.02802" lon="4.43539">
        <ele>3</ele>
      </trkpt>
      <trkpt lat="51.02769" lon="4.43586">
        <ele>2</ele>
      </trkpt>
      <trkpt lat="51.02731" lon="4.43634">
        <ele>2</ele>
      </trkpt>
      <trkpt lat="51.0269" lon="4.4367">
        <ele>2</ele>
      </trkpt>
      <trkpt lat="51.02653" lon="4.43689">
        <ele>2</ele>
      </trkpt>
      <trkpt lat="51.02641" lon="4.43695">
        <ele>2</ele>
      </trkpt>
      <trkpt lat="51.02623" lon="4.43703">
        <ele>2</ele>
      </trkpt>
      <trkpt lat="51.02568" lon="4.43724">
        <ele>2</ele>
      </trkpt>
      <trkpt lat="51.02516" lon="4.43745">
        <ele>2</ele>
      </trkpt>
      <trkpt lat="51.02479" lon="4.43764">
        <ele>2</ele>
      </trkpt>
      <trkpt lat="51.02455" lon="4.43784">
        <ele>2</ele>
      </trkpt>
      <trkpt lat="51.0243" lon="4.43809">
        <ele>3</ele>
      </trkpt>
      <trkpt lat="51.02407" lon="4.43847">
        <ele>3</ele>
      </trkpt>
      <trkpt lat="51.02393" lon="4.43886">
        <ele>3</ele>
      </trkpt>
      <trkpt lat="51.02378" lon="4.43937">
        <ele>2</ele>
      </trkpt>
      <trkpt lat="51.02368" lon="4.44012">
        <ele>2</ele>
      </trkpt>
      <trkpt lat="51.02357" lon="4.44083">
        <ele>1</ele>
      </trkpt>
      <trkpt lat="51.02348" lon="4.44116">
        <ele>1</ele>
      </trkpt>
      <trkpt lat="51.02338" lon="4.44143">
        <ele>1</ele>
      </trkpt>
      <trkpt lat="51.02315" lon="4.4417">
        <ele>1</ele>
      </trkpt>
      <trkpt lat="51.0229" lon="4.44183">
        <ele>1</ele>
      </trkpt>
      <trkpt lat="51.02268" lon="4.44189">
        <ele>1</ele>
      </trkpt>
      <trkpt lat="51.02223" lon="4.44202">
        <ele>1</ele>
      </trkpt>
      <trkpt lat="51.0216" lon="4.44219">
        <ele>3</ele>
      </trkpt>
      <trkpt lat="51.02109" lon="4.44237">
        <ele>3</ele>
      </trkpt>
      <trkpt lat="51.02051" lon="4.44262">
        <ele>4</ele>
      </trkpt>
      <trkpt lat="51.01999" lon="4.44291">
        <ele>3</ele>
      </trkpt>
      <trkpt lat="51.01952" lon="4.44319">
        <ele>3</ele>
      </trkpt>
      <trkpt lat="51.019" lon="4.44364">
        <ele>2</ele>
      </trkpt>
      <trkpt lat="51.01861" lon="4.444">
        <ele>2</ele>
      </trkpt>
      <trkpt lat="51.01816" lon="4.44448">
        <ele>1</ele>
      </trkpt>
      <trkpt lat="51.0177" lon="4.44504">
        <ele>2</ele>
      </trkpt>
      <trkpt lat="51.0174" lon="4.44547">
        <ele>3</ele>
      </trkpt>
      <trkpt lat="51.01632" lon="4.4474">
        <ele>3</ele>
      </trkpt>
      <trkpt lat="51.01615" lon="4.44766">
        <ele>3</ele>
      </trkpt>
      <trkpt lat="51.0158" lon="4.44814">
        <ele>3</ele>
      </trkpt>
      <trkpt lat="51.0156" lon="4.44838">
        <ele>3</ele>
      </trkpt>
      <trkpt lat="51.01539" lon="4.44855">
        <ele>3</ele>
      </trkpt>
      <trkpt lat="51.01519" lon="4.44869">
        <ele>3</ele>
      </trkpt>
      <trkpt lat="51.0151" lon="4.44879">
        <ele>3</ele>
      </trkpt>
      <trkpt lat="51.0151" lon="4.4488">
        <ele>3</ele>
      </trkpt>
      <trkpt lat="51.01511" lon="4.44951">
        <ele>5</ele>
      </trkpt>
      <trkpt lat="51.01511" lon="4.44961">
        <ele>5</ele>
      </trkpt>
      <trkpt lat="51.01511" lon="4.4497">
        <ele>5</ele>
      </trkpt>
      <trkpt lat="51.01514" lon="4.45149">
        <ele>6</ele>
      </trkpt>
      <trkpt lat="51.01515" lon="4.45169">
        <ele>6</ele>
      </trkpt>
      <trkpt lat="51.01499" lon="4.45176">
        <ele>6</ele>
      </trkpt>
      <trkpt lat="51.01471" lon="4.45188">
        <ele>6</ele>
      </trkpt>
      <trkpt lat="51.01425" lon="4.4521">
        <ele>7</ele>
      </trkpt>
      <trkpt lat="51.01389" lon="4.45228">
        <ele>7</ele>
      </trkpt>
      <trkpt lat="51.01344" lon="4.45256">
        <ele>8</ele>
      </trkpt>
      <trkpt lat="51.01128" lon="4.45407">
        <ele>6</ele>
      </trkpt>
      <trkpt lat="51.01128" lon="4.45417">
        <ele>5</ele>
      </trkpt>
      <trkpt lat="51.01128" lon="4.45425">
        <ele>5</ele>
      </trkpt>
      <trkpt lat="51.01136" lon="4.45794">
        <ele>8</ele>
      </trkpt>
      <trkpt lat="51.01143" lon="4.46124">
        <ele>11</ele>
      </trkpt>
      <trkpt lat="51.01118" lon="4.46196">
        <ele>11</ele>
      </trkpt>
      <trkpt lat="51.01019" lon="4.46447">
        <ele>9</ele>
      </trkpt>
      <trkpt lat="51.01012" lon="4.46469">
        <ele>9</ele>
      </trkpt>
      <trkpt lat="51.00995" lon="4.46529">
        <ele>9</ele>
      </trkpt>
      <trkpt lat="51.00961" lon="4.46714">
        <ele>10</ele>
      </trkpt>
      <trkpt lat="51.0096" lon="4.4672">
        <ele>11</ele>
      </trkpt>
      <trkpt lat="51.00937" lon="4.46845">
        <ele>10</ele>
      </trkpt>
      <trkpt lat="51.00933" lon="4.46861">
        <ele>10</ele>
      </trkpt>
      <trkpt lat="51.00929" lon="4.46873">
        <ele>10</ele>
      </trkpt>
      <trkpt lat="51.00919" lon="4.46905">
        <ele>10</ele>
      </trkpt>
      <trkpt lat="51.0086" lon="4.4688">
        <ele>10</ele>
      </trkpt>
      <trkpt lat="51.00791" lon="4.46853">
        <ele>9</ele>
      </trkpt>
      <trkpt lat="51.00732" lon="4.46828">
        <ele>9</ele>
      </trkpt>
      <trkpt lat="51.00721" lon="4.46826">
        <ele>10</ele>
      </trkpt>
      <trkpt lat="51.0071" lon="4.46831">
        <ele>9</ele>
      </trkpt>
      <trkpt lat="51.00701" lon="4.46839">
        <ele>9</ele>
      </trkpt>
      <trkpt lat="51.00693" lon="4.46845">
        <ele>9</ele>
      </trkpt>
      <trkpt lat="51.00674" lon="4.46861">
        <ele>8</ele>
      </trkpt>
      <trkpt lat="51.00629" lon="4.46914">
        <ele>8</ele>
      </trkpt>
      <trkpt lat="51.00621" lon="4.46921">
        <ele>8</ele>
      </trkpt>
      <trkpt lat="51.00607" lon="4.47124">
        <ele>7</ele>
      </trkpt>
      <trkpt lat="51.00607" lon="4.47143">
        <ele>7</ele>
      </trkpt>
      <trkpt lat="51.0061" lon="4.47154">
        <ele>7</ele>
      </trkpt>
      <trkpt lat="51.00595" lon="4.47161">
        <ele>7</ele>
      </trkpt>
      <trkpt lat="51.00559" lon="4.4719">
        <ele>7</ele>
      </trkpt>
      <trkpt lat="51.00526" lon="4.47219">
        <ele>7</ele>
      </trkpt>
      <trkpt lat="51.00506" lon="4.47231">
        <ele>7</ele>
      </trkpt>
      <trkpt lat="51.00486" lon="4.47239">
        <ele>7</ele>
      </trkpt>
      <trkpt lat="51.00446" lon="4.47245">
        <ele>7</ele>
      </trkpt>
      <trkpt lat="51.00418" lon="4.47246">
        <ele>7</ele>
      </trkpt>
      <trkpt lat="51.00404" lon="4.47246">
        <ele>7</ele>
      </trkpt>
      <trkpt lat="51.00357" lon="4.47237">
        <ele>8</ele>
      </trkpt>
      <trkpt lat="51.0031" lon="4.47227">
        <ele>9</ele>
      </trkpt>
      <trkpt lat="51.00264" lon="4.4722">
        <ele>9</ele>
      </trkpt>
      <trkpt lat="51.00198" lon="4.47222">
        <ele>9</ele>
      </trkpt>
      <trkpt lat="51.00152" lon="4.47219">
        <ele>9</ele>
      </trkpt>
      <trkpt lat="51.00113" lon="4.47215">
        <ele>9</ele>
      </trkpt>
      <trkpt lat="51.0008" lon="4.47204">
        <ele>8</ele>
      </trkpt>
      <trkpt lat="51.0005" lon="4.47191">
        <ele>8</ele>
      </trkpt>
      <trkpt lat="50.9997" lon="4.47134">
        <ele>7</ele>
      </trkpt>
      <trkpt lat="50.9994" lon="4.47117">
        <ele>7</ele>
      </trkpt>
      <trkpt lat="50.99884" lon="4.471">
        <ele>8</ele>
      </trkpt>
      <trkpt lat="50.99791" lon="4.47084">
        <ele>9</ele>
      </trkpt>
      <trkpt lat="50.99735" lon="4.47077">
        <ele>10</ele>
      </trkpt>
      <trkpt lat="50.99714" lon="4.47081">
        <ele>10</ele>
      </trkpt>
      <trkpt lat="50.99687" lon="4.47098">
        <ele>10</ele>
      </trkpt>
      <trkpt lat="50.99659" lon="4.47119">
        <ele>10</ele>
      </trkpt>
      <trkpt lat="50.99546" lon="4.47204">
        <ele>8</ele>
      </trkpt>
      <trkpt lat="50.99551" lon="4.47265">
        <ele>8</ele>
      </trkpt>
      <trkpt lat="50.99564" lon="4.47416">
        <ele>8</ele>
      </trkpt>
      <trkpt lat="50.99566" lon="4.47433">
        <ele>8</ele>
      </trkpt>
      <trkpt lat="50.99576" lon="4.47532">
        <ele>8</ele>
      </trkpt>
      <trkpt lat="50.99585" lon="4.4763">
        <ele>9</ele>
      </trkpt>
      <trkpt lat="50.9959" lon="4.47677">
        <ele>9</ele>
      </trkpt>
      <trkpt lat="50.99592" lon="4.47696">
        <ele>9</ele>
      </trkpt>
      <trkpt lat="50.99597" lon="4.4772">
        <ele>9</ele>
      </trkpt>
      <trkpt lat="50.996" lon="4.47729">
        <ele>9</ele>
      </trkpt>
      <trkpt lat="50.99672" lon="4.47905">
        <ele>6</ele>
      </trkpt>
      <trkpt lat="50.99684" lon="4.47935">
        <ele>6</ele>
      </trkpt>
      <trkpt lat="50.99694" lon="4.47966">
        <ele>6</ele>
      </trkpt>
      <trkpt lat="50.99697" lon="4.47991">
        <ele>7</ele>
      </trkpt>
      <trkpt lat="50.99699" lon="4.4804">
        <ele>7</ele>
      </trkpt>
      <trkpt lat="50.99701" lon="4.48119">
        <ele>8</ele>
      </trkpt>
      <trkpt lat="50.99705" lon="4.48247">
        <ele>7</ele>
      </trkpt>
      <trkpt lat="50.99706" lon="4.48306">
        <ele>7</ele>
      </trkpt>
      <trkpt lat="50.99705" lon="4.48374">
        <ele>7</ele>
      </trkpt>
      <trkpt lat="50.997" lon="4.48449">
        <ele>7</ele>
      </trkpt>
      <trkpt lat="50.99694" lon="4.48518">
        <ele>7</ele>
      </trkpt>
      <trkpt lat="50.99692" lon="4.48559">
        <ele>7</ele>
      </trkpt>
      <trkpt lat="50.99694" lon="4.48582">
        <ele>7</ele>
      </trkpt>
      <trkpt lat="50.99696" lon="4.48604">
        <ele>7</ele>
      </trkpt>
      <trkpt lat="50.99713" lon="4.48714">
        <ele>6</ele>
      </trkpt>
      <trkpt lat="50.99721" lon="4.48768">
        <ele>6</ele>
      </trkpt>
      <trkpt lat="50.99724" lon="4.48786">
        <ele>5</ele>
      </trkpt>
      <trkpt lat="50.99725" lon="4.4879">
        <ele>5</ele>
      </trkpt>
      <trkpt lat="50.99727" lon="4.48812">
        <ele>6</ele>
      </trkpt>
      <trkpt lat="50.99719" lon="4.48829">
        <ele>6</ele>
      </trkpt>
      <trkpt lat="50.99705" lon="4.48849">
        <ele>5</ele>
      </trkpt>
      <trkpt lat="50.9969" lon="4.48869">
        <ele>5</ele>
      </trkpt>
      <trkpt lat="50.99677" lon="4.48885">
        <ele>5</ele>
      </trkpt>
      <trkpt lat="50.99647" lon="4.48911">
        <ele>4</ele>
      </trkpt>
      <trkpt lat="50.99632" lon="4.48923">
        <ele>4</ele>
      </trkpt>
      <trkpt lat="50.99627" lon="4.48926">
        <ele>4</ele>
      </trkpt>
      <trkpt lat="50.99611" lon="4.48937">
        <ele>4</ele>
      </trkpt>
      <trkpt lat="50.99567" lon="4.48968">
        <ele>3</ele>
      </trkpt>
      <trkpt lat="50.99495" lon="4.49019">
        <ele>4</ele>
      </trkpt>
      <trkpt lat="50.9946" lon="4.49043">
        <ele>4</ele>
      </trkpt>
      <trkpt lat="50.99444" lon="4.49059">
        <ele>5</ele>
      </trkpt>
      <trkpt lat="50.99425" lon="4.49074">
        <ele>5</ele>
      </trkpt>
      <trkpt lat="50.9941" lon="4.49083">
        <ele>5</ele>
      </trkpt>
      <trkpt lat="50.994" lon="4.49091">
        <ele>5</ele>
      </trkpt>
      <trkpt lat="50.99305" lon="4.49155">
        <ele>6</ele>
      </trkpt>
      <trkpt lat="50.99233" lon="4.49207">
        <ele>7</ele>
      </trkpt>
      <trkpt lat="50.99184" lon="4.49236">
        <ele>7</ele>
      </trkpt>
      <trkpt lat="50.99159" lon="4.49253">
        <ele>7</ele>
      </trkpt>
      <trkpt lat="50.99154" lon="4.49256">
        <ele>7</ele>
      </trkpt>
      <trkpt lat="50.9915" lon="4.49259">
        <ele>7</ele>
      </trkpt>
      <trkpt lat="50.99139" lon="4.49266">
        <ele>7</ele>
      </trkpt>
      <trkpt lat="50.99127" lon="4.49275">
        <ele>7</ele>
      </trkpt>
      <trkpt lat="50.99124" lon="4.49277">
        <ele>7</ele>
      </trkpt>
      <trkpt lat="50.99117" lon="4.49285">
        <ele>7</ele>
      </trkpt>
      <trkpt lat="50.99061" lon="4.4934">
        <ele>7</ele>
      </trkpt>
      <trkpt lat="50.99038" lon="4.49358">
        <ele>7</ele>
      </trkpt>
      <trkpt lat="50.99029" lon="4.49366">
        <ele>7</ele>
      </trkpt>
      <trkpt lat="50.99023" lon="4.49371">
        <ele>7</ele>
      </trkpt>
      <trkpt lat="50.99008" lon="4.4939">
        <ele>8</ele>
      </trkpt>
      <trkpt lat="50.98987" lon="4.4941">
        <ele>8</ele>
      </trkpt>
      <trkpt lat="50.98972" lon="4.4942">
        <ele>8</ele>
      </trkpt>
      <trkpt lat="50.98932" lon="4.49458">
        <ele>8</ele>
      </trkpt>
      <trkpt lat="50.98929" lon="4.49463">
        <ele>8</ele>
      </trkpt>
      <trkpt lat="50.98893" lon="4.49512">
        <ele>9</ele>
      </trkpt>
      <trkpt lat="50.98886" lon="4.49524">
        <ele>9</ele>
      </trkpt>
      <trkpt lat="50.98858" lon="4.49566">
        <ele>9</ele>
      </trkpt>
      <trkpt lat="50.98849" lon="4.49582">
        <ele>9</ele>
      </trkpt>
      <trkpt lat="50.98828" lon="4.49617">
        <ele>9</ele>
      </trkpt>
      <trkpt lat="50.98825" lon="4.4962">
        <ele>9</ele>
      </trkpt>
      <trkpt lat="50.98824" lon="4.49623">
        <ele>9</ele>
      </trkpt>
      <trkpt lat="50.98814" lon="4.4964">
        <ele>9</ele>
      </trkpt>
      <trkpt lat="50.98807" lon="4.49648">
        <ele>9</ele>
      </trkpt>
      <trkpt lat="50.98801" lon="4.49657">
        <ele>9</ele>
      </trkpt>
      <trkpt lat="50.98774" lon="4.49695">
        <ele>10</ele>
      </trkpt>
      <trkpt lat="50.98774" lon="4.49695">
        <ele>10</ele>
      </trkpt>
      <trkpt lat="50.98764" lon="4.49709">
        <ele>10</ele>
      </trkpt>
      <trkpt lat="50.9876" lon="4.49716">
        <ele>10</ele>
      </trkpt>
      <trkpt lat="50.98703" lon="4.49806">
        <ele>10</ele>
      </trkpt>
      <trkpt lat="50.98691" lon="4.49824">
        <ele>10</ele>
      </trkpt>
      <trkpt lat="50.98659" lon="4.49868">
        <ele>10</ele>
      </trkpt>
      <trkpt lat="50.98615" lon="4.49938">
        <ele>10</ele>
      </trkpt>
      <trkpt lat="50.98574" lon="4.49998">
        <ele>9</ele>
      </trkpt>
      <trkpt lat="50.98535" lon="4.50058">
        <ele>9</ele>
      </trkpt>
      <trkpt lat="50.98476" lon="4.50145">
        <ele>11</ele>
      </trkpt>
      <trkpt lat="50.98358" lon="4.50326">
        <ele>10</ele>
      </trkpt>
      <trkpt lat="50.98329" lon="4.5037">
        <ele>10</ele>
      </trkpt>
      <trkpt lat="50.98314" lon="4.50387">
        <ele>10</ele>
      </trkpt>
      <trkpt lat="50.98213" lon="4.50441">
        <ele>9</ele>
      </trkpt>
      <trkpt lat="50.98031" lon="4.5054">
        <ele>8</ele>
      </trkpt>
      <trkpt lat="50.97981" lon="4.50569">
        <ele>7</ele>
      </trkpt>
      <trkpt lat="50.97972" lon="4.50575">
        <ele>7</ele>
      </trkpt>
      <trkpt lat="50.97951" lon="4.50587">
        <ele>7</ele>
      </trkpt>
      <trkpt lat="50.97923" lon="4.50595">
        <ele>7</ele>
      </trkpt>
      <trkpt lat="50.97891" lon="4.50598">
        <ele>7</ele>
      </trkpt>
      <trkpt lat="50.97865" lon="4.50599">
        <ele>7</ele>
      </trkpt>
      <trkpt lat="50.97852" lon="4.50596">
        <ele>7</ele>
      </trkpt>
      <trkpt lat="50.9784" lon="4.50593">
        <ele>8</ele>
      </trkpt>
      <trkpt lat="50.97836" lon="4.50627">
        <ele>8</ele>
      </trkpt>
      <trkpt lat="50.97836" lon="4.50652">
        <ele>8</ele>
      </trkpt>
      <trkpt lat="50.97826" lon="4.50654">
        <ele>8</ele>
      </trkpt>
      <trkpt lat="50.97817" lon="4.50656">
        <ele>8</ele>
      </trkpt>
      <trkpt lat="50.97806" lon="4.50657">
        <ele>8</ele>
      </trkpt>
      <trkpt lat="50.97798" lon="4.50663">
        <ele>9</ele>
      </trkpt>
      <trkpt lat="50.97775" lon="4.50677">
        <ele>9</ele>
      </trkpt>
      <trkpt lat="50.97756" lon="4.50695">
        <ele>9</ele>
      </trkpt>
      <trkpt lat="50.97747" lon="4.50704">
        <ele>10</ele>
      </trkpt>
      <trkpt lat="50.97727" lon="4.50731">
        <ele>10</ele>
      </trkpt>
      <trkpt lat="50.97686" lon="4.50771">
        <ele>11</ele>
      </trkpt>
      <trkpt lat="50.97619" lon="4.50771">
        <ele>10</ele>
      </trkpt>
      <trkpt lat="50.97564" lon="4.50772">
        <ele>9</ele>
      </trkpt>
      <trkpt lat="50.97531" lon="4.50772">
        <ele>9</ele>
      </trkpt>
      <trkpt lat="50.97509" lon="4.50774">
        <ele>9</ele>
      </trkpt>
      <trkpt lat="50.9745" lon="4.50779">
        <ele>9</ele>
      </trkpt>
      <trkpt lat="50.97417" lon="4.50781">
        <ele>8</ele>
      </trkpt>
      <trkpt lat="50.97402" lon="4.50791">
        <ele>8</ele>
      </trkpt>
      <trkpt lat="50.97397" lon="4.50794">
        <ele>8</ele>
      </trkpt>
      <trkpt lat="50.97356" lon="4.50854">
        <ele>9</ele>
      </trkpt>
      <trkpt lat="50.97319" lon="4.50908">
        <ele>10</ele>
      </trkpt>
      <trkpt lat="50.97298" lon="4.5095">
        <ele>10</ele>
      </trkpt>
      <trkpt lat="50.97278" lon="4.50997">
        <ele>10</ele>
      </trkpt>
      <trkpt lat="50.97257" lon="4.51051">
        <ele>12</ele>
      </trkpt>
      <trkpt lat="50.97218" lon="4.51129">
        <ele>12</ele>
      </trkpt>
      <trkpt lat="50.97166" lon="4.5122">
        <ele>13</ele>
      </trkpt>
      <trkpt lat="50.97114" lon="4.51307">
        <ele>13</ele>
      </trkpt>
      <trkpt lat="50.97021" lon="4.51413">
        <ele>11</ele>
      </trkpt>
      <trkpt lat="50.96922" lon="4.51525">
        <ele>8</ele>
      </trkpt>
      <trkpt lat="50.96898" lon="4.51564">
        <ele>7</ele>
      </trkpt>
      <trkpt lat="50.96855" lon="4.51606">
        <ele>8</ele>
      </trkpt>
      <trkpt lat="50.96843" lon="4.51618">
        <ele>7</ele>
      </trkpt>
      <trkpt lat="50.96828" lon="4.51583">
        <ele>7</ele>
      </trkpt>
      <trkpt lat="50.96749" lon="4.51384">
        <ele>8</ele>
      </trkpt>
      <trkpt lat="50.96744" lon="4.51381">
        <ele>8</ele>
      </trkpt>
      <trkpt lat="50.9674" lon="4.5137">
        <ele>8</ele>
      </trkpt>
      <trkpt lat="50.96739" lon="4.51361">
        <ele>8</ele>
      </trkpt>
      <trkpt lat="50.96689" lon="4.51224">
        <ele>8</ele>
      </trkpt>
      <trkpt lat="50.9665" lon="4.51117">
        <ele>9</ele>
      </trkpt>
      <trkpt lat="50.96633" lon="4.51071">
        <ele>10</ele>
      </trkpt>
      <trkpt lat="50.96599" lon="4.50974">
        <ele>9</ele>
      </trkpt>
      <trkpt lat="50.96537" lon="4.508">
        <ele>8</ele>
      </trkpt>
      <trkpt lat="50.96514" lon="4.50814">
        <ele>8</ele>
      </trkpt>
      <trkpt lat="50.9645" lon="4.50853">
        <ele>8</ele>
      </trkpt>
      <trkpt lat="50.96446" lon="4.50856">
        <ele>8</ele>
      </trkpt>
      <trkpt lat="50.96427" lon="4.50866">
        <ele>8</ele>
      </trkpt>
      <trkpt lat="50.9636" lon="4.50906">
        <ele>8</ele>
      </trkpt>
      <trkpt lat="50.96353" lon="4.5091">
        <ele>8</ele>
      </trkpt>
      <trkpt lat="50.96354" lon="4.50933">
        <ele>8</ele>
      </trkpt>
      <trkpt lat="50.96347" lon="4.50938">
        <ele>8</ele>
      </trkpt>
      <trkpt lat="50.96281" lon="4.50985">
        <ele>8</ele>
      </trkpt>
      <trkpt lat="50.96264" lon="4.51">
        <ele>8</ele>
      </trkpt>
      <trkpt lat="50.96247" lon="4.51024">
        <ele>8</ele>
      </trkpt>
      <trkpt lat="50.96226" lon="4.51055">
        <ele>8</ele>
      </trkpt>
      <trkpt lat="50.96201" lon="4.51088">
        <ele>8</ele>
      </trkpt>
      <trkpt lat="50.96188" lon="4.511">
        <ele>8</ele>
      </trkpt>
      <trkpt lat="50.96167" lon="4.51108">
        <ele>8</ele>
      </trkpt>
      <trkpt lat="50.96148" lon="4.511">
        <ele>8</ele>
      </trkpt>
      <trkpt lat="50.96133" lon="4.5109">
        <ele>8</ele>
      </trkpt>
      <trkpt lat="50.96131" lon="4.51086">
        <ele>8</ele>
      </trkpt>
      <trkpt lat="50.96108" lon="4.51051">
        <ele>8</ele>
      </trkpt>
      <trkpt lat="50.96104" lon="4.51044">
        <ele>8</ele>
      </trkpt>
      <trkpt lat="50.96093" lon="4.51039">
        <ele>8</ele>
      </trkpt>
      <trkpt lat="50.96091" lon="4.51037">
        <ele>8</ele>
      </trkpt>
      <trkpt lat="50.96074" lon="4.51028">
        <ele>8</ele>
      </trkpt>
      <trkpt lat="50.95846" lon="4.50908">
        <ele>10</ele>
      </trkpt>
      <trkpt lat="50.95841" lon="4.50906">
        <ele>10</ele>
      </trkpt>
      <trkpt lat="50.95829" lon="4.50899">
        <ele>10</ele>
      </trkpt>
      <trkpt lat="50.95826" lon="4.50898">
        <ele>10</ele>
      </trkpt>
      <trkpt lat="50.9579" lon="4.50879">
        <ele>10</ele>
      </trkpt>
      <trkpt lat="50.95764" lon="4.50863">
        <ele>12</ele>
      </trkpt>
      <trkpt lat="50.95754" lon="4.50857">
        <ele>12</ele>
      </trkpt>
      <trkpt lat="50.95749" lon="4.50854">
        <ele>12</ele>
      </trkpt>
      <trkpt lat="50.95735" lon="4.50845">
        <ele>12</ele>
      </trkpt>
      <trkpt lat="50.95704" lon="4.50821">
        <ele>10</ele>
      </trkpt>
      <trkpt lat="50.95697" lon="4.50819">
        <ele>10</ele>
      </trkpt>
      <trkpt lat="50.9569" lon="4.50818">
        <ele>11</ele>
      </trkpt>
      <trkpt lat="50.95682" lon="4.50818">
        <ele>11</ele>
      </trkpt>
      <trkpt lat="50.95579" lon="4.50847">
        <ele>13</ele>
      </trkpt>
      <trkpt lat="50.9554" lon="4.50857">
        <ele>13</ele>
      </trkpt>
      <trkpt lat="50.95524" lon="4.50863">
        <ele>13</ele>
      </trkpt>
      <trkpt lat="50.95508" lon="4.50866">
        <ele>12</ele>
      </trkpt>
      <trkpt lat="50.95502" lon="4.50868">
        <ele>12</ele>
      </trkpt>
      <trkpt lat="50.95496" lon="4.50868">
        <ele>12</ele>
      </trkpt>
      <trkpt lat="50.95491" lon="4.50864">
        <ele>12</ele>
      </trkpt>
      <trkpt lat="50.95485" lon="4.50854">
        <ele>12</ele>
      </trkpt>
      <trkpt lat="50.95452" lon="4.50772">
        <ele>10</ele>
      </trkpt>
      <trkpt lat="50.95433" lon="4.50724">
        <ele>9</ele>
      </trkpt>
      <trkpt lat="50.9543" lon="4.5071">
        <ele>9</ele>
      </trkpt>
      <trkpt lat="50.95417" lon="4.50713">
        <ele>9</ele>
      </trkpt>
      <trkpt lat="50.95408" lon="4.50718">
        <ele>9</ele>
      </trkpt>
      <trkpt lat="50.95373" lon="4.50744">
        <ele>10</ele>
      </trkpt>
      <trkpt lat="50.95231" lon="4.50846">
        <ele>9</ele>
      </trkpt>
      <trkpt lat="50.95215" lon="4.50857">
        <ele>9</ele>
      </trkpt>
      <trkpt lat="50.95199" lon="4.5087">
        <ele>9</ele>
      </trkpt>
      <trkpt lat="50.95194" lon="4.50874">
        <ele>9</ele>
      </trkpt>
      <trkpt lat="50.95179" lon="4.50884">
        <ele>9</ele>
      </trkpt>
      <trkpt lat="50.95163" lon="4.50894">
        <ele>9</ele>
      </trkpt>
      <trkpt lat="50.95147" lon="4.509">
        <ele>9</ele>
      </trkpt>
      <trkpt lat="50.95117" lon="4.50908">
        <ele>9</ele>
      </trkpt>
      <trkpt lat="50.95076" lon="4.50915">
        <ele>10</ele>
      </trkpt>
      <trkpt lat="50.95021" lon="4.50922">
        <ele>10</ele>
      </trkpt>
      <trkpt lat="50.94994" lon="4.50922">
        <ele>10</ele>
      </trkpt>
      <trkpt lat="50.94984" lon="4.50924">
        <ele>10</ele>
      </trkpt>
      <trkpt lat="50.94961" lon="4.50928">
        <ele>10</ele>
      </trkpt>
      <trkpt lat="50.94954" lon="4.50929">
        <ele>10</ele>
      </trkpt>
      <trkpt lat="50.9491" lon="4.50936">
        <ele>10</ele>
      </trkpt>
      <trkpt lat="50.94871" lon="4.50943">
        <ele>10</ele>
      </trkpt>
      <trkpt lat="50.94811" lon="4.50955">
        <ele>10</ele>
      </trkpt>
      <trkpt lat="50.94806" lon="4.50955">
        <ele>10</ele>
      </trkpt>
      <trkpt lat="50.94796" lon="4.50938">
        <ele>10</ele>
      </trkpt>
      <trkpt lat="50.94789" lon="4.50932">
        <ele>10</ele>
      </trkpt>
      <trkpt lat="50.94778" lon="4.50938">
        <ele>10</ele>
      </trkpt>
      <trkpt lat="50.94657" lon="4.51036">
        <ele>9</ele>
      </trkpt>
      <trkpt lat="50.94611" lon="4.51073">
        <ele>9</ele>
      </trkpt>
      <trkpt lat="50.94566" lon="4.51117">
        <ele>8</ele>
      </trkpt>
      <trkpt lat="50.94523" lon="4.51161">
        <ele>9</ele>
      </trkpt>
      <trkpt lat="50.94515" lon="4.51169">
        <ele>9</ele>
      </trkpt>
      <trkpt lat="50.94497" lon="4.51189">
        <ele>9</ele>
      </trkpt>
      <trkpt lat="50.94352" lon="4.51346">
        <ele>10</ele>
      </trkpt>
      <trkpt lat="50.94346" lon="4.51352">
        <ele>10</ele>
      </trkpt>
      <trkpt lat="50.94347" lon="4.51356">
        <ele>10</ele>
      </trkpt>
      <trkpt lat="50.94364" lon="4.51426">
        <ele>9</ele>
      </trkpt>
      <trkpt lat="50.94375" lon="4.51466">
        <ele>9</ele>
      </trkpt>
      <trkpt lat="50.94382" lon="4.51496">
        <ele>10</ele>
      </trkpt>
      <trkpt lat="50.94386" lon="4.51532">
        <ele>10</ele>
      </trkpt>
      <trkpt lat="50.94386" lon="4.51538">
        <ele>10</ele>
      </trkpt>
      <trkpt lat="50.94388" lon="4.51562">
        <ele>10</ele>
      </trkpt>
      <trkpt lat="50.94388" lon="4.51588">
        <ele>11</ele>
      </trkpt>
      <trkpt lat="50.94384" lon="4.51658">
        <ele>11</ele>
      </trkpt>
      <trkpt lat="50.94377" lon="4.51782">
        <ele>13</ele>
      </trkpt>
      <trkpt lat="50.94376" lon="4.51796">
        <ele>14</ele>
      </trkpt>
      <trkpt lat="50.94376" lon="4.51803">
        <ele>14</ele>
      </trkpt>
      <trkpt lat="50.94375" lon="4.51815">
        <ele>14</ele>
      </trkpt>
      <trkpt lat="50.94375" lon="4.51822">
        <ele>14</ele>
      </trkpt>
      <trkpt lat="50.94372" lon="4.51855">
        <ele>15</ele>
      </trkpt>
      <trkpt lat="50.9437" lon="4.51886">
        <ele>16</ele>
      </trkpt>
      <trkpt lat="50.94363" lon="4.51938">
        <ele>17</ele>
      </trkpt>
      <trkpt lat="50.9434" lon="4.52107">
        <ele>15</ele>
      </trkpt>
      <trkpt lat="50.94336" lon="4.52133">
        <ele>15</ele>
      </trkpt>
      <trkpt lat="50.94333" lon="4.5217">
        <ele>14</ele>
      </trkpt>
      <trkpt lat="50.94333" lon="4.52236">
        <ele>14</ele>
      </trkpt>
      <trkpt lat="50.9435" lon="4.52421">
        <ele>10</ele>
      </trkpt>
      <trkpt lat="50.9435" lon="4.52477">
        <ele>10</ele>
      </trkpt>
      <trkpt lat="50.94346" lon="4.525">
        <ele>10</ele>
      </trkpt>
      <trkpt lat="50.94344" lon="4.5252">
        <ele>10</ele>
      </trkpt>
      <trkpt lat="50.9434" lon="4.52541">
        <ele>11</ele>
      </trkpt>
      <trkpt lat="50.94333" lon="4.52566">
        <ele>11</ele>
      </trkpt>
      <trkpt lat="50.94324" lon="4.5259">
        <ele>11</ele>
      </trkpt>
      <trkpt lat="50.94319" lon="4.52602">
        <ele>11</ele>
      </trkpt>
      <trkpt lat="50.94269" lon="4.52733">
        <ele>12</ele>
      </trkpt>
      <trkpt lat="50.94249" lon="4.52802">
        <ele>12</ele>
      </trkpt>
      <trkpt lat="50.94236" lon="4.52847">
        <ele>12</ele>
      </trkpt>
      <trkpt lat="50.94217" lon="4.52955">
        <ele>13</ele>
      </trkpt>
      <trkpt lat="50.94212" lon="4.53">
        <ele>12</ele>
      </trkpt>
      <trkpt lat="50.94209" lon="4.53045">
        <ele>12</ele>
      </trkpt>
      <trkpt lat="50.94209" lon="4.53068">
        <ele>12</ele>
      </trkpt>
      <trkpt lat="50.94208" lon="4.53117">
        <ele>12</ele>
      </trkpt>
      <trkpt lat="50.94211" lon="4.53258">
        <ele>12</ele>
      </trkpt>
      <trkpt lat="50.94212" lon="4.53299">
        <ele>12</ele>
      </trkpt>
      <trkpt lat="50.94211" lon="4.53348">
        <ele>11</ele>
      </trkpt>
      <trkpt lat="50.9421" lon="4.53358">
        <ele>11</ele>
      </trkpt>
      <trkpt lat="50.94193" lon="4.53374">
        <ele>11</ele>
      </trkpt>
      <trkpt lat="50.9417" lon="4.53395">
        <ele>11</ele>
      </trkpt>
      <trkpt lat="50.9413" lon="4.5344">
        <ele>11</ele>
      </trkpt>
      <trkpt lat="50.94107" lon="4.53467">
        <ele>11</ele>
      </trkpt>
      <trkpt lat="50.94024" lon="4.53565">
        <ele>11</ele>
      </trkpt>
      <trkpt lat="50.94018" lon="4.53572">
        <ele>11</ele>
      </trkpt>
      <trkpt lat="50.94011" lon="4.53557">
        <ele>11</ele>
      </trkpt>
      <trkpt lat="50.94018" lon="4.53572">
        <ele>11</ele>
      </trkpt>
      <trkpt lat="50.94003" lon="4.5359">
        <ele>12</ele>
      </trkpt>
      <trkpt lat="50.93942" lon="4.53648">
        <ele>12</ele>
      </trkpt>
      <trkpt lat="50.93913" lon="4.53672">
        <ele>13</ele>
      </trkpt>
      <trkpt lat="50.93861" lon="4.53712">
        <ele>13</ele>
      </trkpt>
      <trkpt lat="50.9382" lon="4.53741">
        <ele>13</ele>
      </trkpt>
      <trkpt lat="50.93791" lon="4.53757">
        <ele>13</ele>
      </trkpt>
      <trkpt lat="50.93772" lon="4.53768">
        <ele>13</ele>
      </trkpt>
      <trkpt lat="50.93764" lon="4.53774">
        <ele>13</ele>
      </trkpt>
      <trkpt lat="50.9369" lon="4.53807">
        <ele>13</ele>
      </trkpt>
      <trkpt lat="50.93625" lon="4.53835">
        <ele>13</ele>
      </trkpt>
      <trkpt lat="50.93583" lon="4.53845">
        <ele>14</ele>
      </trkpt>
      <trkpt lat="50.93524" lon="4.53847">
        <ele>14</ele>
      </trkpt>
      <trkpt lat="50.93491" lon="4.53843">
        <ele>14</ele>
      </trkpt>
      <trkpt lat="50.93457" lon="4.53846">
        <ele>14</ele>
      </trkpt>
      <trkpt lat="50.93423" lon="4.53856">
        <ele>14</ele>
      </trkpt>
      <trkpt lat="50.93415" lon="4.5386">
        <ele>14</ele>
      </trkpt>
      <trkpt lat="50.93405" lon="4.53864">
        <ele>14</ele>
      </trkpt>
      <trkpt lat="50.93363" lon="4.53881">
        <ele>14</ele>
      </trkpt>
      <trkpt lat="50.93359" lon="4.53882">
        <ele>14</ele>
      </trkpt>
      <trkpt lat="50.93355" lon="4.53883">
        <ele>14</ele>
      </trkpt>
      <trkpt lat="50.9335" lon="4.53885">
        <ele>14</ele>
      </trkpt>
      <trkpt lat="50.9334" lon="4.5389">
        <ele>15</ele>
      </trkpt>
      <trkpt lat="50.93335" lon="4.53892">
        <ele>15</ele>
      </trkpt>
      <trkpt lat="50.93286" lon="4.5391">
        <ele>16</ele>
      </trkpt>
      <trkpt lat="50.9328" lon="4.53894">
        <ele>15</ele>
      </trkpt>
      <trkpt lat="50.93251" lon="4.53807">
        <ele>16</ele>
      </trkpt>
      <trkpt lat="50.93232" lon="4.53749">
        <ele>16</ele>
      </trkpt>
      <trkpt lat="50.93215" lon="4.53698">
        <ele>15</ele>
      </trkpt>
      <trkpt lat="50.93213" lon="4.53701">
        <ele>15</ele>
      </trkpt>
      <trkpt lat="50.93192" lon="4.53726">
        <ele>15</ele>
      </trkpt>
      <trkpt lat="50.93184" lon="4.53735">
        <ele>15</ele>
      </trkpt>
      <trkpt lat="50.93161" lon="4.53768">
        <ele>16</ele>
      </trkpt>
      <trkpt lat="50.93156" lon="4.53775">
        <ele>16</ele>
      </trkpt>
      <trkpt lat="50.93152" lon="4.53786">
        <ele>16</ele>
      </trkpt>
      <trkpt lat="50.93126" lon="4.53852">
        <ele>17</ele>
      </trkpt>
      <trkpt lat="50.93109" lon="4.53899">
        <ele>17</ele>
      </trkpt>
      <trkpt lat="50.93095" lon="4.53941">
        <ele>18</ele>
      </trkpt>
      <trkpt lat="50.93089" lon="4.53967">
        <ele>18</ele>
      </trkpt>
      <trkpt lat="50.93085" lon="4.53985">
        <ele>18</ele>
      </trkpt>
      <trkpt lat="50.93081" lon="4.54013">
        <ele>19</ele>
      </trkpt>
      <trkpt lat="50.93081" lon="4.54031">
        <ele>19</ele>
      </trkpt>
      <trkpt lat="50.93083" lon="4.54067">
        <ele>19</ele>
      </trkpt>
      <trkpt lat="50.93084" lon="4.5408">
        <ele>20</ele>
      </trkpt>
      <trkpt lat="50.93086" lon="4.54106">
        <ele>20</ele>
      </trkpt>
      <trkpt lat="50.93086" lon="4.54108">
        <ele>20</ele>
      </trkpt>
      <trkpt lat="50.93087" lon="4.54129">
        <ele>20</ele>
      </trkpt>
      <trkpt lat="50.93086" lon="4.54143">
        <ele>20</ele>
      </trkpt>
      <trkpt lat="50.93083" lon="4.54157">
        <ele>20</ele>
      </trkpt>
      <trkpt lat="50.93077" lon="4.54187">
        <ele>20</ele>
      </trkpt>
      <trkpt lat="50.93073" lon="4.542">
        <ele>20</ele>
      </trkpt>
      <trkpt lat="50.93053" lon="4.54274">
        <ele>20</ele>
      </trkpt>
      <trkpt lat="50.9304" lon="4.54326">
        <ele>20</ele>
      </trkpt>
      <trkpt lat="50.93038" lon="4.54337">
        <ele>20</ele>
      </trkpt>
      <trkpt lat="50.93036" lon="4.5435">
        <ele>19</ele>
      </trkpt>
      <trkpt lat="50.93033" lon="4.54374">
        <ele>19</ele>
      </trkpt>
      <trkpt lat="50.9303" lon="4.54427">
        <ele>19</ele>
      </trkpt>
      <trkpt lat="50.93031" lon="4.5445">
        <ele>19</ele>
      </trkpt>
      <trkpt lat="50.93033" lon="4.54473">
        <ele>18</ele>
      </trkpt>
      <trkpt lat="50.93036" lon="4.54502">
        <ele>18</ele>
      </trkpt>
      <trkpt lat="50.93037" lon="4.54507">
        <ele>18</ele>
      </trkpt>
      <trkpt lat="50.93037" lon="4.54531">
        <ele>17</ele>
      </trkpt>
      <trkpt lat="50.93035" lon="4.54558">
        <ele>17</ele>
      </trkpt>
      <trkpt lat="50.9303" lon="4.54587">
        <ele>16</ele>
      </trkpt>
      <trkpt lat="50.93021" lon="4.54624">
        <ele>16</ele>
      </trkpt>
      <trkpt lat="50.93018" lon="4.54636">
        <ele>16</ele>
      </trkpt>
      <trkpt lat="50.93014" lon="4.54655">
        <ele>16</ele>
      </trkpt>
      <trkpt lat="50.93001" lon="4.54713">
        <ele>16</ele>
      </trkpt>
      <trkpt lat="50.92999" lon="4.5472">
        <ele>16</ele>
      </trkpt>
      <trkpt lat="50.92993" lon="4.54749">
        <ele>15</ele>
      </trkpt>
      <trkpt lat="50.92993" lon="4.54751">
        <ele>15</ele>
      </trkpt>
      <trkpt lat="50.92985" lon="4.54786">
        <ele>16</ele>
      </trkpt>
      <trkpt lat="50.9298" lon="4.548">
        <ele>16</ele>
      </trkpt>
      <trkpt lat="50.92971" lon="4.54818">
        <ele>16</ele>
      </trkpt>
      <trkpt lat="50.92961" lon="4.54831">
        <ele>16</ele>
      </trkpt>
      <trkpt lat="50.92934" lon="4.54861">
        <ele>16</ele>
      </trkpt>
      <trkpt lat="50.92922" lon="4.54875">
        <ele>16</ele>
      </trkpt>
      <trkpt lat="50.9289" lon="4.54919">
        <ele>16</ele>
      </trkpt>
      <trkpt lat="50.92878" lon="4.54936">
        <ele>16</ele>
      </trkpt>
      <trkpt lat="50.92875" lon="4.54939">
        <ele>16</ele>
      </trkpt>
      <trkpt lat="50.92872" lon="4.54943">
        <ele>16</ele>
      </trkpt>
      <trkpt lat="50.92848" lon="4.54975">
        <ele>17</ele>
      </trkpt>
      <trkpt lat="50.92825" lon="4.55">
        <ele>17</ele>
      </trkpt>
      <trkpt lat="50.92802" lon="4.55016">
        <ele>17</ele>
      </trkpt>
      <trkpt lat="50.92778" lon="4.55027">
        <ele>18</ele>
      </trkpt>
      <trkpt lat="50.92755" lon="4.5503">
        <ele>20</ele>
      </trkpt>
      <trkpt lat="50.92716" lon="4.55027">
        <ele>20</ele>
      </trkpt>
      <trkpt lat="50.92582" lon="4.55009">
        <ele>20</ele>
      </trkpt>
      <trkpt lat="50.92556" lon="4.55004">
        <ele>19</ele>
      </trkpt>
      <trkpt lat="50.9253" lon="4.5499">
        <ele>18</ele>
      </trkpt>
      <trkpt lat="50.92484" lon="4.54932">
        <ele>17</ele>
      </trkpt>
      <trkpt lat="50.92468" lon="4.5489">
        <ele>17</ele>
      </trkpt>
      <trkpt lat="50.92454" lon="4.5485">
        <ele>17</ele>
      </trkpt>
      <trkpt lat="50.92432" lon="4.54821">
        <ele>18</ele>
      </trkpt>
      <trkpt lat="50.92407" lon="4.54809">
        <ele>18</ele>
      </trkpt>
      <trkpt lat="50.92341" lon="4.54812">
        <ele>19</ele>
      </trkpt>
      <trkpt lat="50.92292" lon="4.5481">
        <ele>20</ele>
      </trkpt>
      <trkpt lat="50.92234" lon="4.54809">
        <ele>21</ele>
      </trkpt>
      <trkpt lat="50.92167" lon="4.54809">
        <ele>23</ele>
      </trkpt>
      <trkpt lat="50.9214" lon="4.54805">
        <ele>23</ele>
      </trkpt>
      <trkpt lat="50.92124" lon="4.54798">
        <ele>23</ele>
      </trkpt>
      <trkpt lat="50.92043" lon="4.54674">
        <ele>25</ele>
      </trkpt>
      <trkpt lat="50.91975" lon="4.54574">
        <ele>26</ele>
      </trkpt>
      <trkpt lat="50.91951" lon="4.54534">
        <ele>26</ele>
      </trkpt>
      <trkpt lat="50.91918" lon="4.54495">
        <ele>28</ele>
      </trkpt>
      <trkpt lat="50.91877" lon="4.54458">
        <ele>28</ele>
      </trkpt>
      <trkpt lat="50.91847" lon="4.54434">
        <ele>29</ele>
      </trkpt>
      <trkpt lat="50.91839" lon="4.54429">
        <ele>29</ele>
      </trkpt>
      <trkpt lat="50.91742" lon="4.54391">
        <ele>29</ele>
      </trkpt>
      <trkpt lat="50.91681" lon="4.54378">
        <ele>29</ele>
      </trkpt>
      <trkpt lat="50.91473" lon="4.54356">
        <ele>29</ele>
      </trkpt>
      <trkpt lat="50.9134" lon="4.54349">
        <ele>30</ele>
      </trkpt>
      <trkpt lat="50.91337" lon="4.54333">
        <ele>30</ele>
      </trkpt>
      <trkpt lat="50.91299" lon="4.54147">
        <ele>29</ele>
      </trkpt>
      <trkpt lat="50.91274" lon="4.54019">
        <ele>29</ele>
      </trkpt>
      <trkpt lat="50.91268" lon="4.53995">
        <ele>29</ele>
      </trkpt>
      <trkpt lat="50.9125" lon="4.53943">
        <ele>29</ele>
      </trkpt>
      <trkpt lat="50.91231" lon="4.53892">
        <ele>29</ele>
      </trkpt>
      <trkpt lat="50.91198" lon="4.53815">
        <ele>29</ele>
      </trkpt>
      <trkpt lat="50.91161" lon="4.53749">
        <ele>30</ele>
      </trkpt>
      <trkpt lat="50.91131" lon="4.53701">
        <ele>30</ele>
      </trkpt>
      <trkpt lat="50.9106" lon="4.53603">
        <ele>30</ele>
      </trkpt>
      <trkpt lat="50.91" lon="4.53507">
        <ele>31</ele>
      </trkpt>
      <trkpt lat="50.90936" lon="4.53411">
        <ele>31</ele>
      </trkpt>
      <trkpt lat="50.90897" lon="4.53348">
        <ele>32</ele>
      </trkpt>
      <trkpt lat="50.90864" lon="4.53298">
        <ele>32</ele>
      </trkpt>
      <trkpt lat="50.90828" lon="4.53254">
        <ele>33</ele>
      </trkpt>
      <trkpt lat="50.90801" lon="4.53224">
        <ele>33</ele>
      </trkpt>
      <trkpt lat="50.90792" lon="4.53214">
        <ele>33</ele>
      </trkpt>
      <trkpt lat="50.90785" lon="4.53207">
        <ele>33</ele>
      </trkpt>
      <trkpt lat="50.90714" lon="4.53094">
        <ele>34</ele>
      </trkpt>
      <trkpt lat="50.9065" lon="4.52996">
        <ele>35</ele>
      </trkpt>
      <trkpt lat="50.90542" lon="4.52762">
        <ele>35</ele>
      </trkpt>
      <trkpt lat="50.9046" lon="4.52543">
        <ele>34</ele>
      </trkpt>
      <trkpt lat="50.90429" lon="4.52458">
        <ele>34</ele>
      </trkpt>
      <trkpt lat="50.90347" lon="4.52277">
        <ele>34</ele>
      </trkpt>
      <trkpt lat="50.9031" lon="4.52186">
        <ele>35</ele>
      </trkpt>
      <trkpt lat="50.90297" lon="4.52175">
        <ele>35</ele>
      </trkpt>
      <trkpt lat="50.90293" lon="4.52174">
        <ele>35</ele>
      </trkpt>
      <trkpt lat="50.90286" lon="4.52184">
        <ele>35</ele>
      </trkpt>
      <trkpt lat="50.90241" lon="4.52249">
        <ele>36</ele>
      </trkpt>
      <trkpt lat="50.90217" lon="4.52285">
        <ele>36</ele>
      </trkpt>
      <trkpt lat="50.90203" lon="4.52289">
        <ele>36</ele>
      </trkpt>
      <trkpt lat="50.90177" lon="4.52325">
        <ele>37</ele>
      </trkpt>
      <trkpt lat="50.90095" lon="4.52445">
        <ele>39</ele>
      </trkpt>
      <trkpt lat="50.9008" lon="4.52467">
        <ele>39</ele>
      </trkpt>
      <trkpt lat="50.90048" lon="4.52526">
        <ele>39</ele>
      </trkpt>
      <trkpt lat="50.89988" lon="4.5267">
        <ele>41</ele>
      </trkpt>
      <trkpt lat="50.8991" lon="4.52865">
        <ele>43</ele>
      </trkpt>
      <trkpt lat="50.89893" lon="4.52902">
        <ele>43</ele>
      </trkpt>
      <trkpt lat="50.89874" lon="4.52942">
        <ele>44</ele>
      </trkpt>
      <trkpt lat="50.8985" lon="4.52973">
        <ele>45</ele>
      </trkpt>
      <trkpt lat="50.89628" lon="4.53223">
        <ele>52</ele>
      </trkpt>
      <trkpt lat="50.89615" lon="4.5324">
        <ele>52</ele>
      </trkpt>
      <trkpt lat="50.89609" lon="4.53249">
        <ele>52</ele>
      </trkpt>
      <trkpt lat="50.89607" lon="4.53253">
        <ele>52</ele>
      </trkpt>
      <trkpt lat="50.89596" lon="4.5327">
        <ele>52</ele>
      </trkpt>
      <trkpt lat="50.89583" lon="4.53299">
        <ele>52</ele>
      </trkpt>
      <trkpt lat="50.89571" lon="4.53327">
        <ele>52</ele>
      </trkpt>
      <trkpt lat="50.89542" lon="4.53397">
        <ele>52</ele>
      </trkpt>
      <trkpt lat="50.8952" lon="4.53449">
        <ele>52</ele>
      </trkpt>
      <trkpt lat="50.89465" lon="4.53585">
        <ele>51</ele>
      </trkpt>
      <trkpt lat="50.89467" lon="4.53589">
        <ele>51</ele>
      </trkpt>
      <trkpt lat="50.89377" lon="4.53814">
        <ele>46</ele>
      </trkpt>
      <trkpt lat="50.89372" lon="4.53823">
        <ele>46</ele>
      </trkpt>
      <trkpt lat="50.89371" lon="4.53825">
        <ele>46</ele>
      </trkpt>
      <trkpt lat="50.89368" lon="4.53834">
        <ele>45</ele>
      </trkpt>
      <trkpt lat="50.89366" lon="4.53838">
        <ele>45</ele>
      </trkpt>
      <trkpt lat="50.89363" lon="4.53845">
        <ele>45</ele>
      </trkpt>
      <trkpt lat="50.89361" lon="4.5384">
        <ele>45</ele>
      </trkpt>
      <trkpt lat="50.89359" lon="4.53836">
        <ele>45</ele>
      </trkpt>
      <trkpt lat="50.89355" lon="4.53834">
        <ele>45</ele>
      </trkpt>
      <trkpt lat="50.89352" lon="4.53834">
        <ele>45</ele>
      </trkpt>
      <trkpt lat="50.89348" lon="4.53836">
        <ele>45</ele>
      </trkpt>
      <trkpt lat="50.89346" lon="4.53838">
        <ele>45</ele>
      </trkpt>
      <trkpt lat="50.89344" lon="4.53843">
        <ele>45</ele>
      </trkpt>
      <trkpt lat="50.89339" lon="4.53846">
        <ele>45</ele>
      </trkpt>
      <trkpt lat="50.89337" lon="4.53846">
        <ele>45</ele>
      </trkpt>
      <trkpt lat="50.89327" lon="4.53847">
        <ele>45</ele>
      </trkpt>
      <trkpt lat="50.89312" lon="4.53843">
        <ele>45</ele>
      </trkpt>
      <trkpt lat="50.89302" lon="4.53842">
        <ele>45</ele>
      </trkpt>
      <trkpt lat="50.89292" lon="4.53842">
        <ele>45</ele>
      </trkpt>
      <trkpt lat="50.89284" lon="4.53843">
        <ele>45</ele>
      </trkpt>
      <trkpt lat="50.89276" lon="4.53845">
        <ele>45</ele>
      </trkpt>
      <trkpt lat="50.8927" lon="4.53847">
        <ele>45</ele>
      </trkpt>
      <trkpt lat="50.89264" lon="4.53853">
        <ele>44</ele>
      </trkpt>
      <trkpt lat="50.89254" lon="4.53863">
        <ele>44</ele>
      </trkpt>
      <trkpt lat="50.89246" lon="4.53876">
        <ele>44</ele>
      </trkpt>
      <trkpt lat="50.8924" lon="4.5389">
        <ele>44</ele>
      </trkpt>
      <trkpt lat="50.89235" lon="4.53908">
        <ele>44</ele>
      </trkpt>
      <trkpt lat="50.89233" lon="4.53923">
        <ele>44</ele>
      </trkpt>
      <trkpt lat="50.89233" lon="4.53939">
        <ele>44</ele>
      </trkpt>
      <trkpt lat="50.89233" lon="4.53951">
        <ele>44</ele>
      </trkpt>
      <trkpt lat="50.89235" lon="4.53963">
        <ele>44</ele>
      </trkpt>
      <trkpt lat="50.89236" lon="4.53977">
        <ele>44</ele>
      </trkpt>
      <trkpt lat="50.89245" lon="4.54027">
        <ele>44</ele>
      </trkpt>
      <trkpt lat="50.89245" lon="4.54032">
        <ele>44</ele>
      </trkpt>
      <trkpt lat="50.89249" lon="4.54056">
        <ele>44</ele>
      </trkpt>
      <trkpt lat="50.89254" lon="4.54095">
        <ele>44</ele>
      </trkpt>
      <trkpt lat="50.89261" lon="4.54176">
        <ele>44</ele>
      </trkpt>
      <trkpt lat="50.8926" lon="4.54187">
        <ele>44</ele>
      </trkpt>
      <trkpt lat="50.89258" lon="4.54196">
        <ele>44</ele>
      </trkpt>
      <trkpt lat="50.89254" lon="4.54204">
        <ele>44</ele>
      </trkpt>
      <trkpt lat="50.8925" lon="4.54209">
        <ele>44</ele>
      </trkpt>
      <trkpt lat="50.89232" lon="4.54218">
        <ele>44</ele>
      </trkpt>
      <trkpt lat="50.89228" lon="4.5422">
        <ele>44</ele>
      </trkpt>
      <trkpt lat="50.89152" lon="4.54256">
        <ele>44</ele>
      </trkpt>
      <trkpt lat="50.89017" lon="4.54318">
        <ele>45</ele>
      </trkpt>
      <trkpt lat="50.88984" lon="4.54333">
        <ele>47</ele>
      </trkpt>
      <trkpt lat="50.8897" lon="4.5434">
        <ele>47</ele>
      </trkpt>
      <trkpt lat="50.88955" lon="4.54345">
        <ele>47</ele>
      </trkpt>
      <trkpt lat="50.88947" lon="4.5435">
        <ele>47</ele>
      </trkpt>
      <trkpt lat="50.88936" lon="4.54355">
        <ele>47</ele>
      </trkpt>
      <trkpt lat="50.88927" lon="4.54359">
        <ele>47</ele>
      </trkpt>
      <trkpt lat="50.88917" lon="4.54365">
        <ele>47</ele>
      </trkpt>
      <trkpt lat="50.88889" lon="4.54378">
        <ele>47</ele>
      </trkpt>
      <trkpt lat="50.88883" lon="4.54382">
        <ele>47</ele>
      </trkpt>
      <trkpt lat="50.88879" lon="4.54384">
        <ele>47</ele>
      </trkpt>
      <trkpt lat="50.88868" lon="4.5439">
        <ele>47</ele>
      </trkpt>
      <trkpt lat="50.88864" lon="4.54392">
        <ele>47</ele>
      </trkpt>
      <trkpt lat="50.88848" lon="4.54403">
        <ele>47</ele>
      </trkpt>
      <trkpt lat="50.88839" lon="4.54409">
        <ele>47</ele>
      </trkpt>
      <trkpt lat="50.88837" lon="4.54401">
        <ele>47</ele>
      </trkpt>
      <trkpt lat="50.88793" lon="4.5442">
        <ele>47</ele>
      </trkpt>
      <trkpt lat="50.88703" lon="4.54464">
        <ele>46</ele>
      </trkpt>
      <trkpt lat="50.88678" lon="4.54476">
        <ele>45</ele>
      </trkpt>
      <trkpt lat="50.88622" lon="4.54502">
        <ele>45</ele>
      </trkpt>
      <trkpt lat="50.88598" lon="4.54514">
        <ele>45</ele>
      </trkpt>
      <trkpt lat="50.88559" lon="4.54535">
        <ele>44</ele>
      </trkpt>
      <trkpt lat="50.88536" lon="4.5454">
        <ele>44</ele>
      </trkpt>
      <trkpt lat="50.88522" lon="4.54534">
        <ele>44</ele>
      </trkpt>
      <trkpt lat="50.88506" lon="4.54528">
        <ele>44</ele>
      </trkpt>
      <trkpt lat="50.88495" lon="4.54522">
        <ele>44</ele>
      </trkpt>
      <trkpt lat="50.88445" lon="4.54513">
        <ele>43</ele>
      </trkpt>
      <trkpt lat="50.8844" lon="4.54512">
        <ele>43</ele>
      </trkpt>
      <trkpt lat="50.88432" lon="4.54511">
        <ele>43</ele>
      </trkpt>
      <trkpt lat="50.88392" lon="4.54492">
        <ele>43</ele>
      </trkpt>
      <trkpt lat="50.88349" lon="4.54458">
        <ele>43</ele>
      </trkpt>
      <trkpt lat="50.88337" lon="4.54453">
        <ele>44</ele>
      </trkpt>
      <trkpt lat="50.88293" lon="4.54455">
        <ele>44</ele>
      </trkpt>
      <trkpt lat="50.88261" lon="4.54456">
        <ele>45</ele>
      </trkpt>
      <trkpt lat="50.8825" lon="4.54453">
        <ele>45</ele>
      </trkpt>
      <trkpt lat="50.88242" lon="4.54448">
        <ele>45</ele>
      </trkpt>
      <trkpt lat="50.88235" lon="4.5444">
        <ele>45</ele>
      </trkpt>
      <trkpt lat="50.8823" lon="4.54429">
        <ele>45</ele>
      </trkpt>
      <trkpt lat="50.88222" lon="4.54399">
        <ele>45</ele>
      </trkpt>
      <trkpt lat="50.8822" lon="4.54392">
        <ele>45</ele>
      </trkpt>
      <trkpt lat="50.88212" lon="4.54384">
        <ele>45</ele>
      </trkpt>
      <trkpt lat="50.88204" lon="4.54378">
        <ele>45</ele>
      </trkpt>
      <trkpt lat="50.88177" lon="4.54376">
        <ele>47</ele>
      </trkpt>
      <trkpt lat="50.88168" lon="4.54375">
        <ele>47</ele>
      </trkpt>
      <trkpt lat="50.88149" lon="4.54371">
        <ele>46</ele>
      </trkpt>
      <trkpt lat="50.88142" lon="4.54369">
        <ele>46</ele>
      </trkpt>
      <trkpt lat="50.88141" lon="4.54368">
        <ele>46</ele>
      </trkpt>
      <trkpt lat="50.88131" lon="4.54362">
        <ele>47</ele>
      </trkpt>
      <trkpt lat="50.88123" lon="4.54354">
        <ele>47</ele>
      </trkpt>
      <trkpt lat="50.8809" lon="4.54312">
        <ele>49</ele>
      </trkpt>
      <trkpt lat="50.88054" lon="4.54274">
        <ele>49</ele>
      </trkpt>
      <trkpt lat="50.87989" lon="4.54204">
        <ele>50</ele>
      </trkpt>
      <trkpt lat="50.87979" lon="4.54189">
        <ele>49</ele>
      </trkpt>
      <trkpt lat="50.87965" lon="4.54159">
        <ele>48</ele>
      </trkpt>
      <trkpt lat="50.87934" lon="4.54095">
        <ele>48</ele>
      </trkpt>
      <trkpt lat="50.87926" lon="4.54078">
        <ele>50</ele>
      </trkpt>
      <trkpt lat="50.87923" lon="4.54072">
        <ele>49</ele>
      </trkpt>
      <trkpt lat="50.8792" lon="4.54065">
        <ele>48</ele>
      </trkpt>
      <trkpt lat="50.87915" lon="4.54061">
        <ele>48</ele>
      </trkpt>
      <trkpt lat="50.8791" lon="4.5406">
        <ele>48</ele>
      </trkpt>
      <trkpt lat="50.87902" lon="4.5406">
        <ele>49</ele>
      </trkpt>
      <trkpt lat="50.87866" lon="4.54061">
        <ele>49</ele>
      </trkpt>
      <trkpt lat="50.87828" lon="4.54068">
        <ele>52</ele>
      </trkpt>
      <trkpt lat="50.87818" lon="4.5407">
        <ele>53</ele>
      </trkpt>
      <trkpt lat="50.87808" lon="4.54068">
        <ele>53</ele>
      </trkpt>
      <trkpt lat="50.87753" lon="4.54063">
        <ele>55</ele>
      </trkpt>
      <trkpt lat="50.87728" lon="4.54066">
        <ele>55</ele>
      </trkpt>
      <trkpt lat="50.87715" lon="4.5407">
        <ele>56</ele>
      </trkpt>
      <trkpt lat="50.87692" lon="4.54075">
        <ele>56</ele>
      </trkpt>
      <trkpt lat="50.87649" lon="4.54085">
        <ele>59</ele>
      </trkpt>
      <trkpt lat="50.87644" lon="4.54087">
        <ele>59</ele>
      </trkpt>
      <trkpt lat="50.87632" lon="4.5409">
        <ele>59</ele>
      </trkpt>
      <trkpt lat="50.87622" lon="4.54087">
        <ele>59</ele>
      </trkpt>
      <trkpt lat="50.87609" lon="4.54119">
        <ele>59</ele>
      </trkpt>
      <trkpt lat="50.87605" lon="4.54126">
        <ele>59</ele>
      </trkpt>
      <trkpt lat="50.87598" lon="4.54159">
        <ele>60</ele>
      </trkpt>
      <trkpt lat="50.87594" lon="4.54183">
        <ele>62</ele>
      </trkpt>
      <trkpt lat="50.87593" lon="4.54209">
        <ele>62</ele>
      </trkpt>
      <trkpt lat="50.87595" lon="4.54233">
        <ele>62</ele>
      </trkpt>
      <trkpt lat="50.87595" lon="4.54242">
        <ele>62</ele>
      </trkpt>
      <trkpt lat="50.87604" lon="4.54284">
        <ele>63</ele>
      </trkpt>
      <trkpt lat="50.87628" lon="4.54369">
        <ele>62</ele>
      </trkpt>
      <trkpt lat="50.87629" lon="4.54374">
        <ele>62</ele>
      </trkpt>
      <trkpt lat="50.8763" lon="4.54377">
        <ele>62</ele>
      </trkpt>
      <trkpt lat="50.87634" lon="4.54378">
        <ele>62</ele>
      </trkpt>
      <trkpt lat="50.87637" lon="4.5438">
        <ele>62</ele>
      </trkpt>
      <trkpt lat="50.87646" lon="4.54403">
        <ele>62</ele>
      </trkpt>
      <trkpt lat="50.87648" lon="4.54408">
        <ele>62</ele>
      </trkpt>
      <trkpt lat="50.87652" lon="4.54414">
        <ele>61</ele>
      </trkpt>
      <trkpt lat="50.87666" lon="4.54444">
        <ele>60</ele>
      </trkpt>
      <trkpt lat="50.87721" lon="4.54561">
        <ele>60</ele>
      </trkpt>
      <trkpt lat="50.87781" lon="4.54729">
        <ele>65</ele>
      </trkpt>
      <trkpt lat="50.87825" lon="4.5483">
        <ele>60</ele>
      </trkpt>
      <trkpt lat="50.87844" lon="4.54897">
        <ele>60</ele>
      </trkpt>
      <trkpt lat="50.87846" lon="4.54907">
        <ele>60</ele>
      </trkpt>
      <trkpt lat="50.87859" lon="4.54962">
        <ele>62</ele>
      </trkpt>
      <trkpt lat="50.87875" lon="4.55058">
        <ele>57</ele>
      </trkpt>
      <trkpt lat="50.8788" lon="4.55088">
        <ele>55</ele>
      </trkpt>
      <trkpt lat="50.87885" lon="4.55128">
        <ele>54</ele>
      </trkpt>
    </trkseg>
  </trk>
</gpx>
