<?xml version="1.0" encoding="UTF-8"?>
<gpx xmlns="http://www.topografix.com/GPX/1/1" creator="RouteYou" version="1.1" xmlns:xsi="http://www.w3.org/2001/XMLSchema-instance" xsi:schemaLocation="http://www.topografix.com/GPX/1/1 http://www.topografix.com/GPX/1/1/gpx.xsd">
  <trk>
    <name>Mechelen 2025</name>
    <desc></desc>
    <trkseg>
      <trkpt lat="50.87762" lon="4.56926">
        <ele>54</ele>
      </trkpt>
      <trkpt lat="50.87764" lon="4.56923">
        <ele>54</ele>
      </trkpt>
      <trkpt lat="50.87779" lon="4.5695">
        <ele>52</ele>
      </trkpt>
      <trkpt lat="50.87798" lon="4.56991">
        <ele>51</ele>
      </trkpt>
      <trkpt lat="50.87816" lon="4.57041">
        <ele>52</ele>
      </trkpt>
      <trkpt lat="50.87821" lon="4.57058">
        <ele>52</ele>
      </trkpt>
      <trkpt lat="50.87829" lon="4.57074">
        <ele>51</ele>
      </trkpt>
      <trkpt lat="50.87866" lon="4.57102">
        <ele>49</ele>
      </trkpt>
      <trkpt lat="50.87882" lon="4.57121">
        <ele>48</ele>
      </trkpt>
      <trkpt lat="50.87931" lon="4.57211">
        <ele>47</ele>
      </trkpt>
      <trkpt lat="50.87951" lon="4.57272">
        <ele>45</ele>
      </trkpt>
      <trkpt lat="50.8799" lon="4.57392">
        <ele>44</ele>
      </trkpt>
      <trkpt lat="50.88015" lon="4.57443">
        <ele>42</ele>
      </trkpt>
      <trkpt lat="50.88125" lon="4.57644">
        <ele>40</ele>
      </trkpt>
      <trkpt lat="50.88194" lon="4.57805">
        <ele>37</ele>
      </trkpt>
      <trkpt lat="50.88215" lon="4.57875">
        <ele>37</ele>
      </trkpt>
      <trkpt lat="50.8826" lon="4.58019">
        <ele>37</ele>
      </trkpt>
      <trkpt lat="50.88302" lon="4.58173">
        <ele>39</ele>
      </trkpt>
      <trkpt lat="50.88308" lon="4.58191">
        <ele>40</ele>
      </trkpt>
      <trkpt lat="50.88349" lon="4.58118">
        <ele>38</ele>
      </trkpt>
      <trkpt lat="50.884" lon="4.58055">
        <ele>38</ele>
      </trkpt>
      <trkpt lat="50.88489" lon="4.57962">
        <ele>39</ele>
      </trkpt>
      <trkpt lat="50.88625" lon="4.57824">
        <ele>44</ele>
      </trkpt>
      <trkpt lat="50.88683" lon="4.57761">
        <ele>43</ele>
      </trkpt>
      <trkpt lat="50.88719" lon="4.57719">
        <ele>44</ele>
      </trkpt>
      <trkpt lat="50.8873" lon="4.57702">
        <ele>44</ele>
      </trkpt>
      <trkpt lat="50.88757" lon="4.57651">
        <ele>44</ele>
      </trkpt>
      <trkpt lat="50.8877" lon="4.57617">
        <ele>41</ele>
      </trkpt>
      <trkpt lat="50.88812" lon="4.57508">
        <ele>41</ele>
      </trkpt>
      <trkpt lat="50.8883" lon="4.57476">
        <ele>42</ele>
      </trkpt>
      <trkpt lat="50.88868" lon="4.57423">
        <ele>39</ele>
      </trkpt>
      <trkpt lat="50.89021" lon="4.57268">
        <ele>37</ele>
      </trkpt>
      <trkpt lat="50.8905" lon="4.57229">
        <ele>37</ele>
      </trkpt>
      <trkpt lat="50.89088" lon="4.57167">
        <ele>37</ele>
      </trkpt>
      <trkpt lat="50.89097" lon="4.57141">
        <ele>36</ele>
      </trkpt>
      <trkpt lat="50.89102" lon="4.57116">
        <ele>36</ele>
      </trkpt>
      <trkpt lat="50.89109" lon="4.57092">
        <ele>36</ele>
      </trkpt>
      <trkpt lat="50.89128" lon="4.57063">
        <ele>36</ele>
      </trkpt>
      <trkpt lat="50.89138" lon="4.57056">
        <ele>35</ele>
      </trkpt>
      <trkpt lat="50.89141" lon="4.57065">
        <ele>36</ele>
      </trkpt>
      <trkpt lat="50.89145" lon="4.57071">
        <ele>36</ele>
      </trkpt>
      <trkpt lat="50.89151" lon="4.57074">
        <ele>36</ele>
      </trkpt>
      <trkpt lat="50.89157" lon="4.57074">
        <ele>35</ele>
      </trkpt>
      <trkpt lat="50.89162" lon="4.57071">
        <ele>35</ele>
      </trkpt>
      <trkpt lat="50.89167" lon="4.57066">
        <ele>35</ele>
      </trkpt>
      <trkpt lat="50.8917" lon="4.57058">
        <ele>35</ele>
      </trkpt>
      <trkpt lat="50.89171" lon="4.5705">
        <ele>35</ele>
      </trkpt>
      <trkpt lat="50.89171" lon="4.57041">
        <ele>35</ele>
      </trkpt>
      <trkpt lat="50.89183" lon="4.57035">
        <ele>35</ele>
      </trkpt>
      <trkpt lat="50.89179" lon="4.57023">
        <ele>35</ele>
      </trkpt>
      <trkpt lat="50.89192" lon="4.57015">
        <ele>35</ele>
      </trkpt>
      <trkpt lat="50.89265" lon="4.56915">
        <ele>34</ele>
      </trkpt>
      <trkpt lat="50.89299" lon="4.56873">
        <ele>34</ele>
      </trkpt>
      <trkpt lat="50.89385" lon="4.56778">
        <ele>36</ele>
      </trkpt>
      <trkpt lat="50.89474" lon="4.56666">
        <ele>37</ele>
      </trkpt>
      <trkpt lat="50.89495" lon="4.56646">
        <ele>37</ele>
      </trkpt>
      <trkpt lat="50.89516" lon="4.56629">
        <ele>37</ele>
      </trkpt>
      <trkpt lat="50.8961" lon="4.56542">
        <ele>37</ele>
      </trkpt>
      <trkpt lat="50.89624" lon="4.56534">
        <ele>37</ele>
      </trkpt>
      <trkpt lat="50.89716" lon="4.5644">
        <ele>37</ele>
      </trkpt>
      <trkpt lat="50.89826" lon="4.56323">
        <ele>37</ele>
      </trkpt>
      <trkpt lat="50.90052" lon="4.56083">
        <ele>36</ele>
      </trkpt>
      <trkpt lat="50.90064" lon="4.56103">
        <ele>36</ele>
      </trkpt>
      <trkpt lat="50.9008" lon="4.56125">
        <ele>36</ele>
      </trkpt>
      <trkpt lat="50.90087" lon="4.56125">
        <ele>36</ele>
      </trkpt>
      <trkpt lat="50.90115" lon="4.56174">
        <ele>35</ele>
      </trkpt>
      <trkpt lat="50.90138" lon="4.56217">
        <ele>35</ele>
      </trkpt>
      <trkpt lat="50.90274" lon="4.56509">
        <ele>34</ele>
      </trkpt>
      <trkpt lat="50.90314" lon="4.56596">
        <ele>35</ele>
      </trkpt>
      <trkpt lat="50.90397" lon="4.56764">
        <ele>35</ele>
      </trkpt>
      <trkpt lat="50.90438" lon="4.56856">
        <ele>34</ele>
      </trkpt>
      <trkpt lat="50.90457" lon="4.569">
        <ele>34</ele>
      </trkpt>
      <trkpt lat="50.90473" lon="4.56917">
        <ele>33</ele>
      </trkpt>
      <trkpt lat="50.90495" lon="4.56963">
        <ele>33</ele>
      </trkpt>
      <trkpt lat="50.90503" lon="4.56975">
        <ele>33</ele>
      </trkpt>
      <trkpt lat="50.90545" lon="4.5693">
        <ele>31</ele>
      </trkpt>
      <trkpt lat="50.90553" lon="4.56918">
        <ele>31</ele>
      </trkpt>
      <trkpt lat="50.90633" lon="4.56782">
        <ele>28</ele>
      </trkpt>
      <trkpt lat="50.90681" lon="4.56694">
        <ele>28</ele>
      </trkpt>
      <trkpt lat="50.90796" lon="4.56501">
        <ele>27</ele>
      </trkpt>
      <trkpt lat="50.9082" lon="4.56534">
        <ele>28</ele>
      </trkpt>
      <trkpt lat="50.90839" lon="4.56543">
        <ele>27</ele>
      </trkpt>
      <trkpt lat="50.90861" lon="4.56546">
        <ele>27</ele>
      </trkpt>
      <trkpt lat="50.90939" lon="4.56482">
        <ele>27</ele>
      </trkpt>
      <trkpt lat="50.90995" lon="4.56435">
        <ele>27</ele>
      </trkpt>
      <trkpt lat="50.91083" lon="4.56358">
        <ele>27</ele>
      </trkpt>
      <trkpt lat="50.91119" lon="4.56338">
        <ele>27</ele>
      </trkpt>
      <trkpt lat="50.91152" lon="4.56332">
        <ele>27</ele>
      </trkpt>
      <trkpt lat="50.91255" lon="4.56356">
        <ele>28</ele>
      </trkpt>
      <trkpt lat="50.91366" lon="4.56386">
        <ele>27</ele>
      </trkpt>
      <trkpt lat="50.91543" lon="4.56432">
        <ele>26</ele>
      </trkpt>
      <trkpt lat="50.91572" lon="4.56436">
        <ele>25</ele>
      </trkpt>
      <trkpt lat="50.916" lon="4.56433">
        <ele>25</ele>
      </trkpt>
      <trkpt lat="50.91616" lon="4.56428">
        <ele>25</ele>
      </trkpt>
      <trkpt lat="50.91661" lon="4.56403">
        <ele>25</ele>
      </trkpt>
      <trkpt lat="50.91774" lon="4.56321">
        <ele>24</ele>
      </trkpt>
      <trkpt lat="50.91803" lon="4.56307">
        <ele>24</ele>
      </trkpt>
      <trkpt lat="50.91836" lon="4.56303">
        <ele>24</ele>
      </trkpt>
      <trkpt lat="50.91858" lon="4.56305">
        <ele>24</ele>
      </trkpt>
      <trkpt lat="50.91864" lon="4.56339">
        <ele>24</ele>
      </trkpt>
      <trkpt lat="50.91876" lon="4.56398">
        <ele>24</ele>
      </trkpt>
      <trkpt lat="50.91895" lon="4.56426">
        <ele>24</ele>
      </trkpt>
      <trkpt lat="50.91904" lon="4.56433">
        <ele>24</ele>
      </trkpt>
      <trkpt lat="50.91912" lon="4.56435">
        <ele>23</ele>
      </trkpt>
      <trkpt lat="50.9193" lon="4.56435">
        <ele>23</ele>
      </trkpt>
      <trkpt lat="50.9197" lon="4.5641">
        <ele>22</ele>
      </trkpt>
      <trkpt lat="50.92048" lon="4.56324">
        <ele>21</ele>
      </trkpt>
      <trkpt lat="50.92104" lon="4.56256">
        <ele>20</ele>
      </trkpt>
      <trkpt lat="50.92125" lon="4.56229">
        <ele>20</ele>
      </trkpt>
      <trkpt lat="50.92132" lon="4.56226">
        <ele>19</ele>
      </trkpt>
      <trkpt lat="50.9215" lon="4.56231">
        <ele>19</ele>
      </trkpt>
      <trkpt lat="50.9216" lon="4.5624">
        <ele>19</ele>
      </trkpt>
      <trkpt lat="50.9217" lon="4.56254">
        <ele>19</ele>
      </trkpt>
      <trkpt lat="50.92264" lon="4.56428">
        <ele>18</ele>
      </trkpt>
      <trkpt lat="50.92268" lon="4.56438">
        <ele>18</ele>
      </trkpt>
      <trkpt lat="50.92293" lon="4.56569">
        <ele>17</ele>
      </trkpt>
      <trkpt lat="50.92309" lon="4.56607">
        <ele>17</ele>
      </trkpt>
      <trkpt lat="50.92345" lon="4.5666">
        <ele>17</ele>
      </trkpt>
      <trkpt lat="50.92357" lon="4.56679">
        <ele>17</ele>
      </trkpt>
      <trkpt lat="50.92396" lon="4.56614">
        <ele>16</ele>
      </trkpt>
      <trkpt lat="50.92441" lon="4.56542">
        <ele>17</ele>
      </trkpt>
      <trkpt lat="50.92467" lon="4.56504">
        <ele>17</ele>
      </trkpt>
      <trkpt lat="50.92486" lon="4.56487">
        <ele>18</ele>
      </trkpt>
      <trkpt lat="50.9252" lon="4.56471">
        <ele>18</ele>
      </trkpt>
      <trkpt lat="50.92536" lon="4.56469">
        <ele>18</ele>
      </trkpt>
      <trkpt lat="50.92554" lon="4.5647">
        <ele>18</ele>
      </trkpt>
      <trkpt lat="50.92567" lon="4.56473">
        <ele>17</ele>
      </trkpt>
      <trkpt lat="50.92575" lon="4.56475">
        <ele>17</ele>
      </trkpt>
      <trkpt lat="50.92595" lon="4.56486">
        <ele>17</ele>
      </trkpt>
      <trkpt lat="50.92825" lon="4.5664">
        <ele>14</ele>
      </trkpt>
      <trkpt lat="50.92856" lon="4.56679">
        <ele>14</ele>
      </trkpt>
      <trkpt lat="50.92875" lon="4.56709">
        <ele>14</ele>
      </trkpt>
      <trkpt lat="50.92954" lon="4.56862">
        <ele>15</ele>
      </trkpt>
      <trkpt lat="50.93038" lon="4.5702">
        <ele>15</ele>
      </trkpt>
      <trkpt lat="50.9305" lon="4.57037">
        <ele>15</ele>
      </trkpt>
      <trkpt lat="50.93066" lon="4.57045">
        <ele>15</ele>
      </trkpt>
      <trkpt lat="50.93087" lon="4.57046">
        <ele>15</ele>
      </trkpt>
      <trkpt lat="50.93099" lon="4.57037">
        <ele>14</ele>
      </trkpt>
      <trkpt lat="50.93226" lon="4.56877">
        <ele>14</ele>
      </trkpt>
      <trkpt lat="50.93627" lon="4.56478">
        <ele>12</ele>
      </trkpt>
      <trkpt lat="50.93688" lon="4.56422">
        <ele>12</ele>
      </trkpt>
      <trkpt lat="50.93729" lon="4.56393">
        <ele>12</ele>
      </trkpt>
      <trkpt lat="50.93763" lon="4.56379">
        <ele>13</ele>
      </trkpt>
      <trkpt lat="50.9378" lon="4.56376">
        <ele>13</ele>
      </trkpt>
      <trkpt lat="50.93803" lon="4.56375">
        <ele>13</ele>
      </trkpt>
      <trkpt lat="50.94038" lon="4.56411">
        <ele>13</ele>
      </trkpt>
      <trkpt lat="50.94102" lon="4.56441">
        <ele>13</ele>
      </trkpt>
      <trkpt lat="50.94078" lon="4.56528">
        <ele>14</ele>
      </trkpt>
      <trkpt lat="50.94117" lon="4.5662">
        <ele>13</ele>
      </trkpt>
      <trkpt lat="50.94151" lon="4.56714">
        <ele>13</ele>
      </trkpt>
      <trkpt lat="50.94192" lon="4.56848">
        <ele>13</ele>
      </trkpt>
      <trkpt lat="50.94188" lon="4.56848">
        <ele>13</ele>
      </trkpt>
      <trkpt lat="50.94172" lon="4.56841">
        <ele>14</ele>
      </trkpt>
      <trkpt lat="50.94188" lon="4.56848">
        <ele>13</ele>
      </trkpt>
      <trkpt lat="50.94192" lon="4.56848">
        <ele>13</ele>
      </trkpt>
      <trkpt lat="50.94228" lon="4.56968">
        <ele>14</ele>
      </trkpt>
      <trkpt lat="50.94241" lon="4.57021">
        <ele>15</ele>
      </trkpt>
      <trkpt lat="50.94244" lon="4.57043">
        <ele>15</ele>
      </trkpt>
      <trkpt lat="50.94248" lon="4.57078">
        <ele>15</ele>
      </trkpt>
      <trkpt lat="50.94258" lon="4.5738">
        <ele>13</ele>
      </trkpt>
      <trkpt lat="50.94261" lon="4.57418">
        <ele>12</ele>
      </trkpt>
      <trkpt lat="50.94267" lon="4.57449">
        <ele>13</ele>
      </trkpt>
      <trkpt lat="50.94273" lon="4.57475">
        <ele>13</ele>
      </trkpt>
      <trkpt lat="50.94285" lon="4.57508">
        <ele>12</ele>
      </trkpt>
      <trkpt lat="50.9434" lon="4.5763">
        <ele>12</ele>
      </trkpt>
      <trkpt lat="50.94393" lon="4.57737">
        <ele>13</ele>
      </trkpt>
      <trkpt lat="50.94411" lon="4.57782">
        <ele>13</ele>
      </trkpt>
      <trkpt lat="50.94443" lon="4.57942">
        <ele>13</ele>
      </trkpt>
      <trkpt lat="50.94467" lon="4.58054">
        <ele>13</ele>
      </trkpt>
      <trkpt lat="50.94484" lon="4.58124">
        <ele>13</ele>
      </trkpt>
      <trkpt lat="50.94488" lon="4.58148">
        <ele>13</ele>
      </trkpt>
      <trkpt lat="50.94487" lon="4.58166">
        <ele>13</ele>
      </trkpt>
      <trkpt lat="50.94458" lon="4.58316">
        <ele>13</ele>
      </trkpt>
      <trkpt lat="50.94457" lon="4.58331">
        <ele>13</ele>
      </trkpt>
      <trkpt lat="50.9446" lon="4.58361">
        <ele>13</ele>
      </trkpt>
      <trkpt lat="50.94477" lon="4.5845">
        <ele>12</ele>
      </trkpt>
      <trkpt lat="50.94487" lon="4.58485">
        <ele>13</ele>
      </trkpt>
      <trkpt lat="50.94496" lon="4.5851">
        <ele>13</ele>
      </trkpt>
      <trkpt lat="50.94531" lon="4.58592">
        <ele>15</ele>
      </trkpt>
      <trkpt lat="50.94537" lon="4.58608">
        <ele>15</ele>
      </trkpt>
      <trkpt lat="50.94543" lon="4.58635">
        <ele>15</ele>
      </trkpt>
      <trkpt lat="50.94559" lon="4.58708">
        <ele>14</ele>
      </trkpt>
      <trkpt lat="50.94574" lon="4.58765">
        <ele>14</ele>
      </trkpt>
      <trkpt lat="50.9458" lon="4.58801">
        <ele>13</ele>
      </trkpt>
      <trkpt lat="50.94581" lon="4.58835">
        <ele>13</ele>
      </trkpt>
      <trkpt lat="50.94578" lon="4.58924">
        <ele>13</ele>
      </trkpt>
      <trkpt lat="50.94574" lon="4.58951">
        <ele>13</ele>
      </trkpt>
      <trkpt lat="50.9455" lon="4.59004">
        <ele>13</ele>
      </trkpt>
      <trkpt lat="50.94547" lon="4.59016">
        <ele>13</ele>
      </trkpt>
      <trkpt lat="50.94591" lon="4.5929">
        <ele>11</ele>
      </trkpt>
      <trkpt lat="50.94602" lon="4.59323">
        <ele>11</ele>
      </trkpt>
      <trkpt lat="50.94702" lon="4.59501">
        <ele>11</ele>
      </trkpt>
      <trkpt lat="50.94714" lon="4.59525">
        <ele>11</ele>
      </trkpt>
      <trkpt lat="50.94722" lon="4.59553">
        <ele>11</ele>
      </trkpt>
      <trkpt lat="50.94727" lon="4.59589">
        <ele>11</ele>
      </trkpt>
      <trkpt lat="50.94722" lon="4.6001">
        <ele>12</ele>
      </trkpt>
      <trkpt lat="50.9473" lon="4.60131">
        <ele>12</ele>
      </trkpt>
      <trkpt lat="50.94736" lon="4.60175">
        <ele>13</ele>
      </trkpt>
      <trkpt lat="50.94747" lon="4.60239">
        <ele>13</ele>
      </trkpt>
      <trkpt lat="50.94808" lon="4.60544">
        <ele>12</ele>
      </trkpt>
      <trkpt lat="50.94826" lon="4.60654">
        <ele>12</ele>
      </trkpt>
      <trkpt lat="50.94833" lon="4.60683">
        <ele>12</ele>
      </trkpt>
      <trkpt lat="50.94839" lon="4.60704">
        <ele>12</ele>
      </trkpt>
      <trkpt lat="50.94863" lon="4.60758">
        <ele>12</ele>
      </trkpt>
      <trkpt lat="50.94879" lon="4.608">
        <ele>12</ele>
      </trkpt>
      <trkpt lat="50.94887" lon="4.60832">
        <ele>12</ele>
      </trkpt>
      <trkpt lat="50.94914" lon="4.61023">
        <ele>12</ele>
      </trkpt>
      <trkpt lat="50.94912" lon="4.61036">
        <ele>12</ele>
      </trkpt>
      <trkpt lat="50.94907" lon="4.61049">
        <ele>12</ele>
      </trkpt>
      <trkpt lat="50.94852" lon="4.61154">
        <ele>12</ele>
      </trkpt>
      <trkpt lat="50.94833" lon="4.61233">
        <ele>12</ele>
      </trkpt>
      <trkpt lat="50.94829" lon="4.61248">
        <ele>12</ele>
      </trkpt>
      <trkpt lat="50.94824" lon="4.61257">
        <ele>12</ele>
      </trkpt>
      <trkpt lat="50.9481" lon="4.61271">
        <ele>13</ele>
      </trkpt>
      <trkpt lat="50.94679" lon="4.61312">
        <ele>12</ele>
      </trkpt>
      <trkpt lat="50.94656" lon="4.61321">
        <ele>12</ele>
      </trkpt>
      <trkpt lat="50.94644" lon="4.61328">
        <ele>12</ele>
      </trkpt>
      <trkpt lat="50.94638" lon="4.61332">
        <ele>12</ele>
      </trkpt>
      <trkpt lat="50.94614" lon="4.61355">
        <ele>12</ele>
      </trkpt>
      <trkpt lat="50.94597" lon="4.6138">
        <ele>11</ele>
      </trkpt>
      <trkpt lat="50.94588" lon="4.61399">
        <ele>11</ele>
      </trkpt>
      <trkpt lat="50.94575" lon="4.61445">
        <ele>11</ele>
      </trkpt>
      <trkpt lat="50.94584" lon="4.61453">
        <ele>11</ele>
      </trkpt>
      <trkpt lat="50.94625" lon="4.61501">
        <ele>12</ele>
      </trkpt>
      <trkpt lat="50.94643" lon="4.61518">
        <ele>12</ele>
      </trkpt>
      <trkpt lat="50.94743" lon="4.61576">
        <ele>12</ele>
      </trkpt>
      <trkpt lat="50.94766" lon="4.61594">
        <ele>13</ele>
      </trkpt>
      <trkpt lat="50.94789" lon="4.61615">
        <ele>12</ele>
      </trkpt>
      <trkpt lat="50.94847" lon="4.61671">
        <ele>13</ele>
      </trkpt>
      <trkpt lat="50.94863" lon="4.61682">
        <ele>12</ele>
      </trkpt>
      <trkpt lat="50.94901" lon="4.61696">
        <ele>12</ele>
      </trkpt>
      <trkpt lat="50.94902" lon="4.61713">
        <ele>12</ele>
      </trkpt>
      <trkpt lat="50.94895" lon="4.61825">
        <ele>12</ele>
      </trkpt>
      <trkpt lat="50.94898" lon="4.61872">
        <ele>13</ele>
      </trkpt>
      <trkpt lat="50.94902" lon="4.61899">
        <ele>12</ele>
      </trkpt>
      <trkpt lat="50.94908" lon="4.61925">
        <ele>12</ele>
      </trkpt>
      <trkpt lat="50.94923" lon="4.61969">
        <ele>12</ele>
      </trkpt>
      <trkpt lat="50.94938" lon="4.62004">
        <ele>13</ele>
      </trkpt>
      <trkpt lat="50.94965" lon="4.62055">
        <ele>12</ele>
      </trkpt>
      <trkpt lat="50.95065" lon="4.6225">
        <ele>14</ele>
      </trkpt>
      <trkpt lat="50.95076" lon="4.62277">
        <ele>14</ele>
      </trkpt>
      <trkpt lat="50.95075" lon="4.62296">
        <ele>14</ele>
      </trkpt>
      <trkpt lat="50.9507" lon="4.62324">
        <ele>15</ele>
      </trkpt>
      <trkpt lat="50.95071" lon="4.62332">
        <ele>15</ele>
      </trkpt>
      <trkpt lat="50.95076" lon="4.6231">
        <ele>15</ele>
      </trkpt>
      <trkpt lat="50.95082" lon="4.62288">
        <ele>15</ele>
      </trkpt>
      <trkpt lat="50.9516" lon="4.61875">
        <ele>17</ele>
      </trkpt>
      <trkpt lat="50.95306" lon="4.61108">
        <ele>15</ele>
      </trkpt>
      <trkpt lat="50.95318" lon="4.61039">
        <ele>15</ele>
      </trkpt>
      <trkpt lat="50.95321" lon="4.6101">
        <ele>15</ele>
      </trkpt>
      <trkpt lat="50.95419" lon="4.60498">
        <ele>13</ele>
      </trkpt>
      <trkpt lat="50.95576" lon="4.59668">
        <ele>12</ele>
      </trkpt>
      <trkpt lat="50.95593" lon="4.59568">
        <ele>11</ele>
      </trkpt>
      <trkpt lat="50.95601" lon="4.59508">
        <ele>11</ele>
      </trkpt>
      <trkpt lat="50.95606" lon="4.5945">
        <ele>11</ele>
      </trkpt>
      <trkpt lat="50.95606" lon="4.59425">
        <ele>11</ele>
      </trkpt>
      <trkpt lat="50.95602" lon="4.59408">
        <ele>11</ele>
      </trkpt>
      <trkpt lat="50.95593" lon="4.59389">
        <ele>11</ele>
      </trkpt>
      <trkpt lat="50.9558" lon="4.59347">
        <ele>11</ele>
      </trkpt>
      <trkpt lat="50.95569" lon="4.59319">
        <ele>11</ele>
      </trkpt>
      <trkpt lat="50.95512" lon="4.59223">
        <ele>12</ele>
      </trkpt>
      <trkpt lat="50.95484" lon="4.59159">
        <ele>13</ele>
      </trkpt>
      <trkpt lat="50.95478" lon="4.59127">
        <ele>13</ele>
      </trkpt>
      <trkpt lat="50.95476" lon="4.59089">
        <ele>13</ele>
      </trkpt>
      <trkpt lat="50.95477" lon="4.59061">
        <ele>14</ele>
      </trkpt>
      <trkpt lat="50.95481" lon="4.59035">
        <ele>15</ele>
      </trkpt>
      <trkpt lat="50.95487" lon="4.59013">
        <ele>15</ele>
      </trkpt>
      <trkpt lat="50.95494" lon="4.58994">
        <ele>15</ele>
      </trkpt>
      <trkpt lat="50.95665" lon="4.58712">
        <ele>16</ele>
      </trkpt>
      <trkpt lat="50.96242" lon="4.57774">
        <ele>9</ele>
      </trkpt>
      <trkpt lat="50.96629" lon="4.57136">
        <ele>11</ele>
      </trkpt>
      <trkpt lat="50.96665" lon="4.57079">
        <ele>11</ele>
      </trkpt>
      <trkpt lat="50.96691" lon="4.57035">
        <ele>12</ele>
      </trkpt>
      <trkpt lat="50.96829" lon="4.56816">
        <ele>12</ele>
      </trkpt>
      <trkpt lat="50.97263" lon="4.56152">
        <ele>9</ele>
      </trkpt>
      <trkpt lat="50.97289" lon="4.56113">
        <ele>9</ele>
      </trkpt>
      <trkpt lat="50.97321" lon="4.56073">
        <ele>9</ele>
      </trkpt>
      <trkpt lat="50.97367" lon="4.56004">
        <ele>9</ele>
      </trkpt>
      <trkpt lat="50.974" lon="4.55941">
        <ele>9</ele>
      </trkpt>
      <trkpt lat="50.97442" lon="4.55882">
        <ele>8</ele>
      </trkpt>
      <trkpt lat="50.97448" lon="4.55877">
        <ele>8</ele>
      </trkpt>
      <trkpt lat="50.97464" lon="4.55906">
        <ele>8</ele>
      </trkpt>
      <trkpt lat="50.97508" lon="4.55973">
        <ele>8</ele>
      </trkpt>
      <trkpt lat="50.97543" lon="4.56018">
        <ele>7</ele>
      </trkpt>
      <trkpt lat="50.97601" lon="4.56116">
        <ele>8</ele>
      </trkpt>
      <trkpt lat="50.97738" lon="4.56282">
        <ele>8</ele>
      </trkpt>
      <trkpt lat="50.97775" lon="4.56335">
        <ele>8</ele>
      </trkpt>
      <trkpt lat="50.97807" lon="4.56385">
        <ele>8</ele>
      </trkpt>
      <trkpt lat="50.97931" lon="4.56655">
        <ele>8</ele>
      </trkpt>
      <trkpt lat="50.9798" lon="4.56736">
        <ele>8</ele>
      </trkpt>
      <trkpt lat="50.98034" lon="4.56804">
        <ele>8</ele>
      </trkpt>
      <trkpt lat="50.98136" lon="4.56922">
        <ele>7</ele>
      </trkpt>
      <trkpt lat="50.9819" lon="4.5699">
        <ele>7</ele>
      </trkpt>
      <trkpt lat="50.98215" lon="4.5698">
        <ele>7</ele>
      </trkpt>
      <trkpt lat="50.98246" lon="4.56978">
        <ele>7</ele>
      </trkpt>
      <trkpt lat="50.98258" lon="4.56978">
        <ele>7</ele>
      </trkpt>
      <trkpt lat="50.98288" lon="4.56973">
        <ele>8</ele>
      </trkpt>
      <trkpt lat="50.98316" lon="4.56963">
        <ele>8</ele>
      </trkpt>
      <trkpt lat="50.98382" lon="4.56937">
        <ele>8</ele>
      </trkpt>
      <trkpt lat="50.98404" lon="4.56925">
        <ele>8</ele>
      </trkpt>
      <trkpt lat="50.98439" lon="4.56908">
        <ele>8</ele>
      </trkpt>
      <trkpt lat="50.98438" lon="4.569">
        <ele>8</ele>
      </trkpt>
      <trkpt lat="50.98438" lon="4.56886">
        <ele>8</ele>
      </trkpt>
      <trkpt lat="50.9845" lon="4.56858">
        <ele>8</ele>
      </trkpt>
      <trkpt lat="50.98577" lon="4.56566">
        <ele>9</ele>
      </trkpt>
      <trkpt lat="50.98689" lon="4.56315">
        <ele>10</ele>
      </trkpt>
      <trkpt lat="50.98719" lon="4.56251">
        <ele>10</ele>
      </trkpt>
      <trkpt lat="50.98909" lon="4.55882">
        <ele>7</ele>
      </trkpt>
      <trkpt lat="50.98957" lon="4.55785">
        <ele>8</ele>
      </trkpt>
      <trkpt lat="50.98971" lon="4.55759">
        <ele>8</ele>
      </trkpt>
      <trkpt lat="50.98976" lon="4.55744">
        <ele>8</ele>
      </trkpt>
      <trkpt lat="50.98975" lon="4.55739">
        <ele>8</ele>
      </trkpt>
      <trkpt lat="50.98979" lon="4.55733">
        <ele>8</ele>
      </trkpt>
      <trkpt lat="50.99002" lon="4.55716">
        <ele>8</ele>
      </trkpt>
      <trkpt lat="50.99125" lon="4.55643">
        <ele>9</ele>
      </trkpt>
      <trkpt lat="50.99142" lon="4.55631">
        <ele>10</ele>
      </trkpt>
      <trkpt lat="50.99211" lon="4.55552">
        <ele>9</ele>
      </trkpt>
      <trkpt lat="50.9923" lon="4.55535">
        <ele>9</ele>
      </trkpt>
      <trkpt lat="50.99249" lon="4.55525">
        <ele>9</ele>
      </trkpt>
      <trkpt lat="50.99256" lon="4.55514">
        <ele>9</ele>
      </trkpt>
      <trkpt lat="50.99257" lon="4.55481">
        <ele>9</ele>
      </trkpt>
      <trkpt lat="50.9926" lon="4.55474">
        <ele>9</ele>
      </trkpt>
      <trkpt lat="50.99265" lon="4.55467">
        <ele>9</ele>
      </trkpt>
      <trkpt lat="50.99306" lon="4.55437">
        <ele>9</ele>
      </trkpt>
      <trkpt lat="50.99313" lon="4.5543">
        <ele>9</ele>
      </trkpt>
      <trkpt lat="50.99319" lon="4.55417">
        <ele>9</ele>
      </trkpt>
      <trkpt lat="50.99336" lon="4.55373">
        <ele>9</ele>
      </trkpt>
      <trkpt lat="50.99358" lon="4.55328">
        <ele>9</ele>
      </trkpt>
      <trkpt lat="50.99373" lon="4.55304">
        <ele>9</ele>
      </trkpt>
      <trkpt lat="50.99467" lon="4.5518">
        <ele>8</ele>
      </trkpt>
      <trkpt lat="50.9961" lon="4.55001">
        <ele>7</ele>
      </trkpt>
      <trkpt lat="50.99634" lon="4.54961">
        <ele>7</ele>
      </trkpt>
      <trkpt lat="50.99648" lon="4.54932">
        <ele>7</ele>
      </trkpt>
      <trkpt lat="50.9966" lon="4.54901">
        <ele>7</ele>
      </trkpt>
      <trkpt lat="50.99672" lon="4.54865">
        <ele>7</ele>
      </trkpt>
      <trkpt lat="50.99683" lon="4.54815">
        <ele>7</ele>
      </trkpt>
      <trkpt lat="50.9969" lon="4.5475">
        <ele>7</ele>
      </trkpt>
      <trkpt lat="50.99699" lon="4.54592">
        <ele>7</ele>
      </trkpt>
      <trkpt lat="50.99708" lon="4.54504">
        <ele>7</ele>
      </trkpt>
      <trkpt lat="50.99726" lon="4.54361">
        <ele>6</ele>
      </trkpt>
      <trkpt lat="50.99736" lon="4.54307">
        <ele>7</ele>
      </trkpt>
      <trkpt lat="50.99774" lon="4.54089">
        <ele>6</ele>
      </trkpt>
      <trkpt lat="50.99784" lon="4.54038">
        <ele>6</ele>
      </trkpt>
      <trkpt lat="50.99798" lon="4.53957">
        <ele>7</ele>
      </trkpt>
      <trkpt lat="50.99801" lon="4.53925">
        <ele>7</ele>
      </trkpt>
      <trkpt lat="50.99816" lon="4.53924">
        <ele>7</ele>
      </trkpt>
      <trkpt lat="50.99843" lon="4.53899">
        <ele>7</ele>
      </trkpt>
      <trkpt lat="50.99905" lon="4.5385">
        <ele>6</ele>
      </trkpt>
      <trkpt lat="50.99915" lon="4.53839">
        <ele>6</ele>
      </trkpt>
      <trkpt lat="50.9994" lon="4.53798">
        <ele>5</ele>
      </trkpt>
      <trkpt lat="50.99959" lon="4.53747">
        <ele>5</ele>
      </trkpt>
      <trkpt lat="50.99962" lon="4.53733">
        <ele>5</ele>
      </trkpt>
      <trkpt lat="51.00001" lon="4.53631">
        <ele>6</ele>
      </trkpt>
      <trkpt lat="51.00097" lon="4.53385">
        <ele>6</ele>
      </trkpt>
      <trkpt lat="51.00121" lon="4.53307">
        <ele>5</ele>
      </trkpt>
      <trkpt lat="51.00133" lon="4.53267">
        <ele>5</ele>
      </trkpt>
      <trkpt lat="51.00133" lon="4.53179">
        <ele>5</ele>
      </trkpt>
      <trkpt lat="51.00137" lon="4.53146">
        <ele>5</ele>
      </trkpt>
      <trkpt lat="51.00143" lon="4.53125">
        <ele>4</ele>
      </trkpt>
      <trkpt lat="51.00151" lon="4.53109">
        <ele>4</ele>
      </trkpt>
      <trkpt lat="51.00181" lon="4.53091">
        <ele>4</ele>
      </trkpt>
      <trkpt lat="51.00218" lon="4.53075">
        <ele>3</ele>
      </trkpt>
      <trkpt lat="51.00227" lon="4.53067">
        <ele>3</ele>
      </trkpt>
      <trkpt lat="51.0027" lon="4.53008">
        <ele>3</ele>
      </trkpt>
      <trkpt lat="51.00283" lon="4.52986">
        <ele>4</ele>
      </trkpt>
      <trkpt lat="51.00308" lon="4.52941">
        <ele>4</ele>
      </trkpt>
      <trkpt lat="51.00368" lon="4.52878">
        <ele>4</ele>
      </trkpt>
      <trkpt lat="51.0044" lon="4.52811">
        <ele>3</ele>
      </trkpt>
      <trkpt lat="51.00459" lon="4.52798">
        <ele>3</ele>
      </trkpt>
      <trkpt lat="51.00492" lon="4.52782">
        <ele>3</ele>
      </trkpt>
      <trkpt lat="51.00567" lon="4.52723">
        <ele>3</ele>
      </trkpt>
      <trkpt lat="51.0059" lon="4.52698">
        <ele>3</ele>
      </trkpt>
      <trkpt lat="51.00601" lon="4.52682">
        <ele>3</ele>
      </trkpt>
      <trkpt lat="51.00629" lon="4.52641">
        <ele>4</ele>
      </trkpt>
      <trkpt lat="51.00645" lon="4.52614">
        <ele>5</ele>
      </trkpt>
      <trkpt lat="51.00678" lon="4.52546">
        <ele>5</ele>
      </trkpt>
      <trkpt lat="51.00718" lon="4.52444">
        <ele>5</ele>
      </trkpt>
      <trkpt lat="51.00745" lon="4.52394">
        <ele>6</ele>
      </trkpt>
      <trkpt lat="51.00826" lon="4.52255">
        <ele>7</ele>
      </trkpt>
      <trkpt lat="51.00962" lon="4.51975">
        <ele>9</ele>
      </trkpt>
      <trkpt lat="51.00978" lon="4.51943">
        <ele>9</ele>
      </trkpt>
      <trkpt lat="51.0099" lon="4.51954">
        <ele>9</ele>
      </trkpt>
      <trkpt lat="51.0108" lon="4.52018">
        <ele>8</ele>
      </trkpt>
      <trkpt lat="51.01092" lon="4.52029">
        <ele>7</ele>
      </trkpt>
      <trkpt lat="51.01101" lon="4.52038">
        <ele>6</ele>
      </trkpt>
      <trkpt lat="51.01134" lon="4.52085">
        <ele>5</ele>
      </trkpt>
      <trkpt lat="51.01159" lon="4.52126">
        <ele>5</ele>
      </trkpt>
      <trkpt lat="51.01162" lon="4.52134">
        <ele>5</ele>
      </trkpt>
      <trkpt lat="51.01166" lon="4.52119">
        <ele>5</ele>
      </trkpt>
      <trkpt lat="51.0118" lon="4.52086">
        <ele>5</ele>
      </trkpt>
      <trkpt lat="51.0117" lon="4.52075">
        <ele>5</ele>
      </trkpt>
      <trkpt lat="51.01174" lon="4.52058">
        <ele>5</ele>
      </trkpt>
      <trkpt lat="51.0119" lon="4.51988">
        <ele>3</ele>
      </trkpt>
      <trkpt lat="51.01196" lon="4.51974">
        <ele>3</ele>
      </trkpt>
      <trkpt lat="51.01199" lon="4.5192">
        <ele>3</ele>
      </trkpt>
      <trkpt lat="51.01198" lon="4.5184">
        <ele>3</ele>
      </trkpt>
      <trkpt lat="51.01191" lon="4.51717">
        <ele>3</ele>
      </trkpt>
      <trkpt lat="51.0119" lon="4.51696">
        <ele>4</ele>
      </trkpt>
      <trkpt lat="51.01191" lon="4.51662">
        <ele>4</ele>
      </trkpt>
      <trkpt lat="51.01195" lon="4.51628">
        <ele>6</ele>
      </trkpt>
      <trkpt lat="51.012" lon="4.51594">
        <ele>7</ele>
      </trkpt>
      <trkpt lat="51.01216" lon="4.51536">
        <ele>10</ele>
      </trkpt>
      <trkpt lat="51.01235" lon="4.51491">
        <ele>10</ele>
      </trkpt>
      <trkpt lat="51.01247" lon="4.51476">
        <ele>10</ele>
      </trkpt>
      <trkpt lat="51.01263" lon="4.51466">
        <ele>10</ele>
      </trkpt>
      <trkpt lat="51.01278" lon="4.5146">
        <ele>8</ele>
      </trkpt>
      <trkpt lat="51.01356" lon="4.51449">
        <ele>5</ele>
      </trkpt>
      <trkpt lat="51.0139" lon="4.51437">
        <ele>5</ele>
      </trkpt>
      <trkpt lat="51.01406" lon="4.51428">
        <ele>5</ele>
      </trkpt>
      <trkpt lat="51.0142" lon="4.51411">
        <ele>4</ele>
      </trkpt>
      <trkpt lat="51.01431" lon="4.51394">
        <ele>4</ele>
      </trkpt>
      <trkpt lat="51.01446" lon="4.51354">
        <ele>3</ele>
      </trkpt>
      <trkpt lat="51.01449" lon="4.51334">
        <ele>3</ele>
      </trkpt>
      <trkpt lat="51.01449" lon="4.51296">
        <ele>3</ele>
      </trkpt>
      <trkpt lat="51.01441" lon="4.51236">
        <ele>3</ele>
      </trkpt>
      <trkpt lat="51.0144" lon="4.51214">
        <ele>4</ele>
      </trkpt>
      <trkpt lat="51.01443" lon="4.51193">
        <ele>4</ele>
      </trkpt>
      <trkpt lat="51.01452" lon="4.51167">
        <ele>4</ele>
      </trkpt>
      <trkpt lat="51.01466" lon="4.51138">
        <ele>4</ele>
      </trkpt>
      <trkpt lat="51.01514" lon="4.51047">
        <ele>5</ele>
      </trkpt>
      <trkpt lat="51.01564" lon="4.5097">
        <ele>5</ele>
      </trkpt>
      <trkpt lat="51.01583" lon="4.50943">
        <ele>5</ele>
      </trkpt>
      <trkpt lat="51.01607" lon="4.50916">
        <ele>4</ele>
      </trkpt>
      <trkpt lat="51.01623" lon="4.50901">
        <ele>5</ele>
      </trkpt>
      <trkpt lat="51.01718" lon="4.50824">
        <ele>3</ele>
      </trkpt>
      <trkpt lat="51.01739" lon="4.50804">
        <ele>3</ele>
      </trkpt>
      <trkpt lat="51.01766" lon="4.50768">
        <ele>3</ele>
      </trkpt>
      <trkpt lat="51.01782" lon="4.50732">
        <ele>2</ele>
      </trkpt>
      <trkpt lat="51.01789" lon="4.50698">
        <ele>2</ele>
      </trkpt>
      <trkpt lat="51.01793" lon="4.50555">
        <ele>4</ele>
      </trkpt>
      <trkpt lat="51.01795" lon="4.50509">
        <ele>4</ele>
      </trkpt>
      <trkpt lat="51.01799" lon="4.50471">
        <ele>5</ele>
      </trkpt>
      <trkpt lat="51.01813" lon="4.50398">
        <ele>6</ele>
      </trkpt>
      <trkpt lat="51.01824" lon="4.50366">
        <ele>6</ele>
      </trkpt>
      <trkpt lat="51.01848" lon="4.50309">
        <ele>6</ele>
      </trkpt>
      <trkpt lat="51.0186" lon="4.50289">
        <ele>4</ele>
      </trkpt>
      <trkpt lat="51.01874" lon="4.50273">
        <ele>4</ele>
      </trkpt>
      <trkpt lat="51.01911" lon="4.50243">
        <ele>4</ele>
      </trkpt>
      <trkpt lat="51.01952" lon="4.50222">
        <ele>3</ele>
      </trkpt>
      <trkpt lat="51.02026" lon="4.50198">
        <ele>3</ele>
      </trkpt>
      <trkpt lat="51.02042" lon="4.50188">
        <ele>4</ele>
      </trkpt>
      <trkpt lat="51.02057" lon="4.50176">
        <ele>4</ele>
      </trkpt>
      <trkpt lat="51.02071" lon="4.5016">
        <ele>4</ele>
      </trkpt>
      <trkpt lat="51.02089" lon="4.50134">
        <ele>5</ele>
      </trkpt>
      <trkpt lat="51.02098" lon="4.50114">
        <ele>5</ele>
      </trkpt>
      <trkpt lat="51.02104" lon="4.50095">
        <ele>5</ele>
      </trkpt>
      <trkpt lat="51.02107" lon="4.50072">
        <ele>5</ele>
      </trkpt>
      <trkpt lat="51.02103" lon="4.49927">
        <ele>5</ele>
      </trkpt>
      <trkpt lat="51.02104" lon="4.49899">
        <ele>5</ele>
      </trkpt>
      <trkpt lat="51.02109" lon="4.49875">
        <ele>5</ele>
      </trkpt>
      <trkpt lat="51.02117" lon="4.49855">
        <ele>5</ele>
      </trkpt>
      <trkpt lat="51.02144" lon="4.49822">
        <ele>5</ele>
      </trkpt>
      <trkpt lat="51.02181" lon="4.49798">
        <ele>5</ele>
      </trkpt>
      <trkpt lat="51.02197" lon="4.49793">
        <ele>5</ele>
      </trkpt>
      <trkpt lat="51.02269" lon="4.49793">
        <ele>4</ele>
      </trkpt>
      <trkpt lat="51.0229" lon="4.49789">
        <ele>4</ele>
      </trkpt>
      <trkpt lat="51.02356" lon="4.49764">
        <ele>4</ele>
      </trkpt>
      <trkpt lat="51.02363" lon="4.49769">
        <ele>4</ele>
      </trkpt>
      <trkpt lat="51.02373" lon="4.49767">
        <ele>4</ele>
      </trkpt>
      <trkpt lat="51.02391" lon="4.49745">
        <ele>4</ele>
      </trkpt>
      <trkpt lat="51.02442" lon="4.49693">
        <ele>4</ele>
      </trkpt>
      <trkpt lat="51.02455" lon="4.49672">
        <ele>5</ele>
      </trkpt>
      <trkpt lat="51.02505" lon="4.49566">
        <ele>5</ele>
      </trkpt>
      <trkpt lat="51.02519" lon="4.49548">
        <ele>5</ele>
      </trkpt>
      <trkpt lat="51.02538" lon="4.4953">
        <ele>5</ele>
      </trkpt>
      <trkpt lat="51.02555" lon="4.49519">
        <ele>5</ele>
      </trkpt>
      <trkpt lat="51.02567" lon="4.49511">
        <ele>5</ele>
      </trkpt>
      <trkpt lat="51.0261" lon="4.4949">
        <ele>5</ele>
      </trkpt>
      <trkpt lat="51.0268" lon="4.49444">
        <ele>5</ele>
      </trkpt>
      <trkpt lat="51.02706" lon="4.49417">
        <ele>5</ele>
      </trkpt>
      <trkpt lat="51.02743" lon="4.49367">
        <ele>6</ele>
      </trkpt>
      <trkpt lat="51.02752" lon="4.49353">
        <ele>6</ele>
      </trkpt>
      <trkpt lat="51.02804" lon="4.49258">
        <ele>7</ele>
      </trkpt>
      <trkpt lat="51.02847" lon="4.49183">
        <ele>7</ele>
      </trkpt>
      <trkpt lat="51.02858" lon="4.49165">
        <ele>7</ele>
      </trkpt>
      <trkpt lat="51.02877" lon="4.49103">
        <ele>8</ele>
      </trkpt>
      <trkpt lat="51.02929" lon="4.49103">
        <ele>8</ele>
      </trkpt>
      <trkpt lat="51.03002" lon="4.49102">
        <ele>8</ele>
      </trkpt>
      <trkpt lat="51.03013" lon="4.49098">
        <ele>7</ele>
      </trkpt>
      <trkpt lat="51.03022" lon="4.49083">
        <ele>8</ele>
      </trkpt>
      <trkpt lat="51.03069" lon="4.49162">
        <ele>7</ele>
      </trkpt>
      <trkpt lat="51.03101" lon="4.49216">
        <ele>7</ele>
      </trkpt>
      <trkpt lat="51.03107" lon="4.4923">
        <ele>7</ele>
      </trkpt>
      <trkpt lat="51.03109" lon="4.4924">
        <ele>7</ele>
      </trkpt>
      <trkpt lat="51.03098" lon="4.49253">
        <ele>7</ele>
      </trkpt>
      <trkpt lat="51.03094" lon="4.49456">
        <ele>6</ele>
      </trkpt>
      <trkpt lat="51.03098" lon="4.49509">
        <ele>5</ele>
      </trkpt>
      <trkpt lat="51.03112" lon="4.49611">
        <ele>5</ele>
      </trkpt>
      <trkpt lat="51.03127" lon="4.49689">
        <ele>4</ele>
      </trkpt>
      <trkpt lat="51.03152" lon="4.49782">
        <ele>4</ele>
      </trkpt>
      <trkpt lat="51.03184" lon="4.4989">
        <ele>5</ele>
      </trkpt>
      <trkpt lat="51.03201" lon="4.49947">
        <ele>5</ele>
      </trkpt>
      <trkpt lat="51.03223" lon="4.50042">
        <ele>4</ele>
      </trkpt>
      <trkpt lat="51.0329" lon="4.50398">
        <ele>5</ele>
      </trkpt>
      <trkpt lat="51.03298" lon="4.50455">
        <ele>5</ele>
      </trkpt>
      <trkpt lat="51.03296" lon="4.50464">
        <ele>5</ele>
      </trkpt>
      <trkpt lat="51.03299" lon="4.50483">
        <ele>5</ele>
      </trkpt>
      <trkpt lat="51.03303" lon="4.50488">
        <ele>5</ele>
      </trkpt>
      <trkpt lat="51.0332" lon="4.50597">
        <ele>5</ele>
      </trkpt>
      <trkpt lat="51.03343" lon="4.50794">
        <ele>4</ele>
      </trkpt>
      <trkpt lat="51.03354" lon="4.50843">
        <ele>4</ele>
      </trkpt>
      <trkpt lat="51.03361" lon="4.50866">
        <ele>4</ele>
      </trkpt>
      <trkpt lat="51.03368" lon="4.50886">
        <ele>4</ele>
      </trkpt>
      <trkpt lat="51.03388" lon="4.50931">
        <ele>4</ele>
      </trkpt>
      <trkpt lat="51.03424" lon="4.51">
        <ele>4</ele>
      </trkpt>
      <trkpt lat="51.03411" lon="4.51018">
        <ele>5</ele>
      </trkpt>
      <trkpt lat="51.03396" lon="4.51037">
        <ele>5</ele>
      </trkpt>
      <trkpt lat="51.03401" lon="4.5105">
        <ele>5</ele>
      </trkpt>
      <trkpt lat="51.0339" lon="4.51248">
        <ele>5</ele>
      </trkpt>
      <trkpt lat="51.03387" lon="4.51289">
        <ele>5</ele>
      </trkpt>
      <trkpt lat="51.03383" lon="4.51319">
        <ele>5</ele>
      </trkpt>
      <trkpt lat="51.03372" lon="4.51365">
        <ele>4</ele>
      </trkpt>
      <trkpt lat="51.03372" lon="4.51384">
        <ele>4</ele>
      </trkpt>
      <trkpt lat="51.03379" lon="4.51461">
        <ele>5</ele>
      </trkpt>
      <trkpt lat="51.03391" lon="4.5157">
        <ele>5</ele>
      </trkpt>
      <trkpt lat="51.03399" lon="4.51659">
        <ele>5</ele>
      </trkpt>
      <trkpt lat="51.03416" lon="4.51799">
        <ele>5</ele>
      </trkpt>
      <trkpt lat="51.03416" lon="4.51955">
        <ele>5</ele>
      </trkpt>
      <trkpt lat="51.03426" lon="4.5206">
        <ele>4</ele>
      </trkpt>
      <trkpt lat="51.03426" lon="4.52096">
        <ele>4</ele>
      </trkpt>
      <trkpt lat="51.03422" lon="4.52134">
        <ele>4</ele>
      </trkpt>
      <trkpt lat="51.03412" lon="4.522">
        <ele>4</ele>
      </trkpt>
      <trkpt lat="51.03388" lon="4.52319">
        <ele>4</ele>
      </trkpt>
      <trkpt lat="51.0338" lon="4.52371">
        <ele>4</ele>
      </trkpt>
      <trkpt lat="51.03386" lon="4.52465">
        <ele>4</ele>
      </trkpt>
      <trkpt lat="51.03404" lon="4.52593">
        <ele>5</ele>
      </trkpt>
      <trkpt lat="51.03386" lon="4.52773">
        <ele>5</ele>
      </trkpt>
      <trkpt lat="51.03383" lon="4.52809">
        <ele>5</ele>
      </trkpt>
      <trkpt lat="51.03381" lon="4.52919">
        <ele>4</ele>
      </trkpt>
      <trkpt lat="51.03381" lon="4.53007">
        <ele>5</ele>
      </trkpt>
      <trkpt lat="51.03384" lon="4.53152">
        <ele>5</ele>
      </trkpt>
      <trkpt lat="51.03397" lon="4.53374">
        <ele>5</ele>
      </trkpt>
      <trkpt lat="51.03388" lon="4.53492">
        <ele>5</ele>
      </trkpt>
      <trkpt lat="51.03387" lon="4.5352">
        <ele>5</ele>
      </trkpt>
      <trkpt lat="51.03397" lon="4.53619">
        <ele>6</ele>
      </trkpt>
      <trkpt lat="51.03404" lon="4.53665">
        <ele>6</ele>
      </trkpt>
      <trkpt lat="51.03434" lon="4.5386">
        <ele>8</ele>
      </trkpt>
      <trkpt lat="51.03463" lon="4.53997">
        <ele>7</ele>
      </trkpt>
      <trkpt lat="51.0351" lon="4.54182">
        <ele>8</ele>
      </trkpt>
      <trkpt lat="51.03526" lon="4.5426">
        <ele>8</ele>
      </trkpt>
      <trkpt lat="51.03554" lon="4.54528">
        <ele>7</ele>
      </trkpt>
      <trkpt lat="51.03589" lon="4.54757">
        <ele>6</ele>
      </trkpt>
      <trkpt lat="51.03604" lon="4.54972">
        <ele>6</ele>
      </trkpt>
      <trkpt lat="51.03605" lon="4.54999">
        <ele>6</ele>
      </trkpt>
      <trkpt lat="51.03602" lon="4.55071">
        <ele>6</ele>
      </trkpt>
      <trkpt lat="51.03597" lon="4.55187">
        <ele>5</ele>
      </trkpt>
      <trkpt lat="51.03584" lon="4.5529">
        <ele>6</ele>
      </trkpt>
      <trkpt lat="51.03583" lon="4.55318">
        <ele>6</ele>
      </trkpt>
      <trkpt lat="51.03593" lon="4.554">
        <ele>6</ele>
      </trkpt>
      <trkpt lat="51.03631" lon="4.55602">
        <ele>7</ele>
      </trkpt>
      <trkpt lat="51.03643" lon="4.557">
        <ele>7</ele>
      </trkpt>
      <trkpt lat="51.03645" lon="4.5589">
        <ele>8</ele>
      </trkpt>
      <trkpt lat="51.03643" lon="4.55976">
        <ele>8</ele>
      </trkpt>
      <trkpt lat="51.03642" lon="4.55992">
        <ele>8</ele>
      </trkpt>
      <trkpt lat="51.03632" lon="4.56055">
        <ele>8</ele>
      </trkpt>
      <trkpt lat="51.03568" lon="4.5633">
        <ele>6</ele>
      </trkpt>
      <trkpt lat="51.03565" lon="4.5636">
        <ele>6</ele>
      </trkpt>
      <trkpt lat="51.03573" lon="4.56478">
        <ele>7</ele>
      </trkpt>
      <trkpt lat="51.03534" lon="4.56664">
        <ele>9</ele>
      </trkpt>
      <trkpt lat="51.035" lon="4.56847">
        <ele>12</ele>
      </trkpt>
      <trkpt lat="51.03495" lon="4.56882">
        <ele>12</ele>
      </trkpt>
      <trkpt lat="51.03491" lon="4.56935">
        <ele>13</ele>
      </trkpt>
      <trkpt lat="51.03493" lon="4.57041">
        <ele>15</ele>
      </trkpt>
      <trkpt lat="51.03498" lon="4.57098">
        <ele>15</ele>
      </trkpt>
      <trkpt lat="51.0353" lon="4.57266">
        <ele>12</ele>
      </trkpt>
      <trkpt lat="51.03565" lon="4.57427">
        <ele>11</ele>
      </trkpt>
      <trkpt lat="51.03573" lon="4.57475">
        <ele>10</ele>
      </trkpt>
      <trkpt lat="51.03574" lon="4.57569">
        <ele>9</ele>
      </trkpt>
      <trkpt lat="51.03576" lon="4.57712">
        <ele>7</ele>
      </trkpt>
      <trkpt lat="51.03393" lon="4.57885">
        <ele>8</ele>
      </trkpt>
      <trkpt lat="51.03276" lon="4.58004">
        <ele>11</ele>
      </trkpt>
      <trkpt lat="51.03162" lon="4.58121">
        <ele>9</ele>
      </trkpt>
      <trkpt lat="51.03147" lon="4.58143">
        <ele>9</ele>
      </trkpt>
      <trkpt lat="51.03131" lon="4.58171">
        <ele>8</ele>
      </trkpt>
      <trkpt lat="51.03116" lon="4.58204">
        <ele>8</ele>
      </trkpt>
      <trkpt lat="51.0297" lon="4.58141">
        <ele>7</ele>
      </trkpt>
      <trkpt lat="51.02935" lon="4.58122">
        <ele>7</ele>
      </trkpt>
      <trkpt lat="51.02912" lon="4.58102">
        <ele>6</ele>
      </trkpt>
      <trkpt lat="51.02699" lon="4.57862">
        <ele>6</ele>
      </trkpt>
      <trkpt lat="51.02684" lon="4.57849">
        <ele>6</ele>
      </trkpt>
      <trkpt lat="51.02612" lon="4.57821">
        <ele>7</ele>
      </trkpt>
      <trkpt lat="51.02571" lon="4.57802">
        <ele>7</ele>
      </trkpt>
      <trkpt lat="51.02538" lon="4.57782">
        <ele>7</ele>
      </trkpt>
      <trkpt lat="51.02512" lon="4.57758">
        <ele>7</ele>
      </trkpt>
      <trkpt lat="51.02402" lon="4.57665">
        <ele>7</ele>
      </trkpt>
      <trkpt lat="51.02355" lon="4.57645">
        <ele>6</ele>
      </trkpt>
      <trkpt lat="51.02197" lon="4.57589">
        <ele>9</ele>
      </trkpt>
      <trkpt lat="51.02097" lon="4.57553">
        <ele>11</ele>
      </trkpt>
      <trkpt lat="51.02072" lon="4.5756">
        <ele>11</ele>
      </trkpt>
      <trkpt lat="51.02042" lon="4.57575">
        <ele>11</ele>
      </trkpt>
      <trkpt lat="51.02013" lon="4.57604">
        <ele>13</ele>
      </trkpt>
      <trkpt lat="51.02027" lon="4.57696">
        <ele>12</ele>
      </trkpt>
      <trkpt lat="51.02031" lon="4.57735">
        <ele>12</ele>
      </trkpt>
      <trkpt lat="51.02051" lon="4.57857">
        <ele>14</ele>
      </trkpt>
      <trkpt lat="51.02072" lon="4.58007">
        <ele>15</ele>
      </trkpt>
      <trkpt lat="51.02108" lon="4.58226">
        <ele>14</ele>
      </trkpt>
      <trkpt lat="51.02129" lon="4.58369">
        <ele>14</ele>
      </trkpt>
      <trkpt lat="51.02168" lon="4.5857">
        <ele>12</ele>
      </trkpt>
      <trkpt lat="51.02192" lon="4.58714">
        <ele>11</ele>
      </trkpt>
      <trkpt lat="51.02207" lon="4.58835">
        <ele>8</ele>
      </trkpt>
      <trkpt lat="51.02208" lon="4.5887">
        <ele>7</ele>
      </trkpt>
      <trkpt lat="51.02205" lon="4.5894">
        <ele>6</ele>
      </trkpt>
      <trkpt lat="51.02199" lon="4.58977">
        <ele>6</ele>
      </trkpt>
      <trkpt lat="51.0219" lon="4.59014">
        <ele>6</ele>
      </trkpt>
      <trkpt lat="51.02178" lon="4.59048">
        <ele>6</ele>
      </trkpt>
      <trkpt lat="51.02145" lon="4.59106">
        <ele>6</ele>
      </trkpt>
      <trkpt lat="51.0213" lon="4.59147">
        <ele>6</ele>
      </trkpt>
      <trkpt lat="51.02124" lon="4.5917">
        <ele>6</ele>
      </trkpt>
      <trkpt lat="51.02115" lon="4.59227">
        <ele>6</ele>
      </trkpt>
      <trkpt lat="51.02116" lon="4.59247">
        <ele>7</ele>
      </trkpt>
      <trkpt lat="51.02119" lon="4.59268">
        <ele>7</ele>
      </trkpt>
      <trkpt lat="51.02123" lon="4.59289">
        <ele>7</ele>
      </trkpt>
      <trkpt lat="51.02151" lon="4.59372">
        <ele>7</ele>
      </trkpt>
      <trkpt lat="51.02183" lon="4.59419">
        <ele>7</ele>
      </trkpt>
      <trkpt lat="51.02215" lon="4.59462">
        <ele>6</ele>
      </trkpt>
      <trkpt lat="51.02248" lon="4.59518">
        <ele>6</ele>
      </trkpt>
      <trkpt lat="51.02258" lon="4.59555">
        <ele>6</ele>
      </trkpt>
      <trkpt lat="51.02269" lon="4.59687">
        <ele>6</ele>
      </trkpt>
      <trkpt lat="51.02356" lon="4.6005">
        <ele>7</ele>
      </trkpt>
      <trkpt lat="51.02379" lon="4.60161">
        <ele>8</ele>
      </trkpt>
      <trkpt lat="51.02389" lon="4.60192">
        <ele>8</ele>
      </trkpt>
      <trkpt lat="51.0241" lon="4.60264">
        <ele>8</ele>
      </trkpt>
      <trkpt lat="51.02429" lon="4.60346">
        <ele>9</ele>
      </trkpt>
      <trkpt lat="51.02464" lon="4.60542">
        <ele>8</ele>
      </trkpt>
      <trkpt lat="51.02465" lon="4.60586">
        <ele>7</ele>
      </trkpt>
      <trkpt lat="51.02455" lon="4.60791">
        <ele>6</ele>
      </trkpt>
      <trkpt lat="51.02448" lon="4.60899">
        <ele>6</ele>
      </trkpt>
      <trkpt lat="51.02428" lon="4.60994">
        <ele>7</ele>
      </trkpt>
      <trkpt lat="51.02418" lon="4.61056">
        <ele>7</ele>
      </trkpt>
      <trkpt lat="51.02416" lon="4.61118">
        <ele>6</ele>
      </trkpt>
      <trkpt lat="51.02419" lon="4.61311">
        <ele>6</ele>
      </trkpt>
      <trkpt lat="51.02423" lon="4.61352">
        <ele>6</ele>
      </trkpt>
      <trkpt lat="51.02432" lon="4.61385">
        <ele>6</ele>
      </trkpt>
      <trkpt lat="51.02444" lon="4.61413">
        <ele>6</ele>
      </trkpt>
      <trkpt lat="51.02465" lon="4.61449">
        <ele>7</ele>
      </trkpt>
      <trkpt lat="51.025" lon="4.61486">
        <ele>6</ele>
      </trkpt>
      <trkpt lat="51.0252" lon="4.61518">
        <ele>7</ele>
      </trkpt>
      <trkpt lat="51.02528" lon="4.61537">
        <ele>7</ele>
      </trkpt>
      <trkpt lat="51.02534" lon="4.61556">
        <ele>7</ele>
      </trkpt>
      <trkpt lat="51.02547" lon="4.61616">
        <ele>8</ele>
      </trkpt>
      <trkpt lat="51.02574" lon="4.61751">
        <ele>9</ele>
      </trkpt>
      <trkpt lat="51.02599" lon="4.61907">
        <ele>10</ele>
      </trkpt>
      <trkpt lat="51.02598" lon="4.61927">
        <ele>10</ele>
      </trkpt>
      <trkpt lat="51.02592" lon="4.6195">
        <ele>10</ele>
      </trkpt>
      <trkpt lat="51.0258" lon="4.61968">
        <ele>10</ele>
      </trkpt>
      <trkpt lat="51.02543" lon="4.62003">
        <ele>9</ele>
      </trkpt>
      <trkpt lat="51.02534" lon="4.62019">
        <ele>9</ele>
      </trkpt>
      <trkpt lat="51.02529" lon="4.62037">
        <ele>9</ele>
      </trkpt>
      <trkpt lat="51.02529" lon="4.62045">
        <ele>9</ele>
      </trkpt>
      <trkpt lat="51.02528" lon="4.62061">
        <ele>9</ele>
      </trkpt>
      <trkpt lat="51.02586" lon="4.62798">
        <ele>8</ele>
      </trkpt>
      <trkpt lat="51.02595" lon="4.62837">
        <ele>8</ele>
      </trkpt>
      <trkpt lat="51.0268" lon="4.63036">
        <ele>8</ele>
      </trkpt>
      <trkpt lat="51.02697" lon="4.6307">
        <ele>7</ele>
      </trkpt>
      <trkpt lat="51.02719" lon="4.63098">
        <ele>7</ele>
      </trkpt>
      <trkpt lat="51.02766" lon="4.63144">
        <ele>7</ele>
      </trkpt>
      <trkpt lat="51.02781" lon="4.63162">
        <ele>7</ele>
      </trkpt>
      <trkpt lat="51.02804" lon="4.63199">
        <ele>6</ele>
      </trkpt>
      <trkpt lat="51.02813" lon="4.63218">
        <ele>6</ele>
      </trkpt>
      <trkpt lat="51.02822" lon="4.63244">
        <ele>7</ele>
      </trkpt>
      <trkpt lat="51.02833" lon="4.6329">
        <ele>7</ele>
      </trkpt>
      <trkpt lat="51.02837" lon="4.63316">
        <ele>7</ele>
      </trkpt>
      <trkpt lat="51.02849" lon="4.63519">
        <ele>10</ele>
      </trkpt>
      <trkpt lat="51.02856" lon="4.63642">
        <ele>9</ele>
      </trkpt>
      <trkpt lat="51.02873" lon="4.63766">
        <ele>9</ele>
      </trkpt>
      <trkpt lat="51.02873" lon="4.63782">
        <ele>9</ele>
      </trkpt>
      <trkpt lat="51.02932" lon="4.6415">
        <ele>9</ele>
      </trkpt>
      <trkpt lat="51.02943" lon="4.64191">
        <ele>7</ele>
      </trkpt>
      <trkpt lat="51.02959" lon="4.64236">
        <ele>7</ele>
      </trkpt>
      <trkpt lat="51.02966" lon="4.64249">
        <ele>7</ele>
      </trkpt>
      <trkpt lat="51.03481" lon="4.64754">
        <ele>7</ele>
      </trkpt>
      <trkpt lat="51.03557" lon="4.64829">
        <ele>7</ele>
      </trkpt>
      <trkpt lat="51.03561" lon="4.64837">
        <ele>7</ele>
      </trkpt>
      <trkpt lat="51.0356" lon="4.6485">
        <ele>6</ele>
      </trkpt>
      <trkpt lat="51.03538" lon="4.64937">
        <ele>6</ele>
      </trkpt>
      <trkpt lat="51.03492" lon="4.65063">
        <ele>6</ele>
      </trkpt>
      <trkpt lat="51.03484" lon="4.65065">
        <ele>6</ele>
      </trkpt>
      <trkpt lat="51.03455" lon="4.65048">
        <ele>6</ele>
      </trkpt>
      <trkpt lat="51.03448" lon="4.65046">
        <ele>7</ele>
      </trkpt>
      <trkpt lat="51.03441" lon="4.65047">
        <ele>7</ele>
      </trkpt>
      <trkpt lat="51.03436" lon="4.65059">
        <ele>7</ele>
      </trkpt>
      <trkpt lat="51.03416" lon="4.65121">
        <ele>7</ele>
      </trkpt>
      <trkpt lat="51.03411" lon="4.65129">
        <ele>7</ele>
      </trkpt>
      <trkpt lat="51.03408" lon="4.65131">
        <ele>7</ele>
      </trkpt>
      <trkpt lat="51.03393" lon="4.6513">
        <ele>7</ele>
      </trkpt>
      <trkpt lat="51.03389" lon="4.65132">
        <ele>7</ele>
      </trkpt>
      <trkpt lat="51.03215" lon="4.65613">
        <ele>8</ele>
      </trkpt>
      <trkpt lat="51.03189" lon="4.6568">
        <ele>7</ele>
      </trkpt>
      <trkpt lat="51.03174" lon="4.6574">
        <ele>7</ele>
      </trkpt>
      <trkpt lat="51.03155" lon="4.658">
        <ele>7</ele>
      </trkpt>
      <trkpt lat="51.03151" lon="4.65822">
        <ele>7</ele>
      </trkpt>
      <trkpt lat="51.03168" lon="4.65832">
        <ele>7</ele>
      </trkpt>
      <trkpt lat="51.03165" lon="4.65846">
        <ele>7</ele>
      </trkpt>
      <trkpt lat="51.03143" lon="4.65975">
        <ele>8</ele>
      </trkpt>
      <trkpt lat="51.03134" lon="4.66105">
        <ele>8</ele>
      </trkpt>
      <trkpt lat="51.03128" lon="4.66232">
        <ele>8</ele>
      </trkpt>
      <trkpt lat="51.03127" lon="4.66315">
        <ele>8</ele>
      </trkpt>
      <trkpt lat="51.03126" lon="4.66415">
        <ele>8</ele>
      </trkpt>
      <trkpt lat="51.03158" lon="4.66412">
        <ele>8</ele>
      </trkpt>
      <trkpt lat="51.03176" lon="4.66413">
        <ele>8</ele>
      </trkpt>
      <trkpt lat="51.03176" lon="4.66431">
        <ele>8</ele>
      </trkpt>
      <trkpt lat="51.03194" lon="4.66573">
        <ele>7</ele>
      </trkpt>
      <trkpt lat="51.03202" lon="4.66591">
        <ele>8</ele>
      </trkpt>
      <trkpt lat="51.03231" lon="4.66627">
        <ele>7</ele>
      </trkpt>
      <trkpt lat="51.03283" lon="4.66656">
        <ele>8</ele>
      </trkpt>
      <trkpt lat="51.03329" lon="4.66682">
        <ele>8</ele>
      </trkpt>
      <trkpt lat="51.03232" lon="4.67009">
        <ele>7</ele>
      </trkpt>
      <trkpt lat="51.03083" lon="4.67498">
        <ele>9</ele>
      </trkpt>
      <trkpt lat="51.03062" lon="4.67575">
        <ele>9</ele>
      </trkpt>
      <trkpt lat="51.03055" lon="4.67613">
        <ele>9</ele>
      </trkpt>
      <trkpt lat="51.03037" lon="4.67771">
        <ele>7</ele>
      </trkpt>
      <trkpt lat="51.03036" lon="4.67803">
        <ele>7</ele>
      </trkpt>
      <trkpt lat="51.03037" lon="4.67822">
        <ele>7</ele>
      </trkpt>
      <trkpt lat="51.03072" lon="4.68443">
        <ele>9</ele>
      </trkpt>
      <trkpt lat="51.03058" lon="4.68443">
        <ele>9</ele>
      </trkpt>
      <trkpt lat="51.02936" lon="4.68475">
        <ele>9</ele>
      </trkpt>
      <trkpt lat="51.02895" lon="4.68485">
        <ele>9</ele>
      </trkpt>
      <trkpt lat="51.02577" lon="4.6852">
        <ele>9</ele>
      </trkpt>
      <trkpt lat="51.02423" lon="4.68536">
        <ele>9</ele>
      </trkpt>
      <trkpt lat="51.02415" lon="4.68548">
        <ele>9</ele>
      </trkpt>
      <trkpt lat="51.02398" lon="4.6853">
        <ele>9</ele>
      </trkpt>
      <trkpt lat="51.02375" lon="4.68514">
        <ele>9</ele>
      </trkpt>
      <trkpt lat="51.0212" lon="4.68405">
        <ele>11</ele>
      </trkpt>
      <trkpt lat="51.02073" lon="4.68379">
        <ele>12</ele>
      </trkpt>
      <trkpt lat="51.01907" lon="4.68251">
        <ele>10</ele>
      </trkpt>
      <trkpt lat="51.01742" lon="4.68118">
        <ele>10</ele>
      </trkpt>
      <trkpt lat="51.01703" lon="4.68078">
        <ele>10</ele>
      </trkpt>
      <trkpt lat="51.01682" lon="4.68047">
        <ele>9</ele>
      </trkpt>
      <trkpt lat="51.01676" lon="4.68033">
        <ele>9</ele>
      </trkpt>
      <trkpt lat="51.01664" lon="4.68004">
        <ele>9</ele>
      </trkpt>
      <trkpt lat="51.0164" lon="4.67917">
        <ele>9</ele>
      </trkpt>
      <trkpt lat="51.01621" lon="4.67843">
        <ele>8</ele>
      </trkpt>
      <trkpt lat="51.01613" lon="4.67811">
        <ele>8</ele>
      </trkpt>
      <trkpt lat="51.01602" lon="4.67818">
        <ele>8</ele>
      </trkpt>
      <trkpt lat="51.01596" lon="4.67853">
        <ele>9</ele>
      </trkpt>
      <trkpt lat="51.01581" lon="4.67948">
        <ele>9</ele>
      </trkpt>
      <trkpt lat="51.01578" lon="4.67963">
        <ele>9</ele>
      </trkpt>
      <trkpt lat="51.01573" lon="4.67974">
        <ele>9</ele>
      </trkpt>
      <trkpt lat="51.01558" lon="4.67986">
        <ele>9</ele>
      </trkpt>
      <trkpt lat="51.01484" lon="4.6801">
        <ele>9</ele>
      </trkpt>
      <trkpt lat="51.01453" lon="4.68026">
        <ele>9</ele>
      </trkpt>
      <trkpt lat="51.01398" lon="4.68084">
        <ele>10</ele>
      </trkpt>
      <trkpt lat="51.01389" lon="4.68097">
        <ele>10</ele>
      </trkpt>
      <trkpt lat="51.01381" lon="4.68116">
        <ele>10</ele>
      </trkpt>
      <trkpt lat="51.01374" lon="4.68138">
        <ele>10</ele>
      </trkpt>
      <trkpt lat="51.01364" lon="4.68197">
        <ele>11</ele>
      </trkpt>
      <trkpt lat="51.01359" lon="4.68217">
        <ele>11</ele>
      </trkpt>
      <trkpt lat="51.01351" lon="4.6824">
        <ele>11</ele>
      </trkpt>
      <trkpt lat="51.01293" lon="4.68368">
        <ele>12</ele>
      </trkpt>
      <trkpt lat="51.01227" lon="4.68517">
        <ele>10</ele>
      </trkpt>
      <trkpt lat="51.01213" lon="4.68572">
        <ele>10</ele>
      </trkpt>
      <trkpt lat="51.01211" lon="4.68592">
        <ele>10</ele>
      </trkpt>
      <trkpt lat="51.0121" lon="4.68629">
        <ele>10</ele>
      </trkpt>
      <trkpt lat="51.01214" lon="4.68668">
        <ele>10</ele>
      </trkpt>
      <trkpt lat="51.01247" lon="4.68908">
        <ele>10</ele>
      </trkpt>
      <trkpt lat="51.01255" lon="4.68957">
        <ele>10</ele>
      </trkpt>
      <trkpt lat="51.01277" lon="4.69048">
        <ele>9</ele>
      </trkpt>
      <trkpt lat="51.0128" lon="4.69069">
        <ele>9</ele>
      </trkpt>
      <trkpt lat="51.01279" lon="4.69084">
        <ele>9</ele>
      </trkpt>
      <trkpt lat="51.01274" lon="4.69098">
        <ele>9</ele>
      </trkpt>
      <trkpt lat="51.01266" lon="4.69106">
        <ele>9</ele>
      </trkpt>
      <trkpt lat="51.01258" lon="4.69109">
        <ele>9</ele>
      </trkpt>
      <trkpt lat="51.0109" lon="4.69064">
        <ele>10</ele>
      </trkpt>
      <trkpt lat="51.01021" lon="4.69048">
        <ele>10</ele>
      </trkpt>
      <trkpt lat="51.00908" lon="4.69021">
        <ele>11</ele>
      </trkpt>
      <trkpt lat="51.00814" lon="4.69003">
        <ele>10</ele>
      </trkpt>
      <trkpt lat="51.00788" lon="4.69">
        <ele>10</ele>
      </trkpt>
      <trkpt lat="51.00699" lon="4.69">
        <ele>9</ele>
      </trkpt>
      <trkpt lat="51.00666" lon="4.68997">
        <ele>9</ele>
      </trkpt>
      <trkpt lat="51.0049" lon="4.68942">
        <ele>9</ele>
      </trkpt>
      <trkpt lat="51.00462" lon="4.68927">
        <ele>9</ele>
      </trkpt>
      <trkpt lat="51.00449" lon="4.68915">
        <ele>10</ele>
      </trkpt>
      <trkpt lat="51.00434" lon="4.68895">
        <ele>10</ele>
      </trkpt>
      <trkpt lat="51.00405" lon="4.68827">
        <ele>11</ele>
      </trkpt>
      <trkpt lat="51.00383" lon="4.68797">
        <ele>12</ele>
      </trkpt>
      <trkpt lat="51.0036" lon="4.6878">
        <ele>12</ele>
      </trkpt>
      <trkpt lat="51.00324" lon="4.68758">
        <ele>12</ele>
      </trkpt>
      <trkpt lat="51.00271" lon="4.68721">
        <ele>12</ele>
      </trkpt>
      <trkpt lat="51.0015" lon="4.68618">
        <ele>14</ele>
      </trkpt>
      <trkpt lat="51.00108" lon="4.68583">
        <ele>14</ele>
      </trkpt>
      <trkpt lat="51.00077" lon="4.68565">
        <ele>15</ele>
      </trkpt>
      <trkpt lat="51.00054" lon="4.68563">
        <ele>15</ele>
      </trkpt>
      <trkpt lat="51.00026" lon="4.6857">
        <ele>15</ele>
      </trkpt>
      <trkpt lat="50.99926" lon="4.68604">
        <ele>16</ele>
      </trkpt>
      <trkpt lat="50.9991" lon="4.68611">
        <ele>16</ele>
      </trkpt>
      <trkpt lat="50.99741" lon="4.68705">
        <ele>16</ele>
      </trkpt>
      <trkpt lat="50.99669" lon="4.68701">
        <ele>17</ele>
      </trkpt>
      <trkpt lat="50.99648" lon="4.68706">
        <ele>17</ele>
      </trkpt>
      <trkpt lat="50.99639" lon="4.68711">
        <ele>17</ele>
      </trkpt>
      <trkpt lat="50.99615" lon="4.68736">
        <ele>17</ele>
      </trkpt>
      <trkpt lat="50.99603" lon="4.68757">
        <ele>17</ele>
      </trkpt>
      <trkpt lat="50.9956" lon="4.68849">
        <ele>16</ele>
      </trkpt>
      <trkpt lat="50.99544" lon="4.68872">
        <ele>16</ele>
      </trkpt>
      <trkpt lat="50.9953" lon="4.68887">
        <ele>16</ele>
      </trkpt>
      <trkpt lat="50.9947" lon="4.68937">
        <ele>14</ele>
      </trkpt>
      <trkpt lat="50.99443" lon="4.68962">
        <ele>14</ele>
      </trkpt>
      <trkpt lat="50.99436" lon="4.68911">
        <ele>14</ele>
      </trkpt>
      <trkpt lat="50.99432" lon="4.68852">
        <ele>13</ele>
      </trkpt>
      <trkpt lat="50.99432" lon="4.68792">
        <ele>13</ele>
      </trkpt>
      <trkpt lat="50.99435" lon="4.68754">
        <ele>14</ele>
      </trkpt>
      <trkpt lat="50.99442" lon="4.6869">
        <ele>15</ele>
      </trkpt>
      <trkpt lat="50.99419" lon="4.68689">
        <ele>13</ele>
      </trkpt>
      <trkpt lat="50.99386" lon="4.68692">
        <ele>13</ele>
      </trkpt>
      <trkpt lat="50.99375" lon="4.68692">
        <ele>13</ele>
      </trkpt>
      <trkpt lat="50.99343" lon="4.68684">
        <ele>12</ele>
      </trkpt>
      <trkpt lat="50.99329" lon="4.68677">
        <ele>12</ele>
      </trkpt>
      <trkpt lat="50.99297" lon="4.68654">
        <ele>12</ele>
      </trkpt>
      <trkpt lat="50.99282" lon="4.68636">
        <ele>12</ele>
      </trkpt>
      <trkpt lat="50.99222" lon="4.68544">
        <ele>11</ele>
      </trkpt>
      <trkpt lat="50.9909" lon="4.68408">
        <ele>11</ele>
      </trkpt>
      <trkpt lat="50.9909" lon="4.68407">
        <ele>11</ele>
      </trkpt>
      <trkpt lat="50.99075" lon="4.68391">
        <ele>11</ele>
      </trkpt>
      <trkpt lat="50.99054" lon="4.68375">
        <ele>11</ele>
      </trkpt>
      <trkpt lat="50.99039" lon="4.68367">
        <ele>11</ele>
      </trkpt>
      <trkpt lat="50.98947" lon="4.68348">
        <ele>10</ele>
      </trkpt>
      <trkpt lat="50.98937" lon="4.68347">
        <ele>10</ele>
      </trkpt>
      <trkpt lat="50.98924" lon="4.68348">
        <ele>9</ele>
      </trkpt>
      <trkpt lat="50.98914" lon="4.68283">
        <ele>9</ele>
      </trkpt>
      <trkpt lat="50.98892" lon="4.68179">
        <ele>10</ele>
      </trkpt>
      <trkpt lat="50.98844" lon="4.67989">
        <ele>10</ele>
      </trkpt>
      <trkpt lat="50.98831" lon="4.67952">
        <ele>10</ele>
      </trkpt>
      <trkpt lat="50.98812" lon="4.67909">
        <ele>10</ele>
      </trkpt>
      <trkpt lat="50.98785" lon="4.67833">
        <ele>10</ele>
      </trkpt>
      <trkpt lat="50.98622" lon="4.68007">
        <ele>8</ele>
      </trkpt>
      <trkpt lat="50.98597" lon="4.6803">
        <ele>7</ele>
      </trkpt>
      <trkpt lat="50.98548" lon="4.68065">
        <ele>7</ele>
      </trkpt>
      <trkpt lat="50.98517" lon="4.68083">
        <ele>7</ele>
      </trkpt>
      <trkpt lat="50.98485" lon="4.68096">
        <ele>6</ele>
      </trkpt>
      <trkpt lat="50.98336" lon="4.68137">
        <ele>6</ele>
      </trkpt>
      <trkpt lat="50.98318" lon="4.68161">
        <ele>6</ele>
      </trkpt>
      <trkpt lat="50.98306" lon="4.68185">
        <ele>7</ele>
      </trkpt>
      <trkpt lat="50.98286" lon="4.6823">
        <ele>7</ele>
      </trkpt>
      <trkpt lat="50.98265" lon="4.68286">
        <ele>7</ele>
      </trkpt>
      <trkpt lat="50.98187" lon="4.68495">
        <ele>8</ele>
      </trkpt>
      <trkpt lat="50.98175" lon="4.68513">
        <ele>8</ele>
      </trkpt>
      <trkpt lat="50.98154" lon="4.68534">
        <ele>8</ele>
      </trkpt>
      <trkpt lat="50.98149" lon="4.68543">
        <ele>8</ele>
      </trkpt>
      <trkpt lat="50.98144" lon="4.68563">
        <ele>8</ele>
      </trkpt>
      <trkpt lat="50.98125" lon="4.68665">
        <ele>7</ele>
      </trkpt>
      <trkpt lat="50.98113" lon="4.687">
        <ele>7</ele>
      </trkpt>
      <trkpt lat="50.98095" lon="4.68726">
        <ele>7</ele>
      </trkpt>
      <trkpt lat="50.98051" lon="4.68768">
        <ele>6</ele>
      </trkpt>
      <trkpt lat="50.98037" lon="4.68787">
        <ele>6</ele>
      </trkpt>
      <trkpt lat="50.98024" lon="4.68813">
        <ele>6</ele>
      </trkpt>
      <trkpt lat="50.97999" lon="4.68903">
        <ele>7</ele>
      </trkpt>
      <trkpt lat="50.97989" lon="4.68922">
        <ele>8</ele>
      </trkpt>
      <trkpt lat="50.97979" lon="4.68934">
        <ele>8</ele>
      </trkpt>
      <trkpt lat="50.97967" lon="4.68944">
        <ele>8</ele>
      </trkpt>
      <trkpt lat="50.97955" lon="4.68948">
        <ele>8</ele>
      </trkpt>
      <trkpt lat="50.97942" lon="4.68941">
        <ele>7</ele>
      </trkpt>
      <trkpt lat="50.97918" lon="4.68923">
        <ele>7</ele>
      </trkpt>
      <trkpt lat="50.97881" lon="4.68904">
        <ele>7</ele>
      </trkpt>
      <trkpt lat="50.97844" lon="4.68904">
        <ele>7</ele>
      </trkpt>
      <trkpt lat="50.97809" lon="4.68892">
        <ele>7</ele>
      </trkpt>
      <trkpt lat="50.97798" lon="4.68891">
        <ele>7</ele>
      </trkpt>
      <trkpt lat="50.97787" lon="4.68893">
        <ele>7</ele>
      </trkpt>
      <trkpt lat="50.97739" lon="4.68919">
        <ele>7</ele>
      </trkpt>
      <trkpt lat="50.97724" lon="4.68931">
        <ele>7</ele>
      </trkpt>
      <trkpt lat="50.97717" lon="4.68941">
        <ele>7</ele>
      </trkpt>
      <trkpt lat="50.97711" lon="4.68952">
        <ele>7</ele>
      </trkpt>
      <trkpt lat="50.97691" lon="4.69006">
        <ele>7</ele>
      </trkpt>
      <trkpt lat="50.97669" lon="4.69064">
        <ele>7</ele>
      </trkpt>
      <trkpt lat="50.97635" lon="4.69116">
        <ele>7</ele>
      </trkpt>
      <trkpt lat="50.97608" lon="4.69152">
        <ele>7</ele>
      </trkpt>
      <trkpt lat="50.97587" lon="4.69171">
        <ele>6</ele>
      </trkpt>
      <trkpt lat="50.97565" lon="4.69184">
        <ele>6</ele>
      </trkpt>
      <trkpt lat="50.97544" lon="4.6919">
        <ele>6</ele>
      </trkpt>
      <trkpt lat="50.97532" lon="4.69185">
        <ele>6</ele>
      </trkpt>
      <trkpt lat="50.97512" lon="4.69171">
        <ele>7</ele>
      </trkpt>
      <trkpt lat="50.97494" lon="4.69168">
        <ele>7</ele>
      </trkpt>
      <trkpt lat="50.97314" lon="4.69208">
        <ele>8</ele>
      </trkpt>
      <trkpt lat="50.97181" lon="4.69253">
        <ele>10</ele>
      </trkpt>
      <trkpt lat="50.97159" lon="4.69262">
        <ele>10</ele>
      </trkpt>
      <trkpt lat="50.97131" lon="4.6928">
        <ele>10</ele>
      </trkpt>
      <trkpt lat="50.97095" lon="4.69311">
        <ele>11</ele>
      </trkpt>
      <trkpt lat="50.97071" lon="4.6923">
        <ele>10</ele>
      </trkpt>
      <trkpt lat="50.97061" lon="4.69205">
        <ele>10</ele>
      </trkpt>
      <trkpt lat="50.97056" lon="4.69193">
        <ele>10</ele>
      </trkpt>
      <trkpt lat="50.97047" lon="4.6918">
        <ele>10</ele>
      </trkpt>
      <trkpt lat="50.97037" lon="4.69182">
        <ele>10</ele>
      </trkpt>
      <trkpt lat="50.97035" lon="4.69193">
        <ele>10</ele>
      </trkpt>
      <trkpt lat="50.97019" lon="4.69172">
        <ele>10</ele>
      </trkpt>
      <trkpt lat="50.97007" lon="4.69181">
        <ele>10</ele>
      </trkpt>
      <trkpt lat="50.96994" lon="4.69153">
        <ele>9</ele>
      </trkpt>
      <trkpt lat="50.96982" lon="4.6913">
        <ele>9</ele>
      </trkpt>
      <trkpt lat="50.96979" lon="4.69118">
        <ele>9</ele>
      </trkpt>
      <trkpt lat="50.97028" lon="4.69083">
        <ele>9</ele>
      </trkpt>
      <trkpt lat="50.97058" lon="4.69058">
        <ele>8</ele>
      </trkpt>
      <trkpt lat="50.97114" lon="4.69003">
        <ele>9</ele>
      </trkpt>
      <trkpt lat="50.97157" lon="4.68958">
        <ele>8</ele>
      </trkpt>
      <trkpt lat="50.97196" lon="4.68907">
        <ele>8</ele>
      </trkpt>
      <trkpt lat="50.97217" lon="4.68881">
        <ele>8</ele>
      </trkpt>
      <trkpt lat="50.97229" lon="4.6887">
        <ele>8</ele>
      </trkpt>
      <trkpt lat="50.97248" lon="4.68857">
        <ele>8</ele>
      </trkpt>
      <trkpt lat="50.97262" lon="4.68855">
        <ele>8</ele>
      </trkpt>
      <trkpt lat="50.97288" lon="4.68864">
        <ele>8</ele>
      </trkpt>
      <trkpt lat="50.97295" lon="4.68862">
        <ele>8</ele>
      </trkpt>
      <trkpt lat="50.97314" lon="4.68843">
        <ele>8</ele>
      </trkpt>
      <trkpt lat="50.97324" lon="4.68827">
        <ele>8</ele>
      </trkpt>
      <trkpt lat="50.97337" lon="4.68802">
        <ele>8</ele>
      </trkpt>
      <trkpt lat="50.97387" lon="4.68686">
        <ele>8</ele>
      </trkpt>
      <trkpt lat="50.97408" lon="4.68654">
        <ele>8</ele>
      </trkpt>
      <trkpt lat="50.97437" lon="4.68617">
        <ele>8</ele>
      </trkpt>
      <trkpt lat="50.97451" lon="4.68604">
        <ele>8</ele>
      </trkpt>
      <trkpt lat="50.97464" lon="4.686">
        <ele>8</ele>
      </trkpt>
      <trkpt lat="50.975" lon="4.68609">
        <ele>8</ele>
      </trkpt>
      <trkpt lat="50.97579" lon="4.68619">
        <ele>8</ele>
      </trkpt>
      <trkpt lat="50.97599" lon="4.68615">
        <ele>8</ele>
      </trkpt>
      <trkpt lat="50.97606" lon="4.6861">
        <ele>8</ele>
      </trkpt>
      <trkpt lat="50.97677" lon="4.6851">
        <ele>8</ele>
      </trkpt>
      <trkpt lat="50.97693" lon="4.68493">
        <ele>8</ele>
      </trkpt>
      <trkpt lat="50.97711" lon="4.68471">
        <ele>8</ele>
      </trkpt>
      <trkpt lat="50.97733" lon="4.68444">
        <ele>8</ele>
      </trkpt>
      <trkpt lat="50.97735" lon="4.68439">
        <ele>8</ele>
      </trkpt>
      <trkpt lat="50.97736" lon="4.68431">
        <ele>8</ele>
      </trkpt>
      <trkpt lat="50.97723" lon="4.68381">
        <ele>9</ele>
      </trkpt>
      <trkpt lat="50.97712" lon="4.68346">
        <ele>9</ele>
      </trkpt>
      <trkpt lat="50.97703" lon="4.68243">
        <ele>9</ele>
      </trkpt>
      <trkpt lat="50.97701" lon="4.68206">
        <ele>9</ele>
      </trkpt>
      <trkpt lat="50.97697" lon="4.68178">
        <ele>9</ele>
      </trkpt>
      <trkpt lat="50.97667" lon="4.68094">
        <ele>8</ele>
      </trkpt>
      <trkpt lat="50.97651" lon="4.68043">
        <ele>8</ele>
      </trkpt>
      <trkpt lat="50.97634" lon="4.67983">
        <ele>8</ele>
      </trkpt>
      <trkpt lat="50.97623" lon="4.67935">
        <ele>8</ele>
      </trkpt>
      <trkpt lat="50.97615" lon="4.67898">
        <ele>8</ele>
      </trkpt>
      <trkpt lat="50.97612" lon="4.67873">
        <ele>8</ele>
      </trkpt>
      <trkpt lat="50.97614" lon="4.67859">
        <ele>8</ele>
      </trkpt>
      <trkpt lat="50.97617" lon="4.67849">
        <ele>8</ele>
      </trkpt>
      <trkpt lat="50.97658" lon="4.67773">
        <ele>7</ele>
      </trkpt>
      <trkpt lat="50.97661" lon="4.67763">
        <ele>7</ele>
      </trkpt>
      <trkpt lat="50.97661" lon="4.67755">
        <ele>7</ele>
      </trkpt>
      <trkpt lat="50.97629" lon="4.67664">
        <ele>7</ele>
      </trkpt>
      <trkpt lat="50.97596" lon="4.67561">
        <ele>8</ele>
      </trkpt>
      <trkpt lat="50.9758" lon="4.67505">
        <ele>8</ele>
      </trkpt>
      <trkpt lat="50.97573" lon="4.6747">
        <ele>8</ele>
      </trkpt>
      <trkpt lat="50.97556" lon="4.67372">
        <ele>7</ele>
      </trkpt>
      <trkpt lat="50.97539" lon="4.67232">
        <ele>6</ele>
      </trkpt>
      <trkpt lat="50.97534" lon="4.6721">
        <ele>6</ele>
      </trkpt>
      <trkpt lat="50.97504" lon="4.67143">
        <ele>7</ele>
      </trkpt>
      <trkpt lat="50.97499" lon="4.67126">
        <ele>7</ele>
      </trkpt>
      <trkpt lat="50.97493" lon="4.67081">
        <ele>7</ele>
      </trkpt>
      <trkpt lat="50.97493" lon="4.6702">
        <ele>8</ele>
      </trkpt>
      <trkpt lat="50.97496" lon="4.66979">
        <ele>8</ele>
      </trkpt>
      <trkpt lat="50.97515" lon="4.66863">
        <ele>8</ele>
      </trkpt>
      <trkpt lat="50.97524" lon="4.66767">
        <ele>9</ele>
      </trkpt>
      <trkpt lat="50.97528" lon="4.66751">
        <ele>9</ele>
      </trkpt>
      <trkpt lat="50.97533" lon="4.6674">
        <ele>8</ele>
      </trkpt>
      <trkpt lat="50.97539" lon="4.66731">
        <ele>8</ele>
      </trkpt>
      <trkpt lat="50.97547" lon="4.66725">
        <ele>8</ele>
      </trkpt>
      <trkpt lat="50.97572" lon="4.66714">
        <ele>8</ele>
      </trkpt>
      <trkpt lat="50.97579" lon="4.66708">
        <ele>8</ele>
      </trkpt>
      <trkpt lat="50.97587" lon="4.66696">
        <ele>8</ele>
      </trkpt>
      <trkpt lat="50.97618" lon="4.66605">
        <ele>8</ele>
      </trkpt>
      <trkpt lat="50.97624" lon="4.66583">
        <ele>8</ele>
      </trkpt>
      <trkpt lat="50.97624" lon="4.66559">
        <ele>7</ele>
      </trkpt>
      <trkpt lat="50.97619" lon="4.66517">
        <ele>6</ele>
      </trkpt>
      <trkpt lat="50.9762" lon="4.66501">
        <ele>6</ele>
      </trkpt>
      <trkpt lat="50.97631" lon="4.66459">
        <ele>6</ele>
      </trkpt>
      <trkpt lat="50.97636" lon="4.66422">
        <ele>6</ele>
      </trkpt>
      <trkpt lat="50.97638" lon="4.66259">
        <ele>7</ele>
      </trkpt>
      <trkpt lat="50.97638" lon="4.66229">
        <ele>7</ele>
      </trkpt>
      <trkpt lat="50.97506" lon="4.66284">
        <ele>7</ele>
      </trkpt>
      <trkpt lat="50.97501" lon="4.6629">
        <ele>7</ele>
      </trkpt>
      <trkpt lat="50.9746" lon="4.66376">
        <ele>6</ele>
      </trkpt>
      <trkpt lat="50.97447" lon="4.66398">
        <ele>7</ele>
      </trkpt>
      <trkpt lat="50.97439" lon="4.66404">
        <ele>7</ele>
      </trkpt>
      <trkpt lat="50.97412" lon="4.66415">
        <ele>7</ele>
      </trkpt>
      <trkpt lat="50.97406" lon="4.6642">
        <ele>7</ele>
      </trkpt>
      <trkpt lat="50.97397" lon="4.66433">
        <ele>7</ele>
      </trkpt>
      <trkpt lat="50.97373" lon="4.66475">
        <ele>7</ele>
      </trkpt>
      <trkpt lat="50.97364" lon="4.66484">
        <ele>7</ele>
      </trkpt>
      <trkpt lat="50.9733" lon="4.66504">
        <ele>7</ele>
      </trkpt>
      <trkpt lat="50.97307" lon="4.66523">
        <ele>7</ele>
      </trkpt>
      <trkpt lat="50.97296" lon="4.66535">
        <ele>6</ele>
      </trkpt>
      <trkpt lat="50.97253" lon="4.66597">
        <ele>6</ele>
      </trkpt>
      <trkpt lat="50.97225" lon="4.66654">
        <ele>6</ele>
      </trkpt>
      <trkpt lat="50.97208" lon="4.66676">
        <ele>7</ele>
      </trkpt>
      <trkpt lat="50.97197" lon="4.66684">
        <ele>7</ele>
      </trkpt>
      <trkpt lat="50.97186" lon="4.66682">
        <ele>6</ele>
      </trkpt>
      <trkpt lat="50.97183" lon="4.66717">
        <ele>6</ele>
      </trkpt>
      <trkpt lat="50.97173" lon="4.66715">
        <ele>6</ele>
      </trkpt>
      <trkpt lat="50.97153" lon="4.6673">
        <ele>6</ele>
      </trkpt>
      <trkpt lat="50.9714" lon="4.66734">
        <ele>6</ele>
      </trkpt>
      <trkpt lat="50.97038" lon="4.66712">
        <ele>6</ele>
      </trkpt>
      <trkpt lat="50.97031" lon="4.66713">
        <ele>6</ele>
      </trkpt>
      <trkpt lat="50.96956" lon="4.66752">
        <ele>6</ele>
      </trkpt>
      <trkpt lat="50.96923" lon="4.6677">
        <ele>6</ele>
      </trkpt>
      <trkpt lat="50.96903" lon="4.66774">
        <ele>6</ele>
      </trkpt>
      <trkpt lat="50.96889" lon="4.66772">
        <ele>6</ele>
      </trkpt>
      <trkpt lat="50.96762" lon="4.66746">
        <ele>6</ele>
      </trkpt>
      <trkpt lat="50.96721" lon="4.66732">
        <ele>6</ele>
      </trkpt>
      <trkpt lat="50.96673" lon="4.6673">
        <ele>6</ele>
      </trkpt>
      <trkpt lat="50.96666" lon="4.66733">
        <ele>6</ele>
      </trkpt>
      <trkpt lat="50.96594" lon="4.66829">
        <ele>5</ele>
      </trkpt>
      <trkpt lat="50.96553" lon="4.66896">
        <ele>5</ele>
      </trkpt>
      <trkpt lat="50.96492" lon="4.67015">
        <ele>7</ele>
      </trkpt>
      <trkpt lat="50.96478" lon="4.67029">
        <ele>7</ele>
      </trkpt>
      <trkpt lat="50.96388" lon="4.67061">
        <ele>7</ele>
      </trkpt>
      <trkpt lat="50.96374" lon="4.67071">
        <ele>7</ele>
      </trkpt>
      <trkpt lat="50.96359" lon="4.67087">
        <ele>7</ele>
      </trkpt>
      <trkpt lat="50.96336" lon="4.67122">
        <ele>7</ele>
      </trkpt>
      <trkpt lat="50.96321" lon="4.67135">
        <ele>7</ele>
      </trkpt>
      <trkpt lat="50.96273" lon="4.67141">
        <ele>7</ele>
      </trkpt>
      <trkpt lat="50.96263" lon="4.67139">
        <ele>7</ele>
      </trkpt>
      <trkpt lat="50.96224" lon="4.67117">
        <ele>6</ele>
      </trkpt>
      <trkpt lat="50.9618" lon="4.67099">
        <ele>7</ele>
      </trkpt>
      <trkpt lat="50.96158" lon="4.67096">
        <ele>7</ele>
      </trkpt>
      <trkpt lat="50.96149" lon="4.67097">
        <ele>7</ele>
      </trkpt>
      <trkpt lat="50.9614" lon="4.67102">
        <ele>7</ele>
      </trkpt>
      <trkpt lat="50.96099" lon="4.67135">
        <ele>8</ele>
      </trkpt>
      <trkpt lat="50.96019" lon="4.67172">
        <ele>8</ele>
      </trkpt>
      <trkpt lat="50.95896" lon="4.67219">
        <ele>10</ele>
      </trkpt>
      <trkpt lat="50.95889" lon="4.67218">
        <ele>10</ele>
      </trkpt>
      <trkpt lat="50.95884" lon="4.67246">
        <ele>10</ele>
      </trkpt>
      <trkpt lat="50.95878" lon="4.67264">
        <ele>10</ele>
      </trkpt>
      <trkpt lat="50.95867" lon="4.67283">
        <ele>10</ele>
      </trkpt>
      <trkpt lat="50.9586" lon="4.67313">
        <ele>10</ele>
      </trkpt>
      <trkpt lat="50.95837" lon="4.6738">
        <ele>11</ele>
      </trkpt>
      <trkpt lat="50.95818" lon="4.67434">
        <ele>10</ele>
      </trkpt>
      <trkpt lat="50.95777" lon="4.676">
        <ele>11</ele>
      </trkpt>
      <trkpt lat="50.95767" lon="4.67634">
        <ele>11</ele>
      </trkpt>
      <trkpt lat="50.9575" lon="4.67678">
        <ele>11</ele>
      </trkpt>
      <trkpt lat="50.9573" lon="4.67718">
        <ele>11</ele>
      </trkpt>
      <trkpt lat="50.95708" lon="4.67761">
        <ele>11</ele>
      </trkpt>
      <trkpt lat="50.95644" lon="4.67853">
        <ele>11</ele>
      </trkpt>
      <trkpt lat="50.95639" lon="4.67865">
        <ele>11</ele>
      </trkpt>
      <trkpt lat="50.95637" lon="4.67876">
        <ele>11</ele>
      </trkpt>
      <trkpt lat="50.95636" lon="4.67904">
        <ele>11</ele>
      </trkpt>
      <trkpt lat="50.95594" lon="4.67918">
        <ele>11</ele>
      </trkpt>
      <trkpt lat="50.95596" lon="4.67929">
        <ele>11</ele>
      </trkpt>
      <trkpt lat="50.95552" lon="4.67946">
        <ele>11</ele>
      </trkpt>
      <trkpt lat="50.95552" lon="4.67945">
        <ele>11</ele>
      </trkpt>
      <trkpt lat="50.95429" lon="4.67996">
        <ele>11</ele>
      </trkpt>
      <trkpt lat="50.95418" lon="4.67999">
        <ele>11</ele>
      </trkpt>
      <trkpt lat="50.95394" lon="4.67995">
        <ele>11</ele>
      </trkpt>
      <trkpt lat="50.95371" lon="4.67982">
        <ele>11</ele>
      </trkpt>
      <trkpt lat="50.95289" lon="4.67905">
        <ele>11</ele>
      </trkpt>
      <trkpt lat="50.95236" lon="4.6787">
        <ele>11</ele>
      </trkpt>
      <trkpt lat="50.95218" lon="4.67863">
        <ele>11</ele>
      </trkpt>
      <trkpt lat="50.9521" lon="4.67865">
        <ele>11</ele>
      </trkpt>
      <trkpt lat="50.95185" lon="4.67888">
        <ele>11</ele>
      </trkpt>
      <trkpt lat="50.95162" lon="4.67901">
        <ele>11</ele>
      </trkpt>
      <trkpt lat="50.95137" lon="4.67911">
        <ele>11</ele>
      </trkpt>
      <trkpt lat="50.95091" lon="4.67937">
        <ele>12</ele>
      </trkpt>
      <trkpt lat="50.95061" lon="4.67959">
        <ele>12</ele>
      </trkpt>
      <trkpt lat="50.94994" lon="4.68043">
        <ele>12</ele>
      </trkpt>
      <trkpt lat="50.94937" lon="4.68134">
        <ele>11</ele>
      </trkpt>
      <trkpt lat="50.94927" lon="4.68148">
        <ele>11</ele>
      </trkpt>
      <trkpt lat="50.94908" lon="4.68167">
        <ele>11</ele>
      </trkpt>
      <trkpt lat="50.94889" lon="4.68181">
        <ele>11</ele>
      </trkpt>
      <trkpt lat="50.94883" lon="4.68181">
        <ele>11</ele>
      </trkpt>
      <trkpt lat="50.94878" lon="4.6818">
        <ele>11</ele>
      </trkpt>
      <trkpt lat="50.94867" lon="4.68171">
        <ele>11</ele>
      </trkpt>
      <trkpt lat="50.94864" lon="4.68165">
        <ele>11</ele>
      </trkpt>
      <trkpt lat="50.94854" lon="4.68179">
        <ele>11</ele>
      </trkpt>
      <trkpt lat="50.94811" lon="4.68286">
        <ele>12</ele>
      </trkpt>
      <trkpt lat="50.94807" lon="4.68294">
        <ele>11</ele>
      </trkpt>
      <trkpt lat="50.94783" lon="4.68321">
        <ele>11</ele>
      </trkpt>
      <trkpt lat="50.94778" lon="4.68338">
        <ele>11</ele>
      </trkpt>
      <trkpt lat="50.94779" lon="4.68394">
        <ele>11</ele>
      </trkpt>
      <trkpt lat="50.94777" lon="4.68463">
        <ele>12</ele>
      </trkpt>
      <trkpt lat="50.94772" lon="4.68482">
        <ele>12</ele>
      </trkpt>
      <trkpt lat="50.94763" lon="4.68498">
        <ele>12</ele>
      </trkpt>
      <trkpt lat="50.94756" lon="4.68505">
        <ele>12</ele>
      </trkpt>
      <trkpt lat="50.94657" lon="4.68589">
        <ele>11</ele>
      </trkpt>
      <trkpt lat="50.94647" lon="4.68599">
        <ele>11</ele>
      </trkpt>
      <trkpt lat="50.94637" lon="4.68613">
        <ele>11</ele>
      </trkpt>
      <trkpt lat="50.94626" lon="4.68642">
        <ele>11</ele>
      </trkpt>
      <trkpt lat="50.94622" lon="4.6866">
        <ele>11</ele>
      </trkpt>
      <trkpt lat="50.94602" lon="4.68651">
        <ele>11</ele>
      </trkpt>
      <trkpt lat="50.94563" lon="4.68648">
        <ele>11</ele>
      </trkpt>
      <trkpt lat="50.94545" lon="4.68638">
        <ele>11</ele>
      </trkpt>
      <trkpt lat="50.94533" lon="4.68626">
        <ele>11</ele>
      </trkpt>
      <trkpt lat="50.94522" lon="4.68604">
        <ele>11</ele>
      </trkpt>
      <trkpt lat="50.94514" lon="4.68562">
        <ele>12</ele>
      </trkpt>
      <trkpt lat="50.94505" lon="4.68484">
        <ele>12</ele>
      </trkpt>
      <trkpt lat="50.94493" lon="4.68433">
        <ele>12</ele>
      </trkpt>
      <trkpt lat="50.9449" lon="4.6841">
        <ele>12</ele>
      </trkpt>
      <trkpt lat="50.94478" lon="4.68316">
        <ele>12</ele>
      </trkpt>
      <trkpt lat="50.94455" lon="4.68205">
        <ele>12</ele>
      </trkpt>
      <trkpt lat="50.94455" lon="4.68192">
        <ele>12</ele>
      </trkpt>
      <trkpt lat="50.94452" lon="4.68168">
        <ele>12</ele>
      </trkpt>
      <trkpt lat="50.94425" lon="4.68074">
        <ele>13</ele>
      </trkpt>
      <trkpt lat="50.94417" lon="4.68003">
        <ele>13</ele>
      </trkpt>
      <trkpt lat="50.94419" lon="4.67956">
        <ele>12</ele>
      </trkpt>
      <trkpt lat="50.94427" lon="4.67934">
        <ele>12</ele>
      </trkpt>
      <trkpt lat="50.9444" lon="4.67917">
        <ele>12</ele>
      </trkpt>
      <trkpt lat="50.94447" lon="4.67905">
        <ele>12</ele>
      </trkpt>
      <trkpt lat="50.94451" lon="4.67892">
        <ele>12</ele>
      </trkpt>
      <trkpt lat="50.94451" lon="4.67864">
        <ele>12</ele>
      </trkpt>
      <trkpt lat="50.94449" lon="4.67848">
        <ele>12</ele>
      </trkpt>
      <trkpt lat="50.94438" lon="4.67803">
        <ele>12</ele>
      </trkpt>
      <trkpt lat="50.94435" lon="4.67783">
        <ele>12</ele>
      </trkpt>
      <trkpt lat="50.94432" lon="4.67764">
        <ele>11</ele>
      </trkpt>
      <trkpt lat="50.94432" lon="4.67741">
        <ele>11</ele>
      </trkpt>
      <trkpt lat="50.94448" lon="4.67562">
        <ele>12</ele>
      </trkpt>
      <trkpt lat="50.94447" lon="4.67541">
        <ele>12</ele>
      </trkpt>
      <trkpt lat="50.94441" lon="4.67501">
        <ele>12</ele>
      </trkpt>
      <trkpt lat="50.94404" lon="4.67405">
        <ele>13</ele>
      </trkpt>
      <trkpt lat="50.94402" lon="4.67389">
        <ele>13</ele>
      </trkpt>
      <trkpt lat="50.94404" lon="4.67375">
        <ele>13</ele>
      </trkpt>
      <trkpt lat="50.94427" lon="4.67295">
        <ele>12</ele>
      </trkpt>
      <trkpt lat="50.94436" lon="4.67282">
        <ele>12</ele>
      </trkpt>
      <trkpt lat="50.94494" lon="4.67224">
        <ele>12</ele>
      </trkpt>
      <trkpt lat="50.9454" lon="4.67178">
        <ele>13</ele>
      </trkpt>
      <trkpt lat="50.94552" lon="4.67168">
        <ele>13</ele>
      </trkpt>
      <trkpt lat="50.94567" lon="4.67163">
        <ele>13</ele>
      </trkpt>
      <trkpt lat="50.94579" lon="4.67165">
        <ele>13</ele>
      </trkpt>
      <trkpt lat="50.9459" lon="4.67169">
        <ele>13</ele>
      </trkpt>
      <trkpt lat="50.94601" lon="4.6717">
        <ele>13</ele>
      </trkpt>
      <trkpt lat="50.94607" lon="4.67167">
        <ele>13</ele>
      </trkpt>
      <trkpt lat="50.94611" lon="4.67156">
        <ele>13</ele>
      </trkpt>
      <trkpt lat="50.94612" lon="4.67134">
        <ele>12</ele>
      </trkpt>
      <trkpt lat="50.94607" lon="4.67044">
        <ele>13</ele>
      </trkpt>
      <trkpt lat="50.94516" lon="4.66696">
        <ele>12</ele>
      </trkpt>
      <trkpt lat="50.94487" lon="4.66614">
        <ele>12</ele>
      </trkpt>
      <trkpt lat="50.944" lon="4.66417">
        <ele>14</ele>
      </trkpt>
      <trkpt lat="50.94394" lon="4.66401">
        <ele>14</ele>
      </trkpt>
      <trkpt lat="50.94385" lon="4.66358">
        <ele>14</ele>
      </trkpt>
      <trkpt lat="50.94384" lon="4.66313">
        <ele>14</ele>
      </trkpt>
      <trkpt lat="50.94425" lon="4.65953">
        <ele>14</ele>
      </trkpt>
      <trkpt lat="50.9443" lon="4.65921">
        <ele>14</ele>
      </trkpt>
      <trkpt lat="50.94419" lon="4.65914">
        <ele>14</ele>
      </trkpt>
      <trkpt lat="50.94437" lon="4.65883">
        <ele>14</ele>
      </trkpt>
      <trkpt lat="50.94445" lon="4.65863">
        <ele>14</ele>
      </trkpt>
      <trkpt lat="50.9445" lon="4.65853">
        <ele>14</ele>
      </trkpt>
      <trkpt lat="50.94457" lon="4.65821">
        <ele>14</ele>
      </trkpt>
      <trkpt lat="50.94483" lon="4.65667">
        <ele>14</ele>
      </trkpt>
      <trkpt lat="50.94536" lon="4.65376">
        <ele>13</ele>
      </trkpt>
      <trkpt lat="50.94642" lon="4.6481">
        <ele>14</ele>
      </trkpt>
      <trkpt lat="50.9466" lon="4.64726">
        <ele>14</ele>
      </trkpt>
      <trkpt lat="50.94723" lon="4.64378">
        <ele>13</ele>
      </trkpt>
      <trkpt lat="50.94719" lon="4.64368">
        <ele>13</ele>
      </trkpt>
      <trkpt lat="50.9472" lon="4.64362">
        <ele>13</ele>
      </trkpt>
      <trkpt lat="50.94687" lon="4.64348">
        <ele>14</ele>
      </trkpt>
      <trkpt lat="50.94674" lon="4.64353">
        <ele>15</ele>
      </trkpt>
      <trkpt lat="50.94572" lon="4.64442">
        <ele>15</ele>
      </trkpt>
      <trkpt lat="50.94514" lon="4.64496">
        <ele>15</ele>
      </trkpt>
      <trkpt lat="50.94502" lon="4.64502">
        <ele>15</ele>
      </trkpt>
      <trkpt lat="50.94488" lon="4.64505">
        <ele>15</ele>
      </trkpt>
      <trkpt lat="50.94476" lon="4.64505">
        <ele>15</ele>
      </trkpt>
      <trkpt lat="50.94328" lon="4.64463">
        <ele>14</ele>
      </trkpt>
      <trkpt lat="50.94268" lon="4.64545">
        <ele>14</ele>
      </trkpt>
      <trkpt lat="50.94083" lon="4.6475">
        <ele>15</ele>
      </trkpt>
      <trkpt lat="50.9407" lon="4.64765">
        <ele>15</ele>
      </trkpt>
      <trkpt lat="50.94046" lon="4.64801">
        <ele>15</ele>
      </trkpt>
      <trkpt lat="50.94034" lon="4.6482">
        <ele>15</ele>
      </trkpt>
      <trkpt lat="50.93851" lon="4.65191">
        <ele>15</ele>
      </trkpt>
      <trkpt lat="50.93814" lon="4.65259">
        <ele>15</ele>
      </trkpt>
      <trkpt lat="50.9377" lon="4.65326">
        <ele>15</ele>
      </trkpt>
      <trkpt lat="50.93758" lon="4.65342">
        <ele>15</ele>
      </trkpt>
      <trkpt lat="50.93718" lon="4.65382">
        <ele>15</ele>
      </trkpt>
      <trkpt lat="50.93605" lon="4.65474">
        <ele>16</ele>
      </trkpt>
      <trkpt lat="50.93605" lon="4.65475">
        <ele>16</ele>
      </trkpt>
      <trkpt lat="50.93493" lon="4.65567">
        <ele>15</ele>
      </trkpt>
      <trkpt lat="50.93471" lon="4.65596">
        <ele>15</ele>
      </trkpt>
      <trkpt lat="50.93367" lon="4.65766">
        <ele>16</ele>
      </trkpt>
      <trkpt lat="50.93349" lon="4.65791">
        <ele>16</ele>
      </trkpt>
      <trkpt lat="50.93323" lon="4.65821">
        <ele>17</ele>
      </trkpt>
      <trkpt lat="50.92905" lon="4.66263">
        <ele>17</ele>
      </trkpt>
      <trkpt lat="50.92786" lon="4.66411">
        <ele>16</ele>
      </trkpt>
      <trkpt lat="50.92756" lon="4.66433">
        <ele>16</ele>
      </trkpt>
      <trkpt lat="50.92728" lon="4.66452">
        <ele>17</ele>
      </trkpt>
      <trkpt lat="50.927" lon="4.66466">
        <ele>17</ele>
      </trkpt>
      <trkpt lat="50.92673" lon="4.66475">
        <ele>17</ele>
      </trkpt>
      <trkpt lat="50.92648" lon="4.66479">
        <ele>17</ele>
      </trkpt>
      <trkpt lat="50.92616" lon="4.6648">
        <ele>17</ele>
      </trkpt>
      <trkpt lat="50.92437" lon="4.66464">
        <ele>18</ele>
      </trkpt>
      <trkpt lat="50.92402" lon="4.66465">
        <ele>18</ele>
      </trkpt>
      <trkpt lat="50.92393" lon="4.66472">
        <ele>18</ele>
      </trkpt>
      <trkpt lat="50.92389" lon="4.66477">
        <ele>18</ele>
      </trkpt>
      <trkpt lat="50.92381" lon="4.6647">
        <ele>18</ele>
      </trkpt>
      <trkpt lat="50.92081" lon="4.66581">
        <ele>20</ele>
      </trkpt>
      <trkpt lat="50.92059" lon="4.66584">
        <ele>20</ele>
      </trkpt>
      <trkpt lat="50.92044" lon="4.66584">
        <ele>20</ele>
      </trkpt>
      <trkpt lat="50.91965" lon="4.6656">
        <ele>19</ele>
      </trkpt>
      <trkpt lat="50.9184" lon="4.66538">
        <ele>19</ele>
      </trkpt>
      <trkpt lat="50.9179" lon="4.66532">
        <ele>19</ele>
      </trkpt>
      <trkpt lat="50.91751" lon="4.66531">
        <ele>19</ele>
      </trkpt>
      <trkpt lat="50.91737" lon="4.66535">
        <ele>19</ele>
      </trkpt>
      <trkpt lat="50.91726" lon="4.66541">
        <ele>19</ele>
      </trkpt>
      <trkpt lat="50.91715" lon="4.66552">
        <ele>19</ele>
      </trkpt>
      <trkpt lat="50.91669" lon="4.66617">
        <ele>20</ele>
      </trkpt>
      <trkpt lat="50.91648" lon="4.66634">
        <ele>20</ele>
      </trkpt>
      <trkpt lat="50.91628" lon="4.66638">
        <ele>20</ele>
      </trkpt>
      <trkpt lat="50.91584" lon="4.66623">
        <ele>21</ele>
      </trkpt>
      <trkpt lat="50.91475" lon="4.6658">
        <ele>21</ele>
      </trkpt>
      <trkpt lat="50.91461" lon="4.66573">
        <ele>21</ele>
      </trkpt>
      <trkpt lat="50.91456" lon="4.66565">
        <ele>21</ele>
      </trkpt>
      <trkpt lat="50.9145" lon="4.66567">
        <ele>21</ele>
      </trkpt>
      <trkpt lat="50.91278" lon="4.66468">
        <ele>21</ele>
      </trkpt>
      <trkpt lat="50.91256" lon="4.66462">
        <ele>22</ele>
      </trkpt>
      <trkpt lat="50.9123" lon="4.66458">
        <ele>22</ele>
      </trkpt>
      <trkpt lat="50.91217" lon="4.66459">
        <ele>22</ele>
      </trkpt>
      <trkpt lat="50.912" lon="4.66462">
        <ele>23</ele>
      </trkpt>
      <trkpt lat="50.91163" lon="4.66475">
        <ele>24</ele>
      </trkpt>
      <trkpt lat="50.91064" lon="4.66521">
        <ele>26</ele>
      </trkpt>
      <trkpt lat="50.91014" lon="4.6654">
        <ele>26</ele>
      </trkpt>
      <trkpt lat="50.90974" lon="4.66567">
        <ele>26</ele>
      </trkpt>
      <trkpt lat="50.9096" lon="4.66582">
        <ele>26</ele>
      </trkpt>
      <trkpt lat="50.90949" lon="4.666">
        <ele>26</ele>
      </trkpt>
      <trkpt lat="50.90942" lon="4.66608">
        <ele>26</ele>
      </trkpt>
      <trkpt lat="50.90933" lon="4.66613">
        <ele>26</ele>
      </trkpt>
      <trkpt lat="50.90887" lon="4.66631">
        <ele>27</ele>
      </trkpt>
      <trkpt lat="50.90882" lon="4.66632">
        <ele>27</ele>
      </trkpt>
      <trkpt lat="50.90873" lon="4.6662">
        <ele>27</ele>
      </trkpt>
      <trkpt lat="50.90849" lon="4.66658">
        <ele>27</ele>
      </trkpt>
      <trkpt lat="50.90807" lon="4.66724">
        <ele>29</ele>
      </trkpt>
      <trkpt lat="50.90799" lon="4.66727">
        <ele>29</ele>
      </trkpt>
      <trkpt lat="50.90792" lon="4.66734">
        <ele>29</ele>
      </trkpt>
      <trkpt lat="50.90661" lon="4.66938">
        <ele>30</ele>
      </trkpt>
      <trkpt lat="50.90659" lon="4.66942">
        <ele>30</ele>
      </trkpt>
      <trkpt lat="50.90654" lon="4.66941">
        <ele>30</ele>
      </trkpt>
      <trkpt lat="50.90646" lon="4.66923">
        <ele>30</ele>
      </trkpt>
      <trkpt lat="50.90641" lon="4.66895">
        <ele>30</ele>
      </trkpt>
      <trkpt lat="50.90636" lon="4.66888">
        <ele>30</ele>
      </trkpt>
      <trkpt lat="50.90623" lon="4.66748">
        <ele>30</ele>
      </trkpt>
      <trkpt lat="50.90604" lon="4.66575">
        <ele>32</ele>
      </trkpt>
      <trkpt lat="50.906" lon="4.66552">
        <ele>32</ele>
      </trkpt>
      <trkpt lat="50.90575" lon="4.66444">
        <ele>34</ele>
      </trkpt>
      <trkpt lat="50.9056" lon="4.66387">
        <ele>34</ele>
      </trkpt>
      <trkpt lat="50.90481" lon="4.66134">
        <ele>32</ele>
      </trkpt>
      <trkpt lat="50.90465" lon="4.66076">
        <ele>31</ele>
      </trkpt>
      <trkpt lat="50.9046" lon="4.66054">
        <ele>32</ele>
      </trkpt>
      <trkpt lat="50.90435" lon="4.65933">
        <ele>30</ele>
      </trkpt>
      <trkpt lat="50.9041" lon="4.65804">
        <ele>30</ele>
      </trkpt>
      <trkpt lat="50.90415" lon="4.65546">
        <ele>28</ele>
      </trkpt>
      <trkpt lat="50.90414" lon="4.65481">
        <ele>29</ele>
      </trkpt>
      <trkpt lat="50.90407" lon="4.65432">
        <ele>29</ele>
      </trkpt>
      <trkpt lat="50.90376" lon="4.6527">
        <ele>29</ele>
      </trkpt>
      <trkpt lat="50.90375" lon="4.65184">
        <ele>29</ele>
      </trkpt>
      <trkpt lat="50.90376" lon="4.65121">
        <ele>29</ele>
      </trkpt>
      <trkpt lat="50.90374" lon="4.651">
        <ele>29</ele>
      </trkpt>
      <trkpt lat="50.90307" lon="4.64849">
        <ele>30</ele>
      </trkpt>
      <trkpt lat="50.90303" lon="4.64793">
        <ele>30</ele>
      </trkpt>
      <trkpt lat="50.90307" lon="4.64668">
        <ele>30</ele>
      </trkpt>
      <trkpt lat="50.90308" lon="4.64608">
        <ele>30</ele>
      </trkpt>
      <trkpt lat="50.90313" lon="4.646">
        <ele>30</ele>
      </trkpt>
      <trkpt lat="50.90313" lon="4.64594">
        <ele>30</ele>
      </trkpt>
      <trkpt lat="50.90311" lon="4.64585">
        <ele>30</ele>
      </trkpt>
      <trkpt lat="50.90305" lon="4.64581">
        <ele>30</ele>
      </trkpt>
      <trkpt lat="50.90301" lon="4.64582">
        <ele>30</ele>
      </trkpt>
      <trkpt lat="50.90297" lon="4.64589">
        <ele>30</ele>
      </trkpt>
      <trkpt lat="50.90296" lon="4.64594">
        <ele>30</ele>
      </trkpt>
      <trkpt lat="50.90274" lon="4.64595">
        <ele>30</ele>
      </trkpt>
      <trkpt lat="50.9012" lon="4.64623">
        <ele>30</ele>
      </trkpt>
      <trkpt lat="50.9011" lon="4.64622">
        <ele>30</ele>
      </trkpt>
      <trkpt lat="50.90041" lon="4.64593">
        <ele>30</ele>
      </trkpt>
      <trkpt lat="50.89992" lon="4.64572">
        <ele>31</ele>
      </trkpt>
      <trkpt lat="50.89975" lon="4.64557">
        <ele>31</ele>
      </trkpt>
      <trkpt lat="50.89952" lon="4.64532">
        <ele>32</ele>
      </trkpt>
      <trkpt lat="50.89894" lon="4.64444">
        <ele>33</ele>
      </trkpt>
      <trkpt lat="50.89876" lon="4.6442">
        <ele>33</ele>
      </trkpt>
      <trkpt lat="50.89858" lon="4.64396">
        <ele>33</ele>
      </trkpt>
      <trkpt lat="50.8984" lon="4.64417">
        <ele>34</ele>
      </trkpt>
      <trkpt lat="50.89824" lon="4.64434">
        <ele>34</ele>
      </trkpt>
      <trkpt lat="50.89817" lon="4.64438">
        <ele>34</ele>
      </trkpt>
      <trkpt lat="50.89756" lon="4.64457">
        <ele>35</ele>
      </trkpt>
      <trkpt lat="50.89754" lon="4.64458">
        <ele>35</ele>
      </trkpt>
      <trkpt lat="50.89551" lon="4.64542">
        <ele>41</ele>
      </trkpt>
      <trkpt lat="50.89535" lon="4.64552">
        <ele>42</ele>
      </trkpt>
      <trkpt lat="50.89529" lon="4.64559">
        <ele>42</ele>
      </trkpt>
      <trkpt lat="50.89525" lon="4.6457">
        <ele>42</ele>
      </trkpt>
      <trkpt lat="50.89523" lon="4.64584">
        <ele>43</ele>
      </trkpt>
      <trkpt lat="50.89525" lon="4.64614">
        <ele>43</ele>
      </trkpt>
      <trkpt lat="50.89523" lon="4.64637">
        <ele>44</ele>
      </trkpt>
      <trkpt lat="50.89519" lon="4.64647">
        <ele>44</ele>
      </trkpt>
      <trkpt lat="50.89513" lon="4.64656">
        <ele>47</ele>
      </trkpt>
      <trkpt lat="50.89491" lon="4.64667">
        <ele>48</ele>
      </trkpt>
      <trkpt lat="50.89444" lon="4.64683">
        <ele>50</ele>
      </trkpt>
      <trkpt lat="50.894" lon="4.64692">
        <ele>54</ele>
      </trkpt>
      <trkpt lat="50.89309" lon="4.64705">
        <ele>62</ele>
      </trkpt>
      <trkpt lat="50.89297" lon="4.64701">
        <ele>62</ele>
      </trkpt>
      <trkpt lat="50.89286" lon="4.64681">
        <ele>62</ele>
      </trkpt>
      <trkpt lat="50.89282" lon="4.64669">
        <ele>62</ele>
      </trkpt>
      <trkpt lat="50.89281" lon="4.64631">
        <ele>61</ele>
      </trkpt>
      <trkpt lat="50.89276" lon="4.64605">
        <ele>61</ele>
      </trkpt>
      <trkpt lat="50.89272" lon="4.64595">
        <ele>61</ele>
      </trkpt>
      <trkpt lat="50.89263" lon="4.64582">
        <ele>65</ele>
      </trkpt>
      <trkpt lat="50.8922" lon="4.64539">
        <ele>64</ele>
      </trkpt>
      <trkpt lat="50.89211" lon="4.64536">
        <ele>65</ele>
      </trkpt>
      <trkpt lat="50.89203" lon="4.64536">
        <ele>65</ele>
      </trkpt>
      <trkpt lat="50.8919" lon="4.64545">
        <ele>66</ele>
      </trkpt>
      <trkpt lat="50.89186" lon="4.64551">
        <ele>66</ele>
      </trkpt>
      <trkpt lat="50.89179" lon="4.64566">
        <ele>70</ele>
      </trkpt>
      <trkpt lat="50.89172" lon="4.64599">
        <ele>72</ele>
      </trkpt>
      <trkpt lat="50.89165" lon="4.6462">
        <ele>72</ele>
      </trkpt>
      <trkpt lat="50.89154" lon="4.64604">
        <ele>72</ele>
      </trkpt>
      <trkpt lat="50.89183" lon="4.64485">
        <ele>65</ele>
      </trkpt>
      <trkpt lat="50.89199" lon="4.6444">
        <ele>65</ele>
      </trkpt>
      <trkpt lat="50.89214" lon="4.64418">
        <ele>64</ele>
      </trkpt>
      <trkpt lat="50.8925" lon="4.64395">
        <ele>63</ele>
      </trkpt>
      <trkpt lat="50.8927" lon="4.64391">
        <ele>57</ele>
      </trkpt>
      <trkpt lat="50.89285" lon="4.64393">
        <ele>56</ele>
      </trkpt>
      <trkpt lat="50.89297" lon="4.64403">
        <ele>56</ele>
      </trkpt>
      <trkpt lat="50.89308" lon="4.64418">
        <ele>56</ele>
      </trkpt>
      <trkpt lat="50.8932" lon="4.64424">
        <ele>56</ele>
      </trkpt>
      <trkpt lat="50.89338" lon="4.64418">
        <ele>55</ele>
      </trkpt>
      <trkpt lat="50.89358" lon="4.64402">
        <ele>50</ele>
      </trkpt>
      <trkpt lat="50.89388" lon="4.64393">
        <ele>50</ele>
      </trkpt>
      <trkpt lat="50.89415" lon="4.64379">
        <ele>49</ele>
      </trkpt>
      <trkpt lat="50.89469" lon="4.6432">
        <ele>43</ele>
      </trkpt>
      <trkpt lat="50.89485" lon="4.64311">
        <ele>43</ele>
      </trkpt>
      <trkpt lat="50.89552" lon="4.64297">
        <ele>38</ele>
      </trkpt>
      <trkpt lat="50.89568" lon="4.64292">
        <ele>38</ele>
      </trkpt>
      <trkpt lat="50.89574" lon="4.64287">
        <ele>38</ele>
      </trkpt>
      <trkpt lat="50.8959" lon="4.64307">
        <ele>38</ele>
      </trkpt>
      <trkpt lat="50.89616" lon="4.64327">
        <ele>36</ele>
      </trkpt>
      <trkpt lat="50.89719" lon="4.6435">
        <ele>35</ele>
      </trkpt>
      <trkpt lat="50.89735" lon="4.64353">
        <ele>35</ele>
      </trkpt>
      <trkpt lat="50.89748" lon="4.64349">
        <ele>35</ele>
      </trkpt>
      <trkpt lat="50.8976" lon="4.64323">
        <ele>35</ele>
      </trkpt>
      <trkpt lat="50.89771" lon="4.64287">
        <ele>34</ele>
      </trkpt>
      <trkpt lat="50.89796" lon="4.64188">
        <ele>34</ele>
      </trkpt>
      <trkpt lat="50.89844" lon="4.64019">
        <ele>35</ele>
      </trkpt>
      <trkpt lat="50.89902" lon="4.63808">
        <ele>36</ele>
      </trkpt>
      <trkpt lat="50.89965" lon="4.63581">
        <ele>33</ele>
      </trkpt>
      <trkpt lat="50.89984" lon="4.63489">
        <ele>33</ele>
      </trkpt>
      <trkpt lat="50.90017" lon="4.63321">
        <ele>32</ele>
      </trkpt>
      <trkpt lat="50.90015" lon="4.63283">
        <ele>33</ele>
      </trkpt>
      <trkpt lat="50.90011" lon="4.63234">
        <ele>34</ele>
      </trkpt>
      <trkpt lat="50.90008" lon="4.63213">
        <ele>34</ele>
      </trkpt>
      <trkpt lat="50.89938" lon="4.63034">
        <ele>34</ele>
      </trkpt>
      <trkpt lat="50.89935" lon="4.63019">
        <ele>34</ele>
      </trkpt>
      <trkpt lat="50.89931" lon="4.62995">
        <ele>34</ele>
      </trkpt>
      <trkpt lat="50.89935" lon="4.62839">
        <ele>33</ele>
      </trkpt>
      <trkpt lat="50.89934" lon="4.62826">
        <ele>33</ele>
      </trkpt>
      <trkpt lat="50.89927" lon="4.62803">
        <ele>34</ele>
      </trkpt>
      <trkpt lat="50.8992" lon="4.62771">
        <ele>35</ele>
      </trkpt>
      <trkpt lat="50.89915" lon="4.62711">
        <ele>35</ele>
      </trkpt>
      <trkpt lat="50.89918" lon="4.62709">
        <ele>35</ele>
      </trkpt>
      <trkpt lat="50.89921" lon="4.62701">
        <ele>35</ele>
      </trkpt>
      <trkpt lat="50.89922" lon="4.62696">
        <ele>35</ele>
      </trkpt>
      <trkpt lat="50.89921" lon="4.6269">
        <ele>35</ele>
      </trkpt>
      <trkpt lat="50.89915" lon="4.62682">
        <ele>35</ele>
      </trkpt>
      <trkpt lat="50.89911" lon="4.62682">
        <ele>35</ele>
      </trkpt>
      <trkpt lat="50.89905" lon="4.6262">
        <ele>35</ele>
      </trkpt>
      <trkpt lat="50.89904" lon="4.62546">
        <ele>35</ele>
      </trkpt>
      <trkpt lat="50.89904" lon="4.62504">
        <ele>35</ele>
      </trkpt>
      <trkpt lat="50.89906" lon="4.62495">
        <ele>35</ele>
      </trkpt>
      <trkpt lat="50.89906" lon="4.62373">
        <ele>34</ele>
      </trkpt>
      <trkpt lat="50.89909" lon="4.6233">
        <ele>34</ele>
      </trkpt>
      <trkpt lat="50.89909" lon="4.62293">
        <ele>33</ele>
      </trkpt>
      <trkpt lat="50.89905" lon="4.62173">
        <ele>33</ele>
      </trkpt>
      <trkpt lat="50.89902" lon="4.62144">
        <ele>32</ele>
      </trkpt>
      <trkpt lat="50.89895" lon="4.6193">
        <ele>32</ele>
      </trkpt>
      <trkpt lat="50.89896" lon="4.61915">
        <ele>32</ele>
      </trkpt>
      <trkpt lat="50.89893" lon="4.6189">
        <ele>32</ele>
      </trkpt>
      <trkpt lat="50.89882" lon="4.61747">
        <ele>32</ele>
      </trkpt>
      <trkpt lat="50.89879" lon="4.61685">
        <ele>32</ele>
      </trkpt>
      <trkpt lat="50.89876" lon="4.61656">
        <ele>31</ele>
      </trkpt>
      <trkpt lat="50.89869" lon="4.61647">
        <ele>31</ele>
      </trkpt>
      <trkpt lat="50.89871" lon="4.6164">
        <ele>31</ele>
      </trkpt>
      <trkpt lat="50.89861" lon="4.6163">
        <ele>31</ele>
      </trkpt>
      <trkpt lat="50.8985" lon="4.61613">
        <ele>31</ele>
      </trkpt>
      <trkpt lat="50.89807" lon="4.615">
        <ele>31</ele>
      </trkpt>
      <trkpt lat="50.89744" lon="4.61323">
        <ele>32</ele>
      </trkpt>
      <trkpt lat="50.89679" lon="4.61181">
        <ele>34</ele>
      </trkpt>
      <trkpt lat="50.89649" lon="4.61116">
        <ele>33</ele>
      </trkpt>
      <trkpt lat="50.89638" lon="4.61101">
        <ele>33</ele>
      </trkpt>
      <trkpt lat="50.89602" lon="4.61049">
        <ele>33</ele>
      </trkpt>
      <trkpt lat="50.89589" lon="4.61033">
        <ele>34</ele>
      </trkpt>
      <trkpt lat="50.89556" lon="4.60997">
        <ele>34</ele>
      </trkpt>
      <trkpt lat="50.89089" lon="4.60449">
        <ele>36</ele>
      </trkpt>
      <trkpt lat="50.88998" lon="4.60338">
        <ele>36</ele>
      </trkpt>
      <trkpt lat="50.88652" lon="4.59867">
        <ele>39</ele>
      </trkpt>
      <trkpt lat="50.88606" lon="4.59804">
        <ele>39</ele>
      </trkpt>
      <trkpt lat="50.88586" lon="4.59767">
        <ele>39</ele>
      </trkpt>
      <trkpt lat="50.88564" lon="4.59719">
        <ele>39</ele>
      </trkpt>
      <trkpt lat="50.88556" lon="4.59707">
        <ele>39</ele>
      </trkpt>
      <trkpt lat="50.88548" lon="4.59699">
        <ele>39</ele>
      </trkpt>
      <trkpt lat="50.88528" lon="4.59687">
        <ele>39</ele>
      </trkpt>
      <trkpt lat="50.88511" lon="4.59672">
        <ele>39</ele>
      </trkpt>
      <trkpt lat="50.88416" lon="4.59508">
        <ele>38</ele>
      </trkpt>
      <trkpt lat="50.88298" lon="4.59299">
        <ele>37</ele>
      </trkpt>
      <trkpt lat="50.8829" lon="4.5928">
        <ele>37</ele>
      </trkpt>
      <trkpt lat="50.88276" lon="4.59233">
        <ele>38</ele>
      </trkpt>
      <trkpt lat="50.88271" lon="4.59193">
        <ele>38</ele>
      </trkpt>
      <trkpt lat="50.88264" lon="4.59101">
        <ele>39</ele>
      </trkpt>
      <trkpt lat="50.88254" lon="4.59057">
        <ele>40</ele>
      </trkpt>
      <trkpt lat="50.88237" lon="4.59015">
        <ele>40</ele>
      </trkpt>
      <trkpt lat="50.88231" lon="4.59003">
        <ele>40</ele>
      </trkpt>
      <trkpt lat="50.88186" lon="4.58927">
        <ele>41</ele>
      </trkpt>
      <trkpt lat="50.88142" lon="4.58848">
        <ele>44</ele>
      </trkpt>
      <trkpt lat="50.88106" lon="4.58778">
        <ele>44</ele>
      </trkpt>
      <trkpt lat="50.88084" lon="4.58736">
        <ele>44</ele>
      </trkpt>
      <trkpt lat="50.88067" lon="4.58698">
        <ele>44</ele>
      </trkpt>
      <trkpt lat="50.88022" lon="4.58613">
        <ele>43</ele>
      </trkpt>
      <trkpt lat="50.88096" lon="4.58524">
        <ele>41</ele>
      </trkpt>
      <trkpt lat="50.88147" lon="4.58463">
        <ele>40</ele>
      </trkpt>
      <trkpt lat="50.88201" lon="4.58382">
        <ele>38</ele>
      </trkpt>
      <trkpt lat="50.88308" lon="4.58191">
        <ele>40</ele>
      </trkpt>
      <trkpt lat="50.88302" lon="4.58173">
        <ele>39</ele>
      </trkpt>
      <trkpt lat="50.8826" lon="4.58019">
        <ele>37</ele>
      </trkpt>
      <trkpt lat="50.88194" lon="4.57805">
        <ele>37</ele>
      </trkpt>
      <trkpt lat="50.8813" lon="4.57657">
        <ele>40</ele>
      </trkpt>
      <trkpt lat="50.88125" lon="4.57644">
        <ele>40</ele>
      </trkpt>
      <trkpt lat="50.88015" lon="4.57443">
        <ele>42</ele>
      </trkpt>
      <trkpt lat="50.8799" lon="4.57392">
        <ele>44</ele>
      </trkpt>
      <trkpt lat="50.87931" lon="4.57211">
        <ele>47</ele>
      </trkpt>
      <trkpt lat="50.87882" lon="4.57121">
        <ele>48</ele>
      </trkpt>
      <trkpt lat="50.87866" lon="4.57102">
        <ele>49</ele>
      </trkpt>
      <trkpt lat="50.87829" lon="4.57074">
        <ele>51</ele>
      </trkpt>
      <trkpt lat="50.87821" lon="4.57058">
        <ele>52</ele>
      </trkpt>
      <trkpt lat="50.8781" lon="4.57023">
        <ele>52</ele>
      </trkpt>
      <trkpt lat="50.87798" lon="4.56991">
        <ele>51</ele>
      </trkpt>
      <trkpt lat="50.87779" lon="4.5695">
        <ele>52</ele>
      </trkpt>
      <trkpt lat="50.87767" lon="4.56929">
        <ele>52</ele>
      </trkpt>
    </trkseg>
  </trk>
</gpx>
