<?xml version="1.0" encoding="UTF-8"?>
<gpx xmlns="http://www.topografix.com/GPX/1/1" creator="RouteYou" version="1.1" xmlns:xsi="http://www.w3.org/2001/XMLSchema-instance" xsi:schemaLocation="http://www.topografix.com/GPX/1/1 http://www.topografix.com/GPX/1/1/gpx.xsd">
  <trk>
    <name>Herselt 2025</name>
    <desc></desc>
    <trkseg>
      <trkpt lat="50.87889" lon="4.55163">
        <ele>53</ele>
      </trkpt>
      <trkpt lat="50.87926" lon="4.5547">
        <ele>51</ele>
      </trkpt>
      <trkpt lat="50.87933" lon="4.55516">
        <ele>54</ele>
      </trkpt>
      <trkpt lat="50.87985" lon="4.55718">
        <ele>55</ele>
      </trkpt>
      <trkpt lat="50.88046" lon="4.5608">
        <ele>59</ele>
      </trkpt>
      <trkpt lat="50.88051" lon="4.56157">
        <ele>59</ele>
      </trkpt>
      <trkpt lat="50.88048" lon="4.56195">
        <ele>59</ele>
      </trkpt>
      <trkpt lat="50.88009" lon="4.56401">
        <ele>51</ele>
      </trkpt>
      <trkpt lat="50.88006" lon="4.56426">
        <ele>50</ele>
      </trkpt>
      <trkpt lat="50.88009" lon="4.56619">
        <ele>46</ele>
      </trkpt>
      <trkpt lat="50.88004" lon="4.56625">
        <ele>46</ele>
      </trkpt>
      <trkpt lat="50.88002" lon="4.56636">
        <ele>46</ele>
      </trkpt>
      <trkpt lat="50.87886" lon="4.567">
        <ele>46</ele>
      </trkpt>
      <trkpt lat="50.87799" lon="4.56774">
        <ele>50</ele>
      </trkpt>
      <trkpt lat="50.87784" lon="4.56786">
        <ele>50</ele>
      </trkpt>
      <trkpt lat="50.87739" lon="4.5681">
        <ele>53</ele>
      </trkpt>
      <trkpt lat="50.87734" lon="4.56801">
        <ele>53</ele>
      </trkpt>
      <trkpt lat="50.8773" lon="4.568">
        <ele>53</ele>
      </trkpt>
      <trkpt lat="50.87725" lon="4.56802">
        <ele>53</ele>
      </trkpt>
      <trkpt lat="50.87722" lon="4.56807">
        <ele>53</ele>
      </trkpt>
      <trkpt lat="50.87719" lon="4.56816">
        <ele>53</ele>
      </trkpt>
      <trkpt lat="50.87721" lon="4.56826">
        <ele>53</ele>
      </trkpt>
      <trkpt lat="50.87727" lon="4.56833">
        <ele>54</ele>
      </trkpt>
      <trkpt lat="50.87731" lon="4.56833">
        <ele>54</ele>
      </trkpt>
      <trkpt lat="50.87735" lon="4.56861">
        <ele>54</ele>
      </trkpt>
      <trkpt lat="50.87748" lon="4.56894">
        <ele>54</ele>
      </trkpt>
      <trkpt lat="50.87779" lon="4.5695">
        <ele>52</ele>
      </trkpt>
      <trkpt lat="50.87798" lon="4.56991">
        <ele>51</ele>
      </trkpt>
      <trkpt lat="50.8781" lon="4.57023">
        <ele>52</ele>
      </trkpt>
      <trkpt lat="50.87821" lon="4.57058">
        <ele>52</ele>
      </trkpt>
      <trkpt lat="50.87829" lon="4.57074">
        <ele>51</ele>
      </trkpt>
      <trkpt lat="50.87864" lon="4.57101">
        <ele>49</ele>
      </trkpt>
      <trkpt lat="50.87882" lon="4.57121">
        <ele>48</ele>
      </trkpt>
      <trkpt lat="50.87904" lon="4.5716">
        <ele>48</ele>
      </trkpt>
      <trkpt lat="50.87806" lon="4.57267">
        <ele>49</ele>
      </trkpt>
      <trkpt lat="50.87814" lon="4.57283">
        <ele>50</ele>
      </trkpt>
      <trkpt lat="50.87817" lon="4.57421">
        <ele>47</ele>
      </trkpt>
      <trkpt lat="50.87827" lon="4.57621">
        <ele>44</ele>
      </trkpt>
      <trkpt lat="50.87824" lon="4.57643">
        <ele>44</ele>
      </trkpt>
      <trkpt lat="50.87781" lon="4.57879">
        <ele>42</ele>
      </trkpt>
      <trkpt lat="50.87738" lon="4.58122">
        <ele>43</ele>
      </trkpt>
      <trkpt lat="50.87737" lon="4.58137">
        <ele>43</ele>
      </trkpt>
      <trkpt lat="50.87738" lon="4.58164">
        <ele>43</ele>
      </trkpt>
      <trkpt lat="50.87751" lon="4.58221">
        <ele>43</ele>
      </trkpt>
      <trkpt lat="50.87794" lon="4.58336">
        <ele>42</ele>
      </trkpt>
      <trkpt lat="50.87813" lon="4.5838">
        <ele>42</ele>
      </trkpt>
      <trkpt lat="50.8783" lon="4.58408">
        <ele>42</ele>
      </trkpt>
      <trkpt lat="50.87913" lon="4.58536">
        <ele>42</ele>
      </trkpt>
      <trkpt lat="50.87931" lon="4.58544">
        <ele>42</ele>
      </trkpt>
      <trkpt lat="50.8797" lon="4.58535">
        <ele>42</ele>
      </trkpt>
      <trkpt lat="50.87982" lon="4.58539">
        <ele>42</ele>
      </trkpt>
      <trkpt lat="50.87988" lon="4.58545">
        <ele>42</ele>
      </trkpt>
      <trkpt lat="50.88026" lon="4.58619">
        <ele>43</ele>
      </trkpt>
      <trkpt lat="50.88142" lon="4.58848">
        <ele>44</ele>
      </trkpt>
      <trkpt lat="50.88237" lon="4.59015">
        <ele>40</ele>
      </trkpt>
      <trkpt lat="50.88254" lon="4.59057">
        <ele>40</ele>
      </trkpt>
      <trkpt lat="50.8826" lon="4.5908">
        <ele>39</ele>
      </trkpt>
      <trkpt lat="50.88264" lon="4.59101">
        <ele>39</ele>
      </trkpt>
      <trkpt lat="50.88267" lon="4.59131">
        <ele>38</ele>
      </trkpt>
      <trkpt lat="50.88271" lon="4.59193">
        <ele>38</ele>
      </trkpt>
      <trkpt lat="50.88276" lon="4.59233">
        <ele>38</ele>
      </trkpt>
      <trkpt lat="50.8829" lon="4.5928">
        <ele>37</ele>
      </trkpt>
      <trkpt lat="50.88301" lon="4.59304">
        <ele>37</ele>
      </trkpt>
      <trkpt lat="50.88416" lon="4.59508">
        <ele>38</ele>
      </trkpt>
      <trkpt lat="50.88511" lon="4.59672">
        <ele>39</ele>
      </trkpt>
      <trkpt lat="50.88528" lon="4.59687">
        <ele>39</ele>
      </trkpt>
      <trkpt lat="50.88548" lon="4.59699">
        <ele>39</ele>
      </trkpt>
      <trkpt lat="50.88564" lon="4.59719">
        <ele>39</ele>
      </trkpt>
      <trkpt lat="50.88586" lon="4.59767">
        <ele>39</ele>
      </trkpt>
      <trkpt lat="50.88606" lon="4.59804">
        <ele>39</ele>
      </trkpt>
      <trkpt lat="50.88998" lon="4.60338">
        <ele>36</ele>
      </trkpt>
      <trkpt lat="50.8911" lon="4.60475">
        <ele>35</ele>
      </trkpt>
      <trkpt lat="50.89556" lon="4.60997">
        <ele>34</ele>
      </trkpt>
      <trkpt lat="50.89606" lon="4.61054">
        <ele>33</ele>
      </trkpt>
      <trkpt lat="50.89649" lon="4.61116">
        <ele>33</ele>
      </trkpt>
      <trkpt lat="50.89744" lon="4.61323">
        <ele>32</ele>
      </trkpt>
      <trkpt lat="50.89845" lon="4.61597">
        <ele>32</ele>
      </trkpt>
      <trkpt lat="50.89853" lon="4.61616">
        <ele>31</ele>
      </trkpt>
      <trkpt lat="50.89862" lon="4.6163">
        <ele>31</ele>
      </trkpt>
      <trkpt lat="50.89871" lon="4.6164">
        <ele>31</ele>
      </trkpt>
      <trkpt lat="50.89885" lon="4.61652">
        <ele>31</ele>
      </trkpt>
      <trkpt lat="50.89983" lon="4.61694">
        <ele>31</ele>
      </trkpt>
      <trkpt lat="50.89995" lon="4.61701">
        <ele>31</ele>
      </trkpt>
      <trkpt lat="50.90001" lon="4.61706">
        <ele>31</ele>
      </trkpt>
      <trkpt lat="50.90016" lon="4.61727">
        <ele>31</ele>
      </trkpt>
      <trkpt lat="50.90022" lon="4.61739">
        <ele>30</ele>
      </trkpt>
      <trkpt lat="50.90029" lon="4.61759">
        <ele>30</ele>
      </trkpt>
      <trkpt lat="50.90083" lon="4.6201">
        <ele>30</ele>
      </trkpt>
      <trkpt lat="50.90095" lon="4.62076">
        <ele>30</ele>
      </trkpt>
      <trkpt lat="50.90107" lon="4.62174">
        <ele>30</ele>
      </trkpt>
      <trkpt lat="50.90116" lon="4.62233">
        <ele>30</ele>
      </trkpt>
      <trkpt lat="50.90119" lon="4.62249">
        <ele>30</ele>
      </trkpt>
      <trkpt lat="50.90126" lon="4.62264">
        <ele>30</ele>
      </trkpt>
      <trkpt lat="50.90122" lon="4.62287">
        <ele>30</ele>
      </trkpt>
      <trkpt lat="50.90123" lon="4.62295">
        <ele>30</ele>
      </trkpt>
      <trkpt lat="50.90134" lon="4.62334">
        <ele>30</ele>
      </trkpt>
      <trkpt lat="50.90135" lon="4.62348">
        <ele>30</ele>
      </trkpt>
      <trkpt lat="50.90141" lon="4.62375">
        <ele>31</ele>
      </trkpt>
      <trkpt lat="50.90146" lon="4.62381">
        <ele>30</ele>
      </trkpt>
      <trkpt lat="50.90152" lon="4.62407">
        <ele>30</ele>
      </trkpt>
      <trkpt lat="50.90152" lon="4.62418">
        <ele>30</ele>
      </trkpt>
      <trkpt lat="50.90158" lon="4.62479">
        <ele>30</ele>
      </trkpt>
      <trkpt lat="50.90163" lon="4.62533">
        <ele>31</ele>
      </trkpt>
      <trkpt lat="50.90166" lon="4.62542">
        <ele>31</ele>
      </trkpt>
      <trkpt lat="50.9017" lon="4.62603">
        <ele>31</ele>
      </trkpt>
      <trkpt lat="50.90172" lon="4.62619">
        <ele>31</ele>
      </trkpt>
      <trkpt lat="50.90169" lon="4.62634">
        <ele>31</ele>
      </trkpt>
      <trkpt lat="50.90171" lon="4.62653">
        <ele>31</ele>
      </trkpt>
      <trkpt lat="50.90161" lon="4.62718">
        <ele>30</ele>
      </trkpt>
      <trkpt lat="50.90057" lon="4.6321">
        <ele>32</ele>
      </trkpt>
      <trkpt lat="50.90073" lon="4.63424">
        <ele>30</ele>
      </trkpt>
      <trkpt lat="50.90078" lon="4.63456">
        <ele>30</ele>
      </trkpt>
      <trkpt lat="50.90084" lon="4.63485">
        <ele>30</ele>
      </trkpt>
      <trkpt lat="50.90189" lon="4.63842">
        <ele>29</ele>
      </trkpt>
      <trkpt lat="50.90199" lon="4.63897">
        <ele>29</ele>
      </trkpt>
      <trkpt lat="50.90206" lon="4.63972">
        <ele>30</ele>
      </trkpt>
      <trkpt lat="50.90215" lon="4.64136">
        <ele>30</ele>
      </trkpt>
      <trkpt lat="50.90222" lon="4.64174">
        <ele>30</ele>
      </trkpt>
      <trkpt lat="50.9023" lon="4.64209">
        <ele>30</ele>
      </trkpt>
      <trkpt lat="50.9026" lon="4.64315">
        <ele>30</ele>
      </trkpt>
      <trkpt lat="50.90285" lon="4.64381">
        <ele>31</ele>
      </trkpt>
      <trkpt lat="50.90295" lon="4.64414">
        <ele>31</ele>
      </trkpt>
      <trkpt lat="50.90301" lon="4.64456">
        <ele>31</ele>
      </trkpt>
      <trkpt lat="50.90306" lon="4.64515">
        <ele>31</ele>
      </trkpt>
      <trkpt lat="50.90309" lon="4.64567">
        <ele>31</ele>
      </trkpt>
      <trkpt lat="50.90308" lon="4.64582">
        <ele>30</ele>
      </trkpt>
      <trkpt lat="50.9031" lon="4.64585">
        <ele>30</ele>
      </trkpt>
      <trkpt lat="50.90313" lon="4.64594">
        <ele>30</ele>
      </trkpt>
      <trkpt lat="50.90434" lon="4.64538">
        <ele>30</ele>
      </trkpt>
      <trkpt lat="50.91197" lon="4.63952">
        <ele>29</ele>
      </trkpt>
      <trkpt lat="50.91238" lon="4.6393">
        <ele>30</ele>
      </trkpt>
      <trkpt lat="50.9128" lon="4.63916">
        <ele>29</ele>
      </trkpt>
      <trkpt lat="50.91435" lon="4.63889">
        <ele>25</ele>
      </trkpt>
      <trkpt lat="50.91465" lon="4.63881">
        <ele>24</ele>
      </trkpt>
      <trkpt lat="50.91539" lon="4.63853">
        <ele>26</ele>
      </trkpt>
      <trkpt lat="50.91953" lon="4.63633">
        <ele>17</ele>
      </trkpt>
      <trkpt lat="50.92009" lon="4.63596">
        <ele>17</ele>
      </trkpt>
      <trkpt lat="50.92047" lon="4.63563">
        <ele>18</ele>
      </trkpt>
      <trkpt lat="50.92075" lon="4.63533">
        <ele>18</ele>
      </trkpt>
      <trkpt lat="50.9209" lon="4.63513">
        <ele>18</ele>
      </trkpt>
      <trkpt lat="50.92226" lon="4.63297">
        <ele>20</ele>
      </trkpt>
      <trkpt lat="50.92254" lon="4.63258">
        <ele>20</ele>
      </trkpt>
      <trkpt lat="50.92278" lon="4.63232">
        <ele>20</ele>
      </trkpt>
      <trkpt lat="50.92459" lon="4.63054">
        <ele>18</ele>
      </trkpt>
      <trkpt lat="50.92525" lon="4.62997">
        <ele>18</ele>
      </trkpt>
      <trkpt lat="50.9255" lon="4.62983">
        <ele>17</ele>
      </trkpt>
      <trkpt lat="50.92566" lon="4.62977">
        <ele>17</ele>
      </trkpt>
      <trkpt lat="50.92593" lon="4.62975">
        <ele>17</ele>
      </trkpt>
      <trkpt lat="50.92633" lon="4.62979">
        <ele>18</ele>
      </trkpt>
      <trkpt lat="50.92662" lon="4.62994">
        <ele>18</ele>
      </trkpt>
      <trkpt lat="50.92815" lon="4.63085">
        <ele>17</ele>
      </trkpt>
      <trkpt lat="50.92834" lon="4.63089">
        <ele>17</ele>
      </trkpt>
      <trkpt lat="50.92859" lon="4.6309">
        <ele>17</ele>
      </trkpt>
      <trkpt lat="50.93143" lon="4.63045">
        <ele>17</ele>
      </trkpt>
      <trkpt lat="50.93151" lon="4.63048">
        <ele>18</ele>
      </trkpt>
      <trkpt lat="50.93161" lon="4.63056">
        <ele>18</ele>
      </trkpt>
      <trkpt lat="50.93207" lon="4.63109">
        <ele>17</ele>
      </trkpt>
      <trkpt lat="50.93302" lon="4.63265">
        <ele>17</ele>
      </trkpt>
      <trkpt lat="50.93315" lon="4.63288">
        <ele>17</ele>
      </trkpt>
      <trkpt lat="50.93329" lon="4.63327">
        <ele>17</ele>
      </trkpt>
      <trkpt lat="50.93366" lon="4.63484">
        <ele>17</ele>
      </trkpt>
      <trkpt lat="50.93422" lon="4.63694">
        <ele>16</ele>
      </trkpt>
      <trkpt lat="50.93435" lon="4.63751">
        <ele>16</ele>
      </trkpt>
      <trkpt lat="50.93438" lon="4.63769">
        <ele>16</ele>
      </trkpt>
      <trkpt lat="50.93438" lon="4.63789">
        <ele>16</ele>
      </trkpt>
      <trkpt lat="50.93434" lon="4.63844">
        <ele>15</ele>
      </trkpt>
      <trkpt lat="50.93434" lon="4.63887">
        <ele>15</ele>
      </trkpt>
      <trkpt lat="50.9344" lon="4.64009">
        <ele>16</ele>
      </trkpt>
      <trkpt lat="50.93443" lon="4.64018">
        <ele>16</ele>
      </trkpt>
      <trkpt lat="50.93448" lon="4.64023">
        <ele>16</ele>
      </trkpt>
      <trkpt lat="50.93455" lon="4.64024">
        <ele>16</ele>
      </trkpt>
      <trkpt lat="50.93651" lon="4.63953">
        <ele>16</ele>
      </trkpt>
      <trkpt lat="50.93679" lon="4.63938">
        <ele>16</ele>
      </trkpt>
      <trkpt lat="50.93714" lon="4.6391">
        <ele>15</ele>
      </trkpt>
      <trkpt lat="50.93806" lon="4.63817">
        <ele>15</ele>
      </trkpt>
      <trkpt lat="50.93824" lon="4.63802">
        <ele>15</ele>
      </trkpt>
      <trkpt lat="50.9383" lon="4.63799">
        <ele>15</ele>
      </trkpt>
      <trkpt lat="50.93841" lon="4.63802">
        <ele>15</ele>
      </trkpt>
      <trkpt lat="50.93845" lon="4.63806">
        <ele>15</ele>
      </trkpt>
      <trkpt lat="50.93853" lon="4.63812">
        <ele>15</ele>
      </trkpt>
      <trkpt lat="50.94171" lon="4.64246">
        <ele>14</ele>
      </trkpt>
      <trkpt lat="50.94264" lon="4.64366">
        <ele>14</ele>
      </trkpt>
      <trkpt lat="50.94323" lon="4.64458">
        <ele>14</ele>
      </trkpt>
      <trkpt lat="50.94328" lon="4.64463">
        <ele>14</ele>
      </trkpt>
      <trkpt lat="50.94356" lon="4.64471">
        <ele>15</ele>
      </trkpt>
      <trkpt lat="50.94476" lon="4.64505">
        <ele>15</ele>
      </trkpt>
      <trkpt lat="50.94488" lon="4.64505">
        <ele>15</ele>
      </trkpt>
      <trkpt lat="50.94508" lon="4.64499">
        <ele>15</ele>
      </trkpt>
      <trkpt lat="50.94514" lon="4.64496">
        <ele>15</ele>
      </trkpt>
      <trkpt lat="50.94682" lon="4.64344">
        <ele>15</ele>
      </trkpt>
      <trkpt lat="50.94684" lon="4.64349">
        <ele>15</ele>
      </trkpt>
      <trkpt lat="50.94695" lon="4.64351">
        <ele>14</ele>
      </trkpt>
      <trkpt lat="50.94725" lon="4.64364">
        <ele>13</ele>
      </trkpt>
      <trkpt lat="50.94727" lon="4.64355">
        <ele>13</ele>
      </trkpt>
      <trkpt lat="50.94745" lon="4.64269">
        <ele>14</ele>
      </trkpt>
      <trkpt lat="50.94758" lon="4.64222">
        <ele>14</ele>
      </trkpt>
      <trkpt lat="50.94768" lon="4.64194">
        <ele>14</ele>
      </trkpt>
      <trkpt lat="50.94781" lon="4.64184">
        <ele>14</ele>
      </trkpt>
      <trkpt lat="50.9479" lon="4.64172">
        <ele>14</ele>
      </trkpt>
      <trkpt lat="50.94802" lon="4.64162">
        <ele>14</ele>
      </trkpt>
      <trkpt lat="50.94822" lon="4.64155">
        <ele>14</ele>
      </trkpt>
      <trkpt lat="50.94848" lon="4.64154">
        <ele>14</ele>
      </trkpt>
      <trkpt lat="50.94865" lon="4.64159">
        <ele>13</ele>
      </trkpt>
      <trkpt lat="50.94883" lon="4.64172">
        <ele>13</ele>
      </trkpt>
      <trkpt lat="50.94898" lon="4.64191">
        <ele>12</ele>
      </trkpt>
      <trkpt lat="50.94927" lon="4.6422">
        <ele>12</ele>
      </trkpt>
      <trkpt lat="50.94941" lon="4.64228">
        <ele>12</ele>
      </trkpt>
      <trkpt lat="50.9496" lon="4.64232">
        <ele>12</ele>
      </trkpt>
      <trkpt lat="50.95066" lon="4.64232">
        <ele>12</ele>
      </trkpt>
      <trkpt lat="50.95089" lon="4.64224">
        <ele>12</ele>
      </trkpt>
      <trkpt lat="50.95101" lon="4.64215">
        <ele>11</ele>
      </trkpt>
      <trkpt lat="50.95132" lon="4.64181">
        <ele>11</ele>
      </trkpt>
      <trkpt lat="50.95157" lon="4.64147">
        <ele>10</ele>
      </trkpt>
      <trkpt lat="50.95177" lon="4.64107">
        <ele>10</ele>
      </trkpt>
      <trkpt lat="50.9519" lon="4.64072">
        <ele>10</ele>
      </trkpt>
      <trkpt lat="50.95196" lon="4.64059">
        <ele>10</ele>
      </trkpt>
      <trkpt lat="50.95214" lon="4.64033">
        <ele>10</ele>
      </trkpt>
      <trkpt lat="50.95282" lon="4.63968">
        <ele>13</ele>
      </trkpt>
      <trkpt lat="50.95296" lon="4.63959">
        <ele>13</ele>
      </trkpt>
      <trkpt lat="50.9531" lon="4.63953">
        <ele>13</ele>
      </trkpt>
      <trkpt lat="50.95353" lon="4.63949">
        <ele>13</ele>
      </trkpt>
      <trkpt lat="50.95408" lon="4.63953">
        <ele>13</ele>
      </trkpt>
      <trkpt lat="50.95502" lon="4.63962">
        <ele>12</ele>
      </trkpt>
      <trkpt lat="50.95519" lon="4.63959">
        <ele>12</ele>
      </trkpt>
      <trkpt lat="50.95557" lon="4.63943">
        <ele>11</ele>
      </trkpt>
      <trkpt lat="50.95573" lon="4.63935">
        <ele>12</ele>
      </trkpt>
      <trkpt lat="50.95574" lon="4.63942">
        <ele>12</ele>
      </trkpt>
      <trkpt lat="50.95575" lon="4.63948">
        <ele>12</ele>
      </trkpt>
      <trkpt lat="50.95574" lon="4.63962">
        <ele>12</ele>
      </trkpt>
      <trkpt lat="50.9555" lon="4.64069">
        <ele>12</ele>
      </trkpt>
      <trkpt lat="50.95546" lon="4.64102">
        <ele>12</ele>
      </trkpt>
      <trkpt lat="50.95545" lon="4.64128">
        <ele>12</ele>
      </trkpt>
      <trkpt lat="50.95547" lon="4.64163">
        <ele>11</ele>
      </trkpt>
      <trkpt lat="50.95564" lon="4.64339">
        <ele>10</ele>
      </trkpt>
      <trkpt lat="50.9557" lon="4.64383">
        <ele>10</ele>
      </trkpt>
      <trkpt lat="50.95619" lon="4.64643">
        <ele>11</ele>
      </trkpt>
      <trkpt lat="50.95634" lon="4.64744">
        <ele>11</ele>
      </trkpt>
      <trkpt lat="50.95644" lon="4.64793">
        <ele>11</ele>
      </trkpt>
      <trkpt lat="50.95654" lon="4.64818">
        <ele>11</ele>
      </trkpt>
      <trkpt lat="50.9568" lon="4.64873">
        <ele>11</ele>
      </trkpt>
      <trkpt lat="50.95696" lon="4.64925">
        <ele>11</ele>
      </trkpt>
      <trkpt lat="50.95705" lon="4.64995">
        <ele>10</ele>
      </trkpt>
      <trkpt lat="50.95707" lon="4.65023">
        <ele>10</ele>
      </trkpt>
      <trkpt lat="50.95711" lon="4.65282">
        <ele>10</ele>
      </trkpt>
      <trkpt lat="50.95726" lon="4.6551">
        <ele>12</ele>
      </trkpt>
      <trkpt lat="50.95726" lon="4.65582">
        <ele>12</ele>
      </trkpt>
      <trkpt lat="50.95748" lon="4.65592">
        <ele>12</ele>
      </trkpt>
      <trkpt lat="50.95768" lon="4.65604">
        <ele>11</ele>
      </trkpt>
      <trkpt lat="50.95788" lon="4.65609">
        <ele>11</ele>
      </trkpt>
      <trkpt lat="50.9581" lon="4.65605">
        <ele>11</ele>
      </trkpt>
      <trkpt lat="50.95848" lon="4.65594">
        <ele>10</ele>
      </trkpt>
      <trkpt lat="50.95867" lon="4.65595">
        <ele>9</ele>
      </trkpt>
      <trkpt lat="50.95894" lon="4.6561">
        <ele>9</ele>
      </trkpt>
      <trkpt lat="50.95955" lon="4.65661">
        <ele>9</ele>
      </trkpt>
      <trkpt lat="50.96002" lon="4.65708">
        <ele>9</ele>
      </trkpt>
      <trkpt lat="50.96045" lon="4.6574">
        <ele>9</ele>
      </trkpt>
      <trkpt lat="50.96046" lon="4.65746">
        <ele>9</ele>
      </trkpt>
      <trkpt lat="50.96045" lon="4.65748">
        <ele>8</ele>
      </trkpt>
      <trkpt lat="50.96023" lon="4.65801">
        <ele>8</ele>
      </trkpt>
      <trkpt lat="50.96012" lon="4.65864">
        <ele>8</ele>
      </trkpt>
      <trkpt lat="50.96012" lon="4.65879">
        <ele>8</ele>
      </trkpt>
      <trkpt lat="50.96015" lon="4.65891">
        <ele>8</ele>
      </trkpt>
      <trkpt lat="50.96061" lon="4.65934">
        <ele>8</ele>
      </trkpt>
      <trkpt lat="50.96094" lon="4.6597">
        <ele>8</ele>
      </trkpt>
      <trkpt lat="50.9617" lon="4.66069">
        <ele>7</ele>
      </trkpt>
      <trkpt lat="50.9621" lon="4.66135">
        <ele>7</ele>
      </trkpt>
      <trkpt lat="50.96255" lon="4.66196">
        <ele>7</ele>
      </trkpt>
      <trkpt lat="50.96303" lon="4.66256">
        <ele>7</ele>
      </trkpt>
      <trkpt lat="50.96323" lon="4.6623">
        <ele>7</ele>
      </trkpt>
      <trkpt lat="50.96345" lon="4.66208">
        <ele>7</ele>
      </trkpt>
      <trkpt lat="50.96361" lon="4.662">
        <ele>7</ele>
      </trkpt>
      <trkpt lat="50.964" lon="4.66195">
        <ele>7</ele>
      </trkpt>
      <trkpt lat="50.96895" lon="4.66181">
        <ele>8</ele>
      </trkpt>
      <trkpt lat="50.96931" lon="4.66172">
        <ele>8</ele>
      </trkpt>
      <trkpt lat="50.96982" lon="4.66153">
        <ele>9</ele>
      </trkpt>
      <trkpt lat="50.9714" lon="4.66053">
        <ele>8</ele>
      </trkpt>
      <trkpt lat="50.97167" lon="4.6604">
        <ele>8</ele>
      </trkpt>
      <trkpt lat="50.97184" lon="4.66038">
        <ele>8</ele>
      </trkpt>
      <trkpt lat="50.97211" lon="4.66039">
        <ele>8</ele>
      </trkpt>
      <trkpt lat="50.97252" lon="4.66047">
        <ele>7</ele>
      </trkpt>
      <trkpt lat="50.97288" lon="4.66064">
        <ele>7</ele>
      </trkpt>
      <trkpt lat="50.97294" lon="4.66063">
        <ele>7</ele>
      </trkpt>
      <trkpt lat="50.97463" lon="4.66032">
        <ele>8</ele>
      </trkpt>
      <trkpt lat="50.97489" lon="4.66023">
        <ele>8</ele>
      </trkpt>
      <trkpt lat="50.97517" lon="4.66011">
        <ele>8</ele>
      </trkpt>
      <trkpt lat="50.97585" lon="4.65976">
        <ele>8</ele>
      </trkpt>
      <trkpt lat="50.97601" lon="4.66042">
        <ele>8</ele>
      </trkpt>
      <trkpt lat="50.97635" lon="4.66174">
        <ele>7</ele>
      </trkpt>
      <trkpt lat="50.97639" lon="4.66202">
        <ele>7</ele>
      </trkpt>
      <trkpt lat="50.97636" lon="4.66422">
        <ele>6</ele>
      </trkpt>
      <trkpt lat="50.97631" lon="4.66459">
        <ele>6</ele>
      </trkpt>
      <trkpt lat="50.9762" lon="4.66501">
        <ele>6</ele>
      </trkpt>
      <trkpt lat="50.97619" lon="4.66517">
        <ele>6</ele>
      </trkpt>
      <trkpt lat="50.97625" lon="4.66571">
        <ele>7</ele>
      </trkpt>
      <trkpt lat="50.97622" lon="4.66591">
        <ele>8</ele>
      </trkpt>
      <trkpt lat="50.97618" lon="4.66605">
        <ele>8</ele>
      </trkpt>
      <trkpt lat="50.97587" lon="4.66696">
        <ele>8</ele>
      </trkpt>
      <trkpt lat="50.97579" lon="4.66708">
        <ele>8</ele>
      </trkpt>
      <trkpt lat="50.97572" lon="4.66714">
        <ele>8</ele>
      </trkpt>
      <trkpt lat="50.97547" lon="4.66725">
        <ele>8</ele>
      </trkpt>
      <trkpt lat="50.97539" lon="4.66731">
        <ele>8</ele>
      </trkpt>
      <trkpt lat="50.97533" lon="4.6674">
        <ele>8</ele>
      </trkpt>
      <trkpt lat="50.97528" lon="4.66751">
        <ele>9</ele>
      </trkpt>
      <trkpt lat="50.97524" lon="4.66767">
        <ele>9</ele>
      </trkpt>
      <trkpt lat="50.97515" lon="4.66863">
        <ele>8</ele>
      </trkpt>
      <trkpt lat="50.97496" lon="4.66979">
        <ele>8</ele>
      </trkpt>
      <trkpt lat="50.97493" lon="4.6702">
        <ele>8</ele>
      </trkpt>
      <trkpt lat="50.97493" lon="4.67081">
        <ele>7</ele>
      </trkpt>
      <trkpt lat="50.97499" lon="4.67126">
        <ele>7</ele>
      </trkpt>
      <trkpt lat="50.97504" lon="4.67143">
        <ele>7</ele>
      </trkpt>
      <trkpt lat="50.97536" lon="4.67218">
        <ele>6</ele>
      </trkpt>
      <trkpt lat="50.97539" lon="4.67232">
        <ele>6</ele>
      </trkpt>
      <trkpt lat="50.97551" lon="4.67332">
        <ele>7</ele>
      </trkpt>
      <trkpt lat="50.97562" lon="4.6741">
        <ele>7</ele>
      </trkpt>
      <trkpt lat="50.97575" lon="4.67484">
        <ele>8</ele>
      </trkpt>
      <trkpt lat="50.97596" lon="4.67561">
        <ele>8</ele>
      </trkpt>
      <trkpt lat="50.97629" lon="4.67664">
        <ele>7</ele>
      </trkpt>
      <trkpt lat="50.97659" lon="4.67746">
        <ele>7</ele>
      </trkpt>
      <trkpt lat="50.97661" lon="4.67755">
        <ele>7</ele>
      </trkpt>
      <trkpt lat="50.9766" lon="4.67764">
        <ele>7</ele>
      </trkpt>
      <trkpt lat="50.97658" lon="4.67773">
        <ele>7</ele>
      </trkpt>
      <trkpt lat="50.97617" lon="4.67849">
        <ele>8</ele>
      </trkpt>
      <trkpt lat="50.97614" lon="4.67859">
        <ele>8</ele>
      </trkpt>
      <trkpt lat="50.97612" lon="4.67873">
        <ele>8</ele>
      </trkpt>
      <trkpt lat="50.97613" lon="4.67886">
        <ele>8</ele>
      </trkpt>
      <trkpt lat="50.97634" lon="4.67983">
        <ele>8</ele>
      </trkpt>
      <trkpt lat="50.97652" lon="4.68048">
        <ele>8</ele>
      </trkpt>
      <trkpt lat="50.97667" lon="4.68094">
        <ele>8</ele>
      </trkpt>
      <trkpt lat="50.97697" lon="4.68178">
        <ele>9</ele>
      </trkpt>
      <trkpt lat="50.97701" lon="4.68197">
        <ele>9</ele>
      </trkpt>
      <trkpt lat="50.97703" lon="4.68243">
        <ele>9</ele>
      </trkpt>
      <trkpt lat="50.97712" lon="4.68346">
        <ele>9</ele>
      </trkpt>
      <trkpt lat="50.97723" lon="4.6838">
        <ele>9</ele>
      </trkpt>
      <trkpt lat="50.97735" lon="4.6843">
        <ele>8</ele>
      </trkpt>
      <trkpt lat="50.97735" lon="4.68438">
        <ele>8</ele>
      </trkpt>
      <trkpt lat="50.97731" lon="4.68448">
        <ele>8</ele>
      </trkpt>
      <trkpt lat="50.97724" lon="4.68457">
        <ele>8</ele>
      </trkpt>
      <trkpt lat="50.97693" lon="4.68493">
        <ele>8</ele>
      </trkpt>
      <trkpt lat="50.97677" lon="4.6851">
        <ele>8</ele>
      </trkpt>
      <trkpt lat="50.97606" lon="4.6861">
        <ele>8</ele>
      </trkpt>
      <trkpt lat="50.97599" lon="4.68615">
        <ele>8</ele>
      </trkpt>
      <trkpt lat="50.97592" lon="4.68616">
        <ele>8</ele>
      </trkpt>
      <trkpt lat="50.97579" lon="4.68619">
        <ele>8</ele>
      </trkpt>
      <trkpt lat="50.975" lon="4.68609">
        <ele>8</ele>
      </trkpt>
      <trkpt lat="50.9747" lon="4.68601">
        <ele>8</ele>
      </trkpt>
      <trkpt lat="50.97459" lon="4.68601">
        <ele>8</ele>
      </trkpt>
      <trkpt lat="50.97451" lon="4.68604">
        <ele>8</ele>
      </trkpt>
      <trkpt lat="50.97437" lon="4.68617">
        <ele>8</ele>
      </trkpt>
      <trkpt lat="50.97408" lon="4.68654">
        <ele>8</ele>
      </trkpt>
      <trkpt lat="50.97387" lon="4.68686">
        <ele>8</ele>
      </trkpt>
      <trkpt lat="50.97337" lon="4.68802">
        <ele>8</ele>
      </trkpt>
      <trkpt lat="50.97324" lon="4.68827">
        <ele>8</ele>
      </trkpt>
      <trkpt lat="50.97314" lon="4.68843">
        <ele>8</ele>
      </trkpt>
      <trkpt lat="50.97295" lon="4.68862">
        <ele>8</ele>
      </trkpt>
      <trkpt lat="50.97288" lon="4.68864">
        <ele>8</ele>
      </trkpt>
      <trkpt lat="50.97262" lon="4.68855">
        <ele>8</ele>
      </trkpt>
      <trkpt lat="50.97248" lon="4.68857">
        <ele>8</ele>
      </trkpt>
      <trkpt lat="50.97224" lon="4.68875">
        <ele>8</ele>
      </trkpt>
      <trkpt lat="50.97196" lon="4.68907">
        <ele>8</ele>
      </trkpt>
      <trkpt lat="50.97157" lon="4.68958">
        <ele>8</ele>
      </trkpt>
      <trkpt lat="50.97058" lon="4.69058">
        <ele>8</ele>
      </trkpt>
      <trkpt lat="50.96993" lon="4.69108">
        <ele>9</ele>
      </trkpt>
      <trkpt lat="50.96978" lon="4.69118">
        <ele>9</ele>
      </trkpt>
      <trkpt lat="50.96959" lon="4.69117">
        <ele>9</ele>
      </trkpt>
      <trkpt lat="50.96946" lon="4.6912">
        <ele>9</ele>
      </trkpt>
      <trkpt lat="50.96932" lon="4.69117">
        <ele>9</ele>
      </trkpt>
      <trkpt lat="50.96931" lon="4.69125">
        <ele>9</ele>
      </trkpt>
      <trkpt lat="50.96908" lon="4.69335">
        <ele>9</ele>
      </trkpt>
      <trkpt lat="50.96905" lon="4.69395">
        <ele>9</ele>
      </trkpt>
      <trkpt lat="50.96902" lon="4.6941">
        <ele>9</ele>
      </trkpt>
      <trkpt lat="50.96902" lon="4.69432">
        <ele>9</ele>
      </trkpt>
      <trkpt lat="50.96905" lon="4.69497">
        <ele>10</ele>
      </trkpt>
      <trkpt lat="50.96954" lon="4.70175">
        <ele>11</ele>
      </trkpt>
      <trkpt lat="50.96957" lon="4.70201">
        <ele>11</ele>
      </trkpt>
      <trkpt lat="50.96962" lon="4.70226">
        <ele>11</ele>
      </trkpt>
      <trkpt lat="50.9697" lon="4.70252">
        <ele>11</ele>
      </trkpt>
      <trkpt lat="50.96984" lon="4.70285">
        <ele>12</ele>
      </trkpt>
      <trkpt lat="50.96999" lon="4.70313">
        <ele>12</ele>
      </trkpt>
      <trkpt lat="50.97029" lon="4.70345">
        <ele>12</ele>
      </trkpt>
      <trkpt lat="50.97045" lon="4.70357">
        <ele>12</ele>
      </trkpt>
      <trkpt lat="50.97066" lon="4.70366">
        <ele>12</ele>
      </trkpt>
      <trkpt lat="50.97085" lon="4.70371">
        <ele>12</ele>
      </trkpt>
      <trkpt lat="50.97115" lon="4.7037">
        <ele>11</ele>
      </trkpt>
      <trkpt lat="50.97132" lon="4.70365">
        <ele>11</ele>
      </trkpt>
      <trkpt lat="50.97289" lon="4.70267">
        <ele>10</ele>
      </trkpt>
      <trkpt lat="50.97308" lon="4.70257">
        <ele>10</ele>
      </trkpt>
      <trkpt lat="50.97313" lon="4.70257">
        <ele>10</ele>
      </trkpt>
      <trkpt lat="50.97323" lon="4.70256">
        <ele>10</ele>
      </trkpt>
      <trkpt lat="50.97335" lon="4.70253">
        <ele>11</ele>
      </trkpt>
      <trkpt lat="50.97339" lon="4.70249">
        <ele>11</ele>
      </trkpt>
      <trkpt lat="50.97343" lon="4.70248">
        <ele>11</ele>
      </trkpt>
      <trkpt lat="50.97355" lon="4.70255">
        <ele>10</ele>
      </trkpt>
      <trkpt lat="50.9736" lon="4.7026">
        <ele>10</ele>
      </trkpt>
      <trkpt lat="50.97363" lon="4.70259">
        <ele>10</ele>
      </trkpt>
      <trkpt lat="50.9737" lon="4.70262">
        <ele>10</ele>
      </trkpt>
      <trkpt lat="50.97453" lon="4.7027">
        <ele>9</ele>
      </trkpt>
      <trkpt lat="50.97497" lon="4.70269">
        <ele>9</ele>
      </trkpt>
      <trkpt lat="50.97546" lon="4.70258">
        <ele>9</ele>
      </trkpt>
      <trkpt lat="50.97609" lon="4.70234">
        <ele>8</ele>
      </trkpt>
      <trkpt lat="50.97926" lon="4.70093">
        <ele>9</ele>
      </trkpt>
      <trkpt lat="50.97957" lon="4.70083">
        <ele>10</ele>
      </trkpt>
      <trkpt lat="50.98012" lon="4.70071">
        <ele>9</ele>
      </trkpt>
      <trkpt lat="50.98137" lon="4.70055">
        <ele>11</ele>
      </trkpt>
      <trkpt lat="50.9818" lon="4.70061">
        <ele>12</ele>
      </trkpt>
      <trkpt lat="50.98194" lon="4.70065">
        <ele>13</ele>
      </trkpt>
      <trkpt lat="50.98235" lon="4.70082">
        <ele>12</ele>
      </trkpt>
      <trkpt lat="50.98355" lon="4.70145">
        <ele>11</ele>
      </trkpt>
      <trkpt lat="50.98394" lon="4.70163">
        <ele>9</ele>
      </trkpt>
      <trkpt lat="50.98437" lon="4.70176">
        <ele>10</ele>
      </trkpt>
      <trkpt lat="50.9844" lon="4.70191">
        <ele>9</ele>
      </trkpt>
      <trkpt lat="50.98449" lon="4.70203">
        <ele>9</ele>
      </trkpt>
      <trkpt lat="50.98501" lon="4.70259">
        <ele>9</ele>
      </trkpt>
      <trkpt lat="50.98533" lon="4.70296">
        <ele>9</ele>
      </trkpt>
      <trkpt lat="50.98565" lon="4.70343">
        <ele>8</ele>
      </trkpt>
      <trkpt lat="50.9862" lon="4.70437">
        <ele>8</ele>
      </trkpt>
      <trkpt lat="50.98638" lon="4.7046">
        <ele>7</ele>
      </trkpt>
      <trkpt lat="50.98654" lon="4.70477">
        <ele>7</ele>
      </trkpt>
      <trkpt lat="50.98675" lon="4.70493">
        <ele>8</ele>
      </trkpt>
      <trkpt lat="50.98696" lon="4.70507">
        <ele>7</ele>
      </trkpt>
      <trkpt lat="50.98758" lon="4.70532">
        <ele>7</ele>
      </trkpt>
      <trkpt lat="50.98834" lon="4.70548">
        <ele>8</ele>
      </trkpt>
      <trkpt lat="50.98848" lon="4.70553">
        <ele>8</ele>
      </trkpt>
      <trkpt lat="50.9889" lon="4.70577">
        <ele>9</ele>
      </trkpt>
      <trkpt lat="50.98918" lon="4.70602">
        <ele>10</ele>
      </trkpt>
      <trkpt lat="50.9894" lon="4.70625">
        <ele>10</ele>
      </trkpt>
      <trkpt lat="50.98948" lon="4.70631">
        <ele>10</ele>
      </trkpt>
      <trkpt lat="50.98957" lon="4.70633">
        <ele>10</ele>
      </trkpt>
      <trkpt lat="50.98956" lon="4.7064">
        <ele>10</ele>
      </trkpt>
      <trkpt lat="50.98951" lon="4.70703">
        <ele>10</ele>
      </trkpt>
      <trkpt lat="50.98946" lon="4.7073">
        <ele>10</ele>
      </trkpt>
      <trkpt lat="50.98942" lon="4.70744">
        <ele>10</ele>
      </trkpt>
      <trkpt lat="50.98886" lon="4.70897">
        <ele>10</ele>
      </trkpt>
      <trkpt lat="50.98836" lon="4.71041">
        <ele>9</ele>
      </trkpt>
      <trkpt lat="50.98796" lon="4.7114">
        <ele>10</ele>
      </trkpt>
      <trkpt lat="50.98764" lon="4.71246">
        <ele>11</ele>
      </trkpt>
      <trkpt lat="50.98708" lon="4.71393">
        <ele>11</ele>
      </trkpt>
      <trkpt lat="50.98703" lon="4.71413">
        <ele>11</ele>
      </trkpt>
      <trkpt lat="50.98702" lon="4.71432">
        <ele>11</ele>
      </trkpt>
      <trkpt lat="50.98705" lon="4.71455">
        <ele>11</ele>
      </trkpt>
      <trkpt lat="50.98709" lon="4.71464">
        <ele>11</ele>
      </trkpt>
      <trkpt lat="50.98721" lon="4.71486">
        <ele>11</ele>
      </trkpt>
      <trkpt lat="50.98742" lon="4.71513">
        <ele>11</ele>
      </trkpt>
      <trkpt lat="50.98763" lon="4.71543">
        <ele>11</ele>
      </trkpt>
      <trkpt lat="50.9877" lon="4.71556">
        <ele>12</ele>
      </trkpt>
      <trkpt lat="50.98776" lon="4.71579">
        <ele>11</ele>
      </trkpt>
      <trkpt lat="50.98817" lon="4.71744">
        <ele>10</ele>
      </trkpt>
      <trkpt lat="50.98846" lon="4.71847">
        <ele>12</ele>
      </trkpt>
      <trkpt lat="50.98872" lon="4.71974">
        <ele>12</ele>
      </trkpt>
      <trkpt lat="50.98881" lon="4.72022">
        <ele>11</ele>
      </trkpt>
      <trkpt lat="50.98881" lon="4.7203">
        <ele>11</ele>
      </trkpt>
      <trkpt lat="50.98881" lon="4.72051">
        <ele>11</ele>
      </trkpt>
      <trkpt lat="50.98863" lon="4.7212">
        <ele>11</ele>
      </trkpt>
      <trkpt lat="50.98859" lon="4.7214">
        <ele>11</ele>
      </trkpt>
      <trkpt lat="50.98857" lon="4.72181">
        <ele>11</ele>
      </trkpt>
      <trkpt lat="50.98868" lon="4.72474">
        <ele>11</ele>
      </trkpt>
      <trkpt lat="50.98867" lon="4.72529">
        <ele>11</ele>
      </trkpt>
      <trkpt lat="50.98846" lon="4.72742">
        <ele>11</ele>
      </trkpt>
      <trkpt lat="50.98838" lon="4.72781">
        <ele>12</ele>
      </trkpt>
      <trkpt lat="50.98824" lon="4.72828">
        <ele>12</ele>
      </trkpt>
      <trkpt lat="50.98816" lon="4.72866">
        <ele>13</ele>
      </trkpt>
      <trkpt lat="50.98803" lon="4.72962">
        <ele>13</ele>
      </trkpt>
      <trkpt lat="50.98801" lon="4.72994">
        <ele>12</ele>
      </trkpt>
      <trkpt lat="50.98803" lon="4.73019">
        <ele>12</ele>
      </trkpt>
      <trkpt lat="50.98818" lon="4.7312">
        <ele>12</ele>
      </trkpt>
      <trkpt lat="50.9882" lon="4.73142">
        <ele>12</ele>
      </trkpt>
      <trkpt lat="50.9882" lon="4.73172">
        <ele>11</ele>
      </trkpt>
      <trkpt lat="50.98801" lon="4.73645">
        <ele>10</ele>
      </trkpt>
      <trkpt lat="50.98798" lon="4.7395">
        <ele>11</ele>
      </trkpt>
      <trkpt lat="50.98797" lon="4.74168">
        <ele>11</ele>
      </trkpt>
      <trkpt lat="50.988" lon="4.74343">
        <ele>13</ele>
      </trkpt>
      <trkpt lat="50.98806" lon="4.74736">
        <ele>16</ele>
      </trkpt>
      <trkpt lat="50.98822" lon="4.75026">
        <ele>13</ele>
      </trkpt>
      <trkpt lat="50.98828" lon="4.75295">
        <ele>13</ele>
      </trkpt>
      <trkpt lat="50.98838" lon="4.75412">
        <ele>12</ele>
      </trkpt>
      <trkpt lat="50.98844" lon="4.75413">
        <ele>12</ele>
      </trkpt>
      <trkpt lat="50.99216" lon="4.75449">
        <ele>14</ele>
      </trkpt>
      <trkpt lat="50.99415" lon="4.75465">
        <ele>15</ele>
      </trkpt>
      <trkpt lat="50.99431" lon="4.75464">
        <ele>15</ele>
      </trkpt>
      <trkpt lat="50.99465" lon="4.75449">
        <ele>15</ele>
      </trkpt>
      <trkpt lat="50.99489" lon="4.75418">
        <ele>15</ele>
      </trkpt>
      <trkpt lat="50.99553" lon="4.75304">
        <ele>13</ele>
      </trkpt>
      <trkpt lat="50.99562" lon="4.75292">
        <ele>13</ele>
      </trkpt>
      <trkpt lat="50.99594" lon="4.75261">
        <ele>13</ele>
      </trkpt>
      <trkpt lat="50.99864" lon="4.75118">
        <ele>13</ele>
      </trkpt>
      <trkpt lat="50.99874" lon="4.75115">
        <ele>13</ele>
      </trkpt>
      <trkpt lat="50.99932" lon="4.75084">
        <ele>13</ele>
      </trkpt>
      <trkpt lat="50.99951" lon="4.75071">
        <ele>13</ele>
      </trkpt>
      <trkpt lat="51.0012" lon="4.74982">
        <ele>12</ele>
      </trkpt>
      <trkpt lat="51.00154" lon="4.74957">
        <ele>12</ele>
      </trkpt>
      <trkpt lat="51.00274" lon="4.74837">
        <ele>12</ele>
      </trkpt>
      <trkpt lat="51.00313" lon="4.74804">
        <ele>12</ele>
      </trkpt>
      <trkpt lat="51.00343" lon="4.74785">
        <ele>12</ele>
      </trkpt>
      <trkpt lat="51.00379" lon="4.74768">
        <ele>11</ele>
      </trkpt>
      <trkpt lat="51.00416" lon="4.74756">
        <ele>11</ele>
      </trkpt>
      <trkpt lat="51.00983" lon="4.74661">
        <ele>10</ele>
      </trkpt>
      <trkpt lat="51.01057" lon="4.74646">
        <ele>10</ele>
      </trkpt>
      <trkpt lat="51.01093" lon="4.74635">
        <ele>9</ele>
      </trkpt>
      <trkpt lat="51.01143" lon="4.74616">
        <ele>9</ele>
      </trkpt>
      <trkpt lat="51.01174" lon="4.74602">
        <ele>10</ele>
      </trkpt>
      <trkpt lat="51.01304" lon="4.74529">
        <ele>12</ele>
      </trkpt>
      <trkpt lat="51.01369" lon="4.74486">
        <ele>11</ele>
      </trkpt>
      <trkpt lat="51.01388" lon="4.74468">
        <ele>11</ele>
      </trkpt>
      <trkpt lat="51.01426" lon="4.74438">
        <ele>11</ele>
      </trkpt>
      <trkpt lat="51.01459" lon="4.7442">
        <ele>11</ele>
      </trkpt>
      <trkpt lat="51.01498" lon="4.74409">
        <ele>11</ele>
      </trkpt>
      <trkpt lat="51.0156" lon="4.74405">
        <ele>11</ele>
      </trkpt>
      <trkpt lat="51.01577" lon="4.74402">
        <ele>11</ele>
      </trkpt>
      <trkpt lat="51.01592" lon="4.74396">
        <ele>11</ele>
      </trkpt>
      <trkpt lat="51.01611" lon="4.74387">
        <ele>11</ele>
      </trkpt>
      <trkpt lat="51.0164" lon="4.74364">
        <ele>12</ele>
      </trkpt>
      <trkpt lat="51.01654" lon="4.74349">
        <ele>12</ele>
      </trkpt>
      <trkpt lat="51.01693" lon="4.74297">
        <ele>11</ele>
      </trkpt>
      <trkpt lat="51.01706" lon="4.74286">
        <ele>11</ele>
      </trkpt>
      <trkpt lat="51.01725" lon="4.74258">
        <ele>11</ele>
      </trkpt>
      <trkpt lat="51.01753" lon="4.74225">
        <ele>11</ele>
      </trkpt>
      <trkpt lat="51.01765" lon="4.74216">
        <ele>11</ele>
      </trkpt>
      <trkpt lat="51.01779" lon="4.74205">
        <ele>10</ele>
      </trkpt>
      <trkpt lat="51.01791" lon="4.74199">
        <ele>11</ele>
      </trkpt>
      <trkpt lat="51.01875" lon="4.74158">
        <ele>10</ele>
      </trkpt>
      <trkpt lat="51.01911" lon="4.74144">
        <ele>10</ele>
      </trkpt>
      <trkpt lat="51.0192" lon="4.74137">
        <ele>10</ele>
      </trkpt>
      <trkpt lat="51.01936" lon="4.74133">
        <ele>10</ele>
      </trkpt>
      <trkpt lat="51.01981" lon="4.74131">
        <ele>10</ele>
      </trkpt>
      <trkpt lat="51.02013" lon="4.74137">
        <ele>10</ele>
      </trkpt>
      <trkpt lat="51.02046" lon="4.74151">
        <ele>9</ele>
      </trkpt>
      <trkpt lat="51.02114" lon="4.74191">
        <ele>9</ele>
      </trkpt>
      <trkpt lat="51.02138" lon="4.74216">
        <ele>9</ele>
      </trkpt>
      <trkpt lat="51.02153" lon="4.74234">
        <ele>9</ele>
      </trkpt>
      <trkpt lat="51.02179" lon="4.74273">
        <ele>9</ele>
      </trkpt>
      <trkpt lat="51.02279" lon="4.74476">
        <ele>11</ele>
      </trkpt>
      <trkpt lat="51.02301" lon="4.74519">
        <ele>11</ele>
      </trkpt>
      <trkpt lat="51.02315" lon="4.74537">
        <ele>11</ele>
      </trkpt>
      <trkpt lat="51.02344" lon="4.74568">
        <ele>10</ele>
      </trkpt>
      <trkpt lat="51.02359" lon="4.74581">
        <ele>10</ele>
      </trkpt>
      <trkpt lat="51.02517" lon="4.74682">
        <ele>10</ele>
      </trkpt>
      <trkpt lat="51.02516" lon="4.7469">
        <ele>10</ele>
      </trkpt>
      <trkpt lat="51.02442" lon="4.75127">
        <ele>9</ele>
      </trkpt>
      <trkpt lat="51.0244" lon="4.75169">
        <ele>9</ele>
      </trkpt>
      <trkpt lat="51.0244" lon="4.75187">
        <ele>9</ele>
      </trkpt>
      <trkpt lat="51.02445" lon="4.75222">
        <ele>9</ele>
      </trkpt>
      <trkpt lat="51.02458" lon="4.75271">
        <ele>10</ele>
      </trkpt>
      <trkpt lat="51.02457" lon="4.75335">
        <ele>11</ele>
      </trkpt>
      <trkpt lat="51.0246" lon="4.7535">
        <ele>11</ele>
      </trkpt>
      <trkpt lat="51.02467" lon="4.75532">
        <ele>11</ele>
      </trkpt>
      <trkpt lat="51.02467" lon="4.75616">
        <ele>11</ele>
      </trkpt>
      <trkpt lat="51.02466" lon="4.75661">
        <ele>11</ele>
      </trkpt>
      <trkpt lat="51.02455" lon="4.75827">
        <ele>11</ele>
      </trkpt>
      <trkpt lat="51.02447" lon="4.75899">
        <ele>11</ele>
      </trkpt>
      <trkpt lat="51.02438" lon="4.75942">
        <ele>11</ele>
      </trkpt>
      <trkpt lat="51.02431" lon="4.75951">
        <ele>11</ele>
      </trkpt>
      <trkpt lat="51.02414" lon="4.7603">
        <ele>12</ele>
      </trkpt>
      <trkpt lat="51.02408" lon="4.76071">
        <ele>12</ele>
      </trkpt>
      <trkpt lat="51.02407" lon="4.76115">
        <ele>12</ele>
      </trkpt>
      <trkpt lat="51.0242" lon="4.76365">
        <ele>13</ele>
      </trkpt>
      <trkpt lat="51.02421" lon="4.7642">
        <ele>13</ele>
      </trkpt>
      <trkpt lat="51.0242" lon="4.76586">
        <ele>13</ele>
      </trkpt>
      <trkpt lat="51.02424" lon="4.76669">
        <ele>12</ele>
      </trkpt>
      <trkpt lat="51.02431" lon="4.76734">
        <ele>12</ele>
      </trkpt>
      <trkpt lat="51.02496" lon="4.7714">
        <ele>13</ele>
      </trkpt>
      <trkpt lat="51.02515" lon="4.77227">
        <ele>12</ele>
      </trkpt>
      <trkpt lat="51.02519" lon="4.77242">
        <ele>12</ele>
      </trkpt>
      <trkpt lat="51.02518" lon="4.77244">
        <ele>12</ele>
      </trkpt>
      <trkpt lat="51.02497" lon="4.77271">
        <ele>13</ele>
      </trkpt>
      <trkpt lat="51.02339" lon="4.77513">
        <ele>17</ele>
      </trkpt>
      <trkpt lat="51.02205" lon="4.7771">
        <ele>16</ele>
      </trkpt>
      <trkpt lat="51.02172" lon="4.77768">
        <ele>13</ele>
      </trkpt>
      <trkpt lat="51.02152" lon="4.77806">
        <ele>13</ele>
      </trkpt>
      <trkpt lat="51.02085" lon="4.77959">
        <ele>11</ele>
      </trkpt>
      <trkpt lat="51.02071" lon="4.77986">
        <ele>11</ele>
      </trkpt>
      <trkpt lat="51.01992" lon="4.78112">
        <ele>12</ele>
      </trkpt>
      <trkpt lat="51.01891" lon="4.7825">
        <ele>12</ele>
      </trkpt>
      <trkpt lat="51.01881" lon="4.78259">
        <ele>12</ele>
      </trkpt>
      <trkpt lat="51.01873" lon="4.78257">
        <ele>12</ele>
      </trkpt>
      <trkpt lat="51.01873" lon="4.78268">
        <ele>12</ele>
      </trkpt>
      <trkpt lat="51.01869" lon="4.78276">
        <ele>12</ele>
      </trkpt>
      <trkpt lat="51.01777" lon="4.78375">
        <ele>13</ele>
      </trkpt>
      <trkpt lat="51.01772" lon="4.78389">
        <ele>13</ele>
      </trkpt>
      <trkpt lat="51.01769" lon="4.7839">
        <ele>13</ele>
      </trkpt>
      <trkpt lat="51.01772" lon="4.78389">
        <ele>13</ele>
      </trkpt>
      <trkpt lat="51.01773" lon="4.78397">
        <ele>13</ele>
      </trkpt>
      <trkpt lat="51.02077" lon="4.79233">
        <ele>13</ele>
      </trkpt>
      <trkpt lat="51.02092" lon="4.79283">
        <ele>12</ele>
      </trkpt>
      <trkpt lat="51.02236" lon="4.7991">
        <ele>12</ele>
      </trkpt>
      <trkpt lat="51.02246" lon="4.79933">
        <ele>12</ele>
      </trkpt>
      <trkpt lat="51.02373" lon="4.80102">
        <ele>10</ele>
      </trkpt>
      <trkpt lat="51.02394" lon="4.80114">
        <ele>10</ele>
      </trkpt>
      <trkpt lat="51.02392" lon="4.80123">
        <ele>10</ele>
      </trkpt>
      <trkpt lat="51.02393" lon="4.80132">
        <ele>10</ele>
      </trkpt>
      <trkpt lat="51.02412" lon="4.80189">
        <ele>11</ele>
      </trkpt>
      <trkpt lat="51.02422" lon="4.80237">
        <ele>11</ele>
      </trkpt>
      <trkpt lat="51.02425" lon="4.8027">
        <ele>11</ele>
      </trkpt>
      <trkpt lat="51.02426" lon="4.80291">
        <ele>11</ele>
      </trkpt>
      <trkpt lat="51.0242" lon="4.80571">
        <ele>11</ele>
      </trkpt>
      <trkpt lat="51.02423" lon="4.80606">
        <ele>11</ele>
      </trkpt>
      <trkpt lat="51.02425" lon="4.80621">
        <ele>11</ele>
      </trkpt>
      <trkpt lat="51.02523" lon="4.80996">
        <ele>12</ele>
      </trkpt>
      <trkpt lat="51.02547" lon="4.81068">
        <ele>12</ele>
      </trkpt>
      <trkpt lat="51.02541" lon="4.81082">
        <ele>12</ele>
      </trkpt>
      <trkpt lat="51.0254" lon="4.81089">
        <ele>12</ele>
      </trkpt>
      <trkpt lat="51.02557" lon="4.81348">
        <ele>13</ele>
      </trkpt>
      <trkpt lat="51.02564" lon="4.81423">
        <ele>13</ele>
      </trkpt>
      <trkpt lat="51.02568" lon="4.81447">
        <ele>13</ele>
      </trkpt>
      <trkpt lat="51.02638" lon="4.8174">
        <ele>12</ele>
      </trkpt>
      <trkpt lat="51.02726" lon="4.82127">
        <ele>11</ele>
      </trkpt>
      <trkpt lat="51.0272" lon="4.82129">
        <ele>11</ele>
      </trkpt>
      <trkpt lat="51.0258" lon="4.82183">
        <ele>13</ele>
      </trkpt>
      <trkpt lat="51.02522" lon="4.82203">
        <ele>12</ele>
      </trkpt>
      <trkpt lat="51.02521" lon="4.82216">
        <ele>12</ele>
      </trkpt>
      <trkpt lat="51.02516" lon="4.8223">
        <ele>12</ele>
      </trkpt>
      <trkpt lat="51.02501" lon="4.82258">
        <ele>12</ele>
      </trkpt>
      <trkpt lat="51.02483" lon="4.82302">
        <ele>12</ele>
      </trkpt>
      <trkpt lat="51.02482" lon="4.82326">
        <ele>12</ele>
      </trkpt>
      <trkpt lat="51.02484" lon="4.82334">
        <ele>12</ele>
      </trkpt>
      <trkpt lat="51.02537" lon="4.82539">
        <ele>14</ele>
      </trkpt>
      <trkpt lat="51.02556" lon="4.82595">
        <ele>15</ele>
      </trkpt>
      <trkpt lat="51.02579" lon="4.82649">
        <ele>15</ele>
      </trkpt>
      <trkpt lat="51.02608" lon="4.82752">
        <ele>18</ele>
      </trkpt>
      <trkpt lat="51.02613" lon="4.8279">
        <ele>18</ele>
      </trkpt>
      <trkpt lat="51.02615" lon="4.82796">
        <ele>18</ele>
      </trkpt>
      <trkpt lat="51.02639" lon="4.8289">
        <ele>19</ele>
      </trkpt>
      <trkpt lat="51.02686" lon="4.83088">
        <ele>19</ele>
      </trkpt>
      <trkpt lat="51.02743" lon="4.83464">
        <ele>19</ele>
      </trkpt>
      <trkpt lat="51.02745" lon="4.83469">
        <ele>19</ele>
      </trkpt>
      <trkpt lat="51.02752" lon="4.83476">
        <ele>19</ele>
      </trkpt>
      <trkpt lat="51.02756" lon="4.83476">
        <ele>19</ele>
      </trkpt>
      <trkpt lat="51.02786" lon="4.83465">
        <ele>18</ele>
      </trkpt>
      <trkpt lat="51.02798" lon="4.83469">
        <ele>18</ele>
      </trkpt>
      <trkpt lat="51.02825" lon="4.83448">
        <ele>17</ele>
      </trkpt>
      <trkpt lat="51.0293" lon="4.83395">
        <ele>15</ele>
      </trkpt>
      <trkpt lat="51.03043" lon="4.83371">
        <ele>14</ele>
      </trkpt>
      <trkpt lat="51.03078" lon="4.83361">
        <ele>14</ele>
      </trkpt>
      <trkpt lat="51.03174" lon="4.83309">
        <ele>14</ele>
      </trkpt>
      <trkpt lat="51.03229" lon="4.83267">
        <ele>13</ele>
      </trkpt>
      <trkpt lat="51.03241" lon="4.83265">
        <ele>13</ele>
      </trkpt>
      <trkpt lat="51.03244" lon="4.83282">
        <ele>13</ele>
      </trkpt>
      <trkpt lat="51.03253" lon="4.83307">
        <ele>13</ele>
      </trkpt>
      <trkpt lat="51.03317" lon="4.8348">
        <ele>12</ele>
      </trkpt>
      <trkpt lat="51.03329" lon="4.83503">
        <ele>12</ele>
      </trkpt>
      <trkpt lat="51.03387" lon="4.83595">
        <ele>12</ele>
      </trkpt>
      <trkpt lat="51.03407" lon="4.83638">
        <ele>12</ele>
      </trkpt>
      <trkpt lat="51.03418" lon="4.83669">
        <ele>13</ele>
      </trkpt>
      <trkpt lat="51.03478" lon="4.83859">
        <ele>11</ele>
      </trkpt>
      <trkpt lat="51.03506" lon="4.83927">
        <ele>12</ele>
      </trkpt>
      <trkpt lat="51.03523" lon="4.83963">
        <ele>12</ele>
      </trkpt>
      <trkpt lat="51.03706" lon="4.843">
        <ele>11</ele>
      </trkpt>
      <trkpt lat="51.03721" lon="4.84326">
        <ele>11</ele>
      </trkpt>
      <trkpt lat="51.03737" lon="4.8435">
        <ele>12</ele>
      </trkpt>
      <trkpt lat="51.03765" lon="4.8438">
        <ele>12</ele>
      </trkpt>
      <trkpt lat="51.04041" lon="4.84582">
        <ele>10</ele>
      </trkpt>
      <trkpt lat="51.04054" lon="4.84597">
        <ele>10</ele>
      </trkpt>
      <trkpt lat="51.04061" lon="4.84606">
        <ele>10</ele>
      </trkpt>
      <trkpt lat="51.04073" lon="4.84629">
        <ele>10</ele>
      </trkpt>
      <trkpt lat="51.04091" lon="4.8469">
        <ele>10</ele>
      </trkpt>
      <trkpt lat="51.04109" lon="4.84759">
        <ele>10</ele>
      </trkpt>
      <trkpt lat="51.04127" lon="4.84816">
        <ele>10</ele>
      </trkpt>
      <trkpt lat="51.04146" lon="4.84854">
        <ele>11</ele>
      </trkpt>
      <trkpt lat="51.04283" lon="4.85036">
        <ele>11</ele>
      </trkpt>
      <trkpt lat="51.04296" lon="4.85055">
        <ele>11</ele>
      </trkpt>
      <trkpt lat="51.04322" lon="4.85099">
        <ele>11</ele>
      </trkpt>
      <trkpt lat="51.04349" lon="4.85157">
        <ele>11</ele>
      </trkpt>
      <trkpt lat="51.04365" lon="4.85204">
        <ele>11</ele>
      </trkpt>
      <trkpt lat="51.04394" lon="4.853">
        <ele>11</ele>
      </trkpt>
      <trkpt lat="51.04429" lon="4.8542">
        <ele>11</ele>
      </trkpt>
      <trkpt lat="51.04435" lon="4.85453">
        <ele>11</ele>
      </trkpt>
      <trkpt lat="51.04439" lon="4.85495">
        <ele>11</ele>
      </trkpt>
      <trkpt lat="51.04443" lon="4.8562">
        <ele>10</ele>
      </trkpt>
      <trkpt lat="51.04443" lon="4.85754">
        <ele>11</ele>
      </trkpt>
      <trkpt lat="51.04447" lon="4.86031">
        <ele>12</ele>
      </trkpt>
      <trkpt lat="51.04452" lon="4.86098">
        <ele>12</ele>
      </trkpt>
      <trkpt lat="51.04473" lon="4.86316">
        <ele>12</ele>
      </trkpt>
      <trkpt lat="51.04478" lon="4.86349">
        <ele>13</ele>
      </trkpt>
      <trkpt lat="51.04477" lon="4.86397">
        <ele>13</ele>
      </trkpt>
      <trkpt lat="51.04473" lon="4.86393">
        <ele>13</ele>
      </trkpt>
      <trkpt lat="51.04471" lon="4.8639">
        <ele>13</ele>
      </trkpt>
      <trkpt lat="51.04464" lon="4.86405">
        <ele>13</ele>
      </trkpt>
      <trkpt lat="51.04459" lon="4.86411">
        <ele>13</ele>
      </trkpt>
      <trkpt lat="51.04179" lon="4.86268">
        <ele>13</ele>
      </trkpt>
      <trkpt lat="51.03988" lon="4.86146">
        <ele>12</ele>
      </trkpt>
      <trkpt lat="51.0397" lon="4.86142">
        <ele>12</ele>
      </trkpt>
      <trkpt lat="51.03955" lon="4.86142">
        <ele>12</ele>
      </trkpt>
      <trkpt lat="51.03936" lon="4.86148">
        <ele>12</ele>
      </trkpt>
      <trkpt lat="51.03843" lon="4.86234">
        <ele>12</ele>
      </trkpt>
      <trkpt lat="51.03749" lon="4.86238">
        <ele>12</ele>
      </trkpt>
      <trkpt lat="51.0377" lon="4.86545">
        <ele>11</ele>
      </trkpt>
      <trkpt lat="51.03762" lon="4.86607">
        <ele>12</ele>
      </trkpt>
      <trkpt lat="51.03762" lon="4.86649">
        <ele>12</ele>
      </trkpt>
      <trkpt lat="51.03775" lon="4.86717">
        <ele>12</ele>
      </trkpt>
      <trkpt lat="51.03781" lon="4.86737">
        <ele>12</ele>
      </trkpt>
      <trkpt lat="51.03782" lon="4.86757">
        <ele>13</ele>
      </trkpt>
      <trkpt lat="51.03773" lon="4.8689">
        <ele>13</ele>
      </trkpt>
      <trkpt lat="51.0377" lon="4.86914">
        <ele>13</ele>
      </trkpt>
      <trkpt lat="51.03755" lon="4.86964">
        <ele>14</ele>
      </trkpt>
      <trkpt lat="51.03732" lon="4.87052">
        <ele>13</ele>
      </trkpt>
      <trkpt lat="51.03718" lon="4.87081">
        <ele>13</ele>
      </trkpt>
      <trkpt lat="51.03697" lon="4.87174">
        <ele>14</ele>
      </trkpt>
      <trkpt lat="51.03664" lon="4.87273">
        <ele>12</ele>
      </trkpt>
      <trkpt lat="51.03659" lon="4.87275">
        <ele>12</ele>
      </trkpt>
      <trkpt lat="51.03633" lon="4.87285">
        <ele>12</ele>
      </trkpt>
      <trkpt lat="51.03625" lon="4.87293">
        <ele>12</ele>
      </trkpt>
      <trkpt lat="51.03615" lon="4.87309">
        <ele>12</ele>
      </trkpt>
      <trkpt lat="51.03607" lon="4.87326">
        <ele>12</ele>
      </trkpt>
      <trkpt lat="51.03583" lon="4.8735">
        <ele>12</ele>
      </trkpt>
      <trkpt lat="51.03556" lon="4.87367">
        <ele>11</ele>
      </trkpt>
      <trkpt lat="51.03428" lon="4.87424">
        <ele>14</ele>
      </trkpt>
      <trkpt lat="51.03334" lon="4.87449">
        <ele>17</ele>
      </trkpt>
      <trkpt lat="51.03289" lon="4.87451">
        <ele>18</ele>
      </trkpt>
      <trkpt lat="51.03234" lon="4.87469">
        <ele>20</ele>
      </trkpt>
      <trkpt lat="51.03211" lon="4.87465">
        <ele>20</ele>
      </trkpt>
      <trkpt lat="51.03145" lon="4.87444">
        <ele>17</ele>
      </trkpt>
      <trkpt lat="51.03103" lon="4.8742">
        <ele>17</ele>
      </trkpt>
      <trkpt lat="51.03079" lon="4.87402">
        <ele>15</ele>
      </trkpt>
      <trkpt lat="51.03066" lon="4.87386">
        <ele>15</ele>
      </trkpt>
      <trkpt lat="51.0303" lon="4.87319">
        <ele>16</ele>
      </trkpt>
      <trkpt lat="51.03019" lon="4.87308">
        <ele>16</ele>
      </trkpt>
      <trkpt lat="51.03007" lon="4.87302">
        <ele>16</ele>
      </trkpt>
      <trkpt lat="51.02984" lon="4.87301">
        <ele>16</ele>
      </trkpt>
      <trkpt lat="51.02963" lon="4.87304">
        <ele>16</ele>
      </trkpt>
      <trkpt lat="51.0295" lon="4.87311">
        <ele>16</ele>
      </trkpt>
      <trkpt lat="51.0292" lon="4.87333">
        <ele>17</ele>
      </trkpt>
      <trkpt lat="51.02888" lon="4.87349">
        <ele>17</ele>
      </trkpt>
      <trkpt lat="51.02853" lon="4.87362">
        <ele>17</ele>
      </trkpt>
      <trkpt lat="51.02797" lon="4.87361">
        <ele>17</ele>
      </trkpt>
      <trkpt lat="51.02773" lon="4.87367">
        <ele>17</ele>
      </trkpt>
      <trkpt lat="51.02731" lon="4.87387">
        <ele>16</ele>
      </trkpt>
      <trkpt lat="51.02677" lon="4.8741">
        <ele>16</ele>
      </trkpt>
      <trkpt lat="51.0267" lon="4.87411">
        <ele>16</ele>
      </trkpt>
      <trkpt lat="51.02605" lon="4.87416">
        <ele>16</ele>
      </trkpt>
      <trkpt lat="51.02565" lon="4.87412">
        <ele>16</ele>
      </trkpt>
      <trkpt lat="51.02526" lon="4.87403">
        <ele>16</ele>
      </trkpt>
      <trkpt lat="51.02513" lon="4.87403">
        <ele>15</ele>
      </trkpt>
      <trkpt lat="51.02472" lon="4.87436">
        <ele>15</ele>
      </trkpt>
      <trkpt lat="51.02451" lon="4.8745">
        <ele>14</ele>
      </trkpt>
      <trkpt lat="51.02429" lon="4.8746">
        <ele>14</ele>
      </trkpt>
      <trkpt lat="51.02337" lon="4.87471">
        <ele>14</ele>
      </trkpt>
      <trkpt lat="51.02329" lon="4.87475">
        <ele>14</ele>
      </trkpt>
      <trkpt lat="51.02292" lon="4.87513">
        <ele>14</ele>
      </trkpt>
      <trkpt lat="51.02227" lon="4.87557">
        <ele>14</ele>
      </trkpt>
      <trkpt lat="51.02204" lon="4.87575">
        <ele>14</ele>
      </trkpt>
      <trkpt lat="51.02133" lon="4.87644">
        <ele>15</ele>
      </trkpt>
      <trkpt lat="51.02117" lon="4.87655">
        <ele>15</ele>
      </trkpt>
      <trkpt lat="51.02083" lon="4.87675">
        <ele>15</ele>
      </trkpt>
      <trkpt lat="51.02071" lon="4.87686">
        <ele>16</ele>
      </trkpt>
      <trkpt lat="51.02046" lon="4.87717">
        <ele>16</ele>
      </trkpt>
      <trkpt lat="51.02025" lon="4.87732">
        <ele>15</ele>
      </trkpt>
      <trkpt lat="51.01769" lon="4.87885">
        <ele>13</ele>
      </trkpt>
      <trkpt lat="51.01759" lon="4.87882">
        <ele>13</ele>
      </trkpt>
      <trkpt lat="51.01746" lon="4.87768">
        <ele>13</ele>
      </trkpt>
      <trkpt lat="51.01583" lon="4.87826">
        <ele>14</ele>
      </trkpt>
      <trkpt lat="51.01584" lon="4.87834">
        <ele>14</ele>
      </trkpt>
      <trkpt lat="51.01602" lon="4.88225">
        <ele>12</ele>
      </trkpt>
      <trkpt lat="51.01608" lon="4.88269">
        <ele>12</ele>
      </trkpt>
      <trkpt lat="51.01622" lon="4.88323">
        <ele>12</ele>
      </trkpt>
      <trkpt lat="51.01632" lon="4.8835">
        <ele>12</ele>
      </trkpt>
      <trkpt lat="51.01646" lon="4.88379">
        <ele>11</ele>
      </trkpt>
      <trkpt lat="51.01629" lon="4.88405">
        <ele>12</ele>
      </trkpt>
      <trkpt lat="51.01576" lon="4.8852">
        <ele>14</ele>
      </trkpt>
      <trkpt lat="51.01558" lon="4.88568">
        <ele>14</ele>
      </trkpt>
      <trkpt lat="51.0154" lon="4.88604">
        <ele>15</ele>
      </trkpt>
      <trkpt lat="51.01528" lon="4.88622">
        <ele>15</ele>
      </trkpt>
      <trkpt lat="51.01454" lon="4.88695">
        <ele>19</ele>
      </trkpt>
      <trkpt lat="51.01437" lon="4.88708">
        <ele>20</ele>
      </trkpt>
      <trkpt lat="51.01417" lon="4.88718">
        <ele>23</ele>
      </trkpt>
      <trkpt lat="51.01408" lon="4.88726">
        <ele>24</ele>
      </trkpt>
      <trkpt lat="51.01401" lon="4.88735">
        <ele>24</ele>
      </trkpt>
      <trkpt lat="51.01398" lon="4.88742">
        <ele>24</ele>
      </trkpt>
      <trkpt lat="51.01389" lon="4.88777">
        <ele>22</ele>
      </trkpt>
      <trkpt lat="51.01362" lon="4.88899">
        <ele>19</ele>
      </trkpt>
      <trkpt lat="51.0135" lon="4.88935">
        <ele>18</ele>
      </trkpt>
      <trkpt lat="51.01343" lon="4.88948">
        <ele>18</ele>
      </trkpt>
      <trkpt lat="51.0131" lon="4.88988">
        <ele>17</ele>
      </trkpt>
      <trkpt lat="51.01296" lon="4.89001">
        <ele>16</ele>
      </trkpt>
      <trkpt lat="51.01283" lon="4.89021">
        <ele>16</ele>
      </trkpt>
      <trkpt lat="51.01259" lon="4.89085">
        <ele>17</ele>
      </trkpt>
      <trkpt lat="51.01222" lon="4.89174">
        <ele>18</ele>
      </trkpt>
      <trkpt lat="51.0124" lon="4.89195">
        <ele>18</ele>
      </trkpt>
      <trkpt lat="51.01265" lon="4.89241">
        <ele>18</ele>
      </trkpt>
      <trkpt lat="51.0128" lon="4.89275">
        <ele>18</ele>
      </trkpt>
      <trkpt lat="51.01311" lon="4.89378">
        <ele>20</ele>
      </trkpt>
      <trkpt lat="51.01333" lon="4.89434">
        <ele>21</ele>
      </trkpt>
      <trkpt lat="51.01384" lon="4.89539">
        <ele>23</ele>
      </trkpt>
      <trkpt lat="51.01482" lon="4.89716">
        <ele>18</ele>
      </trkpt>
      <trkpt lat="51.01607" lon="4.89931">
        <ele>20</ele>
      </trkpt>
      <trkpt lat="51.01632" lon="4.89969">
        <ele>20</ele>
      </trkpt>
      <trkpt lat="51.01641" lon="4.8998">
        <ele>20</ele>
      </trkpt>
      <trkpt lat="51.01653" lon="4.8999">
        <ele>20</ele>
      </trkpt>
      <trkpt lat="51.01668" lon="4.89998">
        <ele>20</ele>
      </trkpt>
      <trkpt lat="51.01697" lon="4.90009">
        <ele>19</ele>
      </trkpt>
      <trkpt lat="51.01719" lon="4.90025">
        <ele>18</ele>
      </trkpt>
      <trkpt lat="51.01735" lon="4.90047">
        <ele>18</ele>
      </trkpt>
      <trkpt lat="51.01742" lon="4.90062">
        <ele>18</ele>
      </trkpt>
      <trkpt lat="51.01755" lon="4.90096">
        <ele>18</ele>
      </trkpt>
      <trkpt lat="51.01781" lon="4.90181">
        <ele>16</ele>
      </trkpt>
      <trkpt lat="51.01838" lon="4.90446">
        <ele>16</ele>
      </trkpt>
      <trkpt lat="51.01877" lon="4.90588">
        <ele>16</ele>
      </trkpt>
      <trkpt lat="51.01892" lon="4.90648">
        <ele>16</ele>
      </trkpt>
      <trkpt lat="51.01893" lon="4.90655">
        <ele>16</ele>
      </trkpt>
      <trkpt lat="51.01906" lon="4.9077">
        <ele>17</ele>
      </trkpt>
      <trkpt lat="51.01912" lon="4.9082">
        <ele>17</ele>
      </trkpt>
      <trkpt lat="51.01935" lon="4.90923">
        <ele>16</ele>
      </trkpt>
      <trkpt lat="51.01993" lon="4.91298">
        <ele>18</ele>
      </trkpt>
      <trkpt lat="51.01997" lon="4.91338">
        <ele>20</ele>
      </trkpt>
      <trkpt lat="51.01997" lon="4.91376">
        <ele>20</ele>
      </trkpt>
      <trkpt lat="51.01993" lon="4.9141">
        <ele>20</ele>
      </trkpt>
      <trkpt lat="51.01984" lon="4.91446">
        <ele>19</ele>
      </trkpt>
      <trkpt lat="51.01938" lon="4.91582">
        <ele>17</ele>
      </trkpt>
      <trkpt lat="51.01936" lon="4.91595">
        <ele>17</ele>
      </trkpt>
      <trkpt lat="51.0192" lon="4.91611">
        <ele>17</ele>
      </trkpt>
      <trkpt lat="51.01836" lon="4.9171">
        <ele>17</ele>
      </trkpt>
      <trkpt lat="51.01825" lon="4.91729">
        <ele>17</ele>
      </trkpt>
      <trkpt lat="51.01819" lon="4.91745">
        <ele>17</ele>
      </trkpt>
      <trkpt lat="51.01812" lon="4.91741">
        <ele>17</ele>
      </trkpt>
      <trkpt lat="51.01802" lon="4.9174">
        <ele>17</ele>
      </trkpt>
      <trkpt lat="51.01795" lon="4.91744">
        <ele>17</ele>
      </trkpt>
      <trkpt lat="51.01741" lon="4.91792">
        <ele>19</ele>
      </trkpt>
      <trkpt lat="51.01736" lon="4.91792">
        <ele>19</ele>
      </trkpt>
      <trkpt lat="51.01722" lon="4.91794">
        <ele>15</ele>
      </trkpt>
      <trkpt lat="51.01706" lon="4.91793">
        <ele>15</ele>
      </trkpt>
      <trkpt lat="51.0154" lon="4.91731">
        <ele>17</ele>
      </trkpt>
      <trkpt lat="51.01509" lon="4.91721">
        <ele>16</ele>
      </trkpt>
      <trkpt lat="51.01508" lon="4.91695">
        <ele>16</ele>
      </trkpt>
      <trkpt lat="51.01501" lon="4.91637">
        <ele>17</ele>
      </trkpt>
      <trkpt lat="51.01491" lon="4.91561">
        <ele>17</ele>
      </trkpt>
      <trkpt lat="51.01486" lon="4.915">
        <ele>17</ele>
      </trkpt>
      <trkpt lat="51.01483" lon="4.91481">
        <ele>17</ele>
      </trkpt>
      <trkpt lat="51.01479" lon="4.91465">
        <ele>17</ele>
      </trkpt>
      <trkpt lat="51.01465" lon="4.91432">
        <ele>17</ele>
      </trkpt>
      <trkpt lat="51.01428" lon="4.91359">
        <ele>17</ele>
      </trkpt>
      <trkpt lat="51.01326" lon="4.91173">
        <ele>17</ele>
      </trkpt>
      <trkpt lat="51.01297" lon="4.91115">
        <ele>16</ele>
      </trkpt>
      <trkpt lat="51.01256" lon="4.91007">
        <ele>15</ele>
      </trkpt>
      <trkpt lat="51.01187" lon="4.90818">
        <ele>14</ele>
      </trkpt>
      <trkpt lat="51.0117" lon="4.90756">
        <ele>15</ele>
      </trkpt>
      <trkpt lat="51.01142" lon="4.90634">
        <ele>15</ele>
      </trkpt>
      <trkpt lat="51.01121" lon="4.90496">
        <ele>15</ele>
      </trkpt>
      <trkpt lat="51.01088" lon="4.90321">
        <ele>14</ele>
      </trkpt>
      <trkpt lat="51.0108" lon="4.90286">
        <ele>14</ele>
      </trkpt>
      <trkpt lat="51.01068" lon="4.90249">
        <ele>27</ele>
      </trkpt>
      <trkpt lat="51.00996" lon="4.90064">
        <ele>28</ele>
      </trkpt>
      <trkpt lat="51.00988" lon="4.90039">
        <ele>29</ele>
      </trkpt>
      <trkpt lat="51.00956" lon="4.89907">
        <ele>26</ele>
      </trkpt>
      <trkpt lat="51.00944" lon="4.89876">
        <ele>25</ele>
      </trkpt>
      <trkpt lat="51.00919" lon="4.89824">
        <ele>23</ele>
      </trkpt>
      <trkpt lat="51.00897" lon="4.89772">
        <ele>23</ele>
      </trkpt>
      <trkpt lat="51.00849" lon="4.89634">
        <ele>20</ele>
      </trkpt>
      <trkpt lat="51.00839" lon="4.89593">
        <ele>20</ele>
      </trkpt>
      <trkpt lat="51.00833" lon="4.89556">
        <ele>21</ele>
      </trkpt>
      <trkpt lat="51.0083" lon="4.89509">
        <ele>21</ele>
      </trkpt>
      <trkpt lat="51.00829" lon="4.89435">
        <ele>22</ele>
      </trkpt>
      <trkpt lat="51.00832" lon="4.89209">
        <ele>26</ele>
      </trkpt>
      <trkpt lat="51.00828" lon="4.89158">
        <ele>26</ele>
      </trkpt>
      <trkpt lat="51.00816" lon="4.89058">
        <ele>25</ele>
      </trkpt>
      <trkpt lat="51.00811" lon="4.8887">
        <ele>22</ele>
      </trkpt>
      <trkpt lat="51.00815" lon="4.88851">
        <ele>23</ele>
      </trkpt>
      <trkpt lat="51.00868" lon="4.8865">
        <ele>24</ele>
      </trkpt>
      <trkpt lat="51.00872" lon="4.88629">
        <ele>24</ele>
      </trkpt>
      <trkpt lat="51.00876" lon="4.88599">
        <ele>24</ele>
      </trkpt>
      <trkpt lat="51.00877" lon="4.88574">
        <ele>23</ele>
      </trkpt>
      <trkpt lat="51.00871" lon="4.88483">
        <ele>21</ele>
      </trkpt>
      <trkpt lat="51.00872" lon="4.88476">
        <ele>21</ele>
      </trkpt>
      <trkpt lat="51.00876" lon="4.8847">
        <ele>21</ele>
      </trkpt>
      <trkpt lat="51.00866" lon="4.88438">
        <ele>20</ele>
      </trkpt>
      <trkpt lat="51.00863" lon="4.88418">
        <ele>20</ele>
      </trkpt>
      <trkpt lat="51.0084" lon="4.88231">
        <ele>20</ele>
      </trkpt>
      <trkpt lat="51.00831" lon="4.8817">
        <ele>20</ele>
      </trkpt>
      <trkpt lat="51.00829" lon="4.88162">
        <ele>20</ele>
      </trkpt>
      <trkpt lat="51.0082" lon="4.88129">
        <ele>19</ele>
      </trkpt>
      <trkpt lat="51.00755" lon="4.87975">
        <ele>17</ele>
      </trkpt>
      <trkpt lat="51.00714" lon="4.87905">
        <ele>18</ele>
      </trkpt>
      <trkpt lat="51.00632" lon="4.87845">
        <ele>18</ele>
      </trkpt>
      <trkpt lat="51.00515" lon="4.87773">
        <ele>19</ele>
      </trkpt>
      <trkpt lat="51.00499" lon="4.87754">
        <ele>20</ele>
      </trkpt>
      <trkpt lat="51.00488" lon="4.87734">
        <ele>19</ele>
      </trkpt>
      <trkpt lat="51.00475" lon="4.87699">
        <ele>20</ele>
      </trkpt>
      <trkpt lat="51.00467" lon="4.87658">
        <ele>18</ele>
      </trkpt>
      <trkpt lat="51.00466" lon="4.87634">
        <ele>18</ele>
      </trkpt>
      <trkpt lat="51.00466" lon="4.87578">
        <ele>17</ele>
      </trkpt>
      <trkpt lat="51.0047" lon="4.87424">
        <ele>16</ele>
      </trkpt>
      <trkpt lat="51.00472" lon="4.87415">
        <ele>16</ele>
      </trkpt>
      <trkpt lat="51.00479" lon="4.87383">
        <ele>16</ele>
      </trkpt>
      <trkpt lat="51.00502" lon="4.87318">
        <ele>17</ele>
      </trkpt>
      <trkpt lat="51.0051" lon="4.87275">
        <ele>18</ele>
      </trkpt>
      <trkpt lat="51.0052" lon="4.87217">
        <ele>17</ele>
      </trkpt>
      <trkpt lat="51.00524" lon="4.872">
        <ele>17</ele>
      </trkpt>
      <trkpt lat="51.00581" lon="4.87054">
        <ele>17</ele>
      </trkpt>
      <trkpt lat="51.00589" lon="4.87025">
        <ele>17</ele>
      </trkpt>
      <trkpt lat="51.00611" lon="4.86895">
        <ele>15</ele>
      </trkpt>
      <trkpt lat="51.00617" lon="4.86772">
        <ele>16</ele>
      </trkpt>
      <trkpt lat="51.00616" lon="4.86723">
        <ele>16</ele>
      </trkpt>
      <trkpt lat="51.00609" lon="4.86659">
        <ele>16</ele>
      </trkpt>
      <trkpt lat="51.00581" lon="4.86465">
        <ele>17</ele>
      </trkpt>
      <trkpt lat="51.00587" lon="4.86198">
        <ele>19</ele>
      </trkpt>
      <trkpt lat="51.00607" lon="4.85984">
        <ele>16</ele>
      </trkpt>
      <trkpt lat="51.00625" lon="4.85869">
        <ele>15</ele>
      </trkpt>
      <trkpt lat="51.00666" lon="4.85651">
        <ele>17</ele>
      </trkpt>
      <trkpt lat="51.00668" lon="4.85634">
        <ele>17</ele>
      </trkpt>
      <trkpt lat="51.00666" lon="4.85592">
        <ele>17</ele>
      </trkpt>
      <trkpt lat="51.00691" lon="4.85588">
        <ele>18</ele>
      </trkpt>
      <trkpt lat="51.007" lon="4.85589">
        <ele>18</ele>
      </trkpt>
      <trkpt lat="51.00715" lon="4.85596">
        <ele>18</ele>
      </trkpt>
      <trkpt lat="51.00728" lon="4.85606">
        <ele>18</ele>
      </trkpt>
      <trkpt lat="51.00745" lon="4.85627">
        <ele>18</ele>
      </trkpt>
      <trkpt lat="51.00753" lon="4.85646">
        <ele>18</ele>
      </trkpt>
      <trkpt lat="51.00809" lon="4.85801">
        <ele>17</ele>
      </trkpt>
      <trkpt lat="51.00809" lon="4.85792">
        <ele>17</ele>
      </trkpt>
      <trkpt lat="51.00824" lon="4.85599">
        <ele>18</ele>
      </trkpt>
      <trkpt lat="51.00821" lon="4.85552">
        <ele>18</ele>
      </trkpt>
      <trkpt lat="51.00804" lon="4.85434">
        <ele>18</ele>
      </trkpt>
      <trkpt lat="51.00801" lon="4.85116">
        <ele>20</ele>
      </trkpt>
      <trkpt lat="51.00804" lon="4.85087">
        <ele>20</ele>
      </trkpt>
      <trkpt lat="51.00808" lon="4.85062">
        <ele>20</ele>
      </trkpt>
      <trkpt lat="51.00818" lon="4.85027">
        <ele>19</ele>
      </trkpt>
      <trkpt lat="51.0086" lon="4.84936">
        <ele>19</ele>
      </trkpt>
      <trkpt lat="51.00869" lon="4.84898">
        <ele>18</ele>
      </trkpt>
      <trkpt lat="51.00919" lon="4.84522">
        <ele>18</ele>
      </trkpt>
      <trkpt lat="51.00924" lon="4.84496">
        <ele>18</ele>
      </trkpt>
      <trkpt lat="51.00942" lon="4.84432">
        <ele>17</ele>
      </trkpt>
      <trkpt lat="51.00955" lon="4.84367">
        <ele>16</ele>
      </trkpt>
      <trkpt lat="51.00993" lon="4.84114">
        <ele>15</ele>
      </trkpt>
      <trkpt lat="51.00995" lon="4.84052">
        <ele>15</ele>
      </trkpt>
      <trkpt lat="51.00992" lon="4.84019">
        <ele>15</ele>
      </trkpt>
      <trkpt lat="51.00978" lon="4.83945">
        <ele>15</ele>
      </trkpt>
      <trkpt lat="51.00942" lon="4.83794">
        <ele>15</ele>
      </trkpt>
      <trkpt lat="51.00904" lon="4.83621">
        <ele>14</ele>
      </trkpt>
      <trkpt lat="51.009" lon="4.83609">
        <ele>14</ele>
      </trkpt>
      <trkpt lat="51.00878" lon="4.83565">
        <ele>14</ele>
      </trkpt>
      <trkpt lat="51.0086" lon="4.83536">
        <ele>14</ele>
      </trkpt>
      <trkpt lat="51.0084" lon="4.83509">
        <ele>14</ele>
      </trkpt>
      <trkpt lat="51.00802" lon="4.83475">
        <ele>14</ele>
      </trkpt>
      <trkpt lat="51.00738" lon="4.83424">
        <ele>14</ele>
      </trkpt>
      <trkpt lat="51.0072" lon="4.83413">
        <ele>14</ele>
      </trkpt>
      <trkpt lat="51.00683" lon="4.83382">
        <ele>14</ele>
      </trkpt>
      <trkpt lat="51.00574" lon="4.83298">
        <ele>14</ele>
      </trkpt>
      <trkpt lat="51.00563" lon="4.83285">
        <ele>14</ele>
      </trkpt>
      <trkpt lat="51.00563" lon="4.83269">
        <ele>14</ele>
      </trkpt>
      <trkpt lat="51.00505" lon="4.83224">
        <ele>14</ele>
      </trkpt>
      <trkpt lat="51.00394" lon="4.83127">
        <ele>15</ele>
      </trkpt>
      <trkpt lat="51.0033" lon="4.83042">
        <ele>15</ele>
      </trkpt>
      <trkpt lat="51.00288" lon="4.82984">
        <ele>14</ele>
      </trkpt>
      <trkpt lat="51.00284" lon="4.82976">
        <ele>14</ele>
      </trkpt>
      <trkpt lat="51.00244" lon="4.82887">
        <ele>14</ele>
      </trkpt>
      <trkpt lat="51.00233" lon="4.82856">
        <ele>14</ele>
      </trkpt>
      <trkpt lat="51.00209" lon="4.82802">
        <ele>14</ele>
      </trkpt>
      <trkpt lat="51.00179" lon="4.82728">
        <ele>15</ele>
      </trkpt>
      <trkpt lat="51.00168" lon="4.8269">
        <ele>15</ele>
      </trkpt>
      <trkpt lat="51.00142" lon="4.82568">
        <ele>14</ele>
      </trkpt>
      <trkpt lat="51.00106" lon="4.82325">
        <ele>16</ele>
      </trkpt>
      <trkpt lat="51.00103" lon="4.8229">
        <ele>16</ele>
      </trkpt>
      <trkpt lat="51.00102" lon="4.82233">
        <ele>17</ele>
      </trkpt>
      <trkpt lat="51.00106" lon="4.82188">
        <ele>17</ele>
      </trkpt>
      <trkpt lat="51.00113" lon="4.82149">
        <ele>18</ele>
      </trkpt>
      <trkpt lat="51.00157" lon="4.81979">
        <ele>21</ele>
      </trkpt>
      <trkpt lat="51.00166" lon="4.81931">
        <ele>21</ele>
      </trkpt>
      <trkpt lat="51.00172" lon="4.81892">
        <ele>22</ele>
      </trkpt>
      <trkpt lat="51.00183" lon="4.81748">
        <ele>21</ele>
      </trkpt>
      <trkpt lat="51.00189" lon="4.81727">
        <ele>18</ele>
      </trkpt>
      <trkpt lat="51.0026" lon="4.81589">
        <ele>17</ele>
      </trkpt>
      <trkpt lat="51.00333" lon="4.81441">
        <ele>17</ele>
      </trkpt>
      <trkpt lat="51.00344" lon="4.81413">
        <ele>17</ele>
      </trkpt>
      <trkpt lat="51.00405" lon="4.81204">
        <ele>15</ele>
      </trkpt>
      <trkpt lat="51.00424" lon="4.81156">
        <ele>14</ele>
      </trkpt>
      <trkpt lat="51.00462" lon="4.81077">
        <ele>13</ele>
      </trkpt>
      <trkpt lat="51.00477" lon="4.81066">
        <ele>13</ele>
      </trkpt>
      <trkpt lat="51.00491" lon="4.81059">
        <ele>13</ele>
      </trkpt>
      <trkpt lat="51.00748" lon="4.80461">
        <ele>14</ele>
      </trkpt>
      <trkpt lat="51.00802" lon="4.80238">
        <ele>12</ele>
      </trkpt>
      <trkpt lat="51.00826" lon="4.80244">
        <ele>12</ele>
      </trkpt>
      <trkpt lat="51.00824" lon="4.80222">
        <ele>12</ele>
      </trkpt>
      <trkpt lat="51.0078" lon="4.8005">
        <ele>12</ele>
      </trkpt>
      <trkpt lat="51.00754" lon="4.79961">
        <ele>12</ele>
      </trkpt>
      <trkpt lat="51.00722" lon="4.79826">
        <ele>12</ele>
      </trkpt>
      <trkpt lat="51.00686" lon="4.79654">
        <ele>12</ele>
      </trkpt>
      <trkpt lat="51.00678" lon="4.79591">
        <ele>12</ele>
      </trkpt>
      <trkpt lat="51.00675" lon="4.79545">
        <ele>12</ele>
      </trkpt>
      <trkpt lat="51.00679" lon="4.79436">
        <ele>13</ele>
      </trkpt>
      <trkpt lat="51.00673" lon="4.79435">
        <ele>13</ele>
      </trkpt>
      <trkpt lat="51.00636" lon="4.79427">
        <ele>13</ele>
      </trkpt>
      <trkpt lat="51.00589" lon="4.79439">
        <ele>14</ele>
      </trkpt>
      <trkpt lat="51.00511" lon="4.79423">
        <ele>15</ele>
      </trkpt>
      <trkpt lat="51.00415" lon="4.7941">
        <ele>17</ele>
      </trkpt>
      <trkpt lat="51.00243" lon="4.79401">
        <ele>19</ele>
      </trkpt>
      <trkpt lat="51.00188" lon="4.79394">
        <ele>19</ele>
      </trkpt>
      <trkpt lat="51.00017" lon="4.79394">
        <ele>18</ele>
      </trkpt>
      <trkpt lat="50.99962" lon="4.79388">
        <ele>19</ele>
      </trkpt>
      <trkpt lat="50.99811" lon="4.79381">
        <ele>21</ele>
      </trkpt>
      <trkpt lat="50.99629" lon="4.79385">
        <ele>23</ele>
      </trkpt>
      <trkpt lat="50.99546" lon="4.79375">
        <ele>24</ele>
      </trkpt>
      <trkpt lat="50.99482" lon="4.79363">
        <ele>24</ele>
      </trkpt>
      <trkpt lat="50.99457" lon="4.79362">
        <ele>24</ele>
      </trkpt>
      <trkpt lat="50.9942" lon="4.79364">
        <ele>23</ele>
      </trkpt>
      <trkpt lat="50.993" lon="4.79386">
        <ele>22</ele>
      </trkpt>
      <trkpt lat="50.99233" lon="4.79392">
        <ele>20</ele>
      </trkpt>
      <trkpt lat="50.99228" lon="4.79394">
        <ele>20</ele>
      </trkpt>
      <trkpt lat="50.99144" lon="4.79436">
        <ele>20</ele>
      </trkpt>
      <trkpt lat="50.99051" lon="4.79472">
        <ele>18</ele>
      </trkpt>
      <trkpt lat="50.98921" lon="4.79531">
        <ele>16</ele>
      </trkpt>
      <trkpt lat="50.98911" lon="4.79538">
        <ele>16</ele>
      </trkpt>
      <trkpt lat="50.9888" lon="4.79463">
        <ele>16</ele>
      </trkpt>
      <trkpt lat="50.98871" lon="4.79431">
        <ele>16</ele>
      </trkpt>
      <trkpt lat="50.98826" lon="4.79191">
        <ele>19</ele>
      </trkpt>
      <trkpt lat="50.9881" lon="4.7913">
        <ele>21</ele>
      </trkpt>
      <trkpt lat="50.98738" lon="4.78885">
        <ele>21</ele>
      </trkpt>
      <trkpt lat="50.98704" lon="4.78757">
        <ele>21</ele>
      </trkpt>
      <trkpt lat="50.98703" lon="4.78749">
        <ele>21</ele>
      </trkpt>
      <trkpt lat="50.987" lon="4.78733">
        <ele>20</ele>
      </trkpt>
      <trkpt lat="50.98659" lon="4.78182">
        <ele>19</ele>
      </trkpt>
      <trkpt lat="50.98654" lon="4.78179">
        <ele>19</ele>
      </trkpt>
      <trkpt lat="50.98652" lon="4.78171">
        <ele>19</ele>
      </trkpt>
      <trkpt lat="50.98654" lon="4.78165">
        <ele>19</ele>
      </trkpt>
      <trkpt lat="50.98657" lon="4.78163">
        <ele>19</ele>
      </trkpt>
      <trkpt lat="50.9865" lon="4.78062">
        <ele>19</ele>
      </trkpt>
      <trkpt lat="50.98642" lon="4.77972">
        <ele>18</ele>
      </trkpt>
      <trkpt lat="50.98632" lon="4.77908">
        <ele>17</ele>
      </trkpt>
      <trkpt lat="50.98603" lon="4.77752">
        <ele>15</ele>
      </trkpt>
      <trkpt lat="50.98601" lon="4.77734">
        <ele>15</ele>
      </trkpt>
      <trkpt lat="50.98595" lon="4.77737">
        <ele>14</ele>
      </trkpt>
      <trkpt lat="50.98591" lon="4.77739">
        <ele>13</ele>
      </trkpt>
      <trkpt lat="50.98583" lon="4.7775">
        <ele>14</ele>
      </trkpt>
      <trkpt lat="50.98557" lon="4.77799">
        <ele>14</ele>
      </trkpt>
      <trkpt lat="50.98536" lon="4.77828">
        <ele>14</ele>
      </trkpt>
      <trkpt lat="50.98513" lon="4.77848">
        <ele>13</ele>
      </trkpt>
      <trkpt lat="50.98475" lon="4.77869">
        <ele>13</ele>
      </trkpt>
      <trkpt lat="50.98462" lon="4.7788">
        <ele>13</ele>
      </trkpt>
      <trkpt lat="50.98454" lon="4.77888">
        <ele>13</ele>
      </trkpt>
      <trkpt lat="50.98443" lon="4.77905">
        <ele>13</ele>
      </trkpt>
      <trkpt lat="50.98437" lon="4.77926">
        <ele>14</ele>
      </trkpt>
      <trkpt lat="50.98428" lon="4.78058">
        <ele>14</ele>
      </trkpt>
      <trkpt lat="50.98428" lon="4.78075">
        <ele>14</ele>
      </trkpt>
      <trkpt lat="50.98437" lon="4.78148">
        <ele>17</ele>
      </trkpt>
      <trkpt lat="50.98438" lon="4.78159">
        <ele>17</ele>
      </trkpt>
      <trkpt lat="50.98436" lon="4.78169">
        <ele>17</ele>
      </trkpt>
      <trkpt lat="50.9843" lon="4.78176">
        <ele>15</ele>
      </trkpt>
      <trkpt lat="50.98321" lon="4.78193">
        <ele>12</ele>
      </trkpt>
      <trkpt lat="50.98304" lon="4.78194">
        <ele>12</ele>
      </trkpt>
      <trkpt lat="50.98273" lon="4.7819">
        <ele>12</ele>
      </trkpt>
      <trkpt lat="50.98172" lon="4.7815">
        <ele>10</ele>
      </trkpt>
      <trkpt lat="50.98124" lon="4.78142">
        <ele>9</ele>
      </trkpt>
      <trkpt lat="50.98101" lon="4.78142">
        <ele>9</ele>
      </trkpt>
      <trkpt lat="50.97892" lon="4.7817">
        <ele>11</ele>
      </trkpt>
      <trkpt lat="50.97861" lon="4.7817">
        <ele>12</ele>
      </trkpt>
      <trkpt lat="50.97726" lon="4.78153">
        <ele>13</ele>
      </trkpt>
      <trkpt lat="50.9764" lon="4.78135">
        <ele>11</ele>
      </trkpt>
      <trkpt lat="50.97154" lon="4.78002">
        <ele>14</ele>
      </trkpt>
      <trkpt lat="50.97154" lon="4.77992">
        <ele>14</ele>
      </trkpt>
      <trkpt lat="50.97151" lon="4.77984">
        <ele>14</ele>
      </trkpt>
      <trkpt lat="50.97147" lon="4.77978">
        <ele>14</ele>
      </trkpt>
      <trkpt lat="50.97139" lon="4.77976">
        <ele>14</ele>
      </trkpt>
      <trkpt lat="50.97133" lon="4.77959">
        <ele>14</ele>
      </trkpt>
      <trkpt lat="50.97094" lon="4.77913">
        <ele>15</ele>
      </trkpt>
      <trkpt lat="50.97075" lon="4.779">
        <ele>15</ele>
      </trkpt>
      <trkpt lat="50.96966" lon="4.77852">
        <ele>15</ele>
      </trkpt>
      <trkpt lat="50.96917" lon="4.77827">
        <ele>15</ele>
      </trkpt>
      <trkpt lat="50.96645" lon="4.77644">
        <ele>20</ele>
      </trkpt>
      <trkpt lat="50.96639" lon="4.77633">
        <ele>20</ele>
      </trkpt>
      <trkpt lat="50.96371" lon="4.76358">
        <ele>21</ele>
      </trkpt>
      <trkpt lat="50.96359" lon="4.76291">
        <ele>23</ele>
      </trkpt>
      <trkpt lat="50.96283" lon="4.75946">
        <ele>33</ele>
      </trkpt>
      <trkpt lat="50.96191" lon="4.75496">
        <ele>37</ele>
      </trkpt>
      <trkpt lat="50.96181" lon="4.75438">
        <ele>32</ele>
      </trkpt>
      <trkpt lat="50.96178" lon="4.75417">
        <ele>32</ele>
      </trkpt>
      <trkpt lat="50.96167" lon="4.75259">
        <ele>29</ele>
      </trkpt>
      <trkpt lat="50.96144" lon="4.74995">
        <ele>26</ele>
      </trkpt>
      <trkpt lat="50.96128" lon="4.7484">
        <ele>25</ele>
      </trkpt>
      <trkpt lat="50.96108" lon="4.74696">
        <ele>24</ele>
      </trkpt>
      <trkpt lat="50.96059" lon="4.74405">
        <ele>18</ele>
      </trkpt>
      <trkpt lat="50.96054" lon="4.74401">
        <ele>18</ele>
      </trkpt>
      <trkpt lat="50.96057" lon="4.74389">
        <ele>18</ele>
      </trkpt>
      <trkpt lat="50.96058" lon="4.74373">
        <ele>18</ele>
      </trkpt>
      <trkpt lat="50.9605" lon="4.74263">
        <ele>17</ele>
      </trkpt>
      <trkpt lat="50.96046" lon="4.74243">
        <ele>17</ele>
      </trkpt>
      <trkpt lat="50.95895" lon="4.73819">
        <ele>13</ele>
      </trkpt>
      <trkpt lat="50.95883" lon="4.73791">
        <ele>12</ele>
      </trkpt>
      <trkpt lat="50.9587" lon="4.73767">
        <ele>13</ele>
      </trkpt>
      <trkpt lat="50.95771" lon="4.73596">
        <ele>11</ele>
      </trkpt>
      <trkpt lat="50.95752" lon="4.73556">
        <ele>11</ele>
      </trkpt>
      <trkpt lat="50.95652" lon="4.73231">
        <ele>12</ele>
      </trkpt>
      <trkpt lat="50.95635" lon="4.73154">
        <ele>13</ele>
      </trkpt>
      <trkpt lat="50.95629" lon="4.73102">
        <ele>13</ele>
      </trkpt>
      <trkpt lat="50.95628" lon="4.73062">
        <ele>14</ele>
      </trkpt>
      <trkpt lat="50.95634" lon="4.72818">
        <ele>12</ele>
      </trkpt>
      <trkpt lat="50.95633" lon="4.72784">
        <ele>12</ele>
      </trkpt>
      <trkpt lat="50.9563" lon="4.7276">
        <ele>12</ele>
      </trkpt>
      <trkpt lat="50.95623" lon="4.72724">
        <ele>12</ele>
      </trkpt>
      <trkpt lat="50.95552" lon="4.72426">
        <ele>12</ele>
      </trkpt>
      <trkpt lat="50.95503" lon="4.72162">
        <ele>11</ele>
      </trkpt>
      <trkpt lat="50.95475" lon="4.72005">
        <ele>11</ele>
      </trkpt>
      <trkpt lat="50.95445" lon="4.71848">
        <ele>11</ele>
      </trkpt>
      <trkpt lat="50.95401" lon="4.71685">
        <ele>12</ele>
      </trkpt>
      <trkpt lat="50.95394" lon="4.71663">
        <ele>12</ele>
      </trkpt>
      <trkpt lat="50.95381" lon="4.71632">
        <ele>12</ele>
      </trkpt>
      <trkpt lat="50.95361" lon="4.71593">
        <ele>12</ele>
      </trkpt>
      <trkpt lat="50.95346" lon="4.71567">
        <ele>12</ele>
      </trkpt>
      <trkpt lat="50.95193" lon="4.71386">
        <ele>13</ele>
      </trkpt>
      <trkpt lat="50.95146" lon="4.71325">
        <ele>14</ele>
      </trkpt>
      <trkpt lat="50.95096" lon="4.71255">
        <ele>14</ele>
      </trkpt>
      <trkpt lat="50.95059" lon="4.71199">
        <ele>14</ele>
      </trkpt>
      <trkpt lat="50.95014" lon="4.71146">
        <ele>14</ele>
      </trkpt>
      <trkpt lat="50.94946" lon="4.71019">
        <ele>13</ele>
      </trkpt>
      <trkpt lat="50.94917" lon="4.7096">
        <ele>12</ele>
      </trkpt>
      <trkpt lat="50.94906" lon="4.70931">
        <ele>12</ele>
      </trkpt>
      <trkpt lat="50.94879" lon="4.70815">
        <ele>10</ele>
      </trkpt>
      <trkpt lat="50.9481" lon="4.70485">
        <ele>10</ele>
      </trkpt>
      <trkpt lat="50.94775" lon="4.70295">
        <ele>10</ele>
      </trkpt>
      <trkpt lat="50.94765" lon="4.70249">
        <ele>11</ele>
      </trkpt>
      <trkpt lat="50.94753" lon="4.70206">
        <ele>10</ele>
      </trkpt>
      <trkpt lat="50.94463" lon="4.69676">
        <ele>11</ele>
      </trkpt>
      <trkpt lat="50.94327" lon="4.69431">
        <ele>13</ele>
      </trkpt>
      <trkpt lat="50.94323" lon="4.69425">
        <ele>13</ele>
      </trkpt>
      <trkpt lat="50.943" lon="4.69399">
        <ele>13</ele>
      </trkpt>
      <trkpt lat="50.94277" lon="4.69377">
        <ele>13</ele>
      </trkpt>
      <trkpt lat="50.94244" lon="4.69356">
        <ele>13</ele>
      </trkpt>
      <trkpt lat="50.94175" lon="4.69318">
        <ele>13</ele>
      </trkpt>
      <trkpt lat="50.94158" lon="4.69318">
        <ele>13</ele>
      </trkpt>
      <trkpt lat="50.94135" lon="4.69322">
        <ele>13</ele>
      </trkpt>
      <trkpt lat="50.94095" lon="4.6933">
        <ele>13</ele>
      </trkpt>
      <trkpt lat="50.94089" lon="4.69334">
        <ele>13</ele>
      </trkpt>
      <trkpt lat="50.93945" lon="4.69417">
        <ele>12</ele>
      </trkpt>
      <trkpt lat="50.93824" lon="4.69477">
        <ele>13</ele>
      </trkpt>
      <trkpt lat="50.93794" lon="4.69495">
        <ele>13</ele>
      </trkpt>
      <trkpt lat="50.93772" lon="4.69514">
        <ele>13</ele>
      </trkpt>
      <trkpt lat="50.93667" lon="4.69621">
        <ele>14</ele>
      </trkpt>
      <trkpt lat="50.93583" lon="4.69703">
        <ele>15</ele>
      </trkpt>
      <trkpt lat="50.93578" lon="4.69705">
        <ele>15</ele>
      </trkpt>
      <trkpt lat="50.93508" lon="4.69735">
        <ele>15</ele>
      </trkpt>
      <trkpt lat="50.93479" lon="4.69745">
        <ele>14</ele>
      </trkpt>
      <trkpt lat="50.93381" lon="4.69758">
        <ele>15</ele>
      </trkpt>
      <trkpt lat="50.93367" lon="4.69753">
        <ele>15</ele>
      </trkpt>
      <trkpt lat="50.93336" lon="4.69737">
        <ele>15</ele>
      </trkpt>
      <trkpt lat="50.93297" lon="4.69736">
        <ele>15</ele>
      </trkpt>
      <trkpt lat="50.93046" lon="4.69708">
        <ele>16</ele>
      </trkpt>
      <trkpt lat="50.92975" lon="4.69691">
        <ele>16</ele>
      </trkpt>
      <trkpt lat="50.92954" lon="4.6969">
        <ele>16</ele>
      </trkpt>
      <trkpt lat="50.92949" lon="4.69686">
        <ele>16</ele>
      </trkpt>
      <trkpt lat="50.929" lon="4.69658">
        <ele>16</ele>
      </trkpt>
      <trkpt lat="50.92813" lon="4.69593">
        <ele>17</ele>
      </trkpt>
      <trkpt lat="50.92676" lon="4.69467">
        <ele>18</ele>
      </trkpt>
      <trkpt lat="50.92619" lon="4.6941">
        <ele>17</ele>
      </trkpt>
      <trkpt lat="50.92592" lon="4.69379">
        <ele>17</ele>
      </trkpt>
      <trkpt lat="50.92507" lon="4.69247">
        <ele>17</ele>
      </trkpt>
      <trkpt lat="50.92486" lon="4.69239">
        <ele>17</ele>
      </trkpt>
      <trkpt lat="50.92427" lon="4.69232">
        <ele>18</ele>
      </trkpt>
      <trkpt lat="50.92389" lon="4.69214">
        <ele>18</ele>
      </trkpt>
      <trkpt lat="50.92378" lon="4.69214">
        <ele>18</ele>
      </trkpt>
      <trkpt lat="50.92368" lon="4.69222">
        <ele>18</ele>
      </trkpt>
      <trkpt lat="50.92295" lon="4.69205">
        <ele>19</ele>
      </trkpt>
      <trkpt lat="50.92246" lon="4.6919">
        <ele>20</ele>
      </trkpt>
      <trkpt lat="50.9224" lon="4.69188">
        <ele>20</ele>
      </trkpt>
      <trkpt lat="50.92236" lon="4.69182">
        <ele>20</ele>
      </trkpt>
      <trkpt lat="50.92229" lon="4.69174">
        <ele>18</ele>
      </trkpt>
      <trkpt lat="50.92225" lon="4.69161">
        <ele>18</ele>
      </trkpt>
      <trkpt lat="50.92191" lon="4.69024">
        <ele>18</ele>
      </trkpt>
      <trkpt lat="50.92186" lon="4.69013">
        <ele>18</ele>
      </trkpt>
      <trkpt lat="50.92179" lon="4.69005">
        <ele>18</ele>
      </trkpt>
      <trkpt lat="50.92076" lon="4.68885">
        <ele>19</ele>
      </trkpt>
      <trkpt lat="50.91939" lon="4.68785">
        <ele>19</ele>
      </trkpt>
      <trkpt lat="50.91702" lon="4.68547">
        <ele>18</ele>
      </trkpt>
      <trkpt lat="50.91685" lon="4.68523">
        <ele>18</ele>
      </trkpt>
      <trkpt lat="50.91677" lon="4.68529">
        <ele>18</ele>
      </trkpt>
      <trkpt lat="50.9167" lon="4.68525">
        <ele>18</ele>
      </trkpt>
      <trkpt lat="50.91666" lon="4.68514">
        <ele>18</ele>
      </trkpt>
      <trkpt lat="50.91668" lon="4.68502">
        <ele>18</ele>
      </trkpt>
      <trkpt lat="50.91518" lon="4.68323">
        <ele>19</ele>
      </trkpt>
      <trkpt lat="50.91456" lon="4.6824">
        <ele>19</ele>
      </trkpt>
      <trkpt lat="50.91372" lon="4.68116">
        <ele>20</ele>
      </trkpt>
      <trkpt lat="50.91342" lon="4.68062">
        <ele>20</ele>
      </trkpt>
      <trkpt lat="50.91322" lon="4.68022">
        <ele>20</ele>
      </trkpt>
      <trkpt lat="50.91307" lon="4.6798">
        <ele>20</ele>
      </trkpt>
      <trkpt lat="50.91283" lon="4.67893">
        <ele>20</ele>
      </trkpt>
      <trkpt lat="50.91274" lon="4.67869">
        <ele>20</ele>
      </trkpt>
      <trkpt lat="50.91214" lon="4.67745">
        <ele>20</ele>
      </trkpt>
      <trkpt lat="50.91198" lon="4.67732">
        <ele>21</ele>
      </trkpt>
      <trkpt lat="50.9102" lon="4.67693">
        <ele>22</ele>
      </trkpt>
      <trkpt lat="50.90987" lon="4.67686">
        <ele>22</ele>
      </trkpt>
      <trkpt lat="50.90986" lon="4.67693">
        <ele>22</ele>
      </trkpt>
      <trkpt lat="50.90974" lon="4.67694">
        <ele>22</ele>
      </trkpt>
      <trkpt lat="50.90967" lon="4.67699">
        <ele>22</ele>
      </trkpt>
      <trkpt lat="50.90928" lon="4.67745">
        <ele>23</ele>
      </trkpt>
      <trkpt lat="50.90923" lon="4.67751">
        <ele>23</ele>
      </trkpt>
      <trkpt lat="50.9092" lon="4.67747">
        <ele>23</ele>
      </trkpt>
      <trkpt lat="50.90915" lon="4.67746">
        <ele>23</ele>
      </trkpt>
      <trkpt lat="50.90923" lon="4.67727">
        <ele>22</ele>
      </trkpt>
      <trkpt lat="50.90924" lon="4.67708">
        <ele>22</ele>
      </trkpt>
      <trkpt lat="50.9092" lon="4.67708">
        <ele>22</ele>
      </trkpt>
      <trkpt lat="50.90918" lon="4.67698">
        <ele>23</ele>
      </trkpt>
      <trkpt lat="50.90907" lon="4.6768">
        <ele>23</ele>
      </trkpt>
      <trkpt lat="50.90887" lon="4.67661">
        <ele>23</ele>
      </trkpt>
      <trkpt lat="50.9088" lon="4.67651">
        <ele>23</ele>
      </trkpt>
      <trkpt lat="50.90836" lon="4.67537">
        <ele>23</ele>
      </trkpt>
      <trkpt lat="50.90832" lon="4.67523">
        <ele>24</ele>
      </trkpt>
      <trkpt lat="50.90737" lon="4.67456">
        <ele>25</ele>
      </trkpt>
      <trkpt lat="50.90712" lon="4.67448">
        <ele>26</ele>
      </trkpt>
      <trkpt lat="50.90704" lon="4.67439">
        <ele>26</ele>
      </trkpt>
      <trkpt lat="50.90698" lon="4.67432">
        <ele>26</ele>
      </trkpt>
      <trkpt lat="50.90676" lon="4.67389">
        <ele>26</ele>
      </trkpt>
      <trkpt lat="50.90666" lon="4.6738">
        <ele>27</ele>
      </trkpt>
      <trkpt lat="50.90662" lon="4.67381">
        <ele>27</ele>
      </trkpt>
      <trkpt lat="50.90618" lon="4.67386">
        <ele>27</ele>
      </trkpt>
      <trkpt lat="50.90607" lon="4.67389">
        <ele>27</ele>
      </trkpt>
      <trkpt lat="50.90613" lon="4.67351">
        <ele>27</ele>
      </trkpt>
      <trkpt lat="50.90648" lon="4.67209">
        <ele>28</ele>
      </trkpt>
      <trkpt lat="50.90654" lon="4.6718">
        <ele>27</ele>
      </trkpt>
      <trkpt lat="50.90658" lon="4.67129">
        <ele>27</ele>
      </trkpt>
      <trkpt lat="50.9066" lon="4.67071">
        <ele>27</ele>
      </trkpt>
      <trkpt lat="50.9065" lon="4.66982">
        <ele>27</ele>
      </trkpt>
      <trkpt lat="50.9065" lon="4.6696">
        <ele>27</ele>
      </trkpt>
      <trkpt lat="50.90652" lon="4.6695">
        <ele>27</ele>
      </trkpt>
      <trkpt lat="50.90648" lon="4.66945">
        <ele>27</ele>
      </trkpt>
      <trkpt lat="50.90644" lon="4.66934">
        <ele>30</ele>
      </trkpt>
      <trkpt lat="50.90636" lon="4.66888">
        <ele>30</ele>
      </trkpt>
      <trkpt lat="50.90613" lon="4.66658">
        <ele>31</ele>
      </trkpt>
      <trkpt lat="50.906" lon="4.66552">
        <ele>32</ele>
      </trkpt>
      <trkpt lat="50.90598" lon="4.66543">
        <ele>32</ele>
      </trkpt>
      <trkpt lat="50.90575" lon="4.66444">
        <ele>34</ele>
      </trkpt>
      <trkpt lat="50.9056" lon="4.66387">
        <ele>34</ele>
      </trkpt>
      <trkpt lat="50.90481" lon="4.66134">
        <ele>32</ele>
      </trkpt>
      <trkpt lat="50.90465" lon="4.66076">
        <ele>31</ele>
      </trkpt>
      <trkpt lat="50.90435" lon="4.65933">
        <ele>30</ele>
      </trkpt>
      <trkpt lat="50.9041" lon="4.65804">
        <ele>30</ele>
      </trkpt>
      <trkpt lat="50.90416" lon="4.65546">
        <ele>28</ele>
      </trkpt>
      <trkpt lat="50.90414" lon="4.65481">
        <ele>29</ele>
      </trkpt>
      <trkpt lat="50.90407" lon="4.65432">
        <ele>29</ele>
      </trkpt>
      <trkpt lat="50.90376" lon="4.6527">
        <ele>29</ele>
      </trkpt>
      <trkpt lat="50.90375" lon="4.65193">
        <ele>29</ele>
      </trkpt>
      <trkpt lat="50.90376" lon="4.65121">
        <ele>29</ele>
      </trkpt>
      <trkpt lat="50.90374" lon="4.651">
        <ele>29</ele>
      </trkpt>
      <trkpt lat="50.9031" lon="4.64862">
        <ele>31</ele>
      </trkpt>
      <trkpt lat="50.90305" lon="4.64825">
        <ele>30</ele>
      </trkpt>
      <trkpt lat="50.90303" lon="4.64793">
        <ele>30</ele>
      </trkpt>
      <trkpt lat="50.90308" lon="4.64608">
        <ele>30</ele>
      </trkpt>
      <trkpt lat="50.90311" lon="4.64604">
        <ele>30</ele>
      </trkpt>
      <trkpt lat="50.90313" lon="4.64594">
        <ele>30</ele>
      </trkpt>
      <trkpt lat="50.90312" lon="4.64589">
        <ele>30</ele>
      </trkpt>
      <trkpt lat="50.90308" lon="4.64582">
        <ele>30</ele>
      </trkpt>
      <trkpt lat="50.90309" lon="4.64567">
        <ele>31</ele>
      </trkpt>
      <trkpt lat="50.90306" lon="4.64515">
        <ele>31</ele>
      </trkpt>
      <trkpt lat="50.90301" lon="4.64456">
        <ele>31</ele>
      </trkpt>
      <trkpt lat="50.90295" lon="4.64414">
        <ele>31</ele>
      </trkpt>
      <trkpt lat="50.90285" lon="4.64381">
        <ele>31</ele>
      </trkpt>
      <trkpt lat="50.9026" lon="4.64315">
        <ele>30</ele>
      </trkpt>
      <trkpt lat="50.9023" lon="4.64209">
        <ele>30</ele>
      </trkpt>
      <trkpt lat="50.90222" lon="4.64174">
        <ele>30</ele>
      </trkpt>
      <trkpt lat="50.90215" lon="4.64136">
        <ele>30</ele>
      </trkpt>
      <trkpt lat="50.90206" lon="4.63972">
        <ele>30</ele>
      </trkpt>
      <trkpt lat="50.90199" lon="4.63897">
        <ele>29</ele>
      </trkpt>
      <trkpt lat="50.90188" lon="4.63835">
        <ele>29</ele>
      </trkpt>
      <trkpt lat="50.90091" lon="4.63515">
        <ele>30</ele>
      </trkpt>
      <trkpt lat="50.90078" lon="4.63456">
        <ele>30</ele>
      </trkpt>
      <trkpt lat="50.90073" lon="4.63424">
        <ele>30</ele>
      </trkpt>
      <trkpt lat="50.90058" lon="4.63232">
        <ele>32</ele>
      </trkpt>
      <trkpt lat="50.90057" lon="4.6321">
        <ele>32</ele>
      </trkpt>
      <trkpt lat="50.90061" lon="4.63193">
        <ele>32</ele>
      </trkpt>
      <trkpt lat="50.90161" lon="4.62718">
        <ele>30</ele>
      </trkpt>
      <trkpt lat="50.90171" lon="4.6266">
        <ele>30</ele>
      </trkpt>
      <trkpt lat="50.90171" lon="4.62646">
        <ele>31</ele>
      </trkpt>
      <trkpt lat="50.90169" lon="4.62634">
        <ele>31</ele>
      </trkpt>
      <trkpt lat="50.90172" lon="4.62619">
        <ele>31</ele>
      </trkpt>
      <trkpt lat="50.9017" lon="4.62603">
        <ele>31</ele>
      </trkpt>
      <trkpt lat="50.90166" lon="4.62542">
        <ele>31</ele>
      </trkpt>
      <trkpt lat="50.90163" lon="4.62533">
        <ele>31</ele>
      </trkpt>
      <trkpt lat="50.90158" lon="4.62479">
        <ele>30</ele>
      </trkpt>
      <trkpt lat="50.90152" lon="4.62418">
        <ele>30</ele>
      </trkpt>
      <trkpt lat="50.90152" lon="4.62407">
        <ele>30</ele>
      </trkpt>
      <trkpt lat="50.90146" lon="4.62381">
        <ele>30</ele>
      </trkpt>
      <trkpt lat="50.90141" lon="4.62375">
        <ele>31</ele>
      </trkpt>
      <trkpt lat="50.90135" lon="4.62348">
        <ele>30</ele>
      </trkpt>
      <trkpt lat="50.90134" lon="4.62334">
        <ele>30</ele>
      </trkpt>
      <trkpt lat="50.90123" lon="4.62295">
        <ele>30</ele>
      </trkpt>
      <trkpt lat="50.90122" lon="4.62287">
        <ele>30</ele>
      </trkpt>
      <trkpt lat="50.90126" lon="4.62264">
        <ele>30</ele>
      </trkpt>
      <trkpt lat="50.90119" lon="4.62249">
        <ele>30</ele>
      </trkpt>
      <trkpt lat="50.90116" lon="4.62233">
        <ele>30</ele>
      </trkpt>
      <trkpt lat="50.90107" lon="4.62174">
        <ele>30</ele>
      </trkpt>
      <trkpt lat="50.90095" lon="4.62076">
        <ele>30</ele>
      </trkpt>
      <trkpt lat="50.90081" lon="4.62001">
        <ele>30</ele>
      </trkpt>
      <trkpt lat="50.90029" lon="4.61759">
        <ele>30</ele>
      </trkpt>
      <trkpt lat="50.90022" lon="4.61739">
        <ele>30</ele>
      </trkpt>
      <trkpt lat="50.90013" lon="4.61722">
        <ele>31</ele>
      </trkpt>
      <trkpt lat="50.89999" lon="4.61704">
        <ele>31</ele>
      </trkpt>
      <trkpt lat="50.89983" lon="4.61694">
        <ele>31</ele>
      </trkpt>
      <trkpt lat="50.89885" lon="4.61652">
        <ele>31</ele>
      </trkpt>
      <trkpt lat="50.89871" lon="4.6164">
        <ele>31</ele>
      </trkpt>
      <trkpt lat="50.89862" lon="4.6163">
        <ele>31</ele>
      </trkpt>
      <trkpt lat="50.89853" lon="4.61616">
        <ele>31</ele>
      </trkpt>
      <trkpt lat="50.89845" lon="4.61597">
        <ele>32</ele>
      </trkpt>
      <trkpt lat="50.89744" lon="4.61323">
        <ele>32</ele>
      </trkpt>
      <trkpt lat="50.89679" lon="4.61181">
        <ele>34</ele>
      </trkpt>
      <trkpt lat="50.89649" lon="4.61116">
        <ele>33</ele>
      </trkpt>
      <trkpt lat="50.89602" lon="4.61049">
        <ele>33</ele>
      </trkpt>
      <trkpt lat="50.89589" lon="4.61033">
        <ele>34</ele>
      </trkpt>
      <trkpt lat="50.89556" lon="4.60997">
        <ele>34</ele>
      </trkpt>
      <trkpt lat="50.89337" lon="4.60741">
        <ele>37</ele>
      </trkpt>
      <trkpt lat="50.8911" lon="4.60475">
        <ele>35</ele>
      </trkpt>
      <trkpt lat="50.88993" lon="4.60332">
        <ele>36</ele>
      </trkpt>
      <trkpt lat="50.88606" lon="4.59804">
        <ele>39</ele>
      </trkpt>
      <trkpt lat="50.88586" lon="4.59767">
        <ele>39</ele>
      </trkpt>
      <trkpt lat="50.88564" lon="4.59719">
        <ele>39</ele>
      </trkpt>
      <trkpt lat="50.88548" lon="4.59699">
        <ele>39</ele>
      </trkpt>
      <trkpt lat="50.88528" lon="4.59687">
        <ele>39</ele>
      </trkpt>
      <trkpt lat="50.88511" lon="4.59672">
        <ele>39</ele>
      </trkpt>
      <trkpt lat="50.88416" lon="4.59508">
        <ele>38</ele>
      </trkpt>
      <trkpt lat="50.88315" lon="4.5933">
        <ele>38</ele>
      </trkpt>
      <trkpt lat="50.88298" lon="4.59299">
        <ele>37</ele>
      </trkpt>
      <trkpt lat="50.8829" lon="4.5928">
        <ele>37</ele>
      </trkpt>
      <trkpt lat="50.88276" lon="4.59233">
        <ele>38</ele>
      </trkpt>
      <trkpt lat="50.88271" lon="4.59193">
        <ele>38</ele>
      </trkpt>
      <trkpt lat="50.88267" lon="4.59131">
        <ele>38</ele>
      </trkpt>
      <trkpt lat="50.8826" lon="4.5908">
        <ele>39</ele>
      </trkpt>
      <trkpt lat="50.88254" lon="4.59057">
        <ele>40</ele>
      </trkpt>
      <trkpt lat="50.88237" lon="4.59015">
        <ele>40</ele>
      </trkpt>
      <trkpt lat="50.88233" lon="4.59008">
        <ele>40</ele>
      </trkpt>
      <trkpt lat="50.88142" lon="4.58848">
        <ele>44</ele>
      </trkpt>
      <trkpt lat="50.88023" lon="4.58614">
        <ele>43</ele>
      </trkpt>
      <trkpt lat="50.88072" lon="4.58556">
        <ele>41</ele>
      </trkpt>
      <trkpt lat="50.88133" lon="4.58482">
        <ele>40</ele>
      </trkpt>
      <trkpt lat="50.88178" lon="4.58422">
        <ele>39</ele>
      </trkpt>
      <trkpt lat="50.88204" lon="4.58381">
        <ele>38</ele>
      </trkpt>
      <trkpt lat="50.88252" lon="4.58296">
        <ele>38</ele>
      </trkpt>
      <trkpt lat="50.88309" lon="4.58195">
        <ele>40</ele>
      </trkpt>
      <trkpt lat="50.88228" lon="4.57907">
        <ele>37</ele>
      </trkpt>
      <trkpt lat="50.88195" lon="4.57805">
        <ele>37</ele>
      </trkpt>
      <trkpt lat="50.88162" lon="4.57722">
        <ele>39</ele>
      </trkpt>
      <trkpt lat="50.88125" lon="4.57644">
        <ele>40</ele>
      </trkpt>
      <trkpt lat="50.88092" lon="4.57579">
        <ele>41</ele>
      </trkpt>
      <trkpt lat="50.88015" lon="4.57443">
        <ele>42</ele>
      </trkpt>
      <trkpt lat="50.8799" lon="4.57392">
        <ele>44</ele>
      </trkpt>
      <trkpt lat="50.87938" lon="4.57237">
        <ele>45</ele>
      </trkpt>
      <trkpt lat="50.87922" lon="4.57197">
        <ele>47</ele>
      </trkpt>
      <trkpt lat="50.87882" lon="4.57121">
        <ele>48</ele>
      </trkpt>
      <trkpt lat="50.87899" lon="4.57089">
        <ele>49</ele>
      </trkpt>
      <trkpt lat="50.8792" lon="4.57054">
        <ele>49</ele>
      </trkpt>
      <trkpt lat="50.87911" lon="4.56987">
        <ele>48</ele>
      </trkpt>
      <trkpt lat="50.87914" lon="4.56977">
        <ele>48</ele>
      </trkpt>
      <trkpt lat="50.87948" lon="4.56914">
        <ele>47</ele>
      </trkpt>
      <trkpt lat="50.88014" lon="4.56811">
        <ele>46</ele>
      </trkpt>
      <trkpt lat="50.8802" lon="4.56788">
        <ele>46</ele>
      </trkpt>
      <trkpt lat="50.88019" lon="4.56775">
        <ele>46</ele>
      </trkpt>
      <trkpt lat="50.88012" lon="4.56689">
        <ele>46</ele>
      </trkpt>
      <trkpt lat="50.88013" lon="4.5667">
        <ele>46</ele>
      </trkpt>
      <trkpt lat="50.88012" lon="4.56647">
        <ele>46</ele>
      </trkpt>
      <trkpt lat="50.88006" lon="4.56644">
        <ele>46</ele>
      </trkpt>
      <trkpt lat="50.88002" lon="4.56636">
        <ele>46</ele>
      </trkpt>
      <trkpt lat="50.88004" lon="4.56625">
        <ele>46</ele>
      </trkpt>
      <trkpt lat="50.88009" lon="4.56619">
        <ele>46</ele>
      </trkpt>
      <trkpt lat="50.88006" lon="4.56426">
        <ele>50</ele>
      </trkpt>
      <trkpt lat="50.88009" lon="4.56401">
        <ele>51</ele>
      </trkpt>
      <trkpt lat="50.88048" lon="4.56195">
        <ele>59</ele>
      </trkpt>
      <trkpt lat="50.88051" lon="4.56157">
        <ele>59</ele>
      </trkpt>
      <trkpt lat="50.88046" lon="4.5608">
        <ele>59</ele>
      </trkpt>
      <trkpt lat="50.87985" lon="4.55718">
        <ele>55</ele>
      </trkpt>
      <trkpt lat="50.87933" lon="4.55516">
        <ele>54</ele>
      </trkpt>
      <trkpt lat="50.87926" lon="4.5547">
        <ele>51</ele>
      </trkpt>
      <trkpt lat="50.87889" lon="4.55168">
        <ele>53</ele>
      </trkpt>
    </trkseg>
  </trk>
</gpx>
