<?xml version="1.0" encoding="UTF-8"?>
<gpx xmlns="http://www.topografix.com/GPX/1/1" creator="RouteYou" version="1.1" xmlns:xsi="http://www.w3.org/2001/XMLSchema-instance" xsi:schemaLocation="http://www.topografix.com/GPX/1/1 http://www.topografix.com/GPX/1/1/gpx.xsd">
  <trk>
    <name>Waterloo 2025</name>
    <desc></desc>
    <trkseg>
      <trkpt lat="50.87886" lon="4.55141">
        <ele>54</ele>
      </trkpt>
      <trkpt lat="50.87925" lon="4.55463">
        <ele>51</ele>
      </trkpt>
      <trkpt lat="50.87836" lon="4.55445">
        <ele>49</ele>
      </trkpt>
      <trkpt lat="50.87763" lon="4.55446">
        <ele>48</ele>
      </trkpt>
      <trkpt lat="50.87703" lon="4.5544">
        <ele>48</ele>
      </trkpt>
      <trkpt lat="50.87641" lon="4.55417">
        <ele>49</ele>
      </trkpt>
      <trkpt lat="50.87629" lon="4.55405">
        <ele>50</ele>
      </trkpt>
      <trkpt lat="50.87612" lon="4.55448">
        <ele>49</ele>
      </trkpt>
      <trkpt lat="50.87603" lon="4.5548">
        <ele>49</ele>
      </trkpt>
      <trkpt lat="50.876" lon="4.55513">
        <ele>49</ele>
      </trkpt>
      <trkpt lat="50.87604" lon="4.55598">
        <ele>49</ele>
      </trkpt>
      <trkpt lat="50.87606" lon="4.55634">
        <ele>48</ele>
      </trkpt>
      <trkpt lat="50.87602" lon="4.55667">
        <ele>48</ele>
      </trkpt>
      <trkpt lat="50.87604" lon="4.55694">
        <ele>48</ele>
      </trkpt>
      <trkpt lat="50.8763" lon="4.55789">
        <ele>47</ele>
      </trkpt>
      <trkpt lat="50.87636" lon="4.55817">
        <ele>47</ele>
      </trkpt>
      <trkpt lat="50.87639" lon="4.5585">
        <ele>47</ele>
      </trkpt>
      <trkpt lat="50.87655" lon="4.56247">
        <ele>47</ele>
      </trkpt>
      <trkpt lat="50.8766" lon="4.56306">
        <ele>47</ele>
      </trkpt>
      <trkpt lat="50.87692" lon="4.56576">
        <ele>49</ele>
      </trkpt>
      <trkpt lat="50.87725" lon="4.56802">
        <ele>53</ele>
      </trkpt>
      <trkpt lat="50.8772" lon="4.56811">
        <ele>53</ele>
      </trkpt>
      <trkpt lat="50.87719" lon="4.56816">
        <ele>53</ele>
      </trkpt>
      <trkpt lat="50.87706" lon="4.56815">
        <ele>54</ele>
      </trkpt>
      <trkpt lat="50.87662" lon="4.56822">
        <ele>55</ele>
      </trkpt>
      <trkpt lat="50.87598" lon="4.5685">
        <ele>56</ele>
      </trkpt>
      <trkpt lat="50.87515" lon="4.56865">
        <ele>57</ele>
      </trkpt>
      <trkpt lat="50.87479" lon="4.56875">
        <ele>57</ele>
      </trkpt>
      <trkpt lat="50.87461" lon="4.56871">
        <ele>57</ele>
      </trkpt>
      <trkpt lat="50.87387" lon="4.56838">
        <ele>57</ele>
      </trkpt>
      <trkpt lat="50.87369" lon="4.56827">
        <ele>57</ele>
      </trkpt>
      <trkpt lat="50.87352" lon="4.56811">
        <ele>58</ele>
      </trkpt>
      <trkpt lat="50.87336" lon="4.56785">
        <ele>59</ele>
      </trkpt>
      <trkpt lat="50.87327" lon="4.56763">
        <ele>59</ele>
      </trkpt>
      <trkpt lat="50.87317" lon="4.56718">
        <ele>59</ele>
      </trkpt>
      <trkpt lat="50.87299" lon="4.56596">
        <ele>59</ele>
      </trkpt>
      <trkpt lat="50.87288" lon="4.56564">
        <ele>59</ele>
      </trkpt>
      <trkpt lat="50.87279" lon="4.56547">
        <ele>59</ele>
      </trkpt>
      <trkpt lat="50.87265" lon="4.56538">
        <ele>59</ele>
      </trkpt>
      <trkpt lat="50.87141" lon="4.56482">
        <ele>65</ele>
      </trkpt>
      <trkpt lat="50.87118" lon="4.56472">
        <ele>65</ele>
      </trkpt>
      <trkpt lat="50.87082" lon="4.56449">
        <ele>64</ele>
      </trkpt>
      <trkpt lat="50.87054" lon="4.56424">
        <ele>64</ele>
      </trkpt>
      <trkpt lat="50.86934" lon="4.56281">
        <ele>68</ele>
      </trkpt>
      <trkpt lat="50.86896" lon="4.56241">
        <ele>69</ele>
      </trkpt>
      <trkpt lat="50.8687" lon="4.56217">
        <ele>69</ele>
      </trkpt>
      <trkpt lat="50.8681" lon="4.56167">
        <ele>68</ele>
      </trkpt>
      <trkpt lat="50.86653" lon="4.5604">
        <ele>80</ele>
      </trkpt>
      <trkpt lat="50.86631" lon="4.56017">
        <ele>81</ele>
      </trkpt>
      <trkpt lat="50.86614" lon="4.55995">
        <ele>83</ele>
      </trkpt>
      <trkpt lat="50.8657" lon="4.55939">
        <ele>92</ele>
      </trkpt>
      <trkpt lat="50.86544" lon="4.5591">
        <ele>93</ele>
      </trkpt>
      <trkpt lat="50.86369" lon="4.55744">
        <ele>99</ele>
      </trkpt>
      <trkpt lat="50.86341" lon="4.55723">
        <ele>101</ele>
      </trkpt>
      <trkpt lat="50.86323" lon="4.55715">
        <ele>101</ele>
      </trkpt>
      <trkpt lat="50.86271" lon="4.55709">
        <ele>100</ele>
      </trkpt>
      <trkpt lat="50.86105" lon="4.5569">
        <ele>98</ele>
      </trkpt>
      <trkpt lat="50.86087" lon="4.55684">
        <ele>98</ele>
      </trkpt>
      <trkpt lat="50.86076" lon="4.55677">
        <ele>98</ele>
      </trkpt>
      <trkpt lat="50.86066" lon="4.55665">
        <ele>98</ele>
      </trkpt>
      <trkpt lat="50.86043" lon="4.55629">
        <ele>99</ele>
      </trkpt>
      <trkpt lat="50.85952" lon="4.55451">
        <ele>97</ele>
      </trkpt>
      <trkpt lat="50.85924" lon="4.55405">
        <ele>98</ele>
      </trkpt>
      <trkpt lat="50.85832" lon="4.5528">
        <ele>99</ele>
      </trkpt>
      <trkpt lat="50.85811" lon="4.55256">
        <ele>100</ele>
      </trkpt>
      <trkpt lat="50.85796" lon="4.55243">
        <ele>100</ele>
      </trkpt>
      <trkpt lat="50.8578" lon="4.55233">
        <ele>100</ele>
      </trkpt>
      <trkpt lat="50.85765" lon="4.55227">
        <ele>100</ele>
      </trkpt>
      <trkpt lat="50.85733" lon="4.55221">
        <ele>100</ele>
      </trkpt>
      <trkpt lat="50.85615" lon="4.55223">
        <ele>98</ele>
      </trkpt>
      <trkpt lat="50.85589" lon="4.55223">
        <ele>94</ele>
      </trkpt>
      <trkpt lat="50.85589" lon="4.55185">
        <ele>96</ele>
      </trkpt>
      <trkpt lat="50.85579" lon="4.55126">
        <ele>97</ele>
      </trkpt>
      <trkpt lat="50.85579" lon="4.5511">
        <ele>97</ele>
      </trkpt>
      <trkpt lat="50.85581" lon="4.55099">
        <ele>97</ele>
      </trkpt>
      <trkpt lat="50.85614" lon="4.5502">
        <ele>98</ele>
      </trkpt>
      <trkpt lat="50.85616" lon="4.54999">
        <ele>98</ele>
      </trkpt>
      <trkpt lat="50.85613" lon="4.54983">
        <ele>98</ele>
      </trkpt>
      <trkpt lat="50.85478" lon="4.54641">
        <ele>98</ele>
      </trkpt>
      <trkpt lat="50.85206" lon="4.5399">
        <ele>93</ele>
      </trkpt>
      <trkpt lat="50.85155" lon="4.53991">
        <ele>94</ele>
      </trkpt>
      <trkpt lat="50.84999" lon="4.5398">
        <ele>92</ele>
      </trkpt>
      <trkpt lat="50.84982" lon="4.53977">
        <ele>92</ele>
      </trkpt>
      <trkpt lat="50.84966" lon="4.53967">
        <ele>92</ele>
      </trkpt>
      <trkpt lat="50.84823" lon="4.53841">
        <ele>90</ele>
      </trkpt>
      <trkpt lat="50.8481" lon="4.53832">
        <ele>90</ele>
      </trkpt>
      <trkpt lat="50.8479" lon="4.53822">
        <ele>90</ele>
      </trkpt>
      <trkpt lat="50.84768" lon="4.53815">
        <ele>89</ele>
      </trkpt>
      <trkpt lat="50.84708" lon="4.53809">
        <ele>89</ele>
      </trkpt>
      <trkpt lat="50.84681" lon="4.53802">
        <ele>88</ele>
      </trkpt>
      <trkpt lat="50.84645" lon="4.53789">
        <ele>88</ele>
      </trkpt>
      <trkpt lat="50.84599" lon="4.53765">
        <ele>87</ele>
      </trkpt>
      <trkpt lat="50.8456" lon="4.53736">
        <ele>86</ele>
      </trkpt>
      <trkpt lat="50.84444" lon="4.53639">
        <ele>83</ele>
      </trkpt>
      <trkpt lat="50.84421" lon="4.53621">
        <ele>82</ele>
      </trkpt>
      <trkpt lat="50.84348" lon="4.5358">
        <ele>80</ele>
      </trkpt>
      <trkpt lat="50.8433" lon="4.53573">
        <ele>80</ele>
      </trkpt>
      <trkpt lat="50.84314" lon="4.53572">
        <ele>80</ele>
      </trkpt>
      <trkpt lat="50.84298" lon="4.53575">
        <ele>79</ele>
      </trkpt>
      <trkpt lat="50.84276" lon="4.53586">
        <ele>78</ele>
      </trkpt>
      <trkpt lat="50.84165" lon="4.53686">
        <ele>75</ele>
      </trkpt>
      <trkpt lat="50.83906" lon="4.53919">
        <ele>70</ele>
      </trkpt>
      <trkpt lat="50.83893" lon="4.5393">
        <ele>70</ele>
      </trkpt>
      <trkpt lat="50.83841" lon="4.53963">
        <ele>71</ele>
      </trkpt>
      <trkpt lat="50.83827" lon="4.5397">
        <ele>71</ele>
      </trkpt>
      <trkpt lat="50.83781" lon="4.53987">
        <ele>72</ele>
      </trkpt>
      <trkpt lat="50.83739" lon="4.54003">
        <ele>73</ele>
      </trkpt>
      <trkpt lat="50.83754" lon="4.54042">
        <ele>74</ele>
      </trkpt>
      <trkpt lat="50.83794" lon="4.54155">
        <ele>79</ele>
      </trkpt>
      <trkpt lat="50.83809" lon="4.54197">
        <ele>80</ele>
      </trkpt>
      <trkpt lat="50.8378" lon="4.5426">
        <ele>80</ele>
      </trkpt>
      <trkpt lat="50.83752" lon="4.54328">
        <ele>79</ele>
      </trkpt>
      <trkpt lat="50.83716" lon="4.54454">
        <ele>79</ele>
      </trkpt>
      <trkpt lat="50.83674" lon="4.5462">
        <ele>76</ele>
      </trkpt>
      <trkpt lat="50.83666" lon="4.54699">
        <ele>74</ele>
      </trkpt>
      <trkpt lat="50.83663" lon="4.54779">
        <ele>73</ele>
      </trkpt>
      <trkpt lat="50.83656" lon="4.54966">
        <ele>73</ele>
      </trkpt>
      <trkpt lat="50.83611" lon="4.55195">
        <ele>71</ele>
      </trkpt>
      <trkpt lat="50.83592" lon="4.55291">
        <ele>69</ele>
      </trkpt>
      <trkpt lat="50.83542" lon="4.55586">
        <ele>61</ele>
      </trkpt>
      <trkpt lat="50.8353" lon="4.55617">
        <ele>61</ele>
      </trkpt>
      <trkpt lat="50.83525" lon="4.55628">
        <ele>61</ele>
      </trkpt>
      <trkpt lat="50.83458" lon="4.55726">
        <ele>56</ele>
      </trkpt>
      <trkpt lat="50.83447" lon="4.55734">
        <ele>56</ele>
      </trkpt>
      <trkpt lat="50.83314" lon="4.55787">
        <ele>52</ele>
      </trkpt>
      <trkpt lat="50.83304" lon="4.55793">
        <ele>52</ele>
      </trkpt>
      <trkpt lat="50.8328" lon="4.55811">
        <ele>54</ele>
      </trkpt>
      <trkpt lat="50.83243" lon="4.55853">
        <ele>56</ele>
      </trkpt>
      <trkpt lat="50.83238" lon="4.55849">
        <ele>56</ele>
      </trkpt>
      <trkpt lat="50.83233" lon="4.5585">
        <ele>56</ele>
      </trkpt>
      <trkpt lat="50.8323" lon="4.55856">
        <ele>57</ele>
      </trkpt>
      <trkpt lat="50.8323" lon="4.55867">
        <ele>57</ele>
      </trkpt>
      <trkpt lat="50.83234" lon="4.55873">
        <ele>57</ele>
      </trkpt>
      <trkpt lat="50.83239" lon="4.55872">
        <ele>57</ele>
      </trkpt>
      <trkpt lat="50.83255" lon="4.55929">
        <ele>57</ele>
      </trkpt>
      <trkpt lat="50.83287" lon="4.56167">
        <ele>54</ele>
      </trkpt>
      <trkpt lat="50.83298" lon="4.56214">
        <ele>54</ele>
      </trkpt>
      <trkpt lat="50.83347" lon="4.56332">
        <ele>57</ele>
      </trkpt>
      <trkpt lat="50.83364" lon="4.56378">
        <ele>59</ele>
      </trkpt>
      <trkpt lat="50.83374" lon="4.56438">
        <ele>59</ele>
      </trkpt>
      <trkpt lat="50.83355" lon="4.56456">
        <ele>60</ele>
      </trkpt>
      <trkpt lat="50.83272" lon="4.56542">
        <ele>59</ele>
      </trkpt>
      <trkpt lat="50.83202" lon="4.56619">
        <ele>58</ele>
      </trkpt>
      <trkpt lat="50.83176" lon="4.56651">
        <ele>58</ele>
      </trkpt>
      <trkpt lat="50.83169" lon="4.56657">
        <ele>58</ele>
      </trkpt>
      <trkpt lat="50.83158" lon="4.56659">
        <ele>58</ele>
      </trkpt>
      <trkpt lat="50.83146" lon="4.56652">
        <ele>58</ele>
      </trkpt>
      <trkpt lat="50.83148" lon="4.56647">
        <ele>58</ele>
      </trkpt>
      <trkpt lat="50.8311" lon="4.5662">
        <ele>59</ele>
      </trkpt>
      <trkpt lat="50.83094" lon="4.56611">
        <ele>59</ele>
      </trkpt>
      <trkpt lat="50.83056" lon="4.56599">
        <ele>60</ele>
      </trkpt>
      <trkpt lat="50.83011" lon="4.56595">
        <ele>62</ele>
      </trkpt>
      <trkpt lat="50.82896" lon="4.56577">
        <ele>68</ele>
      </trkpt>
      <trkpt lat="50.82896" lon="4.56581">
        <ele>68</ele>
      </trkpt>
      <trkpt lat="50.82577" lon="4.5651">
        <ele>83</ele>
      </trkpt>
      <trkpt lat="50.82524" lon="4.56495">
        <ele>86</ele>
      </trkpt>
      <trkpt lat="50.82465" lon="4.56469">
        <ele>89</ele>
      </trkpt>
      <trkpt lat="50.82365" lon="4.56417">
        <ele>93</ele>
      </trkpt>
      <trkpt lat="50.82194" lon="4.56308">
        <ele>98</ele>
      </trkpt>
      <trkpt lat="50.82195" lon="4.56305">
        <ele>98</ele>
      </trkpt>
      <trkpt lat="50.8215" lon="4.56275">
        <ele>99</ele>
      </trkpt>
      <trkpt lat="50.82071" lon="4.56229">
        <ele>101</ele>
      </trkpt>
      <trkpt lat="50.82054" lon="4.56215">
        <ele>101</ele>
      </trkpt>
      <trkpt lat="50.82033" lon="4.56188">
        <ele>100</ele>
      </trkpt>
      <trkpt lat="50.82016" lon="4.5616">
        <ele>100</ele>
      </trkpt>
      <trkpt lat="50.82002" lon="4.56134">
        <ele>100</ele>
      </trkpt>
      <trkpt lat="50.81984" lon="4.56093">
        <ele>100</ele>
      </trkpt>
      <trkpt lat="50.8198" lon="4.56078">
        <ele>100</ele>
      </trkpt>
      <trkpt lat="50.81967" lon="4.56046">
        <ele>100</ele>
      </trkpt>
      <trkpt lat="50.81962" lon="4.5605">
        <ele>99</ele>
      </trkpt>
      <trkpt lat="50.81954" lon="4.56053">
        <ele>99</ele>
      </trkpt>
      <trkpt lat="50.81913" lon="4.56096">
        <ele>96</ele>
      </trkpt>
      <trkpt lat="50.81808" lon="4.56184">
        <ele>87</ele>
      </trkpt>
      <trkpt lat="50.81699" lon="4.56282">
        <ele>77</ele>
      </trkpt>
      <trkpt lat="50.81684" lon="4.56302">
        <ele>76</ele>
      </trkpt>
      <trkpt lat="50.81679" lon="4.56314">
        <ele>76</ele>
      </trkpt>
      <trkpt lat="50.81675" lon="4.5634">
        <ele>76</ele>
      </trkpt>
      <trkpt lat="50.81657" lon="4.56484">
        <ele>74</ele>
      </trkpt>
      <trkpt lat="50.81654" lon="4.56557">
        <ele>73</ele>
      </trkpt>
      <trkpt lat="50.8161" lon="4.56745">
        <ele>71</ele>
      </trkpt>
      <trkpt lat="50.816" lon="4.56777">
        <ele>71</ele>
      </trkpt>
      <trkpt lat="50.81588" lon="4.568">
        <ele>71</ele>
      </trkpt>
      <trkpt lat="50.81579" lon="4.56813">
        <ele>71</ele>
      </trkpt>
      <trkpt lat="50.8151" lon="4.56886">
        <ele>70</ele>
      </trkpt>
      <trkpt lat="50.81504" lon="4.56895">
        <ele>70</ele>
      </trkpt>
      <trkpt lat="50.815" lon="4.56904">
        <ele>70</ele>
      </trkpt>
      <trkpt lat="50.81438" lon="4.57084">
        <ele>69</ele>
      </trkpt>
      <trkpt lat="50.81422" lon="4.5711">
        <ele>68</ele>
      </trkpt>
      <trkpt lat="50.81407" lon="4.57124">
        <ele>68</ele>
      </trkpt>
      <trkpt lat="50.81385" lon="4.57131">
        <ele>68</ele>
      </trkpt>
      <trkpt lat="50.81373" lon="4.5713">
        <ele>68</ele>
      </trkpt>
      <trkpt lat="50.81358" lon="4.57124">
        <ele>68</ele>
      </trkpt>
      <trkpt lat="50.81333" lon="4.57108">
        <ele>68</ele>
      </trkpt>
      <trkpt lat="50.81329" lon="4.57109">
        <ele>67</ele>
      </trkpt>
      <trkpt lat="50.81289" lon="4.57085">
        <ele>69</ele>
      </trkpt>
      <trkpt lat="50.81275" lon="4.57081">
        <ele>71</ele>
      </trkpt>
      <trkpt lat="50.81248" lon="4.57083">
        <ele>73</ele>
      </trkpt>
      <trkpt lat="50.81148" lon="4.57112">
        <ele>81</ele>
      </trkpt>
      <trkpt lat="50.81131" lon="4.57125">
        <ele>83</ele>
      </trkpt>
      <trkpt lat="50.81101" lon="4.5714">
        <ele>85</ele>
      </trkpt>
      <trkpt lat="50.80947" lon="4.57198">
        <ele>91</ele>
      </trkpt>
      <trkpt lat="50.80778" lon="4.57224">
        <ele>92</ele>
      </trkpt>
      <trkpt lat="50.80755" lon="4.57223">
        <ele>91</ele>
      </trkpt>
      <trkpt lat="50.80742" lon="4.5721">
        <ele>91</ele>
      </trkpt>
      <trkpt lat="50.8071" lon="4.57171">
        <ele>90</ele>
      </trkpt>
      <trkpt lat="50.80687" lon="4.57158">
        <ele>90</ele>
      </trkpt>
      <trkpt lat="50.80657" lon="4.57159">
        <ele>90</ele>
      </trkpt>
      <trkpt lat="50.80562" lon="4.57175">
        <ele>90</ele>
      </trkpt>
      <trkpt lat="50.80477" lon="4.57199">
        <ele>91</ele>
      </trkpt>
      <trkpt lat="50.80355" lon="4.57236">
        <ele>93</ele>
      </trkpt>
      <trkpt lat="50.80332" lon="4.57251">
        <ele>93</ele>
      </trkpt>
      <trkpt lat="50.80313" lon="4.57267">
        <ele>94</ele>
      </trkpt>
      <trkpt lat="50.80081" lon="4.57517">
        <ele>94</ele>
      </trkpt>
      <trkpt lat="50.80064" lon="4.5755">
        <ele>94</ele>
      </trkpt>
      <trkpt lat="50.80054" lon="4.57584">
        <ele>94</ele>
      </trkpt>
      <trkpt lat="50.80042" lon="4.57733">
        <ele>95</ele>
      </trkpt>
      <trkpt lat="50.8004" lon="4.57754">
        <ele>95</ele>
      </trkpt>
      <trkpt lat="50.80029" lon="4.57791">
        <ele>95</ele>
      </trkpt>
      <trkpt lat="50.80022" lon="4.57807">
        <ele>96</ele>
      </trkpt>
      <trkpt lat="50.79905" lon="4.57984">
        <ele>93</ele>
      </trkpt>
      <trkpt lat="50.7982" lon="4.58116">
        <ele>90</ele>
      </trkpt>
      <trkpt lat="50.79775" lon="4.58189">
        <ele>89</ele>
      </trkpt>
      <trkpt lat="50.79549" lon="4.5864">
        <ele>80</ele>
      </trkpt>
      <trkpt lat="50.79522" lon="4.58682">
        <ele>79</ele>
      </trkpt>
      <trkpt lat="50.79506" lon="4.58695">
        <ele>79</ele>
      </trkpt>
      <trkpt lat="50.79459" lon="4.58721">
        <ele>76</ele>
      </trkpt>
      <trkpt lat="50.79432" lon="4.58728">
        <ele>75</ele>
      </trkpt>
      <trkpt lat="50.79344" lon="4.58717">
        <ele>72</ele>
      </trkpt>
      <trkpt lat="50.79301" lon="4.58724">
        <ele>70</ele>
      </trkpt>
      <trkpt lat="50.79279" lon="4.58725">
        <ele>70</ele>
      </trkpt>
      <trkpt lat="50.79248" lon="4.58639">
        <ele>65</ele>
      </trkpt>
      <trkpt lat="50.79229" lon="4.58594">
        <ele>63</ele>
      </trkpt>
      <trkpt lat="50.79204" lon="4.58545">
        <ele>60</ele>
      </trkpt>
      <trkpt lat="50.79144" lon="4.58432">
        <ele>55</ele>
      </trkpt>
      <trkpt lat="50.79107" lon="4.58371">
        <ele>52</ele>
      </trkpt>
      <trkpt lat="50.79081" lon="4.58342">
        <ele>50</ele>
      </trkpt>
      <trkpt lat="50.79069" lon="4.58333">
        <ele>49</ele>
      </trkpt>
      <trkpt lat="50.79052" lon="4.58325">
        <ele>48</ele>
      </trkpt>
      <trkpt lat="50.78943" lon="4.58311">
        <ele>44</ele>
      </trkpt>
      <trkpt lat="50.78944" lon="4.58304">
        <ele>44</ele>
      </trkpt>
      <trkpt lat="50.7895" lon="4.58246">
        <ele>44</ele>
      </trkpt>
      <trkpt lat="50.78952" lon="4.5811">
        <ele>43</ele>
      </trkpt>
      <trkpt lat="50.78957" lon="4.58065">
        <ele>43</ele>
      </trkpt>
      <trkpt lat="50.78964" lon="4.58041">
        <ele>43</ele>
      </trkpt>
      <trkpt lat="50.78983" lon="4.58004">
        <ele>44</ele>
      </trkpt>
      <trkpt lat="50.79028" lon="4.57956">
        <ele>47</ele>
      </trkpt>
      <trkpt lat="50.79042" lon="4.57932">
        <ele>49</ele>
      </trkpt>
      <trkpt lat="50.79053" lon="4.57906">
        <ele>50</ele>
      </trkpt>
      <trkpt lat="50.79063" lon="4.5786">
        <ele>51</ele>
      </trkpt>
      <trkpt lat="50.79065" lon="4.57837">
        <ele>52</ele>
      </trkpt>
      <trkpt lat="50.79063" lon="4.57796">
        <ele>53</ele>
      </trkpt>
      <trkpt lat="50.79054" lon="4.57754">
        <ele>53</ele>
      </trkpt>
      <trkpt lat="50.7904" lon="4.57719">
        <ele>53</ele>
      </trkpt>
      <trkpt lat="50.78839" lon="4.57327">
        <ele>55</ele>
      </trkpt>
      <trkpt lat="50.78636" lon="4.56937">
        <ele>50</ele>
      </trkpt>
      <trkpt lat="50.78604" lon="4.56888">
        <ele>50</ele>
      </trkpt>
      <trkpt lat="50.78569" lon="4.5685">
        <ele>50</ele>
      </trkpt>
      <trkpt lat="50.78501" lon="4.56789">
        <ele>48</ele>
      </trkpt>
      <trkpt lat="50.78471" lon="4.56754">
        <ele>47</ele>
      </trkpt>
      <trkpt lat="50.78446" lon="4.56718">
        <ele>47</ele>
      </trkpt>
      <trkpt lat="50.78435" lon="4.56698">
        <ele>47</ele>
      </trkpt>
      <trkpt lat="50.78416" lon="4.56657">
        <ele>47</ele>
      </trkpt>
      <trkpt lat="50.78071" lon="4.55849">
        <ele>48</ele>
      </trkpt>
      <trkpt lat="50.78026" lon="4.55749">
        <ele>48</ele>
      </trkpt>
      <trkpt lat="50.77428" lon="4.54572">
        <ele>50</ele>
      </trkpt>
      <trkpt lat="50.77249" lon="4.54222">
        <ele>51</ele>
      </trkpt>
      <trkpt lat="50.77217" lon="4.54169">
        <ele>51</ele>
      </trkpt>
      <trkpt lat="50.77205" lon="4.54155">
        <ele>51</ele>
      </trkpt>
      <trkpt lat="50.77187" lon="4.5414">
        <ele>51</ele>
      </trkpt>
      <trkpt lat="50.77146" lon="4.54117">
        <ele>52</ele>
      </trkpt>
      <trkpt lat="50.77055" lon="4.54079">
        <ele>53</ele>
      </trkpt>
      <trkpt lat="50.77055" lon="4.54072">
        <ele>53</ele>
      </trkpt>
      <trkpt lat="50.77057" lon="4.54053">
        <ele>53</ele>
      </trkpt>
      <trkpt lat="50.77063" lon="4.5404">
        <ele>52</ele>
      </trkpt>
      <trkpt lat="50.77107" lon="4.53999">
        <ele>52</ele>
      </trkpt>
      <trkpt lat="50.77122" lon="4.5398">
        <ele>51</ele>
      </trkpt>
      <trkpt lat="50.77145" lon="4.53939">
        <ele>51</ele>
      </trkpt>
      <trkpt lat="50.77152" lon="4.53914">
        <ele>51</ele>
      </trkpt>
      <trkpt lat="50.77153" lon="4.53893">
        <ele>51</ele>
      </trkpt>
      <trkpt lat="50.77149" lon="4.53866">
        <ele>51</ele>
      </trkpt>
      <trkpt lat="50.77134" lon="4.53829">
        <ele>51</ele>
      </trkpt>
      <trkpt lat="50.77122" lon="4.53793">
        <ele>51</ele>
      </trkpt>
      <trkpt lat="50.77122" lon="4.53778">
        <ele>52</ele>
      </trkpt>
      <trkpt lat="50.77118" lon="4.53766">
        <ele>51</ele>
      </trkpt>
      <trkpt lat="50.77103" lon="4.53719">
        <ele>51</ele>
      </trkpt>
      <trkpt lat="50.77096" lon="4.53707">
        <ele>51</ele>
      </trkpt>
      <trkpt lat="50.7709" lon="4.53691">
        <ele>51</ele>
      </trkpt>
      <trkpt lat="50.77084" lon="4.53666">
        <ele>52</ele>
      </trkpt>
      <trkpt lat="50.77082" lon="4.5365">
        <ele>52</ele>
      </trkpt>
      <trkpt lat="50.77075" lon="4.53474">
        <ele>52</ele>
      </trkpt>
      <trkpt lat="50.77076" lon="4.53438">
        <ele>52</ele>
      </trkpt>
      <trkpt lat="50.77074" lon="4.53416">
        <ele>52</ele>
      </trkpt>
      <trkpt lat="50.77069" lon="4.53198">
        <ele>53</ele>
      </trkpt>
      <trkpt lat="50.77089" lon="4.53185">
        <ele>53</ele>
      </trkpt>
      <trkpt lat="50.77093" lon="4.53176">
        <ele>54</ele>
      </trkpt>
      <trkpt lat="50.77109" lon="4.53107">
        <ele>55</ele>
      </trkpt>
      <trkpt lat="50.77118" lon="4.53057">
        <ele>56</ele>
      </trkpt>
      <trkpt lat="50.77117" lon="4.53012">
        <ele>57</ele>
      </trkpt>
      <trkpt lat="50.77102" lon="4.52851">
        <ele>59</ele>
      </trkpt>
      <trkpt lat="50.77092" lon="4.52809">
        <ele>58</ele>
      </trkpt>
      <trkpt lat="50.77083" lon="4.52783">
        <ele>58</ele>
      </trkpt>
      <trkpt lat="50.77065" lon="4.5274">
        <ele>59</ele>
      </trkpt>
      <trkpt lat="50.77053" lon="4.52698">
        <ele>60</ele>
      </trkpt>
      <trkpt lat="50.77049" lon="4.52668">
        <ele>60</ele>
      </trkpt>
      <trkpt lat="50.77048" lon="4.52651">
        <ele>60</ele>
      </trkpt>
      <trkpt lat="50.77047" lon="4.52562">
        <ele>61</ele>
      </trkpt>
      <trkpt lat="50.7704" lon="4.5252">
        <ele>62</ele>
      </trkpt>
      <trkpt lat="50.77031" lon="4.52494">
        <ele>62</ele>
      </trkpt>
      <trkpt lat="50.77011" lon="4.52446">
        <ele>63</ele>
      </trkpt>
      <trkpt lat="50.77004" lon="4.52415">
        <ele>65</ele>
      </trkpt>
      <trkpt lat="50.77002" lon="4.52391">
        <ele>65</ele>
      </trkpt>
      <trkpt lat="50.77002" lon="4.52364">
        <ele>66</ele>
      </trkpt>
      <trkpt lat="50.77008" lon="4.52311">
        <ele>66</ele>
      </trkpt>
      <trkpt lat="50.77014" lon="4.52169">
        <ele>65</ele>
      </trkpt>
      <trkpt lat="50.77001" lon="4.51935">
        <ele>59</ele>
      </trkpt>
      <trkpt lat="50.77002" lon="4.51876">
        <ele>62</ele>
      </trkpt>
      <trkpt lat="50.77004" lon="4.51829">
        <ele>62</ele>
      </trkpt>
      <trkpt lat="50.77008" lon="4.51757">
        <ele>64</ele>
      </trkpt>
      <trkpt lat="50.77006" lon="4.51705">
        <ele>63</ele>
      </trkpt>
      <trkpt lat="50.77001" lon="4.5163">
        <ele>63</ele>
      </trkpt>
      <trkpt lat="50.76995" lon="4.51623">
        <ele>63</ele>
      </trkpt>
      <trkpt lat="50.76994" lon="4.51616">
        <ele>63</ele>
      </trkpt>
      <trkpt lat="50.76983" lon="4.51462">
        <ele>63</ele>
      </trkpt>
      <trkpt lat="50.76978" lon="4.51401">
        <ele>62</ele>
      </trkpt>
      <trkpt lat="50.76968" lon="4.51353">
        <ele>63</ele>
      </trkpt>
      <trkpt lat="50.7692" lon="4.51199">
        <ele>61</ele>
      </trkpt>
      <trkpt lat="50.76899" lon="4.51114">
        <ele>60</ele>
      </trkpt>
      <trkpt lat="50.76892" lon="4.51076">
        <ele>59</ele>
      </trkpt>
      <trkpt lat="50.76891" lon="4.51057">
        <ele>59</ele>
      </trkpt>
      <trkpt lat="50.76892" lon="4.51013">
        <ele>59</ele>
      </trkpt>
      <trkpt lat="50.76896" lon="4.50982">
        <ele>58</ele>
      </trkpt>
      <trkpt lat="50.76923" lon="4.508">
        <ele>67</ele>
      </trkpt>
      <trkpt lat="50.7693" lon="4.50763">
        <ele>68</ele>
      </trkpt>
      <trkpt lat="50.76962" lon="4.50595">
        <ele>65</ele>
      </trkpt>
      <trkpt lat="50.76996" lon="4.50403">
        <ele>69</ele>
      </trkpt>
      <trkpt lat="50.76994" lon="4.50328">
        <ele>69</ele>
      </trkpt>
      <trkpt lat="50.7699" lon="4.50259">
        <ele>70</ele>
      </trkpt>
      <trkpt lat="50.76986" lon="4.50246">
        <ele>70</ele>
      </trkpt>
      <trkpt lat="50.76979" lon="4.50233">
        <ele>70</ele>
      </trkpt>
      <trkpt lat="50.76977" lon="4.50213">
        <ele>70</ele>
      </trkpt>
      <trkpt lat="50.76987" lon="4.50206">
        <ele>70</ele>
      </trkpt>
      <trkpt lat="50.76988" lon="4.50198">
        <ele>70</ele>
      </trkpt>
      <trkpt lat="50.76982" lon="4.50091">
        <ele>70</ele>
      </trkpt>
      <trkpt lat="50.76987" lon="4.49947">
        <ele>69</ele>
      </trkpt>
      <trkpt lat="50.76987" lon="4.49903">
        <ele>71</ele>
      </trkpt>
      <trkpt lat="50.76973" lon="4.49715">
        <ele>74</ele>
      </trkpt>
      <trkpt lat="50.76971" lon="4.49613">
        <ele>74</ele>
      </trkpt>
      <trkpt lat="50.7697" lon="4.49469">
        <ele>75</ele>
      </trkpt>
      <trkpt lat="50.76968" lon="4.49431">
        <ele>75</ele>
      </trkpt>
      <trkpt lat="50.76962" lon="4.49394">
        <ele>74</ele>
      </trkpt>
      <trkpt lat="50.76867" lon="4.48991">
        <ele>70</ele>
      </trkpt>
      <trkpt lat="50.7686" lon="4.48957">
        <ele>70</ele>
      </trkpt>
      <trkpt lat="50.76857" lon="4.48932">
        <ele>70</ele>
      </trkpt>
      <trkpt lat="50.76856" lon="4.4888">
        <ele>69</ele>
      </trkpt>
      <trkpt lat="50.76864" lon="4.4883">
        <ele>69</ele>
      </trkpt>
      <trkpt lat="50.76869" lon="4.48814">
        <ele>68</ele>
      </trkpt>
      <trkpt lat="50.76901" lon="4.48718">
        <ele>67</ele>
      </trkpt>
      <trkpt lat="50.76909" lon="4.48704">
        <ele>67</ele>
      </trkpt>
      <trkpt lat="50.76854" lon="4.48705">
        <ele>67</ele>
      </trkpt>
      <trkpt lat="50.76838" lon="4.48703">
        <ele>66</ele>
      </trkpt>
      <trkpt lat="50.76791" lon="4.48687">
        <ele>66</ele>
      </trkpt>
      <trkpt lat="50.76728" lon="4.48636">
        <ele>67</ele>
      </trkpt>
      <trkpt lat="50.76714" lon="4.48628">
        <ele>67</ele>
      </trkpt>
      <trkpt lat="50.76706" lon="4.48626">
        <ele>67</ele>
      </trkpt>
      <trkpt lat="50.76699" lon="4.48724">
        <ele>66</ele>
      </trkpt>
      <trkpt lat="50.76656" lon="4.48732">
        <ele>68</ele>
      </trkpt>
      <trkpt lat="50.7659" lon="4.48723">
        <ele>73</ele>
      </trkpt>
      <trkpt lat="50.76525" lon="4.48704">
        <ele>74</ele>
      </trkpt>
      <trkpt lat="50.7649" lon="4.48689">
        <ele>78</ele>
      </trkpt>
      <trkpt lat="50.76411" lon="4.48653">
        <ele>82</ele>
      </trkpt>
      <trkpt lat="50.76384" lon="4.48636">
        <ele>82</ele>
      </trkpt>
      <trkpt lat="50.76332" lon="4.48597">
        <ele>86</ele>
      </trkpt>
      <trkpt lat="50.763" lon="4.48576">
        <ele>87</ele>
      </trkpt>
      <trkpt lat="50.76253" lon="4.48574">
        <ele>91</ele>
      </trkpt>
      <trkpt lat="50.76243" lon="4.48566">
        <ele>91</ele>
      </trkpt>
      <trkpt lat="50.76234" lon="4.48555">
        <ele>91</ele>
      </trkpt>
      <trkpt lat="50.76201" lon="4.48498">
        <ele>91</ele>
      </trkpt>
      <trkpt lat="50.76187" lon="4.48486">
        <ele>90</ele>
      </trkpt>
      <trkpt lat="50.76178" lon="4.48483">
        <ele>93</ele>
      </trkpt>
      <trkpt lat="50.76168" lon="4.48483">
        <ele>93</ele>
      </trkpt>
      <trkpt lat="50.76153" lon="4.4849">
        <ele>93</ele>
      </trkpt>
      <trkpt lat="50.76109" lon="4.48543">
        <ele>96</ele>
      </trkpt>
      <trkpt lat="50.75957" lon="4.48692">
        <ele>101</ele>
      </trkpt>
      <trkpt lat="50.75906" lon="4.48746">
        <ele>105</ele>
      </trkpt>
      <trkpt lat="50.75899" lon="4.48763">
        <ele>105</ele>
      </trkpt>
      <trkpt lat="50.75825" lon="4.49039">
        <ele>106</ele>
      </trkpt>
      <trkpt lat="50.75776" lon="4.49176">
        <ele>104</ele>
      </trkpt>
      <trkpt lat="50.75772" lon="4.49181">
        <ele>104</ele>
      </trkpt>
      <trkpt lat="50.75764" lon="4.49183">
        <ele>104</ele>
      </trkpt>
      <trkpt lat="50.75764" lon="4.49226">
        <ele>104</ele>
      </trkpt>
      <trkpt lat="50.75758" lon="4.49264">
        <ele>103</ele>
      </trkpt>
      <trkpt lat="50.75743" lon="4.49342">
        <ele>103</ele>
      </trkpt>
      <trkpt lat="50.75722" lon="4.49395">
        <ele>103</ele>
      </trkpt>
      <trkpt lat="50.75706" lon="4.49421">
        <ele>103</ele>
      </trkpt>
      <trkpt lat="50.7568" lon="4.49455">
        <ele>104</ele>
      </trkpt>
      <trkpt lat="50.75644" lon="4.49503">
        <ele>104</ele>
      </trkpt>
      <trkpt lat="50.75615" lon="4.49546">
        <ele>104</ele>
      </trkpt>
      <trkpt lat="50.75605" lon="4.49564">
        <ele>104</ele>
      </trkpt>
      <trkpt lat="50.75592" lon="4.49593">
        <ele>104</ele>
      </trkpt>
      <trkpt lat="50.75558" lon="4.49685">
        <ele>105</ele>
      </trkpt>
      <trkpt lat="50.75535" lon="4.49727">
        <ele>105</ele>
      </trkpt>
      <trkpt lat="50.75487" lon="4.49801">
        <ele>104</ele>
      </trkpt>
      <trkpt lat="50.75476" lon="4.49821">
        <ele>104</ele>
      </trkpt>
      <trkpt lat="50.75441" lon="4.49929">
        <ele>102</ele>
      </trkpt>
      <trkpt lat="50.75382" lon="4.50144">
        <ele>100</ele>
      </trkpt>
      <trkpt lat="50.75336" lon="4.50326">
        <ele>97</ele>
      </trkpt>
      <trkpt lat="50.75283" lon="4.50551">
        <ele>97</ele>
      </trkpt>
      <trkpt lat="50.75275" lon="4.50595">
        <ele>98</ele>
      </trkpt>
      <trkpt lat="50.75268" lon="4.50651">
        <ele>97</ele>
      </trkpt>
      <trkpt lat="50.75265" lon="4.50698">
        <ele>98</ele>
      </trkpt>
      <trkpt lat="50.75259" lon="4.50725">
        <ele>97</ele>
      </trkpt>
      <trkpt lat="50.75201" lon="4.50895">
        <ele>96</ele>
      </trkpt>
      <trkpt lat="50.75178" lon="4.50947">
        <ele>96</ele>
      </trkpt>
      <trkpt lat="50.75088" lon="4.51101">
        <ele>100</ele>
      </trkpt>
      <trkpt lat="50.75057" lon="4.51161">
        <ele>101</ele>
      </trkpt>
      <trkpt lat="50.75032" lon="4.51222">
        <ele>102</ele>
      </trkpt>
      <trkpt lat="50.75015" lon="4.51276">
        <ele>102</ele>
      </trkpt>
      <trkpt lat="50.75012" lon="4.51293">
        <ele>103</ele>
      </trkpt>
      <trkpt lat="50.75003" lon="4.51409">
        <ele>104</ele>
      </trkpt>
      <trkpt lat="50.74993" lon="4.51506">
        <ele>104</ele>
      </trkpt>
      <trkpt lat="50.74975" lon="4.51644">
        <ele>103</ele>
      </trkpt>
      <trkpt lat="50.74965" lon="4.51761">
        <ele>103</ele>
      </trkpt>
      <trkpt lat="50.74963" lon="4.5178">
        <ele>103</ele>
      </trkpt>
      <trkpt lat="50.74953" lon="4.51816">
        <ele>103</ele>
      </trkpt>
      <trkpt lat="50.74949" lon="4.51824">
        <ele>103</ele>
      </trkpt>
      <trkpt lat="50.74937" lon="4.51846">
        <ele>103</ele>
      </trkpt>
      <trkpt lat="50.74868" lon="4.51942">
        <ele>104</ele>
      </trkpt>
      <trkpt lat="50.7485" lon="4.51906">
        <ele>103</ele>
      </trkpt>
      <trkpt lat="50.74827" lon="4.51867">
        <ele>104</ele>
      </trkpt>
      <trkpt lat="50.74733" lon="4.51734">
        <ele>101</ele>
      </trkpt>
      <trkpt lat="50.74672" lon="4.51666">
        <ele>102</ele>
      </trkpt>
      <trkpt lat="50.74652" lon="4.51644">
        <ele>101</ele>
      </trkpt>
      <trkpt lat="50.74626" lon="4.5161">
        <ele>101</ele>
      </trkpt>
      <trkpt lat="50.74459" lon="4.51387">
        <ele>99</ele>
      </trkpt>
      <trkpt lat="50.74364" lon="4.51257">
        <ele>99</ele>
      </trkpt>
      <trkpt lat="50.74307" lon="4.51206">
        <ele>99</ele>
      </trkpt>
      <trkpt lat="50.74298" lon="4.51196">
        <ele>99</ele>
      </trkpt>
      <trkpt lat="50.73877" lon="4.5056">
        <ele>99</ele>
      </trkpt>
      <trkpt lat="50.73799" lon="4.50444">
        <ele>99</ele>
      </trkpt>
      <trkpt lat="50.73787" lon="4.5042">
        <ele>98</ele>
      </trkpt>
      <trkpt lat="50.73717" lon="4.50238">
        <ele>96</ele>
      </trkpt>
      <trkpt lat="50.73693" lon="4.5018">
        <ele>96</ele>
      </trkpt>
      <trkpt lat="50.73689" lon="4.50168">
        <ele>96</ele>
      </trkpt>
      <trkpt lat="50.73681" lon="4.50039">
        <ele>90</ele>
      </trkpt>
      <trkpt lat="50.73676" lon="4.49922">
        <ele>89</ele>
      </trkpt>
      <trkpt lat="50.73662" lon="4.49862">
        <ele>88</ele>
      </trkpt>
      <trkpt lat="50.7366" lon="4.49845">
        <ele>88</ele>
      </trkpt>
      <trkpt lat="50.73663" lon="4.49827">
        <ele>88</ele>
      </trkpt>
      <trkpt lat="50.73669" lon="4.49816">
        <ele>87</ele>
      </trkpt>
      <trkpt lat="50.73789" lon="4.49681">
        <ele>78</ele>
      </trkpt>
      <trkpt lat="50.73794" lon="4.49681">
        <ele>78</ele>
      </trkpt>
      <trkpt lat="50.73798" lon="4.49674">
        <ele>77</ele>
      </trkpt>
      <trkpt lat="50.73799" lon="4.49665">
        <ele>77</ele>
      </trkpt>
      <trkpt lat="50.73795" lon="4.49658">
        <ele>75</ele>
      </trkpt>
      <trkpt lat="50.73793" lon="4.49656">
        <ele>74</ele>
      </trkpt>
      <trkpt lat="50.73787" lon="4.49657">
        <ele>75</ele>
      </trkpt>
      <trkpt lat="50.73766" lon="4.49573">
        <ele>70</ele>
      </trkpt>
      <trkpt lat="50.73755" lon="4.49554">
        <ele>70</ele>
      </trkpt>
      <trkpt lat="50.73731" lon="4.49535">
        <ele>70</ele>
      </trkpt>
      <trkpt lat="50.73701" lon="4.49511">
        <ele>70</ele>
      </trkpt>
      <trkpt lat="50.73731" lon="4.49535">
        <ele>70</ele>
      </trkpt>
      <trkpt lat="50.73614" lon="4.49441">
        <ele>67</ele>
      </trkpt>
      <trkpt lat="50.73592" lon="4.49431">
        <ele>65</ele>
      </trkpt>
      <trkpt lat="50.73516" lon="4.49411">
        <ele>64</ele>
      </trkpt>
      <trkpt lat="50.73494" lon="4.49401">
        <ele>59</ele>
      </trkpt>
      <trkpt lat="50.73485" lon="4.49396">
        <ele>59</ele>
      </trkpt>
      <trkpt lat="50.73469" lon="4.49375">
        <ele>58</ele>
      </trkpt>
      <trkpt lat="50.73416" lon="4.49286">
        <ele>60</ele>
      </trkpt>
      <trkpt lat="50.73401" lon="4.49272">
        <ele>60</ele>
      </trkpt>
      <trkpt lat="50.73373" lon="4.49264">
        <ele>60</ele>
      </trkpt>
      <trkpt lat="50.73371" lon="4.49253">
        <ele>60</ele>
      </trkpt>
      <trkpt lat="50.73369" lon="4.49249">
        <ele>61</ele>
      </trkpt>
      <trkpt lat="50.73364" lon="4.49248">
        <ele>61</ele>
      </trkpt>
      <trkpt lat="50.73359" lon="4.49252">
        <ele>61</ele>
      </trkpt>
      <trkpt lat="50.73357" lon="4.49261">
        <ele>61</ele>
      </trkpt>
      <trkpt lat="50.73334" lon="4.49267">
        <ele>62</ele>
      </trkpt>
      <trkpt lat="50.73316" lon="4.49263">
        <ele>63</ele>
      </trkpt>
      <trkpt lat="50.73295" lon="4.49249">
        <ele>63</ele>
      </trkpt>
      <trkpt lat="50.73279" lon="4.49228">
        <ele>65</ele>
      </trkpt>
      <trkpt lat="50.73192" lon="4.49038">
        <ele>72</ele>
      </trkpt>
      <trkpt lat="50.73213" lon="4.49083">
        <ele>71</ele>
      </trkpt>
      <trkpt lat="50.73192" lon="4.49038">
        <ele>72</ele>
      </trkpt>
      <trkpt lat="50.73173" lon="4.48988">
        <ele>76</ele>
      </trkpt>
      <trkpt lat="50.73124" lon="4.48837">
        <ele>80</ele>
      </trkpt>
      <trkpt lat="50.73094" lon="4.48726">
        <ele>83</ele>
      </trkpt>
      <trkpt lat="50.73088" lon="4.48685">
        <ele>83</ele>
      </trkpt>
      <trkpt lat="50.73081" lon="4.48574">
        <ele>87</ele>
      </trkpt>
      <trkpt lat="50.73043" lon="4.4825">
        <ele>91</ele>
      </trkpt>
      <trkpt lat="50.73036" lon="4.48209">
        <ele>92</ele>
      </trkpt>
      <trkpt lat="50.73025" lon="4.48174">
        <ele>92</ele>
      </trkpt>
      <trkpt lat="50.73021" lon="4.48154">
        <ele>92</ele>
      </trkpt>
      <trkpt lat="50.73014" lon="4.48048">
        <ele>94</ele>
      </trkpt>
      <trkpt lat="50.73011" lon="4.47968">
        <ele>95</ele>
      </trkpt>
      <trkpt lat="50.73008" lon="4.47933">
        <ele>95</ele>
      </trkpt>
      <trkpt lat="50.73002" lon="4.47901">
        <ele>96</ele>
      </trkpt>
      <trkpt lat="50.72993" lon="4.47868">
        <ele>96</ele>
      </trkpt>
      <trkpt lat="50.72983" lon="4.47841">
        <ele>96</ele>
      </trkpt>
      <trkpt lat="50.72941" lon="4.47748">
        <ele>96</ele>
      </trkpt>
      <trkpt lat="50.72919" lon="4.47701">
        <ele>97</ele>
      </trkpt>
      <trkpt lat="50.72886" lon="4.47606">
        <ele>97</ele>
      </trkpt>
      <trkpt lat="50.72881" lon="4.47566">
        <ele>97</ele>
      </trkpt>
      <trkpt lat="50.72881" lon="4.47556">
        <ele>97</ele>
      </trkpt>
      <trkpt lat="50.72884" lon="4.47548">
        <ele>97</ele>
      </trkpt>
      <trkpt lat="50.72882" lon="4.47536">
        <ele>97</ele>
      </trkpt>
      <trkpt lat="50.72879" lon="4.47531">
        <ele>97</ele>
      </trkpt>
      <trkpt lat="50.72847" lon="4.47504">
        <ele>97</ele>
      </trkpt>
      <trkpt lat="50.72841" lon="4.47496">
        <ele>98</ele>
      </trkpt>
      <trkpt lat="50.72796" lon="4.47411">
        <ele>99</ele>
      </trkpt>
      <trkpt lat="50.72724" lon="4.47284">
        <ele>103</ele>
      </trkpt>
      <trkpt lat="50.7272" lon="4.47261">
        <ele>103</ele>
      </trkpt>
      <trkpt lat="50.7272" lon="4.47254">
        <ele>103</ele>
      </trkpt>
      <trkpt lat="50.72716" lon="4.47243">
        <ele>103</ele>
      </trkpt>
      <trkpt lat="50.72712" lon="4.4724">
        <ele>104</ele>
      </trkpt>
      <trkpt lat="50.72707" lon="4.47239">
        <ele>104</ele>
      </trkpt>
      <trkpt lat="50.7269" lon="4.47225">
        <ele>103</ele>
      </trkpt>
      <trkpt lat="50.72654" lon="4.4716">
        <ele>99</ele>
      </trkpt>
      <trkpt lat="50.72541" lon="4.46974">
        <ele>97</ele>
      </trkpt>
      <trkpt lat="50.72509" lon="4.46921">
        <ele>95</ele>
      </trkpt>
      <trkpt lat="50.72494" lon="4.46889">
        <ele>96</ele>
      </trkpt>
      <trkpt lat="50.72471" lon="4.46825">
        <ele>96</ele>
      </trkpt>
      <trkpt lat="50.72475" lon="4.4682">
        <ele>96</ele>
      </trkpt>
      <trkpt lat="50.7248" lon="4.46805">
        <ele>97</ele>
      </trkpt>
      <trkpt lat="50.72478" lon="4.46789">
        <ele>97</ele>
      </trkpt>
      <trkpt lat="50.72471" lon="4.46778">
        <ele>97</ele>
      </trkpt>
      <trkpt lat="50.72461" lon="4.46777">
        <ele>97</ele>
      </trkpt>
      <trkpt lat="50.72456" lon="4.4678">
        <ele>97</ele>
      </trkpt>
      <trkpt lat="50.72427" lon="4.46682">
        <ele>97</ele>
      </trkpt>
      <trkpt lat="50.72413" lon="4.46649">
        <ele>98</ele>
      </trkpt>
      <trkpt lat="50.72399" lon="4.46621">
        <ele>98</ele>
      </trkpt>
      <trkpt lat="50.72311" lon="4.46501">
        <ele>98</ele>
      </trkpt>
      <trkpt lat="50.72284" lon="4.46458">
        <ele>97</ele>
      </trkpt>
      <trkpt lat="50.72264" lon="4.46419">
        <ele>97</ele>
      </trkpt>
      <trkpt lat="50.72139" lon="4.4613">
        <ele>96</ele>
      </trkpt>
      <trkpt lat="50.72104" lon="4.46059">
        <ele>94</ele>
      </trkpt>
      <trkpt lat="50.72075" lon="4.46008">
        <ele>94</ele>
      </trkpt>
      <trkpt lat="50.72061" lon="4.4599">
        <ele>92</ele>
      </trkpt>
      <trkpt lat="50.72038" lon="4.45967">
        <ele>92</ele>
      </trkpt>
      <trkpt lat="50.71958" lon="4.45895">
        <ele>95</ele>
      </trkpt>
      <trkpt lat="50.71923" lon="4.45856">
        <ele>98</ele>
      </trkpt>
      <trkpt lat="50.71886" lon="4.458">
        <ele>99</ele>
      </trkpt>
      <trkpt lat="50.7186" lon="4.45751">
        <ele>99</ele>
      </trkpt>
      <trkpt lat="50.71758" lon="4.45507">
        <ele>103</ele>
      </trkpt>
      <trkpt lat="50.71736" lon="4.45437">
        <ele>104</ele>
      </trkpt>
      <trkpt lat="50.71724" lon="4.45378">
        <ele>105</ele>
      </trkpt>
      <trkpt lat="50.71711" lon="4.45266">
        <ele>104</ele>
      </trkpt>
      <trkpt lat="50.71694" lon="4.45204">
        <ele>104</ele>
      </trkpt>
      <trkpt lat="50.71602" lon="4.44944">
        <ele>106</ele>
      </trkpt>
      <trkpt lat="50.71577" lon="4.44885">
        <ele>107</ele>
      </trkpt>
      <trkpt lat="50.71549" lon="4.44831">
        <ele>106</ele>
      </trkpt>
      <trkpt lat="50.71528" lon="4.44794">
        <ele>106</ele>
      </trkpt>
      <trkpt lat="50.71499" lon="4.44732">
        <ele>104</ele>
      </trkpt>
      <trkpt lat="50.71488" lon="4.44701">
        <ele>104</ele>
      </trkpt>
      <trkpt lat="50.7145" lon="4.44565">
        <ele>107</ele>
      </trkpt>
      <trkpt lat="50.71436" lon="4.44535">
        <ele>108</ele>
      </trkpt>
      <trkpt lat="50.71408" lon="4.44492">
        <ele>108</ele>
      </trkpt>
      <trkpt lat="50.71337" lon="4.44422">
        <ele>109</ele>
      </trkpt>
      <trkpt lat="50.71298" lon="4.44393">
        <ele>108</ele>
      </trkpt>
      <trkpt lat="50.71212" lon="4.44349">
        <ele>108</ele>
      </trkpt>
      <trkpt lat="50.7119" lon="4.44334">
        <ele>108</ele>
      </trkpt>
      <trkpt lat="50.71046" lon="4.44211">
        <ele>110</ele>
      </trkpt>
      <trkpt lat="50.71076" lon="4.44237">
        <ele>109</ele>
      </trkpt>
      <trkpt lat="50.71046" lon="4.44211">
        <ele>110</ele>
      </trkpt>
      <trkpt lat="50.71007" lon="4.44171">
        <ele>110</ele>
      </trkpt>
      <trkpt lat="50.70946" lon="4.44101">
        <ele>110</ele>
      </trkpt>
      <trkpt lat="50.70898" lon="4.44039">
        <ele>111</ele>
      </trkpt>
      <trkpt lat="50.70886" lon="4.44022">
        <ele>111</ele>
      </trkpt>
      <trkpt lat="50.70768" lon="4.43822">
        <ele>109</ele>
      </trkpt>
      <trkpt lat="50.70711" lon="4.43716">
        <ele>112</ele>
      </trkpt>
      <trkpt lat="50.70674" lon="4.43631">
        <ele>115</ele>
      </trkpt>
      <trkpt lat="50.70643" lon="4.43557">
        <ele>116</ele>
      </trkpt>
      <trkpt lat="50.70593" lon="4.43413">
        <ele>116</ele>
      </trkpt>
      <trkpt lat="50.70559" lon="4.43324">
        <ele>116</ele>
      </trkpt>
      <trkpt lat="50.70528" lon="4.43259">
        <ele>116</ele>
      </trkpt>
      <trkpt lat="50.70485" lon="4.43185">
        <ele>117</ele>
      </trkpt>
      <trkpt lat="50.70431" lon="4.43105">
        <ele>118</ele>
      </trkpt>
      <trkpt lat="50.70384" lon="4.4304">
        <ele>119</ele>
      </trkpt>
      <trkpt lat="50.70283" lon="4.42835">
        <ele>119</ele>
      </trkpt>
      <trkpt lat="50.70212" lon="4.42725">
        <ele>118</ele>
      </trkpt>
      <trkpt lat="50.70142" lon="4.42621">
        <ele>118</ele>
      </trkpt>
      <trkpt lat="50.70085" lon="4.42557">
        <ele>117</ele>
      </trkpt>
      <trkpt lat="50.70049" lon="4.42514">
        <ele>117</ele>
      </trkpt>
      <trkpt lat="50.70046" lon="4.42498">
        <ele>117</ele>
      </trkpt>
      <trkpt lat="50.70041" lon="4.42492">
        <ele>117</ele>
      </trkpt>
      <trkpt lat="50.70035" lon="4.42488">
        <ele>117</ele>
      </trkpt>
      <trkpt lat="50.70029" lon="4.42488">
        <ele>117</ele>
      </trkpt>
      <trkpt lat="50.70023" lon="4.42492">
        <ele>117</ele>
      </trkpt>
      <trkpt lat="50.69968" lon="4.42437">
        <ele>117</ele>
      </trkpt>
      <trkpt lat="50.69835" lon="4.42293">
        <ele>116</ele>
      </trkpt>
      <trkpt lat="50.69674" lon="4.42099">
        <ele>120</ele>
      </trkpt>
      <trkpt lat="50.69635" lon="4.42047">
        <ele>122</ele>
      </trkpt>
      <trkpt lat="50.69618" lon="4.42022">
        <ele>122</ele>
      </trkpt>
      <trkpt lat="50.69572" lon="4.4193">
        <ele>123</ele>
      </trkpt>
      <trkpt lat="50.69536" lon="4.41872">
        <ele>124</ele>
      </trkpt>
      <trkpt lat="50.69509" lon="4.41837">
        <ele>124</ele>
      </trkpt>
      <trkpt lat="50.69479" lon="4.41806">
        <ele>125</ele>
      </trkpt>
      <trkpt lat="50.6937" lon="4.41719">
        <ele>126</ele>
      </trkpt>
      <trkpt lat="50.69343" lon="4.41685">
        <ele>126</ele>
      </trkpt>
      <trkpt lat="50.69323" lon="4.41652">
        <ele>126</ele>
      </trkpt>
      <trkpt lat="50.69295" lon="4.41602">
        <ele>126</ele>
      </trkpt>
      <trkpt lat="50.69278" lon="4.41554">
        <ele>126</ele>
      </trkpt>
      <trkpt lat="50.69176" lon="4.41281">
        <ele>125</ele>
      </trkpt>
      <trkpt lat="50.69165" lon="4.41246">
        <ele>125</ele>
      </trkpt>
      <trkpt lat="50.69112" lon="4.4112">
        <ele>124</ele>
      </trkpt>
      <trkpt lat="50.69091" lon="4.41073">
        <ele>123</ele>
      </trkpt>
      <trkpt lat="50.69064" lon="4.41018">
        <ele>123</ele>
      </trkpt>
      <trkpt lat="50.69065" lon="4.41011">
        <ele>123</ele>
      </trkpt>
      <trkpt lat="50.69062" lon="4.40996">
        <ele>123</ele>
      </trkpt>
      <trkpt lat="50.69056" lon="4.40988">
        <ele>123</ele>
      </trkpt>
      <trkpt lat="50.69052" lon="4.40987">
        <ele>123</ele>
      </trkpt>
      <trkpt lat="50.69041" lon="4.40948">
        <ele>124</ele>
      </trkpt>
      <trkpt lat="50.6903" lon="4.40919">
        <ele>124</ele>
      </trkpt>
      <trkpt lat="50.68969" lon="4.40762">
        <ele>121</ele>
      </trkpt>
      <trkpt lat="50.68963" lon="4.40744">
        <ele>121</ele>
      </trkpt>
      <trkpt lat="50.68965" lon="4.40728">
        <ele>120</ele>
      </trkpt>
      <trkpt lat="50.68964" lon="4.40719">
        <ele>120</ele>
      </trkpt>
      <trkpt lat="50.68961" lon="4.40712">
        <ele>120</ele>
      </trkpt>
      <trkpt lat="50.68956" lon="4.40706">
        <ele>120</ele>
      </trkpt>
      <trkpt lat="50.68948" lon="4.40703">
        <ele>120</ele>
      </trkpt>
      <trkpt lat="50.68896" lon="4.40653">
        <ele>117</ele>
      </trkpt>
      <trkpt lat="50.68839" lon="4.40593">
        <ele>117</ele>
      </trkpt>
      <trkpt lat="50.68776" lon="4.40508">
        <ele>115</ele>
      </trkpt>
      <trkpt lat="50.68782" lon="4.40452">
        <ele>115</ele>
      </trkpt>
      <trkpt lat="50.6872" lon="4.40274">
        <ele>116</ele>
      </trkpt>
      <trkpt lat="50.68696" lon="4.40197">
        <ele>116</ele>
      </trkpt>
      <trkpt lat="50.68677" lon="4.4012">
        <ele>120</ele>
      </trkpt>
      <trkpt lat="50.68669" lon="4.40073">
        <ele>122</ele>
      </trkpt>
      <trkpt lat="50.68647" lon="4.39953">
        <ele>123</ele>
      </trkpt>
      <trkpt lat="50.6865" lon="4.39946">
        <ele>123</ele>
      </trkpt>
      <trkpt lat="50.68653" lon="4.39924">
        <ele>123</ele>
      </trkpt>
      <trkpt lat="50.68643" lon="4.39639">
        <ele>118</ele>
      </trkpt>
      <trkpt lat="50.68631" lon="4.39286">
        <ele>119</ele>
      </trkpt>
      <trkpt lat="50.68629" lon="4.39225">
        <ele>119</ele>
      </trkpt>
      <trkpt lat="50.68634" lon="4.39101">
        <ele>118</ele>
      </trkpt>
      <trkpt lat="50.68663" lon="4.38821">
        <ele>104</ele>
      </trkpt>
      <trkpt lat="50.68663" lon="4.38755">
        <ele>103</ele>
      </trkpt>
      <trkpt lat="50.68653" lon="4.38693">
        <ele>101</ele>
      </trkpt>
      <trkpt lat="50.68633" lon="4.38587">
        <ele>101</ele>
      </trkpt>
      <trkpt lat="50.6863" lon="4.3857">
        <ele>102</ele>
      </trkpt>
      <trkpt lat="50.68608" lon="4.38458">
        <ele>104</ele>
      </trkpt>
      <trkpt lat="50.68604" lon="4.38461">
        <ele>104</ele>
      </trkpt>
      <trkpt lat="50.68596" lon="4.38453">
        <ele>104</ele>
      </trkpt>
      <trkpt lat="50.68594" lon="4.38446">
        <ele>106</ele>
      </trkpt>
      <trkpt lat="50.68578" lon="4.38476">
        <ele>105</ele>
      </trkpt>
      <trkpt lat="50.68547" lon="4.38568">
        <ele>104</ele>
      </trkpt>
      <trkpt lat="50.68578" lon="4.38476">
        <ele>105</ele>
      </trkpt>
      <trkpt lat="50.68525" lon="4.38631">
        <ele>103</ele>
      </trkpt>
      <trkpt lat="50.6851" lon="4.38665">
        <ele>103</ele>
      </trkpt>
      <trkpt lat="50.68501" lon="4.38681">
        <ele>103</ele>
      </trkpt>
      <trkpt lat="50.68477" lon="4.3871">
        <ele>103</ele>
      </trkpt>
      <trkpt lat="50.68467" lon="4.38717">
        <ele>103</ele>
      </trkpt>
      <trkpt lat="50.68442" lon="4.38732">
        <ele>103</ele>
      </trkpt>
      <trkpt lat="50.6837" lon="4.38756">
        <ele>103</ele>
      </trkpt>
      <trkpt lat="50.6836" lon="4.38761">
        <ele>103</ele>
      </trkpt>
      <trkpt lat="50.68354" lon="4.38769">
        <ele>103</ele>
      </trkpt>
      <trkpt lat="50.6835" lon="4.38762">
        <ele>103</ele>
      </trkpt>
      <trkpt lat="50.68347" lon="4.38763">
        <ele>103</ele>
      </trkpt>
      <trkpt lat="50.68344" lon="4.38767">
        <ele>104</ele>
      </trkpt>
      <trkpt lat="50.68345" lon="4.38779">
        <ele>103</ele>
      </trkpt>
      <trkpt lat="50.68347" lon="4.38781">
        <ele>103</ele>
      </trkpt>
      <trkpt lat="50.68336" lon="4.38906">
        <ele>103</ele>
      </trkpt>
      <trkpt lat="50.68334" lon="4.3894">
        <ele>104</ele>
      </trkpt>
      <trkpt lat="50.68328" lon="4.39021">
        <ele>106</ele>
      </trkpt>
      <trkpt lat="50.68331" lon="4.39059">
        <ele>106</ele>
      </trkpt>
      <trkpt lat="50.68349" lon="4.39223">
        <ele>110</ele>
      </trkpt>
      <trkpt lat="50.6835" lon="4.39253">
        <ele>111</ele>
      </trkpt>
      <trkpt lat="50.68345" lon="4.39285">
        <ele>111</ele>
      </trkpt>
      <trkpt lat="50.68338" lon="4.39307">
        <ele>111</ele>
      </trkpt>
      <trkpt lat="50.68327" lon="4.39327">
        <ele>112</ele>
      </trkpt>
      <trkpt lat="50.68319" lon="4.39337">
        <ele>112</ele>
      </trkpt>
      <trkpt lat="50.68216" lon="4.39452">
        <ele>116</ele>
      </trkpt>
      <trkpt lat="50.68199" lon="4.39481">
        <ele>117</ele>
      </trkpt>
      <trkpt lat="50.68188" lon="4.39516">
        <ele>118</ele>
      </trkpt>
      <trkpt lat="50.68182" lon="4.39559">
        <ele>119</ele>
      </trkpt>
      <trkpt lat="50.68181" lon="4.39695">
        <ele>124</ele>
      </trkpt>
      <trkpt lat="50.6818" lon="4.39727">
        <ele>124</ele>
      </trkpt>
      <trkpt lat="50.68168" lon="4.39804">
        <ele>128</ele>
      </trkpt>
      <trkpt lat="50.68157" lon="4.39877">
        <ele>128</ele>
      </trkpt>
      <trkpt lat="50.68142" lon="4.39935">
        <ele>128</ele>
      </trkpt>
      <trkpt lat="50.68136" lon="4.39951">
        <ele>128</ele>
      </trkpt>
      <trkpt lat="50.68119" lon="4.40092">
        <ele>127</ele>
      </trkpt>
      <trkpt lat="50.68108" lon="4.40181">
        <ele>126</ele>
      </trkpt>
      <trkpt lat="50.68092" lon="4.4024">
        <ele>126</ele>
      </trkpt>
      <trkpt lat="50.68054" lon="4.40328">
        <ele>127</ele>
      </trkpt>
      <trkpt lat="50.68033" lon="4.40376">
        <ele>128</ele>
      </trkpt>
      <trkpt lat="50.68003" lon="4.40445">
        <ele>130</ele>
      </trkpt>
      <trkpt lat="50.67974" lon="4.40513">
        <ele>132</ele>
      </trkpt>
      <trkpt lat="50.67965" lon="4.40533">
        <ele>133</ele>
      </trkpt>
      <trkpt lat="50.67963" lon="4.40559">
        <ele>132</ele>
      </trkpt>
      <trkpt lat="50.67964" lon="4.40575">
        <ele>133</ele>
      </trkpt>
      <trkpt lat="50.67967" lon="4.40619">
        <ele>133</ele>
      </trkpt>
      <trkpt lat="50.6798" lon="4.40773">
        <ele>131</ele>
      </trkpt>
      <trkpt lat="50.68001" lon="4.40916">
        <ele>129</ele>
      </trkpt>
      <trkpt lat="50.68024" lon="4.41115">
        <ele>128</ele>
      </trkpt>
      <trkpt lat="50.68034" lon="4.41178">
        <ele>127</ele>
      </trkpt>
      <trkpt lat="50.68037" lon="4.41189">
        <ele>127</ele>
      </trkpt>
      <trkpt lat="50.67959" lon="4.41216">
        <ele>128</ele>
      </trkpt>
      <trkpt lat="50.67943" lon="4.4122">
        <ele>128</ele>
      </trkpt>
      <trkpt lat="50.67849" lon="4.41232">
        <ele>125</ele>
      </trkpt>
      <trkpt lat="50.67088" lon="4.41302">
        <ele>130</ele>
      </trkpt>
      <trkpt lat="50.67001" lon="4.4131">
        <ele>132</ele>
      </trkpt>
      <trkpt lat="50.66915" lon="4.41318">
        <ele>133</ele>
      </trkpt>
      <trkpt lat="50.66893" lon="4.41327">
        <ele>133</ele>
      </trkpt>
      <trkpt lat="50.66887" lon="4.41333">
        <ele>133</ele>
      </trkpt>
      <trkpt lat="50.66882" lon="4.41346">
        <ele>133</ele>
      </trkpt>
      <trkpt lat="50.66865" lon="4.41411">
        <ele>133</ele>
      </trkpt>
      <trkpt lat="50.66852" lon="4.41448">
        <ele>133</ele>
      </trkpt>
      <trkpt lat="50.66813" lon="4.41529">
        <ele>134</ele>
      </trkpt>
      <trkpt lat="50.66806" lon="4.41541">
        <ele>134</ele>
      </trkpt>
      <trkpt lat="50.66783" lon="4.4158">
        <ele>135</ele>
      </trkpt>
      <trkpt lat="50.66678" lon="4.41707">
        <ele>137</ele>
      </trkpt>
      <trkpt lat="50.66647" lon="4.41764">
        <ele>137</ele>
      </trkpt>
      <trkpt lat="50.66619" lon="4.4184">
        <ele>135</ele>
      </trkpt>
      <trkpt lat="50.66603" lon="4.41873">
        <ele>135</ele>
      </trkpt>
      <trkpt lat="50.66592" lon="4.41892">
        <ele>136</ele>
      </trkpt>
      <trkpt lat="50.66587" lon="4.41898">
        <ele>135</ele>
      </trkpt>
      <trkpt lat="50.66565" lon="4.41921">
        <ele>134</ele>
      </trkpt>
      <trkpt lat="50.66544" lon="4.41933">
        <ele>134</ele>
      </trkpt>
      <trkpt lat="50.66439" lon="4.41971">
        <ele>132</ele>
      </trkpt>
      <trkpt lat="50.66216" lon="4.42048">
        <ele>125</ele>
      </trkpt>
      <trkpt lat="50.66199" lon="4.42055">
        <ele>125</ele>
      </trkpt>
      <trkpt lat="50.66167" lon="4.42059">
        <ele>123</ele>
      </trkpt>
      <trkpt lat="50.66164" lon="4.42056">
        <ele>123</ele>
      </trkpt>
      <trkpt lat="50.66161" lon="4.42056">
        <ele>123</ele>
      </trkpt>
      <trkpt lat="50.66155" lon="4.42063">
        <ele>123</ele>
      </trkpt>
      <trkpt lat="50.66155" lon="4.42067">
        <ele>123</ele>
      </trkpt>
      <trkpt lat="50.6614" lon="4.4209">
        <ele>123</ele>
      </trkpt>
      <trkpt lat="50.66126" lon="4.42123">
        <ele>123</ele>
      </trkpt>
      <trkpt lat="50.66099" lon="4.42195">
        <ele>123</ele>
      </trkpt>
      <trkpt lat="50.66039" lon="4.42367">
        <ele>120</ele>
      </trkpt>
      <trkpt lat="50.66025" lon="4.42417">
        <ele>119</ele>
      </trkpt>
      <trkpt lat="50.65989" lon="4.42591">
        <ele>116</ele>
      </trkpt>
      <trkpt lat="50.65971" lon="4.4268">
        <ele>115</ele>
      </trkpt>
      <trkpt lat="50.65969" lon="4.42701">
        <ele>113</ele>
      </trkpt>
      <trkpt lat="50.65968" lon="4.42927">
        <ele>113</ele>
      </trkpt>
      <trkpt lat="50.65965" lon="4.42973">
        <ele>113</ele>
      </trkpt>
      <trkpt lat="50.65962" lon="4.43015">
        <ele>112</ele>
      </trkpt>
      <trkpt lat="50.65963" lon="4.43047">
        <ele>112</ele>
      </trkpt>
      <trkpt lat="50.65971" lon="4.43095">
        <ele>112</ele>
      </trkpt>
      <trkpt lat="50.65981" lon="4.43127">
        <ele>112</ele>
      </trkpt>
      <trkpt lat="50.65982" lon="4.4314">
        <ele>112</ele>
      </trkpt>
      <trkpt lat="50.65975" lon="4.43346">
        <ele>109</ele>
      </trkpt>
      <trkpt lat="50.6597" lon="4.43393">
        <ele>108</ele>
      </trkpt>
      <trkpt lat="50.65961" lon="4.43422">
        <ele>107</ele>
      </trkpt>
      <trkpt lat="50.65957" lon="4.43432">
        <ele>106</ele>
      </trkpt>
      <trkpt lat="50.65903" lon="4.43521">
        <ele>103</ele>
      </trkpt>
      <trkpt lat="50.65891" lon="4.43528">
        <ele>102</ele>
      </trkpt>
      <trkpt lat="50.65885" lon="4.43534">
        <ele>101</ele>
      </trkpt>
      <trkpt lat="50.65882" lon="4.43541">
        <ele>102</ele>
      </trkpt>
      <trkpt lat="50.65877" lon="4.43544">
        <ele>103</ele>
      </trkpt>
      <trkpt lat="50.6589" lon="4.43605">
        <ele>102</ele>
      </trkpt>
      <trkpt lat="50.65895" lon="4.43652">
        <ele>103</ele>
      </trkpt>
      <trkpt lat="50.65901" lon="4.43676">
        <ele>103</ele>
      </trkpt>
      <trkpt lat="50.65921" lon="4.43733">
        <ele>104</ele>
      </trkpt>
      <trkpt lat="50.65934" lon="4.43766">
        <ele>108</ele>
      </trkpt>
      <trkpt lat="50.65981" lon="4.43859">
        <ele>111</ele>
      </trkpt>
      <trkpt lat="50.66214" lon="4.44293">
        <ele>125</ele>
      </trkpt>
      <trkpt lat="50.66232" lon="4.44333">
        <ele>124</ele>
      </trkpt>
      <trkpt lat="50.66263" lon="4.44415">
        <ele>124</ele>
      </trkpt>
      <trkpt lat="50.66291" lon="4.44482">
        <ele>123</ele>
      </trkpt>
      <trkpt lat="50.66313" lon="4.4452">
        <ele>122</ele>
      </trkpt>
      <trkpt lat="50.66386" lon="4.44636">
        <ele>119</ele>
      </trkpt>
      <trkpt lat="50.66408" lon="4.44682">
        <ele>117</ele>
      </trkpt>
      <trkpt lat="50.66422" lon="4.44723">
        <ele>116</ele>
      </trkpt>
      <trkpt lat="50.66432" lon="4.44765">
        <ele>114</ele>
      </trkpt>
      <trkpt lat="50.66435" lon="4.44788">
        <ele>113</ele>
      </trkpt>
      <trkpt lat="50.66445" lon="4.44961">
        <ele>112</ele>
      </trkpt>
      <trkpt lat="50.66452" lon="4.45005">
        <ele>111</ele>
      </trkpt>
      <trkpt lat="50.66464" lon="4.45048">
        <ele>111</ele>
      </trkpt>
      <trkpt lat="50.66583" lon="4.45323">
        <ele>100</ele>
      </trkpt>
      <trkpt lat="50.66604" lon="4.45367">
        <ele>97</ele>
      </trkpt>
      <trkpt lat="50.66645" lon="4.45447">
        <ele>95</ele>
      </trkpt>
      <trkpt lat="50.66844" lon="4.45818">
        <ele>90</ele>
      </trkpt>
      <trkpt lat="50.66852" lon="4.45839">
        <ele>89</ele>
      </trkpt>
      <trkpt lat="50.66862" lon="4.45884">
        <ele>88</ele>
      </trkpt>
      <trkpt lat="50.66865" lon="4.4591">
        <ele>88</ele>
      </trkpt>
      <trkpt lat="50.66865" lon="4.46045">
        <ele>87</ele>
      </trkpt>
      <trkpt lat="50.66866" lon="4.461">
        <ele>86</ele>
      </trkpt>
      <trkpt lat="50.6687" lon="4.46128">
        <ele>85</ele>
      </trkpt>
      <trkpt lat="50.66905" lon="4.46283">
        <ele>84</ele>
      </trkpt>
      <trkpt lat="50.66907" lon="4.46303">
        <ele>84</ele>
      </trkpt>
      <trkpt lat="50.66907" lon="4.46335">
        <ele>84</ele>
      </trkpt>
      <trkpt lat="50.669" lon="4.46346">
        <ele>83</ele>
      </trkpt>
      <trkpt lat="50.66871" lon="4.46364">
        <ele>83</ele>
      </trkpt>
      <trkpt lat="50.66865" lon="4.4637">
        <ele>83</ele>
      </trkpt>
      <trkpt lat="50.6686" lon="4.46378">
        <ele>83</ele>
      </trkpt>
      <trkpt lat="50.66846" lon="4.46385">
        <ele>82</ele>
      </trkpt>
      <trkpt lat="50.66762" lon="4.46457">
        <ele>81</ele>
      </trkpt>
      <trkpt lat="50.66748" lon="4.46465">
        <ele>81</ele>
      </trkpt>
      <trkpt lat="50.66728" lon="4.4647">
        <ele>81</ele>
      </trkpt>
      <trkpt lat="50.66612" lon="4.46462">
        <ele>82</ele>
      </trkpt>
      <trkpt lat="50.66545" lon="4.46454">
        <ele>84</ele>
      </trkpt>
      <trkpt lat="50.66503" lon="4.46435">
        <ele>88</ele>
      </trkpt>
      <trkpt lat="50.6641" lon="4.46375">
        <ele>91</ele>
      </trkpt>
      <trkpt lat="50.66311" lon="4.463">
        <ele>94</ele>
      </trkpt>
      <trkpt lat="50.66188" lon="4.46201">
        <ele>101</ele>
      </trkpt>
      <trkpt lat="50.66116" lon="4.46154">
        <ele>106</ele>
      </trkpt>
      <trkpt lat="50.661" lon="4.46147">
        <ele>106</ele>
      </trkpt>
      <trkpt lat="50.6609" lon="4.46145">
        <ele>110</ele>
      </trkpt>
      <trkpt lat="50.66077" lon="4.46147">
        <ele>111</ele>
      </trkpt>
      <trkpt lat="50.66032" lon="4.46167">
        <ele>113</ele>
      </trkpt>
      <trkpt lat="50.66022" lon="4.46176">
        <ele>113</ele>
      </trkpt>
      <trkpt lat="50.65988" lon="4.46228">
        <ele>115</ele>
      </trkpt>
      <trkpt lat="50.65971" lon="4.46226">
        <ele>116</ele>
      </trkpt>
      <trkpt lat="50.65894" lon="4.46226">
        <ele>117</ele>
      </trkpt>
      <trkpt lat="50.65867" lon="4.46227">
        <ele>117</ele>
      </trkpt>
      <trkpt lat="50.65842" lon="4.46232">
        <ele>117</ele>
      </trkpt>
      <trkpt lat="50.65766" lon="4.4625">
        <ele>117</ele>
      </trkpt>
      <trkpt lat="50.65688" lon="4.46297">
        <ele>114</ele>
      </trkpt>
      <trkpt lat="50.65672" lon="4.463">
        <ele>113</ele>
      </trkpt>
      <trkpt lat="50.65664" lon="4.46298">
        <ele>113</ele>
      </trkpt>
      <trkpt lat="50.65647" lon="4.46288">
        <ele>112</ele>
      </trkpt>
      <trkpt lat="50.6554" lon="4.46181">
        <ele>113</ele>
      </trkpt>
      <trkpt lat="50.65524" lon="4.46161">
        <ele>113</ele>
      </trkpt>
      <trkpt lat="50.65494" lon="4.46117">
        <ele>115</ele>
      </trkpt>
      <trkpt lat="50.65411" lon="4.45973">
        <ele>118</ele>
      </trkpt>
      <trkpt lat="50.65397" lon="4.45943">
        <ele>118</ele>
      </trkpt>
      <trkpt lat="50.65371" lon="4.45856">
        <ele>119</ele>
      </trkpt>
      <trkpt lat="50.65365" lon="4.45843">
        <ele>120</ele>
      </trkpt>
      <trkpt lat="50.65342" lon="4.45809">
        <ele>122</ele>
      </trkpt>
      <trkpt lat="50.65301" lon="4.4576">
        <ele>123</ele>
      </trkpt>
      <trkpt lat="50.65285" lon="4.45744">
        <ele>123</ele>
      </trkpt>
      <trkpt lat="50.65266" lon="4.45729">
        <ele>123</ele>
      </trkpt>
      <trkpt lat="50.65235" lon="4.45714">
        <ele>126</ele>
      </trkpt>
      <trkpt lat="50.65198" lon="4.4569">
        <ele>127</ele>
      </trkpt>
      <trkpt lat="50.65137" lon="4.45636">
        <ele>129</ele>
      </trkpt>
      <trkpt lat="50.65102" lon="4.45611">
        <ele>130</ele>
      </trkpt>
      <trkpt lat="50.65047" lon="4.4558">
        <ele>132</ele>
      </trkpt>
      <trkpt lat="50.65039" lon="4.45579">
        <ele>132</ele>
      </trkpt>
      <trkpt lat="50.65019" lon="4.45587">
        <ele>133</ele>
      </trkpt>
      <trkpt lat="50.64725" lon="4.45765">
        <ele>137</ele>
      </trkpt>
      <trkpt lat="50.64706" lon="4.45773">
        <ele>137</ele>
      </trkpt>
      <trkpt lat="50.64654" lon="4.4578">
        <ele>138</ele>
      </trkpt>
      <trkpt lat="50.64648" lon="4.45781">
        <ele>139</ele>
      </trkpt>
      <trkpt lat="50.64601" lon="4.45791">
        <ele>139</ele>
      </trkpt>
      <trkpt lat="50.64583" lon="4.45787">
        <ele>139</ele>
      </trkpt>
      <trkpt lat="50.64573" lon="4.45781">
        <ele>139</ele>
      </trkpt>
      <trkpt lat="50.64563" lon="4.45772">
        <ele>139</ele>
      </trkpt>
      <trkpt lat="50.64525" lon="4.45723">
        <ele>137</ele>
      </trkpt>
      <trkpt lat="50.64508" lon="4.45709">
        <ele>137</ele>
      </trkpt>
      <trkpt lat="50.64492" lon="4.457">
        <ele>137</ele>
      </trkpt>
      <trkpt lat="50.64358" lon="4.45656">
        <ele>140</ele>
      </trkpt>
      <trkpt lat="50.64337" lon="4.45641">
        <ele>142</ele>
      </trkpt>
      <trkpt lat="50.64277" lon="4.45583">
        <ele>143</ele>
      </trkpt>
      <trkpt lat="50.64243" lon="4.45566">
        <ele>146</ele>
      </trkpt>
      <trkpt lat="50.64321" lon="4.45887">
        <ele>138</ele>
      </trkpt>
      <trkpt lat="50.64432" lon="4.46349">
        <ele>139</ele>
      </trkpt>
      <trkpt lat="50.64548" lon="4.46837">
        <ele>138</ele>
      </trkpt>
      <trkpt lat="50.6456" lon="4.46874">
        <ele>138</ele>
      </trkpt>
      <trkpt lat="50.64838" lon="4.47406">
        <ele>141</ele>
      </trkpt>
      <trkpt lat="50.65129" lon="4.47838">
        <ele>137</ele>
      </trkpt>
      <trkpt lat="50.65142" lon="4.47858">
        <ele>138</ele>
      </trkpt>
      <trkpt lat="50.65165" lon="4.47901">
        <ele>139</ele>
      </trkpt>
      <trkpt lat="50.65225" lon="4.4804">
        <ele>139</ele>
      </trkpt>
      <trkpt lat="50.65238" lon="4.48077">
        <ele>139</ele>
      </trkpt>
      <trkpt lat="50.65245" lon="4.48107">
        <ele>140</ele>
      </trkpt>
      <trkpt lat="50.65272" lon="4.48325">
        <ele>141</ele>
      </trkpt>
      <trkpt lat="50.65282" lon="4.48363">
        <ele>141</ele>
      </trkpt>
      <trkpt lat="50.65306" lon="4.48433">
        <ele>142</ele>
      </trkpt>
      <trkpt lat="50.65322" lon="4.48487">
        <ele>142</ele>
      </trkpt>
      <trkpt lat="50.65491" lon="4.49215">
        <ele>140</ele>
      </trkpt>
      <trkpt lat="50.65793" lon="4.50178">
        <ele>125</ele>
      </trkpt>
      <trkpt lat="50.65945" lon="4.50663">
        <ele>127</ele>
      </trkpt>
      <trkpt lat="50.65954" lon="4.5068">
        <ele>128</ele>
      </trkpt>
      <trkpt lat="50.66124" lon="4.50203">
        <ele>135</ele>
      </trkpt>
      <trkpt lat="50.66342" lon="4.49595">
        <ele>131</ele>
      </trkpt>
      <trkpt lat="50.66356" lon="4.49564">
        <ele>131</ele>
      </trkpt>
      <trkpt lat="50.6638" lon="4.49524">
        <ele>131</ele>
      </trkpt>
      <trkpt lat="50.66396" lon="4.49504">
        <ele>131</ele>
      </trkpt>
      <trkpt lat="50.66414" lon="4.49485">
        <ele>131</ele>
      </trkpt>
      <trkpt lat="50.66439" lon="4.49465">
        <ele>130</ele>
      </trkpt>
      <trkpt lat="50.66481" lon="4.49444">
        <ele>130</ele>
      </trkpt>
      <trkpt lat="50.66554" lon="4.49411">
        <ele>129</ele>
      </trkpt>
      <trkpt lat="50.66564" lon="4.49408">
        <ele>129</ele>
      </trkpt>
      <trkpt lat="50.66569" lon="4.49408">
        <ele>129</ele>
      </trkpt>
      <trkpt lat="50.66586" lon="4.49414">
        <ele>128</ele>
      </trkpt>
      <trkpt lat="50.6668" lon="4.49473">
        <ele>126</ele>
      </trkpt>
      <trkpt lat="50.66697" lon="4.49487">
        <ele>126</ele>
      </trkpt>
      <trkpt lat="50.66722" lon="4.49513">
        <ele>125</ele>
      </trkpt>
      <trkpt lat="50.66773" lon="4.49579">
        <ele>124</ele>
      </trkpt>
      <trkpt lat="50.66786" lon="4.49592">
        <ele>124</ele>
      </trkpt>
      <trkpt lat="50.66795" lon="4.49598">
        <ele>123</ele>
      </trkpt>
      <trkpt lat="50.66853" lon="4.49622">
        <ele>119</ele>
      </trkpt>
      <trkpt lat="50.66888" lon="4.49623">
        <ele>118</ele>
      </trkpt>
      <trkpt lat="50.66923" lon="4.49633">
        <ele>119</ele>
      </trkpt>
      <trkpt lat="50.66937" lon="4.49639">
        <ele>120</ele>
      </trkpt>
      <trkpt lat="50.67009" lon="4.49705">
        <ele>122</ele>
      </trkpt>
      <trkpt lat="50.67021" lon="4.4971">
        <ele>122</ele>
      </trkpt>
      <trkpt lat="50.67028" lon="4.49709">
        <ele>122</ele>
      </trkpt>
      <trkpt lat="50.67208" lon="4.49587">
        <ele>125</ele>
      </trkpt>
      <trkpt lat="50.67221" lon="4.4957">
        <ele>125</ele>
      </trkpt>
      <trkpt lat="50.67313" lon="4.494">
        <ele>123</ele>
      </trkpt>
      <trkpt lat="50.67324" lon="4.49382">
        <ele>122</ele>
      </trkpt>
      <trkpt lat="50.67346" lon="4.49361">
        <ele>121</ele>
      </trkpt>
      <trkpt lat="50.6736" lon="4.49354">
        <ele>120</ele>
      </trkpt>
      <trkpt lat="50.67378" lon="4.49349">
        <ele>119</ele>
      </trkpt>
      <trkpt lat="50.67401" lon="4.49352">
        <ele>118</ele>
      </trkpt>
      <trkpt lat="50.6742" lon="4.49362">
        <ele>116</ele>
      </trkpt>
      <trkpt lat="50.67497" lon="4.4942">
        <ele>111</ele>
      </trkpt>
      <trkpt lat="50.67517" lon="4.49432">
        <ele>110</ele>
      </trkpt>
      <trkpt lat="50.67545" lon="4.49442">
        <ele>109</ele>
      </trkpt>
      <trkpt lat="50.67568" lon="4.49443">
        <ele>107</ele>
      </trkpt>
      <trkpt lat="50.67573" lon="4.49444">
        <ele>107</ele>
      </trkpt>
      <trkpt lat="50.67599" lon="4.49436">
        <ele>105</ele>
      </trkpt>
      <trkpt lat="50.67627" lon="4.49421">
        <ele>104</ele>
      </trkpt>
      <trkpt lat="50.67645" lon="4.49406">
        <ele>104</ele>
      </trkpt>
      <trkpt lat="50.67663" lon="4.49386">
        <ele>104</ele>
      </trkpt>
      <trkpt lat="50.6769" lon="4.49344">
        <ele>105</ele>
      </trkpt>
      <trkpt lat="50.67725" lon="4.49305">
        <ele>107</ele>
      </trkpt>
      <trkpt lat="50.67749" lon="4.49287">
        <ele>109</ele>
      </trkpt>
      <trkpt lat="50.67766" lon="4.49279">
        <ele>109</ele>
      </trkpt>
      <trkpt lat="50.67787" lon="4.49274">
        <ele>110</ele>
      </trkpt>
      <trkpt lat="50.67812" lon="4.49273">
        <ele>111</ele>
      </trkpt>
      <trkpt lat="50.67836" lon="4.49276">
        <ele>112</ele>
      </trkpt>
      <trkpt lat="50.67947" lon="4.49329">
        <ele>111</ele>
      </trkpt>
      <trkpt lat="50.67958" lon="4.49333">
        <ele>110</ele>
      </trkpt>
      <trkpt lat="50.67978" lon="4.49334">
        <ele>109</ele>
      </trkpt>
      <trkpt lat="50.68086" lon="4.49304">
        <ele>110</ele>
      </trkpt>
      <trkpt lat="50.68098" lon="4.49298">
        <ele>110</ele>
      </trkpt>
      <trkpt lat="50.68135" lon="4.49275">
        <ele>109</ele>
      </trkpt>
      <trkpt lat="50.68145" lon="4.49271">
        <ele>109</ele>
      </trkpt>
      <trkpt lat="50.68159" lon="4.49275">
        <ele>109</ele>
      </trkpt>
      <trkpt lat="50.68188" lon="4.49289">
        <ele>109</ele>
      </trkpt>
      <trkpt lat="50.68212" lon="4.49294">
        <ele>108</ele>
      </trkpt>
      <trkpt lat="50.68237" lon="4.4929">
        <ele>108</ele>
      </trkpt>
      <trkpt lat="50.68257" lon="4.49283">
        <ele>108</ele>
      </trkpt>
      <trkpt lat="50.68283" lon="4.49264">
        <ele>107</ele>
      </trkpt>
      <trkpt lat="50.68301" lon="4.49246">
        <ele>106</ele>
      </trkpt>
      <trkpt lat="50.68323" lon="4.4921">
        <ele>104</ele>
      </trkpt>
      <trkpt lat="50.68334" lon="4.49183">
        <ele>103</ele>
      </trkpt>
      <trkpt lat="50.68345" lon="4.49143">
        <ele>102</ele>
      </trkpt>
      <trkpt lat="50.6835" lon="4.49108">
        <ele>100</ele>
      </trkpt>
      <trkpt lat="50.68351" lon="4.49066">
        <ele>98</ele>
      </trkpt>
      <trkpt lat="50.68348" lon="4.49036">
        <ele>97</ele>
      </trkpt>
      <trkpt lat="50.6834" lon="4.48995">
        <ele>94</ele>
      </trkpt>
      <trkpt lat="50.68312" lon="4.48915">
        <ele>91</ele>
      </trkpt>
      <trkpt lat="50.68306" lon="4.48889">
        <ele>90</ele>
      </trkpt>
      <trkpt lat="50.68302" lon="4.48871">
        <ele>90</ele>
      </trkpt>
      <trkpt lat="50.68299" lon="4.48832">
        <ele>89</ele>
      </trkpt>
      <trkpt lat="50.683" lon="4.48797">
        <ele>87</ele>
      </trkpt>
      <trkpt lat="50.68317" lon="4.48629">
        <ele>77</ele>
      </trkpt>
      <trkpt lat="50.68328" lon="4.48574">
        <ele>74</ele>
      </trkpt>
      <trkpt lat="50.68357" lon="4.48465">
        <ele>66</ele>
      </trkpt>
      <trkpt lat="50.68373" lon="4.48422">
        <ele>65</ele>
      </trkpt>
      <trkpt lat="50.68386" lon="4.48401">
        <ele>65</ele>
      </trkpt>
      <trkpt lat="50.68455" lon="4.48306">
        <ele>65</ele>
      </trkpt>
      <trkpt lat="50.68469" lon="4.48299">
        <ele>67</ele>
      </trkpt>
      <trkpt lat="50.68473" lon="4.483">
        <ele>72</ele>
      </trkpt>
      <trkpt lat="50.68497" lon="4.48318">
        <ele>72</ele>
      </trkpt>
      <trkpt lat="50.68603" lon="4.48406">
        <ele>74</ele>
      </trkpt>
      <trkpt lat="50.6862" lon="4.48417">
        <ele>73</ele>
      </trkpt>
      <trkpt lat="50.68631" lon="4.48419">
        <ele>73</ele>
      </trkpt>
      <trkpt lat="50.68643" lon="4.48444">
        <ele>73</ele>
      </trkpt>
      <trkpt lat="50.68648" lon="4.48446">
        <ele>73</ele>
      </trkpt>
      <trkpt lat="50.68863" lon="4.48626">
        <ele>76</ele>
      </trkpt>
      <trkpt lat="50.68889" lon="4.48653">
        <ele>76</ele>
      </trkpt>
      <trkpt lat="50.68948" lon="4.48726">
        <ele>78</ele>
      </trkpt>
      <trkpt lat="50.68971" lon="4.4875">
        <ele>76</ele>
      </trkpt>
      <trkpt lat="50.69205" lon="4.48921">
        <ele>74</ele>
      </trkpt>
      <trkpt lat="50.69394" lon="4.49099">
        <ele>70</ele>
      </trkpt>
      <trkpt lat="50.69421" lon="4.49124">
        <ele>69</ele>
      </trkpt>
      <trkpt lat="50.69453" lon="4.49164">
        <ele>66</ele>
      </trkpt>
      <trkpt lat="50.69987" lon="4.49889">
        <ele>64</ele>
      </trkpt>
      <trkpt lat="50.69985" lon="4.49896">
        <ele>64</ele>
      </trkpt>
      <trkpt lat="50.69985" lon="4.49904">
        <ele>64</ele>
      </trkpt>
      <trkpt lat="50.69988" lon="4.49906">
        <ele>64</ele>
      </trkpt>
      <trkpt lat="50.69993" lon="4.49909">
        <ele>64</ele>
      </trkpt>
      <trkpt lat="50.69998" lon="4.49908">
        <ele>64</ele>
      </trkpt>
      <trkpt lat="50.7" lon="4.49904">
        <ele>64</ele>
      </trkpt>
      <trkpt lat="50.7001" lon="4.49914">
        <ele>64</ele>
      </trkpt>
      <trkpt lat="50.70099" lon="4.49977">
        <ele>64</ele>
      </trkpt>
      <trkpt lat="50.70126" lon="4.50001">
        <ele>67</ele>
      </trkpt>
      <trkpt lat="50.70216" lon="4.50106">
        <ele>70</ele>
      </trkpt>
      <trkpt lat="50.70317" lon="4.50316">
        <ele>77</ele>
      </trkpt>
      <trkpt lat="50.70329" lon="4.50358">
        <ele>81</ele>
      </trkpt>
      <trkpt lat="50.70352" lon="4.50509">
        <ele>88</ele>
      </trkpt>
      <trkpt lat="50.70358" lon="4.50541">
        <ele>89</ele>
      </trkpt>
      <trkpt lat="50.70365" lon="4.50564">
        <ele>90</ele>
      </trkpt>
      <trkpt lat="50.70376" lon="4.50586">
        <ele>92</ele>
      </trkpt>
      <trkpt lat="50.70394" lon="4.50612">
        <ele>93</ele>
      </trkpt>
      <trkpt lat="50.70457" lon="4.50668">
        <ele>99</ele>
      </trkpt>
      <trkpt lat="50.70465" lon="4.50681">
        <ele>100</ele>
      </trkpt>
      <trkpt lat="50.70485" lon="4.50723">
        <ele>101</ele>
      </trkpt>
      <trkpt lat="50.7051" lon="4.50758">
        <ele>103</ele>
      </trkpt>
      <trkpt lat="50.70518" lon="4.50765">
        <ele>104</ele>
      </trkpt>
      <trkpt lat="50.70605" lon="4.50797">
        <ele>104</ele>
      </trkpt>
      <trkpt lat="50.70624" lon="4.50807">
        <ele>104</ele>
      </trkpt>
      <trkpt lat="50.70653" lon="4.50829">
        <ele>105</ele>
      </trkpt>
      <trkpt lat="50.70661" lon="4.50843">
        <ele>106</ele>
      </trkpt>
      <trkpt lat="50.70688" lon="4.50947">
        <ele>106</ele>
      </trkpt>
      <trkpt lat="50.70693" lon="4.50959">
        <ele>106</ele>
      </trkpt>
      <trkpt lat="50.70723" lon="4.50987">
        <ele>106</ele>
      </trkpt>
      <trkpt lat="50.70787" lon="4.51036">
        <ele>106</ele>
      </trkpt>
      <trkpt lat="50.70803" lon="4.51053">
        <ele>106</ele>
      </trkpt>
      <trkpt lat="50.70806" lon="4.51063">
        <ele>106</ele>
      </trkpt>
      <trkpt lat="50.70823" lon="4.5116">
        <ele>108</ele>
      </trkpt>
      <trkpt lat="50.7083" lon="4.5119">
        <ele>108</ele>
      </trkpt>
      <trkpt lat="50.70841" lon="4.51217">
        <ele>108</ele>
      </trkpt>
      <trkpt lat="50.70904" lon="4.51318">
        <ele>106</ele>
      </trkpt>
      <trkpt lat="50.7097" lon="4.51383">
        <ele>104</ele>
      </trkpt>
      <trkpt lat="50.71007" lon="4.5141">
        <ele>103</ele>
      </trkpt>
      <trkpt lat="50.71042" lon="4.51438">
        <ele>102</ele>
      </trkpt>
      <trkpt lat="50.71145" lon="4.51546">
        <ele>102</ele>
      </trkpt>
      <trkpt lat="50.71153" lon="4.51559">
        <ele>102</ele>
      </trkpt>
      <trkpt lat="50.71156" lon="4.51566">
        <ele>102</ele>
      </trkpt>
      <trkpt lat="50.71156" lon="4.51578">
        <ele>103</ele>
      </trkpt>
      <trkpt lat="50.71158" lon="4.51822">
        <ele>103</ele>
      </trkpt>
      <trkpt lat="50.7116" lon="4.52036">
        <ele>97</ele>
      </trkpt>
      <trkpt lat="50.71157" lon="4.52042">
        <ele>97</ele>
      </trkpt>
      <trkpt lat="50.71155" lon="4.52061">
        <ele>97</ele>
      </trkpt>
      <trkpt lat="50.7115" lon="4.52061">
        <ele>97</ele>
      </trkpt>
      <trkpt lat="50.71144" lon="4.52067">
        <ele>97</ele>
      </trkpt>
      <trkpt lat="50.71142" lon="4.5208">
        <ele>96</ele>
      </trkpt>
      <trkpt lat="50.71143" lon="4.52086">
        <ele>96</ele>
      </trkpt>
      <trkpt lat="50.7115" lon="4.52093">
        <ele>96</ele>
      </trkpt>
      <trkpt lat="50.71154" lon="4.52094">
        <ele>96</ele>
      </trkpt>
      <trkpt lat="50.71158" lon="4.52091">
        <ele>96</ele>
      </trkpt>
      <trkpt lat="50.71161" lon="4.52086">
        <ele>96</ele>
      </trkpt>
      <trkpt lat="50.71163" lon="4.52079">
        <ele>96</ele>
      </trkpt>
      <trkpt lat="50.71162" lon="4.52072">
        <ele>97</ele>
      </trkpt>
      <trkpt lat="50.7116" lon="4.52066">
        <ele>97</ele>
      </trkpt>
      <trkpt lat="50.71176" lon="4.52061">
        <ele>97</ele>
      </trkpt>
      <trkpt lat="50.71215" lon="4.52037">
        <ele>99</ele>
      </trkpt>
      <trkpt lat="50.71243" lon="4.52008">
        <ele>99</ele>
      </trkpt>
      <trkpt lat="50.71256" lon="4.51986">
        <ele>101</ele>
      </trkpt>
      <trkpt lat="50.71269" lon="4.51958">
        <ele>102</ele>
      </trkpt>
      <trkpt lat="50.71279" lon="4.51928">
        <ele>102</ele>
      </trkpt>
      <trkpt lat="50.71285" lon="4.51896">
        <ele>103</ele>
      </trkpt>
      <trkpt lat="50.71287" lon="4.51859">
        <ele>103</ele>
      </trkpt>
      <trkpt lat="50.71289" lon="4.51744">
        <ele>104</ele>
      </trkpt>
      <trkpt lat="50.71291" lon="4.51724">
        <ele>103</ele>
      </trkpt>
      <trkpt lat="50.71301" lon="4.51674">
        <ele>103</ele>
      </trkpt>
      <trkpt lat="50.71309" lon="4.51648">
        <ele>101</ele>
      </trkpt>
      <trkpt lat="50.71446" lon="4.51331">
        <ele>91</ele>
      </trkpt>
      <trkpt lat="50.71466" lon="4.51294">
        <ele>87</ele>
      </trkpt>
      <trkpt lat="50.71477" lon="4.5128">
        <ele>86</ele>
      </trkpt>
      <trkpt lat="50.71507" lon="4.51249">
        <ele>85</ele>
      </trkpt>
      <trkpt lat="50.71538" lon="4.51231">
        <ele>79</ele>
      </trkpt>
      <trkpt lat="50.71559" lon="4.51222">
        <ele>79</ele>
      </trkpt>
      <trkpt lat="50.71582" lon="4.51218">
        <ele>78</ele>
      </trkpt>
      <trkpt lat="50.71659" lon="4.51215">
        <ele>74</ele>
      </trkpt>
      <trkpt lat="50.71681" lon="4.51219">
        <ele>70</ele>
      </trkpt>
      <trkpt lat="50.71697" lon="4.51226">
        <ele>69</ele>
      </trkpt>
      <trkpt lat="50.71766" lon="4.51266">
        <ele>66</ele>
      </trkpt>
      <trkpt lat="50.71865" lon="4.5133">
        <ele>64</ele>
      </trkpt>
      <trkpt lat="50.71952" lon="4.5139">
        <ele>61</ele>
      </trkpt>
      <trkpt lat="50.71982" lon="4.51422">
        <ele>63</ele>
      </trkpt>
      <trkpt lat="50.72015" lon="4.51473">
        <ele>60</ele>
      </trkpt>
      <trkpt lat="50.72033" lon="4.51524">
        <ele>61</ele>
      </trkpt>
      <trkpt lat="50.72037" lon="4.51535">
        <ele>60</ele>
      </trkpt>
      <trkpt lat="50.72045" lon="4.51538">
        <ele>59</ele>
      </trkpt>
      <trkpt lat="50.72071" lon="4.51559">
        <ele>60</ele>
      </trkpt>
      <trkpt lat="50.72094" lon="4.51592">
        <ele>62</ele>
      </trkpt>
      <trkpt lat="50.72114" lon="4.51616">
        <ele>57</ele>
      </trkpt>
      <trkpt lat="50.72124" lon="4.51626">
        <ele>57</ele>
      </trkpt>
      <trkpt lat="50.72136" lon="4.51634">
        <ele>57</ele>
      </trkpt>
      <trkpt lat="50.7215" lon="4.51639">
        <ele>57</ele>
      </trkpt>
      <trkpt lat="50.72168" lon="4.51639">
        <ele>57</ele>
      </trkpt>
      <trkpt lat="50.72171" lon="4.51649">
        <ele>57</ele>
      </trkpt>
      <trkpt lat="50.72178" lon="4.51652">
        <ele>57</ele>
      </trkpt>
      <trkpt lat="50.72185" lon="4.51648">
        <ele>57</ele>
      </trkpt>
      <trkpt lat="50.72188" lon="4.51638">
        <ele>57</ele>
      </trkpt>
      <trkpt lat="50.72198" lon="4.51635">
        <ele>57</ele>
      </trkpt>
      <trkpt lat="50.72235" lon="4.51616">
        <ele>58</ele>
      </trkpt>
      <trkpt lat="50.72434" lon="4.51525">
        <ele>72</ele>
      </trkpt>
      <trkpt lat="50.72445" lon="4.51517">
        <ele>73</ele>
      </trkpt>
      <trkpt lat="50.72447" lon="4.51623">
        <ele>75</ele>
      </trkpt>
      <trkpt lat="50.72454" lon="4.5166">
        <ele>77</ele>
      </trkpt>
      <trkpt lat="50.72449" lon="4.51665">
        <ele>77</ele>
      </trkpt>
      <trkpt lat="50.72447" lon="4.51672">
        <ele>77</ele>
      </trkpt>
      <trkpt lat="50.72448" lon="4.5168">
        <ele>77</ele>
      </trkpt>
      <trkpt lat="50.72451" lon="4.51687">
        <ele>77</ele>
      </trkpt>
      <trkpt lat="50.72456" lon="4.5169">
        <ele>77</ele>
      </trkpt>
      <trkpt lat="50.7246" lon="4.51689">
        <ele>78</ele>
      </trkpt>
      <trkpt lat="50.72461" lon="4.51698">
        <ele>78</ele>
      </trkpt>
      <trkpt lat="50.72463" lon="4.51715">
        <ele>78</ele>
      </trkpt>
      <trkpt lat="50.72464" lon="4.51749">
        <ele>78</ele>
      </trkpt>
      <trkpt lat="50.72466" lon="4.51776">
        <ele>78</ele>
      </trkpt>
      <trkpt lat="50.72474" lon="4.51822">
        <ele>78</ele>
      </trkpt>
      <trkpt lat="50.72497" lon="4.51913">
        <ele>75</ele>
      </trkpt>
      <trkpt lat="50.72524" lon="4.52051">
        <ele>73</ele>
      </trkpt>
      <trkpt lat="50.72529" lon="4.52067">
        <ele>73</ele>
      </trkpt>
      <trkpt lat="50.72538" lon="4.52087">
        <ele>70</ele>
      </trkpt>
      <trkpt lat="50.72653" lon="4.52284">
        <ele>57</ele>
      </trkpt>
      <trkpt lat="50.72732" lon="4.52418">
        <ele>53</ele>
      </trkpt>
      <trkpt lat="50.72837" lon="4.52597">
        <ele>56</ele>
      </trkpt>
      <trkpt lat="50.72866" lon="4.52644">
        <ele>60</ele>
      </trkpt>
      <trkpt lat="50.72871" lon="4.52657">
        <ele>60</ele>
      </trkpt>
      <trkpt lat="50.72874" lon="4.5267">
        <ele>62</ele>
      </trkpt>
      <trkpt lat="50.72876" lon="4.52698">
        <ele>62</ele>
      </trkpt>
      <trkpt lat="50.72874" lon="4.52701">
        <ele>62</ele>
      </trkpt>
      <trkpt lat="50.72872" lon="4.52709">
        <ele>62</ele>
      </trkpt>
      <trkpt lat="50.72874" lon="4.52718">
        <ele>62</ele>
      </trkpt>
      <trkpt lat="50.7289" lon="4.52726">
        <ele>63</ele>
      </trkpt>
      <trkpt lat="50.73057" lon="4.53011">
        <ele>90</ele>
      </trkpt>
      <trkpt lat="50.73084" lon="4.53061">
        <ele>91</ele>
      </trkpt>
      <trkpt lat="50.73111" lon="4.53126">
        <ele>93</ele>
      </trkpt>
      <trkpt lat="50.73128" lon="4.53174">
        <ele>94</ele>
      </trkpt>
      <trkpt lat="50.73143" lon="4.53207">
        <ele>94</ele>
      </trkpt>
      <trkpt lat="50.73156" lon="4.53231">
        <ele>94</ele>
      </trkpt>
      <trkpt lat="50.73215" lon="4.53317">
        <ele>94</ele>
      </trkpt>
      <trkpt lat="50.73233" lon="4.53335">
        <ele>95</ele>
      </trkpt>
      <trkpt lat="50.73251" lon="4.53348">
        <ele>95</ele>
      </trkpt>
      <trkpt lat="50.73268" lon="4.53356">
        <ele>94</ele>
      </trkpt>
      <trkpt lat="50.73373" lon="4.5339">
        <ele>94</ele>
      </trkpt>
      <trkpt lat="50.73407" lon="4.53412">
        <ele>96</ele>
      </trkpt>
      <trkpt lat="50.73426" lon="4.53428">
        <ele>96</ele>
      </trkpt>
      <trkpt lat="50.73477" lon="4.53458">
        <ele>97</ele>
      </trkpt>
      <trkpt lat="50.73483" lon="4.53467">
        <ele>96</ele>
      </trkpt>
      <trkpt lat="50.73487" lon="4.53478">
        <ele>96</ele>
      </trkpt>
      <trkpt lat="50.73488" lon="4.5349">
        <ele>96</ele>
      </trkpt>
      <trkpt lat="50.73493" lon="4.53496">
        <ele>97</ele>
      </trkpt>
      <trkpt lat="50.73497" lon="4.53497">
        <ele>97</ele>
      </trkpt>
      <trkpt lat="50.73504" lon="4.5349">
        <ele>96</ele>
      </trkpt>
      <trkpt lat="50.73518" lon="4.53486">
        <ele>97</ele>
      </trkpt>
      <trkpt lat="50.73533" lon="4.53486">
        <ele>97</ele>
      </trkpt>
      <trkpt lat="50.73575" lon="4.53508">
        <ele>97</ele>
      </trkpt>
      <trkpt lat="50.73611" lon="4.53524">
        <ele>97</ele>
      </trkpt>
      <trkpt lat="50.73634" lon="4.53523">
        <ele>97</ele>
      </trkpt>
      <trkpt lat="50.73659" lon="4.53511">
        <ele>97</ele>
      </trkpt>
      <trkpt lat="50.73718" lon="4.53447">
        <ele>101</ele>
      </trkpt>
      <trkpt lat="50.7386" lon="4.53289">
        <ele>99</ele>
      </trkpt>
      <trkpt lat="50.7387" lon="4.53279">
        <ele>98</ele>
      </trkpt>
      <trkpt lat="50.73895" lon="4.53265">
        <ele>98</ele>
      </trkpt>
      <trkpt lat="50.73931" lon="4.53245">
        <ele>97</ele>
      </trkpt>
      <trkpt lat="50.73956" lon="4.53224">
        <ele>98</ele>
      </trkpt>
      <trkpt lat="50.73967" lon="4.53211">
        <ele>98</ele>
      </trkpt>
      <trkpt lat="50.73987" lon="4.53176">
        <ele>98</ele>
      </trkpt>
      <trkpt lat="50.74088" lon="4.52983">
        <ele>98</ele>
      </trkpt>
      <trkpt lat="50.74157" lon="4.52854">
        <ele>98</ele>
      </trkpt>
      <trkpt lat="50.7418" lon="4.52816">
        <ele>100</ele>
      </trkpt>
      <trkpt lat="50.74299" lon="4.5269">
        <ele>102</ele>
      </trkpt>
      <trkpt lat="50.74326" lon="4.52656">
        <ele>101</ele>
      </trkpt>
      <trkpt lat="50.74459" lon="4.52479">
        <ele>98</ele>
      </trkpt>
      <trkpt lat="50.7447" lon="4.52468">
        <ele>98</ele>
      </trkpt>
      <trkpt lat="50.74485" lon="4.52458">
        <ele>98</ele>
      </trkpt>
      <trkpt lat="50.74547" lon="4.5244">
        <ele>97</ele>
      </trkpt>
      <trkpt lat="50.74593" lon="4.52431">
        <ele>98</ele>
      </trkpt>
      <trkpt lat="50.74684" lon="4.52435">
        <ele>101</ele>
      </trkpt>
      <trkpt lat="50.74699" lon="4.52432">
        <ele>101</ele>
      </trkpt>
      <trkpt lat="50.74783" lon="4.52407">
        <ele>104</ele>
      </trkpt>
      <trkpt lat="50.74865" lon="4.52365">
        <ele>106</ele>
      </trkpt>
      <trkpt lat="50.74945" lon="4.52891">
        <ele>101</ele>
      </trkpt>
      <trkpt lat="50.75042" lon="4.53462">
        <ele>98</ele>
      </trkpt>
      <trkpt lat="50.75114" lon="4.53866">
        <ele>94</ele>
      </trkpt>
      <trkpt lat="50.75121" lon="4.53924">
        <ele>96</ele>
      </trkpt>
      <trkpt lat="50.75122" lon="4.53955">
        <ele>96</ele>
      </trkpt>
      <trkpt lat="50.75122" lon="4.53987">
        <ele>96</ele>
      </trkpt>
      <trkpt lat="50.75116" lon="4.5411">
        <ele>97</ele>
      </trkpt>
      <trkpt lat="50.75116" lon="4.54177">
        <ele>96</ele>
      </trkpt>
      <trkpt lat="50.75125" lon="4.54291">
        <ele>95</ele>
      </trkpt>
      <trkpt lat="50.75146" lon="4.54449">
        <ele>93</ele>
      </trkpt>
      <trkpt lat="50.75227" lon="4.55032">
        <ele>89</ele>
      </trkpt>
      <trkpt lat="50.75252" lon="4.55154">
        <ele>88</ele>
      </trkpt>
      <trkpt lat="50.75284" lon="4.55293">
        <ele>87</ele>
      </trkpt>
      <trkpt lat="50.75291" lon="4.55316">
        <ele>87</ele>
      </trkpt>
      <trkpt lat="50.75342" lon="4.55457">
        <ele>82</ele>
      </trkpt>
      <trkpt lat="50.75384" lon="4.55572">
        <ele>78</ele>
      </trkpt>
      <trkpt lat="50.75394" lon="4.55608">
        <ele>76</ele>
      </trkpt>
      <trkpt lat="50.75397" lon="4.55631">
        <ele>76</ele>
      </trkpt>
      <trkpt lat="50.75398" lon="4.55659">
        <ele>75</ele>
      </trkpt>
      <trkpt lat="50.75397" lon="4.55834">
        <ele>65</ele>
      </trkpt>
      <trkpt lat="50.75392" lon="4.55909">
        <ele>63</ele>
      </trkpt>
      <trkpt lat="50.75393" lon="4.56123">
        <ele>53</ele>
      </trkpt>
      <trkpt lat="50.75392" lon="4.56242">
        <ele>50</ele>
      </trkpt>
      <trkpt lat="50.75387" lon="4.56327">
        <ele>50</ele>
      </trkpt>
      <trkpt lat="50.75387" lon="4.56451">
        <ele>49</ele>
      </trkpt>
      <trkpt lat="50.7539" lon="4.56593">
        <ele>50</ele>
      </trkpt>
      <trkpt lat="50.75392" lon="4.56716">
        <ele>48</ele>
      </trkpt>
      <trkpt lat="50.75379" lon="4.56727">
        <ele>48</ele>
      </trkpt>
      <trkpt lat="50.75369" lon="4.56739">
        <ele>48</ele>
      </trkpt>
      <trkpt lat="50.75364" lon="4.56748">
        <ele>46</ele>
      </trkpt>
      <trkpt lat="50.75356" lon="4.56782">
        <ele>46</ele>
      </trkpt>
      <trkpt lat="50.75356" lon="4.56805">
        <ele>46</ele>
      </trkpt>
      <trkpt lat="50.75352" lon="4.56825">
        <ele>45</ele>
      </trkpt>
      <trkpt lat="50.75298" lon="4.56931">
        <ele>42</ele>
      </trkpt>
      <trkpt lat="50.75143" lon="4.57157">
        <ele>48</ele>
      </trkpt>
      <trkpt lat="50.75122" lon="4.5718">
        <ele>54</ele>
      </trkpt>
      <trkpt lat="50.75089" lon="4.57211">
        <ele>57</ele>
      </trkpt>
      <trkpt lat="50.75143" lon="4.57206">
        <ele>54</ele>
      </trkpt>
      <trkpt lat="50.75169" lon="4.57199">
        <ele>54</ele>
      </trkpt>
      <trkpt lat="50.75192" lon="4.5719">
        <ele>52</ele>
      </trkpt>
      <trkpt lat="50.75432" lon="4.57073">
        <ele>51</ele>
      </trkpt>
      <trkpt lat="50.75611" lon="4.56986">
        <ele>72</ele>
      </trkpt>
      <trkpt lat="50.75648" lon="4.56964">
        <ele>74</ele>
      </trkpt>
      <trkpt lat="50.75689" lon="4.57133">
        <ele>75</ele>
      </trkpt>
      <trkpt lat="50.75693" lon="4.57155">
        <ele>75</ele>
      </trkpt>
      <trkpt lat="50.75694" lon="4.57183">
        <ele>73</ele>
      </trkpt>
      <trkpt lat="50.75693" lon="4.57244">
        <ele>70</ele>
      </trkpt>
      <trkpt lat="50.75694" lon="4.57263">
        <ele>69</ele>
      </trkpt>
      <trkpt lat="50.75698" lon="4.57285">
        <ele>69</ele>
      </trkpt>
      <trkpt lat="50.75755" lon="4.57456">
        <ele>64</ele>
      </trkpt>
      <trkpt lat="50.75777" lon="4.57519">
        <ele>67</ele>
      </trkpt>
      <trkpt lat="50.758" lon="4.57566">
        <ele>67</ele>
      </trkpt>
      <trkpt lat="50.75898" lon="4.57716">
        <ele>60</ele>
      </trkpt>
      <trkpt lat="50.75912" lon="4.57749">
        <ele>54</ele>
      </trkpt>
      <trkpt lat="50.75917" lon="4.57777">
        <ele>53</ele>
      </trkpt>
      <trkpt lat="50.75962" lon="4.58095">
        <ele>48</ele>
      </trkpt>
      <trkpt lat="50.75969" lon="4.58129">
        <ele>47</ele>
      </trkpt>
      <trkpt lat="50.76016" lon="4.58285">
        <ele>50</ele>
      </trkpt>
      <trkpt lat="50.76033" lon="4.58318">
        <ele>50</ele>
      </trkpt>
      <trkpt lat="50.76051" lon="4.58344">
        <ele>49</ele>
      </trkpt>
      <trkpt lat="50.76125" lon="4.58452">
        <ele>53</ele>
      </trkpt>
      <trkpt lat="50.76163" lon="4.58524">
        <ele>52</ele>
      </trkpt>
      <trkpt lat="50.76191" lon="4.58558">
        <ele>62</ele>
      </trkpt>
      <trkpt lat="50.76232" lon="4.58598">
        <ele>62</ele>
      </trkpt>
      <trkpt lat="50.76243" lon="4.58613">
        <ele>63</ele>
      </trkpt>
      <trkpt lat="50.76252" lon="4.58629">
        <ele>63</ele>
      </trkpt>
      <trkpt lat="50.76262" lon="4.58651">
        <ele>64</ele>
      </trkpt>
      <trkpt lat="50.76269" lon="4.58679">
        <ele>69</ele>
      </trkpt>
      <trkpt lat="50.76373" lon="4.59267">
        <ele>49</ele>
      </trkpt>
      <trkpt lat="50.7638" lon="4.59295">
        <ele>48</ele>
      </trkpt>
      <trkpt lat="50.76388" lon="4.59317">
        <ele>49</ele>
      </trkpt>
      <trkpt lat="50.7668" lon="4.59934">
        <ele>42</ele>
      </trkpt>
      <trkpt lat="50.76704" lon="4.59972">
        <ele>42</ele>
      </trkpt>
      <trkpt lat="50.76771" lon="4.60053">
        <ele>43</ele>
      </trkpt>
      <trkpt lat="50.76793" lon="4.60084">
        <ele>41</ele>
      </trkpt>
      <trkpt lat="50.76836" lon="4.60184">
        <ele>40</ele>
      </trkpt>
      <trkpt lat="50.76845" lon="4.60208">
        <ele>40</ele>
      </trkpt>
      <trkpt lat="50.76855" lon="4.60227">
        <ele>42</ele>
      </trkpt>
      <trkpt lat="50.76878" lon="4.60258">
        <ele>40</ele>
      </trkpt>
      <trkpt lat="50.76901" lon="4.60283">
        <ele>40</ele>
      </trkpt>
      <trkpt lat="50.76918" lon="4.60298">
        <ele>40</ele>
      </trkpt>
      <trkpt lat="50.76933" lon="4.60317">
        <ele>42</ele>
      </trkpt>
      <trkpt lat="50.76955" lon="4.60355">
        <ele>41</ele>
      </trkpt>
      <trkpt lat="50.76968" lon="4.6037">
        <ele>40</ele>
      </trkpt>
      <trkpt lat="50.76991" lon="4.60394">
        <ele>41</ele>
      </trkpt>
      <trkpt lat="50.77005" lon="4.60409">
        <ele>41</ele>
      </trkpt>
      <trkpt lat="50.77028" lon="4.60441">
        <ele>41</ele>
      </trkpt>
      <trkpt lat="50.77041" lon="4.60464">
        <ele>41</ele>
      </trkpt>
      <trkpt lat="50.77091" lon="4.60578">
        <ele>39</ele>
      </trkpt>
      <trkpt lat="50.77101" lon="4.60605">
        <ele>41</ele>
      </trkpt>
      <trkpt lat="50.77129" lon="4.60692">
        <ele>40</ele>
      </trkpt>
      <trkpt lat="50.77138" lon="4.60714">
        <ele>40</ele>
      </trkpt>
      <trkpt lat="50.77148" lon="4.60735">
        <ele>40</ele>
      </trkpt>
      <trkpt lat="50.77201" lon="4.60824">
        <ele>41</ele>
      </trkpt>
      <trkpt lat="50.77248" lon="4.60919">
        <ele>39</ele>
      </trkpt>
      <trkpt lat="50.77268" lon="4.60951">
        <ele>39</ele>
      </trkpt>
      <trkpt lat="50.77351" lon="4.61041">
        <ele>39</ele>
      </trkpt>
      <trkpt lat="50.77363" lon="4.6105">
        <ele>39</ele>
      </trkpt>
      <trkpt lat="50.77396" lon="4.6106">
        <ele>40</ele>
      </trkpt>
      <trkpt lat="50.77418" lon="4.61073">
        <ele>40</ele>
      </trkpt>
      <trkpt lat="50.7743" lon="4.61085">
        <ele>41</ele>
      </trkpt>
      <trkpt lat="50.77438" lon="4.61098">
        <ele>41</ele>
      </trkpt>
      <trkpt lat="50.775" lon="4.61239">
        <ele>40</ele>
      </trkpt>
      <trkpt lat="50.77513" lon="4.61262">
        <ele>39</ele>
      </trkpt>
      <trkpt lat="50.77534" lon="4.61289">
        <ele>39</ele>
      </trkpt>
      <trkpt lat="50.77593" lon="4.61348">
        <ele>38</ele>
      </trkpt>
      <trkpt lat="50.77628" lon="4.61377">
        <ele>38</ele>
      </trkpt>
      <trkpt lat="50.7767" lon="4.61405">
        <ele>38</ele>
      </trkpt>
      <trkpt lat="50.77689" lon="4.61426">
        <ele>38</ele>
      </trkpt>
      <trkpt lat="50.77738" lon="4.61491">
        <ele>37</ele>
      </trkpt>
      <trkpt lat="50.77759" lon="4.61504">
        <ele>36</ele>
      </trkpt>
      <trkpt lat="50.77775" lon="4.61505">
        <ele>39</ele>
      </trkpt>
      <trkpt lat="50.77814" lon="4.61496">
        <ele>39</ele>
      </trkpt>
      <trkpt lat="50.77851" lon="4.61531">
        <ele>43</ele>
      </trkpt>
      <trkpt lat="50.77954" lon="4.61704">
        <ele>42</ele>
      </trkpt>
      <trkpt lat="50.78032" lon="4.61815">
        <ele>40</ele>
      </trkpt>
      <trkpt lat="50.78135" lon="4.61919">
        <ele>35</ele>
      </trkpt>
      <trkpt lat="50.78163" lon="4.61959">
        <ele>35</ele>
      </trkpt>
      <trkpt lat="50.78261" lon="4.6207">
        <ele>36</ele>
      </trkpt>
      <trkpt lat="50.78276" lon="4.62082">
        <ele>36</ele>
      </trkpt>
      <trkpt lat="50.78311" lon="4.62103">
        <ele>36</ele>
      </trkpt>
      <trkpt lat="50.78337" lon="4.62124">
        <ele>36</ele>
      </trkpt>
      <trkpt lat="50.78384" lon="4.6217">
        <ele>35</ele>
      </trkpt>
      <trkpt lat="50.78465" lon="4.6224">
        <ele>36</ele>
      </trkpt>
      <trkpt lat="50.78494" lon="4.62253">
        <ele>35</ele>
      </trkpt>
      <trkpt lat="50.78557" lon="4.62276">
        <ele>35</ele>
      </trkpt>
      <trkpt lat="50.78585" lon="4.6229">
        <ele>36</ele>
      </trkpt>
      <trkpt lat="50.78642" lon="4.62324">
        <ele>36</ele>
      </trkpt>
      <trkpt lat="50.78658" lon="4.62335">
        <ele>35</ele>
      </trkpt>
      <trkpt lat="50.78722" lon="4.62389">
        <ele>35</ele>
      </trkpt>
      <trkpt lat="50.78753" lon="4.62405">
        <ele>35</ele>
      </trkpt>
      <trkpt lat="50.78766" lon="4.62402">
        <ele>36</ele>
      </trkpt>
      <trkpt lat="50.78768" lon="4.62413">
        <ele>34</ele>
      </trkpt>
      <trkpt lat="50.78772" lon="4.62424">
        <ele>34</ele>
      </trkpt>
      <trkpt lat="50.78815" lon="4.62471">
        <ele>34</ele>
      </trkpt>
      <trkpt lat="50.78832" lon="4.62479">
        <ele>34</ele>
      </trkpt>
      <trkpt lat="50.78865" lon="4.62483">
        <ele>36</ele>
      </trkpt>
      <trkpt lat="50.78896" lon="4.62494">
        <ele>35</ele>
      </trkpt>
      <trkpt lat="50.78915" lon="4.62506">
        <ele>35</ele>
      </trkpt>
      <trkpt lat="50.78966" lon="4.62549">
        <ele>36</ele>
      </trkpt>
      <trkpt lat="50.78995" lon="4.62564">
        <ele>36</ele>
      </trkpt>
      <trkpt lat="50.79528" lon="4.6261">
        <ele>35</ele>
      </trkpt>
      <trkpt lat="50.79546" lon="4.62613">
        <ele>35</ele>
      </trkpt>
      <trkpt lat="50.79597" lon="4.62632">
        <ele>37</ele>
      </trkpt>
      <trkpt lat="50.79658" lon="4.62668">
        <ele>35</ele>
      </trkpt>
      <trkpt lat="50.79877" lon="4.62853">
        <ele>35</ele>
      </trkpt>
      <trkpt lat="50.79973" lon="4.62904">
        <ele>36</ele>
      </trkpt>
      <trkpt lat="50.80103" lon="4.62968">
        <ele>35</ele>
      </trkpt>
      <trkpt lat="50.8013" lon="4.62977">
        <ele>35</ele>
      </trkpt>
      <trkpt lat="50.80146" lon="4.62978">
        <ele>35</ele>
      </trkpt>
      <trkpt lat="50.80157" lon="4.62978">
        <ele>35</ele>
      </trkpt>
      <trkpt lat="50.80173" lon="4.62973">
        <ele>35</ele>
      </trkpt>
      <trkpt lat="50.8019" lon="4.62965">
        <ele>34</ele>
      </trkpt>
      <trkpt lat="50.80308" lon="4.62874">
        <ele>37</ele>
      </trkpt>
      <trkpt lat="50.80329" lon="4.62864">
        <ele>38</ele>
      </trkpt>
      <trkpt lat="50.80384" lon="4.62849">
        <ele>38</ele>
      </trkpt>
      <trkpt lat="50.80407" lon="4.62849">
        <ele>38</ele>
      </trkpt>
      <trkpt lat="50.80503" lon="4.62878">
        <ele>39</ele>
      </trkpt>
      <trkpt lat="50.80525" lon="4.62879">
        <ele>40</ele>
      </trkpt>
      <trkpt lat="50.80535" lon="4.62877">
        <ele>40</ele>
      </trkpt>
      <trkpt lat="50.80586" lon="4.62857">
        <ele>41</ele>
      </trkpt>
      <trkpt lat="50.80605" lon="4.62852">
        <ele>42</ele>
      </trkpt>
      <trkpt lat="50.80622" lon="4.62853">
        <ele>42</ele>
      </trkpt>
      <trkpt lat="50.80812" lon="4.62898">
        <ele>46</ele>
      </trkpt>
      <trkpt lat="50.80891" lon="4.62936">
        <ele>43</ele>
      </trkpt>
      <trkpt lat="50.80901" lon="4.62938">
        <ele>43</ele>
      </trkpt>
      <trkpt lat="50.80923" lon="4.62935">
        <ele>43</ele>
      </trkpt>
      <trkpt lat="50.80936" lon="4.62928">
        <ele>43</ele>
      </trkpt>
      <trkpt lat="50.80949" lon="4.62918">
        <ele>43</ele>
      </trkpt>
      <trkpt lat="50.81078" lon="4.62749">
        <ele>49</ele>
      </trkpt>
      <trkpt lat="50.81099" lon="4.62733">
        <ele>47</ele>
      </trkpt>
      <trkpt lat="50.81112" lon="4.62728">
        <ele>46</ele>
      </trkpt>
      <trkpt lat="50.81136" lon="4.62726">
        <ele>46</ele>
      </trkpt>
      <trkpt lat="50.81184" lon="4.62732">
        <ele>40</ele>
      </trkpt>
      <trkpt lat="50.81204" lon="4.62725">
        <ele>39</ele>
      </trkpt>
      <trkpt lat="50.81265" lon="4.62675">
        <ele>35</ele>
      </trkpt>
      <trkpt lat="50.81432" lon="4.62529">
        <ele>32</ele>
      </trkpt>
      <trkpt lat="50.81483" lon="4.62479">
        <ele>32</ele>
      </trkpt>
      <trkpt lat="50.8153" lon="4.62431">
        <ele>36</ele>
      </trkpt>
      <trkpt lat="50.81559" lon="4.62405">
        <ele>38</ele>
      </trkpt>
      <trkpt lat="50.81568" lon="4.62403">
        <ele>38</ele>
      </trkpt>
      <trkpt lat="50.8158" lon="4.6242">
        <ele>37</ele>
      </trkpt>
      <trkpt lat="50.81593" lon="4.62445">
        <ele>38</ele>
      </trkpt>
      <trkpt lat="50.81623" lon="4.62514">
        <ele>42</ele>
      </trkpt>
      <trkpt lat="50.81637" lon="4.62533">
        <ele>42</ele>
      </trkpt>
      <trkpt lat="50.81676" lon="4.62568">
        <ele>43</ele>
      </trkpt>
      <trkpt lat="50.81694" lon="4.62587">
        <ele>48</ele>
      </trkpt>
      <trkpt lat="50.81717" lon="4.62626">
        <ele>48</ele>
      </trkpt>
      <trkpt lat="50.81722" lon="4.62629">
        <ele>49</ele>
      </trkpt>
      <trkpt lat="50.81731" lon="4.62625">
        <ele>49</ele>
      </trkpt>
      <trkpt lat="50.81737" lon="4.62618">
        <ele>49</ele>
      </trkpt>
      <trkpt lat="50.81743" lon="4.62606">
        <ele>49</ele>
      </trkpt>
      <trkpt lat="50.81747" lon="4.62576">
        <ele>50</ele>
      </trkpt>
      <trkpt lat="50.81745" lon="4.62546">
        <ele>50</ele>
      </trkpt>
      <trkpt lat="50.81747" lon="4.62537">
        <ele>50</ele>
      </trkpt>
      <trkpt lat="50.8175" lon="4.62533">
        <ele>51</ele>
      </trkpt>
      <trkpt lat="50.81733" lon="4.62484">
        <ele>51</ele>
      </trkpt>
      <trkpt lat="50.81733" lon="4.62473">
        <ele>51</ele>
      </trkpt>
      <trkpt lat="50.81747" lon="4.62422">
        <ele>52</ele>
      </trkpt>
      <trkpt lat="50.81751" lon="4.62397">
        <ele>53</ele>
      </trkpt>
      <trkpt lat="50.81749" lon="4.6237">
        <ele>53</ele>
      </trkpt>
      <trkpt lat="50.81742" lon="4.62348">
        <ele>53</ele>
      </trkpt>
      <trkpt lat="50.81725" lon="4.62299">
        <ele>54</ele>
      </trkpt>
      <trkpt lat="50.81722" lon="4.62268">
        <ele>54</ele>
      </trkpt>
      <trkpt lat="50.81719" lon="4.62196">
        <ele>55</ele>
      </trkpt>
      <trkpt lat="50.81727" lon="4.62192">
        <ele>55</ele>
      </trkpt>
      <trkpt lat="50.8174" lon="4.62175">
        <ele>56</ele>
      </trkpt>
      <trkpt lat="50.81845" lon="4.62031">
        <ele>67</ele>
      </trkpt>
      <trkpt lat="50.81858" lon="4.62008">
        <ele>71</ele>
      </trkpt>
      <trkpt lat="50.8188" lon="4.61953">
        <ele>73</ele>
      </trkpt>
      <trkpt lat="50.81926" lon="4.61848">
        <ele>75</ele>
      </trkpt>
      <trkpt lat="50.81951" lon="4.61808">
        <ele>79</ele>
      </trkpt>
      <trkpt lat="50.82165" lon="4.61497">
        <ele>80</ele>
      </trkpt>
      <trkpt lat="50.82239" lon="4.61404">
        <ele>82</ele>
      </trkpt>
      <trkpt lat="50.82681" lon="4.60888">
        <ele>86</ele>
      </trkpt>
      <trkpt lat="50.82948" lon="4.60524">
        <ele>87</ele>
      </trkpt>
      <trkpt lat="50.82973" lon="4.60495">
        <ele>86</ele>
      </trkpt>
      <trkpt lat="50.82993" lon="4.60476">
        <ele>85</ele>
      </trkpt>
      <trkpt lat="50.83356" lon="4.60171">
        <ele>92</ele>
      </trkpt>
      <trkpt lat="50.83384" lon="4.60138">
        <ele>91</ele>
      </trkpt>
      <trkpt lat="50.83419" lon="4.60083">
        <ele>91</ele>
      </trkpt>
      <trkpt lat="50.83431" lon="4.60066">
        <ele>91</ele>
      </trkpt>
      <trkpt lat="50.8346" lon="4.60041">
        <ele>91</ele>
      </trkpt>
      <trkpt lat="50.83673" lon="4.59877">
        <ele>90</ele>
      </trkpt>
      <trkpt lat="50.83695" lon="4.59858">
        <ele>90</ele>
      </trkpt>
      <trkpt lat="50.83726" lon="4.59826">
        <ele>90</ele>
      </trkpt>
      <trkpt lat="50.84092" lon="4.59394">
        <ele>81</ele>
      </trkpt>
      <trkpt lat="50.84114" lon="4.59374">
        <ele>81</ele>
      </trkpt>
      <trkpt lat="50.84139" lon="4.59358">
        <ele>80</ele>
      </trkpt>
      <trkpt lat="50.84175" lon="4.59358">
        <ele>80</ele>
      </trkpt>
      <trkpt lat="50.84193" lon="4.59363">
        <ele>79</ele>
      </trkpt>
      <trkpt lat="50.84257" lon="4.59402">
        <ele>76</ele>
      </trkpt>
      <trkpt lat="50.8431" lon="4.59415">
        <ele>73</ele>
      </trkpt>
      <trkpt lat="50.84378" lon="4.59427">
        <ele>69</ele>
      </trkpt>
      <trkpt lat="50.84406" lon="4.5943">
        <ele>68</ele>
      </trkpt>
      <trkpt lat="50.84434" lon="4.59428">
        <ele>67</ele>
      </trkpt>
      <trkpt lat="50.84454" lon="4.59419">
        <ele>66</ele>
      </trkpt>
      <trkpt lat="50.84484" lon="4.59401">
        <ele>65</ele>
      </trkpt>
      <trkpt lat="50.8465" lon="4.5926">
        <ele>57</ele>
      </trkpt>
      <trkpt lat="50.8477" lon="4.59147">
        <ele>51</ele>
      </trkpt>
      <trkpt lat="50.84767" lon="4.59141">
        <ele>51</ele>
      </trkpt>
      <trkpt lat="50.8475" lon="4.591">
        <ele>51</ele>
      </trkpt>
      <trkpt lat="50.84729" lon="4.59044">
        <ele>51</ele>
      </trkpt>
      <trkpt lat="50.84724" lon="4.59026">
        <ele>51</ele>
      </trkpt>
      <trkpt lat="50.84708" lon="4.58922">
        <ele>49</ele>
      </trkpt>
      <trkpt lat="50.847" lon="4.58889">
        <ele>48</ele>
      </trkpt>
      <trkpt lat="50.84687" lon="4.58859">
        <ele>48</ele>
      </trkpt>
      <trkpt lat="50.84635" lon="4.5878">
        <ele>49</ele>
      </trkpt>
      <trkpt lat="50.84598" lon="4.58717">
        <ele>50</ele>
      </trkpt>
      <trkpt lat="50.84617" lon="4.58703">
        <ele>49</ele>
      </trkpt>
      <trkpt lat="50.8465" lon="4.58674">
        <ele>48</ele>
      </trkpt>
      <trkpt lat="50.84775" lon="4.58505">
        <ele>46</ele>
      </trkpt>
      <trkpt lat="50.8491" lon="4.5831">
        <ele>52</ele>
      </trkpt>
      <trkpt lat="50.85084" lon="4.58084">
        <ele>66</ele>
      </trkpt>
      <trkpt lat="50.85101" lon="4.58057">
        <ele>67</ele>
      </trkpt>
      <trkpt lat="50.85131" lon="4.57948">
        <ele>72</ele>
      </trkpt>
      <trkpt lat="50.85166" lon="4.57915">
        <ele>74</ele>
      </trkpt>
      <trkpt lat="50.85155" lon="4.57884">
        <ele>74</ele>
      </trkpt>
      <trkpt lat="50.85198" lon="4.57746">
        <ele>72</ele>
      </trkpt>
      <trkpt lat="50.85219" lon="4.57661">
        <ele>71</ele>
      </trkpt>
      <trkpt lat="50.85232" lon="4.57569">
        <ele>71</ele>
      </trkpt>
      <trkpt lat="50.85239" lon="4.57491">
        <ele>70</ele>
      </trkpt>
      <trkpt lat="50.85239" lon="4.57434">
        <ele>69</ele>
      </trkpt>
      <trkpt lat="50.8523" lon="4.57179">
        <ele>61</ele>
      </trkpt>
      <trkpt lat="50.85242" lon="4.57176">
        <ele>61</ele>
      </trkpt>
      <trkpt lat="50.85462" lon="4.56947">
        <ele>58</ele>
      </trkpt>
      <trkpt lat="50.85504" lon="4.56891">
        <ele>59</ele>
      </trkpt>
      <trkpt lat="50.85588" lon="4.56709">
        <ele>59</ele>
      </trkpt>
      <trkpt lat="50.85633" lon="4.56549">
        <ele>63</ele>
      </trkpt>
      <trkpt lat="50.8565" lon="4.56481">
        <ele>66</ele>
      </trkpt>
      <trkpt lat="50.85669" lon="4.5637">
        <ele>71</ele>
      </trkpt>
      <trkpt lat="50.85679" lon="4.56338">
        <ele>72</ele>
      </trkpt>
      <trkpt lat="50.85688" lon="4.5632">
        <ele>73</ele>
      </trkpt>
      <trkpt lat="50.85744" lon="4.56247">
        <ele>80</ele>
      </trkpt>
      <trkpt lat="50.85762" lon="4.56223">
        <ele>82</ele>
      </trkpt>
      <trkpt lat="50.85778" lon="4.56185">
        <ele>84</ele>
      </trkpt>
      <trkpt lat="50.85789" lon="4.56152">
        <ele>86</ele>
      </trkpt>
      <trkpt lat="50.85793" lon="4.56131">
        <ele>87</ele>
      </trkpt>
      <trkpt lat="50.85785" lon="4.56027">
        <ele>91</ele>
      </trkpt>
      <trkpt lat="50.8578" lon="4.55938">
        <ele>93</ele>
      </trkpt>
      <trkpt lat="50.8575" lon="4.55794">
        <ele>92</ele>
      </trkpt>
      <trkpt lat="50.85693" lon="4.55631">
        <ele>91</ele>
      </trkpt>
      <trkpt lat="50.85672" lon="4.5555">
        <ele>92</ele>
      </trkpt>
      <trkpt lat="50.85628" lon="4.55328">
        <ele>96</ele>
      </trkpt>
      <trkpt lat="50.85618" lon="4.55296">
        <ele>96</ele>
      </trkpt>
      <trkpt lat="50.85593" lon="4.55238">
        <ele>94</ele>
      </trkpt>
      <trkpt lat="50.85589" lon="4.55223">
        <ele>94</ele>
      </trkpt>
      <trkpt lat="50.85661" lon="4.55222">
        <ele>97</ele>
      </trkpt>
      <trkpt lat="50.85733" lon="4.55221">
        <ele>99</ele>
      </trkpt>
      <trkpt lat="50.85765" lon="4.55227">
        <ele>99</ele>
      </trkpt>
      <trkpt lat="50.8578" lon="4.55233">
        <ele>99</ele>
      </trkpt>
      <trkpt lat="50.85811" lon="4.55256">
        <ele>99</ele>
      </trkpt>
      <trkpt lat="50.85832" lon="4.5528">
        <ele>99</ele>
      </trkpt>
      <trkpt lat="50.85924" lon="4.55405">
        <ele>99</ele>
      </trkpt>
      <trkpt lat="50.85952" lon="4.55451">
        <ele>98</ele>
      </trkpt>
      <trkpt lat="50.86043" lon="4.55629">
        <ele>97</ele>
      </trkpt>
      <trkpt lat="50.86066" lon="4.55665">
        <ele>97</ele>
      </trkpt>
      <trkpt lat="50.86076" lon="4.55677">
        <ele>97</ele>
      </trkpt>
      <trkpt lat="50.86087" lon="4.55684">
        <ele>97</ele>
      </trkpt>
      <trkpt lat="50.86105" lon="4.5569">
        <ele>97</ele>
      </trkpt>
      <trkpt lat="50.86323" lon="4.55715">
        <ele>93</ele>
      </trkpt>
      <trkpt lat="50.86341" lon="4.55723">
        <ele>92</ele>
      </trkpt>
      <trkpt lat="50.86369" lon="4.55744">
        <ele>91</ele>
      </trkpt>
      <trkpt lat="50.86544" lon="4.5591">
        <ele>79</ele>
      </trkpt>
      <trkpt lat="50.8657" lon="4.55939">
        <ele>77</ele>
      </trkpt>
      <trkpt lat="50.86631" lon="4.56017">
        <ele>72</ele>
      </trkpt>
      <trkpt lat="50.86653" lon="4.5604">
        <ele>71</ele>
      </trkpt>
      <trkpt lat="50.86896" lon="4.5624">
        <ele>64</ele>
      </trkpt>
      <trkpt lat="50.86932" lon="4.56278">
        <ele>64</ele>
      </trkpt>
      <trkpt lat="50.87054" lon="4.56424">
        <ele>64</ele>
      </trkpt>
      <trkpt lat="50.87067" lon="4.56437">
        <ele>64</ele>
      </trkpt>
      <trkpt lat="50.871" lon="4.56461">
        <ele>64</ele>
      </trkpt>
      <trkpt lat="50.87118" lon="4.56472">
        <ele>65</ele>
      </trkpt>
      <trkpt lat="50.87265" lon="4.56538">
        <ele>62</ele>
      </trkpt>
      <trkpt lat="50.87279" lon="4.56547">
        <ele>62</ele>
      </trkpt>
      <trkpt lat="50.87288" lon="4.56564">
        <ele>62</ele>
      </trkpt>
      <trkpt lat="50.87299" lon="4.56596">
        <ele>62</ele>
      </trkpt>
      <trkpt lat="50.87317" lon="4.56718">
        <ele>60</ele>
      </trkpt>
      <trkpt lat="50.87327" lon="4.56763">
        <ele>60</ele>
      </trkpt>
      <trkpt lat="50.87336" lon="4.56785">
        <ele>59</ele>
      </trkpt>
      <trkpt lat="50.87352" lon="4.56811">
        <ele>59</ele>
      </trkpt>
      <trkpt lat="50.87369" lon="4.56827">
        <ele>58</ele>
      </trkpt>
      <trkpt lat="50.87387" lon="4.56838">
        <ele>58</ele>
      </trkpt>
      <trkpt lat="50.87461" lon="4.56871">
        <ele>59</ele>
      </trkpt>
      <trkpt lat="50.87479" lon="4.56875">
        <ele>58</ele>
      </trkpt>
      <trkpt lat="50.87511" lon="4.56867">
        <ele>58</ele>
      </trkpt>
      <trkpt lat="50.87598" lon="4.5685">
        <ele>57</ele>
      </trkpt>
      <trkpt lat="50.87662" lon="4.56822">
        <ele>56</ele>
      </trkpt>
      <trkpt lat="50.87706" lon="4.56815">
        <ele>54</ele>
      </trkpt>
      <trkpt lat="50.87719" lon="4.56816">
        <ele>54</ele>
      </trkpt>
      <trkpt lat="50.87721" lon="4.56823">
        <ele>54</ele>
      </trkpt>
      <trkpt lat="50.87721" lon="4.56826">
        <ele>54</ele>
      </trkpt>
      <trkpt lat="50.87727" lon="4.56833">
        <ele>54</ele>
      </trkpt>
      <trkpt lat="50.87735" lon="4.5683">
        <ele>54</ele>
      </trkpt>
      <trkpt lat="50.87739" lon="4.56825">
        <ele>54</ele>
      </trkpt>
      <trkpt lat="50.8774" lon="4.56818">
        <ele>53</ele>
      </trkpt>
      <trkpt lat="50.87739" lon="4.5681">
        <ele>53</ele>
      </trkpt>
      <trkpt lat="50.87734" lon="4.56801">
        <ele>53</ele>
      </trkpt>
      <trkpt lat="50.8773" lon="4.568">
        <ele>54</ele>
      </trkpt>
      <trkpt lat="50.87725" lon="4.56802">
        <ele>54</ele>
      </trkpt>
      <trkpt lat="50.87692" lon="4.56576">
        <ele>49</ele>
      </trkpt>
      <trkpt lat="50.87669" lon="4.56386">
        <ele>48</ele>
      </trkpt>
      <trkpt lat="50.8766" lon="4.56306">
        <ele>47</ele>
      </trkpt>
      <trkpt lat="50.87655" lon="4.56247">
        <ele>47</ele>
      </trkpt>
      <trkpt lat="50.87639" lon="4.5585">
        <ele>48</ele>
      </trkpt>
      <trkpt lat="50.87636" lon="4.55817">
        <ele>49</ele>
      </trkpt>
      <trkpt lat="50.8763" lon="4.55789">
        <ele>49</ele>
      </trkpt>
      <trkpt lat="50.87604" lon="4.55694">
        <ele>49</ele>
      </trkpt>
      <trkpt lat="50.87602" lon="4.55667">
        <ele>49</ele>
      </trkpt>
      <trkpt lat="50.87606" lon="4.55634">
        <ele>48</ele>
      </trkpt>
      <trkpt lat="50.876" lon="4.55513">
        <ele>49</ele>
      </trkpt>
      <trkpt lat="50.87603" lon="4.5548">
        <ele>49</ele>
      </trkpt>
      <trkpt lat="50.87612" lon="4.55448">
        <ele>49</ele>
      </trkpt>
      <trkpt lat="50.87629" lon="4.55405">
        <ele>49</ele>
      </trkpt>
      <trkpt lat="50.87641" lon="4.55417">
        <ele>49</ele>
      </trkpt>
      <trkpt lat="50.87703" lon="4.5544">
        <ele>48</ele>
      </trkpt>
      <trkpt lat="50.87735" lon="4.55443">
        <ele>48</ele>
      </trkpt>
      <trkpt lat="50.87763" lon="4.55446">
        <ele>47</ele>
      </trkpt>
      <trkpt lat="50.87836" lon="4.55445">
        <ele>47</ele>
      </trkpt>
      <trkpt lat="50.87925" lon="4.55463">
        <ele>48</ele>
      </trkpt>
      <trkpt lat="50.8788" lon="4.55086">
        <ele>48</ele>
      </trkpt>
    </trkseg>
  </trk>
</gpx>
