<?xml version="1.0" encoding="UTF-8"?>
<gpx xmlns="http://www.topografix.com/GPX/1/1" creator="RouteYou" version="1.1" xmlns:xsi="http://www.w3.org/2001/XMLSchema-instance" xsi:schemaLocation="http://www.topografix.com/GPX/1/1 http://www.topografix.com/GPX/1/1/gpx.xsd">
  <trk>
    <name>Boutersem 2025</name>
    <desc></desc>
    <trkseg>
      <trkpt lat="50.87884" lon="4.55122">
        <ele>54</ele>
      </trkpt>
      <trkpt lat="50.87885" lon="4.55141">
        <ele>54</ele>
      </trkpt>
      <trkpt lat="50.8789" lon="4.55176">
        <ele>52</ele>
      </trkpt>
      <trkpt lat="50.87925" lon="4.5547">
        <ele>51</ele>
      </trkpt>
      <trkpt lat="50.87932" lon="4.55515">
        <ele>54</ele>
      </trkpt>
      <trkpt lat="50.87935" lon="4.5553">
        <ele>54</ele>
      </trkpt>
      <trkpt lat="50.87985" lon="4.55718">
        <ele>55</ele>
      </trkpt>
      <trkpt lat="50.87999" lon="4.55797">
        <ele>56</ele>
      </trkpt>
      <trkpt lat="50.88007" lon="4.55843">
        <ele>57</ele>
      </trkpt>
      <trkpt lat="50.88022" lon="4.55936">
        <ele>59</ele>
      </trkpt>
      <trkpt lat="50.88033" lon="4.56001">
        <ele>59</ele>
      </trkpt>
      <trkpt lat="50.8804" lon="4.56043">
        <ele>59</ele>
      </trkpt>
      <trkpt lat="50.88046" lon="4.56079">
        <ele>59</ele>
      </trkpt>
      <trkpt lat="50.88051" lon="4.56136">
        <ele>59</ele>
      </trkpt>
      <trkpt lat="50.88049" lon="4.56164">
        <ele>59</ele>
      </trkpt>
      <trkpt lat="50.88047" lon="4.56195">
        <ele>59</ele>
      </trkpt>
      <trkpt lat="50.88041" lon="4.56229">
        <ele>59</ele>
      </trkpt>
      <trkpt lat="50.88027" lon="4.56305">
        <ele>58</ele>
      </trkpt>
      <trkpt lat="50.88007" lon="4.56407">
        <ele>51</ele>
      </trkpt>
      <trkpt lat="50.88004" lon="4.56436">
        <ele>49</ele>
      </trkpt>
      <trkpt lat="50.88008" lon="4.56598">
        <ele>46</ele>
      </trkpt>
      <trkpt lat="50.88009" lon="4.56619">
        <ele>46</ele>
      </trkpt>
      <trkpt lat="50.88003" lon="4.56625">
        <ele>46</ele>
      </trkpt>
      <trkpt lat="50.88002" lon="4.56635">
        <ele>46</ele>
      </trkpt>
      <trkpt lat="50.87993" lon="4.5664">
        <ele>46</ele>
      </trkpt>
      <trkpt lat="50.87985" lon="4.56643">
        <ele>46</ele>
      </trkpt>
      <trkpt lat="50.87927" lon="4.56676">
        <ele>46</ele>
      </trkpt>
      <trkpt lat="50.87885" lon="4.567">
        <ele>46</ele>
      </trkpt>
      <trkpt lat="50.87838" lon="4.5674">
        <ele>49</ele>
      </trkpt>
      <trkpt lat="50.87783" lon="4.56786">
        <ele>50</ele>
      </trkpt>
      <trkpt lat="50.87766" lon="4.56795">
        <ele>51</ele>
      </trkpt>
      <trkpt lat="50.87749" lon="4.56804">
        <ele>53</ele>
      </trkpt>
      <trkpt lat="50.87739" lon="4.5681">
        <ele>53</ele>
      </trkpt>
      <trkpt lat="50.87739" lon="4.56818">
        <ele>53</ele>
      </trkpt>
      <trkpt lat="50.87738" lon="4.56825">
        <ele>53</ele>
      </trkpt>
      <trkpt lat="50.8773" lon="4.56832">
        <ele>54</ele>
      </trkpt>
      <trkpt lat="50.87732" lon="4.56849">
        <ele>54</ele>
      </trkpt>
      <trkpt lat="50.87735" lon="4.5686">
        <ele>54</ele>
      </trkpt>
      <trkpt lat="50.87737" lon="4.56869">
        <ele>54</ele>
      </trkpt>
      <trkpt lat="50.87746" lon="4.56894">
        <ele>54</ele>
      </trkpt>
      <trkpt lat="50.87755" lon="4.56911">
        <ele>54</ele>
      </trkpt>
      <trkpt lat="50.87763" lon="4.56922">
        <ele>54</ele>
      </trkpt>
      <trkpt lat="50.87771" lon="4.56934">
        <ele>52</ele>
      </trkpt>
      <trkpt lat="50.87778" lon="4.5695">
        <ele>52</ele>
      </trkpt>
      <trkpt lat="50.87797" lon="4.56991">
        <ele>51</ele>
      </trkpt>
      <trkpt lat="50.8781" lon="4.57022">
        <ele>52</ele>
      </trkpt>
      <trkpt lat="50.8782" lon="4.57057">
        <ele>52</ele>
      </trkpt>
      <trkpt lat="50.87829" lon="4.57073">
        <ele>51</ele>
      </trkpt>
      <trkpt lat="50.87836" lon="4.57078">
        <ele>51</ele>
      </trkpt>
      <trkpt lat="50.87842" lon="4.57083">
        <ele>51</ele>
      </trkpt>
      <trkpt lat="50.87854" lon="4.57092">
        <ele>49</ele>
      </trkpt>
      <trkpt lat="50.87865" lon="4.57101">
        <ele>49</ele>
      </trkpt>
      <trkpt lat="50.87882" lon="4.5712">
        <ele>48</ele>
      </trkpt>
      <trkpt lat="50.87893" lon="4.57141">
        <ele>48</ele>
      </trkpt>
      <trkpt lat="50.87903" lon="4.57162">
        <ele>48</ele>
      </trkpt>
      <trkpt lat="50.87894" lon="4.57169">
        <ele>48</ele>
      </trkpt>
      <trkpt lat="50.87884" lon="4.57179">
        <ele>48</ele>
      </trkpt>
      <trkpt lat="50.87866" lon="4.57197">
        <ele>48</ele>
      </trkpt>
      <trkpt lat="50.87851" lon="4.57215">
        <ele>48</ele>
      </trkpt>
      <trkpt lat="50.87818" lon="4.57253">
        <ele>49</ele>
      </trkpt>
      <trkpt lat="50.87806" lon="4.57267">
        <ele>49</ele>
      </trkpt>
      <trkpt lat="50.878" lon="4.5727">
        <ele>49</ele>
      </trkpt>
      <trkpt lat="50.87747" lon="4.57321">
        <ele>50</ele>
      </trkpt>
      <trkpt lat="50.87686" lon="4.57389">
        <ele>48</ele>
      </trkpt>
      <trkpt lat="50.87669" lon="4.57407">
        <ele>48</ele>
      </trkpt>
      <trkpt lat="50.87611" lon="4.57465">
        <ele>47</ele>
      </trkpt>
      <trkpt lat="50.87505" lon="4.57574">
        <ele>48</ele>
      </trkpt>
      <trkpt lat="50.87549" lon="4.57643">
        <ele>47</ele>
      </trkpt>
      <trkpt lat="50.87553" lon="4.5765">
        <ele>46</ele>
      </trkpt>
      <trkpt lat="50.87555" lon="4.57663">
        <ele>46</ele>
      </trkpt>
      <trkpt lat="50.87556" lon="4.57676">
        <ele>46</ele>
      </trkpt>
      <trkpt lat="50.87554" lon="4.57694">
        <ele>45</ele>
      </trkpt>
      <trkpt lat="50.87551" lon="4.5771">
        <ele>46</ele>
      </trkpt>
      <trkpt lat="50.87544" lon="4.57728">
        <ele>46</ele>
      </trkpt>
      <trkpt lat="50.87528" lon="4.57751">
        <ele>46</ele>
      </trkpt>
      <trkpt lat="50.87512" lon="4.57764">
        <ele>48</ele>
      </trkpt>
      <trkpt lat="50.87489" lon="4.57781">
        <ele>48</ele>
      </trkpt>
      <trkpt lat="50.87467" lon="4.57794">
        <ele>48</ele>
      </trkpt>
      <trkpt lat="50.87409" lon="4.57818">
        <ele>52</ele>
      </trkpt>
      <trkpt lat="50.87347" lon="4.57834">
        <ele>57</ele>
      </trkpt>
      <trkpt lat="50.8729" lon="4.57858">
        <ele>58</ele>
      </trkpt>
      <trkpt lat="50.87231" lon="4.57889">
        <ele>62</ele>
      </trkpt>
      <trkpt lat="50.87186" lon="4.57905">
        <ele>63</ele>
      </trkpt>
      <trkpt lat="50.87082" lon="4.57926">
        <ele>69</ele>
      </trkpt>
      <trkpt lat="50.87018" lon="4.57931">
        <ele>71</ele>
      </trkpt>
      <trkpt lat="50.87006" lon="4.57934">
        <ele>76</ele>
      </trkpt>
      <trkpt lat="50.86971" lon="4.57943">
        <ele>77</ele>
      </trkpt>
      <trkpt lat="50.86941" lon="4.57952">
        <ele>78</ele>
      </trkpt>
      <trkpt lat="50.8692" lon="4.57959">
        <ele>81</ele>
      </trkpt>
      <trkpt lat="50.86871" lon="4.57973">
        <ele>81</ele>
      </trkpt>
      <trkpt lat="50.86824" lon="4.57995">
        <ele>84</ele>
      </trkpt>
      <trkpt lat="50.86802" lon="4.58008">
        <ele>84</ele>
      </trkpt>
      <trkpt lat="50.86766" lon="4.58052">
        <ele>85</ele>
      </trkpt>
      <trkpt lat="50.86722" lon="4.58122">
        <ele>90</ele>
      </trkpt>
      <trkpt lat="50.86697" lon="4.58149">
        <ele>89</ele>
      </trkpt>
      <trkpt lat="50.86674" lon="4.58161">
        <ele>89</ele>
      </trkpt>
      <trkpt lat="50.86655" lon="4.58164">
        <ele>89</ele>
      </trkpt>
      <trkpt lat="50.86641" lon="4.58163">
        <ele>89</ele>
      </trkpt>
      <trkpt lat="50.8663" lon="4.5816">
        <ele>89</ele>
      </trkpt>
      <trkpt lat="50.86613" lon="4.58155">
        <ele>89</ele>
      </trkpt>
      <trkpt lat="50.8655" lon="4.58129">
        <ele>88</ele>
      </trkpt>
      <trkpt lat="50.86522" lon="4.58117">
        <ele>87</ele>
      </trkpt>
      <trkpt lat="50.86509" lon="4.58112">
        <ele>85</ele>
      </trkpt>
      <trkpt lat="50.86487" lon="4.58104">
        <ele>85</ele>
      </trkpt>
      <trkpt lat="50.86299" lon="4.58026">
        <ele>85</ele>
      </trkpt>
      <trkpt lat="50.86278" lon="4.58024">
        <ele>85</ele>
      </trkpt>
      <trkpt lat="50.86253" lon="4.58027">
        <ele>84</ele>
      </trkpt>
      <trkpt lat="50.86236" lon="4.5803">
        <ele>84</ele>
      </trkpt>
      <trkpt lat="50.86173" lon="4.58076">
        <ele>81</ele>
      </trkpt>
      <trkpt lat="50.86152" lon="4.5809">
        <ele>78</ele>
      </trkpt>
      <trkpt lat="50.86053" lon="4.58168">
        <ele>70</ele>
      </trkpt>
      <trkpt lat="50.85768" lon="4.58411">
        <ele>53</ele>
      </trkpt>
      <trkpt lat="50.85717" lon="4.58455">
        <ele>51</ele>
      </trkpt>
      <trkpt lat="50.85698" lon="4.58469">
        <ele>51</ele>
      </trkpt>
      <trkpt lat="50.85633" lon="4.58516">
        <ele>53</ele>
      </trkpt>
      <trkpt lat="50.85603" lon="4.58542">
        <ele>54</ele>
      </trkpt>
      <trkpt lat="50.85529" lon="4.58623">
        <ele>58</ele>
      </trkpt>
      <trkpt lat="50.85431" lon="4.5873">
        <ele>64</ele>
      </trkpt>
      <trkpt lat="50.8542" lon="4.58739">
        <ele>67</ele>
      </trkpt>
      <trkpt lat="50.8541" lon="4.58754">
        <ele>67</ele>
      </trkpt>
      <trkpt lat="50.85397" lon="4.58766">
        <ele>68</ele>
      </trkpt>
      <trkpt lat="50.85353" lon="4.58819">
        <ele>69</ele>
      </trkpt>
      <trkpt lat="50.85273" lon="4.58913">
        <ele>76</ele>
      </trkpt>
      <trkpt lat="50.85205" lon="4.59">
        <ele>78</ele>
      </trkpt>
      <trkpt lat="50.85189" lon="4.59027">
        <ele>77</ele>
      </trkpt>
      <trkpt lat="50.8519" lon="4.59028">
        <ele>77</ele>
      </trkpt>
      <trkpt lat="50.85089" lon="4.592">
        <ele>62</ele>
      </trkpt>
      <trkpt lat="50.8502" lon="4.59314">
        <ele>57</ele>
      </trkpt>
      <trkpt lat="50.85005" lon="4.59327">
        <ele>54</ele>
      </trkpt>
      <trkpt lat="50.8488" lon="4.59381">
        <ele>54</ele>
      </trkpt>
      <trkpt lat="50.84869" lon="4.59391">
        <ele>54</ele>
      </trkpt>
      <trkpt lat="50.8485" lon="4.59341">
        <ele>54</ele>
      </trkpt>
      <trkpt lat="50.84852" lon="4.59347">
        <ele>54</ele>
      </trkpt>
      <trkpt lat="50.84773" lon="4.59419">
        <ele>56</ele>
      </trkpt>
      <trkpt lat="50.84771" lon="4.59417">
        <ele>57</ele>
      </trkpt>
      <trkpt lat="50.84727" lon="4.59331">
        <ele>58</ele>
      </trkpt>
      <trkpt lat="50.84703" lon="4.59274">
        <ele>57</ele>
      </trkpt>
      <trkpt lat="50.84682" lon="4.59231">
        <ele>56</ele>
      </trkpt>
      <trkpt lat="50.84633" lon="4.59275">
        <ele>61</ele>
      </trkpt>
      <trkpt lat="50.84484" lon="4.59401">
        <ele>70</ele>
      </trkpt>
      <trkpt lat="50.84454" lon="4.59419">
        <ele>70</ele>
      </trkpt>
      <trkpt lat="50.84434" lon="4.59428">
        <ele>70</ele>
      </trkpt>
      <trkpt lat="50.84406" lon="4.5943">
        <ele>73</ele>
      </trkpt>
      <trkpt lat="50.84378" lon="4.59427">
        <ele>74</ele>
      </trkpt>
      <trkpt lat="50.84277" lon="4.59407">
        <ele>78</ele>
      </trkpt>
      <trkpt lat="50.84257" lon="4.59402">
        <ele>81</ele>
      </trkpt>
      <trkpt lat="50.84193" lon="4.59363">
        <ele>82</ele>
      </trkpt>
      <trkpt lat="50.84175" lon="4.59358">
        <ele>84</ele>
      </trkpt>
      <trkpt lat="50.84139" lon="4.59358">
        <ele>85</ele>
      </trkpt>
      <trkpt lat="50.84124" lon="4.59366">
        <ele>85</ele>
      </trkpt>
      <trkpt lat="50.84092" lon="4.59394">
        <ele>88</ele>
      </trkpt>
      <trkpt lat="50.83726" lon="4.59826">
        <ele>101</ele>
      </trkpt>
      <trkpt lat="50.83695" lon="4.59858">
        <ele>98</ele>
      </trkpt>
      <trkpt lat="50.83673" lon="4.59877">
        <ele>101</ele>
      </trkpt>
      <trkpt lat="50.8346" lon="4.60041">
        <ele>97</ele>
      </trkpt>
      <trkpt lat="50.83431" lon="4.60066">
        <ele>97</ele>
      </trkpt>
      <trkpt lat="50.83384" lon="4.60138">
        <ele>95</ele>
      </trkpt>
      <trkpt lat="50.83356" lon="4.60171">
        <ele>94</ele>
      </trkpt>
      <trkpt lat="50.82999" lon="4.60469">
        <ele>85</ele>
      </trkpt>
      <trkpt lat="50.82973" lon="4.60495">
        <ele>86</ele>
      </trkpt>
      <trkpt lat="50.82948" lon="4.60524">
        <ele>87</ele>
      </trkpt>
      <trkpt lat="50.82681" lon="4.60888">
        <ele>86</ele>
      </trkpt>
      <trkpt lat="50.82239" lon="4.61404">
        <ele>82</ele>
      </trkpt>
      <trkpt lat="50.82165" lon="4.61497">
        <ele>80</ele>
      </trkpt>
      <trkpt lat="50.81939" lon="4.61827">
        <ele>78</ele>
      </trkpt>
      <trkpt lat="50.81926" lon="4.61848">
        <ele>75</ele>
      </trkpt>
      <trkpt lat="50.8188" lon="4.61953">
        <ele>73</ele>
      </trkpt>
      <trkpt lat="50.81858" lon="4.62008">
        <ele>71</ele>
      </trkpt>
      <trkpt lat="50.81845" lon="4.62031">
        <ele>67</ele>
      </trkpt>
      <trkpt lat="50.81736" lon="4.62179">
        <ele>55</ele>
      </trkpt>
      <trkpt lat="50.81727" lon="4.62192">
        <ele>55</ele>
      </trkpt>
      <trkpt lat="50.81719" lon="4.62195">
        <ele>55</ele>
      </trkpt>
      <trkpt lat="50.81722" lon="4.62268">
        <ele>54</ele>
      </trkpt>
      <trkpt lat="50.81724" lon="4.62291">
        <ele>54</ele>
      </trkpt>
      <trkpt lat="50.81726" lon="4.62303">
        <ele>54</ele>
      </trkpt>
      <trkpt lat="50.81745" lon="4.62357">
        <ele>53</ele>
      </trkpt>
      <trkpt lat="50.81751" lon="4.62384">
        <ele>53</ele>
      </trkpt>
      <trkpt lat="50.8175" lon="4.62409">
        <ele>53</ele>
      </trkpt>
      <trkpt lat="50.81739" lon="4.62453">
        <ele>52</ele>
      </trkpt>
      <trkpt lat="50.81733" lon="4.62473">
        <ele>51</ele>
      </trkpt>
      <trkpt lat="50.81734" lon="4.6249">
        <ele>51</ele>
      </trkpt>
      <trkpt lat="50.8175" lon="4.62533">
        <ele>51</ele>
      </trkpt>
      <trkpt lat="50.81747" lon="4.62537">
        <ele>50</ele>
      </trkpt>
      <trkpt lat="50.81745" lon="4.62546">
        <ele>50</ele>
      </trkpt>
      <trkpt lat="50.81747" lon="4.62576">
        <ele>50</ele>
      </trkpt>
      <trkpt lat="50.81743" lon="4.62606">
        <ele>49</ele>
      </trkpt>
      <trkpt lat="50.81737" lon="4.62618">
        <ele>49</ele>
      </trkpt>
      <trkpt lat="50.81731" lon="4.62624">
        <ele>49</ele>
      </trkpt>
      <trkpt lat="50.81726" lon="4.62628">
        <ele>49</ele>
      </trkpt>
      <trkpt lat="50.81722" lon="4.62629">
        <ele>49</ele>
      </trkpt>
      <trkpt lat="50.81717" lon="4.62626">
        <ele>48</ele>
      </trkpt>
      <trkpt lat="50.81694" lon="4.62587">
        <ele>48</ele>
      </trkpt>
      <trkpt lat="50.81676" lon="4.62568">
        <ele>43</ele>
      </trkpt>
      <trkpt lat="50.81637" lon="4.62533">
        <ele>42</ele>
      </trkpt>
      <trkpt lat="50.81623" lon="4.62514">
        <ele>42</ele>
      </trkpt>
      <trkpt lat="50.81596" lon="4.62453">
        <ele>38</ele>
      </trkpt>
      <trkpt lat="50.8158" lon="4.6242">
        <ele>37</ele>
      </trkpt>
      <trkpt lat="50.81568" lon="4.62403">
        <ele>38</ele>
      </trkpt>
      <trkpt lat="50.81559" lon="4.62405">
        <ele>38</ele>
      </trkpt>
      <trkpt lat="50.81551" lon="4.62411">
        <ele>36</ele>
      </trkpt>
      <trkpt lat="50.81432" lon="4.62529">
        <ele>32</ele>
      </trkpt>
      <trkpt lat="50.81216" lon="4.62717">
        <ele>39</ele>
      </trkpt>
      <trkpt lat="50.81195" lon="4.62729">
        <ele>40</ele>
      </trkpt>
      <trkpt lat="50.81185" lon="4.62732">
        <ele>40</ele>
      </trkpt>
      <trkpt lat="50.81146" lon="4.62726">
        <ele>45</ele>
      </trkpt>
      <trkpt lat="50.81112" lon="4.62728">
        <ele>46</ele>
      </trkpt>
      <trkpt lat="50.81099" lon="4.62733">
        <ele>47</ele>
      </trkpt>
      <trkpt lat="50.81084" lon="4.62744">
        <ele>49</ele>
      </trkpt>
      <trkpt lat="50.81062" lon="4.62768">
        <ele>50</ele>
      </trkpt>
      <trkpt lat="50.80949" lon="4.62918">
        <ele>43</ele>
      </trkpt>
      <trkpt lat="50.80936" lon="4.62928">
        <ele>43</ele>
      </trkpt>
      <trkpt lat="50.80923" lon="4.62935">
        <ele>43</ele>
      </trkpt>
      <trkpt lat="50.80901" lon="4.62938">
        <ele>43</ele>
      </trkpt>
      <trkpt lat="50.80891" lon="4.62936">
        <ele>43</ele>
      </trkpt>
      <trkpt lat="50.80812" lon="4.62898">
        <ele>46</ele>
      </trkpt>
      <trkpt lat="50.80643" lon="4.62858">
        <ele>42</ele>
      </trkpt>
      <trkpt lat="50.80622" lon="4.62853">
        <ele>42</ele>
      </trkpt>
      <trkpt lat="50.80605" lon="4.62852">
        <ele>42</ele>
      </trkpt>
      <trkpt lat="50.80586" lon="4.62857">
        <ele>41</ele>
      </trkpt>
      <trkpt lat="50.80546" lon="4.62873">
        <ele>40</ele>
      </trkpt>
      <trkpt lat="50.80525" lon="4.62879">
        <ele>40</ele>
      </trkpt>
      <trkpt lat="50.80503" lon="4.62878">
        <ele>39</ele>
      </trkpt>
      <trkpt lat="50.80407" lon="4.62849">
        <ele>38</ele>
      </trkpt>
      <trkpt lat="50.80384" lon="4.62849">
        <ele>38</ele>
      </trkpt>
      <trkpt lat="50.80371" lon="4.62851">
        <ele>38</ele>
      </trkpt>
      <trkpt lat="50.80329" lon="4.62864">
        <ele>38</ele>
      </trkpt>
      <trkpt lat="50.80308" lon="4.62874">
        <ele>37</ele>
      </trkpt>
      <trkpt lat="50.8019" lon="4.62965">
        <ele>34</ele>
      </trkpt>
      <trkpt lat="50.80157" lon="4.62978">
        <ele>35</ele>
      </trkpt>
      <trkpt lat="50.8013" lon="4.62977">
        <ele>35</ele>
      </trkpt>
      <trkpt lat="50.80103" lon="4.62968">
        <ele>35</ele>
      </trkpt>
      <trkpt lat="50.79881" lon="4.62857">
        <ele>34</ele>
      </trkpt>
      <trkpt lat="50.79669" lon="4.62678">
        <ele>35</ele>
      </trkpt>
      <trkpt lat="50.79647" lon="4.6266">
        <ele>37</ele>
      </trkpt>
      <trkpt lat="50.79637" lon="4.62654">
        <ele>37</ele>
      </trkpt>
      <trkpt lat="50.79572" lon="4.62889">
        <ele>30</ele>
      </trkpt>
      <trkpt lat="50.79537" lon="4.63036">
        <ele>28</ele>
      </trkpt>
      <trkpt lat="50.79532" lon="4.63078">
        <ele>27</ele>
      </trkpt>
      <trkpt lat="50.79532" lon="4.63101">
        <ele>27</ele>
      </trkpt>
      <trkpt lat="50.79536" lon="4.63144">
        <ele>28</ele>
      </trkpt>
      <trkpt lat="50.79535" lon="4.63165">
        <ele>28</ele>
      </trkpt>
      <trkpt lat="50.79533" lon="4.63184">
        <ele>28</ele>
      </trkpt>
      <trkpt lat="50.79524" lon="4.63214">
        <ele>28</ele>
      </trkpt>
      <trkpt lat="50.79485" lon="4.63297">
        <ele>28</ele>
      </trkpt>
      <trkpt lat="50.79477" lon="4.6331">
        <ele>28</ele>
      </trkpt>
      <trkpt lat="50.79467" lon="4.6332">
        <ele>29</ele>
      </trkpt>
      <trkpt lat="50.79448" lon="4.63326">
        <ele>29</ele>
      </trkpt>
      <trkpt lat="50.79373" lon="4.63306">
        <ele>29</ele>
      </trkpt>
      <trkpt lat="50.7935" lon="4.63302">
        <ele>29</ele>
      </trkpt>
      <trkpt lat="50.79276" lon="4.63313">
        <ele>29</ele>
      </trkpt>
      <trkpt lat="50.79237" lon="4.63325">
        <ele>28</ele>
      </trkpt>
      <trkpt lat="50.79214" lon="4.63334">
        <ele>28</ele>
      </trkpt>
      <trkpt lat="50.79189" lon="4.63356">
        <ele>28</ele>
      </trkpt>
      <trkpt lat="50.7913" lon="4.63412">
        <ele>28</ele>
      </trkpt>
      <trkpt lat="50.79131" lon="4.63414">
        <ele>28</ele>
      </trkpt>
      <trkpt lat="50.79124" lon="4.63419">
        <ele>28</ele>
      </trkpt>
      <trkpt lat="50.79109" lon="4.63423">
        <ele>28</ele>
      </trkpt>
      <trkpt lat="50.78979" lon="4.63424">
        <ele>29</ele>
      </trkpt>
      <trkpt lat="50.78955" lon="4.63426">
        <ele>29</ele>
      </trkpt>
      <trkpt lat="50.78938" lon="4.63431">
        <ele>29</ele>
      </trkpt>
      <trkpt lat="50.78892" lon="4.63465">
        <ele>29</ele>
      </trkpt>
      <trkpt lat="50.78881" lon="4.63473">
        <ele>29</ele>
      </trkpt>
      <trkpt lat="50.78868" lon="4.63478">
        <ele>29</ele>
      </trkpt>
      <trkpt lat="50.78796" lon="4.63491">
        <ele>29</ele>
      </trkpt>
      <trkpt lat="50.7878" lon="4.63493">
        <ele>29</ele>
      </trkpt>
      <trkpt lat="50.78769" lon="4.63506">
        <ele>29</ele>
      </trkpt>
      <trkpt lat="50.78754" lon="4.63515">
        <ele>30</ele>
      </trkpt>
      <trkpt lat="50.78741" lon="4.63487">
        <ele>32</ele>
      </trkpt>
      <trkpt lat="50.78742" lon="4.63486">
        <ele>32</ele>
      </trkpt>
      <trkpt lat="50.78718" lon="4.6344">
        <ele>33</ele>
      </trkpt>
      <trkpt lat="50.78706" lon="4.63424">
        <ele>33</ele>
      </trkpt>
      <trkpt lat="50.78681" lon="4.63398">
        <ele>35</ele>
      </trkpt>
      <trkpt lat="50.78658" lon="4.63388">
        <ele>38</ele>
      </trkpt>
      <trkpt lat="50.7865" lon="4.63387">
        <ele>38</ele>
      </trkpt>
      <trkpt lat="50.78579" lon="4.63403">
        <ele>40</ele>
      </trkpt>
      <trkpt lat="50.78529" lon="4.63417">
        <ele>37</ele>
      </trkpt>
      <trkpt lat="50.78507" lon="4.63418">
        <ele>37</ele>
      </trkpt>
      <trkpt lat="50.78429" lon="4.63411">
        <ele>37</ele>
      </trkpt>
      <trkpt lat="50.78411" lon="4.63413">
        <ele>36</ele>
      </trkpt>
      <trkpt lat="50.78386" lon="4.63409">
        <ele>39</ele>
      </trkpt>
      <trkpt lat="50.7838" lon="4.63403">
        <ele>39</ele>
      </trkpt>
      <trkpt lat="50.78289" lon="4.63369">
        <ele>36</ele>
      </trkpt>
      <trkpt lat="50.78255" lon="4.63357">
        <ele>34</ele>
      </trkpt>
      <trkpt lat="50.78194" lon="4.63354">
        <ele>34</ele>
      </trkpt>
      <trkpt lat="50.77994" lon="4.63305">
        <ele>33</ele>
      </trkpt>
      <trkpt lat="50.7788" lon="4.63298">
        <ele>34</ele>
      </trkpt>
      <trkpt lat="50.77859" lon="4.63294">
        <ele>34</ele>
      </trkpt>
      <trkpt lat="50.77855" lon="4.63315">
        <ele>34</ele>
      </trkpt>
      <trkpt lat="50.77848" lon="4.63338">
        <ele>33</ele>
      </trkpt>
      <trkpt lat="50.7784" lon="4.63355">
        <ele>34</ele>
      </trkpt>
      <trkpt lat="50.77832" lon="4.63366">
        <ele>34</ele>
      </trkpt>
      <trkpt lat="50.77822" lon="4.63375">
        <ele>34</ele>
      </trkpt>
      <trkpt lat="50.77807" lon="4.63384">
        <ele>34</ele>
      </trkpt>
      <trkpt lat="50.77659" lon="4.63445">
        <ele>33</ele>
      </trkpt>
      <trkpt lat="50.77659" lon="4.63443">
        <ele>33</ele>
      </trkpt>
      <trkpt lat="50.77583" lon="4.63474">
        <ele>33</ele>
      </trkpt>
      <trkpt lat="50.77593" lon="4.63554">
        <ele>32</ele>
      </trkpt>
      <trkpt lat="50.77606" lon="4.63638">
        <ele>30</ele>
      </trkpt>
      <trkpt lat="50.7761" lon="4.63662">
        <ele>29</ele>
      </trkpt>
      <trkpt lat="50.7762" lon="4.63718">
        <ele>29</ele>
      </trkpt>
      <trkpt lat="50.77625" lon="4.63743">
        <ele>29</ele>
      </trkpt>
      <trkpt lat="50.77641" lon="4.63803">
        <ele>29</ele>
      </trkpt>
      <trkpt lat="50.77649" lon="4.63841">
        <ele>29</ele>
      </trkpt>
      <trkpt lat="50.77661" lon="4.63881">
        <ele>29</ele>
      </trkpt>
      <trkpt lat="50.77685" lon="4.6392">
        <ele>30</ele>
      </trkpt>
      <trkpt lat="50.7773" lon="4.63984">
        <ele>31</ele>
      </trkpt>
      <trkpt lat="50.77765" lon="4.64037">
        <ele>32</ele>
      </trkpt>
      <trkpt lat="50.77781" lon="4.64066">
        <ele>32</ele>
      </trkpt>
      <trkpt lat="50.77793" lon="4.64093">
        <ele>32</ele>
      </trkpt>
      <trkpt lat="50.77817" lon="4.64167">
        <ele>31</ele>
      </trkpt>
      <trkpt lat="50.7784" lon="4.64245">
        <ele>30</ele>
      </trkpt>
      <trkpt lat="50.77858" lon="4.64303">
        <ele>29</ele>
      </trkpt>
      <trkpt lat="50.77872" lon="4.64362">
        <ele>28</ele>
      </trkpt>
      <trkpt lat="50.77881" lon="4.64423">
        <ele>28</ele>
      </trkpt>
      <trkpt lat="50.77882" lon="4.64483">
        <ele>28</ele>
      </trkpt>
      <trkpt lat="50.77881" lon="4.64498">
        <ele>29</ele>
      </trkpt>
      <trkpt lat="50.77867" lon="4.64679">
        <ele>31</ele>
      </trkpt>
      <trkpt lat="50.77862" lon="4.6472">
        <ele>31</ele>
      </trkpt>
      <trkpt lat="50.7786" lon="4.64737">
        <ele>31</ele>
      </trkpt>
      <trkpt lat="50.77855" lon="4.64758">
        <ele>32</ele>
      </trkpt>
      <trkpt lat="50.77848" lon="4.64777">
        <ele>33</ele>
      </trkpt>
      <trkpt lat="50.7784" lon="4.64795">
        <ele>34</ele>
      </trkpt>
      <trkpt lat="50.77829" lon="4.64817">
        <ele>34</ele>
      </trkpt>
      <trkpt lat="50.77816" lon="4.64844">
        <ele>34</ele>
      </trkpt>
      <trkpt lat="50.77804" lon="4.64869">
        <ele>35</ele>
      </trkpt>
      <trkpt lat="50.77801" lon="4.64882">
        <ele>35</ele>
      </trkpt>
      <trkpt lat="50.77801" lon="4.64891">
        <ele>34</ele>
      </trkpt>
      <trkpt lat="50.77803" lon="4.64901">
        <ele>34</ele>
      </trkpt>
      <trkpt lat="50.77805" lon="4.64908">
        <ele>34</ele>
      </trkpt>
      <trkpt lat="50.77822" lon="4.64932">
        <ele>35</ele>
      </trkpt>
      <trkpt lat="50.77829" lon="4.6494">
        <ele>35</ele>
      </trkpt>
      <trkpt lat="50.77831" lon="4.64948">
        <ele>35</ele>
      </trkpt>
      <trkpt lat="50.77833" lon="4.64966">
        <ele>35</ele>
      </trkpt>
      <trkpt lat="50.77829" lon="4.65084">
        <ele>38</ele>
      </trkpt>
      <trkpt lat="50.77826" lon="4.65118">
        <ele>38</ele>
      </trkpt>
      <trkpt lat="50.77824" lon="4.65132">
        <ele>38</ele>
      </trkpt>
      <trkpt lat="50.77823" lon="4.65141">
        <ele>38</ele>
      </trkpt>
      <trkpt lat="50.77821" lon="4.65157">
        <ele>39</ele>
      </trkpt>
      <trkpt lat="50.77817" lon="4.65178">
        <ele>42</ele>
      </trkpt>
      <trkpt lat="50.77811" lon="4.65213">
        <ele>42</ele>
      </trkpt>
      <trkpt lat="50.77818" lon="4.65215">
        <ele>43</ele>
      </trkpt>
      <trkpt lat="50.77825" lon="4.65217">
        <ele>43</ele>
      </trkpt>
      <trkpt lat="50.77838" lon="4.65217">
        <ele>43</ele>
      </trkpt>
      <trkpt lat="50.7785" lon="4.65214">
        <ele>44</ele>
      </trkpt>
      <trkpt lat="50.77863" lon="4.65214">
        <ele>44</ele>
      </trkpt>
      <trkpt lat="50.77879" lon="4.65215">
        <ele>44</ele>
      </trkpt>
      <trkpt lat="50.77893" lon="4.65222">
        <ele>44</ele>
      </trkpt>
      <trkpt lat="50.77911" lon="4.65239">
        <ele>45</ele>
      </trkpt>
      <trkpt lat="50.77922" lon="4.65252">
        <ele>51</ele>
      </trkpt>
      <trkpt lat="50.77956" lon="4.65305">
        <ele>57</ele>
      </trkpt>
      <trkpt lat="50.77979" lon="4.65331">
        <ele>65</ele>
      </trkpt>
      <trkpt lat="50.78009" lon="4.65371">
        <ele>68</ele>
      </trkpt>
      <trkpt lat="50.78021" lon="4.65393">
        <ele>70</ele>
      </trkpt>
      <trkpt lat="50.78032" lon="4.65438">
        <ele>77</ele>
      </trkpt>
      <trkpt lat="50.78036" lon="4.65471">
        <ele>77</ele>
      </trkpt>
      <trkpt lat="50.78042" lon="4.65514">
        <ele>81</ele>
      </trkpt>
      <trkpt lat="50.78048" lon="4.65544">
        <ele>82</ele>
      </trkpt>
      <trkpt lat="50.78054" lon="4.65564">
        <ele>82</ele>
      </trkpt>
      <trkpt lat="50.78065" lon="4.65593">
        <ele>84</ele>
      </trkpt>
      <trkpt lat="50.78076" lon="4.65626">
        <ele>84</ele>
      </trkpt>
      <trkpt lat="50.78086" lon="4.6566">
        <ele>84</ele>
      </trkpt>
      <trkpt lat="50.78097" lon="4.65694">
        <ele>84</ele>
      </trkpt>
      <trkpt lat="50.78106" lon="4.6572">
        <ele>84</ele>
      </trkpt>
      <trkpt lat="50.78118" lon="4.65753">
        <ele>82</ele>
      </trkpt>
      <trkpt lat="50.78124" lon="4.6577">
        <ele>82</ele>
      </trkpt>
      <trkpt lat="50.7814" lon="4.65859">
        <ele>77</ele>
      </trkpt>
      <trkpt lat="50.78157" lon="4.65945">
        <ele>75</ele>
      </trkpt>
      <trkpt lat="50.78181" lon="4.6603">
        <ele>75</ele>
      </trkpt>
      <trkpt lat="50.78194" lon="4.6607">
        <ele>75</ele>
      </trkpt>
      <trkpt lat="50.78207" lon="4.66121">
        <ele>76</ele>
      </trkpt>
      <trkpt lat="50.78214" lon="4.66194">
        <ele>77</ele>
      </trkpt>
      <trkpt lat="50.78205" lon="4.66283">
        <ele>77</ele>
      </trkpt>
      <trkpt lat="50.78197" lon="4.66352">
        <ele>75</ele>
      </trkpt>
      <trkpt lat="50.78195" lon="4.66403">
        <ele>75</ele>
      </trkpt>
      <trkpt lat="50.78199" lon="4.66478">
        <ele>74</ele>
      </trkpt>
      <trkpt lat="50.78207" lon="4.66526">
        <ele>74</ele>
      </trkpt>
      <trkpt lat="50.78229" lon="4.66607">
        <ele>74</ele>
      </trkpt>
      <trkpt lat="50.78246" lon="4.66663">
        <ele>72</ele>
      </trkpt>
      <trkpt lat="50.78262" lon="4.66824">
        <ele>66</ele>
      </trkpt>
      <trkpt lat="50.7827" lon="4.66912">
        <ele>59</ele>
      </trkpt>
      <trkpt lat="50.78286" lon="4.67048">
        <ele>53</ele>
      </trkpt>
      <trkpt lat="50.78291" lon="4.67088">
        <ele>51</ele>
      </trkpt>
      <trkpt lat="50.78329" lon="4.67312">
        <ele>48</ele>
      </trkpt>
      <trkpt lat="50.78335" lon="4.67333">
        <ele>47</ele>
      </trkpt>
      <trkpt lat="50.78338" lon="4.67342">
        <ele>47</ele>
      </trkpt>
      <trkpt lat="50.78343" lon="4.6735">
        <ele>47</ele>
      </trkpt>
      <trkpt lat="50.78359" lon="4.67375">
        <ele>47</ele>
      </trkpt>
      <trkpt lat="50.78377" lon="4.67404">
        <ele>47</ele>
      </trkpt>
      <trkpt lat="50.78335" lon="4.67457">
        <ele>46</ele>
      </trkpt>
      <trkpt lat="50.78325" lon="4.67471">
        <ele>46</ele>
      </trkpt>
      <trkpt lat="50.78316" lon="4.67485">
        <ele>46</ele>
      </trkpt>
      <trkpt lat="50.78309" lon="4.67502">
        <ele>45</ele>
      </trkpt>
      <trkpt lat="50.78307" lon="4.67512">
        <ele>45</ele>
      </trkpt>
      <trkpt lat="50.78308" lon="4.67528">
        <ele>45</ele>
      </trkpt>
      <trkpt lat="50.78313" lon="4.67545">
        <ele>45</ele>
      </trkpt>
      <trkpt lat="50.78346" lon="4.67611">
        <ele>43</ele>
      </trkpt>
      <trkpt lat="50.78379" lon="4.67678">
        <ele>42</ele>
      </trkpt>
      <trkpt lat="50.7839" lon="4.67704">
        <ele>41</ele>
      </trkpt>
      <trkpt lat="50.78396" lon="4.67724">
        <ele>42</ele>
      </trkpt>
      <trkpt lat="50.78399" lon="4.67738">
        <ele>42</ele>
      </trkpt>
      <trkpt lat="50.78403" lon="4.67776">
        <ele>42</ele>
      </trkpt>
      <trkpt lat="50.78404" lon="4.67789">
        <ele>42</ele>
      </trkpt>
      <trkpt lat="50.78405" lon="4.67806">
        <ele>42</ele>
      </trkpt>
      <trkpt lat="50.78409" lon="4.67821">
        <ele>42</ele>
      </trkpt>
      <trkpt lat="50.78413" lon="4.67832">
        <ele>42</ele>
      </trkpt>
      <trkpt lat="50.78418" lon="4.67843">
        <ele>42</ele>
      </trkpt>
      <trkpt lat="50.78444" lon="4.67881">
        <ele>43</ele>
      </trkpt>
      <trkpt lat="50.7845" lon="4.67892">
        <ele>43</ele>
      </trkpt>
      <trkpt lat="50.78459" lon="4.67905">
        <ele>44</ele>
      </trkpt>
      <trkpt lat="50.78466" lon="4.67924">
        <ele>44</ele>
      </trkpt>
      <trkpt lat="50.78474" lon="4.67963">
        <ele>44</ele>
      </trkpt>
      <trkpt lat="50.78477" lon="4.68008">
        <ele>47</ele>
      </trkpt>
      <trkpt lat="50.78472" lon="4.68039">
        <ele>46</ele>
      </trkpt>
      <trkpt lat="50.78461" lon="4.68065">
        <ele>47</ele>
      </trkpt>
      <trkpt lat="50.78444" lon="4.68088">
        <ele>50</ele>
      </trkpt>
      <trkpt lat="50.78405" lon="4.68139">
        <ele>45</ele>
      </trkpt>
      <trkpt lat="50.78389" lon="4.68161">
        <ele>46</ele>
      </trkpt>
      <trkpt lat="50.78374" lon="4.68185">
        <ele>46</ele>
      </trkpt>
      <trkpt lat="50.78367" lon="4.68199">
        <ele>46</ele>
      </trkpt>
      <trkpt lat="50.78359" lon="4.68217">
        <ele>46</ele>
      </trkpt>
      <trkpt lat="50.78354" lon="4.68232">
        <ele>46</ele>
      </trkpt>
      <trkpt lat="50.78345" lon="4.68264">
        <ele>44</ele>
      </trkpt>
      <trkpt lat="50.78341" lon="4.68282">
        <ele>44</ele>
      </trkpt>
      <trkpt lat="50.78327" lon="4.68364">
        <ele>46</ele>
      </trkpt>
      <trkpt lat="50.78317" lon="4.68417">
        <ele>51</ele>
      </trkpt>
      <trkpt lat="50.78299" lon="4.68503">
        <ele>56</ele>
      </trkpt>
      <trkpt lat="50.7822" lon="4.68729">
        <ele>50</ele>
      </trkpt>
      <trkpt lat="50.7821" lon="4.68759">
        <ele>50</ele>
      </trkpt>
      <trkpt lat="50.7821" lon="4.68801">
        <ele>50</ele>
      </trkpt>
      <trkpt lat="50.7821" lon="4.68851">
        <ele>50</ele>
      </trkpt>
      <trkpt lat="50.7821" lon="4.68867">
        <ele>50</ele>
      </trkpt>
      <trkpt lat="50.7821" lon="4.68888">
        <ele>50</ele>
      </trkpt>
      <trkpt lat="50.7821" lon="4.68977">
        <ele>50</ele>
      </trkpt>
      <trkpt lat="50.78211" lon="4.68987">
        <ele>50</ele>
      </trkpt>
      <trkpt lat="50.78212" lon="4.68997">
        <ele>49</ele>
      </trkpt>
      <trkpt lat="50.78222" lon="4.69032">
        <ele>48</ele>
      </trkpt>
      <trkpt lat="50.78225" lon="4.69043">
        <ele>48</ele>
      </trkpt>
      <trkpt lat="50.78228" lon="4.69052">
        <ele>49</ele>
      </trkpt>
      <trkpt lat="50.78234" lon="4.69064">
        <ele>49</ele>
      </trkpt>
      <trkpt lat="50.78243" lon="4.69074">
        <ele>49</ele>
      </trkpt>
      <trkpt lat="50.78253" lon="4.69078">
        <ele>50</ele>
      </trkpt>
      <trkpt lat="50.78278" lon="4.69081">
        <ele>53</ele>
      </trkpt>
      <trkpt lat="50.78295" lon="4.69083">
        <ele>53</ele>
      </trkpt>
      <trkpt lat="50.78312" lon="4.69088">
        <ele>53</ele>
      </trkpt>
      <trkpt lat="50.78322" lon="4.69097">
        <ele>53</ele>
      </trkpt>
      <trkpt lat="50.78335" lon="4.69109">
        <ele>54</ele>
      </trkpt>
      <trkpt lat="50.78344" lon="4.69119">
        <ele>54</ele>
      </trkpt>
      <trkpt lat="50.78353" lon="4.69133">
        <ele>59</ele>
      </trkpt>
      <trkpt lat="50.78362" lon="4.69151">
        <ele>58</ele>
      </trkpt>
      <trkpt lat="50.7837" lon="4.69166">
        <ele>54</ele>
      </trkpt>
      <trkpt lat="50.78375" lon="4.69181">
        <ele>53</ele>
      </trkpt>
      <trkpt lat="50.78378" lon="4.69194">
        <ele>53</ele>
      </trkpt>
      <trkpt lat="50.7838" lon="4.69207">
        <ele>52</ele>
      </trkpt>
      <trkpt lat="50.78381" lon="4.69221">
        <ele>53</ele>
      </trkpt>
      <trkpt lat="50.7838" lon="4.69232">
        <ele>52</ele>
      </trkpt>
      <trkpt lat="50.78379" lon="4.69243">
        <ele>52</ele>
      </trkpt>
      <trkpt lat="50.78376" lon="4.69253">
        <ele>49</ele>
      </trkpt>
      <trkpt lat="50.78373" lon="4.69262">
        <ele>49</ele>
      </trkpt>
      <trkpt lat="50.78368" lon="4.69274">
        <ele>49</ele>
      </trkpt>
      <trkpt lat="50.7836" lon="4.69287">
        <ele>48</ele>
      </trkpt>
      <trkpt lat="50.78357" lon="4.69292">
        <ele>48</ele>
      </trkpt>
      <trkpt lat="50.78347" lon="4.69309">
        <ele>48</ele>
      </trkpt>
      <trkpt lat="50.7834" lon="4.69321">
        <ele>46</ele>
      </trkpt>
      <trkpt lat="50.78273" lon="4.69435">
        <ele>49</ele>
      </trkpt>
      <trkpt lat="50.7826" lon="4.69456">
        <ele>52</ele>
      </trkpt>
      <trkpt lat="50.7825" lon="4.69478">
        <ele>53</ele>
      </trkpt>
      <trkpt lat="50.78247" lon="4.69489">
        <ele>53</ele>
      </trkpt>
      <trkpt lat="50.78239" lon="4.69518">
        <ele>54</ele>
      </trkpt>
      <trkpt lat="50.78236" lon="4.69538">
        <ele>54</ele>
      </trkpt>
      <trkpt lat="50.78233" lon="4.69562">
        <ele>54</ele>
      </trkpt>
      <trkpt lat="50.78227" lon="4.69615">
        <ele>54</ele>
      </trkpt>
      <trkpt lat="50.78225" lon="4.69633">
        <ele>54</ele>
      </trkpt>
      <trkpt lat="50.78207" lon="4.69787">
        <ele>54</ele>
      </trkpt>
      <trkpt lat="50.7819" lon="4.69917">
        <ele>53</ele>
      </trkpt>
      <trkpt lat="50.78187" lon="4.69936">
        <ele>53</ele>
      </trkpt>
      <trkpt lat="50.78183" lon="4.69955">
        <ele>53</ele>
      </trkpt>
      <trkpt lat="50.78177" lon="4.69975">
        <ele>55</ele>
      </trkpt>
      <trkpt lat="50.78171" lon="4.69993">
        <ele>55</ele>
      </trkpt>
      <trkpt lat="50.78153" lon="4.70032">
        <ele>54</ele>
      </trkpt>
      <trkpt lat="50.7813" lon="4.70077">
        <ele>53</ele>
      </trkpt>
      <trkpt lat="50.78117" lon="4.70105">
        <ele>52</ele>
      </trkpt>
      <trkpt lat="50.7806" lon="4.70218">
        <ele>50</ele>
      </trkpt>
      <trkpt lat="50.78023" lon="4.70291">
        <ele>50</ele>
      </trkpt>
      <trkpt lat="50.78016" lon="4.70306">
        <ele>50</ele>
      </trkpt>
      <trkpt lat="50.7801" lon="4.7032">
        <ele>50</ele>
      </trkpt>
      <trkpt lat="50.78001" lon="4.70341">
        <ele>50</ele>
      </trkpt>
      <trkpt lat="50.7799" lon="4.7038">
        <ele>50</ele>
      </trkpt>
      <trkpt lat="50.77988" lon="4.70389">
        <ele>50</ele>
      </trkpt>
      <trkpt lat="50.77978" lon="4.70461">
        <ele>50</ele>
      </trkpt>
      <trkpt lat="50.77951" lon="4.7064">
        <ele>50</ele>
      </trkpt>
      <trkpt lat="50.77941" lon="4.70775">
        <ele>51</ele>
      </trkpt>
      <trkpt lat="50.77932" lon="4.7089">
        <ele>52</ele>
      </trkpt>
      <trkpt lat="50.77922" lon="4.71029">
        <ele>55</ele>
      </trkpt>
      <trkpt lat="50.77921" lon="4.71051">
        <ele>55</ele>
      </trkpt>
      <trkpt lat="50.77922" lon="4.71107">
        <ele>55</ele>
      </trkpt>
      <trkpt lat="50.77929" lon="4.71198">
        <ele>55</ele>
      </trkpt>
      <trkpt lat="50.77932" lon="4.71261">
        <ele>55</ele>
      </trkpt>
      <trkpt lat="50.77934" lon="4.71279">
        <ele>55</ele>
      </trkpt>
      <trkpt lat="50.77939" lon="4.71365">
        <ele>55</ele>
      </trkpt>
      <trkpt lat="50.7794" lon="4.71386">
        <ele>55</ele>
      </trkpt>
      <trkpt lat="50.77947" lon="4.71497">
        <ele>54</ele>
      </trkpt>
      <trkpt lat="50.77948" lon="4.71514">
        <ele>54</ele>
      </trkpt>
      <trkpt lat="50.77951" lon="4.71554">
        <ele>54</ele>
      </trkpt>
      <trkpt lat="50.77952" lon="4.71578">
        <ele>54</ele>
      </trkpt>
      <trkpt lat="50.77952" lon="4.71594">
        <ele>54</ele>
      </trkpt>
      <trkpt lat="50.77949" lon="4.7162">
        <ele>54</ele>
      </trkpt>
      <trkpt lat="50.77941" lon="4.71673">
        <ele>55</ele>
      </trkpt>
      <trkpt lat="50.77943" lon="4.71688">
        <ele>55</ele>
      </trkpt>
      <trkpt lat="50.7795" lon="4.71697">
        <ele>55</ele>
      </trkpt>
      <trkpt lat="50.77955" lon="4.71716">
        <ele>55</ele>
      </trkpt>
      <trkpt lat="50.77952" lon="4.71844">
        <ele>57</ele>
      </trkpt>
      <trkpt lat="50.7795" lon="4.71863">
        <ele>57</ele>
      </trkpt>
      <trkpt lat="50.77945" lon="4.71877">
        <ele>57</ele>
      </trkpt>
      <trkpt lat="50.77939" lon="4.71893">
        <ele>57</ele>
      </trkpt>
      <trkpt lat="50.77934" lon="4.71908">
        <ele>57</ele>
      </trkpt>
      <trkpt lat="50.77932" lon="4.71916">
        <ele>58</ele>
      </trkpt>
      <trkpt lat="50.77931" lon="4.71925">
        <ele>58</ele>
      </trkpt>
      <trkpt lat="50.77932" lon="4.71959">
        <ele>58</ele>
      </trkpt>
      <trkpt lat="50.77936" lon="4.72048">
        <ele>59</ele>
      </trkpt>
      <trkpt lat="50.77956" lon="4.7208">
        <ele>60</ele>
      </trkpt>
      <trkpt lat="50.77961" lon="4.72114">
        <ele>60</ele>
      </trkpt>
      <trkpt lat="50.77955" lon="4.72164">
        <ele>60</ele>
      </trkpt>
      <trkpt lat="50.77945" lon="4.72201">
        <ele>61</ele>
      </trkpt>
      <trkpt lat="50.77934" lon="4.72224">
        <ele>61</ele>
      </trkpt>
      <trkpt lat="50.77917" lon="4.72253">
        <ele>62</ele>
      </trkpt>
      <trkpt lat="50.77875" lon="4.72334">
        <ele>62</ele>
      </trkpt>
      <trkpt lat="50.77835" lon="4.72401">
        <ele>63</ele>
      </trkpt>
      <trkpt lat="50.778" lon="4.72466">
        <ele>62</ele>
      </trkpt>
      <trkpt lat="50.77782" lon="4.72508">
        <ele>62</ele>
      </trkpt>
      <trkpt lat="50.77777" lon="4.72531">
        <ele>62</ele>
      </trkpt>
      <trkpt lat="50.7777" lon="4.72577">
        <ele>62</ele>
      </trkpt>
      <trkpt lat="50.7777" lon="4.72606">
        <ele>62</ele>
      </trkpt>
      <trkpt lat="50.77794" lon="4.72862">
        <ele>62</ele>
      </trkpt>
      <trkpt lat="50.778" lon="4.72914">
        <ele>62</ele>
      </trkpt>
      <trkpt lat="50.77807" lon="4.72968">
        <ele>62</ele>
      </trkpt>
      <trkpt lat="50.77814" lon="4.73001">
        <ele>62</ele>
      </trkpt>
      <trkpt lat="50.77821" lon="4.7302">
        <ele>61</ele>
      </trkpt>
      <trkpt lat="50.77833" lon="4.73049">
        <ele>61</ele>
      </trkpt>
      <trkpt lat="50.7786" lon="4.7309">
        <ele>60</ele>
      </trkpt>
      <trkpt lat="50.77894" lon="4.7313">
        <ele>60</ele>
      </trkpt>
      <trkpt lat="50.77916" lon="4.7315">
        <ele>60</ele>
      </trkpt>
      <trkpt lat="50.7797" lon="4.73167">
        <ele>61</ele>
      </trkpt>
      <trkpt lat="50.78044" lon="4.73195">
        <ele>63</ele>
      </trkpt>
      <trkpt lat="50.78056" lon="4.73198">
        <ele>63</ele>
      </trkpt>
      <trkpt lat="50.7807" lon="4.73224">
        <ele>63</ele>
      </trkpt>
      <trkpt lat="50.78083" lon="4.73257">
        <ele>63</ele>
      </trkpt>
      <trkpt lat="50.78085" lon="4.73279">
        <ele>63</ele>
      </trkpt>
      <trkpt lat="50.78086" lon="4.73313">
        <ele>63</ele>
      </trkpt>
      <trkpt lat="50.78059" lon="4.73541">
        <ele>63</ele>
      </trkpt>
      <trkpt lat="50.78047" lon="4.73582">
        <ele>64</ele>
      </trkpt>
      <trkpt lat="50.78019" lon="4.73624">
        <ele>64</ele>
      </trkpt>
      <trkpt lat="50.78011" lon="4.73636">
        <ele>63</ele>
      </trkpt>
      <trkpt lat="50.78005" lon="4.73653">
        <ele>63</ele>
      </trkpt>
      <trkpt lat="50.78003" lon="4.73666">
        <ele>63</ele>
      </trkpt>
      <trkpt lat="50.78005" lon="4.73686">
        <ele>63</ele>
      </trkpt>
      <trkpt lat="50.78013" lon="4.7374">
        <ele>65</ele>
      </trkpt>
      <trkpt lat="50.78015" lon="4.73762">
        <ele>66</ele>
      </trkpt>
      <trkpt lat="50.78036" lon="4.7394">
        <ele>66</ele>
      </trkpt>
      <trkpt lat="50.78037" lon="4.73994">
        <ele>66</ele>
      </trkpt>
      <trkpt lat="50.78032" lon="4.74102">
        <ele>63</ele>
      </trkpt>
      <trkpt lat="50.78023" lon="4.74149">
        <ele>63</ele>
      </trkpt>
      <trkpt lat="50.78006" lon="4.7419">
        <ele>64</ele>
      </trkpt>
      <trkpt lat="50.77964" lon="4.74257">
        <ele>65</ele>
      </trkpt>
      <trkpt lat="50.77959" lon="4.74269">
        <ele>65</ele>
      </trkpt>
      <trkpt lat="50.77957" lon="4.74291">
        <ele>65</ele>
      </trkpt>
      <trkpt lat="50.7796" lon="4.74337">
        <ele>66</ele>
      </trkpt>
      <trkpt lat="50.77957" lon="4.74345">
        <ele>66</ele>
      </trkpt>
      <trkpt lat="50.7796" lon="4.74354">
        <ele>66</ele>
      </trkpt>
      <trkpt lat="50.77952" lon="4.74368">
        <ele>66</ele>
      </trkpt>
      <trkpt lat="50.77931" lon="4.74387">
        <ele>67</ele>
      </trkpt>
      <trkpt lat="50.77912" lon="4.74398">
        <ele>67</ele>
      </trkpt>
      <trkpt lat="50.77902" lon="4.74402">
        <ele>67</ele>
      </trkpt>
      <trkpt lat="50.77891" lon="4.74403">
        <ele>67</ele>
      </trkpt>
      <trkpt lat="50.7787" lon="4.74403">
        <ele>67</ele>
      </trkpt>
      <trkpt lat="50.77851" lon="4.74409">
        <ele>67</ele>
      </trkpt>
      <trkpt lat="50.77832" lon="4.74421">
        <ele>69</ele>
      </trkpt>
      <trkpt lat="50.77792" lon="4.74439">
        <ele>69</ele>
      </trkpt>
      <trkpt lat="50.77772" lon="4.74456">
        <ele>69</ele>
      </trkpt>
      <trkpt lat="50.77767" lon="4.74462">
        <ele>69</ele>
      </trkpt>
      <trkpt lat="50.77762" lon="4.74472">
        <ele>68</ele>
      </trkpt>
      <trkpt lat="50.7776" lon="4.74498">
        <ele>69</ele>
      </trkpt>
      <trkpt lat="50.77762" lon="4.74527">
        <ele>70</ele>
      </trkpt>
      <trkpt lat="50.77766" lon="4.74564">
        <ele>73</ele>
      </trkpt>
      <trkpt lat="50.77768" lon="4.74581">
        <ele>75</ele>
      </trkpt>
      <trkpt lat="50.7777" lon="4.74609">
        <ele>76</ele>
      </trkpt>
      <trkpt lat="50.7776" lon="4.74662">
        <ele>74</ele>
      </trkpt>
      <trkpt lat="50.77748" lon="4.74693">
        <ele>73</ele>
      </trkpt>
      <trkpt lat="50.77726" lon="4.74739">
        <ele>73</ele>
      </trkpt>
      <trkpt lat="50.7772" lon="4.74756">
        <ele>74</ele>
      </trkpt>
      <trkpt lat="50.77718" lon="4.7477">
        <ele>73</ele>
      </trkpt>
      <trkpt lat="50.77716" lon="4.74783">
        <ele>73</ele>
      </trkpt>
      <trkpt lat="50.77716" lon="4.74802">
        <ele>73</ele>
      </trkpt>
      <trkpt lat="50.77716" lon="4.74822">
        <ele>74</ele>
      </trkpt>
      <trkpt lat="50.77718" lon="4.74848">
        <ele>74</ele>
      </trkpt>
      <trkpt lat="50.7772" lon="4.74875">
        <ele>74</ele>
      </trkpt>
      <trkpt lat="50.77723" lon="4.74898">
        <ele>74</ele>
      </trkpt>
      <trkpt lat="50.77727" lon="4.74917">
        <ele>74</ele>
      </trkpt>
      <trkpt lat="50.77731" lon="4.74943">
        <ele>73</ele>
      </trkpt>
      <trkpt lat="50.77743" lon="4.75006">
        <ele>73</ele>
      </trkpt>
      <trkpt lat="50.77746" lon="4.75019">
        <ele>73</ele>
      </trkpt>
      <trkpt lat="50.77747" lon="4.75025">
        <ele>73</ele>
      </trkpt>
      <trkpt lat="50.7775" lon="4.75032">
        <ele>73</ele>
      </trkpt>
      <trkpt lat="50.77768" lon="4.75063">
        <ele>76</ele>
      </trkpt>
      <trkpt lat="50.77797" lon="4.75106">
        <ele>76</ele>
      </trkpt>
      <trkpt lat="50.77808" lon="4.75145">
        <ele>77</ele>
      </trkpt>
      <trkpt lat="50.77818" lon="4.75197">
        <ele>76</ele>
      </trkpt>
      <trkpt lat="50.77827" lon="4.75246">
        <ele>76</ele>
      </trkpt>
      <trkpt lat="50.77847" lon="4.75355">
        <ele>78</ele>
      </trkpt>
      <trkpt lat="50.77864" lon="4.75435">
        <ele>77</ele>
      </trkpt>
      <trkpt lat="50.77871" lon="4.75463">
        <ele>77</ele>
      </trkpt>
      <trkpt lat="50.77873" lon="4.7547">
        <ele>77</ele>
      </trkpt>
      <trkpt lat="50.77885" lon="4.7552">
        <ele>77</ele>
      </trkpt>
      <trkpt lat="50.77886" lon="4.75528">
        <ele>76</ele>
      </trkpt>
      <trkpt lat="50.77889" lon="4.75543">
        <ele>76</ele>
      </trkpt>
      <trkpt lat="50.77888" lon="4.75565">
        <ele>77</ele>
      </trkpt>
      <trkpt lat="50.77867" lon="4.75674">
        <ele>77</ele>
      </trkpt>
      <trkpt lat="50.77854" lon="4.7574">
        <ele>76</ele>
      </trkpt>
      <trkpt lat="50.7785" lon="4.75766">
        <ele>76</ele>
      </trkpt>
      <trkpt lat="50.77846" lon="4.75795">
        <ele>76</ele>
      </trkpt>
      <trkpt lat="50.77848" lon="4.75844">
        <ele>77</ele>
      </trkpt>
      <trkpt lat="50.7785" lon="4.75857">
        <ele>77</ele>
      </trkpt>
      <trkpt lat="50.77857" lon="4.75912">
        <ele>77</ele>
      </trkpt>
      <trkpt lat="50.77863" lon="4.7597">
        <ele>76</ele>
      </trkpt>
      <trkpt lat="50.77867" lon="4.76042">
        <ele>76</ele>
      </trkpt>
      <trkpt lat="50.77868" lon="4.7609">
        <ele>76</ele>
      </trkpt>
      <trkpt lat="50.77864" lon="4.76156">
        <ele>76</ele>
      </trkpt>
      <trkpt lat="50.77831" lon="4.76404">
        <ele>80</ele>
      </trkpt>
      <trkpt lat="50.77812" lon="4.7654">
        <ele>83</ele>
      </trkpt>
      <trkpt lat="50.77805" lon="4.76595">
        <ele>85</ele>
      </trkpt>
      <trkpt lat="50.77796" lon="4.76665">
        <ele>87</ele>
      </trkpt>
      <trkpt lat="50.77791" lon="4.76721">
        <ele>87</ele>
      </trkpt>
      <trkpt lat="50.77793" lon="4.76762">
        <ele>89</ele>
      </trkpt>
      <trkpt lat="50.77797" lon="4.76797">
        <ele>89</ele>
      </trkpt>
      <trkpt lat="50.77803" lon="4.76827">
        <ele>89</ele>
      </trkpt>
      <trkpt lat="50.77809" lon="4.7685">
        <ele>90</ele>
      </trkpt>
      <trkpt lat="50.77816" lon="4.7687">
        <ele>90</ele>
      </trkpt>
      <trkpt lat="50.77861" lon="4.76979">
        <ele>89</ele>
      </trkpt>
      <trkpt lat="50.77866" lon="4.76994">
        <ele>89</ele>
      </trkpt>
      <trkpt lat="50.77872" lon="4.7701">
        <ele>89</ele>
      </trkpt>
      <trkpt lat="50.77882" lon="4.7704">
        <ele>89</ele>
      </trkpt>
      <trkpt lat="50.77891" lon="4.77067">
        <ele>89</ele>
      </trkpt>
      <trkpt lat="50.77898" lon="4.77094">
        <ele>89</ele>
      </trkpt>
      <trkpt lat="50.77906" lon="4.77111">
        <ele>89</ele>
      </trkpt>
      <trkpt lat="50.77913" lon="4.77121">
        <ele>89</ele>
      </trkpt>
      <trkpt lat="50.77953" lon="4.77176">
        <ele>88</ele>
      </trkpt>
      <trkpt lat="50.77966" lon="4.7719">
        <ele>88</ele>
      </trkpt>
      <trkpt lat="50.77988" lon="4.7721">
        <ele>88</ele>
      </trkpt>
      <trkpt lat="50.78016" lon="4.77233">
        <ele>88</ele>
      </trkpt>
      <trkpt lat="50.78024" lon="4.77243">
        <ele>88</ele>
      </trkpt>
      <trkpt lat="50.78029" lon="4.77257">
        <ele>88</ele>
      </trkpt>
      <trkpt lat="50.78032" lon="4.77273">
        <ele>88</ele>
      </trkpt>
      <trkpt lat="50.78034" lon="4.77288">
        <ele>88</ele>
      </trkpt>
      <trkpt lat="50.78046" lon="4.77384">
        <ele>87</ele>
      </trkpt>
      <trkpt lat="50.78049" lon="4.77399">
        <ele>87</ele>
      </trkpt>
      <trkpt lat="50.78055" lon="4.77425">
        <ele>86</ele>
      </trkpt>
      <trkpt lat="50.78058" lon="4.77435">
        <ele>86</ele>
      </trkpt>
      <trkpt lat="50.78062" lon="4.77457">
        <ele>86</ele>
      </trkpt>
      <trkpt lat="50.78065" lon="4.77569">
        <ele>85</ele>
      </trkpt>
      <trkpt lat="50.78065" lon="4.77589">
        <ele>85</ele>
      </trkpt>
      <trkpt lat="50.78063" lon="4.77598">
        <ele>85</ele>
      </trkpt>
      <trkpt lat="50.7806" lon="4.77607">
        <ele>85</ele>
      </trkpt>
      <trkpt lat="50.78063" lon="4.77633">
        <ele>85</ele>
      </trkpt>
      <trkpt lat="50.78073" lon="4.77635">
        <ele>85</ele>
      </trkpt>
      <trkpt lat="50.78082" lon="4.77635">
        <ele>85</ele>
      </trkpt>
      <trkpt lat="50.78097" lon="4.77628">
        <ele>85</ele>
      </trkpt>
      <trkpt lat="50.78136" lon="4.77612">
        <ele>85</ele>
      </trkpt>
      <trkpt lat="50.78167" lon="4.77599">
        <ele>85</ele>
      </trkpt>
      <trkpt lat="50.78181" lon="4.77598">
        <ele>84</ele>
      </trkpt>
      <trkpt lat="50.7819" lon="4.77598">
        <ele>84</ele>
      </trkpt>
      <trkpt lat="50.78229" lon="4.77609">
        <ele>84</ele>
      </trkpt>
      <trkpt lat="50.78241" lon="4.77609">
        <ele>84</ele>
      </trkpt>
      <trkpt lat="50.78254" lon="4.77604">
        <ele>84</ele>
      </trkpt>
      <trkpt lat="50.78297" lon="4.77579">
        <ele>84</ele>
      </trkpt>
      <trkpt lat="50.78303" lon="4.77575">
        <ele>84</ele>
      </trkpt>
      <trkpt lat="50.78332" lon="4.77572">
        <ele>84</ele>
      </trkpt>
      <trkpt lat="50.78362" lon="4.77568">
        <ele>85</ele>
      </trkpt>
      <trkpt lat="50.78388" lon="4.77558">
        <ele>86</ele>
      </trkpt>
      <trkpt lat="50.78414" lon="4.77543">
        <ele>86</ele>
      </trkpt>
      <trkpt lat="50.78474" lon="4.77503">
        <ele>88</ele>
      </trkpt>
      <trkpt lat="50.78824" lon="4.77504">
        <ele>92</ele>
      </trkpt>
      <trkpt lat="50.78832" lon="4.77504">
        <ele>93</ele>
      </trkpt>
      <trkpt lat="50.78975" lon="4.77462">
        <ele>98</ele>
      </trkpt>
      <trkpt lat="50.78983" lon="4.77458">
        <ele>98</ele>
      </trkpt>
      <trkpt lat="50.79171" lon="4.77364">
        <ele>101</ele>
      </trkpt>
      <trkpt lat="50.79202" lon="4.77356">
        <ele>101</ele>
      </trkpt>
      <trkpt lat="50.79216" lon="4.77353">
        <ele>101</ele>
      </trkpt>
      <trkpt lat="50.7926" lon="4.77359">
        <ele>101</ele>
      </trkpt>
      <trkpt lat="50.79303" lon="4.77379">
        <ele>100</ele>
      </trkpt>
      <trkpt lat="50.79408" lon="4.77466">
        <ele>100</ele>
      </trkpt>
      <trkpt lat="50.79563" lon="4.77606">
        <ele>97</ele>
      </trkpt>
      <trkpt lat="50.79746" lon="4.77806">
        <ele>91</ele>
      </trkpt>
      <trkpt lat="50.799" lon="4.77963">
        <ele>89</ele>
      </trkpt>
      <trkpt lat="50.8003" lon="4.78038">
        <ele>87</ele>
      </trkpt>
      <trkpt lat="50.80048" lon="4.78048">
        <ele>87</ele>
      </trkpt>
      <trkpt lat="50.80189" lon="4.78142">
        <ele>84</ele>
      </trkpt>
      <trkpt lat="50.80233" lon="4.78156">
        <ele>84</ele>
      </trkpt>
      <trkpt lat="50.80534" lon="4.78194">
        <ele>82</ele>
      </trkpt>
      <trkpt lat="50.8067" lon="4.78298">
        <ele>80</ele>
      </trkpt>
      <trkpt lat="50.80747" lon="4.78363">
        <ele>79</ele>
      </trkpt>
      <trkpt lat="50.80861" lon="4.78517">
        <ele>76</ele>
      </trkpt>
      <trkpt lat="50.80866" lon="4.78523">
        <ele>76</ele>
      </trkpt>
      <trkpt lat="50.8101" lon="4.78753">
        <ele>77</ele>
      </trkpt>
      <trkpt lat="50.81026" lon="4.78774">
        <ele>77</ele>
      </trkpt>
      <trkpt lat="50.81083" lon="4.78844">
        <ele>77</ele>
      </trkpt>
      <trkpt lat="50.8111" lon="4.78885">
        <ele>77</ele>
      </trkpt>
      <trkpt lat="50.81121" lon="4.78904">
        <ele>77</ele>
      </trkpt>
      <trkpt lat="50.81131" lon="4.78922">
        <ele>78</ele>
      </trkpt>
      <trkpt lat="50.81135" lon="4.78929">
        <ele>78</ele>
      </trkpt>
      <trkpt lat="50.81155" lon="4.78972">
        <ele>78</ele>
      </trkpt>
      <trkpt lat="50.81161" lon="4.78984">
        <ele>78</ele>
      </trkpt>
      <trkpt lat="50.81196" lon="4.79055">
        <ele>81</ele>
      </trkpt>
      <trkpt lat="50.812" lon="4.79062">
        <ele>81</ele>
      </trkpt>
      <trkpt lat="50.81245" lon="4.79146">
        <ele>82</ele>
      </trkpt>
      <trkpt lat="50.81276" lon="4.79204">
        <ele>83</ele>
      </trkpt>
      <trkpt lat="50.81306" lon="4.79266">
        <ele>83</ele>
      </trkpt>
      <trkpt lat="50.81318" lon="4.7929">
        <ele>83</ele>
      </trkpt>
      <trkpt lat="50.81349" lon="4.79353">
        <ele>82</ele>
      </trkpt>
      <trkpt lat="50.81378" lon="4.79409">
        <ele>81</ele>
      </trkpt>
      <trkpt lat="50.81408" lon="4.79443">
        <ele>79</ele>
      </trkpt>
      <trkpt lat="50.81484" lon="4.79523">
        <ele>78</ele>
      </trkpt>
      <trkpt lat="50.81548" lon="4.79587">
        <ele>77</ele>
      </trkpt>
      <trkpt lat="50.81581" lon="4.79629">
        <ele>77</ele>
      </trkpt>
      <trkpt lat="50.81625" lon="4.79707">
        <ele>75</ele>
      </trkpt>
      <trkpt lat="50.81674" lon="4.79819">
        <ele>74</ele>
      </trkpt>
      <trkpt lat="50.81747" lon="4.79993">
        <ele>71</ele>
      </trkpt>
      <trkpt lat="50.81835" lon="4.80199">
        <ele>69</ele>
      </trkpt>
      <trkpt lat="50.81914" lon="4.80382">
        <ele>69</ele>
      </trkpt>
      <trkpt lat="50.81935" lon="4.80431">
        <ele>68</ele>
      </trkpt>
      <trkpt lat="50.82005" lon="4.80595">
        <ele>68</ele>
      </trkpt>
      <trkpt lat="50.82026" lon="4.80645">
        <ele>68</ele>
      </trkpt>
      <trkpt lat="50.8203" lon="4.80653">
        <ele>68</ele>
      </trkpt>
      <trkpt lat="50.82085" lon="4.80782">
        <ele>68</ele>
      </trkpt>
      <trkpt lat="50.82103" lon="4.80821">
        <ele>68</ele>
      </trkpt>
      <trkpt lat="50.82107" lon="4.80829">
        <ele>68</ele>
      </trkpt>
      <trkpt lat="50.82208" lon="4.80977">
        <ele>71</ele>
      </trkpt>
      <trkpt lat="50.82222" lon="4.80997">
        <ele>73</ele>
      </trkpt>
      <trkpt lat="50.82287" lon="4.81095">
        <ele>75</ele>
      </trkpt>
      <trkpt lat="50.82327" lon="4.81157">
        <ele>75</ele>
      </trkpt>
      <trkpt lat="50.82331" lon="4.81162">
        <ele>75</ele>
      </trkpt>
      <trkpt lat="50.82358" lon="4.8121">
        <ele>75</ele>
      </trkpt>
      <trkpt lat="50.82367" lon="4.81227">
        <ele>75</ele>
      </trkpt>
      <trkpt lat="50.82399" lon="4.81285">
        <ele>74</ele>
      </trkpt>
      <trkpt lat="50.82483" lon="4.81461">
        <ele>73</ele>
      </trkpt>
      <trkpt lat="50.82493" lon="4.81483">
        <ele>73</ele>
      </trkpt>
      <trkpt lat="50.82525" lon="4.81551">
        <ele>74</ele>
      </trkpt>
      <trkpt lat="50.82543" lon="4.8159">
        <ele>73</ele>
      </trkpt>
      <trkpt lat="50.82558" lon="4.8162">
        <ele>73</ele>
      </trkpt>
      <trkpt lat="50.82594" lon="4.81693">
        <ele>71</ele>
      </trkpt>
      <trkpt lat="50.8262" lon="4.81747">
        <ele>70</ele>
      </trkpt>
      <trkpt lat="50.82632" lon="4.8177">
        <ele>70</ele>
      </trkpt>
      <trkpt lat="50.82646" lon="4.81797">
        <ele>70</ele>
      </trkpt>
      <trkpt lat="50.82671" lon="4.8184">
        <ele>70</ele>
      </trkpt>
      <trkpt lat="50.82691" lon="4.81872">
        <ele>70</ele>
      </trkpt>
      <trkpt lat="50.82695" lon="4.81878">
        <ele>69</ele>
      </trkpt>
      <trkpt lat="50.82733" lon="4.81941">
        <ele>71</ele>
      </trkpt>
      <trkpt lat="50.82743" lon="4.8196">
        <ele>71</ele>
      </trkpt>
      <trkpt lat="50.82919" lon="4.82335">
        <ele>78</ele>
      </trkpt>
      <trkpt lat="50.82984" lon="4.82481">
        <ele>74</ele>
      </trkpt>
      <trkpt lat="50.83051" lon="4.82625">
        <ele>71</ele>
      </trkpt>
      <trkpt lat="50.83085" lon="4.82718">
        <ele>69</ele>
      </trkpt>
      <trkpt lat="50.83113" lon="4.82817">
        <ele>68</ele>
      </trkpt>
      <trkpt lat="50.83117" lon="4.8283">
        <ele>67</ele>
      </trkpt>
      <trkpt lat="50.8315" lon="4.82938">
        <ele>65</ele>
      </trkpt>
      <trkpt lat="50.83157" lon="4.82953">
        <ele>65</ele>
      </trkpt>
      <trkpt lat="50.83193" lon="4.83022">
        <ele>63</ele>
      </trkpt>
      <trkpt lat="50.83214" lon="4.83062">
        <ele>62</ele>
      </trkpt>
      <trkpt lat="50.83229" lon="4.83094">
        <ele>61</ele>
      </trkpt>
      <trkpt lat="50.83255" lon="4.83152">
        <ele>61</ele>
      </trkpt>
      <trkpt lat="50.83294" lon="4.83262">
        <ele>59</ele>
      </trkpt>
      <trkpt lat="50.83322" lon="4.83332">
        <ele>58</ele>
      </trkpt>
      <trkpt lat="50.83348" lon="4.83382">
        <ele>58</ele>
      </trkpt>
      <trkpt lat="50.83383" lon="4.8337">
        <ele>58</ele>
      </trkpt>
      <trkpt lat="50.83404" lon="4.83368">
        <ele>58</ele>
      </trkpt>
      <trkpt lat="50.83419" lon="4.83375">
        <ele>58</ele>
      </trkpt>
      <trkpt lat="50.83432" lon="4.83387">
        <ele>58</ele>
      </trkpt>
      <trkpt lat="50.8351" lon="4.83528">
        <ele>59</ele>
      </trkpt>
      <trkpt lat="50.8355" lon="4.83625">
        <ele>60</ele>
      </trkpt>
      <trkpt lat="50.83571" lon="4.83669">
        <ele>60</ele>
      </trkpt>
      <trkpt lat="50.83607" lon="4.83737">
        <ele>60</ele>
      </trkpt>
      <trkpt lat="50.83667" lon="4.83831">
        <ele>59</ele>
      </trkpt>
      <trkpt lat="50.83771" lon="4.84082">
        <ele>57</ele>
      </trkpt>
      <trkpt lat="50.83794" lon="4.84112">
        <ele>57</ele>
      </trkpt>
      <trkpt lat="50.83813" lon="4.84133">
        <ele>57</ele>
      </trkpt>
      <trkpt lat="50.8383" lon="4.84149">
        <ele>57</ele>
      </trkpt>
      <trkpt lat="50.83848" lon="4.84144">
        <ele>56</ele>
      </trkpt>
      <trkpt lat="50.83875" lon="4.84063">
        <ele>56</ele>
      </trkpt>
      <trkpt lat="50.83879" lon="4.84067">
        <ele>56</ele>
      </trkpt>
      <trkpt lat="50.83889" lon="4.84069">
        <ele>56</ele>
      </trkpt>
      <trkpt lat="50.83935" lon="4.84054">
        <ele>56</ele>
      </trkpt>
      <trkpt lat="50.83947" lon="4.84048">
        <ele>56</ele>
      </trkpt>
      <trkpt lat="50.83955" lon="4.84042">
        <ele>56</ele>
      </trkpt>
      <trkpt lat="50.84003" lon="4.83994">
        <ele>57</ele>
      </trkpt>
      <trkpt lat="50.84016" lon="4.83974">
        <ele>58</ele>
      </trkpt>
      <trkpt lat="50.84053" lon="4.83919">
        <ele>58</ele>
      </trkpt>
      <trkpt lat="50.84151" lon="4.83779">
        <ele>61</ele>
      </trkpt>
      <trkpt lat="50.84223" lon="4.83695">
        <ele>62</ele>
      </trkpt>
      <trkpt lat="50.84315" lon="4.8358">
        <ele>62</ele>
      </trkpt>
      <trkpt lat="50.84351" lon="4.83528">
        <ele>61</ele>
      </trkpt>
      <trkpt lat="50.84516" lon="4.8315">
        <ele>64</ele>
      </trkpt>
      <trkpt lat="50.84538" lon="4.83084">
        <ele>64</ele>
      </trkpt>
      <trkpt lat="50.84577" lon="4.8299">
        <ele>66</ele>
      </trkpt>
      <trkpt lat="50.84608" lon="4.82939">
        <ele>66</ele>
      </trkpt>
      <trkpt lat="50.84614" lon="4.82928">
        <ele>66</ele>
      </trkpt>
      <trkpt lat="50.84623" lon="4.82914">
        <ele>66</ele>
      </trkpt>
      <trkpt lat="50.84659" lon="4.82871">
        <ele>67</ele>
      </trkpt>
      <trkpt lat="50.847" lon="4.82832">
        <ele>68</ele>
      </trkpt>
      <trkpt lat="50.84736" lon="4.82784">
        <ele>70</ele>
      </trkpt>
      <trkpt lat="50.84762" lon="4.82723">
        <ele>71</ele>
      </trkpt>
      <trkpt lat="50.84788" lon="4.82653">
        <ele>72</ele>
      </trkpt>
      <trkpt lat="50.84795" lon="4.8262">
        <ele>73</ele>
      </trkpt>
      <trkpt lat="50.84796" lon="4.82597">
        <ele>73</ele>
      </trkpt>
      <trkpt lat="50.84789" lon="4.82563">
        <ele>75</ele>
      </trkpt>
      <trkpt lat="50.84778" lon="4.82518">
        <ele>75</ele>
      </trkpt>
      <trkpt lat="50.84776" lon="4.82446">
        <ele>76</ele>
      </trkpt>
      <trkpt lat="50.84788" lon="4.8236">
        <ele>77</ele>
      </trkpt>
      <trkpt lat="50.84807" lon="4.82225">
        <ele>80</ele>
      </trkpt>
      <trkpt lat="50.84815" lon="4.82159">
        <ele>79</ele>
      </trkpt>
      <trkpt lat="50.84817" lon="4.82093">
        <ele>79</ele>
      </trkpt>
      <trkpt lat="50.84842" lon="4.82113">
        <ele>79</ele>
      </trkpt>
      <trkpt lat="50.84876" lon="4.82138">
        <ele>77</ele>
      </trkpt>
      <trkpt lat="50.84906" lon="4.82156">
        <ele>77</ele>
      </trkpt>
      <trkpt lat="50.84933" lon="4.82169">
        <ele>77</ele>
      </trkpt>
      <trkpt lat="50.84972" lon="4.82182">
        <ele>77</ele>
      </trkpt>
      <trkpt lat="50.85004" lon="4.8219">
        <ele>77</ele>
      </trkpt>
      <trkpt lat="50.85063" lon="4.82197">
        <ele>78</ele>
      </trkpt>
      <trkpt lat="50.85128" lon="4.82205">
        <ele>78</ele>
      </trkpt>
      <trkpt lat="50.85198" lon="4.82205">
        <ele>75</ele>
      </trkpt>
      <trkpt lat="50.85233" lon="4.82207">
        <ele>75</ele>
      </trkpt>
      <trkpt lat="50.85238" lon="4.82207">
        <ele>75</ele>
      </trkpt>
      <trkpt lat="50.8526" lon="4.82208">
        <ele>74</ele>
      </trkpt>
      <trkpt lat="50.85277" lon="4.82209">
        <ele>71</ele>
      </trkpt>
      <trkpt lat="50.85293" lon="4.82209">
        <ele>71</ele>
      </trkpt>
      <trkpt lat="50.85318" lon="4.82208">
        <ele>71</ele>
      </trkpt>
      <trkpt lat="50.85441" lon="4.82181">
        <ele>68</ele>
      </trkpt>
      <trkpt lat="50.8552" lon="4.82164">
        <ele>69</ele>
      </trkpt>
      <trkpt lat="50.85531" lon="4.82162">
        <ele>67</ele>
      </trkpt>
      <trkpt lat="50.85546" lon="4.82163">
        <ele>67</ele>
      </trkpt>
      <trkpt lat="50.85678" lon="4.82166">
        <ele>69</ele>
      </trkpt>
      <trkpt lat="50.85738" lon="4.82168">
        <ele>69</ele>
      </trkpt>
      <trkpt lat="50.85972" lon="4.82173">
        <ele>65</ele>
      </trkpt>
      <trkpt lat="50.86085" lon="4.82175">
        <ele>64</ele>
      </trkpt>
      <trkpt lat="50.861" lon="4.82186">
        <ele>63</ele>
      </trkpt>
      <trkpt lat="50.86107" lon="4.82194">
        <ele>63</ele>
      </trkpt>
      <trkpt lat="50.86119" lon="4.82239">
        <ele>63</ele>
      </trkpt>
      <trkpt lat="50.8613" lon="4.82262">
        <ele>64</ele>
      </trkpt>
      <trkpt lat="50.86157" lon="4.82296">
        <ele>64</ele>
      </trkpt>
      <trkpt lat="50.86173" lon="4.82314">
        <ele>64</ele>
      </trkpt>
      <trkpt lat="50.8618" lon="4.82323">
        <ele>63</ele>
      </trkpt>
      <trkpt lat="50.8619" lon="4.82338">
        <ele>62</ele>
      </trkpt>
      <trkpt lat="50.86201" lon="4.82359">
        <ele>62</ele>
      </trkpt>
      <trkpt lat="50.8624" lon="4.82447">
        <ele>63</ele>
      </trkpt>
      <trkpt lat="50.8627" lon="4.82514">
        <ele>62</ele>
      </trkpt>
      <trkpt lat="50.86288" lon="4.8255">
        <ele>63</ele>
      </trkpt>
      <trkpt lat="50.86292" lon="4.8256">
        <ele>63</ele>
      </trkpt>
      <trkpt lat="50.86308" lon="4.82595">
        <ele>64</ele>
      </trkpt>
      <trkpt lat="50.86318" lon="4.82617">
        <ele>64</ele>
      </trkpt>
      <trkpt lat="50.86328" lon="4.82661">
        <ele>65</ele>
      </trkpt>
      <trkpt lat="50.86336" lon="4.82679">
        <ele>66</ele>
      </trkpt>
      <trkpt lat="50.8635" lon="4.82696">
        <ele>66</ele>
      </trkpt>
      <trkpt lat="50.86361" lon="4.82703">
        <ele>66</ele>
      </trkpt>
      <trkpt lat="50.86372" lon="4.82704">
        <ele>65</ele>
      </trkpt>
      <trkpt lat="50.86381" lon="4.82705">
        <ele>65</ele>
      </trkpt>
      <trkpt lat="50.86389" lon="4.82702">
        <ele>65</ele>
      </trkpt>
      <trkpt lat="50.86425" lon="4.82675">
        <ele>65</ele>
      </trkpt>
      <trkpt lat="50.86436" lon="4.82669">
        <ele>66</ele>
      </trkpt>
      <trkpt lat="50.86443" lon="4.82667">
        <ele>66</ele>
      </trkpt>
      <trkpt lat="50.86449" lon="4.82667">
        <ele>66</ele>
      </trkpt>
      <trkpt lat="50.86473" lon="4.82676">
        <ele>66</ele>
      </trkpt>
      <trkpt lat="50.86582" lon="4.82772">
        <ele>70</ele>
      </trkpt>
      <trkpt lat="50.86635" lon="4.82819">
        <ele>71</ele>
      </trkpt>
      <trkpt lat="50.8665" lon="4.82836">
        <ele>72</ele>
      </trkpt>
      <trkpt lat="50.86654" lon="4.82841">
        <ele>72</ele>
      </trkpt>
      <trkpt lat="50.86688" lon="4.82885">
        <ele>73</ele>
      </trkpt>
      <trkpt lat="50.8671" lon="4.82917">
        <ele>73</ele>
      </trkpt>
      <trkpt lat="50.86731" lon="4.82942">
        <ele>73</ele>
      </trkpt>
      <trkpt lat="50.86755" lon="4.82967">
        <ele>73</ele>
      </trkpt>
      <trkpt lat="50.86789" lon="4.83001">
        <ele>72</ele>
      </trkpt>
      <trkpt lat="50.86794" lon="4.83008">
        <ele>72</ele>
      </trkpt>
      <trkpt lat="50.86806" lon="4.83025">
        <ele>72</ele>
      </trkpt>
      <trkpt lat="50.8682" lon="4.83055">
        <ele>72</ele>
      </trkpt>
      <trkpt lat="50.86851" lon="4.83131">
        <ele>71</ele>
      </trkpt>
      <trkpt lat="50.86952" lon="4.83317">
        <ele>70</ele>
      </trkpt>
      <trkpt lat="50.87063" lon="4.83525">
        <ele>68</ele>
      </trkpt>
      <trkpt lat="50.87079" lon="4.83551">
        <ele>68</ele>
      </trkpt>
      <trkpt lat="50.871" lon="4.83575">
        <ele>69</ele>
      </trkpt>
      <trkpt lat="50.87119" lon="4.83589">
        <ele>68</ele>
      </trkpt>
      <trkpt lat="50.87129" lon="4.83597">
        <ele>68</ele>
      </trkpt>
      <trkpt lat="50.87168" lon="4.83647">
        <ele>67</ele>
      </trkpt>
      <trkpt lat="50.87285" lon="4.83827">
        <ele>64</ele>
      </trkpt>
      <trkpt lat="50.87317" lon="4.83858">
        <ele>62</ele>
      </trkpt>
      <trkpt lat="50.87354" lon="4.8388">
        <ele>63</ele>
      </trkpt>
      <trkpt lat="50.87428" lon="4.83926">
        <ele>61</ele>
      </trkpt>
      <trkpt lat="50.87464" lon="4.83947">
        <ele>62</ele>
      </trkpt>
      <trkpt lat="50.87543" lon="4.83992">
        <ele>63</ele>
      </trkpt>
      <trkpt lat="50.87589" lon="4.84025">
        <ele>61</ele>
      </trkpt>
      <trkpt lat="50.87679" lon="4.84104">
        <ele>60</ele>
      </trkpt>
      <trkpt lat="50.87692" lon="4.84117">
        <ele>59</ele>
      </trkpt>
      <trkpt lat="50.87712" lon="4.84136">
        <ele>59</ele>
      </trkpt>
      <trkpt lat="50.87734" lon="4.84157">
        <ele>58</ele>
      </trkpt>
      <trkpt lat="50.87758" lon="4.84179">
        <ele>58</ele>
      </trkpt>
      <trkpt lat="50.87763" lon="4.84183">
        <ele>58</ele>
      </trkpt>
      <trkpt lat="50.87814" lon="4.8423">
        <ele>56</ele>
      </trkpt>
      <trkpt lat="50.87849" lon="4.84272">
        <ele>55</ele>
      </trkpt>
      <trkpt lat="50.87874" lon="4.84306">
        <ele>54</ele>
      </trkpt>
      <trkpt lat="50.8788" lon="4.84313">
        <ele>54</ele>
      </trkpt>
      <trkpt lat="50.87902" lon="4.84344">
        <ele>54</ele>
      </trkpt>
      <trkpt lat="50.87915" lon="4.84357">
        <ele>54</ele>
      </trkpt>
      <trkpt lat="50.87925" lon="4.8435">
        <ele>54</ele>
      </trkpt>
      <trkpt lat="50.87961" lon="4.84316">
        <ele>55</ele>
      </trkpt>
      <trkpt lat="50.8798" lon="4.84298">
        <ele>55</ele>
      </trkpt>
      <trkpt lat="50.88001" lon="4.84279">
        <ele>55</ele>
      </trkpt>
      <trkpt lat="50.88023" lon="4.84257">
        <ele>57</ele>
      </trkpt>
      <trkpt lat="50.88041" lon="4.84241">
        <ele>58</ele>
      </trkpt>
      <trkpt lat="50.88054" lon="4.84234">
        <ele>58</ele>
      </trkpt>
      <trkpt lat="50.88065" lon="4.84225">
        <ele>58</ele>
      </trkpt>
      <trkpt lat="50.88088" lon="4.84192">
        <ele>59</ele>
      </trkpt>
      <trkpt lat="50.88104" lon="4.84171">
        <ele>60</ele>
      </trkpt>
      <trkpt lat="50.88109" lon="4.84166">
        <ele>60</ele>
      </trkpt>
      <trkpt lat="50.88123" lon="4.84151">
        <ele>60</ele>
      </trkpt>
      <trkpt lat="50.88132" lon="4.84142">
        <ele>60</ele>
      </trkpt>
      <trkpt lat="50.88136" lon="4.84139">
        <ele>60</ele>
      </trkpt>
      <trkpt lat="50.88145" lon="4.84131">
        <ele>61</ele>
      </trkpt>
      <trkpt lat="50.8815" lon="4.8414">
        <ele>60</ele>
      </trkpt>
      <trkpt lat="50.88156" lon="4.84145">
        <ele>60</ele>
      </trkpt>
      <trkpt lat="50.88162" lon="4.84145">
        <ele>60</ele>
      </trkpt>
      <trkpt lat="50.88168" lon="4.8414">
        <ele>60</ele>
      </trkpt>
      <trkpt lat="50.88172" lon="4.84132">
        <ele>60</ele>
      </trkpt>
      <trkpt lat="50.88173" lon="4.84121">
        <ele>60</ele>
      </trkpt>
      <trkpt lat="50.88171" lon="4.84111">
        <ele>60</ele>
      </trkpt>
      <trkpt lat="50.8818" lon="4.841">
        <ele>60</ele>
      </trkpt>
      <trkpt lat="50.88291" lon="4.83941">
        <ele>60</ele>
      </trkpt>
      <trkpt lat="50.88297" lon="4.83932">
        <ele>60</ele>
      </trkpt>
      <trkpt lat="50.88305" lon="4.83921">
        <ele>60</ele>
      </trkpt>
      <trkpt lat="50.88308" lon="4.83916">
        <ele>60</ele>
      </trkpt>
      <trkpt lat="50.88326" lon="4.83892">
        <ele>61</ele>
      </trkpt>
      <trkpt lat="50.88342" lon="4.83874">
        <ele>61</ele>
      </trkpt>
      <trkpt lat="50.88358" lon="4.83855">
        <ele>61</ele>
      </trkpt>
      <trkpt lat="50.88416" lon="4.83798">
        <ele>64</ele>
      </trkpt>
      <trkpt lat="50.88436" lon="4.83778">
        <ele>63</ele>
      </trkpt>
      <trkpt lat="50.88459" lon="4.8375">
        <ele>63</ele>
      </trkpt>
      <trkpt lat="50.88484" lon="4.83714">
        <ele>65</ele>
      </trkpt>
      <trkpt lat="50.88515" lon="4.83664">
        <ele>64</ele>
      </trkpt>
      <trkpt lat="50.88534" lon="4.83634">
        <ele>65</ele>
      </trkpt>
      <trkpt lat="50.88575" lon="4.83586">
        <ele>65</ele>
      </trkpt>
      <trkpt lat="50.88582" lon="4.83578">
        <ele>67</ele>
      </trkpt>
      <trkpt lat="50.88733" lon="4.83411">
        <ele>69</ele>
      </trkpt>
      <trkpt lat="50.88741" lon="4.83404">
        <ele>69</ele>
      </trkpt>
      <trkpt lat="50.88757" lon="4.83395">
        <ele>69</ele>
      </trkpt>
      <trkpt lat="50.88771" lon="4.83391">
        <ele>69</ele>
      </trkpt>
      <trkpt lat="50.88778" lon="4.83391">
        <ele>69</ele>
      </trkpt>
      <trkpt lat="50.88803" lon="4.83388">
        <ele>69</ele>
      </trkpt>
      <trkpt lat="50.88809" lon="4.83388">
        <ele>69</ele>
      </trkpt>
      <trkpt lat="50.88841" lon="4.83387">
        <ele>69</ele>
      </trkpt>
      <trkpt lat="50.88869" lon="4.8339">
        <ele>70</ele>
      </trkpt>
      <trkpt lat="50.88972" lon="4.83408">
        <ele>69</ele>
      </trkpt>
      <trkpt lat="50.88988" lon="4.83411">
        <ele>69</ele>
      </trkpt>
      <trkpt lat="50.8916" lon="4.83446">
        <ele>58</ele>
      </trkpt>
      <trkpt lat="50.89178" lon="4.83448">
        <ele>57</ele>
      </trkpt>
      <trkpt lat="50.89199" lon="4.83444">
        <ele>53</ele>
      </trkpt>
      <trkpt lat="50.8922" lon="4.83436">
        <ele>53</ele>
      </trkpt>
      <trkpt lat="50.89242" lon="4.83423">
        <ele>52</ele>
      </trkpt>
      <trkpt lat="50.89267" lon="4.83398">
        <ele>49</ele>
      </trkpt>
      <trkpt lat="50.89302" lon="4.83358">
        <ele>49</ele>
      </trkpt>
      <trkpt lat="50.89308" lon="4.83351">
        <ele>49</ele>
      </trkpt>
      <trkpt lat="50.89377" lon="4.83275">
        <ele>48</ele>
      </trkpt>
      <trkpt lat="50.89492" lon="4.83102">
        <ele>45</ele>
      </trkpt>
      <trkpt lat="50.89539" lon="4.83037">
        <ele>45</ele>
      </trkpt>
      <trkpt lat="50.89554" lon="4.83019">
        <ele>45</ele>
      </trkpt>
      <trkpt lat="50.89579" lon="4.82997">
        <ele>46</ele>
      </trkpt>
      <trkpt lat="50.89593" lon="4.82987">
        <ele>46</ele>
      </trkpt>
      <trkpt lat="50.89608" lon="4.82979">
        <ele>47</ele>
      </trkpt>
      <trkpt lat="50.89684" lon="4.82939">
        <ele>48</ele>
      </trkpt>
      <trkpt lat="50.89702" lon="4.8293">
        <ele>49</ele>
      </trkpt>
      <trkpt lat="50.89738" lon="4.82912">
        <ele>50</ele>
      </trkpt>
      <trkpt lat="50.89744" lon="4.82909">
        <ele>50</ele>
      </trkpt>
      <trkpt lat="50.89748" lon="4.82906">
        <ele>50</ele>
      </trkpt>
      <trkpt lat="50.89765" lon="4.8297">
        <ele>52</ele>
      </trkpt>
      <trkpt lat="50.89766" lon="4.82977">
        <ele>53</ele>
      </trkpt>
      <trkpt lat="50.89771" lon="4.82996">
        <ele>53</ele>
      </trkpt>
      <trkpt lat="50.89783" lon="4.83045">
        <ele>52</ele>
      </trkpt>
      <trkpt lat="50.89834" lon="4.83258">
        <ele>48</ele>
      </trkpt>
      <trkpt lat="50.8986" lon="4.83268">
        <ele>51</ele>
      </trkpt>
      <trkpt lat="50.89881" lon="4.83275">
        <ele>52</ele>
      </trkpt>
      <trkpt lat="50.89899" lon="4.83284">
        <ele>52</ele>
      </trkpt>
      <trkpt lat="50.89919" lon="4.83301">
        <ele>52</ele>
      </trkpt>
      <trkpt lat="50.89933" lon="4.83322">
        <ele>57</ele>
      </trkpt>
      <trkpt lat="50.89969" lon="4.83384">
        <ele>53</ele>
      </trkpt>
      <trkpt lat="50.89973" lon="4.83391">
        <ele>54</ele>
      </trkpt>
      <trkpt lat="50.89988" lon="4.83416">
        <ele>52</ele>
      </trkpt>
      <trkpt lat="50.90015" lon="4.83461">
        <ele>52</ele>
      </trkpt>
      <trkpt lat="50.90034" lon="4.835">
        <ele>52</ele>
      </trkpt>
      <trkpt lat="50.9004" lon="4.83502">
        <ele>53</ele>
      </trkpt>
      <trkpt lat="50.90046" lon="4.83502">
        <ele>53</ele>
      </trkpt>
      <trkpt lat="50.90052" lon="4.83497">
        <ele>55</ele>
      </trkpt>
      <trkpt lat="50.90061" lon="4.83476">
        <ele>56</ele>
      </trkpt>
      <trkpt lat="50.90079" lon="4.83429">
        <ele>57</ele>
      </trkpt>
      <trkpt lat="50.90111" lon="4.83353">
        <ele>64</ele>
      </trkpt>
      <trkpt lat="50.90136" lon="4.83295">
        <ele>70</ele>
      </trkpt>
      <trkpt lat="50.90167" lon="4.83223">
        <ele>73</ele>
      </trkpt>
      <trkpt lat="50.902" lon="4.83156">
        <ele>73</ele>
      </trkpt>
      <trkpt lat="50.90234" lon="4.83095">
        <ele>73</ele>
      </trkpt>
      <trkpt lat="50.90279" lon="4.83028">
        <ele>71</ele>
      </trkpt>
      <trkpt lat="50.90332" lon="4.82951">
        <ele>71</ele>
      </trkpt>
      <trkpt lat="50.90386" lon="4.82871">
        <ele>72</ele>
      </trkpt>
      <trkpt lat="50.90338" lon="4.82661">
        <ele>76</ele>
      </trkpt>
      <trkpt lat="50.90258" lon="4.82267">
        <ele>76</ele>
      </trkpt>
      <trkpt lat="50.90231" lon="4.82119">
        <ele>77</ele>
      </trkpt>
      <trkpt lat="50.9021" lon="4.82024">
        <ele>77</ele>
      </trkpt>
      <trkpt lat="50.90194" lon="4.81953">
        <ele>77</ele>
      </trkpt>
      <trkpt lat="50.90172" lon="4.81855">
        <ele>77</ele>
      </trkpt>
      <trkpt lat="50.90147" lon="4.8175">
        <ele>76</ele>
      </trkpt>
      <trkpt lat="50.90039" lon="4.81386">
        <ele>66</ele>
      </trkpt>
      <trkpt lat="50.89938" lon="4.81048">
        <ele>63</ele>
      </trkpt>
      <trkpt lat="50.89934" lon="4.81035">
        <ele>63</ele>
      </trkpt>
      <trkpt lat="50.89961" lon="4.81007">
        <ele>63</ele>
      </trkpt>
      <trkpt lat="50.90112" lon="4.80848">
        <ele>56</ele>
      </trkpt>
      <trkpt lat="50.90151" lon="4.80808">
        <ele>56</ele>
      </trkpt>
      <trkpt lat="50.90182" lon="4.80775">
        <ele>56</ele>
      </trkpt>
      <trkpt lat="50.90194" lon="4.80763">
        <ele>56</ele>
      </trkpt>
      <trkpt lat="50.90213" lon="4.80749">
        <ele>56</ele>
      </trkpt>
      <trkpt lat="50.90232" lon="4.80738">
        <ele>57</ele>
      </trkpt>
      <trkpt lat="50.90253" lon="4.80729">
        <ele>57</ele>
      </trkpt>
      <trkpt lat="50.90268" lon="4.80726">
        <ele>58</ele>
      </trkpt>
      <trkpt lat="50.90309" lon="4.80721">
        <ele>58</ele>
      </trkpt>
      <trkpt lat="50.90304" lon="4.8069">
        <ele>58</ele>
      </trkpt>
      <trkpt lat="50.90234" lon="4.80562">
        <ele>62</ele>
      </trkpt>
      <trkpt lat="50.90201" lon="4.80498">
        <ele>62</ele>
      </trkpt>
      <trkpt lat="50.90169" lon="4.80433">
        <ele>64</ele>
      </trkpt>
      <trkpt lat="50.90141" lon="4.80349">
        <ele>65</ele>
      </trkpt>
      <trkpt lat="50.90127" lon="4.80295">
        <ele>67</ele>
      </trkpt>
      <trkpt lat="50.90067" lon="4.80026">
        <ele>70</ele>
      </trkpt>
      <trkpt lat="50.90056" lon="4.79978">
        <ele>70</ele>
      </trkpt>
      <trkpt lat="50.90016" lon="4.79804">
        <ele>70</ele>
      </trkpt>
      <trkpt lat="50.89944" lon="4.79493">
        <ele>71</ele>
      </trkpt>
      <trkpt lat="50.8992" lon="4.79395">
        <ele>73</ele>
      </trkpt>
      <trkpt lat="50.89912" lon="4.7936">
        <ele>73</ele>
      </trkpt>
      <trkpt lat="50.89884" lon="4.7924">
        <ele>73</ele>
      </trkpt>
      <trkpt lat="50.89848" lon="4.79087">
        <ele>74</ele>
      </trkpt>
      <trkpt lat="50.89826" lon="4.78994">
        <ele>74</ele>
      </trkpt>
      <trkpt lat="50.89787" lon="4.7883">
        <ele>73</ele>
      </trkpt>
      <trkpt lat="50.89768" lon="4.78748">
        <ele>72</ele>
      </trkpt>
      <trkpt lat="50.8976" lon="4.78716">
        <ele>70</ele>
      </trkpt>
      <trkpt lat="50.89739" lon="4.78626">
        <ele>71</ele>
      </trkpt>
      <trkpt lat="50.89715" lon="4.78516">
        <ele>72</ele>
      </trkpt>
      <trkpt lat="50.897" lon="4.78449">
        <ele>73</ele>
      </trkpt>
      <trkpt lat="50.89676" lon="4.78339">
        <ele>73</ele>
      </trkpt>
      <trkpt lat="50.89664" lon="4.78288">
        <ele>74</ele>
      </trkpt>
      <trkpt lat="50.89654" lon="4.78251">
        <ele>74</ele>
      </trkpt>
      <trkpt lat="50.89639" lon="4.78196">
        <ele>75</ele>
      </trkpt>
      <trkpt lat="50.89626" lon="4.78143">
        <ele>74</ele>
      </trkpt>
      <trkpt lat="50.89624" lon="4.78136">
        <ele>74</ele>
      </trkpt>
      <trkpt lat="50.89607" lon="4.78073">
        <ele>74</ele>
      </trkpt>
      <trkpt lat="50.89573" lon="4.77946">
        <ele>68</ele>
      </trkpt>
      <trkpt lat="50.89568" lon="4.77928">
        <ele>68</ele>
      </trkpt>
      <trkpt lat="50.8956" lon="4.77911">
        <ele>68</ele>
      </trkpt>
      <trkpt lat="50.89499" lon="4.77788">
        <ele>61</ele>
      </trkpt>
      <trkpt lat="50.89474" lon="4.7773">
        <ele>61</ele>
      </trkpt>
      <trkpt lat="50.89463" lon="4.77699">
        <ele>62</ele>
      </trkpt>
      <trkpt lat="50.89451" lon="4.77659">
        <ele>61</ele>
      </trkpt>
      <trkpt lat="50.89442" lon="4.77626">
        <ele>61</ele>
      </trkpt>
      <trkpt lat="50.89436" lon="4.776">
        <ele>60</ele>
      </trkpt>
      <trkpt lat="50.89424" lon="4.77544">
        <ele>52</ele>
      </trkpt>
      <trkpt lat="50.8941" lon="4.77483">
        <ele>48</ele>
      </trkpt>
      <trkpt lat="50.89405" lon="4.77451">
        <ele>47</ele>
      </trkpt>
      <trkpt lat="50.89403" lon="4.77433">
        <ele>47</ele>
      </trkpt>
      <trkpt lat="50.89399" lon="4.77328">
        <ele>42</ele>
      </trkpt>
      <trkpt lat="50.89397" lon="4.77247">
        <ele>41</ele>
      </trkpt>
      <trkpt lat="50.89398" lon="4.77214">
        <ele>39</ele>
      </trkpt>
      <trkpt lat="50.89398" lon="4.77205">
        <ele>38</ele>
      </trkpt>
      <trkpt lat="50.89398" lon="4.77189">
        <ele>38</ele>
      </trkpt>
      <trkpt lat="50.89405" lon="4.77168">
        <ele>38</ele>
      </trkpt>
      <trkpt lat="50.89434" lon="4.77086">
        <ele>39</ele>
      </trkpt>
      <trkpt lat="50.89448" lon="4.77049">
        <ele>37</ele>
      </trkpt>
      <trkpt lat="50.89456" lon="4.77028">
        <ele>37</ele>
      </trkpt>
      <trkpt lat="50.89471" lon="4.76991">
        <ele>37</ele>
      </trkpt>
      <trkpt lat="50.89481" lon="4.76968">
        <ele>36</ele>
      </trkpt>
      <trkpt lat="50.89486" lon="4.76955">
        <ele>36</ele>
      </trkpt>
      <trkpt lat="50.89495" lon="4.76933">
        <ele>36</ele>
      </trkpt>
      <trkpt lat="50.89499" lon="4.76921">
        <ele>37</ele>
      </trkpt>
      <trkpt lat="50.89502" lon="4.76909">
        <ele>36</ele>
      </trkpt>
      <trkpt lat="50.89504" lon="4.76889">
        <ele>36</ele>
      </trkpt>
      <trkpt lat="50.89505" lon="4.76865">
        <ele>36</ele>
      </trkpt>
      <trkpt lat="50.89506" lon="4.76832">
        <ele>36</ele>
      </trkpt>
      <trkpt lat="50.89522" lon="4.76815">
        <ele>37</ele>
      </trkpt>
      <trkpt lat="50.89538" lon="4.76799">
        <ele>37</ele>
      </trkpt>
      <trkpt lat="50.8955" lon="4.76779">
        <ele>37</ele>
      </trkpt>
      <trkpt lat="50.89557" lon="4.76788">
        <ele>36</ele>
      </trkpt>
      <trkpt lat="50.89566" lon="4.76793">
        <ele>37</ele>
      </trkpt>
      <trkpt lat="50.89574" lon="4.76793">
        <ele>38</ele>
      </trkpt>
      <trkpt lat="50.89585" lon="4.76789">
        <ele>38</ele>
      </trkpt>
      <trkpt lat="50.89593" lon="4.76783">
        <ele>38</ele>
      </trkpt>
      <trkpt lat="50.896" lon="4.76778">
        <ele>44</ele>
      </trkpt>
      <trkpt lat="50.89616" lon="4.76761">
        <ele>44</ele>
      </trkpt>
      <trkpt lat="50.89621" lon="4.76756">
        <ele>44</ele>
      </trkpt>
      <trkpt lat="50.89631" lon="4.76746">
        <ele>43</ele>
      </trkpt>
      <trkpt lat="50.89643" lon="4.76732">
        <ele>44</ele>
      </trkpt>
      <trkpt lat="50.89671" lon="4.76706">
        <ele>45</ele>
      </trkpt>
      <trkpt lat="50.89669" lon="4.76696">
        <ele>45</ele>
      </trkpt>
      <trkpt lat="50.89667" lon="4.76683">
        <ele>44</ele>
      </trkpt>
      <trkpt lat="50.89663" lon="4.76656">
        <ele>43</ele>
      </trkpt>
      <trkpt lat="50.89652" lon="4.76588">
        <ele>42</ele>
      </trkpt>
      <trkpt lat="50.89627" lon="4.76435">
        <ele>40</ele>
      </trkpt>
      <trkpt lat="50.89615" lon="4.76367">
        <ele>39</ele>
      </trkpt>
      <trkpt lat="50.89612" lon="4.76351">
        <ele>39</ele>
      </trkpt>
      <trkpt lat="50.89608" lon="4.76331">
        <ele>39</ele>
      </trkpt>
      <trkpt lat="50.89601" lon="4.76295">
        <ele>39</ele>
      </trkpt>
      <trkpt lat="50.89591" lon="4.76255">
        <ele>38</ele>
      </trkpt>
      <trkpt lat="50.89589" lon="4.76247">
        <ele>38</ele>
      </trkpt>
      <trkpt lat="50.89587" lon="4.76237">
        <ele>38</ele>
      </trkpt>
      <trkpt lat="50.89586" lon="4.76221">
        <ele>38</ele>
      </trkpt>
      <trkpt lat="50.89586" lon="4.76207">
        <ele>38</ele>
      </trkpt>
      <trkpt lat="50.89588" lon="4.76203">
        <ele>38</ele>
      </trkpt>
      <trkpt lat="50.89588" lon="4.76193">
        <ele>38</ele>
      </trkpt>
      <trkpt lat="50.89581" lon="4.76187">
        <ele>37</ele>
      </trkpt>
      <trkpt lat="50.89573" lon="4.76177">
        <ele>37</ele>
      </trkpt>
      <trkpt lat="50.89566" lon="4.76164">
        <ele>37</ele>
      </trkpt>
      <trkpt lat="50.89483" lon="4.75944">
        <ele>36</ele>
      </trkpt>
      <trkpt lat="50.8945" lon="4.7585">
        <ele>38</ele>
      </trkpt>
      <trkpt lat="50.89421" lon="4.75753">
        <ele>36</ele>
      </trkpt>
      <trkpt lat="50.8939" lon="4.75641">
        <ele>36</ele>
      </trkpt>
      <trkpt lat="50.89388" lon="4.75631">
        <ele>35</ele>
      </trkpt>
      <trkpt lat="50.89376" lon="4.75574">
        <ele>36</ele>
      </trkpt>
      <trkpt lat="50.89369" lon="4.75527">
        <ele>35</ele>
      </trkpt>
      <trkpt lat="50.89365" lon="4.75459">
        <ele>34</ele>
      </trkpt>
      <trkpt lat="50.89365" lon="4.75407">
        <ele>33</ele>
      </trkpt>
      <trkpt lat="50.89387" lon="4.75142">
        <ele>30</ele>
      </trkpt>
      <trkpt lat="50.89395" lon="4.75085">
        <ele>30</ele>
      </trkpt>
      <trkpt lat="50.89397" lon="4.75075">
        <ele>30</ele>
      </trkpt>
      <trkpt lat="50.894" lon="4.75057">
        <ele>30</ele>
      </trkpt>
      <trkpt lat="50.89406" lon="4.75039">
        <ele>30</ele>
      </trkpt>
      <trkpt lat="50.89415" lon="4.7501">
        <ele>30</ele>
      </trkpt>
      <trkpt lat="50.89439" lon="4.74944">
        <ele>35</ele>
      </trkpt>
      <trkpt lat="50.89441" lon="4.74935">
        <ele>35</ele>
      </trkpt>
      <trkpt lat="50.89438" lon="4.74913">
        <ele>35</ele>
      </trkpt>
      <trkpt lat="50.89432" lon="4.749">
        <ele>34</ele>
      </trkpt>
      <trkpt lat="50.89422" lon="4.74886">
        <ele>30</ele>
      </trkpt>
      <trkpt lat="50.89401" lon="4.74858">
        <ele>29</ele>
      </trkpt>
      <trkpt lat="50.89388" lon="4.74844">
        <ele>29</ele>
      </trkpt>
      <trkpt lat="50.8938" lon="4.74837">
        <ele>29</ele>
      </trkpt>
      <trkpt lat="50.89374" lon="4.74831">
        <ele>29</ele>
      </trkpt>
      <trkpt lat="50.89348" lon="4.74817">
        <ele>28</ele>
      </trkpt>
      <trkpt lat="50.89337" lon="4.74807">
        <ele>28</ele>
      </trkpt>
      <trkpt lat="50.89329" lon="4.74793">
        <ele>28</ele>
      </trkpt>
      <trkpt lat="50.89324" lon="4.7478">
        <ele>28</ele>
      </trkpt>
      <trkpt lat="50.89319" lon="4.74757">
        <ele>28</ele>
      </trkpt>
      <trkpt lat="50.89313" lon="4.74729">
        <ele>28</ele>
      </trkpt>
      <trkpt lat="50.89286" lon="4.74585">
        <ele>26</ele>
      </trkpt>
      <trkpt lat="50.89284" lon="4.74575">
        <ele>26</ele>
      </trkpt>
      <trkpt lat="50.89273" lon="4.74529">
        <ele>26</ele>
      </trkpt>
      <trkpt lat="50.89261" lon="4.74484">
        <ele>27</ele>
      </trkpt>
      <trkpt lat="50.89195" lon="4.74261">
        <ele>28</ele>
      </trkpt>
      <trkpt lat="50.89175" lon="4.74194">
        <ele>27</ele>
      </trkpt>
      <trkpt lat="50.89171" lon="4.74186">
        <ele>27</ele>
      </trkpt>
      <trkpt lat="50.89165" lon="4.74167">
        <ele>27</ele>
      </trkpt>
      <trkpt lat="50.89165" lon="4.7416">
        <ele>27</ele>
      </trkpt>
      <trkpt lat="50.89163" lon="4.74152">
        <ele>27</ele>
      </trkpt>
      <trkpt lat="50.89158" lon="4.74135">
        <ele>27</ele>
      </trkpt>
      <trkpt lat="50.89155" lon="4.74128">
        <ele>27</ele>
      </trkpt>
      <trkpt lat="50.89133" lon="4.74053">
        <ele>26</ele>
      </trkpt>
      <trkpt lat="50.89125" lon="4.74021">
        <ele>27</ele>
      </trkpt>
      <trkpt lat="50.89126" lon="4.74021">
        <ele>27</ele>
      </trkpt>
      <trkpt lat="50.89088" lon="4.73866">
        <ele>29</ele>
      </trkpt>
      <trkpt lat="50.88931" lon="4.73182">
        <ele>25</ele>
      </trkpt>
      <trkpt lat="50.88917" lon="4.73125">
        <ele>25</ele>
      </trkpt>
      <trkpt lat="50.89024" lon="4.72975">
        <ele>24</ele>
      </trkpt>
      <trkpt lat="50.89048" lon="4.72938">
        <ele>24</ele>
      </trkpt>
      <trkpt lat="50.89027" lon="4.72861">
        <ele>24</ele>
      </trkpt>
      <trkpt lat="50.88988" lon="4.72736">
        <ele>26</ele>
      </trkpt>
      <trkpt lat="50.88971" lon="4.72701">
        <ele>27</ele>
      </trkpt>
      <trkpt lat="50.88864" lon="4.72535">
        <ele>27</ele>
      </trkpt>
      <trkpt lat="50.88833" lon="4.72468">
        <ele>27</ele>
      </trkpt>
      <trkpt lat="50.88784" lon="4.72355">
        <ele>26</ele>
      </trkpt>
      <trkpt lat="50.88692" lon="4.7214">
        <ele>24</ele>
      </trkpt>
      <trkpt lat="50.88674" lon="4.72101">
        <ele>24</ele>
      </trkpt>
      <trkpt lat="50.88669" lon="4.72092">
        <ele>24</ele>
      </trkpt>
      <trkpt lat="50.88581" lon="4.71952">
        <ele>23</ele>
      </trkpt>
      <trkpt lat="50.88584" lon="4.71947">
        <ele>23</ele>
      </trkpt>
      <trkpt lat="50.88584" lon="4.71941">
        <ele>23</ele>
      </trkpt>
      <trkpt lat="50.88583" lon="4.71935">
        <ele>23</ele>
      </trkpt>
      <trkpt lat="50.8858" lon="4.7193">
        <ele>23</ele>
      </trkpt>
      <trkpt lat="50.88577" lon="4.71929">
        <ele>23</ele>
      </trkpt>
      <trkpt lat="50.88573" lon="4.7193">
        <ele>23</ele>
      </trkpt>
      <trkpt lat="50.8856" lon="4.71874">
        <ele>22</ele>
      </trkpt>
      <trkpt lat="50.88556" lon="4.71864">
        <ele>23</ele>
      </trkpt>
      <trkpt lat="50.88546" lon="4.71853">
        <ele>23</ele>
      </trkpt>
      <trkpt lat="50.88457" lon="4.7179">
        <ele>24</ele>
      </trkpt>
      <trkpt lat="50.88407" lon="4.71685">
        <ele>25</ele>
      </trkpt>
      <trkpt lat="50.88442" lon="4.71627">
        <ele>23</ele>
      </trkpt>
      <trkpt lat="50.88449" lon="4.71611">
        <ele>23</ele>
      </trkpt>
      <trkpt lat="50.88453" lon="4.71596">
        <ele>23</ele>
      </trkpt>
      <trkpt lat="50.88458" lon="4.71576">
        <ele>22</ele>
      </trkpt>
      <trkpt lat="50.88457" lon="4.71545">
        <ele>22</ele>
      </trkpt>
      <trkpt lat="50.88451" lon="4.71471">
        <ele>21</ele>
      </trkpt>
      <trkpt lat="50.88453" lon="4.71456">
        <ele>21</ele>
      </trkpt>
      <trkpt lat="50.88458" lon="4.71438">
        <ele>21</ele>
      </trkpt>
      <trkpt lat="50.88666" lon="4.7095">
        <ele>21</ele>
      </trkpt>
      <trkpt lat="50.88684" lon="4.70906">
        <ele>21</ele>
      </trkpt>
      <trkpt lat="50.88704" lon="4.70887">
        <ele>21</ele>
      </trkpt>
      <trkpt lat="50.88777" lon="4.70709">
        <ele>18</ele>
      </trkpt>
      <trkpt lat="50.88785" lon="4.70676">
        <ele>18</ele>
      </trkpt>
      <trkpt lat="50.88794" lon="4.70677">
        <ele>18</ele>
      </trkpt>
      <trkpt lat="50.88792" lon="4.70669">
        <ele>18</ele>
      </trkpt>
      <trkpt lat="50.88793" lon="4.70652">
        <ele>19</ele>
      </trkpt>
      <trkpt lat="50.88798" lon="4.7062">
        <ele>19</ele>
      </trkpt>
      <trkpt lat="50.88799" lon="4.70618">
        <ele>19</ele>
      </trkpt>
      <trkpt lat="50.88804" lon="4.70617">
        <ele>19</ele>
      </trkpt>
      <trkpt lat="50.88811" lon="4.70593">
        <ele>19</ele>
      </trkpt>
      <trkpt lat="50.88839" lon="4.70598">
        <ele>19</ele>
      </trkpt>
      <trkpt lat="50.88927" lon="4.70601">
        <ele>19</ele>
      </trkpt>
      <trkpt lat="50.89014" lon="4.70602">
        <ele>20</ele>
      </trkpt>
      <trkpt lat="50.89015" lon="4.70613">
        <ele>21</ele>
      </trkpt>
      <trkpt lat="50.89027" lon="4.70614">
        <ele>21</ele>
      </trkpt>
      <trkpt lat="50.89027" lon="4.70622">
        <ele>21</ele>
      </trkpt>
      <trkpt lat="50.89313" lon="4.70626">
        <ele>20</ele>
      </trkpt>
      <trkpt lat="50.89326" lon="4.70625">
        <ele>20</ele>
      </trkpt>
      <trkpt lat="50.89346" lon="4.70616">
        <ele>20</ele>
      </trkpt>
      <trkpt lat="50.89388" lon="4.70577">
        <ele>20</ele>
      </trkpt>
      <trkpt lat="50.89408" lon="4.70572">
        <ele>20</ele>
      </trkpt>
      <trkpt lat="50.89425" lon="4.70576">
        <ele>20</ele>
      </trkpt>
      <trkpt lat="50.89435" lon="4.70583">
        <ele>18</ele>
      </trkpt>
      <trkpt lat="50.89471" lon="4.70619">
        <ele>17</ele>
      </trkpt>
      <trkpt lat="50.89484" lon="4.70627">
        <ele>17</ele>
      </trkpt>
      <trkpt lat="50.89502" lon="4.70631">
        <ele>17</ele>
      </trkpt>
      <trkpt lat="50.90043" lon="4.70639">
        <ele>16</ele>
      </trkpt>
      <trkpt lat="50.90044" lon="4.70631">
        <ele>16</ele>
      </trkpt>
      <trkpt lat="50.90062" lon="4.70633">
        <ele>16</ele>
      </trkpt>
      <trkpt lat="50.90113" lon="4.7062">
        <ele>17</ele>
      </trkpt>
      <trkpt lat="50.90139" lon="4.7062">
        <ele>17</ele>
      </trkpt>
      <trkpt lat="50.90171" lon="4.70624">
        <ele>17</ele>
      </trkpt>
      <trkpt lat="50.90172" lon="4.70594">
        <ele>17</ele>
      </trkpt>
      <trkpt lat="50.90177" lon="4.70574">
        <ele>17</ele>
      </trkpt>
      <trkpt lat="50.90233" lon="4.70309">
        <ele>18</ele>
      </trkpt>
      <trkpt lat="50.90241" lon="4.70216">
        <ele>18</ele>
      </trkpt>
      <trkpt lat="50.90248" lon="4.70174">
        <ele>18</ele>
      </trkpt>
      <trkpt lat="50.90257" lon="4.70137">
        <ele>18</ele>
      </trkpt>
      <trkpt lat="50.90268" lon="4.70106">
        <ele>17</ele>
      </trkpt>
      <trkpt lat="50.90289" lon="4.70052">
        <ele>20</ele>
      </trkpt>
      <trkpt lat="50.90311" lon="4.69957">
        <ele>22</ele>
      </trkpt>
      <trkpt lat="50.90315" lon="4.6995">
        <ele>22</ele>
      </trkpt>
      <trkpt lat="50.90416" lon="4.6937">
        <ele>25</ele>
      </trkpt>
      <trkpt lat="50.90415" lon="4.6937">
        <ele>25</ele>
      </trkpt>
      <trkpt lat="50.90429" lon="4.69286">
        <ele>25</ele>
      </trkpt>
      <trkpt lat="50.90521" lon="4.68758">
        <ele>24</ele>
      </trkpt>
      <trkpt lat="50.90542" lon="4.68624">
        <ele>25</ele>
      </trkpt>
      <trkpt lat="50.90549" lon="4.68547">
        <ele>26</ele>
      </trkpt>
      <trkpt lat="50.90551" lon="4.68493">
        <ele>28</ele>
      </trkpt>
      <trkpt lat="50.90552" lon="4.68477">
        <ele>28</ele>
      </trkpt>
      <trkpt lat="50.90553" lon="4.68444">
        <ele>29</ele>
      </trkpt>
      <trkpt lat="50.90556" lon="4.6843">
        <ele>29</ele>
      </trkpt>
      <trkpt lat="50.90562" lon="4.68419">
        <ele>29</ele>
      </trkpt>
      <trkpt lat="50.90559" lon="4.68412">
        <ele>29</ele>
      </trkpt>
      <trkpt lat="50.90553" lon="4.68398">
        <ele>30</ele>
      </trkpt>
      <trkpt lat="50.90551" lon="4.68381">
        <ele>31</ele>
      </trkpt>
      <trkpt lat="50.9055" lon="4.68296">
        <ele>30</ele>
      </trkpt>
      <trkpt lat="50.9055" lon="4.68286">
        <ele>31</ele>
      </trkpt>
      <trkpt lat="50.9055" lon="4.68271">
        <ele>30</ele>
      </trkpt>
      <trkpt lat="50.90549" lon="4.68202">
        <ele>30</ele>
      </trkpt>
      <trkpt lat="50.9055" lon="4.68172">
        <ele>29</ele>
      </trkpt>
      <trkpt lat="50.90552" lon="4.68149">
        <ele>29</ele>
      </trkpt>
      <trkpt lat="50.90559" lon="4.68107">
        <ele>29</ele>
      </trkpt>
      <trkpt lat="50.90568" lon="4.68047">
        <ele>28</ele>
      </trkpt>
      <trkpt lat="50.90572" lon="4.6802">
        <ele>28</ele>
      </trkpt>
      <trkpt lat="50.90577" lon="4.67978">
        <ele>28</ele>
      </trkpt>
      <trkpt lat="50.90592" lon="4.67869">
        <ele>28</ele>
      </trkpt>
      <trkpt lat="50.90596" lon="4.67834">
        <ele>28</ele>
      </trkpt>
      <trkpt lat="50.90601" lon="4.67799">
        <ele>28</ele>
      </trkpt>
      <trkpt lat="50.90606" lon="4.67762">
        <ele>28</ele>
      </trkpt>
      <trkpt lat="50.90609" lon="4.67731">
        <ele>29</ele>
      </trkpt>
      <trkpt lat="50.9061" lon="4.6772">
        <ele>29</ele>
      </trkpt>
      <trkpt lat="50.90611" lon="4.67687">
        <ele>29</ele>
      </trkpt>
      <trkpt lat="50.90611" lon="4.67656">
        <ele>29</ele>
      </trkpt>
      <trkpt lat="50.9061" lon="4.67616">
        <ele>29</ele>
      </trkpt>
      <trkpt lat="50.90609" lon="4.67605">
        <ele>29</ele>
      </trkpt>
      <trkpt lat="50.90605" lon="4.67398">
        <ele>30</ele>
      </trkpt>
      <trkpt lat="50.90606" lon="4.67389">
        <ele>30</ele>
      </trkpt>
      <trkpt lat="50.90609" lon="4.67375">
        <ele>30</ele>
      </trkpt>
      <trkpt lat="50.90612" lon="4.6735">
        <ele>30</ele>
      </trkpt>
      <trkpt lat="50.9063" lon="4.67278">
        <ele>30</ele>
      </trkpt>
      <trkpt lat="50.90633" lon="4.67265">
        <ele>30</ele>
      </trkpt>
      <trkpt lat="50.90648" lon="4.67209">
        <ele>30</ele>
      </trkpt>
      <trkpt lat="50.90654" lon="4.67179">
        <ele>29</ele>
      </trkpt>
      <trkpt lat="50.90658" lon="4.67129">
        <ele>30</ele>
      </trkpt>
      <trkpt lat="50.90659" lon="4.67094">
        <ele>30</ele>
      </trkpt>
      <trkpt lat="50.90659" lon="4.6707">
        <ele>30</ele>
      </trkpt>
      <trkpt lat="50.90658" lon="4.67057">
        <ele>30</ele>
      </trkpt>
      <trkpt lat="50.90651" lon="4.66999">
        <ele>30</ele>
      </trkpt>
      <trkpt lat="50.90649" lon="4.66981">
        <ele>30</ele>
      </trkpt>
      <trkpt lat="50.9065" lon="4.66966">
        <ele>30</ele>
      </trkpt>
      <trkpt lat="50.9065" lon="4.66956">
        <ele>30</ele>
      </trkpt>
      <trkpt lat="50.90652" lon="4.66949">
        <ele>30</ele>
      </trkpt>
      <trkpt lat="50.90647" lon="4.66944">
        <ele>30</ele>
      </trkpt>
      <trkpt lat="50.90643" lon="4.66933">
        <ele>30</ele>
      </trkpt>
      <trkpt lat="50.90638" lon="4.66905">
        <ele>30</ele>
      </trkpt>
      <trkpt lat="50.90636" lon="4.66887">
        <ele>30</ele>
      </trkpt>
      <trkpt lat="50.90635" lon="4.66871">
        <ele>30</ele>
      </trkpt>
      <trkpt lat="50.90632" lon="4.66839">
        <ele>30</ele>
      </trkpt>
      <trkpt lat="50.90622" lon="4.66748">
        <ele>30</ele>
      </trkpt>
      <trkpt lat="50.90618" lon="4.66713">
        <ele>30</ele>
      </trkpt>
      <trkpt lat="50.90612" lon="4.66657">
        <ele>31</ele>
      </trkpt>
      <trkpt lat="50.90603" lon="4.66574">
        <ele>32</ele>
      </trkpt>
      <trkpt lat="50.90599" lon="4.66551">
        <ele>32</ele>
      </trkpt>
      <trkpt lat="50.90593" lon="4.66522">
        <ele>33</ele>
      </trkpt>
      <trkpt lat="50.90576" lon="4.66449">
        <ele>34</ele>
      </trkpt>
      <trkpt lat="50.9056" lon="4.66386">
        <ele>34</ele>
      </trkpt>
      <trkpt lat="50.90509" lon="4.66206">
        <ele>32</ele>
      </trkpt>
      <trkpt lat="50.90442" lon="4.65972">
        <ele>30</ele>
      </trkpt>
      <trkpt lat="50.90438" lon="4.65951">
        <ele>30</ele>
      </trkpt>
      <trkpt lat="50.90434" lon="4.65933">
        <ele>30</ele>
      </trkpt>
      <trkpt lat="50.90424" lon="4.65882">
        <ele>31</ele>
      </trkpt>
      <trkpt lat="50.9041" lon="4.65804">
        <ele>30</ele>
      </trkpt>
      <trkpt lat="50.9041" lon="4.65791">
        <ele>30</ele>
      </trkpt>
      <trkpt lat="50.90412" lon="4.65667">
        <ele>29</ele>
      </trkpt>
      <trkpt lat="50.90415" lon="4.65545">
        <ele>28</ele>
      </trkpt>
      <trkpt lat="50.90413" lon="4.6548">
        <ele>29</ele>
      </trkpt>
      <trkpt lat="50.90407" lon="4.65431">
        <ele>29</ele>
      </trkpt>
      <trkpt lat="50.90378" lon="4.65284">
        <ele>29</ele>
      </trkpt>
      <trkpt lat="50.90376" lon="4.65269">
        <ele>29</ele>
      </trkpt>
      <trkpt lat="50.90375" lon="4.65192">
        <ele>29</ele>
      </trkpt>
      <trkpt lat="50.90375" lon="4.65183">
        <ele>29</ele>
      </trkpt>
      <trkpt lat="50.90378" lon="4.6512">
        <ele>29</ele>
      </trkpt>
      <trkpt lat="50.90356" lon="4.65039">
        <ele>29</ele>
      </trkpt>
      <trkpt lat="50.90341" lon="4.6498">
        <ele>30</ele>
      </trkpt>
      <trkpt lat="50.90309" lon="4.64862">
        <ele>31</ele>
      </trkpt>
      <trkpt lat="50.90304" lon="4.64833">
        <ele>30</ele>
      </trkpt>
      <trkpt lat="50.90302" lon="4.64793">
        <ele>30</ele>
      </trkpt>
      <trkpt lat="50.90307" lon="4.64619">
        <ele>30</ele>
      </trkpt>
      <trkpt lat="50.90307" lon="4.64607">
        <ele>30</ele>
      </trkpt>
      <trkpt lat="50.90313" lon="4.64593">
        <ele>30</ele>
      </trkpt>
      <trkpt lat="50.90307" lon="4.64581">
        <ele>30</ele>
      </trkpt>
      <trkpt lat="50.90308" lon="4.64567">
        <ele>31</ele>
      </trkpt>
      <trkpt lat="50.90306" lon="4.6452">
        <ele>31</ele>
      </trkpt>
      <trkpt lat="50.90304" lon="4.64496">
        <ele>31</ele>
      </trkpt>
      <trkpt lat="50.90301" lon="4.64458">
        <ele>31</ele>
      </trkpt>
      <trkpt lat="50.90297" lon="4.64433">
        <ele>31</ele>
      </trkpt>
      <trkpt lat="50.90294" lon="4.64413">
        <ele>31</ele>
      </trkpt>
      <trkpt lat="50.90291" lon="4.644">
        <ele>31</ele>
      </trkpt>
      <trkpt lat="50.90287" lon="4.64387">
        <ele>31</ele>
      </trkpt>
      <trkpt lat="50.90284" lon="4.6438">
        <ele>31</ele>
      </trkpt>
      <trkpt lat="50.90267" lon="4.64335">
        <ele>30</ele>
      </trkpt>
      <trkpt lat="50.90259" lon="4.64314">
        <ele>30</ele>
      </trkpt>
      <trkpt lat="50.90252" lon="4.64288">
        <ele>30</ele>
      </trkpt>
      <trkpt lat="50.9023" lon="4.64209">
        <ele>30</ele>
      </trkpt>
      <trkpt lat="50.90222" lon="4.64173">
        <ele>30</ele>
      </trkpt>
      <trkpt lat="50.90215" lon="4.64136">
        <ele>30</ele>
      </trkpt>
      <trkpt lat="50.90201" lon="4.63921">
        <ele>30</ele>
      </trkpt>
      <trkpt lat="50.90198" lon="4.63894">
        <ele>29</ele>
      </trkpt>
      <trkpt lat="50.90195" lon="4.63871">
        <ele>29</ele>
      </trkpt>
      <trkpt lat="50.90187" lon="4.63834">
        <ele>29</ele>
      </trkpt>
      <trkpt lat="50.90126" lon="4.63631">
        <ele>29</ele>
      </trkpt>
      <trkpt lat="50.90091" lon="4.63515">
        <ele>30</ele>
      </trkpt>
      <trkpt lat="50.90088" lon="4.63505">
        <ele>30</ele>
      </trkpt>
      <trkpt lat="50.90083" lon="4.63485">
        <ele>30</ele>
      </trkpt>
      <trkpt lat="50.90077" lon="4.63455">
        <ele>30</ele>
      </trkpt>
      <trkpt lat="50.90073" lon="4.63423">
        <ele>30</ele>
      </trkpt>
      <trkpt lat="50.90065" lon="4.63333">
        <ele>31</ele>
      </trkpt>
      <trkpt lat="50.90058" lon="4.63237">
        <ele>32</ele>
      </trkpt>
      <trkpt lat="50.90057" lon="4.63222">
        <ele>32</ele>
      </trkpt>
      <trkpt lat="50.90057" lon="4.6321">
        <ele>32</ele>
      </trkpt>
      <trkpt lat="50.90052" lon="4.63208">
        <ele>32</ele>
      </trkpt>
      <trkpt lat="50.9005" lon="4.63185">
        <ele>32</ele>
      </trkpt>
      <trkpt lat="50.90042" lon="4.63187">
        <ele>32</ele>
      </trkpt>
      <trkpt lat="50.90029" lon="4.6319">
        <ele>32</ele>
      </trkpt>
      <trkpt lat="50.9002" lon="4.63192">
        <ele>32</ele>
      </trkpt>
      <trkpt lat="50.90019" lon="4.63216">
        <ele>32</ele>
      </trkpt>
      <trkpt lat="50.90009" lon="4.63219">
        <ele>34</ele>
      </trkpt>
      <trkpt lat="50.90007" lon="4.63212">
        <ele>34</ele>
      </trkpt>
      <trkpt lat="50.89999" lon="4.63191">
        <ele>34</ele>
      </trkpt>
      <trkpt lat="50.89934" lon="4.63023">
        <ele>34</ele>
      </trkpt>
      <trkpt lat="50.8993" lon="4.62993">
        <ele>34</ele>
      </trkpt>
      <trkpt lat="50.89931" lon="4.62954">
        <ele>33</ele>
      </trkpt>
      <trkpt lat="50.89935" lon="4.62838">
        <ele>33</ele>
      </trkpt>
      <trkpt lat="50.89934" lon="4.62826">
        <ele>33</ele>
      </trkpt>
      <trkpt lat="50.89927" lon="4.62806">
        <ele>34</ele>
      </trkpt>
      <trkpt lat="50.8992" lon="4.6277">
        <ele>35</ele>
      </trkpt>
      <trkpt lat="50.89915" lon="4.62722">
        <ele>35</ele>
      </trkpt>
      <trkpt lat="50.89914" lon="4.62711">
        <ele>35</ele>
      </trkpt>
      <trkpt lat="50.8992" lon="4.62705">
        <ele>35</ele>
      </trkpt>
      <trkpt lat="50.89921" lon="4.62695">
        <ele>35</ele>
      </trkpt>
      <trkpt lat="50.89918" lon="4.62684">
        <ele>35</ele>
      </trkpt>
      <trkpt lat="50.89911" lon="4.62681">
        <ele>35</ele>
      </trkpt>
      <trkpt lat="50.8991" lon="4.62671">
        <ele>35</ele>
      </trkpt>
      <trkpt lat="50.89904" lon="4.62619">
        <ele>35</ele>
      </trkpt>
      <trkpt lat="50.89903" lon="4.62576">
        <ele>35</ele>
      </trkpt>
      <trkpt lat="50.89906" lon="4.62372">
        <ele>34</ele>
      </trkpt>
      <trkpt lat="50.89908" lon="4.6233">
        <ele>34</ele>
      </trkpt>
      <trkpt lat="50.89907" lon="4.62292">
        <ele>33</ele>
      </trkpt>
      <trkpt lat="50.89906" lon="4.62246">
        <ele>33</ele>
      </trkpt>
      <trkpt lat="50.89897" lon="4.61999">
        <ele>32</ele>
      </trkpt>
      <trkpt lat="50.89894" lon="4.61914">
        <ele>32</ele>
      </trkpt>
      <trkpt lat="50.89892" lon="4.61891">
        <ele>32</ele>
      </trkpt>
      <trkpt lat="50.89889" lon="4.61857">
        <ele>32</ele>
      </trkpt>
      <trkpt lat="50.89878" lon="4.61711">
        <ele>32</ele>
      </trkpt>
      <trkpt lat="50.89879" lon="4.61686">
        <ele>32</ele>
      </trkpt>
      <trkpt lat="50.89885" lon="4.6165">
        <ele>31</ele>
      </trkpt>
      <trkpt lat="50.8987" lon="4.61639">
        <ele>31</ele>
      </trkpt>
      <trkpt lat="50.89863" lon="4.61634">
        <ele>31</ele>
      </trkpt>
      <trkpt lat="50.89849" lon="4.61613">
        <ele>31</ele>
      </trkpt>
      <trkpt lat="50.89807" lon="4.61499">
        <ele>31</ele>
      </trkpt>
      <trkpt lat="50.89783" lon="4.61434">
        <ele>31</ele>
      </trkpt>
      <trkpt lat="50.89744" lon="4.61322">
        <ele>32</ele>
      </trkpt>
      <trkpt lat="50.89729" lon="4.6129">
        <ele>32</ele>
      </trkpt>
      <trkpt lat="50.89724" lon="4.6128">
        <ele>32</ele>
      </trkpt>
      <trkpt lat="50.89679" lon="4.6118">
        <ele>34</ele>
      </trkpt>
      <trkpt lat="50.89648" lon="4.61116">
        <ele>33</ele>
      </trkpt>
      <trkpt lat="50.89602" lon="4.61048">
        <ele>33</ele>
      </trkpt>
      <trkpt lat="50.89588" lon="4.61032">
        <ele>34</ele>
      </trkpt>
      <trkpt lat="50.89569" lon="4.61011">
        <ele>34</ele>
      </trkpt>
      <trkpt lat="50.89563" lon="4.61005">
        <ele>34</ele>
      </trkpt>
      <trkpt lat="50.89556" lon="4.60997">
        <ele>34</ele>
      </trkpt>
      <trkpt lat="50.89549" lon="4.60989">
        <ele>34</ele>
      </trkpt>
      <trkpt lat="50.89541" lon="4.6098">
        <ele>34</ele>
      </trkpt>
      <trkpt lat="50.89532" lon="4.60969">
        <ele>34</ele>
      </trkpt>
      <trkpt lat="50.89417" lon="4.60834">
        <ele>37</ele>
      </trkpt>
      <trkpt lat="50.89413" lon="4.60829">
        <ele>37</ele>
      </trkpt>
      <trkpt lat="50.89336" lon="4.6074">
        <ele>37</ele>
      </trkpt>
      <trkpt lat="50.89306" lon="4.60703">
        <ele>37</ele>
      </trkpt>
      <trkpt lat="50.89261" lon="4.60651">
        <ele>37</ele>
      </trkpt>
      <trkpt lat="50.89211" lon="4.60592">
        <ele>37</ele>
      </trkpt>
      <trkpt lat="50.89124" lon="4.6049">
        <ele>35</ele>
      </trkpt>
      <trkpt lat="50.8911" lon="4.60474">
        <ele>35</ele>
      </trkpt>
      <trkpt lat="50.89044" lon="4.60396">
        <ele>35</ele>
      </trkpt>
      <trkpt lat="50.88997" lon="4.60338">
        <ele>36</ele>
      </trkpt>
      <trkpt lat="50.8885" lon="4.60138">
        <ele>36</ele>
      </trkpt>
      <trkpt lat="50.8879" lon="4.60054">
        <ele>38</ele>
      </trkpt>
      <trkpt lat="50.88778" lon="4.60038">
        <ele>38</ele>
      </trkpt>
      <trkpt lat="50.8877" lon="4.60028">
        <ele>38</ele>
      </trkpt>
      <trkpt lat="50.88605" lon="4.59803">
        <ele>39</ele>
      </trkpt>
      <trkpt lat="50.88585" lon="4.59766">
        <ele>39</ele>
      </trkpt>
      <trkpt lat="50.88564" lon="4.59719">
        <ele>39</ele>
      </trkpt>
      <trkpt lat="50.88555" lon="4.59707">
        <ele>39</ele>
      </trkpt>
      <trkpt lat="50.88548" lon="4.59699">
        <ele>39</ele>
      </trkpt>
      <trkpt lat="50.88527" lon="4.59686">
        <ele>39</ele>
      </trkpt>
      <trkpt lat="50.8851" lon="4.59671">
        <ele>39</ele>
      </trkpt>
      <trkpt lat="50.8846" lon="4.59585">
        <ele>38</ele>
      </trkpt>
      <trkpt lat="50.88415" lon="4.59507">
        <ele>38</ele>
      </trkpt>
      <trkpt lat="50.88401" lon="4.59483">
        <ele>37</ele>
      </trkpt>
      <trkpt lat="50.88314" lon="4.59329">
        <ele>38</ele>
      </trkpt>
      <trkpt lat="50.88297" lon="4.59298">
        <ele>37</ele>
      </trkpt>
      <trkpt lat="50.88289" lon="4.59279">
        <ele>37</ele>
      </trkpt>
      <trkpt lat="50.88281" lon="4.59255">
        <ele>38</ele>
      </trkpt>
      <trkpt lat="50.88276" lon="4.59232">
        <ele>38</ele>
      </trkpt>
      <trkpt lat="50.8827" lon="4.59193">
        <ele>38</ele>
      </trkpt>
      <trkpt lat="50.88268" lon="4.59167">
        <ele>38</ele>
      </trkpt>
      <trkpt lat="50.88266" lon="4.5913">
        <ele>38</ele>
      </trkpt>
      <trkpt lat="50.88263" lon="4.591">
        <ele>39</ele>
      </trkpt>
      <trkpt lat="50.88259" lon="4.59079">
        <ele>39</ele>
      </trkpt>
      <trkpt lat="50.88253" lon="4.59056">
        <ele>40</ele>
      </trkpt>
      <trkpt lat="50.88237" lon="4.59014">
        <ele>40</ele>
      </trkpt>
      <trkpt lat="50.88231" lon="4.59003">
        <ele>40</ele>
      </trkpt>
      <trkpt lat="50.88185" lon="4.58926">
        <ele>41</ele>
      </trkpt>
      <trkpt lat="50.88172" lon="4.58902">
        <ele>43</ele>
      </trkpt>
      <trkpt lat="50.88155" lon="4.5887">
        <ele>44</ele>
      </trkpt>
      <trkpt lat="50.88141" lon="4.58847">
        <ele>44</ele>
      </trkpt>
      <trkpt lat="50.88083" lon="4.58736">
        <ele>44</ele>
      </trkpt>
      <trkpt lat="50.88066" lon="4.58698">
        <ele>44</ele>
      </trkpt>
      <trkpt lat="50.8806" lon="4.58686">
        <ele>44</ele>
      </trkpt>
      <trkpt lat="50.88027" lon="4.58623">
        <ele>43</ele>
      </trkpt>
      <trkpt lat="50.88022" lon="4.58613">
        <ele>43</ele>
      </trkpt>
      <trkpt lat="50.8803" lon="4.58603">
        <ele>43</ele>
      </trkpt>
      <trkpt lat="50.8804" lon="4.58591">
        <ele>42</ele>
      </trkpt>
      <trkpt lat="50.88115" lon="4.585">
        <ele>41</ele>
      </trkpt>
      <trkpt lat="50.88124" lon="4.5849">
        <ele>40</ele>
      </trkpt>
      <trkpt lat="50.88146" lon="4.58462">
        <ele>40</ele>
      </trkpt>
      <trkpt lat="50.88176" lon="4.5842">
        <ele>39</ele>
      </trkpt>
      <trkpt lat="50.88201" lon="4.58382">
        <ele>38</ele>
      </trkpt>
      <trkpt lat="50.8822" lon="4.58346">
        <ele>38</ele>
      </trkpt>
      <trkpt lat="50.88233" lon="4.58321">
        <ele>38</ele>
      </trkpt>
      <trkpt lat="50.8826" lon="4.58275">
        <ele>38</ele>
      </trkpt>
      <trkpt lat="50.88267" lon="4.58262">
        <ele>38</ele>
      </trkpt>
      <trkpt lat="50.88285" lon="4.58231">
        <ele>39</ele>
      </trkpt>
      <trkpt lat="50.88307" lon="4.5819">
        <ele>40</ele>
      </trkpt>
      <trkpt lat="50.88301" lon="4.58173">
        <ele>39</ele>
      </trkpt>
      <trkpt lat="50.88259" lon="4.58019">
        <ele>37</ele>
      </trkpt>
      <trkpt lat="50.88194" lon="4.57805">
        <ele>37</ele>
      </trkpt>
      <trkpt lat="50.88162" lon="4.57732">
        <ele>39</ele>
      </trkpt>
      <trkpt lat="50.88124" lon="4.57644">
        <ele>40</ele>
      </trkpt>
      <trkpt lat="50.8808" lon="4.57561">
        <ele>42</ele>
      </trkpt>
      <trkpt lat="50.88034" lon="4.57479">
        <ele>42</ele>
      </trkpt>
      <trkpt lat="50.88015" lon="4.57442">
        <ele>42</ele>
      </trkpt>
      <trkpt lat="50.87989" lon="4.57391">
        <ele>44</ele>
      </trkpt>
      <trkpt lat="50.87972" lon="4.5734">
        <ele>44</ele>
      </trkpt>
      <trkpt lat="50.87966" lon="4.5732">
        <ele>44</ele>
      </trkpt>
      <trkpt lat="50.8793" lon="4.57211">
        <ele>47</ele>
      </trkpt>
      <trkpt lat="50.87903" lon="4.57162">
        <ele>48</ele>
      </trkpt>
      <trkpt lat="50.87893" lon="4.57141">
        <ele>48</ele>
      </trkpt>
      <trkpt lat="50.87882" lon="4.5712">
        <ele>48</ele>
      </trkpt>
      <trkpt lat="50.87887" lon="4.5711">
        <ele>48</ele>
      </trkpt>
      <trkpt lat="50.87898" lon="4.57088">
        <ele>49</ele>
      </trkpt>
      <trkpt lat="50.8792" lon="4.57054">
        <ele>49</ele>
      </trkpt>
      <trkpt lat="50.87919" lon="4.57043">
        <ele>49</ele>
      </trkpt>
      <trkpt lat="50.87911" lon="4.56987">
        <ele>48</ele>
      </trkpt>
      <trkpt lat="50.87913" lon="4.56977">
        <ele>48</ele>
      </trkpt>
      <trkpt lat="50.87953" lon="4.56902">
        <ele>46</ele>
      </trkpt>
      <trkpt lat="50.87958" lon="4.56894">
        <ele>46</ele>
      </trkpt>
      <trkpt lat="50.88013" lon="4.5681">
        <ele>46</ele>
      </trkpt>
      <trkpt lat="50.8802" lon="4.56787">
        <ele>46</ele>
      </trkpt>
      <trkpt lat="50.88011" lon="4.56689">
        <ele>46</ele>
      </trkpt>
      <trkpt lat="50.88012" lon="4.56669">
        <ele>46</ele>
      </trkpt>
      <trkpt lat="50.88011" lon="4.56647">
        <ele>46</ele>
      </trkpt>
      <trkpt lat="50.88018" lon="4.56641">
        <ele>48</ele>
      </trkpt>
      <trkpt lat="50.88019" lon="4.56628">
        <ele>48</ele>
      </trkpt>
      <trkpt lat="50.88015" lon="4.5662">
        <ele>48</ele>
      </trkpt>
      <trkpt lat="50.88009" lon="4.56619">
        <ele>46</ele>
      </trkpt>
      <trkpt lat="50.88008" lon="4.56598">
        <ele>46</ele>
      </trkpt>
      <trkpt lat="50.88004" lon="4.56436">
        <ele>49</ele>
      </trkpt>
      <trkpt lat="50.88007" lon="4.56407">
        <ele>51</ele>
      </trkpt>
      <trkpt lat="50.88027" lon="4.56305">
        <ele>58</ele>
      </trkpt>
      <trkpt lat="50.88041" lon="4.56229">
        <ele>59</ele>
      </trkpt>
      <trkpt lat="50.88047" lon="4.56195">
        <ele>59</ele>
      </trkpt>
      <trkpt lat="50.88049" lon="4.56164">
        <ele>59</ele>
      </trkpt>
      <trkpt lat="50.88051" lon="4.56136">
        <ele>59</ele>
      </trkpt>
      <trkpt lat="50.88046" lon="4.56079">
        <ele>59</ele>
      </trkpt>
      <trkpt lat="50.8804" lon="4.56043">
        <ele>59</ele>
      </trkpt>
      <trkpt lat="50.88033" lon="4.56001">
        <ele>59</ele>
      </trkpt>
      <trkpt lat="50.88022" lon="4.55936">
        <ele>59</ele>
      </trkpt>
      <trkpt lat="50.88007" lon="4.55843">
        <ele>57</ele>
      </trkpt>
      <trkpt lat="50.87999" lon="4.55797">
        <ele>56</ele>
      </trkpt>
      <trkpt lat="50.87985" lon="4.55718">
        <ele>55</ele>
      </trkpt>
      <trkpt lat="50.87935" lon="4.5553">
        <ele>54</ele>
      </trkpt>
      <trkpt lat="50.87932" lon="4.55515">
        <ele>54</ele>
      </trkpt>
      <trkpt lat="50.87925" lon="4.5547">
        <ele>51</ele>
      </trkpt>
      <trkpt lat="50.8789" lon="4.55176">
        <ele>52</ele>
      </trkpt>
      <trkpt lat="50.87885" lon="4.55141">
        <ele>54</ele>
      </trkpt>
      <trkpt lat="50.87901" lon="4.55138">
        <ele>54</ele>
      </trkpt>
      <trkpt lat="50.87901" lon="4.55139">
        <ele>54</ele>
      </trkpt>
    </trkseg>
  </trk>
</gpx>
