<?xml version="1.0" encoding="UTF-8"?>
<gpx creator="StravaGPX" version="1.1" xmlns="http://www.topografix.com/GPX/1/1" xmlns:xsi="http://www.w3.org/2001/XMLSchema-instance" xsi:schemaLocation="http://www.topografix.com/GPX/1/1 http://www.topografix.com/GPX/1/1/gpx.xsd">
 <metadata>
  <name>OACT - Ceroux-Mousty</name>
  <desc>De Wringers, gaat naar Ottignies-LLN</desc>
  <author>
   <name>Haecky 🐻</name>
   <link href="https://www.strava.com/athletes/1643587"/>
  </author>
  <copyright author="OpenStreetMap contributors">
   <year>2020</year>
   <license>https://www.openstreetmap.org/copyright</license>
  </copyright>
  <link href="https://www.strava.com/routes/3468279470009330866"/>
 </metadata>
 <trk>
  <name>OACT - Ceroux-Mousty</name>
  <desc>De Wringers, gaat naar Ottignies-LLN</desc>
  <link href="https://www.strava.com/routes/3468279470009330866"/>
  <type>cycling</type>
  <trkseg>
   <trkpt lat="50.87908" lon="4.55327">
    <ele>50.910000000000004</ele>
   </trkpt>
   <trkpt lat="50.879200003807604" lon="4.554209997838404">
    <ele>50.980000000000004</ele>
   </trkpt>
   <trkpt lat="50.87932000000001" lon="4.55515">
    <ele>51.45</ele>
   </trkpt>
   <trkpt lat="50.879585004431604" lon="4.55616499434535">
    <ele>53.13</ele>
   </trkpt>
   <trkpt lat="50.879850000000005" lon="4.557180000000001">
    <ele>54.19</ele>
   </trkpt>
   <trkpt lat="50.88005334570682" lon="4.558383322845809">
    <ele>54.39000000000001</ele>
   </trkpt>
   <trkpt lat="50.880256679042695" lon="4.559586656193951">
    <ele>53.51</ele>
   </trkpt>
   <trkpt lat="50.88046000000001" lon="4.560790000000001">
    <ele>51.77</ele>
   </trkpt>
   <trkpt lat="50.880500000000005" lon="4.5613600000000005">
    <ele>51.38</ele>
   </trkpt>
   <trkpt lat="50.88047" lon="4.56195">
    <ele>50.81</ele>
   </trkpt>
   <trkpt lat="50.88028000450277" lon="4.562975004099827">
    <ele>48.510000000000005</ele>
   </trkpt>
   <trkpt lat="50.88009" lon="4.564">
    <ele>46.540000000000006</ele>
   </trkpt>
   <trkpt lat="50.88006000000001" lon="4.56426">
    <ele>46.3</ele>
   </trkpt>
   <trkpt lat="50.88007500398007" lon="4.565224999825937">
    <ele>45.6</ele>
   </trkpt>
   <trkpt lat="50.88009" lon="4.566190000000001">
    <ele>45.480000000000004</ele>
   </trkpt>
   <trkpt lat="50.880030000000005" lon="4.56625">
    <ele>45.480000000000004</ele>
   </trkpt>
   <trkpt lat="50.88002" lon="4.566350000000001">
    <ele>45.480000000000004</ele>
   </trkpt>
   <trkpt lat="50.87944000035847" lon="4.566675004097275">
    <ele>45.86000000000001</ele>
   </trkpt>
   <trkpt lat="50.87886" lon="4.567">
    <ele>47.61000000000001</ele>
   </trkpt>
   <trkpt lat="50.87834500079326" lon="4.567430004749405">
    <ele>50.160000000000004</ele>
   </trkpt>
   <trkpt lat="50.87783" lon="4.5678600000000005">
    <ele>53.64000000000001</ele>
   </trkpt>
   <trkpt lat="50.877390000000005" lon="4.5681">
    <ele>55.89</ele>
   </trkpt>
   <trkpt lat="50.87733" lon="4.56801">
    <ele>55.66</ele>
   </trkpt>
   <trkpt lat="50.877300000000005" lon="4.5680000000000005">
    <ele>55.66</ele>
   </trkpt>
   <trkpt lat="50.87724000000001" lon="4.568020000000001">
    <ele>55.66</ele>
   </trkpt>
   <trkpt lat="50.8772" lon="4.5681">
    <ele>56.09</ele>
   </trkpt>
   <trkpt lat="50.877190000000006" lon="4.56815">
    <ele>56.09</ele>
   </trkpt>
   <trkpt lat="50.877210000000005" lon="4.56826">
    <ele>56.09</ele>
   </trkpt>
   <trkpt lat="50.87727" lon="4.56832">
    <ele>56.02</ele>
   </trkpt>
   <trkpt lat="50.877300000000005" lon="4.56832">
    <ele>56.02</ele>
   </trkpt>
   <trkpt lat="50.87735000000001" lon="4.5686">
    <ele>55.74</ele>
   </trkpt>
   <trkpt lat="50.87747" lon="4.5689400000000004">
    <ele>55.120000000000005</ele>
   </trkpt>
   <trkpt lat="50.87778" lon="4.569500000000001">
    <ele>53.62</ele>
   </trkpt>
   <trkpt lat="50.8781" lon="4.57022">
    <ele>51.300000000000004</ele>
   </trkpt>
   <trkpt lat="50.87820000000001" lon="4.57057">
    <ele>50.620000000000005</ele>
   </trkpt>
   <trkpt lat="50.87829000000001" lon="4.57073">
    <ele>50.02</ele>
   </trkpt>
   <trkpt lat="50.87865000000001" lon="4.57101">
    <ele>48.88</ele>
   </trkpt>
   <trkpt lat="50.878820000000005" lon="4.5712">
    <ele>47.88</ele>
   </trkpt>
   <trkpt lat="50.87903000000001" lon="4.5715900000000005">
    <ele>47.36000000000001</ele>
   </trkpt>
   <trkpt lat="50.878540001136564" lon="4.572130005798504">
    <ele>48.260000000000005</ele>
   </trkpt>
   <trkpt lat="50.87805" lon="4.5726700000000005">
    <ele>48.410000000000004</ele>
   </trkpt>
   <trkpt lat="50.87800000000001" lon="4.5727">
    <ele>48.57</ele>
   </trkpt>
   <trkpt lat="50.87747" lon="4.57321">
    <ele>48.900000000000006</ele>
   </trkpt>
   <trkpt lat="50.87686" lon="4.5738900000000005">
    <ele>48.580000000000005</ele>
   </trkpt>
   <trkpt lat="50.87625333655762" lon="4.574506682747162">
    <ele>48.27</ele>
   </trkpt>
   <trkpt lat="50.87564666986617" lon="4.5751233494387336">
    <ele>47.63</ele>
   </trkpt>
   <trkpt lat="50.875040000000006" lon="4.575740000000001">
    <ele>47.7</ele>
   </trkpt>
   <trkpt lat="50.875530000000005" lon="4.5765">
    <ele>47.080000000000005</ele>
   </trkpt>
   <trkpt lat="50.87556000000001" lon="4.57676">
    <ele>47.23</ele>
   </trkpt>
   <trkpt lat="50.87545" lon="4.57741">
    <ele>47.52</ele>
   </trkpt>
   <trkpt lat="50.875400000000006" lon="4.57741">
    <ele>47.52</ele>
   </trkpt>
   <trkpt lat="50.87536000000001" lon="4.5774300000000006">
    <ele>47.66</ele>
   </trkpt>
   <trkpt lat="50.875280000000004" lon="4.577520000000001">
    <ele>47.66</ele>
   </trkpt>
   <trkpt lat="50.874880000000005" lon="4.57784">
    <ele>48.52</ele>
   </trkpt>
   <trkpt lat="50.87467" lon="4.57796">
    <ele>49.36</ele>
   </trkpt>
   <trkpt lat="50.873990000000006" lon="4.5782300000000005">
    <ele>52.410000000000004</ele>
   </trkpt>
   <trkpt lat="50.873160000000006" lon="4.57847">
    <ele>58.61</ele>
   </trkpt>
   <trkpt lat="50.872310000000006" lon="4.5789">
    <ele>62.27</ele>
   </trkpt>
   <trkpt lat="50.8721" lon="4.5789800000000005">
    <ele>62.27</ele>
   </trkpt>
   <trkpt lat="50.871860000000005" lon="4.5790500000000005">
    <ele>64.02000000000001</ele>
   </trkpt>
   <trkpt lat="50.87134000016131" lon="4.579160001204">
    <ele>66.24000000000001</ele>
   </trkpt>
   <trkpt lat="50.87082" lon="4.57927">
    <ele>68.98</ele>
   </trkpt>
   <trkpt lat="50.87026499983804" lon="4.57936500116546">
    <ele>71.5</ele>
   </trkpt>
   <trkpt lat="50.869710000000005" lon="4.57946">
    <ele>77.30000000000001</ele>
   </trkpt>
   <trkpt lat="50.86941" lon="4.57953">
    <ele>77.30000000000001</ele>
   </trkpt>
   <trkpt lat="50.86869" lon="4.579770000000001">
    <ele>81.95</ele>
   </trkpt>
   <trkpt lat="50.86824000000001" lon="4.57995">
    <ele>84.29</ele>
   </trkpt>
   <trkpt lat="50.86797000000001" lon="4.580150000000001">
    <ele>85.31</ele>
   </trkpt>
   <trkpt lat="50.86766" lon="4.580520000000001">
    <ele>87.57000000000001</ele>
   </trkpt>
   <trkpt lat="50.86722" lon="4.58122">
    <ele>89.82000000000001</ele>
   </trkpt>
   <trkpt lat="50.86697" lon="4.5814900000000005">
    <ele>90.13</ele>
   </trkpt>
   <trkpt lat="50.86675" lon="4.581600000000001">
    <ele>89.92000000000002</ele>
   </trkpt>
   <trkpt lat="50.86654000000001" lon="4.581650000000001">
    <ele>89.69</ele>
   </trkpt>
   <trkpt lat="50.866330000000005" lon="4.5816300000000005">
    <ele>89.24000000000001</ele>
   </trkpt>
   <trkpt lat="50.86621" lon="4.58159">
    <ele>89.02</ele>
   </trkpt>
   <trkpt lat="50.865452501262375" lon="4.581277484771809">
    <ele>85.74000000000001</ele>
   </trkpt>
   <trkpt lat="50.86469500169029" lon="4.580964979699092">
    <ele>82.18</ele>
   </trkpt>
   <trkpt lat="50.86393750128379" lon="4.580652484781256">
    <ele>80.83000000000001</ele>
   </trkpt>
   <trkpt lat="50.86318000000001" lon="4.5803400000000005">
    <ele>82.72</ele>
   </trkpt>
   <trkpt lat="50.86303" lon="4.580290000000001">
    <ele>83.10000000000001</ele>
   </trkpt>
   <trkpt lat="50.86267" lon="4.5802700000000005">
    <ele>83.29</ele>
   </trkpt>
   <trkpt lat="50.86243" lon="4.58032">
    <ele>83.12</ele>
   </trkpt>
   <trkpt lat="50.86216" lon="4.58044">
    <ele>81.63000000000001</ele>
   </trkpt>
   <trkpt lat="50.861520000000006" lon="4.580900000000001">
    <ele>76.01</ele>
   </trkpt>
   <trkpt lat="50.861025000797824" lon="4.581295004088593">
    <ele>72.39000000000001</ele>
   </trkpt>
   <trkpt lat="50.860530000000004" lon="4.58169">
    <ele>69.82000000000001</ele>
   </trkpt>
   <trkpt lat="50.859858005593864" lon="4.5822620329709975">
    <ele>66.23</ele>
   </trkpt>
   <trkpt lat="50.859186008391774" lon="4.582834049454728">
    <ele>61.85</ele>
   </trkpt>
   <trkpt lat="50.858514008393904" lon="4.583406049451993">
    <ele>56.92</ele>
   </trkpt>
   <trkpt lat="50.85784200560038" lon="4.5839780329635955">
    <ele>53.71000000000001</ele>
   </trkpt>
   <trkpt lat="50.85717" lon="4.58455">
    <ele>53.4</ele>
   </trkpt>
   <trkpt lat="50.85699" lon="4.58469">
    <ele>53.68000000000001</ele>
   </trkpt>
   <trkpt lat="50.85633000000001" lon="4.58516">
    <ele>53.88</ele>
   </trkpt>
   <trkpt lat="50.856030000000004" lon="4.585430000000001">
    <ele>54.84</ele>
   </trkpt>
   <trkpt lat="50.85542000365602" lon="4.586083350414893">
    <ele>58.09</ele>
   </trkpt>
   <trkpt lat="50.85481000366457" lon="4.586736683738781">
    <ele>64.69000000000001</ele>
   </trkpt>
   <trkpt lat="50.854200000000006" lon="4.58739">
    <ele>69.47</ele>
   </trkpt>
   <trkpt lat="50.8541" lon="4.587540000000001">
    <ele>69.65</ele>
   </trkpt>
   <trkpt lat="50.853415002773744" lon="4.588335011590874">
    <ele>68.60000000000001</ele>
   </trkpt>
   <trkpt lat="50.85273" lon="4.58913">
    <ele>67.34</ele>
   </trkpt>
   <trkpt lat="50.852050000000006" lon="4.590000000000001">
    <ele>62.95</ele>
   </trkpt>
   <trkpt lat="50.851470004214754" lon="4.591000012534484">
    <ele>55.18000000000001</ele>
   </trkpt>
   <trkpt lat="50.85089000000001" lon="4.5920000000000005">
    <ele>49.89</ele>
   </trkpt>
   <trkpt lat="50.8505400013688" lon="4.592565004231601">
    <ele>48.910000000000004</ele>
   </trkpt>
   <trkpt lat="50.850190000000005" lon="4.59313">
    <ele>48.1</ele>
   </trkpt>
   <trkpt lat="50.85004000000001" lon="4.593260000000001">
    <ele>48.120000000000005</ele>
   </trkpt>
   <trkpt lat="50.84942000028197" lon="4.593530003601508">
    <ele>49.2</ele>
   </trkpt>
   <trkpt lat="50.848800000000004" lon="4.593800000000001">
    <ele>52.26</ele>
   </trkpt>
   <trkpt lat="50.84868" lon="4.5939000000000005">
    <ele>52.190000000000005</ele>
   </trkpt>
   <trkpt lat="50.84883000000001" lon="4.59426">
    <ele>51.52</ele>
   </trkpt>
   <trkpt lat="50.84899000000001" lon="4.5949">
    <ele>50.120000000000005</ele>
   </trkpt>
   <trkpt lat="50.84901000000001" lon="4.595090000000001">
    <ele>49.84</ele>
   </trkpt>
   <trkpt lat="50.849000000000004" lon="4.595260000000001">
    <ele>49.730000000000004</ele>
   </trkpt>
   <trkpt lat="50.84890000000001" lon="4.595840000000001">
    <ele>49.660000000000004</ele>
   </trkpt>
   <trkpt lat="50.84892000000001" lon="4.596080000000001">
    <ele>49.71</ele>
   </trkpt>
   <trkpt lat="50.84895" lon="4.59614">
    <ele>49.71</ele>
   </trkpt>
   <trkpt lat="50.84942000062342" lon="4.596554995719319">
    <ele>49.92</ele>
   </trkpt>
   <trkpt lat="50.84989" lon="4.596970000000001">
    <ele>50.29</ele>
   </trkpt>
   <trkpt lat="50.84998" lon="4.59708">
    <ele>50.86</ele>
   </trkpt>
   <trkpt lat="50.85016" lon="4.5974200000000005">
    <ele>50.86</ele>
   </trkpt>
   <trkpt lat="50.85049000219007" lon="4.598139994851943">
    <ele>51.870000000000005</ele>
   </trkpt>
   <trkpt lat="50.850820000000006" lon="4.59886">
    <ele>51.88</ele>
   </trkpt>
   <trkpt lat="50.85124000482382" lon="4.599606653326352">
    <ele>50.160000000000004</ele>
   </trkpt>
   <trkpt lat="50.851660004883634" lon="4.600353320099183">
    <ele>50.59</ele>
   </trkpt>
   <trkpt lat="50.85208" lon="4.601100000000001">
    <ele>51.31</ele>
   </trkpt>
   <trkpt lat="50.852320000000006" lon="4.60158">
    <ele>51.74</ele>
   </trkpt>
   <trkpt lat="50.8527650038354" lon="4.602524991026103">
    <ele>52.08</ele>
   </trkpt>
   <trkpt lat="50.853210000000004" lon="4.603470000000001">
    <ele>52.010000000000005</ele>
   </trkpt>
   <trkpt lat="50.85333000000001" lon="4.60379">
    <ele>52.010000000000005</ele>
   </trkpt>
   <trkpt lat="50.85318" lon="4.603960000000001">
    <ele>52.730000000000004</ele>
   </trkpt>
   <trkpt lat="50.85291500179008" lon="4.604605003634013">
    <ele>52.97</ele>
   </trkpt>
   <trkpt lat="50.852650000000004" lon="4.605250000000001">
    <ele>52.9</ele>
   </trkpt>
   <trkpt lat="50.85226500354359" lon="4.606160007498532">
    <ele>50.870000000000005</ele>
   </trkpt>
   <trkpt lat="50.85188" lon="4.60707">
    <ele>49.690000000000005</ele>
   </trkpt>
   <trkpt lat="50.85175" lon="4.607430000000001">
    <ele>49.370000000000005</ele>
   </trkpt>
   <trkpt lat="50.8515" lon="4.608230000000001">
    <ele>48.77</ele>
   </trkpt>
   <trkpt lat="50.85134000000001" lon="4.60895">
    <ele>48.650000000000006</ele>
   </trkpt>
   <trkpt lat="50.85125000000001" lon="4.6097600000000005">
    <ele>48.84</ele>
   </trkpt>
   <trkpt lat="50.851190003511405" lon="4.610665000983099">
    <ele>49.03</ele>
   </trkpt>
   <trkpt lat="50.851130000000005" lon="4.61157">
    <ele>49.57</ele>
   </trkpt>
   <trkpt lat="50.85101" lon="4.61259">
    <ele>51.300000000000004</ele>
   </trkpt>
   <trkpt lat="50.8508000054022" lon="4.613710004815125">
    <ele>55.18000000000001</ele>
   </trkpt>
   <trkpt lat="50.850590000000004" lon="4.61483">
    <ele>59.56</ele>
   </trkpt>
   <trkpt lat="50.85037000364279" lon="4.615750004228632">
    <ele>62.25000000000001</ele>
   </trkpt>
   <trkpt lat="50.850150000000006" lon="4.61667">
    <ele>63.15000000000001</ele>
   </trkpt>
   <trkpt lat="50.84994000236826" lon="4.617420003501913">
    <ele>63.59</ele>
   </trkpt>
   <trkpt lat="50.84973" lon="4.61817">
    <ele>64.53</ele>
   </trkpt>
   <trkpt lat="50.8496" lon="4.61876">
    <ele>64.98</ele>
   </trkpt>
   <trkpt lat="50.84953" lon="4.61939">
    <ele>65.52000000000001</ele>
   </trkpt>
   <trkpt lat="50.849520000000005" lon="4.62018">
    <ele>65.93</ele>
   </trkpt>
   <trkpt lat="50.849630000000005" lon="4.62117">
    <ele>66.22</ele>
   </trkpt>
   <trkpt lat="50.84980752344135" lon="4.622522484514509">
    <ele>68.26</ele>
   </trkpt>
   <trkpt lat="50.8499850312513" lon="4.623874979322974">
    <ele>69.71000000000001</ele>
   </trkpt>
   <trkpt lat="50.85016252342967" lon="4.625227484424628">
    <ele>70.52</ele>
   </trkpt>
   <trkpt lat="50.85034" lon="4.626580000000001">
    <ele>69.99000000000001</ele>
   </trkpt>
   <trkpt lat="50.84956500122443" lon="4.627085008302345">
    <ele>65.75</ele>
   </trkpt>
   <trkpt lat="50.84879" lon="4.6275900000000005">
    <ele>57.99000000000001</ele>
   </trkpt>
   <trkpt lat="50.8483750007097" lon="4.627925002794431">
    <ele>56.07</ele>
   </trkpt>
   <trkpt lat="50.84796000000001" lon="4.62826">
    <ele>55.07000000000001</ele>
   </trkpt>
   <trkpt lat="50.84749000000001" lon="4.628710000000001">
    <ele>56.400000000000006</ele>
   </trkpt>
   <trkpt lat="50.84695500210177" lon="4.6294100080170395">
    <ele>60.72</ele>
   </trkpt>
   <trkpt lat="50.84642" lon="4.63011">
    <ele>63.63</ele>
   </trkpt>
   <trkpt lat="50.846000001967944" lon="4.630785006042805">
    <ele>64.53999999999999</ele>
   </trkpt>
   <trkpt lat="50.845580000000005" lon="4.631460000000001">
    <ele>65.24000000000001</ele>
   </trkpt>
   <trkpt lat="50.845020000000005" lon="4.63248">
    <ele>64.0</ele>
   </trkpt>
   <trkpt lat="50.844590000000004" lon="4.63344">
    <ele>58.96</ele>
   </trkpt>
   <trkpt lat="50.84436" lon="4.63405">
    <ele>55.080000000000005</ele>
   </trkpt>
   <trkpt lat="50.844150000000006" lon="4.63471">
    <ele>52.36</ele>
   </trkpt>
   <trkpt lat="50.843900000000005" lon="4.635630000000001">
    <ele>48.550000000000004</ele>
   </trkpt>
   <trkpt lat="50.843610006187824" lon="4.6368300073143045">
    <ele>45.99</ele>
   </trkpt>
   <trkpt lat="50.843320000000006" lon="4.6380300000000005">
    <ele>45.31</ele>
   </trkpt>
   <trkpt lat="50.84310000000001" lon="4.638780000000001">
    <ele>45.660000000000004</ele>
   </trkpt>
   <trkpt lat="50.84290000000001" lon="4.63923">
    <ele>45.37</ele>
   </trkpt>
   <trkpt lat="50.842710000000004" lon="4.6395800000000005">
    <ele>44.0</ele>
   </trkpt>
   <trkpt lat="50.842180000000006" lon="4.64025">
    <ele>41.11</ele>
   </trkpt>
   <trkpt lat="50.8419" lon="4.639900000000001">
    <ele>38.88</ele>
   </trkpt>
   <trkpt lat="50.84178000000001" lon="4.63982">
    <ele>38.34</ele>
   </trkpt>
   <trkpt lat="50.841710000000006" lon="4.6397900000000005">
    <ele>38.080000000000005</ele>
   </trkpt>
   <trkpt lat="50.84156" lon="4.63982">
    <ele>37.84</ele>
   </trkpt>
   <trkpt lat="50.84149000000001" lon="4.63987">
    <ele>37.78</ele>
   </trkpt>
   <trkpt lat="50.84122000000001" lon="4.6401900000000005">
    <ele>38.19</ele>
   </trkpt>
   <trkpt lat="50.84116" lon="4.640230000000001">
    <ele>38.19</ele>
   </trkpt>
   <trkpt lat="50.841060000000006" lon="4.64025">
    <ele>36.230000000000004</ele>
   </trkpt>
   <trkpt lat="50.84095000000001" lon="4.640440000000001">
    <ele>34.75</ele>
   </trkpt>
   <trkpt lat="50.840790000000005" lon="4.6408000000000005">
    <ele>32.470000000000006</ele>
   </trkpt>
   <trkpt lat="50.840630000000004" lon="4.6413">
    <ele>31.070000000000004</ele>
   </trkpt>
   <trkpt lat="50.84056" lon="4.64146">
    <ele>30.580000000000002</ele>
   </trkpt>
   <trkpt lat="50.840520000000005" lon="4.641500000000001">
    <ele>30.580000000000002</ele>
   </trkpt>
   <trkpt lat="50.840430000000005" lon="4.6415500000000005">
    <ele>30.400000000000002</ele>
   </trkpt>
   <trkpt lat="50.840340000000005" lon="4.64153">
    <ele>30.37</ele>
   </trkpt>
   <trkpt lat="50.83989500046013" lon="4.6411999968491">
    <ele>30.730000000000004</ele>
   </trkpt>
   <trkpt lat="50.83945000000001" lon="4.6408700000000005">
    <ele>30.63</ele>
   </trkpt>
   <trkpt lat="50.83934000000001" lon="4.640750000000001">
    <ele>30.130000000000003</ele>
   </trkpt>
   <trkpt lat="50.83901" lon="4.641120000000001">
    <ele>29.370000000000005</ele>
   </trkpt>
   <trkpt lat="50.83887000000001" lon="4.641360000000001">
    <ele>28.810000000000002</ele>
   </trkpt>
   <trkpt lat="50.83849500275041" lon="4.6421650065089">
    <ele>28.020000000000003</ele>
   </trkpt>
   <trkpt lat="50.83812" lon="4.64297">
    <ele>27.450000000000003</ele>
   </trkpt>
   <trkpt lat="50.837671688598085" lon="4.643983382026633">
    <ele>27.160000000000004</ele>
   </trkpt>
   <trkpt lat="50.83722336841999" lon="4.644996744582776">
    <ele>26.900000000000002</ele>
   </trkpt>
   <trkpt lat="50.83677503946601" lon="4.646010087668732">
    <ele>26.46</ele>
   </trkpt>
   <trkpt lat="50.8363267017365" lon="4.647023411284807">
    <ele>26.36</ele>
   </trkpt>
   <trkpt lat="50.835878355231706" lon="4.648036715431304">
    <ele>26.21</ele>
   </trkpt>
   <trkpt lat="50.83543" lon="4.649050000000001">
    <ele>26.29</ele>
   </trkpt>
   <trkpt lat="50.83523" lon="4.64953">
    <ele>26.520000000000003</ele>
   </trkpt>
   <trkpt lat="50.834950000000006" lon="4.65045">
    <ele>27.64</ele>
   </trkpt>
   <trkpt lat="50.83448500061178" lon="4.650109996698649">
    <ele>28.200000000000003</ele>
   </trkpt>
   <trkpt lat="50.83402" lon="4.64977">
    <ele>30.36</ele>
   </trkpt>
   <trkpt lat="50.83375" lon="4.649660000000001">
    <ele>30.61</ele>
   </trkpt>
   <trkpt lat="50.833110000000005" lon="4.64949">
    <ele>31.310000000000002</ele>
   </trkpt>
   <trkpt lat="50.83268" lon="4.64932">
    <ele>31.26</ele>
   </trkpt>
   <trkpt lat="50.832045000591975" lon="4.648924994579751">
    <ele>31.090000000000003</ele>
   </trkpt>
   <trkpt lat="50.831410000000005" lon="4.64853">
    <ele>29.900000000000002</ele>
   </trkpt>
   <trkpt lat="50.830760000000005" lon="4.648210000000001">
    <ele>29.330000000000002</ele>
   </trkpt>
   <trkpt lat="50.830310000000004" lon="4.6481">
    <ele>29.02</ele>
   </trkpt>
   <trkpt lat="50.83012" lon="4.648090000000001">
    <ele>29.030000000000005</ele>
   </trkpt>
   <trkpt lat="50.829860000000004" lon="4.648140000000001">
    <ele>29.150000000000002</ele>
   </trkpt>
   <trkpt lat="50.8297" lon="4.648230000000001">
    <ele>29.59</ele>
   </trkpt>
   <trkpt lat="50.829550000000005" lon="4.64834">
    <ele>30.02</ele>
   </trkpt>
   <trkpt lat="50.829460000000005" lon="4.64845">
    <ele>30.62</ele>
   </trkpt>
   <trkpt lat="50.82936" lon="4.64862">
    <ele>31.53</ele>
   </trkpt>
   <trkpt lat="50.829260000000005" lon="4.64897">
    <ele>33.300000000000004</ele>
   </trkpt>
   <trkpt lat="50.82923" lon="4.64965">
    <ele>36.06</ele>
   </trkpt>
   <trkpt lat="50.82920000000001" lon="4.649830000000001">
    <ele>36.230000000000004</ele>
   </trkpt>
   <trkpt lat="50.829170000000005" lon="4.6498800000000005">
    <ele>36.230000000000004</ele>
   </trkpt>
   <trkpt lat="50.829080000000005" lon="4.64991">
    <ele>36.29</ele>
   </trkpt>
   <trkpt lat="50.82865" lon="4.64993">
    <ele>36.230000000000004</ele>
   </trkpt>
   <trkpt lat="50.82796000044984" lon="4.650250004724117">
    <ele>35.56</ele>
   </trkpt>
   <trkpt lat="50.827270000000006" lon="4.65057">
    <ele>34.370000000000005</ele>
   </trkpt>
   <trkpt lat="50.827040000000004" lon="4.65064">
    <ele>33.75</ele>
   </trkpt>
   <trkpt lat="50.82685000000001" lon="4.650670000000001">
    <ele>33.190000000000005</ele>
   </trkpt>
   <trkpt lat="50.826350000000005" lon="4.65052">
    <ele>32.120000000000005</ele>
   </trkpt>
   <trkpt lat="50.82612" lon="4.6505">
    <ele>31.55</ele>
   </trkpt>
   <trkpt lat="50.82592" lon="4.65052">
    <ele>31.310000000000002</ele>
   </trkpt>
   <trkpt lat="50.82547" lon="4.65061">
    <ele>31.12</ele>
   </trkpt>
   <trkpt lat="50.82508000000001" lon="4.650740000000001">
    <ele>30.770000000000003</ele>
   </trkpt>
   <trkpt lat="50.824670000000005" lon="4.6509100000000005">
    <ele>30.28</ele>
   </trkpt>
   <trkpt lat="50.823910000000005" lon="4.65136">
    <ele>29.200000000000003</ele>
   </trkpt>
   <trkpt lat="50.82374" lon="4.65148">
    <ele>29.23</ele>
   </trkpt>
   <trkpt lat="50.82361" lon="4.65167">
    <ele>29.41</ele>
   </trkpt>
   <trkpt lat="50.82352" lon="4.65191">
    <ele>29.980000000000004</ele>
   </trkpt>
   <trkpt lat="50.82349000000001" lon="4.652170000000001">
    <ele>30.320000000000004</ele>
   </trkpt>
   <trkpt lat="50.82352" lon="4.6526000000000005">
    <ele>31.39</ele>
   </trkpt>
   <trkpt lat="50.8235" lon="4.65277">
    <ele>31.39</ele>
   </trkpt>
   <trkpt lat="50.82283" lon="4.65263">
    <ele>31.19</ele>
   </trkpt>
   <trkpt lat="50.82229" lon="4.65244">
    <ele>31.490000000000002</ele>
   </trkpt>
   <trkpt lat="50.82160500117566" lon="4.6519199923867545">
    <ele>32.75</ele>
   </trkpt>
   <trkpt lat="50.82092" lon="4.651400000000001">
    <ele>34.4</ele>
   </trkpt>
   <trkpt lat="50.82074" lon="4.6513">
    <ele>35.15</ele>
   </trkpt>
   <trkpt lat="50.82038000000001" lon="4.6511700000000005">
    <ele>36.27</ele>
   </trkpt>
   <trkpt lat="50.820220000000006" lon="4.65115">
    <ele>36.68000000000001</ele>
   </trkpt>
   <trkpt lat="50.82005" lon="4.6511700000000005">
    <ele>37.76</ele>
   </trkpt>
   <trkpt lat="50.8198" lon="4.65123">
    <ele>39.13</ele>
   </trkpt>
   <trkpt lat="50.81927500021999" lon="4.651480002833098">
    <ele>41.42</ele>
   </trkpt>
   <trkpt lat="50.81875" lon="4.651730000000001">
    <ele>43.88</ele>
   </trkpt>
   <trkpt lat="50.818310000000004" lon="4.651870000000001">
    <ele>46.3</ele>
   </trkpt>
   <trkpt lat="50.81774000000001" lon="4.6519">
    <ele>47.300000000000004</ele>
   </trkpt>
   <trkpt lat="50.817220000000894" lon="4.6518449993863165">
    <ele>46.44</ele>
   </trkpt>
   <trkpt lat="50.816700000000004" lon="4.65179">
    <ele>43.32</ele>
   </trkpt>
   <trkpt lat="50.81629" lon="4.6517100000000005">
    <ele>40.43</ele>
   </trkpt>
   <trkpt lat="50.81607" lon="4.65164">
    <ele>38.48</ele>
   </trkpt>
   <trkpt lat="50.81562" lon="4.6514500000000005">
    <ele>37.08</ele>
   </trkpt>
   <trkpt lat="50.815175000195445" lon="4.651219997792708">
    <ele>36.800000000000004</ele>
   </trkpt>
   <trkpt lat="50.814730000000004" lon="4.65099">
    <ele>37.06</ele>
   </trkpt>
   <trkpt lat="50.814530000000005" lon="4.65087">
    <ele>37.25000000000001</ele>
   </trkpt>
   <trkpt lat="50.813970000000005" lon="4.65043">
    <ele>39.14</ele>
   </trkpt>
   <trkpt lat="50.81335000000001" lon="4.65017">
    <ele>44.07000000000001</ele>
   </trkpt>
   <trkpt lat="50.812799999975965" lon="4.650054998628997">
    <ele>46.580000000000005</ele>
   </trkpt>
   <trkpt lat="50.812250000000006" lon="4.64994">
    <ele>48.730000000000004</ele>
   </trkpt>
   <trkpt lat="50.811710000000005" lon="4.649970000000001">
    <ele>48.690000000000005</ele>
   </trkpt>
   <trkpt lat="50.81091000000001" lon="4.6502300000000005">
    <ele>46.410000000000004</ele>
   </trkpt>
   <trkpt lat="50.810216667230264" lon="4.650473340536555">
    <ele>42.14</ele>
   </trkpt>
   <trkpt lat="50.8095233339544" lon="4.650716673849591">
    <ele>40.870000000000005</ele>
   </trkpt>
   <trkpt lat="50.80883000000001" lon="4.65096">
    <ele>42.45</ele>
   </trkpt>
   <trkpt lat="50.80828000031544" lon="4.651220003048552">
    <ele>43.84</ele>
   </trkpt>
   <trkpt lat="50.80773000000001" lon="4.65148">
    <ele>41.080000000000005</ele>
   </trkpt>
   <trkpt lat="50.80756" lon="4.651540000000001">
    <ele>39.74</ele>
   </trkpt>
   <trkpt lat="50.80701499993207" lon="4.651620000947253">
    <ele>38.080000000000005</ele>
   </trkpt>
   <trkpt lat="50.806470000000004" lon="4.6517">
    <ele>36.68000000000001</ele>
   </trkpt>
   <trkpt lat="50.80622" lon="4.65176">
    <ele>36.59</ele>
   </trkpt>
   <trkpt lat="50.80608" lon="4.651820000000001">
    <ele>36.77</ele>
   </trkpt>
   <trkpt lat="50.80586" lon="4.65198">
    <ele>37.55</ele>
   </trkpt>
   <trkpt lat="50.80547000093119" lon="4.65241500349464">
    <ele>39.95</ele>
   </trkpt>
   <trkpt lat="50.805080000000004" lon="4.652850000000001">
    <ele>42.03</ele>
   </trkpt>
   <trkpt lat="50.804930000000006" lon="4.65298">
    <ele>42.03</ele>
   </trkpt>
   <trkpt lat="50.80472" lon="4.653090000000001">
    <ele>43.77</ele>
   </trkpt>
   <trkpt lat="50.80422500007543" lon="4.653205001213978">
    <ele>44.27</ele>
   </trkpt>
   <trkpt lat="50.80373" lon="4.653320000000001">
    <ele>43.190000000000005</ele>
   </trkpt>
   <trkpt lat="50.803580000000004" lon="4.653320000000001">
    <ele>42.760000000000005</ele>
   </trkpt>
   <trkpt lat="50.80342" lon="4.65329">
    <ele>41.71</ele>
   </trkpt>
   <trkpt lat="50.80324" lon="4.65319">
    <ele>40.56</ele>
   </trkpt>
   <trkpt lat="50.803110000000004" lon="4.65308">
    <ele>39.620000000000005</ele>
   </trkpt>
   <trkpt lat="50.80301000000001" lon="4.653020000000001">
    <ele>39.17</ele>
   </trkpt>
   <trkpt lat="50.80283000000001" lon="4.653020000000001">
    <ele>38.760000000000005</ele>
   </trkpt>
   <trkpt lat="50.80279" lon="4.65299">
    <ele>38.760000000000005</ele>
   </trkpt>
   <trkpt lat="50.80277" lon="4.65296">
    <ele>38.6</ele>
   </trkpt>
   <trkpt lat="50.80275" lon="4.652850000000001">
    <ele>38.6</ele>
   </trkpt>
   <trkpt lat="50.802240000142426" lon="4.652764999090834">
    <ele>38.35</ele>
   </trkpt>
   <trkpt lat="50.801730000000006" lon="4.65268">
    <ele>39.550000000000004</ele>
   </trkpt>
   <trkpt lat="50.80154" lon="4.65266">
    <ele>40.32</ele>
   </trkpt>
   <trkpt lat="50.801300000000005" lon="4.6526000000000005">
    <ele>41.010000000000005</ele>
   </trkpt>
   <trkpt lat="50.80057000033557" lon="4.652354996199078">
    <ele>43.02</ele>
   </trkpt>
   <trkpt lat="50.79984" lon="4.65211">
    <ele>40.800000000000004</ele>
   </trkpt>
   <trkpt lat="50.79963000000001" lon="4.652100000000001">
    <ele>40.800000000000004</ele>
   </trkpt>
   <trkpt lat="50.79947000000001" lon="4.6521300000000005">
    <ele>39.82</ele>
   </trkpt>
   <trkpt lat="50.79919" lon="4.652100000000001">
    <ele>39.07</ele>
   </trkpt>
   <trkpt lat="50.798480000000005" lon="4.651870000000001">
    <ele>35.97</ele>
   </trkpt>
   <trkpt lat="50.798370000000006" lon="4.651870000000001">
    <ele>35.97</ele>
   </trkpt>
   <trkpt lat="50.79795000000001" lon="4.65198">
    <ele>33.79</ele>
   </trkpt>
   <trkpt lat="50.79775" lon="4.65198">
    <ele>33.260000000000005</ele>
   </trkpt>
   <trkpt lat="50.7976" lon="4.65188">
    <ele>32.220000000000006</ele>
   </trkpt>
   <trkpt lat="50.797450000000005" lon="4.65172">
    <ele>31.53</ele>
   </trkpt>
   <trkpt lat="50.79728" lon="4.65162">
    <ele>31.060000000000002</ele>
   </trkpt>
   <trkpt lat="50.79701000000001" lon="4.65155">
    <ele>30.660000000000004</ele>
   </trkpt>
   <trkpt lat="50.79692000000001" lon="4.651490000000001">
    <ele>30.640000000000004</ele>
   </trkpt>
   <trkpt lat="50.79683000000001" lon="4.651400000000001">
    <ele>30.78</ele>
   </trkpt>
   <trkpt lat="50.79656000000001" lon="4.65096">
    <ele>31.26</ele>
   </trkpt>
   <trkpt lat="50.79657" lon="4.65068">
    <ele>31.17</ele>
   </trkpt>
   <trkpt lat="50.796620000000004" lon="4.650390000000001">
    <ele>31.090000000000003</ele>
   </trkpt>
   <trkpt lat="50.796710000000004" lon="4.65017">
    <ele>31.05</ele>
   </trkpt>
   <trkpt lat="50.796820000000004" lon="4.65003">
    <ele>31.05</ele>
   </trkpt>
   <trkpt lat="50.79737" lon="4.64972">
    <ele>30.980000000000004</ele>
   </trkpt>
   <trkpt lat="50.79784" lon="4.64932">
    <ele>30.740000000000002</ele>
   </trkpt>
   <trkpt lat="50.7978" lon="4.6492">
    <ele>30.7</ele>
   </trkpt>
   <trkpt lat="50.797790000000006" lon="4.64909">
    <ele>30.640000000000004</ele>
   </trkpt>
   <trkpt lat="50.797930005995724" lon="4.647905003603398">
    <ele>30.130000000000003</ele>
   </trkpt>
   <trkpt lat="50.79807" lon="4.64672">
    <ele>30.390000000000004</ele>
   </trkpt>
   <trkpt lat="50.798100000000005" lon="4.6461500000000004">
    <ele>30.55</ele>
   </trkpt>
   <trkpt lat="50.79809" lon="4.64552">
    <ele>30.62</ele>
   </trkpt>
   <trkpt lat="50.798170000000006" lon="4.6448100000000005">
    <ele>30.840000000000003</ele>
   </trkpt>
   <trkpt lat="50.798170000000006" lon="4.64458">
    <ele>30.840000000000003</ele>
   </trkpt>
   <trkpt lat="50.79815000000001" lon="4.644480000000001">
    <ele>30.900000000000002</ele>
   </trkpt>
   <trkpt lat="50.7978" lon="4.64353">
    <ele>30.720000000000002</ele>
   </trkpt>
   <trkpt lat="50.797720000000005" lon="4.64339">
    <ele>30.720000000000002</ele>
   </trkpt>
   <trkpt lat="50.797540000000005" lon="4.6431700000000005">
    <ele>30.770000000000003</ele>
   </trkpt>
   <trkpt lat="50.79724" lon="4.6429100000000005">
    <ele>30.650000000000002</ele>
   </trkpt>
   <trkpt lat="50.796850000000006" lon="4.642600000000001">
    <ele>30.53</ele>
   </trkpt>
   <trkpt lat="50.79631000199683" lon="4.642116655497226">
    <ele>30.400000000000002</ele>
   </trkpt>
   <trkpt lat="50.795770001996544" lon="4.6416333221638135">
    <ele>30.590000000000003</ele>
   </trkpt>
   <trkpt lat="50.795230000000004" lon="4.6411500000000006">
    <ele>30.770000000000003</ele>
   </trkpt>
   <trkpt lat="50.79475000000001" lon="4.64059">
    <ele>30.950000000000003</ele>
   </trkpt>
   <trkpt lat="50.794290001480064" lon="4.639984993934536">
    <ele>30.94</ele>
   </trkpt>
   <trkpt lat="50.79383000000001" lon="4.63938">
    <ele>30.53</ele>
   </trkpt>
   <trkpt lat="50.793600000000005" lon="4.63914">
    <ele>30.46</ele>
   </trkpt>
   <trkpt lat="50.793150000000004" lon="4.638750000000001">
    <ele>30.330000000000002</ele>
   </trkpt>
   <trkpt lat="50.793000000000006" lon="4.63865">
    <ele>30.220000000000002</ele>
   </trkpt>
   <trkpt lat="50.79265" lon="4.63848">
    <ele>30.240000000000002</ele>
   </trkpt>
   <trkpt lat="50.79227" lon="4.63837">
    <ele>30.36</ele>
   </trkpt>
   <trkpt lat="50.79158" lon="4.638240000000001">
    <ele>30.500000000000004</ele>
   </trkpt>
   <trkpt lat="50.79090500001469" lon="4.638104998037929">
    <ele>30.310000000000002</ele>
   </trkpt>
   <trkpt lat="50.79023" lon="4.63797">
    <ele>30.400000000000002</ele>
   </trkpt>
   <trkpt lat="50.79005" lon="4.63792">
    <ele>30.520000000000003</ele>
   </trkpt>
   <trkpt lat="50.78974" lon="4.63778">
    <ele>30.55</ele>
   </trkpt>
   <trkpt lat="50.789480000000005" lon="4.637580000000001">
    <ele>30.51</ele>
   </trkpt>
   <trkpt lat="50.78923" lon="4.637320000000001">
    <ele>30.51</ele>
   </trkpt>
   <trkpt lat="50.788545002647616" lon="4.636544988734737">
    <ele>30.87</ele>
   </trkpt>
   <trkpt lat="50.78786" lon="4.63577">
    <ele>31.380000000000006</ele>
   </trkpt>
   <trkpt lat="50.787650000000006" lon="4.63544">
    <ele>31.720000000000006</ele>
   </trkpt>
   <trkpt lat="50.78743000000001" lon="4.6349">
    <ele>32.11</ele>
   </trkpt>
   <trkpt lat="50.78717" lon="4.634390000000001">
    <ele>33.03</ele>
   </trkpt>
   <trkpt lat="50.78703" lon="4.63421">
    <ele>33.5</ele>
   </trkpt>
   <trkpt lat="50.78681" lon="4.63398">
    <ele>34.57</ele>
   </trkpt>
   <trkpt lat="50.78667" lon="4.633900000000001">
    <ele>34.980000000000004</ele>
   </trkpt>
   <trkpt lat="50.78649000000001" lon="4.633870000000001">
    <ele>35.11</ele>
   </trkpt>
   <trkpt lat="50.786170000000006" lon="4.63393">
    <ele>35.09</ele>
   </trkpt>
   <trkpt lat="50.785725000221184" lon="4.634050001099126">
    <ele>35.61</ele>
   </trkpt>
   <trkpt lat="50.78528000000001" lon="4.63417">
    <ele>35.410000000000004</ele>
   </trkpt>
   <trkpt lat="50.784800000000004" lon="4.63415">
    <ele>35.11</ele>
   </trkpt>
   <trkpt lat="50.784290000000006" lon="4.6341">
    <ele>34.67</ele>
   </trkpt>
   <trkpt lat="50.78416000000001" lon="4.634130000000001">
    <ele>34.35</ele>
   </trkpt>
   <trkpt lat="50.783970000000004" lon="4.6341">
    <ele>34.260000000000005</ele>
   </trkpt>
   <trkpt lat="50.783860000000004" lon="4.6340900000000005">
    <ele>34.260000000000005</ele>
   </trkpt>
   <trkpt lat="50.78379" lon="4.63403">
    <ele>34.07</ele>
   </trkpt>
   <trkpt lat="50.783170000178096" lon="4.633794996861934">
    <ele>33.06</ele>
   </trkpt>
   <trkpt lat="50.78255000000001" lon="4.63356">
    <ele>32.78</ele>
   </trkpt>
   <trkpt lat="50.78201000000001" lon="4.63354">
    <ele>32.53</ele>
   </trkpt>
   <trkpt lat="50.781740000000006" lon="4.633500000000001">
    <ele>32.36</ele>
   </trkpt>
   <trkpt lat="50.78113666682804" lon="4.63334999612153">
    <ele>32.440000000000005</ele>
   </trkpt>
   <trkpt lat="50.78053333346368" lon="4.63319999611388">
    <ele>32.81</ele>
   </trkpt>
   <trkpt lat="50.77993000000001" lon="4.633050000000001">
    <ele>33.6</ele>
   </trkpt>
   <trkpt lat="50.779700000000005" lon="4.63302">
    <ele>33.6</ele>
   </trkpt>
   <trkpt lat="50.778890000000004" lon="4.632980000000001">
    <ele>34.77</ele>
   </trkpt>
   <trkpt lat="50.778580000000005" lon="4.63293">
    <ele>34.59</ele>
   </trkpt>
   <trkpt lat="50.77855" lon="4.633120000000001">
    <ele>34.59</ele>
   </trkpt>
   <trkpt lat="50.778470000000006" lon="4.633380000000001">
    <ele>34.09</ele>
   </trkpt>
   <trkpt lat="50.77839" lon="4.63354">
    <ele>33.910000000000004</ele>
   </trkpt>
   <trkpt lat="50.77832" lon="4.63365">
    <ele>33.75</ele>
   </trkpt>
   <trkpt lat="50.77821" lon="4.63375">
    <ele>33.75</ele>
   </trkpt>
   <trkpt lat="50.77806" lon="4.63384">
    <ele>33.370000000000005</ele>
   </trkpt>
   <trkpt lat="50.777420000608416" lon="4.634103340534297">
    <ele>33.06</ele>
   </trkpt>
   <trkpt lat="50.77678000062392" lon="4.634366673861124">
    <ele>32.97</ele>
   </trkpt>
   <trkpt lat="50.776140000000005" lon="4.6346300000000005">
    <ele>33.050000000000004</ele>
   </trkpt>
   <trkpt lat="50.77539" lon="4.6349">
    <ele>33.230000000000004</ele>
   </trkpt>
   <trkpt lat="50.77495500007237" lon="4.6351050019571876">
    <ele>33.260000000000005</ele>
   </trkpt>
   <trkpt lat="50.77452" lon="4.6353100000000005">
    <ele>33.49</ele>
   </trkpt>
   <trkpt lat="50.77434" lon="4.63537">
    <ele>33.74</ele>
   </trkpt>
   <trkpt lat="50.774080000000005" lon="4.635420000000001">
    <ele>33.800000000000004</ele>
   </trkpt>
   <trkpt lat="50.773770000000006" lon="4.63543">
    <ele>34.02</ele>
   </trkpt>
   <trkpt lat="50.77342" lon="4.63541">
    <ele>34.46</ele>
   </trkpt>
   <trkpt lat="50.77309" lon="4.63536">
    <ele>34.77</ele>
   </trkpt>
   <trkpt lat="50.772870000000005" lon="4.635350000000001">
    <ele>35.24</ele>
   </trkpt>
   <trkpt lat="50.77241" lon="4.63539">
    <ele>35.92</ele>
   </trkpt>
   <trkpt lat="50.77203" lon="4.63548">
    <ele>36.65</ele>
   </trkpt>
   <trkpt lat="50.771620000000006" lon="4.63551">
    <ele>37.4</ele>
   </trkpt>
   <trkpt lat="50.77116" lon="4.6354500000000005">
    <ele>38.290000000000006</ele>
   </trkpt>
   <trkpt lat="50.770340000000004" lon="4.635190000000001">
    <ele>41.13</ele>
   </trkpt>
   <trkpt lat="50.76975" lon="4.63499">
    <ele>41.53</ele>
   </trkpt>
   <trkpt lat="50.76953" lon="4.63496">
    <ele>41.580000000000005</ele>
   </trkpt>
   <trkpt lat="50.7693" lon="4.63499">
    <ele>41.5</ele>
   </trkpt>
   <trkpt lat="50.768950000000004" lon="4.6351">
    <ele>41.11</ele>
   </trkpt>
   <trkpt lat="50.768600000000006" lon="4.6353100000000005">
    <ele>40.14</ele>
   </trkpt>
   <trkpt lat="50.76812" lon="4.63567">
    <ele>39.16</ele>
   </trkpt>
   <trkpt lat="50.76742" lon="4.63632">
    <ele>38.00000000000001</ele>
   </trkpt>
   <trkpt lat="50.767010000000006" lon="4.6367400000000005">
    <ele>36.980000000000004</ele>
   </trkpt>
   <trkpt lat="50.76664" lon="4.63706">
    <ele>36.19</ele>
   </trkpt>
   <trkpt lat="50.76596000063562" lon="4.637465005925458">
    <ele>36.1</ele>
   </trkpt>
   <trkpt lat="50.765280000000004" lon="4.63787">
    <ele>36.63</ele>
   </trkpt>
   <trkpt lat="50.76500000000001" lon="4.63809">
    <ele>36.63</ele>
   </trkpt>
   <trkpt lat="50.76471" lon="4.63839">
    <ele>36.85</ele>
   </trkpt>
   <trkpt lat="50.76438" lon="4.63886">
    <ele>36.88</ele>
   </trkpt>
   <trkpt lat="50.763920000000006" lon="4.639360000000001">
    <ele>36.56</ele>
   </trkpt>
   <trkpt lat="50.76355" lon="4.63971">
    <ele>36.43000000000001</ele>
   </trkpt>
   <trkpt lat="50.76317" lon="4.640020000000001">
    <ele>35.93</ele>
   </trkpt>
   <trkpt lat="50.763020000000004" lon="4.640090000000001">
    <ele>35.89000000000001</ele>
   </trkpt>
   <trkpt lat="50.76287000000001" lon="4.64011">
    <ele>35.89000000000001</ele>
   </trkpt>
   <trkpt lat="50.762710000000006" lon="4.6401">
    <ele>35.910000000000004</ele>
   </trkpt>
   <trkpt lat="50.76259" lon="4.6400500000000005">
    <ele>35.96000000000001</ele>
   </trkpt>
   <trkpt lat="50.76194000044047" lon="4.639689994936287">
    <ele>36.31</ele>
   </trkpt>
   <trkpt lat="50.76129" lon="4.63933">
    <ele>36.910000000000004</ele>
   </trkpt>
   <trkpt lat="50.761140000000005" lon="4.63926">
    <ele>37.13</ele>
   </trkpt>
   <trkpt lat="50.760960000000004" lon="4.63924">
    <ele>37.39</ele>
   </trkpt>
   <trkpt lat="50.76073" lon="4.63926">
    <ele>37.660000000000004</ele>
   </trkpt>
   <trkpt lat="50.760510000000004" lon="4.63933">
    <ele>37.89</ele>
   </trkpt>
   <trkpt lat="50.760110000000005" lon="4.639550000000001">
    <ele>38.67</ele>
   </trkpt>
   <trkpt lat="50.759530000000005" lon="4.6397">
    <ele>39.440000000000005</ele>
   </trkpt>
   <trkpt lat="50.75921" lon="4.639740000000001">
    <ele>40.470000000000006</ele>
   </trkpt>
   <trkpt lat="50.75907" lon="4.64059">
    <ele>40.160000000000004</ele>
   </trkpt>
   <trkpt lat="50.759040003270876" lon="4.641465000634694">
    <ele>38.75</ele>
   </trkpt>
   <trkpt lat="50.75901" lon="4.642340000000001">
    <ele>37.660000000000004</ele>
   </trkpt>
   <trkpt lat="50.75905" lon="4.642600000000001">
    <ele>37.02</ele>
   </trkpt>
   <trkpt lat="50.75911000000001" lon="4.6428">
    <ele>36.160000000000004</ele>
   </trkpt>
   <trkpt lat="50.7593" lon="4.64325">
    <ele>35.42</ele>
   </trkpt>
   <trkpt lat="50.75943" lon="4.64362">
    <ele>35.06</ele>
   </trkpt>
   <trkpt lat="50.75965" lon="4.64475">
    <ele>34.980000000000004</ele>
   </trkpt>
   <trkpt lat="50.75967000000001" lon="4.64515">
    <ele>34.690000000000005</ele>
   </trkpt>
   <trkpt lat="50.759660000000004" lon="4.6462900000000005">
    <ele>35.03000000000001</ele>
   </trkpt>
   <trkpt lat="50.75967500361517" lon="4.647209999487543">
    <ele>35.29</ele>
   </trkpt>
   <trkpt lat="50.759690000000006" lon="4.64813">
    <ele>34.92</ele>
   </trkpt>
   <trkpt lat="50.759730000000005" lon="4.648630000000001">
    <ele>34.9</ele>
   </trkpt>
   <trkpt lat="50.75992" lon="4.64953">
    <ele>35.15</ele>
   </trkpt>
   <trkpt lat="50.760305005780765" lon="4.6506949903488275">
    <ele>35.480000000000004</ele>
   </trkpt>
   <trkpt lat="50.760690000000004" lon="4.65186">
    <ele>36.39000000000001</ele>
   </trkpt>
   <trkpt lat="50.760950002933775" lon="4.652684995491767">
    <ele>38.98</ele>
   </trkpt>
   <trkpt lat="50.761210000000005" lon="4.653510000000001">
    <ele>42.27</ele>
   </trkpt>
   <trkpt lat="50.76124" lon="4.65366">
    <ele>43.510000000000005</ele>
   </trkpt>
   <trkpt lat="50.76124" lon="4.653860000000001">
    <ele>43.510000000000005</ele>
   </trkpt>
   <trkpt lat="50.76117000000001" lon="4.65411">
    <ele>44.29</ele>
   </trkpt>
   <trkpt lat="50.760513341115406" lon="4.6550666935798155">
    <ele>48.32</ele>
   </trkpt>
   <trkpt lat="50.75985667440479" lon="4.656023360309964">
    <ele>49.61</ele>
   </trkpt>
   <trkpt lat="50.75920000000001" lon="4.656980000000001">
    <ele>49.35</ele>
   </trkpt>
   <trkpt lat="50.758880000000005" lon="4.657640000000001">
    <ele>48.81</ele>
   </trkpt>
   <trkpt lat="50.758700000000005" lon="4.65812">
    <ele>48.64</ele>
   </trkpt>
   <trkpt lat="50.758570000000006" lon="4.658440000000001">
    <ele>48.260000000000005</ele>
   </trkpt>
   <trkpt lat="50.758410000000005" lon="4.658740000000001">
    <ele>47.78</ele>
   </trkpt>
   <trkpt lat="50.75822" lon="4.6590300000000004">
    <ele>47.470000000000006</ele>
   </trkpt>
   <trkpt lat="50.75798" lon="4.65932">
    <ele>47.38</ele>
   </trkpt>
   <trkpt lat="50.75748" lon="4.65984">
    <ele>47.7</ele>
   </trkpt>
   <trkpt lat="50.75697" lon="4.6603200000000005">
    <ele>48.080000000000005</ele>
   </trkpt>
   <trkpt lat="50.75618000280982" lon="4.660890019219804">
    <ele>49.910000000000004</ele>
   </trkpt>
   <trkpt lat="50.755390002841295" lon="4.661460019196677">
    <ele>49.25</ele>
   </trkpt>
   <trkpt lat="50.7546" lon="4.662030000000001">
    <ele>47.61000000000001</ele>
   </trkpt>
   <trkpt lat="50.754490000000004" lon="4.66225">
    <ele>47.52</ele>
   </trkpt>
   <trkpt lat="50.75439" lon="4.66258">
    <ele>47.43000000000001</ele>
   </trkpt>
   <trkpt lat="50.754210002708895" lon="4.663375003028203">
    <ele>47.75</ele>
   </trkpt>
   <trkpt lat="50.75403000000001" lon="4.66417">
    <ele>47.88</ele>
   </trkpt>
   <trkpt lat="50.75392" lon="4.66492">
    <ele>46.93000000000001</ele>
   </trkpt>
   <trkpt lat="50.75383" lon="4.66535">
    <ele>46.34</ele>
   </trkpt>
   <trkpt lat="50.75350000499666" lon="4.666430007582949">
    <ele>45.910000000000004</ele>
   </trkpt>
   <trkpt lat="50.753170000000004" lon="4.66751">
    <ele>45.96</ele>
   </trkpt>
   <trkpt lat="50.75291000000001" lon="4.66809">
    <ele>45.15</ele>
   </trkpt>
   <trkpt lat="50.75278" lon="4.668550000000001">
    <ele>44.44</ele>
   </trkpt>
   <trkpt lat="50.752590000000005" lon="4.6695">
    <ele>42.24000000000001</ele>
   </trkpt>
   <trkpt lat="50.75255000000001" lon="4.66966">
    <ele>42.13</ele>
   </trkpt>
   <trkpt lat="50.752460000000006" lon="4.6699">
    <ele>41.97</ele>
   </trkpt>
   <trkpt lat="50.75231" lon="4.670170000000001">
    <ele>42.010000000000005</ele>
   </trkpt>
   <trkpt lat="50.75206000000001" lon="4.6705000000000005">
    <ele>42.49000000000001</ele>
   </trkpt>
   <trkpt lat="50.75184" lon="4.67077">
    <ele>43.06</ele>
   </trkpt>
   <trkpt lat="50.75169" lon="4.67103">
    <ele>43.510000000000005</ele>
   </trkpt>
   <trkpt lat="50.751520000000006" lon="4.671620000000001">
    <ele>45.77</ele>
   </trkpt>
   <trkpt lat="50.75148" lon="4.671860000000001">
    <ele>45.77</ele>
   </trkpt>
   <trkpt lat="50.75141000000001" lon="4.673050000000001">
    <ele>50.04</ele>
   </trkpt>
   <trkpt lat="50.751340002879" lon="4.67387000117917">
    <ele>51.42000000000001</ele>
   </trkpt>
   <trkpt lat="50.751270000000005" lon="4.67469">
    <ele>51.72</ele>
   </trkpt>
   <trkpt lat="50.75117000352859" lon="4.675600002054296">
    <ele>51.64000000000001</ele>
   </trkpt>
   <trkpt lat="50.751070000000006" lon="4.67651">
    <ele>51.78000000000001</ele>
   </trkpt>
   <trkpt lat="50.750960000000006" lon="4.677440000000001">
    <ele>51.690000000000005</ele>
   </trkpt>
   <trkpt lat="50.75095" lon="4.677910000000001">
    <ele>51.9</ele>
   </trkpt>
   <trkpt lat="50.751070000000006" lon="4.679220000000001">
    <ele>49.89</ele>
   </trkpt>
   <trkpt lat="50.751090000000005" lon="4.67964">
    <ele>48.93</ele>
   </trkpt>
   <trkpt lat="50.75108" lon="4.67984">
    <ele>47.400000000000006</ele>
   </trkpt>
   <trkpt lat="50.750960000000006" lon="4.68027">
    <ele>46.45</ele>
   </trkpt>
   <trkpt lat="50.750870000000006" lon="4.68058">
    <ele>45.89000000000001</ele>
   </trkpt>
   <trkpt lat="50.750820000000004" lon="4.68092">
    <ele>45.6</ele>
   </trkpt>
   <trkpt lat="50.75085000000001" lon="4.68175">
    <ele>45.410000000000004</ele>
   </trkpt>
   <trkpt lat="50.750820000000004" lon="4.68201">
    <ele>45.49</ele>
   </trkpt>
   <trkpt lat="50.75072" lon="4.6823500000000005">
    <ele>45.39000000000001</ele>
   </trkpt>
   <trkpt lat="50.75061" lon="4.68297">
    <ele>45.57000000000001</ele>
   </trkpt>
   <trkpt lat="50.75052" lon="4.683750000000001">
    <ele>45.56</ele>
   </trkpt>
   <trkpt lat="50.75033000245771" lon="4.684515003284292">
    <ele>45.59</ele>
   </trkpt>
   <trkpt lat="50.75014" lon="4.6852800000000006">
    <ele>46.21</ele>
   </trkpt>
   <trkpt lat="50.750040000000006" lon="4.6856">
    <ele>46.660000000000004</ele>
   </trkpt>
   <trkpt lat="50.74965" lon="4.68651">
    <ele>48.14</ele>
   </trkpt>
   <trkpt lat="50.749550000000006" lon="4.6866900000000005">
    <ele>49.010000000000005</ele>
   </trkpt>
   <trkpt lat="50.74938" lon="4.68691">
    <ele>49.010000000000005</ele>
   </trkpt>
   <trkpt lat="50.749030000000005" lon="4.687200000000001">
    <ele>49.88</ele>
   </trkpt>
   <trkpt lat="50.748560000000005" lon="4.6879100000000005">
    <ele>50.580000000000005</ele>
   </trkpt>
   <trkpt lat="50.748470000000005" lon="4.68808">
    <ele>50.5</ele>
   </trkpt>
   <trkpt lat="50.748360000000005" lon="4.68843">
    <ele>49.940000000000005</ele>
   </trkpt>
   <trkpt lat="50.74832000000001" lon="4.688680000000001">
    <ele>49.56</ele>
   </trkpt>
   <trkpt lat="50.74828" lon="4.68904">
    <ele>48.24</ele>
   </trkpt>
   <trkpt lat="50.74822" lon="4.689520000000001">
    <ele>46.6</ele>
   </trkpt>
   <trkpt lat="50.747890000000005" lon="4.69069">
    <ele>45.34</ele>
   </trkpt>
   <trkpt lat="50.74785000000001" lon="4.69073">
    <ele>45.33</ele>
   </trkpt>
   <trkpt lat="50.74794000000001" lon="4.69099">
    <ele>45.2</ele>
   </trkpt>
   <trkpt lat="50.74788" lon="4.69113">
    <ele>45.040000000000006</ele>
   </trkpt>
   <trkpt lat="50.7477" lon="4.692030000000001">
    <ele>45.03</ele>
   </trkpt>
   <trkpt lat="50.74754" lon="4.6923200000000005">
    <ele>45.17</ele>
   </trkpt>
   <trkpt lat="50.747400000000006" lon="4.69245">
    <ele>45.13</ele>
   </trkpt>
   <trkpt lat="50.747400000000006" lon="4.6924600000000005">
    <ele>45.13</ele>
   </trkpt>
   <trkpt lat="50.747130000000006" lon="4.692620000000001">
    <ele>43.03000000000001</ele>
   </trkpt>
   <trkpt lat="50.74707" lon="4.6927">
    <ele>45.410000000000004</ele>
   </trkpt>
   <trkpt lat="50.74703" lon="4.6927900000000005">
    <ele>45.410000000000004</ele>
   </trkpt>
   <trkpt lat="50.74703" lon="4.69294">
    <ele>45.410000000000004</ele>
   </trkpt>
   <trkpt lat="50.74707" lon="4.693090000000001">
    <ele>45.52</ele>
   </trkpt>
   <trkpt lat="50.746990000000004" lon="4.693370000000001">
    <ele>45.470000000000006</ele>
   </trkpt>
   <trkpt lat="50.746880000000004" lon="4.69353">
    <ele>45.21000000000001</ele>
   </trkpt>
   <trkpt lat="50.746590000000005" lon="4.694030000000001">
    <ele>45.08</ele>
   </trkpt>
   <trkpt lat="50.746230000000004" lon="4.69474">
    <ele>44.68000000000001</ele>
   </trkpt>
   <trkpt lat="50.74590500234954" lon="4.695475005012467">
    <ele>44.74</ele>
   </trkpt>
   <trkpt lat="50.745580000000004" lon="4.696210000000001">
    <ele>44.86000000000001</ele>
   </trkpt>
   <trkpt lat="50.74548000000001" lon="4.696330000000001">
    <ele>44.78</ele>
   </trkpt>
   <trkpt lat="50.7450200008616" lon="4.69672500371378">
    <ele>44.68000000000001</ele>
   </trkpt>
   <trkpt lat="50.74456000000001" lon="4.69712">
    <ele>45.02</ele>
   </trkpt>
   <trkpt lat="50.74382000000001" lon="4.697850000000001">
    <ele>45.62</ele>
   </trkpt>
   <trkpt lat="50.743680000000005" lon="4.69793">
    <ele>45.92</ele>
   </trkpt>
   <trkpt lat="50.74293500058787" lon="4.698285005624882">
    <ele>47.67</ele>
   </trkpt>
   <trkpt lat="50.74219" lon="4.69864">
    <ele>50.60000000000001</ele>
   </trkpt>
   <trkpt lat="50.74172000057735" lon="4.69898500341258">
    <ele>51.36</ele>
   </trkpt>
   <trkpt lat="50.74125" lon="4.699330000000001">
    <ele>50.28</ele>
   </trkpt>
   <trkpt lat="50.740950000000005" lon="4.69949">
    <ele>49.7</ele>
   </trkpt>
   <trkpt lat="50.740410000000004" lon="4.699610000000001">
    <ele>48.650000000000006</ele>
   </trkpt>
   <trkpt lat="50.74034" lon="4.6996">
    <ele>48.480000000000004</ele>
   </trkpt>
   <trkpt lat="50.740260000000006" lon="4.69951">
    <ele>48.330000000000005</ele>
   </trkpt>
   <trkpt lat="50.74011" lon="4.6995000000000005">
    <ele>48.25</ele>
   </trkpt>
   <trkpt lat="50.739650000000005" lon="4.699520000000001">
    <ele>48.330000000000005</ele>
   </trkpt>
   <trkpt lat="50.739670000000004" lon="4.699680000000001">
    <ele>48.88</ele>
   </trkpt>
   <trkpt lat="50.73987" lon="4.700200000000001">
    <ele>50.28</ele>
   </trkpt>
   <trkpt lat="50.73984" lon="4.70035">
    <ele>50.28</ele>
   </trkpt>
   <trkpt lat="50.73978" lon="4.70037">
    <ele>50.5</ele>
   </trkpt>
   <trkpt lat="50.7390350011727" lon="4.700895008356011">
    <ele>52.050000000000004</ele>
   </trkpt>
   <trkpt lat="50.738290000000006" lon="4.701420000000001">
    <ele>53.93000000000001</ele>
   </trkpt>
   <trkpt lat="50.73823" lon="4.701490000000001">
    <ele>53.93000000000001</ele>
   </trkpt>
   <trkpt lat="50.738200000000006" lon="4.701580000000001">
    <ele>54.11000000000001</ele>
   </trkpt>
   <trkpt lat="50.738080000000004" lon="4.702660000000001">
    <ele>56.970000000000006</ele>
   </trkpt>
   <trkpt lat="50.737790000000004" lon="4.70258">
    <ele>56.95</ele>
   </trkpt>
   <trkpt lat="50.73763" lon="4.7026200000000005">
    <ele>57.24</ele>
   </trkpt>
   <trkpt lat="50.73709" lon="4.703010000000001">
    <ele>58.39</ele>
   </trkpt>
   <trkpt lat="50.736580000000004" lon="4.703460000000001">
    <ele>57.57</ele>
   </trkpt>
   <trkpt lat="50.73651" lon="4.70343">
    <ele>56.870000000000005</ele>
   </trkpt>
   <trkpt lat="50.73637" lon="4.703270000000001">
    <ele>56.27</ele>
   </trkpt>
   <trkpt lat="50.73624" lon="4.7033000000000005">
    <ele>55.93000000000001</ele>
   </trkpt>
   <trkpt lat="50.736000000000004" lon="4.70315">
    <ele>54.730000000000004</ele>
   </trkpt>
   <trkpt lat="50.73584" lon="4.703110000000001">
    <ele>54.730000000000004</ele>
   </trkpt>
   <trkpt lat="50.73572000000001" lon="4.70322">
    <ele>53.01</ele>
   </trkpt>
   <trkpt lat="50.73541" lon="4.70375">
    <ele>51.230000000000004</ele>
   </trkpt>
   <trkpt lat="50.73534" lon="4.703810000000001">
    <ele>51.230000000000004</ele>
   </trkpt>
   <trkpt lat="50.735220000000005" lon="4.70385">
    <ele>50.550000000000004</ele>
   </trkpt>
   <trkpt lat="50.7351" lon="4.70383">
    <ele>50.120000000000005</ele>
   </trkpt>
   <trkpt lat="50.734640000000006" lon="4.703620000000001">
    <ele>49.07</ele>
   </trkpt>
   <trkpt lat="50.734550000000006" lon="4.703620000000001">
    <ele>49.07</ele>
   </trkpt>
   <trkpt lat="50.734500000000004" lon="4.70366">
    <ele>48.910000000000004</ele>
   </trkpt>
   <trkpt lat="50.734260000000006" lon="4.7041900000000005">
    <ele>48.910000000000004</ele>
   </trkpt>
   <trkpt lat="50.73416" lon="4.70432">
    <ele>49.040000000000006</ele>
   </trkpt>
   <trkpt lat="50.734010000000005" lon="4.704400000000001">
    <ele>49.480000000000004</ele>
   </trkpt>
   <trkpt lat="50.733880000000006" lon="4.704420000000001">
    <ele>49.480000000000004</ele>
   </trkpt>
   <trkpt lat="50.73378" lon="4.70441">
    <ele>49.480000000000004</ele>
   </trkpt>
   <trkpt lat="50.733670000000004" lon="4.704350000000001">
    <ele>49.68</ele>
   </trkpt>
   <trkpt lat="50.73309333603626" lon="4.703786652785169">
    <ele>50.5</ele>
   </trkpt>
   <trkpt lat="50.73251666935836" lon="4.703223319441096">
    <ele>51.32</ele>
   </trkpt>
   <trkpt lat="50.73194" lon="4.702660000000001">
    <ele>51.93</ele>
   </trkpt>
   <trkpt lat="50.731300000000005" lon="4.702120000000001">
    <ele>51.660000000000004</ele>
   </trkpt>
   <trkpt lat="50.730756668144174" lon="4.7016966568035174">
    <ele>50.910000000000004</ele>
   </trkpt>
   <trkpt lat="50.7302133347556" lon="4.701273323427287">
    <ele>50.96</ele>
   </trkpt>
   <trkpt lat="50.729670000000006" lon="4.70085">
    <ele>51.61</ele>
   </trkpt>
   <trkpt lat="50.72927000000001" lon="4.700570000000001">
    <ele>52.34</ele>
   </trkpt>
   <trkpt lat="50.72887000000001" lon="4.700360000000001">
    <ele>53.09</ele>
   </trkpt>
   <trkpt lat="50.728680000000004" lon="4.70028">
    <ele>53.910000000000004</ele>
   </trkpt>
   <trkpt lat="50.72852" lon="4.700270000000001">
    <ele>54.55</ele>
   </trkpt>
   <trkpt lat="50.72809" lon="4.70042">
    <ele>55.52</ele>
   </trkpt>
   <trkpt lat="50.72787" lon="4.70044">
    <ele>55.74</ele>
   </trkpt>
   <trkpt lat="50.72776" lon="4.700410000000001">
    <ele>56.540000000000006</ele>
   </trkpt>
   <trkpt lat="50.72712000092818" lon="4.700079990982496">
    <ele>57.35</ele>
   </trkpt>
   <trkpt lat="50.726480000924894" lon="4.6997499909809655">
    <ele>58.02</ele>
   </trkpt>
   <trkpt lat="50.725840000000005" lon="4.699420000000001">
    <ele>58.25</ele>
   </trkpt>
   <trkpt lat="50.725265000383445" lon="4.699109996180781">
    <ele>57.21</ele>
   </trkpt>
   <trkpt lat="50.72469" lon="4.6988">
    <ele>56.34</ele>
   </trkpt>
   <trkpt lat="50.724225000479535" lon="4.698474996794117">
    <ele>55.7</ele>
   </trkpt>
   <trkpt lat="50.723760000000006" lon="4.69815">
    <ele>54.910000000000004</ele>
   </trkpt>
   <trkpt lat="50.72361" lon="4.698060000000001">
    <ele>54.86000000000001</ele>
   </trkpt>
   <trkpt lat="50.72343000000001" lon="4.69801">
    <ele>55.010000000000005</ele>
   </trkpt>
   <trkpt lat="50.723440000000004" lon="4.69794">
    <ele>55.010000000000005</ele>
   </trkpt>
   <trkpt lat="50.723380000000006" lon="4.69697">
    <ele>54.44</ele>
   </trkpt>
   <trkpt lat="50.7232950059012" lon="4.6957949978257645">
    <ele>54.940000000000005</ele>
   </trkpt>
   <trkpt lat="50.72321" lon="4.6946200000000005">
    <ele>56.440000000000005</ele>
   </trkpt>
   <trkpt lat="50.72316000000001" lon="4.69425">
    <ele>57.03</ele>
   </trkpt>
   <trkpt lat="50.72302500199354" lon="4.693569998121815">
    <ele>57.59</ele>
   </trkpt>
   <trkpt lat="50.72289000000001" lon="4.69289">
    <ele>58.650000000000006</ele>
   </trkpt>
   <trkpt lat="50.72236" lon="4.69327">
    <ele>59.03000000000001</ele>
   </trkpt>
   <trkpt lat="50.72195000000001" lon="4.69353">
    <ele>60.25000000000001</ele>
   </trkpt>
   <trkpt lat="50.721790000000006" lon="4.6936">
    <ele>60.25000000000001</ele>
   </trkpt>
   <trkpt lat="50.72151" lon="4.69364">
    <ele>60.85000000000001</ele>
   </trkpt>
   <trkpt lat="50.721210000000006" lon="4.69364">
    <ele>61.39000000000001</ele>
   </trkpt>
   <trkpt lat="50.72065000000445" lon="4.693539998798148">
    <ele>61.730000000000004</ele>
   </trkpt>
   <trkpt lat="50.720090000000006" lon="4.693440000000001">
    <ele>62.220000000000006</ele>
   </trkpt>
   <trkpt lat="50.719710000000006" lon="4.6934000000000005">
    <ele>62.36000000000001</ele>
   </trkpt>
   <trkpt lat="50.71942000000001" lon="4.69341">
    <ele>62.43000000000001</ele>
   </trkpt>
   <trkpt lat="50.71918" lon="4.69343">
    <ele>62.49</ele>
   </trkpt>
   <trkpt lat="50.71887" lon="4.693510000000001">
    <ele>62.400000000000006</ele>
   </trkpt>
   <trkpt lat="50.718540000000004" lon="4.69364">
    <ele>62.42</ele>
   </trkpt>
   <trkpt lat="50.71801000000001" lon="4.693910000000001">
    <ele>62.550000000000004</ele>
   </trkpt>
   <trkpt lat="50.71773" lon="4.694030000000001">
    <ele>62.85</ele>
   </trkpt>
   <trkpt lat="50.717380000000006" lon="4.69413">
    <ele>63.29</ele>
   </trkpt>
   <trkpt lat="50.71701" lon="4.69418">
    <ele>63.78</ele>
   </trkpt>
   <trkpt lat="50.71681" lon="4.69418">
    <ele>64.44000000000001</ele>
   </trkpt>
   <trkpt lat="50.71634" lon="4.69413">
    <ele>65.2</ele>
   </trkpt>
   <trkpt lat="50.71618" lon="4.6940800000000005">
    <ele>65.2</ele>
   </trkpt>
   <trkpt lat="50.715520000000005" lon="4.693840000000001">
    <ele>65.98</ele>
   </trkpt>
   <trkpt lat="50.715270000000004" lon="4.69378">
    <ele>66.19</ele>
   </trkpt>
   <trkpt lat="50.71499000000001" lon="4.693770000000001">
    <ele>66.36</ele>
   </trkpt>
   <trkpt lat="50.71481000000001" lon="4.6938">
    <ele>66.79</ele>
   </trkpt>
   <trkpt lat="50.71441" lon="4.693910000000001">
    <ele>68.05</ele>
   </trkpt>
   <trkpt lat="50.714240000000004" lon="4.693930000000001">
    <ele>68.39</ele>
   </trkpt>
   <trkpt lat="50.714110000000005" lon="4.69392">
    <ele>68.39</ele>
   </trkpt>
   <trkpt lat="50.71379" lon="4.69385">
    <ele>70.95</ele>
   </trkpt>
   <trkpt lat="50.71311000016277" lon="4.693669997395159">
    <ele>72.13</ele>
   </trkpt>
   <trkpt lat="50.712430000000005" lon="4.693490000000001">
    <ele>70.28</ele>
   </trkpt>
   <trkpt lat="50.71208000000001" lon="4.693370000000001">
    <ele>69.18</ele>
   </trkpt>
   <trkpt lat="50.711780000000005" lon="4.693230000000001">
    <ele>68.57000000000001</ele>
   </trkpt>
   <trkpt lat="50.711290000386235" lon="4.69295999721876">
    <ele>68.31</ele>
   </trkpt>
   <trkpt lat="50.710800000000006" lon="4.692690000000001">
    <ele>68.92</ele>
   </trkpt>
   <trkpt lat="50.71060000000001" lon="4.69261">
    <ele>69.29</ele>
   </trkpt>
   <trkpt lat="50.709920000000004" lon="4.69223">
    <ele>70.98</ele>
   </trkpt>
   <trkpt lat="50.709410000000005" lon="4.69202">
    <ele>71.16</ele>
   </trkpt>
   <trkpt lat="50.709030000000006" lon="4.691960000000001">
    <ele>70.91</ele>
   </trkpt>
   <trkpt lat="50.708850000000005" lon="4.69198">
    <ele>70.91</ele>
   </trkpt>
   <trkpt lat="50.708070000000006" lon="4.69217">
    <ele>71.75</ele>
   </trkpt>
   <trkpt lat="50.70796000000001" lon="4.6921800000000005">
    <ele>72.2</ele>
   </trkpt>
   <trkpt lat="50.707840000000004" lon="4.692150000000001">
    <ele>72.49000000000001</ele>
   </trkpt>
   <trkpt lat="50.707570000000004" lon="4.692010000000001">
    <ele>73.35000000000001</ele>
   </trkpt>
   <trkpt lat="50.70694333458824" lon="4.6916366567239285">
    <ele>79.95</ele>
   </trkpt>
   <trkpt lat="50.70631666798419" lon="4.691263323428068">
    <ele>85.06</ele>
   </trkpt>
   <trkpt lat="50.705690000000004" lon="4.6908900000000004">
    <ele>87.67000000000002</ele>
   </trkpt>
   <trkpt lat="50.7051" lon="4.690300000000001">
    <ele>87.47</ele>
   </trkpt>
   <trkpt lat="50.705000000000005" lon="4.690230000000001">
    <ele>86.51</ele>
   </trkpt>
   <trkpt lat="50.7049" lon="4.69019">
    <ele>85.82000000000001</ele>
   </trkpt>
   <trkpt lat="50.70420000000001" lon="4.69001">
    <ele>78.42</ele>
   </trkpt>
   <trkpt lat="50.70376" lon="4.68975">
    <ele>75.05</ele>
   </trkpt>
   <trkpt lat="50.7036" lon="4.6896700000000004">
    <ele>75.39000000000001</ele>
   </trkpt>
   <trkpt lat="50.70336" lon="4.689590000000001">
    <ele>73.37</ele>
   </trkpt>
   <trkpt lat="50.70317000000001" lon="4.68956">
    <ele>72.82000000000001</ele>
   </trkpt>
   <trkpt lat="50.702850000000005" lon="4.68956">
    <ele>73.03000000000002</ele>
   </trkpt>
   <trkpt lat="50.70272000000001" lon="4.6895500000000006">
    <ele>74.25000000000001</ele>
   </trkpt>
   <trkpt lat="50.70262" lon="4.689570000000001">
    <ele>74.47000000000001</ele>
   </trkpt>
   <trkpt lat="50.702490000000004" lon="4.68953">
    <ele>74.66</ele>
   </trkpt>
   <trkpt lat="50.70228" lon="4.68942">
    <ele>75.29</ele>
   </trkpt>
   <trkpt lat="50.702090000000005" lon="4.68942">
    <ele>75.72000000000001</ele>
   </trkpt>
   <trkpt lat="50.701910000000005" lon="4.68951">
    <ele>76.12</ele>
   </trkpt>
   <trkpt lat="50.70178000000001" lon="4.68953">
    <ele>76.05000000000001</ele>
   </trkpt>
   <trkpt lat="50.701330000000006" lon="4.68949">
    <ele>75.83000000000001</ele>
   </trkpt>
   <trkpt lat="50.70116" lon="4.6894100000000005">
    <ele>76.02</ele>
   </trkpt>
   <trkpt lat="50.70074" lon="4.68912">
    <ele>77.55000000000001</ele>
   </trkpt>
   <trkpt lat="50.70037000000001" lon="4.68865">
    <ele>80.17</ele>
   </trkpt>
   <trkpt lat="50.69997000000001" lon="4.68764">
    <ele>86.59</ele>
   </trkpt>
   <trkpt lat="50.699830000000006" lon="4.68719">
    <ele>89.91</ele>
   </trkpt>
   <trkpt lat="50.69979000000001" lon="4.68703">
    <ele>90.81</ele>
   </trkpt>
   <trkpt lat="50.69977" lon="4.68686">
    <ele>91.77</ele>
   </trkpt>
   <trkpt lat="50.69979000000001" lon="4.68663">
    <ele>94.81</ele>
   </trkpt>
   <trkpt lat="50.69984" lon="4.686520000000001">
    <ele>94.81</ele>
   </trkpt>
   <trkpt lat="50.700160000000004" lon="4.68606">
    <ele>99.55000000000001</ele>
   </trkpt>
   <trkpt lat="50.70027" lon="4.68573">
    <ele>100.41000000000001</ele>
   </trkpt>
   <trkpt lat="50.700320000000005" lon="4.685510000000001">
    <ele>103.64000000000001</ele>
   </trkpt>
   <trkpt lat="50.70038" lon="4.68506">
    <ele>105.12</ele>
   </trkpt>
   <trkpt lat="50.7004" lon="4.6848">
    <ele>106.14000000000001</ele>
   </trkpt>
   <trkpt lat="50.70038" lon="4.68416">
    <ele>109.44000000000001</ele>
   </trkpt>
   <trkpt lat="50.70032227654698" lon="4.68289998758775">
    <ele>113.55000000000001</ele>
   </trkpt>
   <trkpt lat="50.70026453951268" lon="4.6816399782777465">
    <ele>117.47</ele>
   </trkpt>
   <trkpt lat="50.700206788897134" lon="4.680379972070705">
    <ele>119.33</ele>
   </trkpt>
   <trkpt lat="50.700149024700416" lon="4.679119968967344">
    <ele>120.95000000000002</ele>
   </trkpt>
   <trkpt lat="50.700091246922604" lon="4.6778599689683755">
    <ele>123.29</ele>
   </trkpt>
   <trkpt lat="50.700033455563734" lon="4.676599972074518">
    <ele>125.2</ele>
   </trkpt>
   <trkpt lat="50.69997565062386" lon="4.675339978286487">
    <ele>124.73</ele>
   </trkpt>
   <trkpt lat="50.699917832103075" lon="4.674079987604997">
    <ele>118.98000000000002</ele>
   </trkpt>
   <trkpt lat="50.69986" lon="4.672820000000001">
    <ele>112.49000000000001</ele>
   </trkpt>
   <trkpt lat="50.69989500423284" lon="4.671825000791766">
    <ele>109.30000000000001</ele>
   </trkpt>
   <trkpt lat="50.69993" lon="4.6708300000000005">
    <ele>107.36000000000001</ele>
   </trkpt>
   <trkpt lat="50.69997000000001" lon="4.670730000000001">
    <ele>107.25000000000001</ele>
   </trkpt>
   <trkpt lat="50.699920000000006" lon="4.6705700000000006">
    <ele>107.25000000000001</ele>
   </trkpt>
   <trkpt lat="50.69990000000001" lon="4.67035">
    <ele>106.9</ele>
   </trkpt>
   <trkpt lat="50.699760000000005" lon="4.67042">
    <ele>107.23</ele>
   </trkpt>
   <trkpt lat="50.69966" lon="4.67018">
    <ele>105.72000000000001</ele>
   </trkpt>
   <trkpt lat="50.69944" lon="4.67006">
    <ele>104.08</ele>
   </trkpt>
   <trkpt lat="50.699310000000004" lon="4.66995">
    <ele>103.51</ele>
   </trkpt>
   <trkpt lat="50.699200000000005" lon="4.66981">
    <ele>102.62</ele>
   </trkpt>
   <trkpt lat="50.699130000000004" lon="4.669630000000001">
    <ele>101.69</ele>
   </trkpt>
   <trkpt lat="50.699070000000006" lon="4.66941">
    <ele>100.14</ele>
   </trkpt>
   <trkpt lat="50.699040000000004" lon="4.66917">
    <ele>99.27000000000001</ele>
   </trkpt>
   <trkpt lat="50.699070000000006" lon="4.66793">
    <ele>90.62</ele>
   </trkpt>
   <trkpt lat="50.699020000000004" lon="4.6673800000000005">
    <ele>86.10000000000001</ele>
   </trkpt>
   <trkpt lat="50.69895" lon="4.66706">
    <ele>83.95</ele>
   </trkpt>
   <trkpt lat="50.69883" lon="4.666720000000001">
    <ele>81.84</ele>
   </trkpt>
   <trkpt lat="50.69872" lon="4.66647">
    <ele>81.84</ele>
   </trkpt>
   <trkpt lat="50.69845" lon="4.665970000000001">
    <ele>77.32</ele>
   </trkpt>
   <trkpt lat="50.69839" lon="4.6658100000000005">
    <ele>76.73</ele>
   </trkpt>
   <trkpt lat="50.698370000000004" lon="4.66568">
    <ele>76.37</ele>
   </trkpt>
   <trkpt lat="50.69836" lon="4.6654100000000005">
    <ele>75.79</ele>
   </trkpt>
   <trkpt lat="50.69839" lon="4.6652700000000005">
    <ele>75.28</ele>
   </trkpt>
   <trkpt lat="50.69847000000001" lon="4.665030000000001">
    <ele>74.72000000000001</ele>
   </trkpt>
   <trkpt lat="50.698800000000006" lon="4.66443">
    <ele>73.79</ele>
   </trkpt>
   <trkpt lat="50.69937" lon="4.66375">
    <ele>70.8</ele>
   </trkpt>
   <trkpt lat="50.69948" lon="4.6635800000000005">
    <ele>69.4</ele>
   </trkpt>
   <trkpt lat="50.699600000000004" lon="4.66333">
    <ele>68.05</ele>
   </trkpt>
   <trkpt lat="50.699670000000005" lon="4.66314">
    <ele>67.54</ele>
   </trkpt>
   <trkpt lat="50.69973" lon="4.662870000000001">
    <ele>66.68</ele>
   </trkpt>
   <trkpt lat="50.69975" lon="4.662680000000001">
    <ele>66.38000000000001</ele>
   </trkpt>
   <trkpt lat="50.699740000000006" lon="4.66242">
    <ele>66.0</ele>
   </trkpt>
   <trkpt lat="50.69970000000001" lon="4.66218">
    <ele>66.06</ele>
   </trkpt>
   <trkpt lat="50.69962" lon="4.66218">
    <ele>66.06</ele>
   </trkpt>
   <trkpt lat="50.699350002248266" lon="4.661464996046737">
    <ele>66.29</ele>
   </trkpt>
   <trkpt lat="50.69908" lon="4.66075">
    <ele>68.58</ele>
   </trkpt>
   <trkpt lat="50.69897" lon="4.660620000000001">
    <ele>69.17</ele>
   </trkpt>
   <trkpt lat="50.698840000000004" lon="4.660550000000001">
    <ele>69.81000000000002</ele>
   </trkpt>
   <trkpt lat="50.698820000000005" lon="4.6604600000000005">
    <ele>70.38000000000001</ele>
   </trkpt>
   <trkpt lat="50.698530001675415" lon="4.659814995780197">
    <ele>72.33</ele>
   </trkpt>
   <trkpt lat="50.698240000000006" lon="4.6591700000000005">
    <ele>73.53000000000002</ele>
   </trkpt>
   <trkpt lat="50.698130000000006" lon="4.65885">
    <ele>73.84</ele>
   </trkpt>
   <trkpt lat="50.69807" lon="4.65831">
    <ele>74.16</ele>
   </trkpt>
   <trkpt lat="50.698060000000005" lon="4.65702">
    <ele>74.68</ele>
   </trkpt>
   <trkpt lat="50.697990000000004" lon="4.656490000000001">
    <ele>75.01</ele>
   </trkpt>
   <trkpt lat="50.697602514625736" lon="4.655422473548299">
    <ele>75.93</ele>
   </trkpt>
   <trkpt lat="50.69721501950269" lon="4.654354964736349">
    <ele>79.47000000000001</ele>
   </trkpt>
   <trkpt lat="50.69682751463114" lon="4.65328747356406">
    <ele>82.92</ele>
   </trkpt>
   <trkpt lat="50.69644" lon="4.652220000000001">
    <ele>86.60000000000001</ele>
   </trkpt>
   <trkpt lat="50.69619" lon="4.65165">
    <ele>89.50000000000001</ele>
   </trkpt>
   <trkpt lat="50.69599" lon="4.65129">
    <ele>90.07000000000001</ele>
   </trkpt>
   <trkpt lat="50.695550000000004" lon="4.65061">
    <ele>91.94000000000001</ele>
   </trkpt>
   <trkpt lat="50.695170000000005" lon="4.65019">
    <ele>94.00000000000001</ele>
   </trkpt>
   <trkpt lat="50.694465001879465" lon="4.649519989891071">
    <ele>96.94000000000001</ele>
   </trkpt>
   <trkpt lat="50.693760000000005" lon="4.64885">
    <ele>102.04</ele>
   </trkpt>
   <trkpt lat="50.69344" lon="4.64865">
    <ele>104.20000000000002</ele>
   </trkpt>
   <trkpt lat="50.693070000000006" lon="4.648540000000001">
    <ele>105.86000000000001</ele>
   </trkpt>
   <trkpt lat="50.69252000012108" lon="4.648474999250052">
    <ele>107.31</ele>
   </trkpt>
   <trkpt lat="50.691970000000005" lon="4.64841">
    <ele>109.64000000000001</ele>
   </trkpt>
   <trkpt lat="50.691250000000004" lon="4.648350000000001">
    <ele>112.47000000000001</ele>
   </trkpt>
   <trkpt lat="50.690400000000004" lon="4.64825">
    <ele>116.26000000000002</ele>
   </trkpt>
   <trkpt lat="50.689930000000004" lon="4.648070000000001">
    <ele>119.53000000000002</ele>
   </trkpt>
   <trkpt lat="50.689690000000006" lon="4.647900000000001">
    <ele>120.73</ele>
   </trkpt>
   <trkpt lat="50.689260000000004" lon="4.647530000000001">
    <ele>122.03000000000002</ele>
   </trkpt>
   <trkpt lat="50.689020000000006" lon="4.64728">
    <ele>122.99000000000001</ele>
   </trkpt>
   <trkpt lat="50.68863" lon="4.64658">
    <ele>124.04</ele>
   </trkpt>
   <trkpt lat="50.68830000179179" lon="4.6459399955752545">
    <ele>124.43</ele>
   </trkpt>
   <trkpt lat="50.68797000000001" lon="4.645300000000001">
    <ele>124.83000000000001</ele>
   </trkpt>
   <trkpt lat="50.68784" lon="4.645090000000001">
    <ele>125.23</ele>
   </trkpt>
   <trkpt lat="50.687200000000004" lon="4.64414">
    <ele>125.52000000000002</ele>
   </trkpt>
   <trkpt lat="50.686960000000006" lon="4.64374">
    <ele>125.67</ele>
   </trkpt>
   <trkpt lat="50.68661" lon="4.643020000000001">
    <ele>126.05000000000003</ele>
   </trkpt>
   <trkpt lat="50.68616" lon="4.6419500000000005">
    <ele>126.54</ele>
   </trkpt>
   <trkpt lat="50.68603" lon="4.6417">
    <ele>126.66000000000003</ele>
   </trkpt>
   <trkpt lat="50.68583" lon="4.64137">
    <ele>126.66000000000003</ele>
   </trkpt>
   <trkpt lat="50.68556" lon="4.64107">
    <ele>126.94</ele>
   </trkpt>
   <trkpt lat="50.685340000000004" lon="4.6408700000000005">
    <ele>127.02000000000002</ele>
   </trkpt>
   <trkpt lat="50.68489000012315" lon="4.640609997410539">
    <ele>127.01</ele>
   </trkpt>
   <trkpt lat="50.68444" lon="4.640350000000001">
    <ele>127.28</ele>
   </trkpt>
   <trkpt lat="50.68386667102576" lon="4.641063350758088">
    <ele>124.75000000000001</ele>
   </trkpt>
   <trkpt lat="50.683293337698025" lon="4.641776684084161">
    <ele>120.65</ele>
   </trkpt>
   <trkpt lat="50.68272" lon="4.6424900000000004">
    <ele>114.98</ele>
   </trkpt>
   <trkpt lat="50.68202666981935" lon="4.64309668459027">
    <ele>111.75000000000001</ele>
   </trkpt>
   <trkpt lat="50.68133333648978" lon="4.643703351253301">
    <ele>106.77</ele>
   </trkpt>
   <trkpt lat="50.680640000000004" lon="4.64431">
    <ele>101.91000000000001</ele>
   </trkpt>
   <trkpt lat="50.680510000000005" lon="4.644480000000001">
    <ele>101.91000000000001</ele>
   </trkpt>
   <trkpt lat="50.68037" lon="4.64486">
    <ele>101.21000000000001</ele>
   </trkpt>
   <trkpt lat="50.680310000000006" lon="4.6452">
    <ele>99.80000000000001</ele>
   </trkpt>
   <trkpt lat="50.680240000000005" lon="4.64538">
    <ele>99.2</ele>
   </trkpt>
   <trkpt lat="50.680150000000005" lon="4.64548">
    <ele>98.68</ele>
   </trkpt>
   <trkpt lat="50.68001" lon="4.645180000000001">
    <ele>98.59</ele>
   </trkpt>
   <trkpt lat="50.67953000000001" lon="4.64447">
    <ele>98.72</ele>
   </trkpt>
   <trkpt lat="50.679390000000005" lon="4.64416">
    <ele>98.71000000000001</ele>
   </trkpt>
   <trkpt lat="50.67911000217227" lon="4.643469996217392">
    <ele>99.24000000000001</ele>
   </trkpt>
   <trkpt lat="50.678830000000005" lon="4.64278">
    <ele>99.47</ele>
   </trkpt>
   <trkpt lat="50.67868000000001" lon="4.64257">
    <ele>99.72</ele>
   </trkpt>
   <trkpt lat="50.67857000000001" lon="4.64248">
    <ele>99.95</ele>
   </trkpt>
   <trkpt lat="50.67835" lon="4.64238">
    <ele>100.09</ele>
   </trkpt>
   <trkpt lat="50.678270000000005" lon="4.64231">
    <ele>100.33</ele>
   </trkpt>
   <trkpt lat="50.67806" lon="4.64198">
    <ele>100.91000000000001</ele>
   </trkpt>
   <trkpt lat="50.677765004215516" lon="4.640979993502975">
    <ele>102.09000000000002</ele>
   </trkpt>
   <trkpt lat="50.67747000000001" lon="4.63998">
    <ele>103.71000000000001</ele>
   </trkpt>
   <trkpt lat="50.67718000000001" lon="4.63893">
    <ele>105.2</ele>
   </trkpt>
   <trkpt lat="50.67688000631067" lon="4.63771499221553">
    <ele>106.58000000000001</ele>
   </trkpt>
   <trkpt lat="50.67658" lon="4.636500000000001">
    <ele>108.33000000000001</ele>
   </trkpt>
   <trkpt lat="50.676500000000004" lon="4.63625">
    <ele>108.33000000000001</ele>
   </trkpt>
   <trkpt lat="50.676390000000005" lon="4.63602">
    <ele>108.63</ele>
   </trkpt>
   <trkpt lat="50.676300000000005" lon="4.63588">
    <ele>108.88</ele>
   </trkpt>
   <trkpt lat="50.67611" lon="4.63569">
    <ele>109.16000000000001</ele>
   </trkpt>
   <trkpt lat="50.67593" lon="4.63557">
    <ele>109.72000000000001</ele>
   </trkpt>
   <trkpt lat="50.67584" lon="4.635540000000001">
    <ele>109.72000000000001</ele>
   </trkpt>
   <trkpt lat="50.675720000000005" lon="4.63543">
    <ele>109.99000000000001</ele>
   </trkpt>
   <trkpt lat="50.675090000000004" lon="4.634600000000001">
    <ele>111.86000000000001</ele>
   </trkpt>
   <trkpt lat="50.67443000107103" lon="4.634074992532066">
    <ele>113.35000000000001</ele>
   </trkpt>
   <trkpt lat="50.673770000000005" lon="4.6335500000000005">
    <ele>114.81</ele>
   </trkpt>
   <trkpt lat="50.673680000000004" lon="4.633500000000001">
    <ele>114.81</ele>
   </trkpt>
   <trkpt lat="50.67353000000001" lon="4.63346">
    <ele>114.99000000000001</ele>
   </trkpt>
   <trkpt lat="50.67286000000001" lon="4.6334">
    <ele>116.31</ele>
   </trkpt>
   <trkpt lat="50.672670000000004" lon="4.63333">
    <ele>116.98000000000002</ele>
   </trkpt>
   <trkpt lat="50.67257000000001" lon="4.633260000000001">
    <ele>117.52000000000001</ele>
   </trkpt>
   <trkpt lat="50.67242" lon="4.633100000000001">
    <ele>118.35000000000001</ele>
   </trkpt>
   <trkpt lat="50.672360000000005" lon="4.6330100000000005">
    <ele>118.35000000000001</ele>
   </trkpt>
   <trkpt lat="50.67224" lon="4.632750000000001">
    <ele>119.08</ele>
   </trkpt>
   <trkpt lat="50.671820000000004" lon="4.63156">
    <ele>124.05000000000001</ele>
   </trkpt>
   <trkpt lat="50.671440000000004" lon="4.63051">
    <ele>128.77</ele>
   </trkpt>
   <trkpt lat="50.6713" lon="4.63028">
    <ele>128.77</ele>
   </trkpt>
   <trkpt lat="50.671150000000004" lon="4.6301000000000005">
    <ele>129.92000000000002</ele>
   </trkpt>
   <trkpt lat="50.670950000000005" lon="4.62999">
    <ele>131.17000000000002</ele>
   </trkpt>
   <trkpt lat="50.67071000000001" lon="4.62994">
    <ele>131.98000000000002</ele>
   </trkpt>
   <trkpt lat="50.67038" lon="4.6300300000000005">
    <ele>132.55</ele>
   </trkpt>
   <trkpt lat="50.67015000000001" lon="4.63025">
    <ele>132.24</ele>
   </trkpt>
   <trkpt lat="50.669520000000006" lon="4.63123">
    <ele>129.78</ele>
   </trkpt>
   <trkpt lat="50.669380000000004" lon="4.63138">
    <ele>129.39000000000001</ele>
   </trkpt>
   <trkpt lat="50.669340000000005" lon="4.631460000000001">
    <ele>129.29000000000002</ele>
   </trkpt>
   <trkpt lat="50.66928000000001" lon="4.63149">
    <ele>129.29000000000002</ele>
   </trkpt>
   <trkpt lat="50.669230000000006" lon="4.631480000000001">
    <ele>129.48000000000002</ele>
   </trkpt>
   <trkpt lat="50.66919000000001" lon="4.6314400000000004">
    <ele>129.48000000000002</ele>
   </trkpt>
   <trkpt lat="50.669160000000005" lon="4.63131">
    <ele>129.56</ele>
   </trkpt>
   <trkpt lat="50.66904" lon="4.6311">
    <ele>129.86</ele>
   </trkpt>
   <trkpt lat="50.66892000000001" lon="4.63084">
    <ele>130.17000000000002</ele>
   </trkpt>
   <trkpt lat="50.66881000000001" lon="4.63037">
    <ele>131.36</ele>
   </trkpt>
   <trkpt lat="50.66879" lon="4.63006">
    <ele>133.0</ele>
   </trkpt>
   <trkpt lat="50.66881500250639" lon="4.629295000324637">
    <ele>136.8</ele>
   </trkpt>
   <trkpt lat="50.66884" lon="4.6285300000000005">
    <ele>139.05</ele>
   </trkpt>
   <trkpt lat="50.66884" lon="4.62805">
    <ele>140.57</ele>
   </trkpt>
   <trkpt lat="50.6689" lon="4.627890000000001">
    <ele>140.57</ele>
   </trkpt>
   <trkpt lat="50.66888" lon="4.627700000000001">
    <ele>140.96</ele>
   </trkpt>
   <trkpt lat="50.66884" lon="4.6276">
    <ele>140.96</ele>
   </trkpt>
   <trkpt lat="50.66874000000001" lon="4.627540000000001">
    <ele>141.20000000000002</ele>
   </trkpt>
   <trkpt lat="50.6687" lon="4.62753">
    <ele>141.20000000000002</ele>
   </trkpt>
   <trkpt lat="50.66864" lon="4.62736">
    <ele>141.31</ele>
   </trkpt>
   <trkpt lat="50.668330000000005" lon="4.6264">
    <ele>142.57</ele>
   </trkpt>
   <trkpt lat="50.66810000192164" lon="4.625714996388707">
    <ele>143.92000000000002</ele>
   </trkpt>
   <trkpt lat="50.66787" lon="4.625030000000001">
    <ele>145.15</ele>
   </trkpt>
   <trkpt lat="50.667750000000005" lon="4.624700000000001">
    <ele>145.49</ele>
   </trkpt>
   <trkpt lat="50.667500000000004" lon="4.62415">
    <ele>146.33</ele>
   </trkpt>
   <trkpt lat="50.66731000000001" lon="4.6238">
    <ele>146.63</ele>
   </trkpt>
   <trkpt lat="50.66707" lon="4.62349">
    <ele>146.6</ele>
   </trkpt>
   <trkpt lat="50.666460005058596" lon="4.622862475547683">
    <ele>146.25000000000003</ele>
   </trkpt>
   <trkpt lat="50.66585000674785" lon="4.622234967400617">
    <ele>145.73</ele>
   </trkpt>
   <trkpt lat="50.665240005067915" lon="4.6216074755581165">
    <ele>145.43</ele>
   </trkpt>
   <trkpt lat="50.66463" lon="4.62098">
    <ele>145.06000000000003</ele>
   </trkpt>
   <trkpt lat="50.664550000000006" lon="4.62087">
    <ele>145.06000000000003</ele>
   </trkpt>
   <trkpt lat="50.66452" lon="4.6208">
    <ele>145.02</ele>
   </trkpt>
   <trkpt lat="50.66451000000001" lon="4.620760000000001">
    <ele>145.02</ele>
   </trkpt>
   <trkpt lat="50.66445" lon="4.6206700000000005">
    <ele>145.02</ele>
   </trkpt>
   <trkpt lat="50.664410000000004" lon="4.62065">
    <ele>145.02</ele>
   </trkpt>
   <trkpt lat="50.664350000000006" lon="4.62068">
    <ele>145.05</ele>
   </trkpt>
   <trkpt lat="50.66434" lon="4.620710000000001">
    <ele>145.05</ele>
   </trkpt>
   <trkpt lat="50.663630000000005" lon="4.61998">
    <ele>145.05</ele>
   </trkpt>
   <trkpt lat="50.66292500648089" lon="4.6192699680323654">
    <ele>145.35</ele>
   </trkpt>
   <trkpt lat="50.66222000864809" lon="4.61855995738429">
    <ele>145.46</ele>
   </trkpt>
   <trkpt lat="50.66151500650182" lon="4.617849968054734">
    <ele>145.49</ele>
   </trkpt>
   <trkpt lat="50.660810000000005" lon="4.61714">
    <ele>145.49</ele>
   </trkpt>
   <trkpt lat="50.66058" lon="4.61681">
    <ele>145.50000000000003</ele>
   </trkpt>
   <trkpt lat="50.660560000000004" lon="4.616700000000001">
    <ele>145.50000000000003</ele>
   </trkpt>
   <trkpt lat="50.66051" lon="4.616630000000001">
    <ele>145.50000000000003</ele>
   </trkpt>
   <trkpt lat="50.66046000000001" lon="4.61659">
    <ele>145.29</ele>
   </trkpt>
   <trkpt lat="50.6604" lon="4.616580000000001">
    <ele>145.29</ele>
   </trkpt>
   <trkpt lat="50.660340000000005" lon="4.616630000000001">
    <ele>145.29</ele>
   </trkpt>
   <trkpt lat="50.660250000000005" lon="4.61655">
    <ele>145.08</ele>
   </trkpt>
   <trkpt lat="50.66011" lon="4.61641">
    <ele>144.77</ele>
   </trkpt>
   <trkpt lat="50.659780000000005" lon="4.615970000000001">
    <ele>144.64000000000001</ele>
   </trkpt>
   <trkpt lat="50.659620000000004" lon="4.61571">
    <ele>144.33</ele>
   </trkpt>
   <trkpt lat="50.65941" lon="4.61521">
    <ele>144.11</ele>
   </trkpt>
   <trkpt lat="50.65935" lon="4.61483">
    <ele>144.12</ele>
   </trkpt>
   <trkpt lat="50.65936000000001" lon="4.614680000000001">
    <ele>144.09000000000003</ele>
   </trkpt>
   <trkpt lat="50.659400000000005" lon="4.61456">
    <ele>144.09000000000003</ele>
   </trkpt>
   <trkpt lat="50.659380000000006" lon="4.614400000000001">
    <ele>143.94</ele>
   </trkpt>
   <trkpt lat="50.65934000000001" lon="4.61432">
    <ele>143.94</ele>
   </trkpt>
   <trkpt lat="50.659290000000006" lon="4.61428">
    <ele>143.93</ele>
   </trkpt>
   <trkpt lat="50.659240000000004" lon="4.614260000000001">
    <ele>143.93</ele>
   </trkpt>
   <trkpt lat="50.65917" lon="4.614050000000001">
    <ele>143.93</ele>
   </trkpt>
   <trkpt lat="50.658975004542704" lon="4.61301499548763">
    <ele>143.48000000000002</ele>
   </trkpt>
   <trkpt lat="50.65878000000001" lon="4.61198">
    <ele>142.88</ele>
   </trkpt>
   <trkpt lat="50.65864000363438" lon="4.611059997343524">
    <ele>142.59000000000003</ele>
   </trkpt>
   <trkpt lat="50.658500000000004" lon="4.61014">
    <ele>142.04</ele>
   </trkpt>
   <trkpt lat="50.65831000000001" lon="4.60921">
    <ele>141.4</ele>
   </trkpt>
   <trkpt lat="50.658260000000006" lon="4.60867">
    <ele>140.26000000000002</ele>
   </trkpt>
   <trkpt lat="50.65833500267649" lon="4.607880001195531">
    <ele>136.77</ele>
   </trkpt>
   <trkpt lat="50.65841" lon="4.60709">
    <ele>133.63</ele>
   </trkpt>
   <trkpt lat="50.65843" lon="4.60663">
    <ele>130.99</ele>
   </trkpt>
   <trkpt lat="50.65840000000001" lon="4.606400000000001">
    <ele>130.99</ele>
   </trkpt>
   <trkpt lat="50.65817334046493" lon="4.605486657824748">
    <ele>127.76</ele>
   </trkpt>
   <trkpt lat="50.65794667379172" lon="4.604573324465243">
    <ele>126.72</ele>
   </trkpt>
   <trkpt lat="50.657720000000005" lon="4.6036600000000005">
    <ele>127.36</ele>
   </trkpt>
   <trkpt lat="50.657120000000006" lon="4.603800000000001">
    <ele>123.13</ele>
   </trkpt>
   <trkpt lat="50.656780000000005" lon="4.603680000000001">
    <ele>121.31000000000002</ele>
   </trkpt>
   <trkpt lat="50.65639" lon="4.60343">
    <ele>119.29</ele>
   </trkpt>
   <trkpt lat="50.656000000000006" lon="4.602880000000001">
    <ele>115.78</ele>
   </trkpt>
   <trkpt lat="50.655620000000006" lon="4.602250000000001">
    <ele>112.25</ele>
   </trkpt>
   <trkpt lat="50.655350000000006" lon="4.60205">
    <ele>111.34</ele>
   </trkpt>
   <trkpt lat="50.65473" lon="4.6016900000000005">
    <ele>106.85000000000001</ele>
   </trkpt>
   <trkpt lat="50.65428000000001" lon="4.60149">
    <ele>104.81000000000002</ele>
   </trkpt>
   <trkpt lat="50.65408000000001" lon="4.60151">
    <ele>103.48</ele>
   </trkpt>
   <trkpt lat="50.65392000000001" lon="4.6015500000000005">
    <ele>103.07000000000001</ele>
   </trkpt>
   <trkpt lat="50.65373" lon="4.601660000000001">
    <ele>102.55</ele>
   </trkpt>
   <trkpt lat="50.653215000732935" lon="4.602080004622448">
    <ele>101.68</ele>
   </trkpt>
   <trkpt lat="50.6527" lon="4.6025">
    <ele>104.19</ele>
   </trkpt>
   <trkpt lat="50.65256" lon="4.6025">
    <ele>104.53000000000002</ele>
   </trkpt>
   <trkpt lat="50.652530000000006" lon="4.60226">
    <ele>104.79</ele>
   </trkpt>
   <trkpt lat="50.65258334432511" lon="4.601126669232124">
    <ele>105.15</ele>
   </trkpt>
   <trkpt lat="50.65263667765885" lon="4.599993335890529">
    <ele>103.89000000000001</ele>
   </trkpt>
   <trkpt lat="50.65269000000001" lon="4.59886">
    <ele>102.87</ele>
   </trkpt>
   <trkpt lat="50.65265000631585" lon="4.597644998953123">
    <ele>101.33</ele>
   </trkpt>
   <trkpt lat="50.65261" lon="4.596430000000001">
    <ele>100.18</ele>
   </trkpt>
   <trkpt lat="50.65261001035436" lon="4.595330000039801">
    <ele>98.65</ele>
   </trkpt>
   <trkpt lat="50.652610010354365" lon="4.5942300000793574">
    <ele>98.39</ele>
   </trkpt>
   <trkpt lat="50.65261" lon="4.59313">
    <ele>96.14</ele>
   </trkpt>
   <trkpt lat="50.652930000000005" lon="4.59262">
    <ele>92.73</ele>
   </trkpt>
   <trkpt lat="50.653270000000006" lon="4.59208">
    <ele>91.58000000000001</ele>
   </trkpt>
   <trkpt lat="50.65335" lon="4.59191">
    <ele>90.49</ele>
   </trkpt>
   <trkpt lat="50.65354000274918" lon="4.591115003027424">
    <ele>88.67000000000002</ele>
   </trkpt>
   <trkpt lat="50.65373" lon="4.59032">
    <ele>86.12</ele>
   </trkpt>
   <trkpt lat="50.65387000201879" lon="4.589625002309158">
    <ele>85.27000000000001</ele>
   </trkpt>
   <trkpt lat="50.65401000000001" lon="4.58893">
    <ele>83.81</ele>
   </trkpt>
   <trkpt lat="50.65411" lon="4.588690000000001">
    <ele>83.02000000000001</ele>
   </trkpt>
   <trkpt lat="50.654360000000004" lon="4.58819">
    <ele>82.07000000000001</ele>
   </trkpt>
   <trkpt lat="50.65453" lon="4.587890000000001">
    <ele>81.92</ele>
   </trkpt>
   <trkpt lat="50.65496000178724" lon="4.587250005807204">
    <ele>81.97</ele>
   </trkpt>
   <trkpt lat="50.655390000000004" lon="4.58661">
    <ele>82.29</ele>
   </trkpt>
   <trkpt lat="50.65599" lon="4.5857600000000005">
    <ele>83.03</ele>
   </trkpt>
   <trkpt lat="50.656510000000004" lon="4.5849400000000005">
    <ele>84.87</ele>
   </trkpt>
   <trkpt lat="50.65695000269935" lon="4.584150007348501">
    <ele>81.87</ele>
   </trkpt>
   <trkpt lat="50.65739000000001" lon="4.583360000000001">
    <ele>75.7</ele>
   </trkpt>
   <trkpt lat="50.65748000000001" lon="4.5831">
    <ele>74.98</ele>
   </trkpt>
   <trkpt lat="50.65751" lon="4.58291">
    <ele>74.35</ele>
   </trkpt>
   <trkpt lat="50.65753" lon="4.58237">
    <ele>73.50000000000001</ele>
   </trkpt>
   <trkpt lat="50.657500000000006" lon="4.581300000000001">
    <ele>71.53000000000002</ele>
   </trkpt>
   <trkpt lat="50.65739000000001" lon="4.58098">
    <ele>71.33</ele>
   </trkpt>
   <trkpt lat="50.65737000000001" lon="4.5808100000000005">
    <ele>71.28000000000002</ele>
   </trkpt>
   <trkpt lat="50.65731000224536" lon="4.5800899994086866">
    <ele>70.79</ele>
   </trkpt>
   <trkpt lat="50.657250000000005" lon="4.57937">
    <ele>70.9</ele>
   </trkpt>
   <trkpt lat="50.65722" lon="4.57929">
    <ele>70.9</ele>
   </trkpt>
   <trkpt lat="50.65688" lon="4.578720000000001">
    <ele>71.01</ele>
   </trkpt>
   <trkpt lat="50.65682" lon="4.57856">
    <ele>71.01</ele>
   </trkpt>
   <trkpt lat="50.65682" lon="4.57831">
    <ele>71.12</ele>
   </trkpt>
   <trkpt lat="50.65686" lon="4.57817">
    <ele>71.12</ele>
   </trkpt>
   <trkpt lat="50.65710000000001" lon="4.57781">
    <ele>71.01</ele>
   </trkpt>
   <trkpt lat="50.657160000000005" lon="4.577640000000001">
    <ele>70.92000000000002</ele>
   </trkpt>
   <trkpt lat="50.657070007453065" lon="4.576319997443503">
    <ele>68.94</ele>
   </trkpt>
   <trkpt lat="50.656980000000004" lon="4.575">
    <ele>65.86</ele>
   </trkpt>
   <trkpt lat="50.65695" lon="4.57486">
    <ele>65.63000000000001</ele>
   </trkpt>
   <trkpt lat="50.65692000000001" lon="4.5747800000000005">
    <ele>65.63000000000001</ele>
   </trkpt>
   <trkpt lat="50.65692000000001" lon="4.57472">
    <ele>65.63000000000001</ele>
   </trkpt>
   <trkpt lat="50.656890000000004" lon="4.57453">
    <ele>65.79</ele>
   </trkpt>
   <trkpt lat="50.65684" lon="4.57436">
    <ele>65.91000000000001</ele>
   </trkpt>
   <trkpt lat="50.65677" lon="4.57383">
    <ele>65.7</ele>
   </trkpt>
   <trkpt lat="50.65672000000001" lon="4.5736300000000005">
    <ele>65.7</ele>
   </trkpt>
   <trkpt lat="50.65664" lon="4.573460000000001">
    <ele>65.7</ele>
   </trkpt>
   <trkpt lat="50.656560000000006" lon="4.57334">
    <ele>65.7</ele>
   </trkpt>
   <trkpt lat="50.656085000273265" lon="4.573069997247541">
    <ele>66.18</ele>
   </trkpt>
   <trkpt lat="50.65561" lon="4.5728">
    <ele>66.17</ele>
   </trkpt>
   <trkpt lat="50.655060003766685" lon="4.572136651134047">
    <ele>65.0</ele>
   </trkpt>
   <trkpt lat="50.65451000376804" lon="4.571473317802583">
    <ele>63.74</ele>
   </trkpt>
   <trkpt lat="50.653960000000005" lon="4.570810000000001">
    <ele>62.79</ele>
   </trkpt>
   <trkpt lat="50.653960000000005" lon="4.570620000000001">
    <ele>62.220000000000006</ele>
   </trkpt>
   <trkpt lat="50.65431" lon="4.57054">
    <ele>61.51</ele>
   </trkpt>
   <trkpt lat="50.6548750000439" lon="4.570450001081099">
    <ele>60.77</ele>
   </trkpt>
   <trkpt lat="50.655440000000006" lon="4.57036">
    <ele>60.29</ele>
   </trkpt>
   <trkpt lat="50.65596000012592" lon="4.5702600010911105">
    <ele>59.99</ele>
   </trkpt>
   <trkpt lat="50.65648" lon="4.5701600000000004">
    <ele>60.010000000000005</ele>
   </trkpt>
   <trkpt lat="50.65719000025121" lon="4.570037505545354">
    <ele>59.760000000000005</ele>
   </trkpt>
   <trkpt lat="50.65790000037401" lon="4.569915007387202">
    <ele>59.72</ele>
   </trkpt>
   <trkpt lat="50.65861000036843" lon="4.569792505525335">
    <ele>59.96000000000001</ele>
   </trkpt>
   <trkpt lat="50.65932" lon="4.56967">
    <ele>59.88</ele>
   </trkpt>
   <trkpt lat="50.65979" lon="4.56961">
    <ele>59.34</ele>
   </trkpt>
   <trkpt lat="50.66007500355936" lon="4.568700005470152">
    <ele>58.54</ele>
   </trkpt>
   <trkpt lat="50.660360000000004" lon="4.5677900000000005">
    <ele>58.39</ele>
   </trkpt>
   <trkpt lat="50.66064" lon="4.5667800000000005">
    <ele>58.870000000000005</ele>
   </trkpt>
   <trkpt lat="50.66086000205725" lon="4.566070003647237">
    <ele>58.940000000000005</ele>
   </trkpt>
   <trkpt lat="50.661080000000005" lon="4.56536">
    <ele>61.11000000000001</ele>
   </trkpt>
   <trkpt lat="50.661120000000004" lon="4.56514">
    <ele>61.75000000000001</ele>
   </trkpt>
   <trkpt lat="50.66114" lon="4.56487">
    <ele>63.63</ele>
   </trkpt>
   <trkpt lat="50.66114" lon="4.5642700000000005">
    <ele>67.12</ele>
   </trkpt>
   <trkpt lat="50.661170000000006" lon="4.56404">
    <ele>67.8</ele>
   </trkpt>
   <trkpt lat="50.66127" lon="4.56369">
    <ele>69.35000000000001</ele>
   </trkpt>
   <trkpt lat="50.661300000000004" lon="4.56355">
    <ele>69.66</ele>
   </trkpt>
   <trkpt lat="50.66134" lon="4.5634500000000005">
    <ele>70.37</ele>
   </trkpt>
   <trkpt lat="50.661370000000005" lon="4.563280000000001">
    <ele>71.14</ele>
   </trkpt>
   <trkpt lat="50.66138" lon="4.5631">
    <ele>72.0</ele>
   </trkpt>
   <trkpt lat="50.66133000000001" lon="4.56282">
    <ele>72.67000000000002</ele>
   </trkpt>
   <trkpt lat="50.66105000208763" lon="4.562109995591431">
    <ele>77.98</ele>
   </trkpt>
   <trkpt lat="50.66077000000001" lon="4.561400000000001">
    <ele>82.75</ele>
   </trkpt>
   <trkpt lat="50.660680000000006" lon="4.561050000000001">
    <ele>84.07000000000001</ele>
   </trkpt>
   <trkpt lat="50.66064" lon="4.560790000000001">
    <ele>84.36</ele>
   </trkpt>
   <trkpt lat="50.66064" lon="4.56043">
    <ele>84.96000000000001</ele>
   </trkpt>
   <trkpt lat="50.66067" lon="4.5599300000000005">
    <ele>86.20000000000002</ele>
   </trkpt>
   <trkpt lat="50.66073" lon="4.559500000000001">
    <ele>87.20000000000002</ele>
   </trkpt>
   <trkpt lat="50.66085" lon="4.55888">
    <ele>89.79</ele>
   </trkpt>
   <trkpt lat="50.66109" lon="4.55797">
    <ele>93.46</ele>
   </trkpt>
   <trkpt lat="50.661477512064685" lon="4.557000024042026">
    <ele>97.92</ele>
   </trkpt>
   <trkpt lat="50.661865016078536" lon="4.55603003207582">
    <ele>100.48000000000002</ele>
   </trkpt>
   <trkpt lat="50.66225251204133" lon="4.555060024101234">
    <ele>101.8</ele>
   </trkpt>
   <trkpt lat="50.66264" lon="4.55409">
    <ele>104.27000000000001</ele>
   </trkpt>
   <trkpt lat="50.662690000000005" lon="4.553850000000001">
    <ele>104.60000000000001</ele>
   </trkpt>
   <trkpt lat="50.66266" lon="4.5538300000000005">
    <ele>104.60000000000001</ele>
   </trkpt>
   <trkpt lat="50.66263000000001" lon="4.55375">
    <ele>104.93</ele>
   </trkpt>
   <trkpt lat="50.662650000000006" lon="4.553660000000001">
    <ele>104.93</ele>
   </trkpt>
   <trkpt lat="50.662620000000004" lon="4.553120000000001">
    <ele>105.01</ele>
   </trkpt>
   <trkpt lat="50.66263000000001" lon="4.55302">
    <ele>105.01</ele>
   </trkpt>
   <trkpt lat="50.66232000568573" lon="4.551859992075658">
    <ele>103.85000000000001</ele>
   </trkpt>
   <trkpt lat="50.66201" lon="4.5507">
    <ele>102.9</ele>
   </trkpt>
   <trkpt lat="50.661930000000005" lon="4.55032">
    <ele>102.96000000000001</ele>
   </trkpt>
   <trkpt lat="50.66178501497141" lon="4.549239989998885">
    <ele>104.48</ele>
   </trkpt>
   <trkpt lat="50.66164001996205" lon="4.548159986666872">
    <ele>107.02</ele>
   </trkpt>
   <trkpt lat="50.66149501497209" lon="4.5470799900043435">
    <ele>108.87</ele>
   </trkpt>
   <trkpt lat="50.661350000000006" lon="4.546">
    <ele>110.69000000000001</ele>
   </trkpt>
   <trkpt lat="50.66120001848092" lon="4.544799988486262">
    <ele>114.13000000000001</ele>
   </trkpt>
   <trkpt lat="50.661050024639856" lon="4.543599984637897">
    <ele>116.45</ele>
   </trkpt>
   <trkpt lat="50.66090001847698" lon="4.542399988455448">
    <ele>119.57000000000001</ele>
   </trkpt>
   <trkpt lat="50.66075000000001" lon="4.541200000000001">
    <ele>121.92000000000002</ele>
   </trkpt>
   <trkpt lat="50.66057002219534" lon="4.539884984880699">
    <ele>123.27</ele>
   </trkpt>
   <trkpt lat="50.660390029593735" lon="4.53856997984115">
    <ele>127.04</ele>
   </trkpt>
   <trkpt lat="50.6602100221954" lon="4.5372549848820425">
    <ele>130.57000000000002</ele>
   </trkpt>
   <trkpt lat="50.660030000000006" lon="4.53594">
    <ele>131.95000000000002</ele>
   </trkpt>
   <trkpt lat="50.65992000344854" lon="4.5350399977528175">
    <ele>131.18</ele>
   </trkpt>
   <trkpt lat="50.65981000000001" lon="4.534140000000001">
    <ele>130.08</ele>
   </trkpt>
   <trkpt lat="50.65979" lon="4.5338">
    <ele>130.08</ele>
   </trkpt>
   <trkpt lat="50.659800000000004" lon="4.5331600000000005">
    <ele>129.86</ele>
   </trkpt>
   <trkpt lat="50.659870000000005" lon="4.5326200000000005">
    <ele>129.62</ele>
   </trkpt>
   <trkpt lat="50.659980000000004" lon="4.53207">
    <ele>129.60000000000002</ele>
   </trkpt>
   <trkpt lat="50.660140000000006" lon="4.531610000000001">
    <ele>129.71</ele>
   </trkpt>
   <trkpt lat="50.66054334234741" lon="4.530583350981668">
    <ele>130.37</ele>
   </trkpt>
   <trkpt lat="50.66094667567567" lon="4.529556684328221">
    <ele>130.71</ele>
   </trkpt>
   <trkpt lat="50.661350000000006" lon="4.52853">
    <ele>131.32000000000002</ele>
   </trkpt>
   <trkpt lat="50.661440000000006" lon="4.52812">
    <ele>131.62</ele>
   </trkpt>
   <trkpt lat="50.661410000000004" lon="4.52756">
    <ele>132.08</ele>
   </trkpt>
   <trkpt lat="50.66138" lon="4.527410000000001">
    <ele>132.16</ele>
   </trkpt>
   <trkpt lat="50.661410000000004" lon="4.527270000000001">
    <ele>132.18</ele>
   </trkpt>
   <trkpt lat="50.661440000000006" lon="4.52724">
    <ele>132.18</ele>
   </trkpt>
   <trkpt lat="50.66151000000001" lon="4.526820000000001">
    <ele>132.16</ele>
   </trkpt>
   <trkpt lat="50.66151500316485" lon="4.525959999997203">
    <ele>132.42000000000002</ele>
   </trkpt>
   <trkpt lat="50.66152" lon="4.5251">
    <ele>133.01000000000002</ele>
   </trkpt>
   <trkpt lat="50.66145" lon="4.524710000000001">
    <ele>133.59</ele>
   </trkpt>
   <trkpt lat="50.66117334225918" lon="4.523689988067482">
    <ele>133.96</ele>
   </trkpt>
   <trkpt lat="50.66089667561575" lon="4.522669988153341">
    <ele>133.75</ele>
   </trkpt>
   <trkpt lat="50.66062" lon="4.52165">
    <ele>133.28</ele>
   </trkpt>
   <trkpt lat="50.660435006365894" lon="4.520429995180064">
    <ele>132.88</ele>
   </trkpt>
   <trkpt lat="50.660250000000005" lon="4.51921">
    <ele>133.03</ele>
   </trkpt>
   <trkpt lat="50.66012667645978" lon="4.518139994348217">
    <ele>132.84</ele>
   </trkpt>
   <trkpt lat="50.66000334312275" lon="4.517069994316291">
    <ele>132.81</ele>
   </trkpt>
   <trkpt lat="50.65988" lon="4.516">
    <ele>132.88</ele>
   </trkpt>
   <trkpt lat="50.659910002501746" lon="4.515235000542445">
    <ele>132.77</ele>
   </trkpt>
   <trkpt lat="50.659940000000006" lon="4.51447">
    <ele>132.32000000000002</ele>
   </trkpt>
   <trkpt lat="50.65977002069572" lon="4.513199986160028">
    <ele>131.38000000000002</ele>
   </trkpt>
   <trkpt lat="50.65960002758981" lon="4.511929981513795">
    <ele>129.78</ele>
   </trkpt>
   <trkpt lat="50.65943002068248" lon="4.510659986061925">
    <ele>129.17000000000002</ele>
   </trkpt>
   <trkpt lat="50.65926" lon="4.509390000000001">
    <ele>129.10000000000002</ele>
   </trkpt>
   <trkpt lat="50.659240000000004" lon="4.50875">
    <ele>129.45000000000002</ele>
   </trkpt>
   <trkpt lat="50.65926" lon="4.508310000000001">
    <ele>129.85000000000002</ele>
   </trkpt>
   <trkpt lat="50.659380000000006" lon="4.50753">
    <ele>130.28</ele>
   </trkpt>
   <trkpt lat="50.659530000000004" lon="4.5068">
    <ele>130.47</ele>
   </trkpt>
   <trkpt lat="50.6599611609447" lon="4.505593421955434">
    <ele>131.51000000000002</ele>
   </trkpt>
   <trkpt lat="50.660392309431785" lon="4.504386821756103">
    <ele>133.84</ele>
   </trkpt>
   <trkpt lat="50.660823445460856" lon="4.5031801994019">
    <ele>136.5</ele>
   </trkpt>
   <trkpt lat="50.66125456903151" lon="4.501973554892719">
    <ele>138.06</ele>
   </trkpt>
   <trkpt lat="50.6616856801433" lon="4.500766888228453">
    <ele>137.29000000000002</ele>
   </trkpt>
   <trkpt lat="50.6621167787958" lon="4.499560199408995">
    <ele>136.25</ele>
   </trkpt>
   <trkpt lat="50.6625478649886" lon="4.498353488434239">
    <ele>135.39000000000001</ele>
   </trkpt>
   <trkpt lat="50.66297893872128" lon="4.497146755304079">
    <ele>134.87</ele>
   </trkpt>
   <trkpt lat="50.663410000000006" lon="4.49594">
    <ele>134.58</ele>
   </trkpt>
   <trkpt lat="50.663560000000004" lon="4.49563">
    <ele>134.47</ele>
   </trkpt>
   <trkpt lat="50.663790000000006" lon="4.495240000000001">
    <ele>134.26000000000002</ele>
   </trkpt>
   <trkpt lat="50.66395000000001" lon="4.495030000000001">
    <ele>134.13</ele>
   </trkpt>
   <trkpt lat="50.664390000000004" lon="4.49465">
    <ele>133.23000000000002</ele>
   </trkpt>
   <trkpt lat="50.66461" lon="4.4945200000000005">
    <ele>132.98999999999998</ele>
   </trkpt>
   <trkpt lat="50.66512000026384" lon="4.494295002423022">
    <ele>132.38</ele>
   </trkpt>
   <trkpt lat="50.66563000000001" lon="4.494070000000001">
    <ele>131.64000000000001</ele>
   </trkpt>
   <trkpt lat="50.665760000000006" lon="4.494090000000001">
    <ele>131.39000000000001</ele>
   </trkpt>
   <trkpt lat="50.665850000000006" lon="4.49413">
    <ele>131.39000000000001</ele>
   </trkpt>
   <trkpt lat="50.66632000042587" lon="4.494429997023011">
    <ele>130.19</ele>
   </trkpt>
   <trkpt lat="50.666790000000006" lon="4.494730000000001">
    <ele>129.09</ele>
   </trkpt>
   <trkpt lat="50.666970000000006" lon="4.494870000000001">
    <ele>129.09</ele>
   </trkpt>
   <trkpt lat="50.66718" lon="4.49507">
    <ele>128.32000000000002</ele>
   </trkpt>
   <trkpt lat="50.66772" lon="4.495780000000001">
    <ele>127.03</ele>
   </trkpt>
   <trkpt lat="50.667860000000005" lon="4.495920000000001">
    <ele>125.75</ele>
   </trkpt>
   <trkpt lat="50.66852" lon="4.49622">
    <ele>121.29</ele>
   </trkpt>
   <trkpt lat="50.668870000000005" lon="4.49622">
    <ele>120.81000000000002</ele>
   </trkpt>
   <trkpt lat="50.66904" lon="4.49626">
    <ele>121.06000000000002</ele>
   </trkpt>
   <trkpt lat="50.66937" lon="4.496390000000001">
    <ele>121.98</ele>
   </trkpt>
   <trkpt lat="50.67013000000001" lon="4.497070000000001">
    <ele>124.69000000000001</ele>
   </trkpt>
   <trkpt lat="50.6702" lon="4.49709">
    <ele>124.69000000000001</ele>
   </trkpt>
   <trkpt lat="50.67027" lon="4.49709">
    <ele>124.69000000000001</ele>
   </trkpt>
   <trkpt lat="50.67049" lon="4.4969600000000005">
    <ele>125.41000000000003</ele>
   </trkpt>
   <trkpt lat="50.671285001389116" lon="4.496415009148437">
    <ele>126.66000000000003</ele>
   </trkpt>
   <trkpt lat="50.67208" lon="4.49587">
    <ele>127.86</ele>
   </trkpt>
   <trkpt lat="50.672200000000004" lon="4.495690000000001">
    <ele>127.86</ele>
   </trkpt>
   <trkpt lat="50.67271500383683" lon="4.49475501008212">
    <ele>128.18</ele>
   </trkpt>
   <trkpt lat="50.673230000000004" lon="4.49382">
    <ele>124.77000000000001</ele>
   </trkpt>
   <trkpt lat="50.67345" lon="4.49361">
    <ele>124.04</ele>
   </trkpt>
   <trkpt lat="50.673590000000004" lon="4.493530000000001">
    <ele>122.76</ele>
   </trkpt>
   <trkpt lat="50.67378" lon="4.493480000000001">
    <ele>121.41</ele>
   </trkpt>
   <trkpt lat="50.67401" lon="4.49352">
    <ele>120.09000000000002</ele>
   </trkpt>
   <trkpt lat="50.674200000000006" lon="4.49362">
    <ele>117.83</ele>
   </trkpt>
   <trkpt lat="50.674960000000006" lon="4.4942">
    <ele>112.88000000000001</ele>
   </trkpt>
   <trkpt lat="50.675160000000005" lon="4.49432">
    <ele>111.02000000000001</ele>
   </trkpt>
   <trkpt lat="50.675270000000005" lon="4.49437">
    <ele>111.02000000000001</ele>
   </trkpt>
   <trkpt lat="50.67544" lon="4.49441">
    <ele>110.12</ele>
   </trkpt>
   <trkpt lat="50.67573" lon="4.49443">
    <ele>108.75000000000001</ele>
   </trkpt>
   <trkpt lat="50.675990000000006" lon="4.49436">
    <ele>106.69</ele>
   </trkpt>
   <trkpt lat="50.67627" lon="4.494210000000001">
    <ele>105.12</ele>
   </trkpt>
   <trkpt lat="50.67645" lon="4.4940500000000005">
    <ele>104.68</ele>
   </trkpt>
   <trkpt lat="50.67662000000001" lon="4.493860000000001">
    <ele>104.9</ele>
   </trkpt>
   <trkpt lat="50.67689000000001" lon="4.4934400000000005">
    <ele>106.23</ele>
   </trkpt>
   <trkpt lat="50.677240000000005" lon="4.493040000000001">
    <ele>108.4</ele>
   </trkpt>
   <trkpt lat="50.67748" lon="4.49286">
    <ele>109.89000000000001</ele>
   </trkpt>
   <trkpt lat="50.67766" lon="4.49279">
    <ele>111.52000000000001</ele>
   </trkpt>
   <trkpt lat="50.677870000000006" lon="4.492730000000001">
    <ele>111.52000000000001</ele>
   </trkpt>
   <trkpt lat="50.678110000000004" lon="4.49272">
    <ele>114.5</ele>
   </trkpt>
   <trkpt lat="50.67831" lon="4.49275">
    <ele>114.5</ele>
   </trkpt>
   <trkpt lat="50.678360000000005" lon="4.49275">
    <ele>114.85000000000001</ele>
   </trkpt>
   <trkpt lat="50.67891500039446" lon="4.493019996847218">
    <ele>115.2</ele>
   </trkpt>
   <trkpt lat="50.67947" lon="4.49329">
    <ele>113.03</ele>
   </trkpt>
   <trkpt lat="50.67958" lon="4.493320000000001">
    <ele>113.03</ele>
   </trkpt>
   <trkpt lat="50.67978" lon="4.493340000000001">
    <ele>112.24000000000001</ele>
   </trkpt>
   <trkpt lat="50.68032000000962" lon="4.49318500181029">
    <ele>112.64</ele>
   </trkpt>
   <trkpt lat="50.68086" lon="4.49303">
    <ele>113.03</ele>
   </trkpt>
   <trkpt lat="50.680980000000005" lon="4.49298">
    <ele>112.86000000000001</ele>
   </trkpt>
   <trkpt lat="50.681340000000006" lon="4.49274">
    <ele>112.63000000000001</ele>
   </trkpt>
   <trkpt lat="50.681450000000005" lon="4.492710000000001">
    <ele>112.63000000000001</ele>
   </trkpt>
   <trkpt lat="50.68159000000001" lon="4.49275">
    <ele>112.49000000000001</ele>
   </trkpt>
   <trkpt lat="50.68188000000001" lon="4.49288">
    <ele>111.73</ele>
   </trkpt>
   <trkpt lat="50.682120000000005" lon="4.49293">
    <ele>111.14</ele>
   </trkpt>
   <trkpt lat="50.68236" lon="4.49289">
    <ele>110.86000000000001</ele>
   </trkpt>
   <trkpt lat="50.682570000000005" lon="4.49282">
    <ele>110.52000000000001</ele>
   </trkpt>
   <trkpt lat="50.68283" lon="4.492640000000001">
    <ele>109.65</ele>
   </trkpt>
   <trkpt lat="50.68300000000001" lon="4.49246">
    <ele>108.89000000000001</ele>
   </trkpt>
   <trkpt lat="50.68323" lon="4.49209">
    <ele>106.98</ele>
   </trkpt>
   <trkpt lat="50.683400000000006" lon="4.4916">
    <ele>104.94</ele>
   </trkpt>
   <trkpt lat="50.683490000000006" lon="4.491070000000001">
    <ele>102.73</ele>
   </trkpt>
   <trkpt lat="50.6835" lon="4.49066">
    <ele>100.4</ele>
   </trkpt>
   <trkpt lat="50.68347000000001" lon="4.4903200000000005">
    <ele>97.77000000000001</ele>
   </trkpt>
   <trkpt lat="50.68339" lon="4.489940000000001">
    <ele>96.39</ele>
   </trkpt>
   <trkpt lat="50.68312" lon="4.48915">
    <ele>93.2</ele>
   </trkpt>
   <trkpt lat="50.68301" lon="4.488700000000001">
    <ele>91.95</ele>
   </trkpt>
   <trkpt lat="50.682990000000004" lon="4.488320000000001">
    <ele>90.9</ele>
   </trkpt>
   <trkpt lat="50.682990000000004" lon="4.487970000000001">
    <ele>90.01</ele>
   </trkpt>
   <trkpt lat="50.683080003048254" lon="4.487130001332205">
    <ele>84.26</ele>
   </trkpt>
   <trkpt lat="50.683170000000004" lon="4.48629">
    <ele>79.76</ele>
   </trkpt>
   <trkpt lat="50.68325" lon="4.4858">
    <ele>76.36000000000001</ele>
   </trkpt>
   <trkpt lat="50.68357" lon="4.48465">
    <ele>69.06</ele>
   </trkpt>
   <trkpt lat="50.683730000000004" lon="4.4842200000000005">
    <ele>68.53</ele>
   </trkpt>
   <trkpt lat="50.68385000000001" lon="4.484">
    <ele>68.23</ele>
   </trkpt>
   <trkpt lat="50.68419500088493" lon="4.4835250036029315">
    <ele>67.97</ele>
   </trkpt>
   <trkpt lat="50.684540000000005" lon="4.48305">
    <ele>68.94</ele>
   </trkpt>
   <trkpt lat="50.68469" lon="4.48299">
    <ele>69.28</ele>
   </trkpt>
   <trkpt lat="50.68473" lon="4.4830000000000005">
    <ele>69.28</ele>
   </trkpt>
   <trkpt lat="50.68497000000001" lon="4.48317">
    <ele>69.3</ele>
   </trkpt>
   <trkpt lat="50.685500001020756" lon="4.483609995189755">
    <ele>69.88000000000001</ele>
   </trkpt>
   <trkpt lat="50.68603" lon="4.484050000000001">
    <ele>71.43</ele>
   </trkpt>
   <trkpt lat="50.686150000000005" lon="4.48414">
    <ele>71.60000000000001</ele>
   </trkpt>
   <trkpt lat="50.686240000000005" lon="4.48418">
    <ele>71.86</ele>
   </trkpt>
   <trkpt lat="50.6863" lon="4.48418">
    <ele>71.86</ele>
   </trkpt>
   <trkpt lat="50.686420000000005" lon="4.484430000000001">
    <ele>71.85000000000001</ele>
   </trkpt>
   <trkpt lat="50.68648" lon="4.484450000000001">
    <ele>71.73</ele>
   </trkpt>
   <trkpt lat="50.687193336351626" lon="4.485049981703319">
    <ele>71.26</ele>
   </trkpt>
   <trkpt lat="50.68790666962342" lon="4.485649981651208">
    <ele>71.4</ele>
   </trkpt>
   <trkpt lat="50.68862000000001" lon="4.48625">
    <ele>71.93</ele>
   </trkpt>
   <trkpt lat="50.68889" lon="4.4865200000000005">
    <ele>72.66</ele>
   </trkpt>
   <trkpt lat="50.68948" lon="4.48726">
    <ele>73.08</ele>
   </trkpt>
   <trkpt lat="50.6897" lon="4.487500000000001">
    <ele>73.18</ele>
   </trkpt>
   <trkpt lat="50.69048000272091" lon="4.488069981002448">
    <ele>72.96000000000001</ele>
   </trkpt>
   <trkpt lat="50.69126000266238" lon="4.488639980959268">
    <ele>72.34</ele>
   </trkpt>
   <trkpt lat="50.692040000000006" lon="4.489210000000001">
    <ele>72.23</ele>
   </trkpt>
   <trkpt lat="50.692763337235974" lon="4.489886645784397">
    <ele>71.62</ele>
   </trkpt>
   <trkpt lat="50.69348667055495" lon="4.490563312437212">
    <ele>70.83</ele>
   </trkpt>
   <trkpt lat="50.694210000000005" lon="4.49124">
    <ele>70.02</ele>
   </trkpt>
   <trkpt lat="50.69453000000001" lon="4.491630000000001">
    <ele>69.60000000000001</ele>
   </trkpt>
   <trkpt lat="50.69519627458654" lon="4.492536159883831">
    <ele>67.11</ele>
   </trkpt>
   <trkpt lat="50.69586254214834" lon="4.493442345511979">
    <ele>64.88000000000001</ele>
   </trkpt>
   <trkpt lat="50.69652880268503" lon="4.494348556885515">
    <ele>63.96</ele>
   </trkpt>
   <trkpt lat="50.69719505619624" lon="4.49525479400551">
    <ele>63.43</ele>
   </trkpt>
   <trkpt lat="50.697861302681616" lon="4.496161056873035">
    <ele>62.730000000000004</ele>
   </trkpt>
   <trkpt lat="50.698527542140795" lon="4.497067345489161">
    <ele>62.02</ele>
   </trkpt>
   <trkpt lat="50.69919377457338" lon="4.497973659854959">
    <ele>61.370000000000005</ele>
   </trkpt>
   <trkpt lat="50.69986" lon="4.498880000000001">
    <ele>63.06</ele>
   </trkpt>
   <trkpt lat="50.69993" lon="4.498830000000001">
    <ele>63.22</ele>
   </trkpt>
   <trkpt lat="50.69999000000001" lon="4.49887">
    <ele>63.22</ele>
   </trkpt>
   <trkpt lat="50.700010000000006" lon="4.49896">
    <ele>63.33000000000001</ele>
   </trkpt>
   <trkpt lat="50.7" lon="4.49903">
    <ele>63.33000000000001</ele>
   </trkpt>
   <trkpt lat="50.700100000000006" lon="4.49913">
    <ele>63.63</ele>
   </trkpt>
   <trkpt lat="50.70054500047993" lon="4.499444997050189">
    <ele>64.35000000000001</ele>
   </trkpt>
   <trkpt lat="50.700990000000004" lon="4.49976">
    <ele>66.69</ele>
   </trkpt>
   <trkpt lat="50.701260000000005" lon="4.5000100000000005">
    <ele>67.61</ele>
   </trkpt>
   <trkpt lat="50.701650001014265" lon="4.50046499636612">
    <ele>68.46000000000001</ele>
   </trkpt>
   <trkpt lat="50.702040000000004" lon="4.500920000000001">
    <ele>68.89</ele>
   </trkpt>
   <trkpt lat="50.702130000000004" lon="4.50075">
    <ele>67.9</ele>
   </trkpt>
   <trkpt lat="50.70219" lon="4.5005500000000005">
    <ele>67.43</ele>
   </trkpt>
   <trkpt lat="50.70223500293115" lon="4.499720001080173">
    <ele>63.32</ele>
   </trkpt>
   <trkpt lat="50.70228" lon="4.49889">
    <ele>60.86000000000001</ele>
   </trkpt>
   <trkpt lat="50.702540000000006" lon="4.49781">
    <ele>61.56</ele>
   </trkpt>
   <trkpt lat="50.70255" lon="4.497660000000001">
    <ele>61.56</ele>
   </trkpt>
   <trkpt lat="50.70268" lon="4.49765">
    <ele>61.51</ele>
   </trkpt>
   <trkpt lat="50.703" lon="4.497170000000001">
    <ele>61.300000000000004</ele>
   </trkpt>
   <trkpt lat="50.70309" lon="4.49706">
    <ele>61.540000000000006</ele>
   </trkpt>
   <trkpt lat="50.70322" lon="4.49694">
    <ele>61.540000000000006</ele>
   </trkpt>
   <trkpt lat="50.70346000000001" lon="4.4968200000000005">
    <ele>62.57</ele>
   </trkpt>
   <trkpt lat="50.70356" lon="4.4968200000000005">
    <ele>62.57</ele>
   </trkpt>
   <trkpt lat="50.704129999851865" lon="4.496904998940013">
    <ele>64.06</ele>
   </trkpt>
   <trkpt lat="50.7047" lon="4.49699">
    <ele>65.53</ele>
   </trkpt>
   <trkpt lat="50.70545999989451" lon="4.497079998524577">
    <ele>65.47</ele>
   </trkpt>
   <trkpt lat="50.70622" lon="4.497170000000001">
    <ele>64.99000000000001</ele>
   </trkpt>
   <trkpt lat="50.7064" lon="4.497140000000001">
    <ele>64.98</ele>
   </trkpt>
   <trkpt lat="50.707040000000006" lon="4.49697">
    <ele>65.39</ele>
   </trkpt>
   <trkpt lat="50.707280000000004" lon="4.49697">
    <ele>65.74000000000001</ele>
   </trkpt>
   <trkpt lat="50.70743" lon="4.49702">
    <ele>65.79</ele>
   </trkpt>
   <trkpt lat="50.707950000000004" lon="4.4972900000000005">
    <ele>65.77000000000001</ele>
   </trkpt>
   <trkpt lat="50.70850666791799" lon="4.4976699909868785">
    <ele>65.97</ele>
   </trkpt>
   <trkpt lat="50.70906333460079" lon="4.498049990997765">
    <ele>66.23</ele>
   </trkpt>
   <trkpt lat="50.70962" lon="4.49843">
    <ele>65.86</ele>
   </trkpt>
   <trkpt lat="50.71032" lon="4.49896">
    <ele>64.25</ele>
   </trkpt>
   <trkpt lat="50.71116000000001" lon="4.49941">
    <ele>62.040000000000006</ele>
   </trkpt>
   <trkpt lat="50.71146" lon="4.49964">
    <ele>62.02</ele>
   </trkpt>
   <trkpt lat="50.711760000000005" lon="4.499820000000001">
    <ele>62.13</ele>
   </trkpt>
   <trkpt lat="50.71175" lon="4.49988">
    <ele>62.09</ele>
   </trkpt>
   <trkpt lat="50.711780000000005" lon="4.499980000000001">
    <ele>62.09</ele>
   </trkpt>
   <trkpt lat="50.711850000000005" lon="4.500030000000001">
    <ele>61.93000000000001</ele>
   </trkpt>
   <trkpt lat="50.711920000000006" lon="4.5000100000000005">
    <ele>61.93000000000001</ele>
   </trkpt>
   <trkpt lat="50.711960000000005" lon="4.49992">
    <ele>61.93000000000001</ele>
   </trkpt>
   <trkpt lat="50.71209" lon="4.49995">
    <ele>61.790000000000006</ele>
   </trkpt>
   <trkpt lat="50.712430000000005" lon="4.50016">
    <ele>61.540000000000006</ele>
   </trkpt>
   <trkpt lat="50.71262" lon="4.500310000000001">
    <ele>61.65</ele>
   </trkpt>
   <trkpt lat="50.71304000101838" lon="4.500789995736832">
    <ele>62.050000000000004</ele>
   </trkpt>
   <trkpt lat="50.713460000000005" lon="4.501270000000001">
    <ele>62.28</ele>
   </trkpt>
   <trkpt lat="50.7137" lon="4.501670000000001">
    <ele>62.51000000000001</ele>
   </trkpt>
   <trkpt lat="50.713730000000005" lon="4.50166">
    <ele>62.59</ele>
   </trkpt>
   <trkpt lat="50.713950000000004" lon="4.5018">
    <ele>63.230000000000004</ele>
   </trkpt>
   <trkpt lat="50.714360000000006" lon="4.50218">
    <ele>67.56</ele>
   </trkpt>
   <trkpt lat="50.714470000000006" lon="4.50225">
    <ele>67.56</ele>
   </trkpt>
   <trkpt lat="50.71491" lon="4.502120000000001">
    <ele>72.08</ele>
   </trkpt>
   <trkpt lat="50.71526" lon="4.50199">
    <ele>76.06</ele>
   </trkpt>
   <trkpt lat="50.71526" lon="4.5023">
    <ele>77.69000000000001</ele>
   </trkpt>
   <trkpt lat="50.71529" lon="4.502420000000001">
    <ele>78.21</ele>
   </trkpt>
   <trkpt lat="50.715360000000004" lon="4.5025200000000005">
    <ele>79.17999999999999</ele>
   </trkpt>
   <trkpt lat="50.71547" lon="4.5025900000000005">
    <ele>79.67999999999999</ele>
   </trkpt>
   <trkpt lat="50.71564000000001" lon="4.502750000000001">
    <ele>80.31</ele>
   </trkpt>
   <trkpt lat="50.716300000000004" lon="4.503480000000001">
    <ele>82.06</ele>
   </trkpt>
   <trkpt lat="50.71640000000001" lon="4.503570000000001">
    <ele>82.79</ele>
   </trkpt>
   <trkpt lat="50.716460000000005" lon="4.503550000000001">
    <ele>83.12</ele>
   </trkpt>
   <trkpt lat="50.716680000000004" lon="4.503170000000001">
    <ele>86.07000000000001</ele>
   </trkpt>
   <trkpt lat="50.71707500203427" lon="4.502465006104823">
    <ele>93.43</ele>
   </trkpt>
   <trkpt lat="50.717470000000006" lon="4.50176">
    <ele>96.85000000000001</ele>
   </trkpt>
   <trkpt lat="50.718020001809826" lon="4.502404992466438">
    <ele>96.52000000000001</ele>
   </trkpt>
   <trkpt lat="50.71857000000001" lon="4.50305">
    <ele>96.52000000000001</ele>
   </trkpt>
   <trkpt lat="50.718630000000005" lon="4.50309">
    <ele>96.52000000000001</ele>
   </trkpt>
   <trkpt lat="50.719080000000005" lon="4.50319">
    <ele>96.36</ele>
   </trkpt>
   <trkpt lat="50.71923" lon="4.5032700000000006">
    <ele>96.22000000000001</ele>
   </trkpt>
   <trkpt lat="50.71933000000001" lon="4.50337">
    <ele>96.12</ele>
   </trkpt>
   <trkpt lat="50.71942000000001" lon="4.50351">
    <ele>96.12</ele>
   </trkpt>
   <trkpt lat="50.719530000000006" lon="4.503850000000001">
    <ele>95.96000000000001</ele>
   </trkpt>
   <trkpt lat="50.71977000170905" lon="4.504494996508245">
    <ele>95.23</ele>
   </trkpt>
   <trkpt lat="50.72001" lon="4.505140000000001">
    <ele>94.00000000000001</ele>
   </trkpt>
   <trkpt lat="50.72047500287626" lon="4.505959991864486">
    <ele>92.02</ele>
   </trkpt>
   <trkpt lat="50.720940000000006" lon="4.50678">
    <ele>89.56</ele>
   </trkpt>
   <trkpt lat="50.72127000625202" lon="4.507989991444693">
    <ele>83.47</ele>
   </trkpt>
   <trkpt lat="50.7216" lon="4.509200000000001">
    <ele>80.77000000000001</ele>
   </trkpt>
   <trkpt lat="50.721790000000006" lon="4.50968">
    <ele>80.24000000000001</ele>
   </trkpt>
   <trkpt lat="50.72234000724554" lon="4.5105999784135085">
    <ele>75.87</ele>
   </trkpt>
   <trkpt lat="50.72289000725189" lon="4.511519978423724">
    <ele>69.76</ele>
   </trkpt>
   <trkpt lat="50.723440000000004" lon="4.512440000000001">
    <ele>66.29</ele>
   </trkpt>
   <trkpt lat="50.723935003012755" lon="4.513284991003554">
    <ele>64.03999999999999</ele>
   </trkpt>
   <trkpt lat="50.724430000000005" lon="4.514130000000001">
    <ele>67.65</ele>
   </trkpt>
   <trkpt lat="50.724830000000004" lon="4.51473">
    <ele>71.27</ele>
   </trkpt>
   <trkpt lat="50.72522000000001" lon="4.514">
    <ele>73.71000000000001</ele>
   </trkpt>
   <trkpt lat="50.72534" lon="4.51365">
    <ele>74.52</ele>
   </trkpt>
   <trkpt lat="50.72540000000001" lon="4.51365">
    <ele>74.57000000000001</ele>
   </trkpt>
   <trkpt lat="50.72549" lon="4.51362">
    <ele>74.55</ele>
   </trkpt>
   <trkpt lat="50.72599" lon="4.51313">
    <ele>73.86000000000001</ele>
   </trkpt>
   <trkpt lat="50.72618000000001" lon="4.513000000000001">
    <ele>73.7</ele>
   </trkpt>
   <trkpt lat="50.726575001254474" lon="4.51245500461655">
    <ele>73.11000000000001</ele>
   </trkpt>
   <trkpt lat="50.72697" lon="4.51191">
    <ele>72.9</ele>
   </trkpt>
   <trkpt lat="50.72748000000001" lon="4.5114">
    <ele>72.39000000000001</ele>
   </trkpt>
   <trkpt lat="50.72799000236388" lon="4.510680007630367">
    <ele>71.12</ele>
   </trkpt>
   <trkpt lat="50.728500000000004" lon="4.50996">
    <ele>67.2</ele>
   </trkpt>
   <trkpt lat="50.72883" lon="4.50959">
    <ele>65.77000000000001</ele>
   </trkpt>
   <trkpt lat="50.729440000000004" lon="4.50861">
    <ele>61.63</ele>
   </trkpt>
   <trkpt lat="50.72964" lon="4.50833">
    <ele>60.59</ele>
   </trkpt>
   <trkpt lat="50.72983000000001" lon="4.50814">
    <ele>60.190000000000005</ele>
   </trkpt>
   <trkpt lat="50.729910000000004" lon="4.508120000000001">
    <ele>59.79</ele>
   </trkpt>
   <trkpt lat="50.730000000000004" lon="4.508050000000001">
    <ele>59.36</ele>
   </trkpt>
   <trkpt lat="50.73057000000001" lon="4.507160000000001">
    <ele>56.650000000000006</ele>
   </trkpt>
   <trkpt lat="50.73115000000001" lon="4.50624">
    <ele>55.300000000000004</ele>
   </trkpt>
   <trkpt lat="50.731300000000005" lon="4.505920000000001">
    <ele>55.31</ele>
   </trkpt>
   <trkpt lat="50.73136" lon="4.5057">
    <ele>55.28</ele>
   </trkpt>
   <trkpt lat="50.73158500580767" lon="4.504535005576197">
    <ele>55.580000000000005</ele>
   </trkpt>
   <trkpt lat="50.73181" lon="4.50337">
    <ele>56.120000000000005</ele>
   </trkpt>
   <trkpt lat="50.731820000000006" lon="4.50321">
    <ele>56.31</ele>
   </trkpt>
   <trkpt lat="50.73181" lon="4.50283">
    <ele>56.43000000000001</ele>
   </trkpt>
   <trkpt lat="50.73167500528993" lon="4.501719996974672">
    <ele>56.84</ele>
   </trkpt>
   <trkpt lat="50.73154" lon="4.50061">
    <ele>58.36</ele>
   </trkpt>
   <trkpt lat="50.73146000224772" lon="4.499884998761712">
    <ele>59.940000000000005</ele>
   </trkpt>
   <trkpt lat="50.73138" lon="4.499160000000001">
    <ele>61.53000000000001</ele>
   </trkpt>
   <trkpt lat="50.73126000406988" lon="4.498179997186808">
    <ele>61.33</ele>
   </trkpt>
   <trkpt lat="50.73114" lon="4.4972">
    <ele>60.260000000000005</ele>
   </trkpt>
   <trkpt lat="50.731050003046896" lon="4.496354998315645">
    <ele>59.93</ele>
   </trkpt>
   <trkpt lat="50.73096" lon="4.49551">
    <ele>60.22</ele>
   </trkpt>
   <trkpt lat="50.73102" lon="4.49526">
    <ele>60.42</ele>
   </trkpt>
   <trkpt lat="50.731010000000005" lon="4.4952000000000005">
    <ele>60.42</ele>
   </trkpt>
   <trkpt lat="50.731460000000006" lon="4.49483">
    <ele>61.17</ele>
   </trkpt>
   <trkpt lat="50.731640000000006" lon="4.494700000000001">
    <ele>61.81</ele>
   </trkpt>
   <trkpt lat="50.731840000000005" lon="4.494680000000001">
    <ele>62.06</ele>
   </trkpt>
   <trkpt lat="50.732060000000004" lon="4.494560000000001">
    <ele>62.36000000000001</ele>
   </trkpt>
   <trkpt lat="50.73255" lon="4.49413">
    <ele>61.040000000000006</ele>
   </trkpt>
   <trkpt lat="50.7328950009951" lon="4.4936300037898445">
    <ele>59.89000000000001</ele>
   </trkpt>
   <trkpt lat="50.73324" lon="4.493130000000001">
    <ele>59.14</ele>
   </trkpt>
   <trkpt lat="50.73353" lon="4.49289">
    <ele>58.63</ele>
   </trkpt>
   <trkpt lat="50.733610000000006" lon="4.492730000000001">
    <ele>58.60000000000001</ele>
   </trkpt>
   <trkpt lat="50.733650000000004" lon="4.49274">
    <ele>58.60000000000001</ele>
   </trkpt>
   <trkpt lat="50.73368000000001" lon="4.49272">
    <ele>57.89</ele>
   </trkpt>
   <trkpt lat="50.73373" lon="4.49263">
    <ele>57.89</ele>
   </trkpt>
   <trkpt lat="50.73393" lon="4.49268">
    <ele>57.5</ele>
   </trkpt>
   <trkpt lat="50.734080000000006" lon="4.49277">
    <ele>57.42</ele>
   </trkpt>
   <trkpt lat="50.73407" lon="4.4927600000000005">
    <ele>57.42</ele>
   </trkpt>
   <trkpt lat="50.73416" lon="4.49286">
    <ele>57.43</ele>
   </trkpt>
   <trkpt lat="50.734770000000005" lon="4.49387">
    <ele>58.56000000000001</ele>
   </trkpt>
   <trkpt lat="50.734840000000005" lon="4.493950000000001">
    <ele>58.56000000000001</ele>
   </trkpt>
   <trkpt lat="50.734930000000006" lon="4.49401">
    <ele>59.07</ele>
   </trkpt>
   <trkpt lat="50.73516000000001" lon="4.4941">
    <ele>60.07000000000001</ele>
   </trkpt>
   <trkpt lat="50.73592000000001" lon="4.4943">
    <ele>63.21</ele>
   </trkpt>
   <trkpt lat="50.73613" lon="4.494400000000001">
    <ele>64.85000000000001</ele>
   </trkpt>
   <trkpt lat="50.73683500132816" lon="4.494964991465506">
    <ele>70.02</ele>
   </trkpt>
   <trkpt lat="50.73754" lon="4.4955300000000005">
    <ele>74.64000000000001</ele>
   </trkpt>
   <trkpt lat="50.73765" lon="4.49572">
    <ele>75.87</ele>
   </trkpt>
   <trkpt lat="50.737860000000005" lon="4.49657">
    <ele>78.0</ele>
   </trkpt>
   <trkpt lat="50.737820000000006" lon="4.49666">
    <ele>78.37</ele>
   </trkpt>
   <trkpt lat="50.73783" lon="4.49673">
    <ele>78.37</ele>
   </trkpt>
   <trkpt lat="50.737770000000005" lon="4.49688">
    <ele>78.81</ele>
   </trkpt>
   <trkpt lat="50.73776" lon="4.49694">
    <ele>79.16000000000001</ele>
   </trkpt>
   <trkpt lat="50.7372200016979" lon="4.497550006912773">
    <ele>82.64</ele>
   </trkpt>
   <trkpt lat="50.73668000000001" lon="4.49816">
    <ele>86.14</ele>
   </trkpt>
   <trkpt lat="50.736630000000005" lon="4.49826">
    <ele>86.84</ele>
   </trkpt>
   <trkpt lat="50.7366" lon="4.49845">
    <ele>87.84</ele>
   </trkpt>
   <trkpt lat="50.73662" lon="4.49861">
    <ele>88.3</ele>
   </trkpt>
   <trkpt lat="50.736760000000004" lon="4.49922">
    <ele>89.82000000000001</ele>
   </trkpt>
   <trkpt lat="50.7368" lon="4.50039">
    <ele>92.15</ele>
   </trkpt>
   <trkpt lat="50.736880000000006" lon="4.501670000000001">
    <ele>93.97000000000001</ele>
   </trkpt>
   <trkpt lat="50.736920000000005" lon="4.5018">
    <ele>94.36000000000001</ele>
   </trkpt>
   <trkpt lat="50.737120000000004" lon="4.50227">
    <ele>94.7</ele>
   </trkpt>
   <trkpt lat="50.73749000388086" lon="4.503229992259996">
    <ele>96.34</ele>
   </trkpt>
   <trkpt lat="50.737860000000005" lon="4.50419">
    <ele>97.74000000000001</ele>
   </trkpt>
   <trkpt lat="50.73799" lon="4.504440000000001">
    <ele>97.93</ele>
   </trkpt>
   <trkpt lat="50.738555003045384" lon="4.505284989793781">
    <ele>98.12</ele>
   </trkpt>
   <trkpt lat="50.73912000000001" lon="4.506130000000001">
    <ele>98.4</ele>
   </trkpt>
   <trkpt lat="50.739761686786" lon="4.50709993354866">
    <ele>98.59</ele>
   </trkpt>
   <trkpt lat="50.74040336552622" lon="4.508069893678668">
    <ele>98.67</ele>
   </trkpt>
   <trkpt lat="50.741045036220264" lon="4.509039880391027">
    <ele>99.2</ele>
   </trkpt>
   <trkpt lat="50.741686698867746" lon="4.510009893686742">
    <ele>100.07000000000001</ele>
   </trkpt>
   <trkpt lat="50.74232835346823" lon="4.510979933566812">
    <ele>100.55000000000001</ele>
   </trkpt>
   <trkpt lat="50.74297000000001" lon="4.511950000000001">
    <ele>101.61</ele>
   </trkpt>
   <trkpt lat="50.74306000000001" lon="4.51206">
    <ele>101.61</ele>
   </trkpt>
   <trkpt lat="50.743640000000006" lon="4.512560000000001">
    <ele>102.09000000000002</ele>
   </trkpt>
   <trkpt lat="50.744090001603624" lon="4.5131849939006905">
    <ele>102.36</ele>
   </trkpt>
   <trkpt lat="50.74454" lon="4.51381">
    <ele>103.01</ele>
   </trkpt>
   <trkpt lat="50.74511000491189" lon="4.514569981458578">
    <ele>103.65</ele>
   </trkpt>
   <trkpt lat="50.74568000488442" lon="4.515329981421618">
    <ele>104.41</ele>
   </trkpt>
   <trkpt lat="50.74625" lon="4.51609">
    <ele>105.05</ele>
   </trkpt>
   <trkpt lat="50.746520000000004" lon="4.51644">
    <ele>105.12</ele>
   </trkpt>
   <trkpt lat="50.746880000000004" lon="4.516850000000001">
    <ele>105.51</ele>
   </trkpt>
   <trkpt lat="50.747110000000006" lon="4.51708">
    <ele>105.51</ele>
   </trkpt>
   <trkpt lat="50.747330000000005" lon="4.517340000000001">
    <ele>105.73</ele>
   </trkpt>
   <trkpt lat="50.747795002016" lon="4.518004993573859">
    <ele>105.51</ele>
   </trkpt>
   <trkpt lat="50.74826" lon="4.51867">
    <ele>105.14000000000001</ele>
   </trkpt>
   <trkpt lat="50.748490000000004" lon="4.51905">
    <ele>105.3</ele>
   </trkpt>
   <trkpt lat="50.74877500137052" lon="4.519604996725374">
    <ele>105.62</ele>
   </trkpt>
   <trkpt lat="50.74906000000001" lon="4.520160000000001">
    <ele>105.71000000000001</ele>
   </trkpt>
   <trkpt lat="50.74936" lon="4.520700000000001">
    <ele>106.22000000000001</ele>
   </trkpt>
   <trkpt lat="50.74981500237805" lon="4.521449992665736">
    <ele>106.55</ele>
   </trkpt>
   <trkpt lat="50.75027000000001" lon="4.522200000000001">
    <ele>106.43</ele>
   </trkpt>
   <trkpt lat="50.750510000000006" lon="4.522530000000001">
    <ele>106.4</ele>
   </trkpt>
   <trkpt lat="50.75117333828015" lon="4.523289978469338">
    <ele>105.38000000000001</ele>
   </trkpt>
   <trkpt lat="50.75183667162114" lon="4.524049978477705">
    <ele>105.23</ele>
   </trkpt>
   <trkpt lat="50.752500000000005" lon="4.52481">
    <ele>105.24000000000001</ele>
   </trkpt>
   <trkpt lat="50.75294" lon="4.525270000000001">
    <ele>104.96000000000001</ele>
   </trkpt>
   <trkpt lat="50.753420000000006" lon="4.52568">
    <ele>104.39000000000001</ele>
   </trkpt>
   <trkpt lat="50.75345" lon="4.52573">
    <ele>104.39000000000001</ele>
   </trkpt>
   <trkpt lat="50.753980000000006" lon="4.5262400000000005">
    <ele>103.61</ele>
   </trkpt>
   <trkpt lat="50.75441500053019" lon="4.526599996634416">
    <ele>103.20000000000002</ele>
   </trkpt>
   <trkpt lat="50.754850000000005" lon="4.526960000000001">
    <ele>102.16000000000001</ele>
   </trkpt>
   <trkpt lat="50.75518" lon="4.5271300000000005">
    <ele>100.15</ele>
   </trkpt>
   <trkpt lat="50.75576000197895" lon="4.5276199877927805">
    <ele>98.61</ele>
   </trkpt>
   <trkpt lat="50.756340001904796" lon="4.5281099877299456">
    <ele>98.5</ele>
   </trkpt>
   <trkpt lat="50.75692" lon="4.5286">
    <ele>99.16000000000001</ele>
   </trkpt>
   <trkpt lat="50.75765333635569" lon="4.529196647949789">
    <ele>100.47</ele>
   </trkpt>
   <trkpt lat="50.758386669667225" lon="4.5297933145983365">
    <ele>100.62000000000002</ele>
   </trkpt>
   <trkpt lat="50.75912" lon="4.530390000000001">
    <ele>100.26</ele>
   </trkpt>
   <trkpt lat="50.75936" lon="4.53063">
    <ele>100.2</ele>
   </trkpt>
   <trkpt lat="50.759600000000006" lon="4.5309800000000005">
    <ele>100.23000000000002</ele>
   </trkpt>
   <trkpt lat="50.759690000000006" lon="4.531140000000001">
    <ele>100.14</ele>
   </trkpt>
   <trkpt lat="50.75987000000001" lon="4.53158">
    <ele>99.87000000000002</ele>
   </trkpt>
   <trkpt lat="50.75995" lon="4.53186">
    <ele>99.69000000000001</ele>
   </trkpt>
   <trkpt lat="50.76014500519518" lon="4.532959995539867">
    <ele>98.34</ele>
   </trkpt>
   <trkpt lat="50.76034000000001" lon="4.53406">
    <ele>96.35000000000001</ele>
   </trkpt>
   <trkpt lat="50.760450000000006" lon="4.534540000000001">
    <ele>95.37</ele>
   </trkpt>
   <trkpt lat="50.760650000000005" lon="4.535030000000001">
    <ele>94.83000000000001</ele>
   </trkpt>
   <trkpt lat="50.760850000000005" lon="4.53537">
    <ele>93.17</ele>
   </trkpt>
   <trkpt lat="50.76147376926877" lon="4.536172425112921">
    <ele>88.67000000000002</ele>
   </trkpt>
   <trkpt lat="50.76209753303167" lon="4.536974871619101">
    <ele>85.28</ele>
   </trkpt>
   <trkpt lat="50.76272129128844" lon="4.537777339519398">
    <ele>82.5</ele>
   </trkpt>
   <trkpt lat="50.76334504403883" lon="4.538579828814667">
    <ele>80.19000000000001</ele>
   </trkpt>
   <trkpt lat="50.76396879128253" lon="4.539382339505766">
    <ele>77.64</ele>
   </trkpt>
   <trkpt lat="50.7645925330193" lon="4.540184871593554">
    <ele>74.56</ele>
   </trkpt>
   <trkpt lat="50.76521626924887" lon="4.540987425078885">
    <ele>73.00000000000001</ele>
   </trkpt>
   <trkpt lat="50.765840000000004" lon="4.541790000000001">
    <ele>70.20000000000002</ele>
   </trkpt>
   <trkpt lat="50.766110000000005" lon="4.542050000000001">
    <ele>69.57000000000001</ele>
   </trkpt>
   <trkpt lat="50.76626" lon="4.54213">
    <ele>68.66</ele>
   </trkpt>
   <trkpt lat="50.76641000000001" lon="4.54218">
    <ele>68.66</ele>
   </trkpt>
   <trkpt lat="50.766560000000005" lon="4.5422">
    <ele>67.84</ele>
   </trkpt>
   <trkpt lat="50.76709999992" lon="4.542170000350931">
    <ele>66.51</ele>
   </trkpt>
   <trkpt lat="50.76764000000001" lon="4.542140000000001">
    <ele>63.03</ele>
   </trkpt>
   <trkpt lat="50.768130000000006" lon="4.542140000000001">
    <ele>61.57000000000001</ele>
   </trkpt>
   <trkpt lat="50.768330000000006" lon="4.542120000000001">
    <ele>60.980000000000004</ele>
   </trkpt>
   <trkpt lat="50.768480000000004" lon="4.542070000000001">
    <ele>60.08</ele>
   </trkpt>
   <trkpt lat="50.7687" lon="4.541930000000001">
    <ele>59.63</ele>
   </trkpt>
   <trkpt lat="50.76934000000001" lon="4.541320000000001">
    <ele>58.32</ele>
   </trkpt>
   <trkpt lat="50.769850000000005" lon="4.54093">
    <ele>57.410000000000004</ele>
   </trkpt>
   <trkpt lat="50.770070000000004" lon="4.54082">
    <ele>57.27</ele>
   </trkpt>
   <trkpt lat="50.77026000000001" lon="4.54077">
    <ele>57.120000000000005</ele>
   </trkpt>
   <trkpt lat="50.77044" lon="4.54077">
    <ele>57.160000000000004</ele>
   </trkpt>
   <trkpt lat="50.77067" lon="4.54082">
    <ele>56.720000000000006</ele>
   </trkpt>
   <trkpt lat="50.771460000000005" lon="4.54117">
    <ele>56.24</ele>
   </trkpt>
   <trkpt lat="50.77183" lon="4.541370000000001">
    <ele>56.040000000000006</ele>
   </trkpt>
   <trkpt lat="50.772040000000004" lon="4.54154">
    <ele>55.64</ele>
   </trkpt>
   <trkpt lat="50.77217" lon="4.54169">
    <ele>55.64</ele>
   </trkpt>
   <trkpt lat="50.7723" lon="4.5419">
    <ele>55.67</ele>
   </trkpt>
   <trkpt lat="50.772490000000005" lon="4.54222">
    <ele>55.470000000000006</ele>
   </trkpt>
   <trkpt lat="50.7729400066346" lon="4.543099983093914">
    <ele>55.010000000000005</ele>
   </trkpt>
   <trkpt lat="50.77339000664814" lon="4.5439799831201375">
    <ele>54.89</ele>
   </trkpt>
   <trkpt lat="50.77384000000001" lon="4.544860000000001">
    <ele>54.92</ele>
   </trkpt>
   <trkpt lat="50.774375052006434" lon="4.545911534338181">
    <ele>54.55</ele>
   </trkpt>
   <trkpt lat="50.77491009455873" lon="4.546963092734654">
    <ele>54.3</ele>
   </trkpt>
   <trkpt lat="50.7754451276565" lon="4.548014675190003">
    <ele>54.220000000000006</ele>
   </trkpt>
   <trkpt lat="50.775980151299336" lon="4.549066281704812">
    <ele>53.93000000000001</ele>
   </trkpt>
   <trkpt lat="50.77651516548686" lon="4.550117912279665">
    <ele>53.7</ele>
   </trkpt>
   <trkpt lat="50.777050170218686" lon="4.551169566915148">
    <ele>53.51</ele>
   </trkpt>
   <trkpt lat="50.77758516549437" lon="4.552221245611841">
    <ele>53.370000000000005</ele>
   </trkpt>
   <trkpt lat="50.778120151313566" lon="4.5532729483703305">
    <ele>53.13</ele>
   </trkpt>
   <trkpt lat="50.77865512767583" lon="4.5543246751912">
    <ele>52.99</ele>
   </trkpt>
   <trkpt lat="50.77919009458081" lon="4.555376426075033">
    <ele>52.870000000000005</ele>
   </trkpt>
   <trkpt lat="50.77972505202808" lon="4.556428201022412">
    <ele>52.7</ele>
   </trkpt>
   <trkpt lat="50.780260000000006" lon="4.55748">
    <ele>52.59</ele>
   </trkpt>
   <trkpt lat="50.7807" lon="4.55848">
    <ele>52.300000000000004</ele>
   </trkpt>
   <trkpt lat="50.781192891314674" lon="4.559634212713931">
    <ele>51.92</ele>
   </trkpt>
   <trkpt lat="50.781685771239324" lon="4.560788449760336">
    <ele>51.7</ele>
   </trkpt>
   <trkpt lat="50.78217863977351" lon="4.561942711139595">
    <ele>51.410000000000004</ele>
   </trkpt>
   <trkpt lat="50.78267149691681" lon="4.563096996852085">
    <ele>51.0</ele>
   </trkpt>
   <trkpt lat="50.78316434266877" lon="4.564251306898183">
    <ele>50.64</ele>
   </trkpt>
   <trkpt lat="50.78365717702894" lon="4.565405641278268">
    <ele>50.760000000000005</ele>
   </trkpt>
   <trkpt lat="50.784150000000004" lon="4.56656">
    <ele>50.93</ele>
   </trkpt>
   <trkpt lat="50.78434000000001" lon="4.56697">
    <ele>51.29</ele>
   </trkpt>
   <trkpt lat="50.78445000000001" lon="4.56717">
    <ele>51.29</ele>
   </trkpt>
   <trkpt lat="50.7847" lon="4.56754">
    <ele>51.660000000000004</ele>
   </trkpt>
   <trkpt lat="50.785000000000004" lon="4.567880000000001">
    <ele>52.190000000000005</ele>
   </trkpt>
   <trkpt lat="50.78576" lon="4.56857">
    <ele>54.480000000000004</ele>
   </trkpt>
   <trkpt lat="50.786030000000004" lon="4.56888">
    <ele>54.49</ele>
   </trkpt>
   <trkpt lat="50.786350000000006" lon="4.56937">
    <ele>54.400000000000006</ele>
   </trkpt>
   <trkpt lat="50.786860012124706" lon="4.570342468166929">
    <ele>54.580000000000005</ele>
   </trkpt>
   <trkpt lat="50.787370016164296" lon="4.571314957551377">
    <ele>55.96</ele>
   </trkpt>
   <trkpt lat="50.78788001211845" lon="4.572287468153855">
    <ele>57.6</ele>
   </trkpt>
   <trkpt lat="50.78839000000001" lon="4.57326">
    <ele>59.03000000000001</ele>
   </trkpt>
   <trkpt lat="50.78889251231978" lon="4.574239968405215">
    <ele>59.28000000000001</ele>
   </trkpt>
   <trkpt lat="50.789395016429346" lon="4.575219957878693">
    <ele>58.46</ele>
   </trkpt>
   <trkpt lat="50.789897512328395" lon="4.576199968420924">
    <ele>58.03</ele>
   </trkpt>
   <trkpt lat="50.790400000000005" lon="4.57718">
    <ele>57.7</ele>
   </trkpt>
   <trkpt lat="50.790530000000004" lon="4.57754">
    <ele>57.300000000000004</ele>
   </trkpt>
   <trkpt lat="50.790620000000004" lon="4.57796">
    <ele>56.1</ele>
   </trkpt>
   <trkpt lat="50.79064" lon="4.57836">
    <ele>55.02</ele>
   </trkpt>
   <trkpt lat="50.79063000000001" lon="4.57859">
    <ele>54.080000000000005</ele>
   </trkpt>
   <trkpt lat="50.79052" lon="4.5790500000000005">
    <ele>51.88</ele>
   </trkpt>
   <trkpt lat="50.790420000000005" lon="4.57932">
    <ele>51.88</ele>
   </trkpt>
   <trkpt lat="50.79027000000001" lon="4.579560000000001">
    <ele>50.0</ele>
   </trkpt>
   <trkpt lat="50.78983" lon="4.58004">
    <ele>47.830000000000005</ele>
   </trkpt>
   <trkpt lat="50.78963" lon="4.5804100000000005">
    <ele>47.400000000000006</ele>
   </trkpt>
   <trkpt lat="50.78954" lon="4.58079">
    <ele>47.34</ele>
   </trkpt>
   <trkpt lat="50.78952" lon="4.5810900000000006">
    <ele>47.42</ele>
   </trkpt>
   <trkpt lat="50.78949" lon="4.582450000000001">
    <ele>47.78</ele>
   </trkpt>
   <trkpt lat="50.78943" lon="4.5831100000000005">
    <ele>48.1</ele>
   </trkpt>
   <trkpt lat="50.789460000000005" lon="4.58424">
    <ele>48.7</ele>
   </trkpt>
   <trkpt lat="50.789440000000006" lon="4.5847500000000005">
    <ele>48.88</ele>
   </trkpt>
   <trkpt lat="50.78945" lon="4.58534">
    <ele>50.02</ele>
   </trkpt>
   <trkpt lat="50.78953000848865" lon="4.586336663211804">
    <ele>52.370000000000005</ele>
   </trkpt>
   <trkpt lat="50.78961000848518" lon="4.587333329835072">
    <ele>53.26</ele>
   </trkpt>
   <trkpt lat="50.78969000000001" lon="4.58833">
    <ele>52.71000000000001</ele>
   </trkpt>
   <trkpt lat="50.78976" lon="4.58872">
    <ele>52.43000000000001</ele>
   </trkpt>
   <trkpt lat="50.789840000000005" lon="4.589040000000001">
    <ele>52.43000000000001</ele>
   </trkpt>
   <trkpt lat="50.79019" lon="4.590140000000001">
    <ele>51.04</ele>
   </trkpt>
   <trkpt lat="50.79055" lon="4.59107">
    <ele>48.900000000000006</ele>
   </trkpt>
   <trkpt lat="50.790965004184216" lon="4.592059991198288">
    <ele>47.970000000000006</ele>
   </trkpt>
   <trkpt lat="50.791380000000004" lon="4.593050000000001">
    <ele>47.839999999999996</ele>
   </trkpt>
   <trkpt lat="50.791700000000006" lon="4.59396">
    <ele>47.56</ele>
   </trkpt>
   <trkpt lat="50.791900000000005" lon="4.59442">
    <ele>47.25000000000001</ele>
   </trkpt>
   <trkpt lat="50.7924" lon="4.59524">
    <ele>46.63</ele>
   </trkpt>
   <trkpt lat="50.79271000000001" lon="4.5956600000000005">
    <ele>45.980000000000004</ele>
   </trkpt>
   <trkpt lat="50.79334500231357" lon="4.596399989915019">
    <ele>45.85</ele>
   </trkpt>
   <trkpt lat="50.793980000000005" lon="4.5971400000000004">
    <ele>46.160000000000004</ele>
   </trkpt>
   <trkpt lat="50.79466000000001" lon="4.59788">
    <ele>51.21000000000001</ele>
   </trkpt>
   <trkpt lat="50.79498" lon="4.5982">
    <ele>52.81</ele>
   </trkpt>
   <trkpt lat="50.79534" lon="4.59846">
    <ele>53.06</ele>
   </trkpt>
   <trkpt lat="50.795570000000005" lon="4.5985700000000005">
    <ele>52.24</ele>
   </trkpt>
   <trkpt lat="50.79583" lon="4.59867">
    <ele>51.09</ele>
   </trkpt>
   <trkpt lat="50.79657" lon="4.5989">
    <ele>46.940000000000005</ele>
   </trkpt>
   <trkpt lat="50.79688" lon="4.59896">
    <ele>46.31</ele>
   </trkpt>
   <trkpt lat="50.79742" lon="4.599010000000001">
    <ele>45.65</ele>
   </trkpt>
   <trkpt lat="50.798019999946554" lon="4.598960000647295">
    <ele>46.05</ele>
   </trkpt>
   <trkpt lat="50.79862000000001" lon="4.59891">
    <ele>47.510000000000005</ele>
   </trkpt>
   <trkpt lat="50.79874" lon="4.59891">
    <ele>48.02</ele>
   </trkpt>
   <trkpt lat="50.79894" lon="4.59896">
    <ele>48.57</ele>
   </trkpt>
   <trkpt lat="50.79918000000001" lon="4.599080000000001">
    <ele>48.800000000000004</ele>
   </trkpt>
   <trkpt lat="50.799600000000005" lon="4.599360000000001">
    <ele>48.300000000000004</ele>
   </trkpt>
   <trkpt lat="50.7999" lon="4.599500000000001">
    <ele>46.230000000000004</ele>
   </trkpt>
   <trkpt lat="50.800340000000006" lon="4.59964">
    <ele>44.61</ele>
   </trkpt>
   <trkpt lat="50.80039000000001" lon="4.599690000000001">
    <ele>44.1</ele>
   </trkpt>
   <trkpt lat="50.800430000000006" lon="4.5997900000000005">
    <ele>43.61</ele>
   </trkpt>
   <trkpt lat="50.80072500648473" lon="4.601019992311262">
    <ele>40.470000000000006</ele>
   </trkpt>
   <trkpt lat="50.80102" lon="4.602250000000001">
    <ele>39.42</ele>
   </trkpt>
   <trkpt lat="50.80115000000001" lon="4.60259">
    <ele>39.2</ele>
   </trkpt>
   <trkpt lat="50.801370000000006" lon="4.602930000000001">
    <ele>39.080000000000005</ele>
   </trkpt>
   <trkpt lat="50.80212501112447" lon="4.603651608357065">
    <ele>38.75</ele>
   </trkpt>
   <trkpt lat="50.80288001779751" lon="4.6043732400344375">
    <ele>39.010000000000005</ele>
   </trkpt>
   <trkpt lat="50.80363502001893" lon="4.605094895033361">
    <ele>38.93000000000001</ele>
   </trkpt>
   <trkpt lat="50.804390017788414" lon="4.605816573355079">
    <ele>38.790000000000006</ele>
   </trkpt>
   <trkpt lat="50.80514501110573" lon="4.606538275000836">
    <ele>38.6</ele>
   </trkpt>
   <trkpt lat="50.8059" lon="4.60726">
    <ele>38.11000000000001</ele>
   </trkpt>
   <trkpt lat="50.806000000000004" lon="4.60731">
    <ele>37.88</ele>
   </trkpt>
   <trkpt lat="50.806090000000005" lon="4.6073200000000005">
    <ele>37.88</ele>
   </trkpt>
   <trkpt lat="50.80624" lon="4.607290000000001">
    <ele>38.150000000000006</ele>
   </trkpt>
   <trkpt lat="50.80684500005025" lon="4.607120002222101">
    <ele>41.97</ele>
   </trkpt>
   <trkpt lat="50.80745" lon="4.60695">
    <ele>47.470000000000006</ele>
   </trkpt>
   <trkpt lat="50.80751" lon="4.6069700000000005">
    <ele>47.92</ele>
   </trkpt>
   <trkpt lat="50.807550000000006" lon="4.607010000000001">
    <ele>47.92</ele>
   </trkpt>
   <trkpt lat="50.80773000000001" lon="4.60745">
    <ele>50.0</ele>
   </trkpt>
   <trkpt lat="50.80794" lon="4.607900000000001">
    <ele>51.15</ele>
   </trkpt>
   <trkpt lat="50.80828" lon="4.6084700000000005">
    <ele>51.47</ele>
   </trkpt>
   <trkpt lat="50.80876000000001" lon="4.60913">
    <ele>52.86000000000001</ele>
   </trkpt>
   <trkpt lat="50.809020000000004" lon="4.6095500000000005">
    <ele>53.160000000000004</ele>
   </trkpt>
   <trkpt lat="50.80915" lon="4.609710000000001">
    <ele>52.88</ele>
   </trkpt>
   <trkpt lat="50.80928" lon="4.60982">
    <ele>52.54</ele>
   </trkpt>
   <trkpt lat="50.809470000000005" lon="4.609920000000001">
    <ele>52.39000000000001</ele>
   </trkpt>
   <trkpt lat="50.80959000000001" lon="4.61">
    <ele>52.440000000000005</ele>
   </trkpt>
   <trkpt lat="50.80977000000001" lon="4.61035">
    <ele>52.6</ele>
   </trkpt>
   <trkpt lat="50.810370000000006" lon="4.610950000000001">
    <ele>50.480000000000004</ele>
   </trkpt>
   <trkpt lat="50.81074" lon="4.61144">
    <ele>48.370000000000005</ele>
   </trkpt>
   <trkpt lat="50.811460000000004" lon="4.6122700000000005">
    <ele>41.550000000000004</ele>
   </trkpt>
   <trkpt lat="50.81179" lon="4.612780000000001">
    <ele>39.63</ele>
   </trkpt>
   <trkpt lat="50.812340000000006" lon="4.613700000000001">
    <ele>38.59</ele>
   </trkpt>
   <trkpt lat="50.81270000000001" lon="4.614310000000001">
    <ele>38.790000000000006</ele>
   </trkpt>
   <trkpt lat="50.81305000165431" lon="4.614939995203609">
    <ele>40.03</ele>
   </trkpt>
   <trkpt lat="50.8134" lon="4.61557">
    <ele>42.60000000000001</ele>
   </trkpt>
   <trkpt lat="50.813460000000006" lon="4.61571">
    <ele>43.29</ele>
   </trkpt>
   <trkpt lat="50.81365" lon="4.616510000000001">
    <ele>45.82000000000001</ele>
   </trkpt>
   <trkpt lat="50.813930000000006" lon="4.617310000000001">
    <ele>48.78</ele>
   </trkpt>
   <trkpt lat="50.81420000000001" lon="4.61788">
    <ele>48.78</ele>
   </trkpt>
   <trkpt lat="50.81448500140723" lon="4.618439996714402">
    <ele>47.830000000000005</ele>
   </trkpt>
   <trkpt lat="50.81477" lon="4.619000000000001">
    <ele>45.81</ele>
   </trkpt>
   <trkpt lat="50.81504500147501" lon="4.619574996744008">
    <ele>43.58</ele>
   </trkpt>
   <trkpt lat="50.81532000000001" lon="4.620150000000001">
    <ele>42.82</ele>
   </trkpt>
   <trkpt lat="50.81584" lon="4.62096">
    <ele>42.410000000000004</ele>
   </trkpt>
   <trkpt lat="50.81618" lon="4.621600000000001">
    <ele>46.160000000000004</ele>
   </trkpt>
   <trkpt lat="50.816230000000004" lon="4.62167">
    <ele>46.160000000000004</ele>
   </trkpt>
   <trkpt lat="50.816300000000005" lon="4.62171">
    <ele>47.35</ele>
   </trkpt>
   <trkpt lat="50.816340000000004" lon="4.621720000000001">
    <ele>47.35</ele>
   </trkpt>
   <trkpt lat="50.81667" lon="4.621390000000001">
    <ele>49.410000000000004</ele>
   </trkpt>
   <trkpt lat="50.81673000000001" lon="4.6213500000000005">
    <ele>49.410000000000004</ele>
   </trkpt>
   <trkpt lat="50.816790000000005" lon="4.62134">
    <ele>49.410000000000004</ele>
   </trkpt>
   <trkpt lat="50.816860000000005" lon="4.6213500000000005">
    <ele>52.410000000000004</ele>
   </trkpt>
   <trkpt lat="50.81692" lon="4.621390000000001">
    <ele>52.410000000000004</ele>
   </trkpt>
   <trkpt lat="50.817060000000005" lon="4.62157">
    <ele>53.02</ele>
   </trkpt>
   <trkpt lat="50.817130000000006" lon="4.62173">
    <ele>53.57000000000001</ele>
   </trkpt>
   <trkpt lat="50.81720000000001" lon="4.6219600000000005">
    <ele>53.22</ele>
   </trkpt>
   <trkpt lat="50.817220000000006" lon="4.622610000000001">
    <ele>53.300000000000004</ele>
   </trkpt>
   <trkpt lat="50.81727" lon="4.62298">
    <ele>53.32000000000001</ele>
   </trkpt>
   <trkpt lat="50.817310000000006" lon="4.623150000000001">
    <ele>53.19</ele>
   </trkpt>
   <trkpt lat="50.81743" lon="4.62347">
    <ele>52.42</ele>
   </trkpt>
   <trkpt lat="50.8175" lon="4.6237200000000005">
    <ele>52.42</ele>
   </trkpt>
   <trkpt lat="50.817510000000006" lon="4.62394">
    <ele>51.99</ele>
   </trkpt>
   <trkpt lat="50.81749000000001" lon="4.624160000000001">
    <ele>51.86</ele>
   </trkpt>
   <trkpt lat="50.817330000000005" lon="4.6248000000000005">
    <ele>51.5</ele>
   </trkpt>
   <trkpt lat="50.817725005912315" lon="4.625974990097175">
    <ele>51.71000000000001</ele>
   </trkpt>
   <trkpt lat="50.81812000000001" lon="4.62715">
    <ele>49.470000000000006</ele>
   </trkpt>
   <trkpt lat="50.8185300053309" lon="4.627939986121369">
    <ele>44.74</ele>
   </trkpt>
   <trkpt lat="50.81894000532753" lon="4.628729986114687">
    <ele>40.07</ele>
   </trkpt>
   <trkpt lat="50.81935000000001" lon="4.62952">
    <ele>39.510000000000005</ele>
   </trkpt>
   <trkpt lat="50.819410000000005" lon="4.62962">
    <ele>39.650000000000006</ele>
   </trkpt>
   <trkpt lat="50.81954" lon="4.6297500000000005">
    <ele>40.010000000000005</ele>
   </trkpt>
   <trkpt lat="50.81973000000001" lon="4.62985">
    <ele>40.99</ele>
   </trkpt>
   <trkpt lat="50.820170000000005" lon="4.629980000000001">
    <ele>45.71</ele>
   </trkpt>
   <trkpt lat="50.82032" lon="4.630050000000001">
    <ele>46.99</ele>
   </trkpt>
   <trkpt lat="50.820460000000004" lon="4.63015">
    <ele>48.190000000000005</ele>
   </trkpt>
   <trkpt lat="50.820750000000004" lon="4.630450000000001">
    <ele>52.15</ele>
   </trkpt>
   <trkpt lat="50.8209" lon="4.6306400000000005">
    <ele>53.57000000000001</ele>
   </trkpt>
   <trkpt lat="50.821180000000005" lon="4.63107">
    <ele>56.0</ele>
   </trkpt>
   <trkpt lat="50.82175" lon="4.631830000000001">
    <ele>52.980000000000004</ele>
   </trkpt>
   <trkpt lat="50.82208000000001" lon="4.63225">
    <ele>50.82</ele>
   </trkpt>
   <trkpt lat="50.82276" lon="4.633">
    <ele>43.190000000000005</ele>
   </trkpt>
   <trkpt lat="50.82311000000001" lon="4.633730000000001">
    <ele>40.21</ele>
   </trkpt>
   <trkpt lat="50.823190000000004" lon="4.63382">
    <ele>40.21</ele>
   </trkpt>
   <trkpt lat="50.82318" lon="4.63381">
    <ele>40.21</ele>
   </trkpt>
   <trkpt lat="50.823620000000005" lon="4.63415">
    <ele>38.01</ele>
   </trkpt>
   <trkpt lat="50.82372" lon="4.63421">
    <ele>37.56</ele>
   </trkpt>
   <trkpt lat="50.82383" lon="4.63424">
    <ele>37.33</ele>
   </trkpt>
   <trkpt lat="50.82403000000001" lon="4.634250000000001">
    <ele>37.07000000000001</ele>
   </trkpt>
   <trkpt lat="50.82444" lon="4.63421">
    <ele>37.34</ele>
   </trkpt>
   <trkpt lat="50.824650000000005" lon="4.634270000000001">
    <ele>37.43000000000001</ele>
   </trkpt>
   <trkpt lat="50.82527" lon="4.634600000000001">
    <ele>36.49</ele>
   </trkpt>
   <trkpt lat="50.825570000000006" lon="4.63466">
    <ele>36.230000000000004</ele>
   </trkpt>
   <trkpt lat="50.82576" lon="4.63466">
    <ele>36.09</ele>
   </trkpt>
   <trkpt lat="50.82624999990663" lon="4.634555001132156">
    <ele>36.75000000000001</ele>
   </trkpt>
   <trkpt lat="50.82674" lon="4.63445">
    <ele>37.88</ele>
   </trkpt>
   <trkpt lat="50.826930000000004" lon="4.633290000000001">
    <ele>41.120000000000005</ele>
   </trkpt>
   <trkpt lat="50.82705000367647" lon="4.63236000254227">
    <ele>44.51</ele>
   </trkpt>
   <trkpt lat="50.82717" lon="4.63143">
    <ele>50.84</ele>
   </trkpt>
   <trkpt lat="50.82721" lon="4.63037">
    <ele>56.45</ele>
   </trkpt>
   <trkpt lat="50.827110000000005" lon="4.62933">
    <ele>64.39999999999999</ele>
   </trkpt>
   <trkpt lat="50.82701" lon="4.62875">
    <ele>68.39</ele>
   </trkpt>
   <trkpt lat="50.82694000000001" lon="4.62767">
    <ele>75.34</ele>
   </trkpt>
   <trkpt lat="50.826890000000006" lon="4.6273">
    <ele>77.38000000000001</ele>
   </trkpt>
   <trkpt lat="50.826620000000005" lon="4.626340000000001">
    <ele>78.05000000000001</ele>
   </trkpt>
   <trkpt lat="50.826330002377766" lon="4.6255949953874484">
    <ele>79.25</ele>
   </trkpt>
   <trkpt lat="50.826040000000006" lon="4.62485">
    <ele>80.19000000000001</ele>
   </trkpt>
   <trkpt lat="50.82569500272862" lon="4.624039993837862">
    <ele>82.10000000000001</ele>
   </trkpt>
   <trkpt lat="50.82535000000001" lon="4.62323">
    <ele>83.01</ele>
   </trkpt>
   <trkpt lat="50.82508000000001" lon="4.6226400000000005">
    <ele>83.30000000000001</ele>
   </trkpt>
   <trkpt lat="50.8247650011841" lon="4.622089996099529">
    <ele>84.24000000000001</ele>
   </trkpt>
   <trkpt lat="50.824450000000006" lon="4.62154">
    <ele>84.77000000000001</ele>
   </trkpt>
   <trkpt lat="50.82432000000001" lon="4.62136">
    <ele>85.01</ele>
   </trkpt>
   <trkpt lat="50.82417" lon="4.6212100000000005">
    <ele>85.09000000000002</ele>
   </trkpt>
   <trkpt lat="50.82385000000001" lon="4.62094">
    <ele>85.13000000000001</ele>
   </trkpt>
   <trkpt lat="50.823730000000005" lon="4.6208">
    <ele>85.06</ele>
   </trkpt>
   <trkpt lat="50.82377500652404" lon="4.619565001025055">
    <ele>84.53</ele>
   </trkpt>
   <trkpt lat="50.823820000000005" lon="4.61833">
    <ele>83.85000000000001</ele>
   </trkpt>
   <trkpt lat="50.82379667694492" lon="4.6172333321914">
    <ele>83.55000000000001</ele>
   </trkpt>
   <trkpt lat="50.823773343610604" lon="4.6161366654786855">
    <ele>83.83</ele>
   </trkpt>
   <trkpt lat="50.823750000000004" lon="4.6150400000000005">
    <ele>84.44</ele>
   </trkpt>
   <trkpt lat="50.82368" lon="4.61437">
    <ele>84.21000000000001</ele>
   </trkpt>
   <trkpt lat="50.823600000000006" lon="4.61411">
    <ele>84.30000000000001</ele>
   </trkpt>
   <trkpt lat="50.82316" lon="4.61313">
    <ele>85.63000000000001</ele>
   </trkpt>
   <trkpt lat="50.8238820122206" lon="4.612284052346038">
    <ele>85.83</ele>
   </trkpt>
   <trkpt lat="50.824604018324564" lon="4.611438078528129">
    <ele>86.35000000000001</ele>
   </trkpt>
   <trkpt lat="50.82532601831159" lon="4.610592078545009">
    <ele>86.82000000000001</ele>
   </trkpt>
   <trkpt lat="50.826048012181296" lon="4.60974605239542">
    <ele>87.20000000000002</ele>
   </trkpt>
   <trkpt lat="50.82677" lon="4.6089">
    <ele>88.15</ele>
   </trkpt>
   <trkpt lat="50.827445010727175" lon="4.607985039698411">
    <ele>88.88</ele>
   </trkpt>
   <trkpt lat="50.82812001429923" lon="4.607070052937274">
    <ele>90.06</ele>
   </trkpt>
   <trkpt lat="50.82879501071581" lon="4.6061550397154685">
    <ele>90.53000000000002</ele>
   </trkpt>
   <trkpt lat="50.82947000000001" lon="4.60524">
    <ele>88.74000000000001</ele>
   </trkpt>
   <trkpt lat="50.82972" lon="4.6049500000000005">
    <ele>87.91</ele>
   </trkpt>
   <trkpt lat="50.82999" lon="4.604690000000001">
    <ele>87.24000000000001</ele>
   </trkpt>
   <trkpt lat="50.830560000000006" lon="4.60419">
    <ele>85.60000000000001</ele>
   </trkpt>
   <trkpt lat="50.83130750496346" lon="4.603567529910319">
    <ele>85.34000000000002</ele>
   </trkpt>
   <trkpt lat="50.83205500661529" lon="4.602945039883452">
    <ele>88.65</ele>
   </trkpt>
   <trkpt lat="50.832802504955346" lon="4.602322529918317">
    <ele>91.42</ele>
   </trkpt>
   <trkpt lat="50.83355" lon="4.6017">
    <ele>93.94000000000001</ele>
   </trkpt>
   <trkpt lat="50.833830000000006" lon="4.601380000000001">
    <ele>94.14</ele>
   </trkpt>
   <trkpt lat="50.83419000000001" lon="4.60083">
    <ele>94.15</ele>
   </trkpt>
   <trkpt lat="50.834410000000005" lon="4.60055">
    <ele>93.66000000000001</ele>
   </trkpt>
   <trkpt lat="50.835183336378314" lon="4.5999566863018995">
    <ele>93.16000000000001</ele>
   </trkpt>
   <trkpt lat="50.83595666974808" lon="4.59936335294104">
    <ele>92.81</ele>
   </trkpt>
   <trkpt lat="50.83673" lon="4.59877">
    <ele>92.31</ele>
   </trkpt>
   <trkpt lat="50.83695" lon="4.59858">
    <ele>92.31</ele>
   </trkpt>
   <trkpt lat="50.837250000000004" lon="4.59825">
    <ele>92.07000000000001</ele>
   </trkpt>
   <trkpt lat="50.837861677667576" lon="4.597531713771493">
    <ele>90.72000000000001</ele>
   </trkpt>
   <trkpt lat="50.83847335092582" lon="4.596813408712955">
    <ele>89.34</ele>
   </trkpt>
   <trkpt lat="50.839085019774494" lon="4.596095084823616">
    <ele>88.18</ele>
   </trkpt>
   <trkpt lat="50.839696684213415" lon="4.595376742102708">
    <ele>86.72</ele>
   </trkpt>
   <trkpt lat="50.84030834424237" lon="4.594658380549463">
    <ele>85.72</ele>
   </trkpt>
   <trkpt lat="50.840920000000004" lon="4.593940000000001">
    <ele>84.21000000000001</ele>
   </trkpt>
   <trkpt lat="50.84113000000001" lon="4.593730000000001">
    <ele>83.94</ele>
   </trkpt>
   <trkpt lat="50.84138" lon="4.59358">
    <ele>83.91000000000001</ele>
   </trkpt>
   <trkpt lat="50.84136" lon="4.593400000000001">
    <ele>84.08</ele>
   </trkpt>
   <trkpt lat="50.84138" lon="4.59323">
    <ele>84.29</ele>
   </trkpt>
   <trkpt lat="50.841480000000004" lon="4.59309">
    <ele>84.39</ele>
   </trkpt>
   <trkpt lat="50.841770000000004" lon="4.5928700000000005">
    <ele>84.52000000000001</ele>
   </trkpt>
   <trkpt lat="50.84219500046804" lon="4.592540003003734">
    <ele>83.57000000000001</ele>
   </trkpt>
   <trkpt lat="50.842620000000004" lon="4.592210000000001">
    <ele>81.03</ele>
   </trkpt>
   <trkpt lat="50.84337000200318" lon="4.591530010905969">
    <ele>73.66</ele>
   </trkpt>
   <trkpt lat="50.844120000000004" lon="4.5908500000000005">
    <ele>66.44</ele>
   </trkpt>
   <trkpt lat="50.84425" lon="4.59065">
    <ele>64.80000000000001</ele>
   </trkpt>
   <trkpt lat="50.84434" lon="4.59041">
    <ele>63.85</ele>
   </trkpt>
   <trkpt lat="50.84456500287131" lon="4.589590003960847">
    <ele>60.09</ele>
   </trkpt>
   <trkpt lat="50.84479" lon="4.58877">
    <ele>57.970000000000006</ele>
   </trkpt>
   <trkpt lat="50.844840000000005" lon="4.588570000000001">
    <ele>57.81000000000001</ele>
   </trkpt>
   <trkpt lat="50.84488" lon="4.58816">
    <ele>57.34</ele>
   </trkpt>
   <trkpt lat="50.844910000000006" lon="4.58798">
    <ele>57.220000000000006</ele>
   </trkpt>
   <trkpt lat="50.844950000000004" lon="4.58792">
    <ele>56.99</ele>
   </trkpt>
   <trkpt lat="50.845130000000005" lon="4.58778">
    <ele>56.1</ele>
   </trkpt>
   <trkpt lat="50.84555000048522" lon="4.587470002735737">
    <ele>54.720000000000006</ele>
   </trkpt>
   <trkpt lat="50.84597" lon="4.587160000000001">
    <ele>53.2</ele>
   </trkpt>
   <trkpt lat="50.84608" lon="4.58711">
    <ele>52.47</ele>
   </trkpt>
   <trkpt lat="50.846500000000006" lon="4.586740000000001">
    <ele>50.54</ele>
   </trkpt>
   <trkpt lat="50.84686000102247" lon="4.586260003653371">
    <ele>49.580000000000005</ele>
   </trkpt>
   <trkpt lat="50.84722000000001" lon="4.585780000000001">
    <ele>49.470000000000006</ele>
   </trkpt>
   <trkpt lat="50.847750000000005" lon="4.585050000000001">
    <ele>49.300000000000004</ele>
   </trkpt>
   <trkpt lat="50.84820333714431" lon="4.584386679484665">
    <ele>50.150000000000006</ele>
   </trkpt>
   <trkpt lat="50.848656670528655" lon="4.5837233460769236">
    <ele>51.96000000000001</ele>
   </trkpt>
   <trkpt lat="50.84911" lon="4.583060000000001">
    <ele>54.540000000000006</ele>
   </trkpt>
   <trkpt lat="50.84930000000001" lon="4.58283">
    <ele>55.99</ele>
   </trkpt>
   <trkpt lat="50.8498133371247" lon="4.582163348014901">
    <ele>60.440000000000005</ele>
   </trkpt>
   <trkpt lat="50.85032667045156" lon="4.581496681356873">
    <ele>65.16000000000001</ele>
   </trkpt>
   <trkpt lat="50.850840000000005" lon="4.580830000000001">
    <ele>68.13000000000001</ele>
   </trkpt>
   <trkpt lat="50.851000000000006" lon="4.580570000000001">
    <ele>69.52000000000001</ele>
   </trkpt>
   <trkpt lat="50.8513" lon="4.57948">
    <ele>74.64000000000001</ele>
   </trkpt>
   <trkpt lat="50.85166" lon="4.579140000000001">
    <ele>76.56</ele>
   </trkpt>
   <trkpt lat="50.85154000000001" lon="4.5788400000000005">
    <ele>76.23</ele>
   </trkpt>
   <trkpt lat="50.85163000000001" lon="4.5785800000000005">
    <ele>75.72000000000001</ele>
   </trkpt>
   <trkpt lat="50.851835002145656" lon="4.577890002657413">
    <ele>74.74</ele>
   </trkpt>
   <trkpt lat="50.85204" lon="4.5772">
    <ele>74.29</ele>
   </trkpt>
   <trkpt lat="50.852180000000004" lon="4.5766100000000005">
    <ele>73.54</ele>
   </trkpt>
   <trkpt lat="50.852320000000006" lon="4.575690000000001">
    <ele>73.19</ele>
   </trkpt>
   <trkpt lat="50.852380000000004" lon="4.57491">
    <ele>71.98</ele>
   </trkpt>
   <trkpt lat="50.852380000000004" lon="4.574350000000001">
    <ele>69.66</ele>
   </trkpt>
   <trkpt lat="50.85234000705092" lon="4.573064998766506">
    <ele>65.77000000000001</ele>
   </trkpt>
   <trkpt lat="50.85230000000001" lon="4.57178">
    <ele>63.15000000000001</ele>
   </trkpt>
   <trkpt lat="50.852410000000006" lon="4.571750000000001">
    <ele>62.74</ele>
   </trkpt>
   <trkpt lat="50.85314333828389" lon="4.570990023883558">
    <ele>60.56</ele>
   </trkpt>
   <trkpt lat="50.85387667163224" lon="4.570230023868487">
    <ele>60.190000000000005</ele>
   </trkpt>
   <trkpt lat="50.85461" lon="4.569470000000001">
    <ele>60.54</ele>
   </trkpt>
   <trkpt lat="50.855030000000006" lon="4.568910000000001">
    <ele>60.76</ele>
   </trkpt>
   <trkpt lat="50.8554" lon="4.5681">
    <ele>60.9</ele>
   </trkpt>
   <trkpt lat="50.85587" lon="4.56709">
    <ele>61.13</ele>
   </trkpt>
   <trkpt lat="50.856100002734024" lon="4.566290003946704">
    <ele>62.1</ele>
   </trkpt>
   <trkpt lat="50.85633000000001" lon="4.5654900000000005">
    <ele>64.52000000000001</ele>
   </trkpt>
   <trkpt lat="50.85649" lon="4.5648100000000005">
    <ele>65.55000000000001</ele>
   </trkpt>
   <trkpt lat="50.85669000000001" lon="4.563700000000001">
    <ele>71.88</ele>
   </trkpt>
   <trkpt lat="50.85678000000001" lon="4.563370000000001">
    <ele>73.43</ele>
   </trkpt>
   <trkpt lat="50.856880000000004" lon="4.5631900000000005">
    <ele>74.45</ele>
   </trkpt>
   <trkpt lat="50.857250001198004" lon="4.562705003595036">
    <ele>79.71000000000001</ele>
   </trkpt>
   <trkpt lat="50.857620000000004" lon="4.56222">
    <ele>84.64</ele>
   </trkpt>
   <trkpt lat="50.857780000000005" lon="4.561850000000001">
    <ele>86.19</ele>
   </trkpt>
   <trkpt lat="50.857890000000005" lon="4.56151">
    <ele>87.66</ele>
   </trkpt>
   <trkpt lat="50.85792000000001" lon="4.5613">
    <ele>89.17000000000002</ele>
   </trkpt>
   <trkpt lat="50.85785500397445" lon="4.560334998593531">
    <ele>93.04</ele>
   </trkpt>
   <trkpt lat="50.85779" lon="4.55937">
    <ele>94.74000000000001</ele>
   </trkpt>
   <trkpt lat="50.857890000000005" lon="4.5593">
    <ele>95.45</ele>
   </trkpt>
   <trkpt lat="50.85803000000001" lon="4.5592500000000005">
    <ele>95.45</ele>
   </trkpt>
   <trkpt lat="50.85842" lon="4.55916">
    <ele>97.93</ele>
   </trkpt>
   <trkpt lat="50.858650000000004" lon="4.559030000000001">
    <ele>98.38000000000001</ele>
   </trkpt>
   <trkpt lat="50.85886000000001" lon="4.55884">
    <ele>99.87000000000002</ele>
   </trkpt>
   <trkpt lat="50.85907" lon="4.5592500000000005">
    <ele>100.06</ele>
   </trkpt>
   <trkpt lat="50.85966500395353" lon="4.558280012485354">
    <ele>99.38000000000001</ele>
   </trkpt>
   <trkpt lat="50.860260000000004" lon="4.55731">
    <ele>99.11</ele>
   </trkpt>
   <trkpt lat="50.86041" lon="4.557110000000001">
    <ele>99.13000000000001</ele>
   </trkpt>
   <trkpt lat="50.860600000000005" lon="4.55693">
    <ele>99.24000000000001</ele>
   </trkpt>
   <trkpt lat="50.860710000000005" lon="4.55686">
    <ele>99.24000000000001</ele>
   </trkpt>
   <trkpt lat="50.86075" lon="4.556760000000001">
    <ele>99.30000000000001</ele>
   </trkpt>
   <trkpt lat="50.86086" lon="4.55684">
    <ele>99.23</ele>
   </trkpt>
   <trkpt lat="50.86104" lon="4.556900000000001">
    <ele>98.97</ele>
   </trkpt>
   <trkpt lat="50.86176666673325" lon="4.556983330736684">
    <ele>98.59</ele>
   </trkpt>
   <trkpt lat="50.86249333340718" lon="4.557066664070798">
    <ele>97.43</ele>
   </trkpt>
   <trkpt lat="50.863220000000005" lon="4.55715">
    <ele>94.92</ele>
   </trkpt>
   <trkpt lat="50.863400000000006" lon="4.55722">
    <ele>93.82000000000001</ele>
   </trkpt>
   <trkpt lat="50.86368" lon="4.55743">
    <ele>92.59</ele>
   </trkpt>
   <trkpt lat="50.86426333599025" lon="4.557986652745528">
    <ele>88.66</ele>
   </trkpt>
   <trkpt lat="50.86484666933285" lon="4.5585433194207985">
    <ele>84.51</ele>
   </trkpt>
   <trkpt lat="50.86543" lon="4.5591">
    <ele>80.47</ele>
   </trkpt>
   <trkpt lat="50.86569" lon="4.55938">
    <ele>78.63000000000001</ele>
   </trkpt>
   <trkpt lat="50.866310000000006" lon="4.56017">
    <ele>73.47000000000001</ele>
   </trkpt>
   <trkpt lat="50.86652" lon="4.5604000000000005">
    <ele>71.93</ele>
   </trkpt>
   <trkpt lat="50.867130003151296" lon="4.560897480453287">
    <ele>68.71000000000001</ele>
   </trkpt>
   <trkpt lat="50.86774000418794" lon="4.56139497392603">
    <ele>66.24000000000001</ele>
   </trkpt>
   <trkpt lat="50.86835000310983" lon="4.561892480418812">
    <ele>65.64</ele>
   </trkpt>
   <trkpt lat="50.86896" lon="4.562390000000001">
    <ele>66.06</ele>
   </trkpt>
   <trkpt lat="50.86932" lon="4.56278">
    <ele>66.16000000000001</ele>
   </trkpt>
   <trkpt lat="50.869925002344914" lon="4.563509990607644">
    <ele>66.11</ele>
   </trkpt>
   <trkpt lat="50.87053" lon="4.564240000000001">
    <ele>66.35000000000001</ele>
   </trkpt>
   <trkpt lat="50.870670000000004" lon="4.56437">
    <ele>66.35000000000001</ele>
   </trkpt>
   <trkpt lat="50.870990000000006" lon="4.56461">
    <ele>66.55000000000001</ele>
   </trkpt>
   <trkpt lat="50.871170000000006" lon="4.564710000000001">
    <ele>66.67</ele>
   </trkpt>
   <trkpt lat="50.87190500053187" lon="4.565039994826062">
    <ele>65.66000000000001</ele>
   </trkpt>
   <trkpt lat="50.872640000000004" lon="4.565370000000001">
    <ele>64.14</ele>
   </trkpt>
   <trkpt lat="50.872780000000006" lon="4.56547">
    <ele>64.14</ele>
   </trkpt>
   <trkpt lat="50.87288" lon="4.5656300000000005">
    <ele>63.73000000000001</ele>
   </trkpt>
   <trkpt lat="50.872980000000005" lon="4.5659600000000005">
    <ele>63.73000000000001</ele>
   </trkpt>
   <trkpt lat="50.873160000000006" lon="4.56717">
    <ele>62.13</ele>
   </trkpt>
   <trkpt lat="50.87326" lon="4.567620000000001">
    <ele>61.33</ele>
   </trkpt>
   <trkpt lat="50.873360000000005" lon="4.56784">
    <ele>61.33</ele>
   </trkpt>
   <trkpt lat="50.87351" lon="4.5681">
    <ele>60.59</ele>
   </trkpt>
   <trkpt lat="50.87368000000001" lon="4.56826">
    <ele>60.46000000000001</ele>
   </trkpt>
   <trkpt lat="50.873870000000004" lon="4.56838">
    <ele>60.24</ele>
   </trkpt>
   <trkpt lat="50.8746" lon="4.56871">
    <ele>60.52</ele>
   </trkpt>
   <trkpt lat="50.874790000000004" lon="4.56874">
    <ele>60.410000000000004</ele>
   </trkpt>
   <trkpt lat="50.874990000000004" lon="4.568700000000001">
    <ele>60.2</ele>
   </trkpt>
   <trkpt lat="50.875150000000005" lon="4.56864">
    <ele>60.13</ele>
   </trkpt>
   <trkpt lat="50.87559" lon="4.56857">
    <ele>59.730000000000004</ele>
   </trkpt>
   <trkpt lat="50.87597" lon="4.568490000000001">
    <ele>59.34</ele>
   </trkpt>
   <trkpt lat="50.87662" lon="4.56822">
    <ele>57.900000000000006</ele>
   </trkpt>
   <trkpt lat="50.87706000000001" lon="4.5681400000000005">
    <ele>56.46</ele>
   </trkpt>
   <trkpt lat="50.877190000000006" lon="4.56815">
    <ele>56.09</ele>
   </trkpt>
   <trkpt lat="50.877210000000005" lon="4.56826">
    <ele>56.02</ele>
   </trkpt>
   <trkpt lat="50.87727" lon="4.56832">
    <ele>56.02</ele>
   </trkpt>
   <trkpt lat="50.877300000000005" lon="4.56832">
    <ele>56.02</ele>
   </trkpt>
   <trkpt lat="50.87735000000001" lon="4.568300000000001">
    <ele>56.02</ele>
   </trkpt>
   <trkpt lat="50.8774" lon="4.56817">
    <ele>55.89</ele>
   </trkpt>
   <trkpt lat="50.877390000000005" lon="4.5681">
    <ele>55.89</ele>
   </trkpt>
   <trkpt lat="50.87733" lon="4.56801">
    <ele>55.66</ele>
   </trkpt>
   <trkpt lat="50.877300000000005" lon="4.5680000000000005">
    <ele>55.66</ele>
   </trkpt>
   <trkpt lat="50.87724000000001" lon="4.568020000000001">
    <ele>55.66</ele>
   </trkpt>
   <trkpt lat="50.87722" lon="4.56785">
    <ele>55.120000000000005</ele>
   </trkpt>
   <trkpt lat="50.877070004704585" lon="4.566799996584619">
    <ele>52.24</ele>
   </trkpt>
   <trkpt lat="50.876920000000005" lon="4.56575">
    <ele>50.64</ele>
   </trkpt>
   <trkpt lat="50.87676000778359" lon="4.564399995349469">
    <ele>49.86</ele>
   </trkpt>
   <trkpt lat="50.8766" lon="4.5630500000000005">
    <ele>49.57</ele>
   </trkpt>
   <trkpt lat="50.876540000000006" lon="4.562460000000001">
    <ele>49.620000000000005</ele>
   </trkpt>
   <trkpt lat="50.8764866815526" lon="4.5611399969636475">
    <ele>49.720000000000006</ele>
   </trkpt>
   <trkpt lat="50.876433348218626" lon="4.5598199969482005">
    <ele>49.84</ele>
   </trkpt>
   <trkpt lat="50.876380000000005" lon="4.5585">
    <ele>50.74000000000001</ele>
   </trkpt>
   <trkpt lat="50.87635" lon="4.55816">
    <ele>50.81</ele>
   </trkpt>
   <trkpt lat="50.87630000000001" lon="4.55789">
    <ele>50.870000000000005</ele>
   </trkpt>
   <trkpt lat="50.87603000000001" lon="4.55694">
    <ele>51.0</ele>
   </trkpt>
   <trkpt lat="50.876020000000004" lon="4.55666">
    <ele>51.0</ele>
   </trkpt>
   <trkpt lat="50.876050000000006" lon="4.55633">
    <ele>50.93</ele>
   </trkpt>
   <trkpt lat="50.87599" lon="4.5551200000000005">
    <ele>51.02</ele>
   </trkpt>
   <trkpt lat="50.876020000000004" lon="4.5548">
    <ele>51.15</ele>
   </trkpt>
   <trkpt lat="50.87612000000001" lon="4.55447">
    <ele>51.160000000000004</ele>
   </trkpt>
   <trkpt lat="50.87628" lon="4.55405">
    <ele>51.18</ele>
   </trkpt>
   <trkpt lat="50.87641000000001" lon="4.55416">
    <ele>50.95</ele>
   </trkpt>
   <trkpt lat="50.877030000000005" lon="4.5544">
    <ele>50.14</ele>
   </trkpt>
   <trkpt lat="50.87762000000001" lon="4.55445">
    <ele>50.080000000000005</ele>
   </trkpt>
   <trkpt lat="50.87783" lon="4.55445">
    <ele>50.06000000000001</ele>
   </trkpt>
   <trkpt lat="50.878350000000005" lon="4.55445">
    <ele>50.010000000000005</ele>
   </trkpt>
   <trkpt lat="50.87924" lon="4.55463">
    <ele>51.080000000000005</ele>
   </trkpt>
   <trkpt lat="50.87910500568085" lon="4.55347499650159">
    <ele>50.92000000000001</ele>
   </trkpt>
   <trkpt lat="50.87897" lon="4.552320000000001">
    <ele>50.96</ele>
   </trkpt>
  </trkseg>
 </trk>
</gpx>
