<?xml version="1.0" encoding="UTF-8"?>
<gpx creator="StravaGPX" version="1.1" xmlns="http://www.topografix.com/GPX/1/1" xmlns:xsi="http://www.w3.org/2001/XMLSchema-instance" xsi:schemaLocation="http://www.topografix.com/GPX/1/1 http://www.topografix.com/GPX/1/1/gpx.xsd">
 <metadata>
  <name>OACT - Lasne</name>
  <desc>De Wringers - Piccolo Fondo (klimrit in de buurt)</desc>
  <author>
   <name>Haecky 🐻</name>
   <link href="https://www.strava.com/athletes/1643587"/>
  </author>
  <copyright author="OpenStreetMap contributors">
   <year>2020</year>
   <license>https://www.openstreetmap.org/copyright</license>
  </copyright>
  <link href="https://www.strava.com/routes/3468282708152821484"/>
 </metadata>
 <trk>
  <name>OACT - Lasne</name>
  <desc>De Wringers - Piccolo Fondo (klimrit in de buurt)</desc>
  <link href="https://www.strava.com/routes/3468282708152821484"/>
  <type>cycling</type>
  <trkseg>
   <trkpt lat="50.87886" lon="4.5514">
    <ele>51.13</ele>
   </trkpt>
   <trkpt lat="50.879020000000004" lon="4.5528">
    <ele>50.97</ele>
   </trkpt>
   <trkpt lat="50.87913000358612" lon="4.5537149979207046">
    <ele>50.9</ele>
   </trkpt>
   <trkpt lat="50.87924" lon="4.55463">
    <ele>51.080000000000005</ele>
   </trkpt>
   <trkpt lat="50.878350000000005" lon="4.55445">
    <ele>50.010000000000005</ele>
   </trkpt>
   <trkpt lat="50.878190000000004" lon="4.55445">
    <ele>50.010000000000005</ele>
   </trkpt>
   <trkpt lat="50.87762000000001" lon="4.55445">
    <ele>50.080000000000005</ele>
   </trkpt>
   <trkpt lat="50.877030000000005" lon="4.5544">
    <ele>50.14</ele>
   </trkpt>
   <trkpt lat="50.87641000000001" lon="4.55416">
    <ele>50.95</ele>
   </trkpt>
   <trkpt lat="50.87628" lon="4.55405">
    <ele>51.18</ele>
   </trkpt>
   <trkpt lat="50.87612000000001" lon="4.55447">
    <ele>51.160000000000004</ele>
   </trkpt>
   <trkpt lat="50.876020000000004" lon="4.5548">
    <ele>51.15</ele>
   </trkpt>
   <trkpt lat="50.87599" lon="4.5551200000000005">
    <ele>51.02</ele>
   </trkpt>
   <trkpt lat="50.876050000000006" lon="4.55633">
    <ele>50.93</ele>
   </trkpt>
   <trkpt lat="50.876020000000004" lon="4.55666">
    <ele>51.0</ele>
   </trkpt>
   <trkpt lat="50.87603000000001" lon="4.55694">
    <ele>51.0</ele>
   </trkpt>
   <trkpt lat="50.87630000000001" lon="4.55789">
    <ele>50.870000000000005</ele>
   </trkpt>
   <trkpt lat="50.87635" lon="4.55816">
    <ele>50.74000000000001</ele>
   </trkpt>
   <trkpt lat="50.876380000000005" lon="4.5585">
    <ele>50.39</ele>
   </trkpt>
   <trkpt lat="50.87643334822047" lon="4.559819996993711">
    <ele>49.84</ele>
   </trkpt>
   <trkpt lat="50.876486681554425" lon="4.561139997009157">
    <ele>49.720000000000006</ele>
   </trkpt>
   <trkpt lat="50.876540000000006" lon="4.562460000000001">
    <ele>49.620000000000005</ele>
   </trkpt>
   <trkpt lat="50.8766" lon="4.5630500000000005">
    <ele>49.57</ele>
   </trkpt>
   <trkpt lat="50.87676000778726" lon="4.564399995380468">
    <ele>49.86</ele>
   </trkpt>
   <trkpt lat="50.876920000000005" lon="4.56575">
    <ele>50.64</ele>
   </trkpt>
   <trkpt lat="50.8770800054925" lon="4.566884996028109">
    <ele>52.9</ele>
   </trkpt>
   <trkpt lat="50.87724000000001" lon="4.568020000000001">
    <ele>55.66</ele>
   </trkpt>
   <trkpt lat="50.8772" lon="4.5681">
    <ele>56.09</ele>
   </trkpt>
   <trkpt lat="50.877190000000006" lon="4.56815">
    <ele>56.09</ele>
   </trkpt>
   <trkpt lat="50.87706000000001" lon="4.5681400000000005">
    <ele>56.46</ele>
   </trkpt>
   <trkpt lat="50.87662" lon="4.56822">
    <ele>57.900000000000006</ele>
   </trkpt>
   <trkpt lat="50.87597" lon="4.568490000000001">
    <ele>59.34</ele>
   </trkpt>
   <trkpt lat="50.87559" lon="4.56857">
    <ele>59.870000000000005</ele>
   </trkpt>
   <trkpt lat="50.875150000000005" lon="4.56864">
    <ele>60.13</ele>
   </trkpt>
   <trkpt lat="50.874990000000004" lon="4.568700000000001">
    <ele>60.2</ele>
   </trkpt>
   <trkpt lat="50.874790000000004" lon="4.56874">
    <ele>60.410000000000004</ele>
   </trkpt>
   <trkpt lat="50.8746" lon="4.56871">
    <ele>60.52</ele>
   </trkpt>
   <trkpt lat="50.873870000000004" lon="4.56838">
    <ele>60.24</ele>
   </trkpt>
   <trkpt lat="50.87368000000001" lon="4.56826">
    <ele>60.59</ele>
   </trkpt>
   <trkpt lat="50.87351" lon="4.5681">
    <ele>60.59</ele>
   </trkpt>
   <trkpt lat="50.873360000000005" lon="4.56784">
    <ele>61.33</ele>
   </trkpt>
   <trkpt lat="50.87326" lon="4.567620000000001">
    <ele>61.790000000000006</ele>
   </trkpt>
   <trkpt lat="50.873160000000006" lon="4.56717">
    <ele>62.13</ele>
   </trkpt>
   <trkpt lat="50.872980000000005" lon="4.5659600000000005">
    <ele>63.73000000000001</ele>
   </trkpt>
   <trkpt lat="50.87288" lon="4.5656300000000005">
    <ele>64.14</ele>
   </trkpt>
   <trkpt lat="50.872780000000006" lon="4.56547">
    <ele>64.14</ele>
   </trkpt>
   <trkpt lat="50.872640000000004" lon="4.565370000000001">
    <ele>64.71000000000001</ele>
   </trkpt>
   <trkpt lat="50.8719050003986" lon="4.565039994766231">
    <ele>66.15</ele>
   </trkpt>
   <trkpt lat="50.871170000000006" lon="4.564710000000001">
    <ele>66.67</ele>
   </trkpt>
   <trkpt lat="50.870990000000006" lon="4.56461">
    <ele>66.55000000000001</ele>
   </trkpt>
   <trkpt lat="50.870670000000004" lon="4.56437">
    <ele>66.35000000000001</ele>
   </trkpt>
   <trkpt lat="50.87053" lon="4.564240000000001">
    <ele>66.35000000000001</ele>
   </trkpt>
   <trkpt lat="50.86992500220822" lon="4.563509990442698">
    <ele>66.11</ele>
   </trkpt>
   <trkpt lat="50.86932" lon="4.56278">
    <ele>66.16000000000001</ele>
   </trkpt>
   <trkpt lat="50.86896" lon="4.562390000000001">
    <ele>66.06</ele>
   </trkpt>
   <trkpt lat="50.86835000319295" lon="4.561892480486602">
    <ele>65.64</ele>
   </trkpt>
   <trkpt lat="50.86774000427106" lon="4.561394973993818">
    <ele>66.24000000000001</ele>
   </trkpt>
   <trkpt lat="50.86713000323441" lon="4.560897480521072">
    <ele>68.71000000000001</ele>
   </trkpt>
   <trkpt lat="50.86652" lon="4.5604000000000005">
    <ele>71.93</ele>
   </trkpt>
   <trkpt lat="50.866310000000006" lon="4.56017">
    <ele>73.47000000000001</ele>
   </trkpt>
   <trkpt lat="50.86569" lon="4.55938">
    <ele>78.63000000000001</ele>
   </trkpt>
   <trkpt lat="50.86543" lon="4.5591">
    <ele>80.47</ele>
   </trkpt>
   <trkpt lat="50.8648466693052" lon="4.558543319394413">
    <ele>84.51</ele>
   </trkpt>
   <trkpt lat="50.864263335962605" lon="4.557986652719144">
    <ele>88.66</ele>
   </trkpt>
   <trkpt lat="50.86368" lon="4.55743">
    <ele>92.59</ele>
   </trkpt>
   <trkpt lat="50.863400000000006" lon="4.55722">
    <ele>93.82000000000001</ele>
   </trkpt>
   <trkpt lat="50.863220000000005" lon="4.55715">
    <ele>94.92</ele>
   </trkpt>
   <trkpt lat="50.86256000010607" lon="4.557073331169328">
    <ele>97.43</ele>
   </trkpt>
   <trkpt lat="50.86190000016192" lon="4.556996664509186">
    <ele>98.15</ele>
   </trkpt>
   <trkpt lat="50.86124" lon="4.556920000000001">
    <ele>98.91000000000001</ele>
   </trkpt>
   <trkpt lat="50.86104" lon="4.556900000000001">
    <ele>98.97</ele>
   </trkpt>
   <trkpt lat="50.86086" lon="4.55684">
    <ele>99.23</ele>
   </trkpt>
   <trkpt lat="50.86075" lon="4.556760000000001">
    <ele>99.30000000000001</ele>
   </trkpt>
   <trkpt lat="50.860710000000005" lon="4.55686">
    <ele>99.24000000000001</ele>
   </trkpt>
   <trkpt lat="50.860600000000005" lon="4.55693">
    <ele>99.24000000000001</ele>
   </trkpt>
   <trkpt lat="50.86041" lon="4.557110000000001">
    <ele>99.13000000000001</ele>
   </trkpt>
   <trkpt lat="50.860260000000004" lon="4.55731">
    <ele>99.11</ele>
   </trkpt>
   <trkpt lat="50.8596650040862" lon="4.558280012269081">
    <ele>99.38000000000001</ele>
   </trkpt>
   <trkpt lat="50.85907" lon="4.5592500000000005">
    <ele>100.06</ele>
   </trkpt>
   <trkpt lat="50.85886000000001" lon="4.55884">
    <ele>99.87000000000002</ele>
   </trkpt>
   <trkpt lat="50.858650000000004" lon="4.559030000000001">
    <ele>98.38000000000001</ele>
   </trkpt>
   <trkpt lat="50.85842" lon="4.55916">
    <ele>96.98</ele>
   </trkpt>
   <trkpt lat="50.85803000000001" lon="4.5592500000000005">
    <ele>95.45</ele>
   </trkpt>
   <trkpt lat="50.857890000000005" lon="4.5593">
    <ele>94.74000000000001</ele>
   </trkpt>
   <trkpt lat="50.85779" lon="4.55937">
    <ele>94.74000000000001</ele>
   </trkpt>
   <trkpt lat="50.85785500398273" lon="4.560334998716316">
    <ele>92.77000000000001</ele>
   </trkpt>
   <trkpt lat="50.85792000000001" lon="4.5613">
    <ele>89.17000000000002</ele>
   </trkpt>
   <trkpt lat="50.857890000000005" lon="4.56151">
    <ele>87.66</ele>
   </trkpt>
   <trkpt lat="50.857780000000005" lon="4.561850000000001">
    <ele>86.19</ele>
   </trkpt>
   <trkpt lat="50.857620000000004" lon="4.56222">
    <ele>84.64</ele>
   </trkpt>
   <trkpt lat="50.85725000081197" lon="4.562705004101058">
    <ele>79.71000000000001</ele>
   </trkpt>
   <trkpt lat="50.856880000000004" lon="4.5631900000000005">
    <ele>74.45</ele>
   </trkpt>
   <trkpt lat="50.85678000000001" lon="4.563370000000001">
    <ele>73.43</ele>
   </trkpt>
   <trkpt lat="50.85669000000001" lon="4.563700000000001">
    <ele>71.88</ele>
   </trkpt>
   <trkpt lat="50.85649" lon="4.5648100000000005">
    <ele>65.55000000000001</ele>
   </trkpt>
   <trkpt lat="50.85633000000001" lon="4.5654900000000005">
    <ele>64.52000000000001</ele>
   </trkpt>
   <trkpt lat="50.85610000273475" lon="4.5662900039442045">
    <ele>62.1</ele>
   </trkpt>
   <trkpt lat="50.85587" lon="4.56709">
    <ele>61.13</ele>
   </trkpt>
   <trkpt lat="50.8554500035399" lon="4.5680000081912056">
    <ele>60.93000000000001</ele>
   </trkpt>
   <trkpt lat="50.855030000000006" lon="4.568910000000001">
    <ele>60.68000000000001</ele>
   </trkpt>
   <trkpt lat="50.854820000000004" lon="4.569190000000001">
    <ele>60.54</ele>
   </trkpt>
   <trkpt lat="50.85461" lon="4.569470000000001">
    <ele>60.54</ele>
   </trkpt>
   <trkpt lat="50.853876671587436" lon="4.570230023914916">
    <ele>60.18</ele>
   </trkpt>
   <trkpt lat="50.85314333823908" lon="4.570990023929986">
    <ele>60.56</ele>
   </trkpt>
   <trkpt lat="50.852410000000006" lon="4.571750000000001">
    <ele>62.74</ele>
   </trkpt>
   <trkpt lat="50.85230000000001" lon="4.57178">
    <ele>63.15000000000001</ele>
   </trkpt>
   <trkpt lat="50.852340007059105" lon="4.573064999029484">
    <ele>65.77000000000001</ele>
   </trkpt>
   <trkpt lat="50.852380000000004" lon="4.574350000000001">
    <ele>69.66</ele>
   </trkpt>
   <trkpt lat="50.852380000000004" lon="4.57491">
    <ele>71.98</ele>
   </trkpt>
   <trkpt lat="50.852320000000006" lon="4.575690000000001">
    <ele>73.19</ele>
   </trkpt>
   <trkpt lat="50.852180000000004" lon="4.5766100000000005">
    <ele>73.92</ele>
   </trkpt>
   <trkpt lat="50.85204" lon="4.5772">
    <ele>74.29</ele>
   </trkpt>
   <trkpt lat="50.851835001922716" lon="4.577890003407801">
    <ele>74.74</ele>
   </trkpt>
   <trkpt lat="50.85163000000001" lon="4.5785800000000005">
    <ele>75.72000000000001</ele>
   </trkpt>
   <trkpt lat="50.85154000000001" lon="4.5788400000000005">
    <ele>76.38</ele>
   </trkpt>
   <trkpt lat="50.851470000000006" lon="4.57892">
    <ele>76.36000000000001</ele>
   </trkpt>
   <trkpt lat="50.85154000000001" lon="4.5791200000000005">
    <ele>76.30000000000001</ele>
   </trkpt>
   <trkpt lat="50.85137" lon="4.57931">
    <ele>75.21000000000001</ele>
   </trkpt>
   <trkpt lat="50.8513" lon="4.57948">
    <ele>74.64000000000001</ele>
   </trkpt>
   <trkpt lat="50.851000000000006" lon="4.580570000000001">
    <ele>69.52000000000001</ele>
   </trkpt>
   <trkpt lat="50.850840000000005" lon="4.580830000000001">
    <ele>68.13000000000001</ele>
   </trkpt>
   <trkpt lat="50.85032667047114" lon="4.5814966813314415">
    <ele>64.06</ele>
   </trkpt>
   <trkpt lat="50.84981333714429" lon="4.582163347989471">
    <ele>59.410000000000004</ele>
   </trkpt>
   <trkpt lat="50.84930000000001" lon="4.58283">
    <ele>55.99</ele>
   </trkpt>
   <trkpt lat="50.84911" lon="4.583060000000001">
    <ele>54.540000000000006</ele>
   </trkpt>
   <trkpt lat="50.84865667037583" lon="4.583723346300498">
    <ele>51.96000000000001</ele>
   </trkpt>
   <trkpt lat="50.84820333699152" lon="4.584386679708236">
    <ele>49.82</ele>
   </trkpt>
   <trkpt lat="50.847750000000005" lon="4.585050000000001">
    <ele>49.300000000000004</ele>
   </trkpt>
   <trkpt lat="50.84722000000001" lon="4.585780000000001">
    <ele>49.470000000000006</ele>
   </trkpt>
   <trkpt lat="50.84686000094642" lon="4.58626000375478">
    <ele>49.7</ele>
   </trkpt>
   <trkpt lat="50.846500000000006" lon="4.586740000000001">
    <ele>50.86</ele>
   </trkpt>
   <trkpt lat="50.84608" lon="4.58711">
    <ele>52.47</ele>
   </trkpt>
   <trkpt lat="50.84597" lon="4.587160000000001">
    <ele>53.2</ele>
   </trkpt>
   <trkpt lat="50.84582" lon="4.5869">
    <ele>53.08</ele>
   </trkpt>
   <trkpt lat="50.84539" lon="4.58568">
    <ele>50.550000000000004</ele>
   </trkpt>
   <trkpt lat="50.845110000000005" lon="4.5850800000000005">
    <ele>49.74</ele>
   </trkpt>
   <trkpt lat="50.844950000000004" lon="4.58492">
    <ele>49.63000000000001</ele>
   </trkpt>
   <trkpt lat="50.84434" lon="4.5846">
    <ele>49.46</ele>
   </trkpt>
   <trkpt lat="50.84382" lon="4.5842">
    <ele>49.57</ele>
   </trkpt>
   <trkpt lat="50.843430000000005" lon="4.5837200000000005">
    <ele>49.57</ele>
   </trkpt>
   <trkpt lat="50.84311" lon="4.58324">
    <ele>49.68</ele>
   </trkpt>
   <trkpt lat="50.8427850014682" lon="4.582679996320237">
    <ele>49.77</ele>
   </trkpt>
   <trkpt lat="50.84246" lon="4.582120000000001">
    <ele>50.07</ele>
   </trkpt>
   <trkpt lat="50.84194500158296" lon="4.582730006741125">
    <ele>52.21000000000001</ele>
   </trkpt>
   <trkpt lat="50.84143" lon="4.583340000000001">
    <ele>54.970000000000006</ele>
   </trkpt>
   <trkpt lat="50.841260000000005" lon="4.58361">
    <ele>54.95</ele>
   </trkpt>
   <trkpt lat="50.84103" lon="4.583340000000001">
    <ele>54.19</ele>
   </trkpt>
   <trkpt lat="50.840680000000006" lon="4.58281">
    <ele>53.88</ele>
   </trkpt>
   <trkpt lat="50.839830000000006" lon="4.58251">
    <ele>53.71000000000001</ele>
   </trkpt>
   <trkpt lat="50.839000000000006" lon="4.58225">
    <ele>55.28</ele>
   </trkpt>
   <trkpt lat="50.8389" lon="4.582280000000001">
    <ele>55.370000000000005</ele>
   </trkpt>
   <trkpt lat="50.83881" lon="4.58234">
    <ele>55.370000000000005</ele>
   </trkpt>
   <trkpt lat="50.83841" lon="4.58265">
    <ele>56.02</ele>
   </trkpt>
   <trkpt lat="50.83825" lon="4.582820000000001">
    <ele>56.61000000000001</ele>
   </trkpt>
   <trkpt lat="50.83814" lon="4.582890000000001">
    <ele>57.18</ele>
   </trkpt>
   <trkpt lat="50.83804000000001" lon="4.58293">
    <ele>57.18</ele>
   </trkpt>
   <trkpt lat="50.837920000000004" lon="4.58293">
    <ele>57.410000000000004</ele>
   </trkpt>
   <trkpt lat="50.83715000019091" lon="4.582794997792354">
    <ele>59.97</ele>
   </trkpt>
   <trkpt lat="50.836380000000005" lon="4.582660000000001">
    <ele>64.17</ele>
   </trkpt>
   <trkpt lat="50.83591000014857" lon="4.58261499956021">
    <ele>66.89</ele>
   </trkpt>
   <trkpt lat="50.835440000000006" lon="4.5825700000000005">
    <ele>70.5</ele>
   </trkpt>
   <trkpt lat="50.835060000000006" lon="4.58263">
    <ele>72.10000000000001</ele>
   </trkpt>
   <trkpt lat="50.83493000000001" lon="4.5827">
    <ele>72.95</ele>
   </trkpt>
   <trkpt lat="50.834590000000006" lon="4.583010000000001">
    <ele>75.69000000000001</ele>
   </trkpt>
   <trkpt lat="50.83442" lon="4.58309">
    <ele>77.48</ele>
   </trkpt>
   <trkpt lat="50.834300000000006" lon="4.58309">
    <ele>77.48</ele>
   </trkpt>
   <trkpt lat="50.83390000000001" lon="4.58303">
    <ele>80.30000000000001</ele>
   </trkpt>
   <trkpt lat="50.83357" lon="4.58305">
    <ele>83.21000000000001</ele>
   </trkpt>
   <trkpt lat="50.833090000000006" lon="4.58302">
    <ele>86.14</ele>
   </trkpt>
   <trkpt lat="50.832950000000004" lon="4.58316">
    <ele>87.23</ele>
   </trkpt>
   <trkpt lat="50.83243" lon="4.5837900000000005">
    <ele>91.09</ele>
   </trkpt>
   <trkpt lat="50.831900000000005" lon="4.58328">
    <ele>91.78000000000002</ele>
   </trkpt>
   <trkpt lat="50.831770000000006" lon="4.58307">
    <ele>91.83000000000001</ele>
   </trkpt>
   <trkpt lat="50.83158" lon="4.58267">
    <ele>91.82000000000001</ele>
   </trkpt>
   <trkpt lat="50.83144" lon="4.582450000000001">
    <ele>92.07000000000001</ele>
   </trkpt>
   <trkpt lat="50.831210000000006" lon="4.5822">
    <ele>92.08000000000001</ele>
   </trkpt>
   <trkpt lat="50.83106" lon="4.5821000000000005">
    <ele>92.00000000000001</ele>
   </trkpt>
   <trkpt lat="50.83090000000001" lon="4.58206">
    <ele>91.74</ele>
   </trkpt>
   <trkpt lat="50.830390000101055" lon="4.582049999892715">
    <ele>90.04</ele>
   </trkpt>
   <trkpt lat="50.82988" lon="4.58204">
    <ele>89.58</ele>
   </trkpt>
   <trkpt lat="50.82943" lon="4.582000000000001">
    <ele>88.89000000000001</ele>
   </trkpt>
   <trkpt lat="50.82920000000001" lon="4.58195">
    <ele>87.96000000000001</ele>
   </trkpt>
   <trkpt lat="50.82912" lon="4.58192">
    <ele>87.86</ele>
   </trkpt>
   <trkpt lat="50.82889" lon="4.58178">
    <ele>87.74000000000001</ele>
   </trkpt>
   <trkpt lat="50.828410000000005" lon="4.58138">
    <ele>88.34</ele>
   </trkpt>
   <trkpt lat="50.82797000000001" lon="4.58114">
    <ele>89.94</ele>
   </trkpt>
   <trkpt lat="50.82786" lon="4.58105">
    <ele>89.94</ele>
   </trkpt>
   <trkpt lat="50.82740500157645" lon="4.580449994202308">
    <ele>91.97000000000001</ele>
   </trkpt>
   <trkpt lat="50.826950000000004" lon="4.57985">
    <ele>91.97000000000001</ele>
   </trkpt>
   <trkpt lat="50.82629000000001" lon="4.5789100000000005">
    <ele>96.15</ele>
   </trkpt>
   <trkpt lat="50.82591000000001" lon="4.578250000000001">
    <ele>95.35000000000001</ele>
   </trkpt>
   <trkpt lat="50.825500000000005" lon="4.577330000000001">
    <ele>94.92</ele>
   </trkpt>
   <trkpt lat="50.82513500227336" lon="4.576589994079344">
    <ele>94.56</ele>
   </trkpt>
   <trkpt lat="50.82477" lon="4.57585">
    <ele>94.87</ele>
   </trkpt>
   <trkpt lat="50.82450000000001" lon="4.5754600000000005">
    <ele>94.56</ele>
   </trkpt>
   <trkpt lat="50.824110000000005" lon="4.575010000000001">
    <ele>93.77000000000001</ele>
   </trkpt>
   <trkpt lat="50.823930000000004" lon="4.5746400000000005">
    <ele>93.61000000000001</ele>
   </trkpt>
   <trkpt lat="50.82385000000001" lon="4.57441">
    <ele>93.59</ele>
   </trkpt>
   <trkpt lat="50.82374" lon="4.5738900000000005">
    <ele>93.7</ele>
   </trkpt>
   <trkpt lat="50.82372" lon="4.572850000000001">
    <ele>94.15</ele>
   </trkpt>
   <trkpt lat="50.82367000000001" lon="4.57233">
    <ele>94.74000000000001</ele>
   </trkpt>
   <trkpt lat="50.823510000000006" lon="4.5711200000000005">
    <ele>95.91000000000001</ele>
   </trkpt>
   <trkpt lat="50.82338500235525" lon="4.570369997700535">
    <ele>96.55000000000001</ele>
   </trkpt>
   <trkpt lat="50.823260000000005" lon="4.5696200000000005">
    <ele>96.99000000000001</ele>
   </trkpt>
   <trkpt lat="50.823035003698756" lon="4.568689995529198">
    <ele>97.51</ele>
   </trkpt>
   <trkpt lat="50.822810000000004" lon="4.567760000000001">
    <ele>98.34</ele>
   </trkpt>
   <trkpt lat="50.8226" lon="4.56698">
    <ele>99.12</ele>
   </trkpt>
   <trkpt lat="50.82231" lon="4.56602">
    <ele>99.94000000000001</ele>
   </trkpt>
   <trkpt lat="50.822230000000005" lon="4.56583">
    <ele>99.94000000000001</ele>
   </trkpt>
   <trkpt lat="50.82181500272853" lon="4.565029992877122">
    <ele>100.75</ele>
   </trkpt>
   <trkpt lat="50.821400000000004" lon="4.56423">
    <ele>102.48</ele>
   </trkpt>
   <trkpt lat="50.82108000253216" lon="4.563454994604932">
    <ele>103.49000000000001</ele>
   </trkpt>
   <trkpt lat="50.82076000000001" lon="4.56268">
    <ele>103.81000000000002</ele>
   </trkpt>
   <trkpt lat="50.820690000000006" lon="4.56243">
    <ele>103.69</ele>
   </trkpt>
   <trkpt lat="50.8207" lon="4.56236">
    <ele>103.62</ele>
   </trkpt>
   <trkpt lat="50.82052" lon="4.562200000000001">
    <ele>103.38000000000001</ele>
   </trkpt>
   <trkpt lat="50.820240000000005" lon="4.5618300000000005">
    <ele>103.19</ele>
   </trkpt>
   <trkpt lat="50.81998" lon="4.56137">
    <ele>102.89</ele>
   </trkpt>
   <trkpt lat="50.819840000000006" lon="4.561050000000001">
    <ele>102.57000000000001</ele>
   </trkpt>
   <trkpt lat="50.81976" lon="4.56076">
    <ele>102.48</ele>
   </trkpt>
   <trkpt lat="50.81935000389729" lon="4.559809991752496">
    <ele>101.89</ele>
   </trkpt>
   <trkpt lat="50.818940000000005" lon="4.55886">
    <ele>101.31</ele>
   </trkpt>
   <trkpt lat="50.818810000000006" lon="4.558520000000001">
    <ele>101.24000000000001</ele>
   </trkpt>
   <trkpt lat="50.81854000321007" lon="4.557654995038569">
    <ele>101.34000000000002</ele>
   </trkpt>
   <trkpt lat="50.818270000000005" lon="4.55679">
    <ele>102.09000000000002</ele>
   </trkpt>
   <trkpt lat="50.81790334240851" lon="4.5557599838461895">
    <ele>102.44</ele>
   </trkpt>
   <trkpt lat="50.817536675749025" lon="4.5547299838666415">
    <ele>101.99000000000001</ele>
   </trkpt>
   <trkpt lat="50.817170000000004" lon="4.5537">
    <ele>100.22</ele>
   </trkpt>
   <trkpt lat="50.817080000000004" lon="4.55348">
    <ele>100.22</ele>
   </trkpt>
   <trkpt lat="50.816950000000006" lon="4.55325">
    <ele>99.32000000000001</ele>
   </trkpt>
   <trkpt lat="50.816480000000006" lon="4.552630000000001">
    <ele>97.98</ele>
   </trkpt>
   <trkpt lat="50.81613" lon="4.55191">
    <ele>96.84</ele>
   </trkpt>
   <trkpt lat="50.81607" lon="4.55187">
    <ele>96.84</ele>
   </trkpt>
   <trkpt lat="50.81535000019205" lon="4.551980003378041">
    <ele>96.02000000000001</ele>
   </trkpt>
   <trkpt lat="50.814630000280644" lon="4.55209000336444">
    <ele>95.06</ele>
   </trkpt>
   <trkpt lat="50.81391000000001" lon="4.5522">
    <ele>95.05000000000001</ele>
   </trkpt>
   <trkpt lat="50.81364000000001" lon="4.55222">
    <ele>95.04</ele>
   </trkpt>
   <trkpt lat="50.81278000057213" lon="4.5518249926836685">
    <ele>95.41000000000001</ele>
   </trkpt>
   <trkpt lat="50.81192" lon="4.551430000000001">
    <ele>96.5</ele>
   </trkpt>
   <trkpt lat="50.81105750074153" lon="4.551192486849089">
    <ele>99.23</ele>
   </trkpt>
   <trkpt lat="50.8101950010009" lon="4.550954982469203">
    <ele>98.28</ele>
   </trkpt>
   <trkpt lat="50.8093325007781" lon="4.550717486859753">
    <ele>94.74000000000001</ele>
   </trkpt>
   <trkpt lat="50.80847000000001" lon="4.55048">
    <ele>89.62</ele>
   </trkpt>
   <trkpt lat="50.807970000000005" lon="4.550400000000001">
    <ele>88.56000000000002</ele>
   </trkpt>
   <trkpt lat="50.80772" lon="4.55043">
    <ele>87.64000000000001</ele>
   </trkpt>
   <trkpt lat="50.807460000000006" lon="4.550490000000001">
    <ele>87.17000000000002</ele>
   </trkpt>
   <trkpt lat="50.80718" lon="4.55063">
    <ele>86.86</ele>
   </trkpt>
   <trkpt lat="50.806435001590394" lon="4.551250009930576">
    <ele>85.44</ele>
   </trkpt>
   <trkpt lat="50.805690000000006" lon="4.55187">
    <ele>83.87</ele>
   </trkpt>
   <trkpt lat="50.80536000000001" lon="4.5520700000000005">
    <ele>83.11</ele>
   </trkpt>
   <trkpt lat="50.804930000000006" lon="4.55227">
    <ele>82.21000000000001</ele>
   </trkpt>
   <trkpt lat="50.804610000000004" lon="4.55238">
    <ele>81.56</ele>
   </trkpt>
   <trkpt lat="50.80415000000001" lon="4.552490000000001">
    <ele>80.2</ele>
   </trkpt>
   <trkpt lat="50.80337" lon="4.552650000000001">
    <ele>76.30000000000001</ele>
   </trkpt>
   <trkpt lat="50.803020000000004" lon="4.5526800000000005">
    <ele>75.23</ele>
   </trkpt>
   <trkpt lat="50.8027" lon="4.552630000000001">
    <ele>72.9</ele>
   </trkpt>
   <trkpt lat="50.80245000000001" lon="4.55253">
    <ele>72.13</ele>
   </trkpt>
   <trkpt lat="50.8021" lon="4.5522800000000005">
    <ele>71.27</ele>
   </trkpt>
   <trkpt lat="50.80209000000001" lon="4.55262">
    <ele>71.99000000000001</ele>
   </trkpt>
   <trkpt lat="50.802130000000005" lon="4.5528">
    <ele>71.99000000000001</ele>
   </trkpt>
   <trkpt lat="50.802530000000004" lon="4.5536">
    <ele>72.91</ele>
   </trkpt>
   <trkpt lat="50.802760000000006" lon="4.554620000000001">
    <ele>74.34</ele>
   </trkpt>
   <trkpt lat="50.80279" lon="4.554880000000001">
    <ele>74.34</ele>
   </trkpt>
   <trkpt lat="50.80275" lon="4.55555">
    <ele>75.44000000000001</ele>
   </trkpt>
   <trkpt lat="50.80275" lon="4.55593">
    <ele>75.44000000000001</ele>
   </trkpt>
   <trkpt lat="50.80277" lon="4.5561300000000005">
    <ele>75.44000000000001</ele>
   </trkpt>
   <trkpt lat="50.80297" lon="4.5568800000000005">
    <ele>77.47000000000001</ele>
   </trkpt>
   <trkpt lat="50.802980000000005" lon="4.557110000000001">
    <ele>77.76</ele>
   </trkpt>
   <trkpt lat="50.802960000000006" lon="4.557530000000001">
    <ele>79.81</ele>
   </trkpt>
   <trkpt lat="50.80297" lon="4.55768">
    <ele>79.81</ele>
   </trkpt>
   <trkpt lat="50.803000000000004" lon="4.557810000000001">
    <ele>79.81</ele>
   </trkpt>
   <trkpt lat="50.80341000000001" lon="4.55883">
    <ele>82.55000000000001</ele>
   </trkpt>
   <trkpt lat="50.803560000000004" lon="4.5592500000000005">
    <ele>83.73</ele>
   </trkpt>
   <trkpt lat="50.803610000000006" lon="4.55952">
    <ele>84.06</ele>
   </trkpt>
   <trkpt lat="50.803610000000006" lon="4.56033">
    <ele>86.55</ele>
   </trkpt>
   <trkpt lat="50.80357000000001" lon="4.561">
    <ele>89.97000000000001</ele>
   </trkpt>
   <trkpt lat="50.80348000000001" lon="4.56141">
    <ele>91.16</ele>
   </trkpt>
   <trkpt lat="50.80337" lon="4.561800000000001">
    <ele>92.74</ele>
   </trkpt>
   <trkpt lat="50.80327500383738" lon="4.562745001717416">
    <ele>96.75</ele>
   </trkpt>
   <trkpt lat="50.803180000000005" lon="4.56369">
    <ele>98.68</ele>
   </trkpt>
   <trkpt lat="50.803180000000005" lon="4.563700000000001">
    <ele>98.68</ele>
   </trkpt>
   <trkpt lat="50.8029" lon="4.563280000000001">
    <ele>98.54</ele>
   </trkpt>
   <trkpt lat="50.80257500204444" lon="4.56257999502364">
    <ele>98.64</ele>
   </trkpt>
   <trkpt lat="50.80225" lon="4.56188">
    <ele>99.01000000000002</ele>
   </trkpt>
   <trkpt lat="50.80189000000001" lon="4.56088">
    <ele>99.59</ele>
   </trkpt>
   <trkpt lat="50.801590000000004" lon="4.55996">
    <ele>100.43</ele>
   </trkpt>
   <trkpt lat="50.80111" lon="4.558870000000001">
    <ele>101.35000000000001</ele>
   </trkpt>
   <trkpt lat="50.80057000000001" lon="4.55799">
    <ele>102.48</ele>
   </trkpt>
   <trkpt lat="50.80015" lon="4.557250000000001">
    <ele>102.34000000000002</ele>
   </trkpt>
   <trkpt lat="50.7996250053117" lon="4.556139987625465">
    <ele>101.73000000000002</ele>
   </trkpt>
   <trkpt lat="50.7991" lon="4.55503">
    <ele>100.46000000000001</ele>
   </trkpt>
   <trkpt lat="50.799020000000006" lon="4.55471">
    <ele>100.2</ele>
   </trkpt>
   <trkpt lat="50.79898000000001" lon="4.5542300000000004">
    <ele>98.87</ele>
   </trkpt>
   <trkpt lat="50.79899" lon="4.55368">
    <ele>97.12</ele>
   </trkpt>
   <trkpt lat="50.79907000000001" lon="4.55295">
    <ele>92.07000000000001</ele>
   </trkpt>
   <trkpt lat="50.799130000000005" lon="4.55262">
    <ele>88.22</ele>
   </trkpt>
   <trkpt lat="50.79937" lon="4.552090000000001">
    <ele>79.96000000000001</ele>
   </trkpt>
   <trkpt lat="50.79932" lon="4.5513200000000005">
    <ele>72.45</ele>
   </trkpt>
   <trkpt lat="50.799640000000004" lon="4.550190000000001">
    <ele>68.88000000000001</ele>
   </trkpt>
   <trkpt lat="50.799440000000004" lon="4.550000000000001">
    <ele>68.10000000000001</ele>
   </trkpt>
   <trkpt lat="50.79890000086435" lon="4.549534994575169">
    <ele>67.0</ele>
   </trkpt>
   <trkpt lat="50.79836" lon="4.54907">
    <ele>66.33</ele>
   </trkpt>
   <trkpt lat="50.798030000000004" lon="4.54879">
    <ele>66.09</ele>
   </trkpt>
   <trkpt lat="50.7978" lon="4.5486200000000006">
    <ele>66.32000000000001</ele>
   </trkpt>
   <trkpt lat="50.797610000000006" lon="4.548430000000001">
    <ele>66.46000000000001</ele>
   </trkpt>
   <trkpt lat="50.797240000947376" lon="4.547934995947296">
    <ele>67.21000000000001</ele>
   </trkpt>
   <trkpt lat="50.796870000000006" lon="4.547440000000001">
    <ele>70.03</ele>
   </trkpt>
   <trkpt lat="50.79674000000001" lon="4.54736">
    <ele>70.03</ele>
   </trkpt>
   <trkpt lat="50.79639" lon="4.5473300000000005">
    <ele>72.62</ele>
   </trkpt>
   <trkpt lat="50.79608" lon="4.547960000000001">
    <ele>69.83</ele>
   </trkpt>
   <trkpt lat="50.79553000000001" lon="4.548430000000001">
    <ele>66.91000000000001</ele>
   </trkpt>
   <trkpt lat="50.79507333753438" lon="4.549126680201476">
    <ele>66.08</ele>
   </trkpt>
   <trkpt lat="50.794616670919616" lon="4.549823346788786">
    <ele>65.47</ele>
   </trkpt>
   <trkpt lat="50.794160000000005" lon="4.550520000000001">
    <ele>65.54</ele>
   </trkpt>
   <trkpt lat="50.794050000000006" lon="4.550730000000001">
    <ele>65.39</ele>
   </trkpt>
   <trkpt lat="50.79464000344664" lon="4.551629988615061">
    <ele>63.07</ele>
   </trkpt>
   <trkpt lat="50.795230000000004" lon="4.55253">
    <ele>63.56</ele>
   </trkpt>
   <trkpt lat="50.795500000000004" lon="4.55351">
    <ele>63.32</ele>
   </trkpt>
   <trkpt lat="50.79554" lon="4.55372">
    <ele>63.17</ele>
   </trkpt>
   <trkpt lat="50.79560000000001" lon="4.55433">
    <ele>62.49</ele>
   </trkpt>
   <trkpt lat="50.795590000000004" lon="4.5545800000000005">
    <ele>61.410000000000004</ele>
   </trkpt>
   <trkpt lat="50.79554" lon="4.55482">
    <ele>61.410000000000004</ele>
   </trkpt>
   <trkpt lat="50.79545" lon="4.55504">
    <ele>61.08</ele>
   </trkpt>
   <trkpt lat="50.79527" lon="4.555370000000001">
    <ele>60.82000000000001</ele>
   </trkpt>
   <trkpt lat="50.795170000000006" lon="4.55546">
    <ele>60.82000000000001</ele>
   </trkpt>
   <trkpt lat="50.79448000000001" lon="4.55585">
    <ele>59.17000000000001</ele>
   </trkpt>
   <trkpt lat="50.794140000000006" lon="4.555980000000001">
    <ele>59.34</ele>
   </trkpt>
   <trkpt lat="50.79343500019251" lon="4.556205003401382">
    <ele>63.93</ele>
   </trkpt>
   <trkpt lat="50.792730000000006" lon="4.556430000000001">
    <ele>71.63</ele>
   </trkpt>
   <trkpt lat="50.79236" lon="4.55663">
    <ele>72.44</ele>
   </trkpt>
   <trkpt lat="50.79207" lon="4.556830000000001">
    <ele>70.58</ele>
   </trkpt>
   <trkpt lat="50.79160000032592" lon="4.557125002995122">
    <ele>66.56</ele>
   </trkpt>
   <trkpt lat="50.79113" lon="4.5574200000000005">
    <ele>65.62</ele>
   </trkpt>
   <trkpt lat="50.79084" lon="4.5576300000000005">
    <ele>65.45</ele>
   </trkpt>
   <trkpt lat="50.79061" lon="4.55783">
    <ele>65.25999999999999</ele>
   </trkpt>
   <trkpt lat="50.790000000000006" lon="4.55855">
    <ele>64.98</ele>
   </trkpt>
   <trkpt lat="50.78981" lon="4.55874">
    <ele>64.98</ele>
   </trkpt>
   <trkpt lat="50.78960000000001" lon="4.5589">
    <ele>64.63000000000001</ele>
   </trkpt>
   <trkpt lat="50.789370000000005" lon="4.55905">
    <ele>64.63000000000001</ele>
   </trkpt>
   <trkpt lat="50.789030000000004" lon="4.55919">
    <ele>64.5</ele>
   </trkpt>
   <trkpt lat="50.7884" lon="4.5594">
    <ele>63.88</ele>
   </trkpt>
   <trkpt lat="50.78817" lon="4.559500000000001">
    <ele>63.61</ele>
   </trkpt>
   <trkpt lat="50.787960000000005" lon="4.559640000000001">
    <ele>63.44000000000001</ele>
   </trkpt>
   <trkpt lat="50.78774000000001" lon="4.55982">
    <ele>63.19000000000001</ele>
   </trkpt>
   <trkpt lat="50.78755" lon="4.56006">
    <ele>62.37</ele>
   </trkpt>
   <trkpt lat="50.787190001395324" lon="4.5606500046951215">
    <ele>60.46000000000001</ele>
   </trkpt>
   <trkpt lat="50.78683" lon="4.561240000000001">
    <ele>57.760000000000005</ele>
   </trkpt>
   <trkpt lat="50.78652500135653" lon="4.5618050037008535">
    <ele>55.14</ele>
   </trkpt>
   <trkpt lat="50.78622000000001" lon="4.5623700000000005">
    <ele>54.25000000000001</ele>
   </trkpt>
   <trkpt lat="50.78614" lon="4.562550000000001">
    <ele>54.25000000000001</ele>
   </trkpt>
   <trkpt lat="50.786010000000005" lon="4.5630500000000005">
    <ele>53.550000000000004</ele>
   </trkpt>
   <trkpt lat="50.785920000000004" lon="4.56397">
    <ele>53.540000000000006</ele>
   </trkpt>
   <trkpt lat="50.78585" lon="4.564500000000001">
    <ele>53.800000000000004</ele>
   </trkpt>
   <trkpt lat="50.78567000273952" lon="4.56530500323599">
    <ele>55.160000000000004</ele>
   </trkpt>
   <trkpt lat="50.78549" lon="4.56611">
    <ele>57.510000000000005</ele>
   </trkpt>
   <trkpt lat="50.78546000000001" lon="4.56641">
    <ele>57.580000000000005</ele>
   </trkpt>
   <trkpt lat="50.785450000000004" lon="4.566730000000001">
    <ele>57.38000000000001</ele>
   </trkpt>
   <trkpt lat="50.78546000000001" lon="4.567010000000001">
    <ele>57.190000000000005</ele>
   </trkpt>
   <trkpt lat="50.785560000000004" lon="4.567640000000001">
    <ele>56.370000000000005</ele>
   </trkpt>
   <trkpt lat="50.78573" lon="4.56824">
    <ele>55.05</ele>
   </trkpt>
   <trkpt lat="50.78573" lon="4.5683300000000004">
    <ele>54.42</ele>
   </trkpt>
   <trkpt lat="50.78569" lon="4.5685">
    <ele>54.42</ele>
   </trkpt>
   <trkpt lat="50.785000000000004" lon="4.567880000000001">
    <ele>51.88</ele>
   </trkpt>
   <trkpt lat="50.7847" lon="4.56754">
    <ele>51.54</ele>
   </trkpt>
   <trkpt lat="50.78445000000001" lon="4.56717">
    <ele>51.29</ele>
   </trkpt>
   <trkpt lat="50.78434000000001" lon="4.56697">
    <ele>51.15</ele>
   </trkpt>
   <trkpt lat="50.78408000147015" lon="4.566379996678541">
    <ele>50.93</ele>
   </trkpt>
   <trkpt lat="50.783820000000006" lon="4.565790000000001">
    <ele>50.78</ele>
   </trkpt>
   <trkpt lat="50.78337574218537" lon="4.564747083414642">
    <ele>53.31</ele>
   </trkpt>
   <trkpt lat="50.782931475071926" lon="4.563704186647682">
    <ele>53.31</ele>
   </trkpt>
   <trkpt lat="50.78248719865998" lon="4.562661309698844">
    <ele>53.31</ele>
   </trkpt>
   <trkpt lat="50.78204291294989" lon="4.561618452567854">
    <ele>51.42000000000001</ele>
   </trkpt>
   <trkpt lat="50.781598617941924" lon="4.560575615254435">
    <ele>51.42000000000001</ele>
   </trkpt>
   <trkpt lat="50.781154313636435" lon="4.559532797758313">
    <ele>51.42000000000001</ele>
   </trkpt>
   <trkpt lat="50.780710000000006" lon="4.55849">
    <ele>51.42000000000001</ele>
   </trkpt>
   <trkpt lat="50.780800000000006" lon="4.55839">
    <ele>52.190000000000005</ele>
   </trkpt>
   <trkpt lat="50.78101" lon="4.55827">
    <ele>52.120000000000005</ele>
   </trkpt>
   <trkpt lat="50.781150000000004" lon="4.558140000000001">
    <ele>52.050000000000004</ele>
   </trkpt>
   <trkpt lat="50.781270000000006" lon="4.5579600000000005">
    <ele>52.04</ele>
   </trkpt>
   <trkpt lat="50.7815300015324" lon="4.5573600033512145">
    <ele>51.980000000000004</ele>
   </trkpt>
   <trkpt lat="50.78179" lon="4.556760000000001">
    <ele>52.22</ele>
   </trkpt>
   <trkpt lat="50.781870000000005" lon="4.5564">
    <ele>52.59</ele>
   </trkpt>
   <trkpt lat="50.781890000000004" lon="4.556150000000001">
    <ele>52.72</ele>
   </trkpt>
   <trkpt lat="50.781870000000005" lon="4.55588">
    <ele>53.03000000000001</ele>
   </trkpt>
   <trkpt lat="50.781850000000006" lon="4.5557300000000005">
    <ele>53.15</ele>
   </trkpt>
   <trkpt lat="50.78158251559583" lon="4.554627481110649">
    <ele>54.61000000000001</ele>
   </trkpt>
   <trkpt lat="50.7813150207994" lon="4.5535249748351045">
    <ele>56.45</ele>
   </trkpt>
   <trkpt lat="50.781047515610936" lon="4.5524224811735925">
    <ele>60.13</ele>
   </trkpt>
   <trkpt lat="50.78078000000001" lon="4.5513200000000005">
    <ele>63.67</ele>
   </trkpt>
   <trkpt lat="50.78065" lon="4.5508500000000005">
    <ele>65.23</ele>
   </trkpt>
   <trkpt lat="50.780440000000006" lon="4.5502400000000005">
    <ele>67.28</ele>
   </trkpt>
   <trkpt lat="50.78005" lon="4.549300000000001">
    <ele>72.27</ele>
   </trkpt>
   <trkpt lat="50.779560000000004" lon="4.54828">
    <ele>76.71</ele>
   </trkpt>
   <trkpt lat="50.77925500149104" lon="4.547674995908013">
    <ele>79.24000000000001</ele>
   </trkpt>
   <trkpt lat="50.77895" lon="4.547070000000001">
    <ele>81.54</ele>
   </trkpt>
   <trkpt lat="50.77859500119532" lon="4.546539995968506">
    <ele>82.82000000000001</ele>
   </trkpt>
   <trkpt lat="50.778240000000004" lon="4.546010000000001">
    <ele>83.58</ele>
   </trkpt>
   <trkpt lat="50.777770000000004" lon="4.54539">
    <ele>82.55000000000001</ele>
   </trkpt>
   <trkpt lat="50.777570000000004" lon="4.54509">
    <ele>82.08</ele>
   </trkpt>
   <trkpt lat="50.777230002085524" lon="4.544374994591845">
    <ele>83.7</ele>
   </trkpt>
   <trkpt lat="50.77689" lon="4.54366">
    <ele>87.12</ele>
   </trkpt>
   <trkpt lat="50.77675000000001" lon="4.543270000000001">
    <ele>88.47</ele>
   </trkpt>
   <trkpt lat="50.776630000000004" lon="4.542750000000001">
    <ele>89.73</ele>
   </trkpt>
   <trkpt lat="50.77657000000001" lon="4.54227">
    <ele>89.03000000000002</ele>
   </trkpt>
   <trkpt lat="50.776520000000005" lon="4.5408800000000005">
    <ele>84.25</ele>
   </trkpt>
   <trkpt lat="50.77648000000001" lon="4.54056">
    <ele>84.77000000000001</ele>
   </trkpt>
   <trkpt lat="50.77610667759203" lon="4.539429981983844">
    <ele>88.77</ele>
   </trkpt>
   <trkpt lat="50.77573334426657" lon="4.538299982007969">
    <ele>92.9</ele>
   </trkpt>
   <trkpt lat="50.775360000000006" lon="4.537170000000001">
    <ele>92.48</ele>
   </trkpt>
   <trkpt lat="50.77555" lon="4.53701">
    <ele>92.77000000000001</ele>
   </trkpt>
   <trkpt lat="50.77561000000001" lon="4.536560000000001">
    <ele>93.88000000000001</ele>
   </trkpt>
   <trkpt lat="50.77566" lon="4.53636">
    <ele>93.88000000000001</ele>
   </trkpt>
   <trkpt lat="50.77575" lon="4.53613">
    <ele>94.92</ele>
   </trkpt>
   <trkpt lat="50.776340000000005" lon="4.535170000000001">
    <ele>96.71000000000001</ele>
   </trkpt>
   <trkpt lat="50.77689" lon="4.53409">
    <ele>98.11</ele>
   </trkpt>
   <trkpt lat="50.77727" lon="4.53343">
    <ele>99.63000000000001</ele>
   </trkpt>
   <trkpt lat="50.77741" lon="4.53308">
    <ele>100.01</ele>
   </trkpt>
   <trkpt lat="50.777650001725625" lon="4.532430003553804">
    <ele>101.79</ele>
   </trkpt>
   <trkpt lat="50.777890000000006" lon="4.53178">
    <ele>102.64</ele>
   </trkpt>
   <trkpt lat="50.77732" lon="4.530760000000001">
    <ele>104.52</ele>
   </trkpt>
   <trkpt lat="50.77720000000001" lon="4.5305800000000005">
    <ele>104.44</ele>
   </trkpt>
   <trkpt lat="50.77646000000001" lon="4.52986">
    <ele>102.0</ele>
   </trkpt>
   <trkpt lat="50.77622500221894" lon="4.530590003851904">
    <ele>100.65</ele>
   </trkpt>
   <trkpt lat="50.77599000000001" lon="4.53132">
    <ele>96.78</ele>
   </trkpt>
   <trkpt lat="50.775775001638465" lon="4.531950003066858">
    <ele>95.31</ele>
   </trkpt>
   <trkpt lat="50.775560000000006" lon="4.53258">
    <ele>92.35</ele>
   </trkpt>
   <trkpt lat="50.775310000000005" lon="4.5331">
    <ele>89.76</ele>
   </trkpt>
   <trkpt lat="50.775180000000006" lon="4.53328">
    <ele>89.29</ele>
   </trkpt>
   <trkpt lat="50.77487000000001" lon="4.533650000000001">
    <ele>86.65</ele>
   </trkpt>
   <trkpt lat="50.774620000000006" lon="4.5339">
    <ele>85.25</ele>
   </trkpt>
   <trkpt lat="50.77427" lon="4.53422">
    <ele>83.05000000000001</ele>
   </trkpt>
   <trkpt lat="50.77387" lon="4.5346400000000004">
    <ele>81.23</ele>
   </trkpt>
   <trkpt lat="50.77342" lon="4.535170000000001">
    <ele>78.36000000000001</ele>
   </trkpt>
   <trkpt lat="50.7732" lon="4.5355300000000005">
    <ele>76.34</ele>
   </trkpt>
   <trkpt lat="50.77308000000001" lon="4.535900000000001">
    <ele>74.38</ele>
   </trkpt>
   <trkpt lat="50.77304" lon="4.53615">
    <ele>74.38</ele>
   </trkpt>
   <trkpt lat="50.773010000000006" lon="4.53657">
    <ele>72.59</ele>
   </trkpt>
   <trkpt lat="50.773010000000006" lon="4.53676">
    <ele>72.36</ele>
   </trkpt>
   <trkpt lat="50.773070000000004" lon="4.53716">
    <ele>71.65</ele>
   </trkpt>
   <trkpt lat="50.77318" lon="4.53768">
    <ele>69.61</ele>
   </trkpt>
   <trkpt lat="50.77318" lon="4.537850000000001">
    <ele>69.61</ele>
   </trkpt>
   <trkpt lat="50.773160000000004" lon="4.537940000000001">
    <ele>68.87</ele>
   </trkpt>
   <trkpt lat="50.773120000000006" lon="4.53802">
    <ele>68.32000000000001</ele>
   </trkpt>
   <trkpt lat="50.77304" lon="4.53809">
    <ele>68.01</ele>
   </trkpt>
   <trkpt lat="50.77295" lon="4.5381100000000005">
    <ele>66.97</ele>
   </trkpt>
   <trkpt lat="50.77290000000001" lon="4.538080000000001">
    <ele>66.95</ele>
   </trkpt>
   <trkpt lat="50.77282" lon="4.53796">
    <ele>66.32000000000001</ele>
   </trkpt>
   <trkpt lat="50.77270000000001" lon="4.537710000000001">
    <ele>63.63</ele>
   </trkpt>
   <trkpt lat="50.772650000000006" lon="4.53765">
    <ele>63.63</ele>
   </trkpt>
   <trkpt lat="50.772580000000005" lon="4.537610000000001">
    <ele>63.63</ele>
   </trkpt>
   <trkpt lat="50.7725" lon="4.53762">
    <ele>63.35</ele>
   </trkpt>
   <trkpt lat="50.772400000000005" lon="4.5377">
    <ele>62.83000000000001</ele>
   </trkpt>
   <trkpt lat="50.772360000000006" lon="4.53777">
    <ele>62.31</ele>
   </trkpt>
   <trkpt lat="50.77232000000001" lon="4.53796">
    <ele>61.82000000000001</ele>
   </trkpt>
   <trkpt lat="50.772330000000004" lon="4.538200000000001">
    <ele>60.980000000000004</ele>
   </trkpt>
   <trkpt lat="50.77241" lon="4.53842">
    <ele>60.45</ele>
   </trkpt>
   <trkpt lat="50.772650000000006" lon="4.5387">
    <ele>58.940000000000005</ele>
   </trkpt>
   <trkpt lat="50.772690000000004" lon="4.53878">
    <ele>58.940000000000005</ele>
   </trkpt>
   <trkpt lat="50.772780000000004" lon="4.539070000000001">
    <ele>58.080000000000005</ele>
   </trkpt>
   <trkpt lat="50.77282" lon="4.539420000000001">
    <ele>57.14</ele>
   </trkpt>
   <trkpt lat="50.77275" lon="4.5398700000000005">
    <ele>56.09</ele>
   </trkpt>
   <trkpt lat="50.77259" lon="4.54039">
    <ele>55.620000000000005</ele>
   </trkpt>
   <trkpt lat="50.772220000000004" lon="4.5415">
    <ele>55.66</ele>
   </trkpt>
   <trkpt lat="50.77216000000001" lon="4.54143">
    <ele>55.66</ele>
   </trkpt>
   <trkpt lat="50.772090000000006" lon="4.54141">
    <ele>55.910000000000004</ele>
   </trkpt>
   <trkpt lat="50.771800000000006" lon="4.54122">
    <ele>55.75000000000001</ele>
   </trkpt>
   <trkpt lat="50.77126000026985" lon="4.540974997177702">
    <ele>56.330000000000005</ele>
   </trkpt>
   <trkpt lat="50.770720000000004" lon="4.54073">
    <ele>57.03</ele>
   </trkpt>
   <trkpt lat="50.77055000000001" lon="4.5407">
    <ele>57.03</ele>
   </trkpt>
   <trkpt lat="50.77056" lon="4.540520000000001">
    <ele>57.03</ele>
   </trkpt>
   <trkpt lat="50.77062" lon="4.54039">
    <ele>57.03</ele>
   </trkpt>
   <trkpt lat="50.771060000000006" lon="4.53999">
    <ele>56.2</ele>
   </trkpt>
   <trkpt lat="50.77122000000001" lon="4.53979">
    <ele>56.2</ele>
   </trkpt>
   <trkpt lat="50.77145" lon="4.53938">
    <ele>55.88</ele>
   </trkpt>
   <trkpt lat="50.771510000000006" lon="4.53913">
    <ele>55.78</ele>
   </trkpt>
   <trkpt lat="50.771530000000006" lon="4.53892">
    <ele>55.78</ele>
   </trkpt>
   <trkpt lat="50.77149000000001" lon="4.5386500000000005">
    <ele>55.830000000000005</ele>
   </trkpt>
   <trkpt lat="50.77134" lon="4.53829">
    <ele>55.88</ele>
   </trkpt>
   <trkpt lat="50.77122000000001" lon="4.537920000000001">
    <ele>55.830000000000005</ele>
   </trkpt>
   <trkpt lat="50.77121" lon="4.53777">
    <ele>55.77</ele>
   </trkpt>
   <trkpt lat="50.77103" lon="4.537190000000001">
    <ele>55.86000000000001</ele>
   </trkpt>
   <trkpt lat="50.770950000000006" lon="4.53707">
    <ele>55.86000000000001</ele>
   </trkpt>
   <trkpt lat="50.77089" lon="4.5369">
    <ele>56.190000000000005</ele>
   </trkpt>
   <trkpt lat="50.77082000000001" lon="4.536490000000001">
    <ele>56.290000000000006</ele>
   </trkpt>
   <trkpt lat="50.7708" lon="4.53629">
    <ele>56.36000000000001</ele>
   </trkpt>
   <trkpt lat="50.770775002605966" lon="4.535509999738993">
    <ele>56.290000000000006</ele>
   </trkpt>
   <trkpt lat="50.77075000000001" lon="4.534730000000001">
    <ele>56.57</ele>
   </trkpt>
   <trkpt lat="50.77076" lon="4.53437">
    <ele>56.790000000000006</ele>
   </trkpt>
   <trkpt lat="50.77074" lon="4.53416">
    <ele>56.88</ele>
   </trkpt>
   <trkpt lat="50.77071000512291" lon="4.533064999186684">
    <ele>56.77000000000001</ele>
   </trkpt>
   <trkpt lat="50.770680000000006" lon="4.53197">
    <ele>57.34</ele>
   </trkpt>
   <trkpt lat="50.770880000000005" lon="4.531840000000001">
    <ele>57.5</ele>
   </trkpt>
   <trkpt lat="50.77093000000001" lon="4.531750000000001">
    <ele>57.730000000000004</ele>
   </trkpt>
   <trkpt lat="50.77109" lon="4.53106">
    <ele>58.59</ele>
   </trkpt>
   <trkpt lat="50.771170000000005" lon="4.53056">
    <ele>59.78000000000001</ele>
   </trkpt>
   <trkpt lat="50.77125" lon="4.53063">
    <ele>59.690000000000005</ele>
   </trkpt>
   <trkpt lat="50.771280000000004" lon="4.53068">
    <ele>59.690000000000005</ele>
   </trkpt>
   <trkpt lat="50.77138" lon="4.5309800000000005">
    <ele>59.370000000000005</ele>
   </trkpt>
   <trkpt lat="50.771770000000004" lon="4.531910000000001">
    <ele>60.68000000000001</ele>
   </trkpt>
   <trkpt lat="50.77185000000001" lon="4.532170000000001">
    <ele>61.6</ele>
   </trkpt>
   <trkpt lat="50.772070003286025" lon="4.533044995936052">
    <ele>66.0</ele>
   </trkpt>
   <trkpt lat="50.772290000000005" lon="4.53392">
    <ele>68.5</ele>
   </trkpt>
   <trkpt lat="50.77277" lon="4.53321">
    <ele>73.50000000000001</ele>
   </trkpt>
   <trkpt lat="50.773375004307226" lon="4.5322000131536635">
    <ele>82.27000000000001</ele>
   </trkpt>
   <trkpt lat="50.77398" lon="4.5311900000000005">
    <ele>93.4</ele>
   </trkpt>
   <trkpt lat="50.774420001968124" lon="4.530530006049947">
    <ele>97.35000000000001</ele>
   </trkpt>
   <trkpt lat="50.774860000000004" lon="4.529870000000001">
    <ele>100.16000000000001</ele>
   </trkpt>
   <trkpt lat="50.775396671147" lon="4.529146683257143">
    <ele>102.92000000000002</ele>
   </trkpt>
   <trkpt lat="50.77593333782071" lon="4.528423349914595">
    <ele>105.71000000000001</ele>
   </trkpt>
   <trkpt lat="50.77647" lon="4.5277">
    <ele>107.53000000000002</ele>
   </trkpt>
   <trkpt lat="50.7768" lon="4.52723">
    <ele>108.94000000000001</ele>
   </trkpt>
   <trkpt lat="50.776860000000006" lon="4.527220000000001">
    <ele>108.94000000000001</ele>
   </trkpt>
   <trkpt lat="50.77696" lon="4.527270000000001">
    <ele>108.86000000000001</ele>
   </trkpt>
   <trkpt lat="50.77695000000001" lon="4.52733">
    <ele>108.94000000000001</ele>
   </trkpt>
   <trkpt lat="50.77718001350678" lon="4.526073345667207">
    <ele>109.58000000000001</ele>
   </trkpt>
   <trkpt lat="50.77741001351176" lon="4.524816678973624">
    <ele>109.92</ele>
   </trkpt>
   <trkpt lat="50.777640000000005" lon="4.523560000000001">
    <ele>110.14000000000001</ele>
   </trkpt>
   <trkpt lat="50.77779" lon="4.523000000000001">
    <ele>109.94000000000001</ele>
   </trkpt>
   <trkpt lat="50.778100003496284" lon="4.522095006013457">
    <ele>108.75000000000001</ele>
   </trkpt>
   <trkpt lat="50.77841" lon="4.521190000000001">
    <ele>107.98</ele>
   </trkpt>
   <trkpt lat="50.778270000000006" lon="4.521190000000001">
    <ele>107.92</ele>
   </trkpt>
   <trkpt lat="50.77806" lon="4.521120000000001">
    <ele>107.92</ele>
   </trkpt>
   <trkpt lat="50.77788" lon="4.520910000000001">
    <ele>108.12</ele>
   </trkpt>
   <trkpt lat="50.77745667087929" lon="4.520209987365605">
    <ele>108.41000000000001</ele>
   </trkpt>
   <trkpt lat="50.77703333756909" lon="4.519509987404053">
    <ele>108.84</ele>
   </trkpt>
   <trkpt lat="50.776610000000005" lon="4.51881">
    <ele>109.1</ele>
   </trkpt>
   <trkpt lat="50.776220001925246" lon="4.518139994423647">
    <ele>109.21000000000001</ele>
   </trkpt>
   <trkpt lat="50.775830000000006" lon="4.51747">
    <ele>109.15</ele>
   </trkpt>
   <trkpt lat="50.7755" lon="4.51698">
    <ele>108.50000000000001</ele>
   </trkpt>
   <trkpt lat="50.77521" lon="4.51665">
    <ele>108.29</ele>
   </trkpt>
   <trkpt lat="50.77516000000001" lon="4.5166200000000005">
    <ele>108.29</ele>
   </trkpt>
   <trkpt lat="50.77508" lon="4.51661">
    <ele>108.29</ele>
   </trkpt>
   <trkpt lat="50.775020000000005" lon="4.51663">
    <ele>108.29</ele>
   </trkpt>
   <trkpt lat="50.774980000000006" lon="4.5164100000000005">
    <ele>108.01</ele>
   </trkpt>
   <trkpt lat="50.77442000365039" lon="4.5154949891611444">
    <ele>105.51</ele>
   </trkpt>
   <trkpt lat="50.773860000000006" lon="4.5145800000000005">
    <ele>103.92000000000002</ele>
   </trkpt>
   <trkpt lat="50.773790000000005" lon="4.51452">
    <ele>103.92000000000002</ele>
   </trkpt>
   <trkpt lat="50.7738" lon="4.514530000000001">
    <ele>103.92000000000002</ele>
   </trkpt>
   <trkpt lat="50.773230000000005" lon="4.5142500000000005">
    <ele>99.51</ele>
   </trkpt>
   <trkpt lat="50.77309" lon="4.51423">
    <ele>98.84</ele>
   </trkpt>
   <trkpt lat="50.77259500033623" lon="4.513999997617147">
    <ele>96.80000000000001</ele>
   </trkpt>
   <trkpt lat="50.7721" lon="4.51377">
    <ele>95.59</ele>
   </trkpt>
   <trkpt lat="50.77203" lon="4.5137">
    <ele>95.59</ele>
   </trkpt>
   <trkpt lat="50.77121" lon="4.513310000000001">
    <ele>93.30000000000001</ele>
   </trkpt>
   <trkpt lat="50.771150000000006" lon="4.5132900000000005">
    <ele>92.93</ele>
   </trkpt>
   <trkpt lat="50.77102000000001" lon="4.51335">
    <ele>90.89000000000001</ele>
   </trkpt>
   <trkpt lat="50.770950000000006" lon="4.5134300000000005">
    <ele>89.60000000000001</ele>
   </trkpt>
   <trkpt lat="50.77069" lon="4.51423">
    <ele>81.14</ele>
   </trkpt>
   <trkpt lat="50.770390000000006" lon="4.515440000000001">
    <ele>70.99000000000001</ele>
   </trkpt>
   <trkpt lat="50.77029" lon="4.51597">
    <ele>68.55</ele>
   </trkpt>
   <trkpt lat="50.77026000000001" lon="4.516240000000001">
    <ele>68.13000000000001</ele>
   </trkpt>
   <trkpt lat="50.770230000000005" lon="4.51639">
    <ele>68.25</ele>
   </trkpt>
   <trkpt lat="50.77017000000001" lon="4.516450000000001">
    <ele>68.18</ele>
   </trkpt>
   <trkpt lat="50.770010000000006" lon="4.5164800000000005">
    <ele>67.76</ele>
   </trkpt>
   <trkpt lat="50.77" lon="4.516290000000001">
    <ele>67.75</ele>
   </trkpt>
   <trkpt lat="50.769940000000005" lon="4.516220000000001">
    <ele>67.61</ele>
   </trkpt>
   <trkpt lat="50.769920000000006" lon="4.5168">
    <ele>67.15</ele>
   </trkpt>
   <trkpt lat="50.76970000000001" lon="4.517740000000001">
    <ele>65.53</ele>
   </trkpt>
   <trkpt lat="50.76952000000001" lon="4.5181700000000005">
    <ele>64.75</ele>
   </trkpt>
   <trkpt lat="50.76902000300935" lon="4.518995008653393">
    <ele>63.19000000000001</ele>
   </trkpt>
   <trkpt lat="50.76852" lon="4.51982">
    <ele>62.94000000000001</ele>
   </trkpt>
   <trkpt lat="50.76829000000001" lon="4.51984">
    <ele>62.76000000000001</ele>
   </trkpt>
   <trkpt lat="50.767970000000005" lon="4.5197400000000005">
    <ele>64.26</ele>
   </trkpt>
   <trkpt lat="50.767570000000006" lon="4.519550000000001">
    <ele>67.53</ele>
   </trkpt>
   <trkpt lat="50.76726000000001" lon="4.519500000000001">
    <ele>71.15</ele>
   </trkpt>
   <trkpt lat="50.766650000000006" lon="4.519570000000001">
    <ele>79.9</ele>
   </trkpt>
   <trkpt lat="50.766510000000004" lon="4.51952">
    <ele>79.9</ele>
   </trkpt>
   <trkpt lat="50.765930000000004" lon="4.51923">
    <ele>89.94</ele>
   </trkpt>
   <trkpt lat="50.765660000000004" lon="4.51916">
    <ele>92.63</ele>
   </trkpt>
   <trkpt lat="50.7653" lon="4.51926">
    <ele>95.80000000000001</ele>
   </trkpt>
   <trkpt lat="50.765100000000004" lon="4.5193900000000005">
    <ele>97.89</ele>
   </trkpt>
   <trkpt lat="50.76484000000001" lon="4.51952">
    <ele>99.13000000000001</ele>
   </trkpt>
   <trkpt lat="50.764610000000005" lon="4.5197">
    <ele>100.01</ele>
   </trkpt>
   <trkpt lat="50.764250000000004" lon="4.520110000000001">
    <ele>99.77000000000001</ele>
   </trkpt>
   <trkpt lat="50.76376500145793" lon="4.5207100063197805">
    <ele>100.12000000000002</ele>
   </trkpt>
   <trkpt lat="50.76328" lon="4.521310000000001">
    <ele>100.65</ele>
   </trkpt>
   <trkpt lat="50.763110000000005" lon="4.52158">
    <ele>100.93</ele>
   </trkpt>
   <trkpt lat="50.762550000000005" lon="4.52221">
    <ele>101.21000000000001</ele>
   </trkpt>
   <trkpt lat="50.76243" lon="4.5223700000000004">
    <ele>100.95</ele>
   </trkpt>
   <trkpt lat="50.762040000000006" lon="4.52301">
    <ele>101.47</ele>
   </trkpt>
   <trkpt lat="50.76198" lon="4.5231900000000005">
    <ele>101.47</ele>
   </trkpt>
   <trkpt lat="50.76209" lon="4.52325">
    <ele>101.45000000000002</ele>
   </trkpt>
   <trkpt lat="50.76238000000001" lon="4.523510000000001">
    <ele>101.38000000000001</ele>
   </trkpt>
   <trkpt lat="50.762040000000006" lon="4.524780000000001">
    <ele>102.32000000000001</ele>
   </trkpt>
   <trkpt lat="50.761990000000004" lon="4.52522">
    <ele>102.32000000000001</ele>
   </trkpt>
   <trkpt lat="50.761990000000004" lon="4.5261700000000005">
    <ele>102.08</ele>
   </trkpt>
   <trkpt lat="50.76192" lon="4.52648">
    <ele>101.97</ele>
   </trkpt>
   <trkpt lat="50.761860000000006" lon="4.526560000000001">
    <ele>101.97</ele>
   </trkpt>
   <trkpt lat="50.761790000000005" lon="4.5266">
    <ele>102.06000000000002</ele>
   </trkpt>
   <trkpt lat="50.761700000000005" lon="4.5266">
    <ele>102.06000000000002</ele>
   </trkpt>
   <trkpt lat="50.76085400222152" lon="4.52623997396866">
    <ele>99.0</ele>
   </trkpt>
   <trkpt lat="50.760008003334725" lon="4.525879960954908">
    <ele>99.0</ele>
   </trkpt>
   <trkpt lat="50.75916200333969" lon="4.525519960957901">
    <ele>99.94000000000001</ele>
   </trkpt>
   <trkpt lat="50.758316002236505" lon="4.52515997397679">
    <ele>99.94000000000001</ele>
   </trkpt>
   <trkpt lat="50.757470000000005" lon="4.5248">
    <ele>99.94000000000001</ele>
   </trkpt>
   <trkpt lat="50.75737" lon="4.524760000000001">
    <ele>104.47</ele>
   </trkpt>
   <trkpt lat="50.75660000018193" lon="4.524559996712351">
    <ele>104.11</ele>
   </trkpt>
   <trkpt lat="50.75583" lon="4.524360000000001">
    <ele>104.41</ele>
   </trkpt>
   <trkpt lat="50.755790000000005" lon="4.52437">
    <ele>104.41</ele>
   </trkpt>
   <trkpt lat="50.755750000000006" lon="4.524430000000001">
    <ele>104.41</ele>
   </trkpt>
   <trkpt lat="50.75559000459454" lon="4.525465003444729">
    <ele>104.58</ele>
   </trkpt>
   <trkpt lat="50.755430000000004" lon="4.5265">
    <ele>100.54</ele>
   </trkpt>
   <trkpt lat="50.75531" lon="4.5271300000000005">
    <ele>99.41000000000001</ele>
   </trkpt>
   <trkpt lat="50.75495" lon="4.52676">
    <ele>100.51</ele>
   </trkpt>
   <trkpt lat="50.754850000000005" lon="4.52657">
    <ele>101.66000000000001</ele>
   </trkpt>
   <trkpt lat="50.754830000000005" lon="4.526560000000001">
    <ele>101.66000000000001</ele>
   </trkpt>
   <trkpt lat="50.7548" lon="4.52657">
    <ele>101.66000000000001</ele>
   </trkpt>
   <trkpt lat="50.754740000000005" lon="4.526590000000001">
    <ele>102.10000000000001</ele>
   </trkpt>
   <trkpt lat="50.75466" lon="4.526540000000001">
    <ele>102.23</ele>
   </trkpt>
   <trkpt lat="50.754150000965886" lon="4.526114995530489">
    <ele>102.79</ele>
   </trkpt>
   <trkpt lat="50.753640000000004" lon="4.52569">
    <ele>103.55</ele>
   </trkpt>
   <trkpt lat="50.753440000000005" lon="4.525600000000001">
    <ele>103.83</ele>
   </trkpt>
   <trkpt lat="50.753130000000006" lon="4.52535">
    <ele>104.78000000000002</ele>
   </trkpt>
   <trkpt lat="50.753060000000005" lon="4.525370000000001">
    <ele>104.78000000000002</ele>
   </trkpt>
   <trkpt lat="50.75294" lon="4.525270000000001">
    <ele>104.96000000000001</ele>
   </trkpt>
   <trkpt lat="50.752230000000004" lon="4.524500000000001">
    <ele>105.26</ele>
   </trkpt>
   <trkpt lat="50.7515550024388" lon="4.523734988896811">
    <ele>105.23</ele>
   </trkpt>
   <trkpt lat="50.75088" lon="4.52297">
    <ele>105.69</ele>
   </trkpt>
   <trkpt lat="50.750510000000006" lon="4.522530000000001">
    <ele>106.4</ele>
   </trkpt>
   <trkpt lat="50.75027000000001" lon="4.522200000000001">
    <ele>106.43</ele>
   </trkpt>
   <trkpt lat="50.74981500243217" lon="4.521449992754957">
    <ele>106.58000000000001</ele>
   </trkpt>
   <trkpt lat="50.74936" lon="4.520700000000001">
    <ele>106.22000000000001</ele>
   </trkpt>
   <trkpt lat="50.74906000000001" lon="4.520160000000001">
    <ele>105.71000000000001</ele>
   </trkpt>
   <trkpt lat="50.748670000000004" lon="4.51942">
    <ele>105.60000000000001</ele>
   </trkpt>
   <trkpt lat="50.74812667192803" lon="4.520206684970933">
    <ele>106.17000000000002</ele>
   </trkpt>
   <trkpt lat="50.74758333856382" lon="4.520993351681975">
    <ele>105.47000000000001</ele>
   </trkpt>
   <trkpt lat="50.747040000000005" lon="4.521780000000001">
    <ele>103.87</ele>
   </trkpt>
   <trkpt lat="50.74662000000001" lon="4.52264">
    <ele>101.53</ele>
   </trkpt>
   <trkpt lat="50.74624000000001" lon="4.523750000000001">
    <ele>99.57000000000001</ele>
   </trkpt>
   <trkpt lat="50.746120000000005" lon="4.523980000000001">
    <ele>99.92</ele>
   </trkpt>
   <trkpt lat="50.745940000000004" lon="4.524220000000001">
    <ele>100.59000000000002</ele>
   </trkpt>
   <trkpt lat="50.74593" lon="4.524310000000001">
    <ele>100.59000000000002</ele>
   </trkpt>
   <trkpt lat="50.74559000000001" lon="4.52437">
    <ele>100.61</ele>
   </trkpt>
   <trkpt lat="50.744960000000006" lon="4.52453">
    <ele>101.68</ele>
   </trkpt>
   <trkpt lat="50.744690000000006" lon="4.52468">
    <ele>101.81000000000002</ele>
   </trkpt>
   <trkpt lat="50.744580000000006" lon="4.524780000000001">
    <ele>102.04</ele>
   </trkpt>
   <trkpt lat="50.74391500333687" lon="4.525665012585364">
    <ele>103.01</ele>
   </trkpt>
   <trkpt lat="50.74325" lon="4.52655">
    <ele>102.96000000000001</ele>
   </trkpt>
   <trkpt lat="50.74298" lon="4.5269">
    <ele>102.32000000000001</ele>
   </trkpt>
   <trkpt lat="50.74239000176097" lon="4.5275250077789755">
    <ele>101.68</ele>
   </trkpt>
   <trkpt lat="50.741800000000005" lon="4.52815">
    <ele>101.34000000000002</ele>
   </trkpt>
   <trkpt lat="50.74156000000001" lon="4.52853">
    <ele>101.52000000000001</ele>
   </trkpt>
   <trkpt lat="50.7409966765667" lon="4.529606692597046">
    <ele>101.79</ele>
   </trkpt>
   <trkpt lat="50.74043334321959" lon="4.530683359289546">
    <ele>102.21000000000001</ele>
   </trkpt>
   <trkpt lat="50.73987" lon="4.53176">
    <ele>102.57000000000001</ele>
   </trkpt>
   <trkpt lat="50.73966" lon="4.532100000000001">
    <ele>102.19</ele>
   </trkpt>
   <trkpt lat="50.739560000000004" lon="4.53223">
    <ele>101.47</ele>
   </trkpt>
   <trkpt lat="50.73931" lon="4.53244">
    <ele>101.03</ele>
   </trkpt>
   <trkpt lat="50.738690000000005" lon="4.532780000000001">
    <ele>101.05000000000001</ele>
   </trkpt>
   <trkpt lat="50.73808000399581" lon="4.533463351131632">
    <ele>102.06000000000002</ele>
   </trkpt>
   <trkpt lat="50.73747000399813" lon="4.534146684462059">
    <ele>102.17</ele>
   </trkpt>
   <trkpt lat="50.73686000000001" lon="4.53483">
    <ele>101.15</ele>
   </trkpt>
   <trkpt lat="50.736580000000004" lon="4.535100000000001">
    <ele>100.76</ele>
   </trkpt>
   <trkpt lat="50.736430000000006" lon="4.53519">
    <ele>100.48000000000002</ele>
   </trkpt>
   <trkpt lat="50.73622" lon="4.53524">
    <ele>100.04</ele>
   </trkpt>
   <trkpt lat="50.736110000000004" lon="4.53524">
    <ele>100.04</ele>
   </trkpt>
   <trkpt lat="50.735330000000005" lon="4.53486">
    <ele>98.7</ele>
   </trkpt>
   <trkpt lat="50.735040000000005" lon="4.5347800000000005">
    <ele>98.65</ele>
   </trkpt>
   <trkpt lat="50.73499" lon="4.53469">
    <ele>98.53</ele>
   </trkpt>
   <trkpt lat="50.734930000000006" lon="4.53469">
    <ele>98.53</ele>
   </trkpt>
   <trkpt lat="50.73485" lon="4.53462">
    <ele>98.36</ele>
   </trkpt>
   <trkpt lat="50.73425" lon="4.53427">
    <ele>98.01</ele>
   </trkpt>
   <trkpt lat="50.73406000000001" lon="4.53411">
    <ele>97.41000000000001</ele>
   </trkpt>
   <trkpt lat="50.733720000000005" lon="4.5339">
    <ele>97.10000000000001</ele>
   </trkpt>
   <trkpt lat="50.73326000014357" lon="4.533754998592934">
    <ele>96.98</ele>
   </trkpt>
   <trkpt lat="50.732800000000005" lon="4.53361">
    <ele>97.45</ele>
   </trkpt>
   <trkpt lat="50.7325" lon="4.53348">
    <ele>97.59</ele>
   </trkpt>
   <trkpt lat="50.73232" lon="4.53335">
    <ele>97.69000000000001</ele>
   </trkpt>
   <trkpt lat="50.732150000000004" lon="4.5331600000000005">
    <ele>97.69000000000001</ele>
   </trkpt>
   <trkpt lat="50.731550000000006" lon="4.5323">
    <ele>97.31</ele>
   </trkpt>
   <trkpt lat="50.73142000000001" lon="4.53207">
    <ele>97.26</ele>
   </trkpt>
   <trkpt lat="50.731280000000005" lon="4.5317300000000005">
    <ele>96.93</ele>
   </trkpt>
   <trkpt lat="50.73111" lon="4.53125">
    <ele>96.32000000000001</ele>
   </trkpt>
   <trkpt lat="50.730830000000005" lon="4.53061">
    <ele>94.37</ele>
   </trkpt>
   <trkpt lat="50.73057000000001" lon="4.5301">
    <ele>90.73</ele>
   </trkpt>
   <trkpt lat="50.730013341031025" lon="4.529149977386439">
    <ele>80.96000000000001</ele>
   </trkpt>
   <trkpt lat="50.729456674343076" lon="4.528199977350537">
    <ele>70.7</ele>
   </trkpt>
   <trkpt lat="50.7289" lon="4.52725">
    <ele>61.730000000000004</ele>
   </trkpt>
   <trkpt lat="50.728860000000005" lon="4.527010000000001">
    <ele>60.83</ele>
   </trkpt>
   <trkpt lat="50.728820000000006" lon="4.526960000000001">
    <ele>60.83</ele>
   </trkpt>
   <trkpt lat="50.728790000000004" lon="4.52669">
    <ele>60.260000000000005</ele>
   </trkpt>
   <trkpt lat="50.72822002012233" lon="4.525719940998017">
    <ele>54.160000000000004</ele>
   </trkpt>
   <trkpt lat="50.72765003219657" lon="4.524749905600035">
    <ele>52.92</ele>
   </trkpt>
   <trkpt lat="50.727080036223086" lon="4.523779893805334">
    <ele>53.76</ele>
   </trkpt>
   <trkpt lat="50.72651003220222" lon="4.522809905613194">
    <ele>57.290000000000006</ele>
   </trkpt>
   <trkpt lat="50.72594002013435" lon="4.521839941022893">
    <ele>63.03</ele>
   </trkpt>
   <trkpt lat="50.725370000000005" lon="4.52087">
    <ele>67.56</ele>
   </trkpt>
   <trkpt lat="50.725280000000005" lon="4.52067">
    <ele>68.04</ele>
   </trkpt>
   <trkpt lat="50.72523" lon="4.520510000000001">
    <ele>69.55</ele>
   </trkpt>
   <trkpt lat="50.725095002018314" lon="4.519819997921323">
    <ele>70.82000000000001</ele>
   </trkpt>
   <trkpt lat="50.72496" lon="4.5191300000000005">
    <ele>72.11</ele>
   </trkpt>
   <trkpt lat="50.72473" lon="4.518210000000001">
    <ele>73.88</ele>
   </trkpt>
   <trkpt lat="50.724650000000004" lon="4.51775">
    <ele>75.1</ele>
   </trkpt>
   <trkpt lat="50.7246" lon="4.5168800000000005">
    <ele>75.97000000000001</ele>
   </trkpt>
   <trkpt lat="50.72466000000001" lon="4.51679">
    <ele>76.21</ele>
   </trkpt>
   <trkpt lat="50.724650000000004" lon="4.5166900000000005">
    <ele>76.21</ele>
   </trkpt>
   <trkpt lat="50.724610000000006" lon="4.51661">
    <ele>75.99</ele>
   </trkpt>
   <trkpt lat="50.72458" lon="4.516590000000001">
    <ele>75.99</ele>
   </trkpt>
   <trkpt lat="50.72453" lon="4.5166">
    <ele>75.56</ele>
   </trkpt>
   <trkpt lat="50.724470000000004" lon="4.516220000000001">
    <ele>74.56</ele>
   </trkpt>
   <trkpt lat="50.724450004667354" lon="4.51517499941258">
    <ele>70.88000000000001</ele>
   </trkpt>
   <trkpt lat="50.724430000000005" lon="4.514130000000001">
    <ele>66.66000000000001</ele>
   </trkpt>
   <trkpt lat="50.72393500309434" lon="4.5132849911428465">
    <ele>63.86</ele>
   </trkpt>
   <trkpt lat="50.723440000000004" lon="4.512440000000001">
    <ele>66.28</ele>
   </trkpt>
   <trkpt lat="50.72289000723318" lon="4.511519978392435">
    <ele>69.76</ele>
   </trkpt>
   <trkpt lat="50.72234000722683" lon="4.510599978382223">
    <ele>75.87</ele>
   </trkpt>
   <trkpt lat="50.721790000000006" lon="4.50968">
    <ele>80.24000000000001</ele>
   </trkpt>
   <trkpt lat="50.7216" lon="4.509200000000001">
    <ele>81.85000000000001</ele>
   </trkpt>
   <trkpt lat="50.721270006270714" lon="4.507989991513252">
    <ele>87.81000000000002</ele>
   </trkpt>
   <trkpt lat="50.720940000000006" lon="4.50678">
    <ele>89.95</ele>
   </trkpt>
   <trkpt lat="50.720475002874934" lon="4.505959991862155">
    <ele>92.02</ele>
   </trkpt>
   <trkpt lat="50.72001" lon="4.505140000000001">
    <ele>94.28</ele>
   </trkpt>
   <trkpt lat="50.719770001849334" lon="4.504494996885271">
    <ele>95.48</ele>
   </trkpt>
   <trkpt lat="50.719530000000006" lon="4.503850000000001">
    <ele>95.96000000000001</ele>
   </trkpt>
   <trkpt lat="50.71942000000001" lon="4.50351">
    <ele>96.12</ele>
   </trkpt>
   <trkpt lat="50.71933000000001" lon="4.50337">
    <ele>96.22000000000001</ele>
   </trkpt>
   <trkpt lat="50.71923" lon="4.5032700000000006">
    <ele>96.22000000000001</ele>
   </trkpt>
   <trkpt lat="50.719080000000005" lon="4.50319">
    <ele>96.36</ele>
   </trkpt>
   <trkpt lat="50.718630000000005" lon="4.50309">
    <ele>96.52000000000001</ele>
   </trkpt>
   <trkpt lat="50.71857000000001" lon="4.50305">
    <ele>96.52000000000001</ele>
   </trkpt>
   <trkpt lat="50.7180200017486" lon="4.502404992394645">
    <ele>96.67</ele>
   </trkpt>
   <trkpt lat="50.717470000000006" lon="4.50176">
    <ele>96.85000000000001</ele>
   </trkpt>
   <trkpt lat="50.71698000193875" lon="4.5010799928367575">
    <ele>96.74000000000001</ele>
   </trkpt>
   <trkpt lat="50.71649000000001" lon="4.5004">
    <ele>96.55000000000001</ele>
   </trkpt>
   <trkpt lat="50.71641" lon="4.50018">
    <ele>96.44000000000001</ele>
   </trkpt>
   <trkpt lat="50.71638" lon="4.499490000000001">
    <ele>95.7</ele>
   </trkpt>
   <trkpt lat="50.71634" lon="4.49966">
    <ele>95.77000000000001</ele>
   </trkpt>
   <trkpt lat="50.716330000000006" lon="4.50035">
    <ele>93.21</ele>
   </trkpt>
   <trkpt lat="50.71629" lon="4.50058">
    <ele>92.72000000000001</ele>
   </trkpt>
   <trkpt lat="50.716210000000004" lon="4.50075">
    <ele>88.47</ele>
   </trkpt>
   <trkpt lat="50.715790000000005" lon="4.50142">
    <ele>83.54</ele>
   </trkpt>
   <trkpt lat="50.71555000000001" lon="4.501740000000001">
    <ele>77.98</ele>
   </trkpt>
   <trkpt lat="50.71538" lon="4.50192">
    <ele>77.98</ele>
   </trkpt>
   <trkpt lat="50.71526" lon="4.50199">
    <ele>76.06</ele>
   </trkpt>
   <trkpt lat="50.71491" lon="4.502120000000001">
    <ele>72.08</ele>
   </trkpt>
   <trkpt lat="50.714470000000006" lon="4.50225">
    <ele>67.56</ele>
   </trkpt>
   <trkpt lat="50.714360000000006" lon="4.50218">
    <ele>66.02000000000001</ele>
   </trkpt>
   <trkpt lat="50.713950000000004" lon="4.5018">
    <ele>62.64</ele>
   </trkpt>
   <trkpt lat="50.713730000000005" lon="4.50166">
    <ele>62.51000000000001</ele>
   </trkpt>
   <trkpt lat="50.7137" lon="4.501670000000001">
    <ele>62.51000000000001</ele>
   </trkpt>
   <trkpt lat="50.713460000000005" lon="4.501270000000001">
    <ele>62.28</ele>
   </trkpt>
   <trkpt lat="50.7130400009524" lon="4.500789995661438">
    <ele>62.040000000000006</ele>
   </trkpt>
   <trkpt lat="50.71262" lon="4.500310000000001">
    <ele>61.58</ele>
   </trkpt>
   <trkpt lat="50.712430000000005" lon="4.50016">
    <ele>61.58</ele>
   </trkpt>
   <trkpt lat="50.71209" lon="4.49995">
    <ele>61.790000000000006</ele>
   </trkpt>
   <trkpt lat="50.711960000000005" lon="4.49992">
    <ele>61.93000000000001</ele>
   </trkpt>
   <trkpt lat="50.711960000000005" lon="4.49979">
    <ele>62.17</ele>
   </trkpt>
   <trkpt lat="50.71190000000001" lon="4.49971">
    <ele>62.17</ele>
   </trkpt>
   <trkpt lat="50.711870000000005" lon="4.49969">
    <ele>62.17</ele>
   </trkpt>
   <trkpt lat="50.71181000000001" lon="4.49971">
    <ele>62.13</ele>
   </trkpt>
   <trkpt lat="50.71177" lon="4.49978">
    <ele>62.13</ele>
   </trkpt>
   <trkpt lat="50.711760000000005" lon="4.499820000000001">
    <ele>62.13</ele>
   </trkpt>
   <trkpt lat="50.71146" lon="4.49964">
    <ele>62.02</ele>
   </trkpt>
   <trkpt lat="50.71116000000001" lon="4.49941">
    <ele>62.220000000000006</ele>
   </trkpt>
   <trkpt lat="50.71032" lon="4.49896">
    <ele>64.25</ele>
   </trkpt>
   <trkpt lat="50.70962" lon="4.49843">
    <ele>65.86</ele>
   </trkpt>
   <trkpt lat="50.709063334552404" lon="4.498049990964734">
    <ele>66.23</ele>
   </trkpt>
   <trkpt lat="50.7085066678696" lon="4.497669990953849">
    <ele>65.97</ele>
   </trkpt>
   <trkpt lat="50.707950000000004" lon="4.4972900000000005">
    <ele>65.77000000000001</ele>
   </trkpt>
   <trkpt lat="50.70767000000001" lon="4.49713">
    <ele>65.77000000000001</ele>
   </trkpt>
   <trkpt lat="50.70743" lon="4.49702">
    <ele>65.74000000000001</ele>
   </trkpt>
   <trkpt lat="50.707280000000004" lon="4.49697">
    <ele>65.74000000000001</ele>
   </trkpt>
   <trkpt lat="50.707040000000006" lon="4.49697">
    <ele>65.39</ele>
   </trkpt>
   <trkpt lat="50.7064" lon="4.497140000000001">
    <ele>64.98</ele>
   </trkpt>
   <trkpt lat="50.70622" lon="4.497170000000001">
    <ele>65.04</ele>
   </trkpt>
   <trkpt lat="50.70546000017477" lon="4.4970799985577665">
    <ele>65.47</ele>
   </trkpt>
   <trkpt lat="50.7047" lon="4.49699">
    <ele>65.53</ele>
   </trkpt>
   <trkpt lat="50.70413000020995" lon="4.496904998993412">
    <ele>64.06</ele>
   </trkpt>
   <trkpt lat="50.70356" lon="4.4968200000000005">
    <ele>62.57</ele>
   </trkpt>
   <trkpt lat="50.70346000000001" lon="4.4968200000000005">
    <ele>62.13</ele>
   </trkpt>
   <trkpt lat="50.70322" lon="4.49694">
    <ele>61.540000000000006</ele>
   </trkpt>
   <trkpt lat="50.70309" lon="4.49706">
    <ele>61.370000000000005</ele>
   </trkpt>
   <trkpt lat="50.703" lon="4.497170000000001">
    <ele>61.230000000000004</ele>
   </trkpt>
   <trkpt lat="50.70268" lon="4.49765">
    <ele>61.51</ele>
   </trkpt>
   <trkpt lat="50.70255" lon="4.497660000000001">
    <ele>61.56</ele>
   </trkpt>
   <trkpt lat="50.702540000000006" lon="4.49781">
    <ele>61.15</ele>
   </trkpt>
   <trkpt lat="50.70228" lon="4.49889">
    <ele>61.11000000000001</ele>
   </trkpt>
   <trkpt lat="50.70223500296192" lon="4.499720000512839">
    <ele>64.2</ele>
   </trkpt>
   <trkpt lat="50.70219" lon="4.5005500000000005">
    <ele>67.43</ele>
   </trkpt>
   <trkpt lat="50.702130000000004" lon="4.50075">
    <ele>68.34</ele>
   </trkpt>
   <trkpt lat="50.702040000000004" lon="4.500920000000001">
    <ele>68.89</ele>
   </trkpt>
   <trkpt lat="50.701650000756715" lon="4.5004649960656335">
    <ele>68.46000000000001</ele>
   </trkpt>
   <trkpt lat="50.701260000000005" lon="4.5000100000000005">
    <ele>66.69</ele>
   </trkpt>
   <trkpt lat="50.700990000000004" lon="4.49976">
    <ele>66.69</ele>
   </trkpt>
   <trkpt lat="50.70054500036887" lon="4.499444996971581">
    <ele>64.35000000000001</ele>
   </trkpt>
   <trkpt lat="50.700100000000006" lon="4.49913">
    <ele>63.33000000000001</ele>
   </trkpt>
   <trkpt lat="50.7" lon="4.49903">
    <ele>63.33000000000001</ele>
   </trkpt>
   <trkpt lat="50.700010000000006" lon="4.49896">
    <ele>63.22</ele>
   </trkpt>
   <trkpt lat="50.69999000000001" lon="4.49887">
    <ele>63.22</ele>
   </trkpt>
   <trkpt lat="50.69993" lon="4.498830000000001">
    <ele>63.06</ele>
   </trkpt>
   <trkpt lat="50.69986" lon="4.498880000000001">
    <ele>63.06</ele>
   </trkpt>
   <trkpt lat="50.69984" lon="4.49896">
    <ele>63.17</ele>
   </trkpt>
   <trkpt lat="50.699850000000005" lon="4.49903">
    <ele>63.17</ele>
   </trkpt>
   <trkpt lat="50.699870000000004" lon="4.49906">
    <ele>63.17</ele>
   </trkpt>
   <trkpt lat="50.69981000000001" lon="4.499160000000001">
    <ele>63.12000000000001</ele>
   </trkpt>
   <trkpt lat="50.6993400004341" lon="4.4994650030331975">
    <ele>63.56</ele>
   </trkpt>
   <trkpt lat="50.69887000000001" lon="4.499770000000001">
    <ele>65.38000000000001</ele>
   </trkpt>
   <trkpt lat="50.69861" lon="4.499890000000001">
    <ele>67.37</ele>
   </trkpt>
   <trkpt lat="50.69823" lon="4.49981">
    <ele>71.27</ele>
   </trkpt>
   <trkpt lat="50.697540000000004" lon="4.49959">
    <ele>75.7</ele>
   </trkpt>
   <trkpt lat="50.697230000000005" lon="4.49959">
    <ele>79.94000000000001</ele>
   </trkpt>
   <trkpt lat="50.69658499980504" lon="4.499620000421812">
    <ele>83.84</ele>
   </trkpt>
   <trkpt lat="50.69594000000001" lon="4.49965">
    <ele>89.97000000000001</ele>
   </trkpt>
   <trkpt lat="50.69529000000001" lon="4.49985">
    <ele>92.87</ele>
   </trkpt>
   <trkpt lat="50.69481999989484" lon="4.500030001897015">
    <ele>96.54</ele>
   </trkpt>
   <trkpt lat="50.69435000000001" lon="4.50021">
    <ele>101.38000000000001</ele>
   </trkpt>
   <trkpt lat="50.693675000866705" lon="4.500650006306575">
    <ele>102.22</ele>
   </trkpt>
   <trkpt lat="50.693000000000005" lon="4.5010900000000005">
    <ele>105.8</ele>
   </trkpt>
   <trkpt lat="50.69274000000001" lon="4.50128">
    <ele>107.44000000000001</ele>
   </trkpt>
   <trkpt lat="50.69252" lon="4.50148">
    <ele>108.35000000000001</ele>
   </trkpt>
   <trkpt lat="50.69189" lon="4.5021">
    <ele>109.04</ele>
   </trkpt>
   <trkpt lat="50.69147" lon="4.50244">
    <ele>108.95</ele>
   </trkpt>
   <trkpt lat="50.69138" lon="4.502490000000001">
    <ele>108.95</ele>
   </trkpt>
   <trkpt lat="50.69127" lon="4.5026">
    <ele>108.95</ele>
   </trkpt>
   <trkpt lat="50.69077500220164" lon="4.503315007523048">
    <ele>109.06</ele>
   </trkpt>
   <trkpt lat="50.69028" lon="4.50403">
    <ele>109.79</ele>
   </trkpt>
   <trkpt lat="50.68994500138798" lon="4.504590003921103">
    <ele>110.30000000000001</ele>
   </trkpt>
   <trkpt lat="50.68961" lon="4.50515">
    <ele>111.00000000000001</ele>
   </trkpt>
   <trkpt lat="50.689040000000006" lon="4.50593">
    <ele>111.56</ele>
   </trkpt>
   <trkpt lat="50.68864000000001" lon="4.5067200000000005">
    <ele>112.09</ele>
   </trkpt>
   <trkpt lat="50.68833000000001" lon="4.507490000000001">
    <ele>112.85000000000001</ele>
   </trkpt>
   <trkpt lat="50.68813" lon="4.50778">
    <ele>112.99000000000001</ele>
   </trkpt>
   <trkpt lat="50.687710001016576" lon="4.508255004194046">
    <ele>113.73</ele>
   </trkpt>
   <trkpt lat="50.687290000000004" lon="4.508730000000001">
    <ele>114.52000000000001</ele>
   </trkpt>
   <trkpt lat="50.68670000159965" lon="4.5093450077527075">
    <ele>116.44000000000001</ele>
   </trkpt>
   <trkpt lat="50.686110000000006" lon="4.50996">
    <ele>118.31000000000002</ele>
   </trkpt>
   <trkpt lat="50.68560000115412" lon="4.510465005426542">
    <ele>119.18</ele>
   </trkpt>
   <trkpt lat="50.68509" lon="4.51097">
    <ele>120.56000000000002</ele>
   </trkpt>
   <trkpt lat="50.68457000276215" lon="4.5115333457682905">
    <ele>122.41</ele>
   </trkpt>
   <trkpt lat="50.684050002809194" lon="4.512096679050461">
    <ele>126.60000000000001</ele>
   </trkpt>
   <trkpt lat="50.683530000000005" lon="4.51266">
    <ele>128.27</ele>
   </trkpt>
   <trkpt lat="50.68309000089635" lon="4.5131200043225626">
    <ele>129.81</ele>
   </trkpt>
   <trkpt lat="50.68265" lon="4.51358">
    <ele>126.51</ele>
   </trkpt>
   <trkpt lat="50.68206000000001" lon="4.51436">
    <ele>123.24000000000001</ele>
   </trkpt>
   <trkpt lat="50.68188000000001" lon="4.51463">
    <ele>122.99000000000001</ele>
   </trkpt>
   <trkpt lat="50.68169500427258" lon="4.515630003970484">
    <ele>122.31000000000002</ele>
   </trkpt>
   <trkpt lat="50.68151" lon="4.51663">
    <ele>121.8</ele>
   </trkpt>
   <trkpt lat="50.68135500456474" lon="4.517660003226466">
    <ele>123.52</ele>
   </trkpt>
   <trkpt lat="50.681200000000004" lon="4.51869">
    <ele>125.19000000000003</ele>
   </trkpt>
   <trkpt lat="50.681020004298986" lon="4.5196900037181855">
    <ele>125.16000000000003</ele>
   </trkpt>
   <trkpt lat="50.68084" lon="4.52069">
    <ele>124.06</ele>
   </trkpt>
   <trkpt lat="50.68063000465785" lon="4.521735004744176">
    <ele>122.12</ele>
   </trkpt>
   <trkpt lat="50.680420000000005" lon="4.52278">
    <ele>122.82000000000001</ele>
   </trkpt>
   <trkpt lat="50.680290003070155" lon="4.523625002238903">
    <ele>123.65</ele>
   </trkpt>
   <trkpt lat="50.68016" lon="4.52447">
    <ele>123.3</ele>
   </trkpt>
   <trkpt lat="50.67992" lon="4.525670000000001">
    <ele>121.69</ele>
   </trkpt>
   <trkpt lat="50.67980000294651" lon="4.526500002125838">
    <ele>122.01</ele>
   </trkpt>
   <trkpt lat="50.679680000000005" lon="4.52733">
    <ele>121.34</ele>
   </trkpt>
   <trkpt lat="50.679473345516" lon="4.5285233438496455">
    <ele>118.82000000000001</ele>
   </trkpt>
   <trkpt lat="50.67926667884818" lon="4.529716677189415">
    <ele>115.27000000000001</ele>
   </trkpt>
   <trkpt lat="50.67906000000001" lon="4.53091">
    <ele>113.01</ele>
   </trkpt>
   <trkpt lat="50.67891" lon="4.53193">
    <ele>109.75000000000001</ele>
   </trkpt>
   <trkpt lat="50.678820002322084" lon="4.532670001587558">
    <ele>107.19000000000001</ele>
   </trkpt>
   <trkpt lat="50.67873" lon="4.53341">
    <ele>104.29</ele>
   </trkpt>
   <trkpt lat="50.67873" lon="4.533650000000001">
    <ele>103.76</ele>
   </trkpt>
   <trkpt lat="50.67875" lon="4.533880000000001">
    <ele>103.45000000000002</ele>
   </trkpt>
   <trkpt lat="50.67886000000001" lon="4.53427">
    <ele>102.52000000000001</ele>
   </trkpt>
   <trkpt lat="50.679140000000004" lon="4.5349">
    <ele>100.06</ele>
   </trkpt>
   <trkpt lat="50.679230000000004" lon="4.5353200000000005">
    <ele>98.80000000000001</ele>
   </trkpt>
   <trkpt lat="50.67934" lon="4.53601">
    <ele>98.58000000000001</ele>
   </trkpt>
   <trkpt lat="50.67942000000001" lon="4.53601">
    <ele>98.56</ele>
   </trkpt>
   <trkpt lat="50.67942000000001" lon="4.5362">
    <ele>97.77000000000001</ele>
   </trkpt>
   <trkpt lat="50.679460000000006" lon="4.536560000000001">
    <ele>95.92</ele>
   </trkpt>
   <trkpt lat="50.67954" lon="4.536700000000001">
    <ele>95.39</ele>
   </trkpt>
   <trkpt lat="50.6796" lon="4.53701">
    <ele>94.95</ele>
   </trkpt>
   <trkpt lat="50.679610000000004" lon="4.53751">
    <ele>94.39</ele>
   </trkpt>
   <trkpt lat="50.6796" lon="4.538150000000001">
    <ele>92.78</ele>
   </trkpt>
   <trkpt lat="50.679610000000004" lon="4.53831">
    <ele>92.78</ele>
   </trkpt>
   <trkpt lat="50.67980000000001" lon="4.53875">
    <ele>91.87</ele>
   </trkpt>
   <trkpt lat="50.680020000000006" lon="4.53945">
    <ele>89.09</ele>
   </trkpt>
   <trkpt lat="50.680240000000005" lon="4.540050000000001">
    <ele>85.83</ele>
   </trkpt>
   <trkpt lat="50.68057" lon="4.5408800000000005">
    <ele>81.55000000000001</ele>
   </trkpt>
   <trkpt lat="50.68079000208979" lon="4.541574996816073">
    <ele>78.06</ele>
   </trkpt>
   <trkpt lat="50.68101000000001" lon="4.54227">
    <ele>75.69000000000001</ele>
   </trkpt>
   <trkpt lat="50.681090000000005" lon="4.542680000000001">
    <ele>74.73</ele>
   </trkpt>
   <trkpt lat="50.68124500560037" lon="4.543824996159396">
    <ele>73.08</ele>
   </trkpt>
   <trkpt lat="50.681400000000004" lon="4.54497">
    <ele>72.47</ele>
   </trkpt>
   <trkpt lat="50.681450000000005" lon="4.54598">
    <ele>72.14000000000001</ele>
   </trkpt>
   <trkpt lat="50.681490000000004" lon="4.5461800000000006">
    <ele>72.15</ele>
   </trkpt>
   <trkpt lat="50.68155" lon="4.54638">
    <ele>72.22</ele>
   </trkpt>
   <trkpt lat="50.681630000000006" lon="4.54622">
    <ele>72.73</ele>
   </trkpt>
   <trkpt lat="50.68173" lon="4.5459000000000005">
    <ele>73.79</ele>
   </trkpt>
   <trkpt lat="50.68215000000001" lon="4.54488">
    <ele>79.33000000000001</ele>
   </trkpt>
   <trkpt lat="50.682300000000005" lon="4.5444700000000005">
    <ele>82.69000000000001</ele>
   </trkpt>
   <trkpt lat="50.68247" lon="4.5438">
    <ele>89.29</ele>
   </trkpt>
   <trkpt lat="50.682570000000005" lon="4.543480000000001">
    <ele>91.44000000000001</ele>
   </trkpt>
   <trkpt lat="50.68269" lon="4.54323">
    <ele>92.54</ele>
   </trkpt>
   <trkpt lat="50.68303" lon="4.5427100000000005">
    <ele>92.77000000000001</ele>
   </trkpt>
   <trkpt lat="50.68312" lon="4.54243">
    <ele>93.05000000000001</ele>
   </trkpt>
   <trkpt lat="50.68309000000001" lon="4.542120000000001">
    <ele>93.64</ele>
   </trkpt>
   <trkpt lat="50.68296" lon="4.541670000000001">
    <ele>94.46</ele>
   </trkpt>
   <trkpt lat="50.68291000000001" lon="4.5414200000000005">
    <ele>95.59</ele>
   </trkpt>
   <trkpt lat="50.68291000000001" lon="4.54124">
    <ele>97.4</ele>
   </trkpt>
   <trkpt lat="50.68305" lon="4.54023">
    <ele>103.06000000000002</ele>
   </trkpt>
   <trkpt lat="50.68324500400421" lon="4.53926000413408">
    <ele>108.50000000000001</ele>
   </trkpt>
   <trkpt lat="50.683440000000004" lon="4.53829">
    <ele>109.07000000000001</ele>
   </trkpt>
   <trkpt lat="50.68352" lon="4.5380400000000005">
    <ele>109.19000000000001</ele>
   </trkpt>
   <trkpt lat="50.683640000000004" lon="4.5385100000000005">
    <ele>108.82000000000001</ele>
   </trkpt>
   <trkpt lat="50.68385000223116" lon="4.539229996824279">
    <ele>108.15</ele>
   </trkpt>
   <trkpt lat="50.68406" lon="4.53995">
    <ele>106.98</ele>
   </trkpt>
   <trkpt lat="50.684430000000006" lon="4.54084">
    <ele>106.22000000000001</ele>
   </trkpt>
   <trkpt lat="50.6846" lon="4.5415">
    <ele>105.83</ele>
   </trkpt>
   <trkpt lat="50.68468000000001" lon="4.54204">
    <ele>105.03000000000002</ele>
   </trkpt>
   <trkpt lat="50.684520000000006" lon="4.54284">
    <ele>103.60000000000001</ele>
   </trkpt>
   <trkpt lat="50.684450000000005" lon="4.5433">
    <ele>102.15</ele>
   </trkpt>
   <trkpt lat="50.68441000000001" lon="4.5438">
    <ele>101.84000000000002</ele>
   </trkpt>
   <trkpt lat="50.68430000000001" lon="4.544700000000001">
    <ele>100.84000000000002</ele>
   </trkpt>
   <trkpt lat="50.68421500530956" lon="4.5458150021327075">
    <ele>99.42</ele>
   </trkpt>
   <trkpt lat="50.68413" lon="4.546930000000001">
    <ele>98.29</ele>
   </trkpt>
   <trkpt lat="50.684090000000005" lon="4.547820000000001">
    <ele>97.10000000000001</ele>
   </trkpt>
   <trkpt lat="50.68386" lon="4.54872">
    <ele>96.33000000000001</ele>
   </trkpt>
   <trkpt lat="50.68386" lon="4.5490200000000005">
    <ele>95.64</ele>
   </trkpt>
   <trkpt lat="50.68394000000001" lon="4.54968">
    <ele>95.39</ele>
   </trkpt>
   <trkpt lat="50.68404" lon="4.54997">
    <ele>95.44000000000001</ele>
   </trkpt>
   <trkpt lat="50.68408" lon="4.550140000000001">
    <ele>95.54</ele>
   </trkpt>
   <trkpt lat="50.684110000000004" lon="4.55051">
    <ele>95.66000000000001</ele>
   </trkpt>
   <trkpt lat="50.6841" lon="4.550800000000001">
    <ele>95.66000000000001</ele>
   </trkpt>
   <trkpt lat="50.68397" lon="4.551130000000001">
    <ele>95.29</ele>
   </trkpt>
   <trkpt lat="50.683890000000005" lon="4.55144">
    <ele>95.23</ele>
   </trkpt>
   <trkpt lat="50.683945002208716" lon="4.552154999445684">
    <ele>96.12</ele>
   </trkpt>
   <trkpt lat="50.684000000000005" lon="4.55287">
    <ele>96.95</ele>
   </trkpt>
   <trkpt lat="50.684050000000006" lon="4.553400000000001">
    <ele>98.63000000000001</ele>
   </trkpt>
   <trkpt lat="50.684140000000006" lon="4.554080000000001">
    <ele>99.2</ele>
   </trkpt>
   <trkpt lat="50.684250000000006" lon="4.55464">
    <ele>99.29</ele>
   </trkpt>
   <trkpt lat="50.684360000000005" lon="4.55508">
    <ele>99.0</ele>
   </trkpt>
   <trkpt lat="50.684450000000005" lon="4.5552600000000005">
    <ele>99.0</ele>
   </trkpt>
   <trkpt lat="50.68451" lon="4.55532">
    <ele>99.0</ele>
   </trkpt>
   <trkpt lat="50.68491" lon="4.555560000000001">
    <ele>98.73</ele>
   </trkpt>
   <trkpt lat="50.684990000000006" lon="4.5556600000000005">
    <ele>98.49000000000001</ele>
   </trkpt>
   <trkpt lat="50.6854" lon="4.556500000000001">
    <ele>95.96000000000001</ele>
   </trkpt>
   <trkpt lat="50.685610000000004" lon="4.55686">
    <ele>94.89</ele>
   </trkpt>
   <trkpt lat="50.68565" lon="4.55689">
    <ele>94.84</ele>
   </trkpt>
   <trkpt lat="50.68572" lon="4.556900000000001">
    <ele>94.84</ele>
   </trkpt>
   <trkpt lat="50.68573000000001" lon="4.5570200000000005">
    <ele>93.82000000000001</ele>
   </trkpt>
   <trkpt lat="50.685770000000005" lon="4.55714">
    <ele>93.82000000000001</ele>
   </trkpt>
   <trkpt lat="50.685970000000005" lon="4.55762">
    <ele>91.41</ele>
   </trkpt>
   <trkpt lat="50.68600000000001" lon="4.557860000000001">
    <ele>90.10000000000001</ele>
   </trkpt>
   <trkpt lat="50.685700000000004" lon="4.55883">
    <ele>81.91000000000001</ele>
   </trkpt>
   <trkpt lat="50.6854250074481" lon="4.560150007762146">
    <ele>75.7</ele>
   </trkpt>
   <trkpt lat="50.68515000000001" lon="4.561470000000001">
    <ele>68.5</ele>
   </trkpt>
   <trkpt lat="50.684805006964744" lon="4.56275000957411">
    <ele>63.94000000000001</ele>
   </trkpt>
   <trkpt lat="50.68446" lon="4.564030000000001">
    <ele>60.02</ele>
   </trkpt>
   <trkpt lat="50.684340000000006" lon="4.564590000000001">
    <ele>59.18</ele>
   </trkpt>
   <trkpt lat="50.684270000000005" lon="4.56507">
    <ele>58.18</ele>
   </trkpt>
   <trkpt lat="50.68423000000001" lon="4.565720000000001">
    <ele>57.160000000000004</ele>
   </trkpt>
   <trkpt lat="50.684250000000006" lon="4.56639">
    <ele>56.63</ele>
   </trkpt>
   <trkpt lat="50.68437" lon="4.56766">
    <ele>55.24</ele>
   </trkpt>
   <trkpt lat="50.684450000000005" lon="4.56827">
    <ele>54.900000000000006</ele>
   </trkpt>
   <trkpt lat="50.684470000000005" lon="4.56859">
    <ele>54.660000000000004</ele>
   </trkpt>
   <trkpt lat="50.68428" lon="4.5688">
    <ele>54.400000000000006</ele>
   </trkpt>
   <trkpt lat="50.684160000000006" lon="4.56895">
    <ele>54.2</ele>
   </trkpt>
   <trkpt lat="50.684200000000004" lon="4.569">
    <ele>54.2</ele>
   </trkpt>
   <trkpt lat="50.68423000000001" lon="4.5690800000000005">
    <ele>54.2</ele>
   </trkpt>
   <trkpt lat="50.684430000000006" lon="4.57015">
    <ele>53.92</ele>
   </trkpt>
   <trkpt lat="50.684610000000006" lon="4.571350000000001">
    <ele>54.31</ele>
   </trkpt>
   <trkpt lat="50.684630000000006" lon="4.57134">
    <ele>53.94</ele>
   </trkpt>
   <trkpt lat="50.68474500199886" lon="4.572029998082272">
    <ele>53.42</ele>
   </trkpt>
   <trkpt lat="50.68486000000001" lon="4.57272">
    <ele>52.95</ele>
   </trkpt>
   <trkpt lat="50.685005002717105" lon="4.573514997617216">
    <ele>52.730000000000004</ele>
   </trkpt>
   <trkpt lat="50.68515000000001" lon="4.5743100000000005">
    <ele>52.50000000000001</ele>
   </trkpt>
   <trkpt lat="50.685210000000005" lon="4.574450000000001">
    <ele>52.50000000000001</ele>
   </trkpt>
   <trkpt lat="50.68532500227896" lon="4.575184997994384">
    <ele>52.27</ele>
   </trkpt>
   <trkpt lat="50.68544000000001" lon="4.57592">
    <ele>52.77</ele>
   </trkpt>
   <trkpt lat="50.68562000000001" lon="4.5769400000000005">
    <ele>53.74</ele>
   </trkpt>
   <trkpt lat="50.68569" lon="4.57742">
    <ele>55.290000000000006</ele>
   </trkpt>
   <trkpt lat="50.68569" lon="4.57751">
    <ele>55.970000000000006</ele>
   </trkpt>
   <trkpt lat="50.68565" lon="4.5776900000000005">
    <ele>57.150000000000006</ele>
   </trkpt>
   <trkpt lat="50.685480000000005" lon="4.57803">
    <ele>59.830000000000005</ele>
   </trkpt>
   <trkpt lat="50.68524000000001" lon="4.57868">
    <ele>64.23</ele>
   </trkpt>
   <trkpt lat="50.684810000000006" lon="4.57924">
    <ele>70.05</ele>
   </trkpt>
   <trkpt lat="50.68457" lon="4.579630000000001">
    <ele>72.11</ele>
   </trkpt>
   <trkpt lat="50.684160000000006" lon="4.580500000000001">
    <ele>82.10000000000001</ele>
   </trkpt>
   <trkpt lat="50.6841" lon="4.58066">
    <ele>82.10000000000001</ele>
   </trkpt>
   <trkpt lat="50.684020000000004" lon="4.58096">
    <ele>82.10000000000001</ele>
   </trkpt>
   <trkpt lat="50.68399" lon="4.581320000000001">
    <ele>91.89000000000001</ele>
   </trkpt>
   <trkpt lat="50.68403000000001" lon="4.5817000000000005">
    <ele>91.89000000000001</ele>
   </trkpt>
   <trkpt lat="50.68403000000001" lon="4.58171">
    <ele>91.89000000000001</ele>
   </trkpt>
   <trkpt lat="50.684160000000006" lon="4.58216">
    <ele>94.67</ele>
   </trkpt>
   <trkpt lat="50.684470000000005" lon="4.5830400000000004">
    <ele>102.47</ele>
   </trkpt>
   <trkpt lat="50.684580000000004" lon="4.583620000000001">
    <ele>103.41</ele>
   </trkpt>
   <trkpt lat="50.68461000320962" lon="4.58448499970501">
    <ele>104.0</ele>
   </trkpt>
   <trkpt lat="50.68464" lon="4.58535">
    <ele>104.96000000000001</ele>
   </trkpt>
   <trkpt lat="50.68484" lon="4.58521">
    <ele>105.05</ele>
   </trkpt>
   <trkpt lat="50.68542000000001" lon="4.5859700000000005">
    <ele>104.0</ele>
   </trkpt>
   <trkpt lat="50.68594" lon="4.58609">
    <ele>100.08</ele>
   </trkpt>
   <trkpt lat="50.68642000043201" lon="4.5864199966006876">
    <ele>96.89</ele>
   </trkpt>
   <trkpt lat="50.6869" lon="4.58675">
    <ele>93.14000000000001</ele>
   </trkpt>
   <trkpt lat="50.68722" lon="4.586880000000001">
    <ele>91.21000000000001</ele>
   </trkpt>
   <trkpt lat="50.68764" lon="4.58708">
    <ele>89.39000000000001</ele>
   </trkpt>
   <trkpt lat="50.68777000000001" lon="4.58717">
    <ele>88.41</ele>
   </trkpt>
   <trkpt lat="50.688260001189235" lon="4.587694994527699">
    <ele>84.64</ele>
   </trkpt>
   <trkpt lat="50.688750000000006" lon="4.588220000000001">
    <ele>80.36</ele>
   </trkpt>
   <trkpt lat="50.68919" lon="4.58865">
    <ele>76.09</ele>
   </trkpt>
   <trkpt lat="50.68925" lon="4.58866">
    <ele>75.52</ele>
   </trkpt>
   <trkpt lat="50.68961" lon="4.58898">
    <ele>74.3</ele>
   </trkpt>
   <trkpt lat="50.689780000000006" lon="4.5892100000000005">
    <ele>74.02</ele>
   </trkpt>
   <trkpt lat="50.68997" lon="4.588620000000001">
    <ele>72.47</ele>
   </trkpt>
   <trkpt lat="50.69013" lon="4.58821">
    <ele>70.86</ele>
   </trkpt>
   <trkpt lat="50.690500001734435" lon="4.587560005254539">
    <ele>68.74000000000001</ele>
   </trkpt>
   <trkpt lat="50.690870000000004" lon="4.5869100000000005">
    <ele>67.0</ele>
   </trkpt>
   <trkpt lat="50.690920000000006" lon="4.586950000000001">
    <ele>67.51</ele>
   </trkpt>
   <trkpt lat="50.69104" lon="4.58694">
    <ele>69.56</ele>
   </trkpt>
   <trkpt lat="50.691100000000006" lon="4.5869800000000005">
    <ele>71.52</ele>
   </trkpt>
   <trkpt lat="50.69122" lon="4.58741">
    <ele>79.75</ele>
   </trkpt>
   <trkpt lat="50.69138" lon="4.587700000000001">
    <ele>84.58</ele>
   </trkpt>
   <trkpt lat="50.691750000000006" lon="4.588550000000001">
    <ele>91.59</ele>
   </trkpt>
   <trkpt lat="50.692260000000005" lon="4.58957">
    <ele>97.49000000000001</ele>
   </trkpt>
   <trkpt lat="50.69232" lon="4.58973">
    <ele>97.58000000000001</ele>
   </trkpt>
   <trkpt lat="50.69236" lon="4.5899">
    <ele>97.4</ele>
   </trkpt>
   <trkpt lat="50.69236" lon="4.589910000000001">
    <ele>97.4</ele>
   </trkpt>
   <trkpt lat="50.6918" lon="4.590730000000001">
    <ele>102.64</ele>
   </trkpt>
   <trkpt lat="50.691680000000005" lon="4.591010000000001">
    <ele>102.64</ele>
   </trkpt>
   <trkpt lat="50.69144000000001" lon="4.59217">
    <ele>105.87</ele>
   </trkpt>
   <trkpt lat="50.6912" lon="4.593170000000001">
    <ele>106.00000000000001</ele>
   </trkpt>
   <trkpt lat="50.69107" lon="4.593500000000001">
    <ele>106.12</ele>
   </trkpt>
   <trkpt lat="50.690670001689554" lon="4.594140005557082">
    <ele>106.83000000000001</ele>
   </trkpt>
   <trkpt lat="50.690270000000005" lon="4.59478">
    <ele>107.77</ele>
   </trkpt>
   <trkpt lat="50.69001" lon="4.595160000000001">
    <ele>108.88</ele>
   </trkpt>
   <trkpt lat="50.689650001345115" lon="4.595745004682144">
    <ele>110.57000000000001</ele>
   </trkpt>
   <trkpt lat="50.68929000000001" lon="4.59633">
    <ele>112.41000000000001</ele>
   </trkpt>
   <trkpt lat="50.68878" lon="4.59691">
    <ele>114.80000000000001</ele>
   </trkpt>
   <trkpt lat="50.688520000000004" lon="4.59715">
    <ele>115.18</ele>
   </trkpt>
   <trkpt lat="50.68802" lon="4.5975">
    <ele>116.33</ele>
   </trkpt>
   <trkpt lat="50.6875150009264" lon="4.597970005076185">
    <ele>117.16000000000001</ele>
   </trkpt>
   <trkpt lat="50.68701" lon="4.59844">
    <ele>118.70000000000002</ele>
   </trkpt>
   <trkpt lat="50.686510002641434" lon="4.599225008357022">
    <ele>120.12</ele>
   </trkpt>
   <trkpt lat="50.68601" lon="4.60001">
    <ele>120.91</ele>
   </trkpt>
   <trkpt lat="50.685485001887876" lon="4.6007000079160045">
    <ele>122.28000000000002</ele>
   </trkpt>
   <trkpt lat="50.684960000000004" lon="4.60139">
    <ele>124.22000000000001</ele>
   </trkpt>
   <trkpt lat="50.68462" lon="4.6017600000000005">
    <ele>124.63</ele>
   </trkpt>
   <trkpt lat="50.68446" lon="4.60195">
    <ele>125.18</ele>
   </trkpt>
   <trkpt lat="50.68482" lon="4.603070000000001">
    <ele>125.77000000000002</ele>
   </trkpt>
   <trkpt lat="50.68495" lon="4.6035900000000005">
    <ele>126.22</ele>
   </trkpt>
   <trkpt lat="50.685085002608304" lon="4.604364997994173">
    <ele>127.16000000000003</ele>
   </trkpt>
   <trkpt lat="50.68522" lon="4.6051400000000005">
    <ele>128.25</ele>
   </trkpt>
   <trkpt lat="50.68533000000001" lon="4.605930000000001">
    <ele>130.20000000000002</ele>
   </trkpt>
   <trkpt lat="50.6854" lon="4.606280000000001">
    <ele>130.41</ele>
   </trkpt>
   <trkpt lat="50.68547" lon="4.606470000000001">
    <ele>130.26000000000002</ele>
   </trkpt>
   <trkpt lat="50.685680000000005" lon="4.60726">
    <ele>132.55</ele>
   </trkpt>
   <trkpt lat="50.685880000000004" lon="4.6081900000000005">
    <ele>134.12</ele>
   </trkpt>
   <trkpt lat="50.686046675816925" lon="4.60922332608567">
    <ele>133.03</ele>
   </trkpt>
   <trkpt lat="50.68621334249873" lon="4.610256659512715">
    <ele>130.56</ele>
   </trkpt>
   <trkpt lat="50.68638000000001" lon="4.61129">
    <ele>129.71</ele>
   </trkpt>
   <trkpt lat="50.686590003498296" lon="4.61219499592696">
    <ele>129.49</ele>
   </trkpt>
   <trkpt lat="50.686800000000005" lon="4.6131">
    <ele>130.51000000000002</ele>
   </trkpt>
   <trkpt lat="50.686890000000005" lon="4.613250000000001">
    <ele>130.11</ele>
   </trkpt>
   <trkpt lat="50.68701" lon="4.61338">
    <ele>130.11</ele>
   </trkpt>
   <trkpt lat="50.68777000000001" lon="4.61381">
    <ele>129.32000000000002</ele>
   </trkpt>
   <trkpt lat="50.688410000000005" lon="4.6141000000000005">
    <ele>128.75</ele>
   </trkpt>
   <trkpt lat="50.688750000000006" lon="4.614330000000001">
    <ele>127.54</ele>
   </trkpt>
   <trkpt lat="50.68903" lon="4.61455">
    <ele>127.23</ele>
   </trkpt>
   <trkpt lat="50.689240000000005" lon="4.6147800000000005">
    <ele>126.59</ele>
   </trkpt>
   <trkpt lat="50.689440000000005" lon="4.6151">
    <ele>126.09</ele>
   </trkpt>
   <trkpt lat="50.689620000000005" lon="4.61544">
    <ele>125.83</ele>
   </trkpt>
   <trkpt lat="50.6897" lon="4.615550000000001">
    <ele>125.74000000000001</ele>
   </trkpt>
   <trkpt lat="50.69012000000001" lon="4.61554">
    <ele>124.92000000000002</ele>
   </trkpt>
   <trkpt lat="50.690180000000005" lon="4.6156500000000005">
    <ele>124.86000000000001</ele>
   </trkpt>
   <trkpt lat="50.69028" lon="4.615620000000001">
    <ele>124.67000000000002</ele>
   </trkpt>
   <trkpt lat="50.690200000000004" lon="4.61564">
    <ele>124.99</ele>
   </trkpt>
   <trkpt lat="50.69014000000001" lon="4.61568">
    <ele>125.28</ele>
   </trkpt>
   <trkpt lat="50.69013" lon="4.615830000000001">
    <ele>125.28</ele>
   </trkpt>
   <trkpt lat="50.69013" lon="4.61584">
    <ele>125.28</ele>
   </trkpt>
   <trkpt lat="50.69006" lon="4.61601">
    <ele>123.04</ele>
   </trkpt>
   <trkpt lat="50.69001" lon="4.61613">
    <ele>125.58</ele>
   </trkpt>
   <trkpt lat="50.69001" lon="4.61622">
    <ele>125.58</ele>
   </trkpt>
   <trkpt lat="50.69006" lon="4.6164700000000005">
    <ele>123.84</ele>
   </trkpt>
   <trkpt lat="50.69005000000001" lon="4.61671">
    <ele>125.11</ele>
   </trkpt>
   <trkpt lat="50.69004" lon="4.61669">
    <ele>125.11</ele>
   </trkpt>
   <trkpt lat="50.690020000000004" lon="4.61671">
    <ele>125.11</ele>
   </trkpt>
   <trkpt lat="50.68983" lon="4.61652">
    <ele>124.85000000000001</ele>
   </trkpt>
   <trkpt lat="50.68927000000001" lon="4.6162">
    <ele>121.13000000000001</ele>
   </trkpt>
   <trkpt lat="50.68905" lon="4.61611">
    <ele>119.79</ele>
   </trkpt>
   <trkpt lat="50.68901" lon="4.6161200000000004">
    <ele>119.79</ele>
   </trkpt>
   <trkpt lat="50.68894" lon="4.61618">
    <ele>119.55</ele>
   </trkpt>
   <trkpt lat="50.68898" lon="4.61625">
    <ele>119.55</ele>
   </trkpt>
   <trkpt lat="50.68905" lon="4.6170800000000005">
    <ele>114.83000000000001</ele>
   </trkpt>
   <trkpt lat="50.68911001067011" lon="4.618196663854089">
    <ele>111.28</ele>
   </trkpt>
   <trkpt lat="50.68917001067249" lon="4.619313330564703">
    <ele>107.53000000000002</ele>
   </trkpt>
   <trkpt lat="50.68923" lon="4.620430000000001">
    <ele>105.47000000000001</ele>
   </trkpt>
   <trkpt lat="50.68919" lon="4.620830000000001">
    <ele>104.36</ele>
   </trkpt>
   <trkpt lat="50.689060000000005" lon="4.62112">
    <ele>103.62</ele>
   </trkpt>
   <trkpt lat="50.68896" lon="4.62126">
    <ele>103.24000000000001</ele>
   </trkpt>
   <trkpt lat="50.688700000000004" lon="4.621440000000001">
    <ele>102.67000000000002</ele>
   </trkpt>
   <trkpt lat="50.68896500751694" lon="4.622764992551256">
    <ele>99.55000000000001</ele>
   </trkpt>
   <trkpt lat="50.68923" lon="4.624090000000001">
    <ele>96.92</ele>
   </trkpt>
   <trkpt lat="50.6893" lon="4.62448">
    <ele>96.92</ele>
   </trkpt>
   <trkpt lat="50.68929000000001" lon="4.624680000000001">
    <ele>96.92</ele>
   </trkpt>
   <trkpt lat="50.68934" lon="4.62474">
    <ele>96.62</ele>
   </trkpt>
   <trkpt lat="50.689370000000004" lon="4.62481">
    <ele>96.62</ele>
   </trkpt>
   <trkpt lat="50.68936" lon="4.62492">
    <ele>96.62</ele>
   </trkpt>
   <trkpt lat="50.6895" lon="4.625190000000001">
    <ele>96.36</ele>
   </trkpt>
   <trkpt lat="50.68968" lon="4.625640000000001">
    <ele>95.37</ele>
   </trkpt>
   <trkpt lat="50.689750000000004" lon="4.62586">
    <ele>94.88000000000001</ele>
   </trkpt>
   <trkpt lat="50.689780000000006" lon="4.626130000000001">
    <ele>94.88000000000001</ele>
   </trkpt>
   <trkpt lat="50.68977" lon="4.626580000000001">
    <ele>93.73</ele>
   </trkpt>
   <trkpt lat="50.689620000000005" lon="4.62751">
    <ele>93.04</ele>
   </trkpt>
   <trkpt lat="50.68961" lon="4.6278500000000005">
    <ele>93.04</ele>
   </trkpt>
   <trkpt lat="50.689703344903094" lon="4.629013328601817">
    <ele>92.30000000000001</ele>
   </trkpt>
   <trkpt lat="50.68979667822823" lon="4.630176661832786">
    <ele>91.81</ele>
   </trkpt>
   <trkpt lat="50.689890000000005" lon="4.631340000000001">
    <ele>91.37</ele>
   </trkpt>
   <trkpt lat="50.69012000000001" lon="4.632560000000001">
    <ele>90.60000000000001</ele>
   </trkpt>
   <trkpt lat="50.69014000000001" lon="4.63283">
    <ele>90.19</ele>
   </trkpt>
   <trkpt lat="50.69008" lon="4.6332">
    <ele>89.84</ele>
   </trkpt>
   <trkpt lat="50.68992" lon="4.63361">
    <ele>89.83</ele>
   </trkpt>
   <trkpt lat="50.6899" lon="4.63386">
    <ele>90.02</ele>
   </trkpt>
   <trkpt lat="50.689930000000004" lon="4.633970000000001">
    <ele>90.02</ele>
   </trkpt>
   <trkpt lat="50.690160000000006" lon="4.63429">
    <ele>90.4</ele>
   </trkpt>
   <trkpt lat="50.69023000000001" lon="4.634440000000001">
    <ele>90.4</ele>
   </trkpt>
   <trkpt lat="50.690340000000006" lon="4.634480000000001">
    <ele>90.4</ele>
   </trkpt>
   <trkpt lat="50.69032000000001" lon="4.6346300000000005">
    <ele>90.46000000000001</ele>
   </trkpt>
   <trkpt lat="50.690340000000006" lon="4.634480000000001">
    <ele>90.4</ele>
   </trkpt>
   <trkpt lat="50.69048" lon="4.63394">
    <ele>89.79</ele>
   </trkpt>
   <trkpt lat="50.690826672509694" lon="4.633113345558994">
    <ele>90.52</ele>
   </trkpt>
   <trkpt lat="50.691173339173154" lon="4.632286678900137">
    <ele>93.82000000000001</ele>
   </trkpt>
   <trkpt lat="50.691520000000004" lon="4.631460000000001">
    <ele>97.72</ele>
   </trkpt>
   <trkpt lat="50.69164000000001" lon="4.63123">
    <ele>98.35000000000001</ele>
   </trkpt>
   <trkpt lat="50.69176" lon="4.63107">
    <ele>99.05000000000001</ele>
   </trkpt>
   <trkpt lat="50.692312505919936" lon="4.630390024044429">
    <ele>99.39</ele>
   </trkpt>
   <trkpt lat="50.69286500788426" lon="4.629710032070838">
    <ele>98.64</ele>
   </trkpt>
   <trkpt lat="50.693417505892775" lon="4.629030024078645">
    <ele>100.10000000000001</ele>
   </trkpt>
   <trkpt lat="50.69397000000001" lon="4.62835">
    <ele>104.12</ele>
   </trkpt>
   <trkpt lat="50.694120000000005" lon="4.628220000000001">
    <ele>105.01</ele>
   </trkpt>
   <trkpt lat="50.69435000000001" lon="4.628100000000001">
    <ele>106.66</ele>
   </trkpt>
   <trkpt lat="50.694480000000006" lon="4.62809">
    <ele>107.42000000000002</ele>
   </trkpt>
   <trkpt lat="50.69462000000001" lon="4.62811">
    <ele>108.12</ele>
   </trkpt>
   <trkpt lat="50.6948" lon="4.62819">
    <ele>109.15</ele>
   </trkpt>
   <trkpt lat="50.695385000917" lon="4.628664994036592">
    <ele>112.59</ele>
   </trkpt>
   <trkpt lat="50.69597" lon="4.6291400000000005">
    <ele>116.27000000000001</ele>
   </trkpt>
   <trkpt lat="50.69621" lon="4.62931">
    <ele>117.54</ele>
   </trkpt>
   <trkpt lat="50.69632000000001" lon="4.62936">
    <ele>117.58</ele>
   </trkpt>
   <trkpt lat="50.69643000000001" lon="4.62915">
    <ele>117.33</ele>
   </trkpt>
   <trkpt lat="50.696650000000005" lon="4.628950000000001">
    <ele>116.77000000000001</ele>
   </trkpt>
   <trkpt lat="50.6968" lon="4.62886">
    <ele>116.28</ele>
   </trkpt>
   <trkpt lat="50.69706000000001" lon="4.628780000000001">
    <ele>114.29</ele>
   </trkpt>
   <trkpt lat="50.697280000000006" lon="4.628690000000001">
    <ele>113.74000000000001</ele>
   </trkpt>
   <trkpt lat="50.69744000000001" lon="4.628550000000001">
    <ele>113.43</ele>
   </trkpt>
   <trkpt lat="50.697630000000004" lon="4.628310000000001">
    <ele>112.85000000000001</ele>
   </trkpt>
   <trkpt lat="50.69816" lon="4.62755">
    <ele>112.56</ele>
   </trkpt>
   <trkpt lat="50.69827" lon="4.62744">
    <ele>112.61000000000001</ele>
   </trkpt>
   <trkpt lat="50.69839" lon="4.62737">
    <ele>112.75</ele>
   </trkpt>
   <trkpt lat="50.69848" lon="4.627350000000001">
    <ele>112.75</ele>
   </trkpt>
   <trkpt lat="50.69859" lon="4.627350000000001">
    <ele>113.21000000000001</ele>
   </trkpt>
   <trkpt lat="50.698690000000006" lon="4.6273800000000005">
    <ele>113.21000000000001</ele>
   </trkpt>
   <trkpt lat="50.698800000000006" lon="4.62746">
    <ele>113.28</ele>
   </trkpt>
   <trkpt lat="50.698890000000006" lon="4.627560000000001">
    <ele>113.37</ele>
   </trkpt>
   <trkpt lat="50.69897" lon="4.62771">
    <ele>113.37</ele>
   </trkpt>
   <trkpt lat="50.69905000000001" lon="4.62797">
    <ele>113.86</ele>
   </trkpt>
   <trkpt lat="50.699290000000005" lon="4.627680000000001">
    <ele>113.17</ele>
   </trkpt>
   <trkpt lat="50.699560000000005" lon="4.62744">
    <ele>112.80000000000001</ele>
   </trkpt>
   <trkpt lat="50.699720000000006" lon="4.62732">
    <ele>112.71000000000001</ele>
   </trkpt>
   <trkpt lat="50.70019500011363" lon="4.627090002384173">
    <ele>113.48</ele>
   </trkpt>
   <trkpt lat="50.70067" lon="4.626860000000001">
    <ele>114.61</ele>
   </trkpt>
   <trkpt lat="50.70140000000001" lon="4.626530000000001">
    <ele>115.73</ele>
   </trkpt>
   <trkpt lat="50.701996666821486" lon="4.6263666708433036">
    <ele>115.34</ele>
   </trkpt>
   <trkpt lat="50.70259333341476" lon="4.626203337530127">
    <ele>114.82000000000001</ele>
   </trkpt>
   <trkpt lat="50.703190000000006" lon="4.626040000000001">
    <ele>114.24000000000001</ele>
   </trkpt>
   <trkpt lat="50.70351" lon="4.6260200000000005">
    <ele>113.83000000000001</ele>
   </trkpt>
   <trkpt lat="50.70376" lon="4.62608">
    <ele>113.49000000000001</ele>
   </trkpt>
   <trkpt lat="50.70437000008881" lon="4.626299997095273">
    <ele>112.46000000000001</ele>
   </trkpt>
   <trkpt lat="50.704980000000006" lon="4.62652">
    <ele>109.16000000000001</ele>
   </trkpt>
   <trkpt lat="50.70524" lon="4.6266300000000005">
    <ele>108.16000000000001</ele>
   </trkpt>
   <trkpt lat="50.705690000283965" lon="4.626904997336521">
    <ele>105.14000000000001</ele>
   </trkpt>
   <trkpt lat="50.706140000000005" lon="4.62718">
    <ele>102.05</ele>
   </trkpt>
   <trkpt lat="50.70619000000001" lon="4.627190000000001">
    <ele>102.13000000000001</ele>
   </trkpt>
   <trkpt lat="50.706250000000004" lon="4.62716">
    <ele>102.31000000000002</ele>
   </trkpt>
   <trkpt lat="50.70644" lon="4.62689">
    <ele>102.9</ele>
   </trkpt>
   <trkpt lat="50.706810000000004" lon="4.6263000000000005">
    <ele>103.56000000000002</ele>
   </trkpt>
   <trkpt lat="50.7074150015295" lon="4.62571000757387">
    <ele>100.39</ele>
   </trkpt>
   <trkpt lat="50.708020000000005" lon="4.625120000000001">
    <ele>98.04</ele>
   </trkpt>
   <trkpt lat="50.708740000000006" lon="4.62455">
    <ele>96.03</ele>
   </trkpt>
   <trkpt lat="50.70949" lon="4.62401">
    <ele>94.26</ele>
   </trkpt>
   <trkpt lat="50.70973000000001" lon="4.62394">
    <ele>92.79</ele>
   </trkpt>
   <trkpt lat="50.70993000000001" lon="4.62394">
    <ele>92.22000000000001</ele>
   </trkpt>
   <trkpt lat="50.71068" lon="4.62427">
    <ele>89.93</ele>
   </trkpt>
   <trkpt lat="50.71078000000001" lon="4.624300000000001">
    <ele>89.93</ele>
   </trkpt>
   <trkpt lat="50.710860000000004" lon="4.624300000000001">
    <ele>89.60000000000001</ele>
   </trkpt>
   <trkpt lat="50.7113" lon="4.624160000000001">
    <ele>88.4</ele>
   </trkpt>
   <trkpt lat="50.71172000000001" lon="4.624070000000001">
    <ele>86.12</ele>
   </trkpt>
   <trkpt lat="50.712480000000006" lon="4.623460000000001">
    <ele>81.01</ele>
   </trkpt>
   <trkpt lat="50.712590000000006" lon="4.623430000000001">
    <ele>81.01</ele>
   </trkpt>
   <trkpt lat="50.712720000000004" lon="4.62345">
    <ele>80.35000000000001</ele>
   </trkpt>
   <trkpt lat="50.713010000000004" lon="4.62354">
    <ele>79.63000000000001</ele>
   </trkpt>
   <trkpt lat="50.71311000000001" lon="4.62354">
    <ele>79.39</ele>
   </trkpt>
   <trkpt lat="50.713300000000004" lon="4.62352">
    <ele>79.16000000000001</ele>
   </trkpt>
   <trkpt lat="50.713820000000005" lon="4.62356">
    <ele>76.97000000000001</ele>
   </trkpt>
   <trkpt lat="50.713930000000005" lon="4.623600000000001">
    <ele>76.97000000000001</ele>
   </trkpt>
   <trkpt lat="50.714670000000005" lon="4.62418">
    <ele>72.73</ele>
   </trkpt>
   <trkpt lat="50.71517000000001" lon="4.62483">
    <ele>69.66</ele>
   </trkpt>
   <trkpt lat="50.71531" lon="4.62497">
    <ele>68.84000000000002</ele>
   </trkpt>
   <trkpt lat="50.71548000000001" lon="4.62504">
    <ele>68.37</ele>
   </trkpt>
   <trkpt lat="50.715610000000005" lon="4.62504">
    <ele>68.37</ele>
   </trkpt>
   <trkpt lat="50.71616" lon="4.624890000000001">
    <ele>64.48</ele>
   </trkpt>
   <trkpt lat="50.716590000000004" lon="4.624890000000001">
    <ele>62.2</ele>
   </trkpt>
   <trkpt lat="50.71696000000001" lon="4.624820000000001">
    <ele>60.50000000000001</ele>
   </trkpt>
   <trkpt lat="50.71746" lon="4.624560000000001">
    <ele>58.260000000000005</ele>
   </trkpt>
   <trkpt lat="50.717580000000005" lon="4.624560000000001">
    <ele>58.28</ele>
   </trkpt>
   <trkpt lat="50.717600000000004" lon="4.624580000000001">
    <ele>58.230000000000004</ele>
   </trkpt>
   <trkpt lat="50.71773" lon="4.62457">
    <ele>57.620000000000005</ele>
   </trkpt>
   <trkpt lat="50.717780000000005" lon="4.6245400000000005">
    <ele>57.620000000000005</ele>
   </trkpt>
   <trkpt lat="50.71784" lon="4.6244700000000005">
    <ele>56.71</ele>
   </trkpt>
   <trkpt lat="50.718030000000006" lon="4.62436">
    <ele>54.8</ele>
   </trkpt>
   <trkpt lat="50.71813" lon="4.62436">
    <ele>54.8</ele>
   </trkpt>
   <trkpt lat="50.71855000000001" lon="4.6245400000000005">
    <ele>51.22</ele>
   </trkpt>
   <trkpt lat="50.718810000000005" lon="4.6246100000000006">
    <ele>49.190000000000005</ele>
   </trkpt>
   <trkpt lat="50.719360000077295" lon="4.62462499982604">
    <ele>46.080000000000005</ele>
   </trkpt>
   <trkpt lat="50.719910000000006" lon="4.62464">
    <ele>45.21000000000001</ele>
   </trkpt>
   <trkpt lat="50.72057" lon="4.6250800000000005">
    <ele>44.95</ele>
   </trkpt>
   <trkpt lat="50.72066" lon="4.625120000000001">
    <ele>44.95</ele>
   </trkpt>
   <trkpt lat="50.720740000000006" lon="4.625100000000001">
    <ele>45.24</ele>
   </trkpt>
   <trkpt lat="50.720780000000005" lon="4.62507">
    <ele>45.24</ele>
   </trkpt>
   <trkpt lat="50.720780000000005" lon="4.62502">
    <ele>45.24</ele>
   </trkpt>
   <trkpt lat="50.720890000000004" lon="4.62483">
    <ele>44.21000000000001</ele>
   </trkpt>
   <trkpt lat="50.72122" lon="4.625030000000001">
    <ele>44.50000000000001</ele>
   </trkpt>
   <trkpt lat="50.72131" lon="4.62472">
    <ele>44.4</ele>
   </trkpt>
   <trkpt lat="50.721410000000006" lon="4.62452">
    <ele>43.95</ele>
   </trkpt>
   <trkpt lat="50.72151" lon="4.62438">
    <ele>43.82000000000001</ele>
   </trkpt>
   <trkpt lat="50.72178" lon="4.624090000000001">
    <ele>43.63</ele>
   </trkpt>
   <trkpt lat="50.72196" lon="4.6238600000000005">
    <ele>43.52</ele>
   </trkpt>
   <trkpt lat="50.72227" lon="4.62354">
    <ele>43.370000000000005</ele>
   </trkpt>
   <trkpt lat="50.722440000000006" lon="4.6234">
    <ele>43.33</ele>
   </trkpt>
   <trkpt lat="50.72276" lon="4.62324">
    <ele>42.97</ele>
   </trkpt>
   <trkpt lat="50.723060000000004" lon="4.623130000000001">
    <ele>42.910000000000004</ele>
   </trkpt>
   <trkpt lat="50.72328" lon="4.62302">
    <ele>42.89</ele>
   </trkpt>
   <trkpt lat="50.72332" lon="4.6229700000000005">
    <ele>42.89</ele>
   </trkpt>
   <trkpt lat="50.723640003575134" lon="4.62205500626393">
    <ele>42.910000000000004</ele>
   </trkpt>
   <trkpt lat="50.723960000000005" lon="4.6211400000000005">
    <ele>43.81</ele>
   </trkpt>
   <trkpt lat="50.72422000259093" lon="4.620360004360906">
    <ele>43.61</ele>
   </trkpt>
   <trkpt lat="50.72448000000001" lon="4.61958">
    <ele>43.72</ele>
   </trkpt>
   <trkpt lat="50.72478" lon="4.618790000000001">
    <ele>43.79</ele>
   </trkpt>
   <trkpt lat="50.72487" lon="4.618480000000001">
    <ele>43.92</ele>
   </trkpt>
   <trkpt lat="50.724920000000004" lon="4.61819">
    <ele>44.22</ele>
   </trkpt>
   <trkpt lat="50.72495000000001" lon="4.617800000000001">
    <ele>44.38</ele>
   </trkpt>
   <trkpt lat="50.725" lon="4.61747">
    <ele>44.65</ele>
   </trkpt>
   <trkpt lat="50.725260000000006" lon="4.616140000000001">
    <ele>46.19</ele>
   </trkpt>
   <trkpt lat="50.72533000000001" lon="4.6160000000000005">
    <ele>46.86000000000001</ele>
   </trkpt>
   <trkpt lat="50.72572" lon="4.6164700000000005">
    <ele>48.540000000000006</ele>
   </trkpt>
   <trkpt lat="50.72583" lon="4.61655">
    <ele>50.050000000000004</ele>
   </trkpt>
   <trkpt lat="50.72594" lon="4.616440000000001">
    <ele>51.480000000000004</ele>
   </trkpt>
   <trkpt lat="50.726040000000005" lon="4.61627">
    <ele>52.47</ele>
   </trkpt>
   <trkpt lat="50.726110000000006" lon="4.61611">
    <ele>52.47</ele>
   </trkpt>
   <trkpt lat="50.726290000000006" lon="4.61554">
    <ele>59.010000000000005</ele>
   </trkpt>
   <trkpt lat="50.726470000000006" lon="4.6150400000000005">
    <ele>63.76000000000001</ele>
   </trkpt>
   <trkpt lat="50.72668" lon="4.614660000000001">
    <ele>68.02000000000001</ele>
   </trkpt>
   <trkpt lat="50.726850000000006" lon="4.614450000000001">
    <ele>70.97</ele>
   </trkpt>
   <trkpt lat="50.72706" lon="4.614310000000001">
    <ele>74.28000000000002</ele>
   </trkpt>
   <trkpt lat="50.72737000000001" lon="4.614260000000001">
    <ele>77.43</ele>
   </trkpt>
   <trkpt lat="50.727720000000005" lon="4.61425">
    <ele>83.02000000000001</ele>
   </trkpt>
   <trkpt lat="50.72789" lon="4.61422">
    <ele>83.02000000000001</ele>
   </trkpt>
   <trkpt lat="50.72811" lon="4.614140000000001">
    <ele>85.92</ele>
   </trkpt>
   <trkpt lat="50.72822000000001" lon="4.61406">
    <ele>87.28000000000002</ele>
   </trkpt>
   <trkpt lat="50.72834" lon="4.6139">
    <ele>89.04</ele>
   </trkpt>
   <trkpt lat="50.728460000000005" lon="4.61364">
    <ele>90.74</ele>
   </trkpt>
   <trkpt lat="50.728500000000004" lon="4.61348">
    <ele>91.97000000000001</ele>
   </trkpt>
   <trkpt lat="50.72854" lon="4.61306">
    <ele>93.50000000000001</ele>
   </trkpt>
   <trkpt lat="50.728590000000004" lon="4.61286">
    <ele>94.95</ele>
   </trkpt>
   <trkpt lat="50.72869000000001" lon="4.6128100000000005">
    <ele>95.76</ele>
   </trkpt>
   <trkpt lat="50.72881" lon="4.6128">
    <ele>97.16000000000001</ele>
   </trkpt>
   <trkpt lat="50.728910000000006" lon="4.6128100000000005">
    <ele>97.16000000000001</ele>
   </trkpt>
   <trkpt lat="50.72937" lon="4.61301">
    <ele>98.76000000000002</ele>
   </trkpt>
   <trkpt lat="50.729530000000004" lon="4.613020000000001">
    <ele>99.04</ele>
   </trkpt>
   <trkpt lat="50.72965000000001" lon="4.61298">
    <ele>99.04</ele>
   </trkpt>
   <trkpt lat="50.72997" lon="4.6128100000000005">
    <ele>99.44000000000001</ele>
   </trkpt>
   <trkpt lat="50.73012000000001" lon="4.612760000000001">
    <ele>99.44000000000001</ele>
   </trkpt>
   <trkpt lat="50.73039000000001" lon="4.6127400000000005">
    <ele>99.63000000000001</ele>
   </trkpt>
   <trkpt lat="50.73106000000001" lon="4.61296">
    <ele>100.34</ele>
   </trkpt>
   <trkpt lat="50.731500000000004" lon="4.613020000000001">
    <ele>100.96000000000001</ele>
   </trkpt>
   <trkpt lat="50.73169000000001" lon="4.61308">
    <ele>101.17</ele>
   </trkpt>
   <trkpt lat="50.73232" lon="4.6134">
    <ele>101.62</ele>
   </trkpt>
   <trkpt lat="50.73303000000001" lon="4.61369">
    <ele>102.07000000000001</ele>
   </trkpt>
   <trkpt lat="50.73342" lon="4.61378">
    <ele>102.49000000000001</ele>
   </trkpt>
   <trkpt lat="50.73366000000001" lon="4.61378">
    <ele>102.53</ele>
   </trkpt>
   <trkpt lat="50.734370000000006" lon="4.613700000000001">
    <ele>102.76</ele>
   </trkpt>
   <trkpt lat="50.73512" lon="4.61369">
    <ele>103.47</ele>
   </trkpt>
   <trkpt lat="50.735820000000004" lon="4.61364">
    <ele>104.75000000000001</ele>
   </trkpt>
   <trkpt lat="50.735890000000005" lon="4.61362">
    <ele>105.12</ele>
   </trkpt>
   <trkpt lat="50.73610000000001" lon="4.613440000000001">
    <ele>105.49000000000001</ele>
   </trkpt>
   <trkpt lat="50.736180000000004" lon="4.61343">
    <ele>105.49000000000001</ele>
   </trkpt>
   <trkpt lat="50.736230000000006" lon="4.61347">
    <ele>105.49000000000001</ele>
   </trkpt>
   <trkpt lat="50.736340000000006" lon="4.61347">
    <ele>105.79</ele>
   </trkpt>
   <trkpt lat="50.73639000000001" lon="4.613440000000001">
    <ele>105.79</ele>
   </trkpt>
   <trkpt lat="50.73646" lon="4.613320000000001">
    <ele>105.97000000000001</ele>
   </trkpt>
   <trkpt lat="50.73659000000001" lon="4.61319">
    <ele>106.17000000000002</ele>
   </trkpt>
   <trkpt lat="50.73689" lon="4.6130700000000004">
    <ele>106.71000000000001</ele>
   </trkpt>
   <trkpt lat="50.737280000000005" lon="4.612970000000001">
    <ele>107.17000000000002</ele>
   </trkpt>
   <trkpt lat="50.7374" lon="4.61296">
    <ele>107.59</ele>
   </trkpt>
   <trkpt lat="50.737590000000004" lon="4.61298">
    <ele>108.24</ele>
   </trkpt>
   <trkpt lat="50.737750000000005" lon="4.613020000000001">
    <ele>108.24</ele>
   </trkpt>
   <trkpt lat="50.738020000000006" lon="4.6131400000000005">
    <ele>108.56</ele>
   </trkpt>
   <trkpt lat="50.73818000000001" lon="4.61329">
    <ele>108.54</ele>
   </trkpt>
   <trkpt lat="50.738330000000005" lon="4.61355">
    <ele>108.57000000000001</ele>
   </trkpt>
   <trkpt lat="50.73843" lon="4.613580000000001">
    <ele>108.57000000000001</ele>
   </trkpt>
   <trkpt lat="50.73852" lon="4.61354">
    <ele>108.74</ele>
   </trkpt>
   <trkpt lat="50.738710000000005" lon="4.61355">
    <ele>108.74</ele>
   </trkpt>
   <trkpt lat="50.73935" lon="4.61395">
    <ele>107.83000000000001</ele>
   </trkpt>
   <trkpt lat="50.739830000000005" lon="4.61428">
    <ele>107.60000000000001</ele>
   </trkpt>
   <trkpt lat="50.73995000000001" lon="4.61439">
    <ele>107.42000000000002</ele>
   </trkpt>
   <trkpt lat="50.74027" lon="4.614750000000001">
    <ele>107.07000000000001</ele>
   </trkpt>
   <trkpt lat="50.74049" lon="4.614920000000001">
    <ele>106.57000000000001</ele>
   </trkpt>
   <trkpt lat="50.74107000089346" lon="4.6153199951899895">
    <ele>105.05</ele>
   </trkpt>
   <trkpt lat="50.74165000000001" lon="4.6157200000000005">
    <ele>104.06000000000002</ele>
   </trkpt>
   <trkpt lat="50.742195000303795" lon="4.615974997044124">
    <ele>103.12</ele>
   </trkpt>
   <trkpt lat="50.742740000000005" lon="4.616230000000001">
    <ele>102.8</ele>
   </trkpt>
   <trkpt lat="50.74347" lon="4.616490000000001">
    <ele>101.83</ele>
   </trkpt>
   <trkpt lat="50.743610000000004" lon="4.616510000000001">
    <ele>101.83</ele>
   </trkpt>
   <trkpt lat="50.743840000000006" lon="4.6165">
    <ele>101.66000000000001</ele>
   </trkpt>
   <trkpt lat="50.74432999997359" lon="4.616430000739324">
    <ele>101.04</ele>
   </trkpt>
   <trkpt lat="50.744820000000004" lon="4.61636">
    <ele>100.37000000000002</ele>
   </trkpt>
   <trkpt lat="50.745180000000005" lon="4.61629">
    <ele>99.5</ele>
   </trkpt>
   <trkpt lat="50.74606000000001" lon="4.616020000000001">
    <ele>98.17</ele>
   </trkpt>
   <trkpt lat="50.74672000004236" lon="4.615940001125954">
    <ele>96.53</ele>
   </trkpt>
   <trkpt lat="50.74738000000001" lon="4.6158600000000005">
    <ele>94.95</ele>
   </trkpt>
   <trkpt lat="50.74766" lon="4.61587">
    <ele>94.43</ele>
   </trkpt>
   <trkpt lat="50.74763" lon="4.61556">
    <ele>94.71</ele>
   </trkpt>
   <trkpt lat="50.747550000000004" lon="4.6153200000000005">
    <ele>94.93</ele>
   </trkpt>
   <trkpt lat="50.74732" lon="4.61483">
    <ele>97.19000000000001</ele>
   </trkpt>
   <trkpt lat="50.74714" lon="4.614590000000001">
    <ele>97.19000000000001</ele>
   </trkpt>
   <trkpt lat="50.74694" lon="4.61444">
    <ele>98.29</ele>
   </trkpt>
   <trkpt lat="50.74658" lon="4.614210000000001">
    <ele>98.96000000000001</ele>
   </trkpt>
   <trkpt lat="50.74615000000001" lon="4.613840000000001">
    <ele>99.15</ele>
   </trkpt>
   <trkpt lat="50.74568000000001" lon="4.6132800000000005">
    <ele>99.12</ele>
   </trkpt>
   <trkpt lat="50.74542" lon="4.612780000000001">
    <ele>98.74000000000001</ele>
   </trkpt>
   <trkpt lat="50.74524" lon="4.612240000000001">
    <ele>98.51</ele>
   </trkpt>
   <trkpt lat="50.74589" lon="4.61146">
    <ele>98.45</ele>
   </trkpt>
   <trkpt lat="50.74648750494247" lon="4.6108400237254985">
    <ele>98.98</ele>
   </trkpt>
   <trkpt lat="50.74708500659782" lon="4.610220031626365">
    <ele>98.68</ele>
   </trkpt>
   <trkpt lat="50.747682504965944" lon="4.609600023701942">
    <ele>96.35000000000001</ele>
   </trkpt>
   <trkpt lat="50.74828" lon="4.608980000000001">
    <ele>94.77000000000001</ele>
   </trkpt>
   <trkpt lat="50.748830000000005" lon="4.60832">
    <ele>92.09</ele>
   </trkpt>
   <trkpt lat="50.74949000346711" lon="4.607410012931187">
    <ele>89.82000000000001</ele>
   </trkpt>
   <trkpt lat="50.750150000000005" lon="4.6065000000000005">
    <ele>88.05</ele>
   </trkpt>
   <trkpt lat="50.750575000473255" lon="4.606165003046641">
    <ele>87.57000000000001</ele>
   </trkpt>
   <trkpt lat="50.751000000000005" lon="4.60583">
    <ele>87.59</ele>
   </trkpt>
   <trkpt lat="50.75104" lon="4.6058200000000005">
    <ele>87.59</ele>
   </trkpt>
   <trkpt lat="50.75106" lon="4.60576">
    <ele>87.35000000000001</ele>
   </trkpt>
   <trkpt lat="50.75113" lon="4.60568">
    <ele>87.35000000000001</ele>
   </trkpt>
   <trkpt lat="50.75159000000001" lon="4.60533">
    <ele>86.13000000000001</ele>
   </trkpt>
   <trkpt lat="50.752150002119116" lon="4.604830011980249">
    <ele>84.96000000000001</ele>
   </trkpt>
   <trkpt lat="50.75271000210043" lon="4.604330011997115">
    <ele>82.08</ele>
   </trkpt>
   <trkpt lat="50.75327000000001" lon="4.60383">
    <ele>80.22</ele>
   </trkpt>
   <trkpt lat="50.753440000000005" lon="4.603700000000001">
    <ele>80.15</ele>
   </trkpt>
   <trkpt lat="50.75376000000001" lon="4.60351">
    <ele>80.09</ele>
   </trkpt>
   <trkpt lat="50.75432500014783" lon="4.603295002614276">
    <ele>80.17</ele>
   </trkpt>
   <trkpt lat="50.75489" lon="4.60308">
    <ele>79.66000000000001</ele>
   </trkpt>
   <trkpt lat="50.75506000000001" lon="4.60299">
    <ele>79.51</ele>
   </trkpt>
   <trkpt lat="50.75551500046133" lon="4.602700002754388">
    <ele>79.60000000000001</ele>
   </trkpt>
   <trkpt lat="50.755970000000005" lon="4.602410000000001">
    <ele>79.29</ele>
   </trkpt>
   <trkpt lat="50.75652000054572" lon="4.6020500042361006">
    <ele>77.78</ele>
   </trkpt>
   <trkpt lat="50.757070000000006" lon="4.6016900000000005">
    <ele>74.61000000000001</ele>
   </trkpt>
   <trkpt lat="50.75761000000001" lon="4.60149">
    <ele>72.26</ele>
   </trkpt>
   <trkpt lat="50.757600000000004" lon="4.601500000000001">
    <ele>72.26</ele>
   </trkpt>
   <trkpt lat="50.75793" lon="4.601450000000001">
    <ele>70.77</ele>
   </trkpt>
   <trkpt lat="50.758450000037186" lon="4.601454999944799">
    <ele>67.47</ele>
   </trkpt>
   <trkpt lat="50.758970000000005" lon="4.60146">
    <ele>62.97000000000001</ele>
   </trkpt>
   <trkpt lat="50.759370000000004" lon="4.60156">
    <ele>60.75000000000001</ele>
   </trkpt>
   <trkpt lat="50.759790000337276" lon="4.601829997593189">
    <ele>58.620000000000005</ele>
   </trkpt>
   <trkpt lat="50.76021" lon="4.6021">
    <ele>56.81</ele>
   </trkpt>
   <trkpt lat="50.76028" lon="4.6021600000000005">
    <ele>56.38</ele>
   </trkpt>
   <trkpt lat="50.76064" lon="4.60263">
    <ele>55.27</ele>
   </trkpt>
   <trkpt lat="50.76075" lon="4.60271">
    <ele>55.27</ele>
   </trkpt>
   <trkpt lat="50.76121000014016" lon="4.602924997859619">
    <ele>52.24</ele>
   </trkpt>
   <trkpt lat="50.76167" lon="4.603140000000001">
    <ele>50.510000000000005</ele>
   </trkpt>
   <trkpt lat="50.762150000000005" lon="4.603470000000001">
    <ele>48.34</ele>
   </trkpt>
   <trkpt lat="50.762530000000005" lon="4.603770000000001">
    <ele>47.580000000000005</ele>
   </trkpt>
   <trkpt lat="50.76296000000001" lon="4.60416">
    <ele>45.74</ele>
   </trkpt>
   <trkpt lat="50.76323000000001" lon="4.60449">
    <ele>45.74</ele>
   </trkpt>
   <trkpt lat="50.76346" lon="4.60484">
    <ele>42.45</ele>
   </trkpt>
   <trkpt lat="50.76381000000001" lon="4.60547">
    <ele>41.370000000000005</ele>
   </trkpt>
   <trkpt lat="50.76411500150727" lon="4.606054996271307">
    <ele>40.290000000000006</ele>
   </trkpt>
   <trkpt lat="50.76442" lon="4.6066400000000005">
    <ele>39.63</ele>
   </trkpt>
   <trkpt lat="50.76451" lon="4.60676">
    <ele>39.260000000000005</ele>
   </trkpt>
   <trkpt lat="50.764590000000005" lon="4.60683">
    <ele>39.260000000000005</ele>
   </trkpt>
   <trkpt lat="50.764680000000006" lon="4.6068500000000006">
    <ele>39.260000000000005</ele>
   </trkpt>
   <trkpt lat="50.764770000000006" lon="4.6068500000000006">
    <ele>38.940000000000005</ele>
   </trkpt>
   <trkpt lat="50.765420000000006" lon="4.60669">
    <ele>38.540000000000006</ele>
   </trkpt>
   <trkpt lat="50.76581" lon="4.60672">
    <ele>38.07</ele>
   </trkpt>
   <trkpt lat="50.766420000000004" lon="4.60679">
    <ele>37.7</ele>
   </trkpt>
   <trkpt lat="50.766540000000006" lon="4.60677">
    <ele>37.7</ele>
   </trkpt>
   <trkpt lat="50.76681000000001" lon="4.606590000000001">
    <ele>37.31</ele>
   </trkpt>
   <trkpt lat="50.76737000000001" lon="4.60597">
    <ele>36.85</ele>
   </trkpt>
   <trkpt lat="50.767540000000004" lon="4.60581">
    <ele>36.74</ele>
   </trkpt>
   <trkpt lat="50.767830000000004" lon="4.605600000000001">
    <ele>36.74</ele>
   </trkpt>
   <trkpt lat="50.76811000000001" lon="4.60538">
    <ele>36.59</ele>
   </trkpt>
   <trkpt lat="50.768655002345994" lon="4.604625008921669">
    <ele>36.46000000000001</ele>
   </trkpt>
   <trkpt lat="50.769200000000005" lon="4.603870000000001">
    <ele>37.26</ele>
   </trkpt>
   <trkpt lat="50.76955" lon="4.60355">
    <ele>39.07</ele>
   </trkpt>
   <trkpt lat="50.769670000000005" lon="4.603700000000001">
    <ele>39.18000000000001</ele>
   </trkpt>
   <trkpt lat="50.77004" lon="4.604080000000001">
    <ele>39.49</ele>
   </trkpt>
   <trkpt lat="50.770270000000004" lon="4.604410000000001">
    <ele>39.300000000000004</ele>
   </trkpt>
   <trkpt lat="50.7704" lon="4.604640000000001">
    <ele>38.970000000000006</ele>
   </trkpt>
   <trkpt lat="50.770540000000004" lon="4.604920000000001">
    <ele>38.86000000000001</ele>
   </trkpt>
   <trkpt lat="50.77091" lon="4.605770000000001">
    <ele>38.400000000000006</ele>
   </trkpt>
   <trkpt lat="50.771010000000004" lon="4.60604">
    <ele>38.400000000000006</ele>
   </trkpt>
   <trkpt lat="50.771280000000004" lon="4.60691">
    <ele>38.24</ele>
   </trkpt>
   <trkpt lat="50.771370000000005" lon="4.607130000000001">
    <ele>38.2</ele>
   </trkpt>
   <trkpt lat="50.771480000000004" lon="4.607340000000001">
    <ele>38.13</ele>
   </trkpt>
   <trkpt lat="50.77201" lon="4.608230000000001">
    <ele>38.040000000000006</ele>
   </trkpt>
   <trkpt lat="50.77248" lon="4.609190000000001">
    <ele>37.900000000000006</ele>
   </trkpt>
   <trkpt lat="50.772670000000005" lon="4.609500000000001">
    <ele>37.900000000000006</ele>
   </trkpt>
   <trkpt lat="50.77309000074889" lon="4.609949995834167">
    <ele>38.12</ele>
   </trkpt>
   <trkpt lat="50.77351" lon="4.6104">
    <ele>38.17</ele>
   </trkpt>
   <trkpt lat="50.773630000000004" lon="4.6105">
    <ele>38.19</ele>
   </trkpt>
   <trkpt lat="50.77396" lon="4.610600000000001">
    <ele>38.39</ele>
   </trkpt>
   <trkpt lat="50.774170000000005" lon="4.610720000000001">
    <ele>38.470000000000006</ele>
   </trkpt>
   <trkpt lat="50.77438" lon="4.61097">
    <ele>39.05</ele>
   </trkpt>
   <trkpt lat="50.77483" lon="4.6119900000000005">
    <ele>40.71</ele>
   </trkpt>
   <trkpt lat="50.77483" lon="4.612">
    <ele>40.71</ele>
   </trkpt>
   <trkpt lat="50.77533500195992" lon="4.611310007553232">
    <ele>43.63</ele>
   </trkpt>
   <trkpt lat="50.77584" lon="4.61062">
    <ele>47.839999999999996</ele>
   </trkpt>
   <trkpt lat="50.77606" lon="4.6102300000000005">
    <ele>50.800000000000004</ele>
   </trkpt>
   <trkpt lat="50.776140000000005" lon="4.61005">
    <ele>52.24</ele>
   </trkpt>
   <trkpt lat="50.776300000000006" lon="4.609570000000001">
    <ele>55.400000000000006</ele>
   </trkpt>
   <trkpt lat="50.776550003612165" lon="4.608655004770015">
    <ele>63.78</ele>
   </trkpt>
   <trkpt lat="50.7768" lon="4.607740000000001">
    <ele>69.53</ele>
   </trkpt>
   <trkpt lat="50.776970000000006" lon="4.6072500000000005">
    <ele>74.18</ele>
   </trkpt>
   <trkpt lat="50.77707" lon="4.60702">
    <ele>75.37</ele>
   </trkpt>
   <trkpt lat="50.77720000000001" lon="4.606800000000001">
    <ele>76.09</ele>
   </trkpt>
   <trkpt lat="50.77783" lon="4.6058">
    <ele>80.07000000000001</ele>
   </trkpt>
   <trkpt lat="50.77803" lon="4.605510000000001">
    <ele>80.68</ele>
   </trkpt>
   <trkpt lat="50.77855500149275" lon="4.604915006703082">
    <ele>82.67</ele>
   </trkpt>
   <trkpt lat="50.77908000000001" lon="4.60432">
    <ele>85.36</ele>
   </trkpt>
   <trkpt lat="50.77926" lon="4.60404">
    <ele>85.65</ele>
   </trkpt>
   <trkpt lat="50.779540000000004" lon="4.60336">
    <ele>86.57000000000001</ele>
   </trkpt>
   <trkpt lat="50.779680000000006" lon="4.603140000000001">
    <ele>86.72</ele>
   </trkpt>
   <trkpt lat="50.779770000000006" lon="4.60304">
    <ele>86.99000000000001</ele>
   </trkpt>
   <trkpt lat="50.77995000000001" lon="4.6029100000000005">
    <ele>87.44</ele>
   </trkpt>
   <trkpt lat="50.78078000000001" lon="4.60264">
    <ele>92.02</ele>
   </trkpt>
   <trkpt lat="50.78097" lon="4.602530000000001">
    <ele>93.19000000000001</ele>
   </trkpt>
   <trkpt lat="50.78096000000001" lon="4.60217">
    <ele>93.69000000000001</ele>
   </trkpt>
   <trkpt lat="50.78097" lon="4.60158">
    <ele>94.09</ele>
   </trkpt>
   <trkpt lat="50.781110000000005" lon="4.6006100000000005">
    <ele>94.44000000000001</ele>
   </trkpt>
   <trkpt lat="50.781310013363296" lon="4.599360010663766">
    <ele>94.87</ele>
   </trkpt>
   <trkpt lat="50.78151001336802" lon="4.598110010634418">
    <ele>96.0</ele>
   </trkpt>
   <trkpt lat="50.781710000000004" lon="4.59686">
    <ele>96.0</ele>
   </trkpt>
   <trkpt lat="50.78192251347879" lon="4.59583501394864">
    <ele>96.91000000000001</ele>
   </trkpt>
   <trkpt lat="50.78213501797543" lon="4.594810018580662">
    <ele>97.71000000000001</ele>
   </trkpt>
   <trkpt lat="50.78234751348975" lon="4.593785013896308">
    <ele>97.57000000000001</ele>
   </trkpt>
   <trkpt lat="50.782560000000004" lon="4.59276">
    <ele>96.56</ele>
   </trkpt>
   <trkpt lat="50.782680000000006" lon="4.592350000000001">
    <ele>95.92</ele>
   </trkpt>
   <trkpt lat="50.782990000000005" lon="4.591570000000001">
    <ele>94.06</ele>
   </trkpt>
   <trkpt lat="50.783100000000005" lon="4.591360000000001">
    <ele>93.7</ele>
   </trkpt>
   <trkpt lat="50.78363" lon="4.590520000000001">
    <ele>90.23</ele>
   </trkpt>
   <trkpt lat="50.7837" lon="4.59037">
    <ele>89.86000000000001</ele>
   </trkpt>
   <trkpt lat="50.78380000000001" lon="4.590070000000001">
    <ele>89.38</ele>
   </trkpt>
   <trkpt lat="50.78392" lon="4.58962">
    <ele>88.64000000000001</ele>
   </trkpt>
   <trkpt lat="50.784020000000005" lon="4.589090000000001">
    <ele>87.82000000000001</ele>
   </trkpt>
   <trkpt lat="50.784060000000004" lon="4.588480000000001">
    <ele>86.97</ele>
   </trkpt>
   <trkpt lat="50.78398000000001" lon="4.5875900000000005">
    <ele>83.59</ele>
   </trkpt>
   <trkpt lat="50.78389000000001" lon="4.587160000000001">
    <ele>79.37</ele>
   </trkpt>
   <trkpt lat="50.78379" lon="4.58692">
    <ele>78.46</ele>
   </trkpt>
   <trkpt lat="50.78365" lon="4.58664">
    <ele>76.96</ele>
   </trkpt>
   <trkpt lat="50.783530000000006" lon="4.58631">
    <ele>72.55</ele>
   </trkpt>
   <trkpt lat="50.78337500273021" lon="4.585514997510675">
    <ele>70.56000000000002</ele>
   </trkpt>
   <trkpt lat="50.78322000000001" lon="4.584720000000001">
    <ele>65.18</ele>
   </trkpt>
   <trkpt lat="50.78323" lon="4.58459">
    <ele>65.18</ele>
   </trkpt>
   <trkpt lat="50.78327" lon="4.584510000000001">
    <ele>65.10000000000001</ele>
   </trkpt>
   <trkpt lat="50.78332" lon="4.5844700000000005">
    <ele>65.10000000000001</ele>
   </trkpt>
   <trkpt lat="50.783680000000004" lon="4.58434">
    <ele>61.31</ele>
   </trkpt>
   <trkpt lat="50.78407000000001" lon="4.58424">
    <ele>58.410000000000004</ele>
   </trkpt>
   <trkpt lat="50.78455500012066" lon="4.5841650007630514">
    <ele>55.13</ele>
   </trkpt>
   <trkpt lat="50.78504" lon="4.584090000000001">
    <ele>53.42</ele>
   </trkpt>
   <trkpt lat="50.785340000000005" lon="4.58412">
    <ele>50.940000000000005</ele>
   </trkpt>
   <trkpt lat="50.785990000000005" lon="4.58422">
    <ele>48.400000000000006</ele>
   </trkpt>
   <trkpt lat="50.78614" lon="4.58412">
    <ele>48.24</ele>
   </trkpt>
   <trkpt lat="50.786350000000006" lon="4.583880000000001">
    <ele>47.650000000000006</ele>
   </trkpt>
   <trkpt lat="50.786530000000006" lon="4.5837200000000005">
    <ele>47.5</ele>
   </trkpt>
   <trkpt lat="50.78676" lon="4.58356">
    <ele>47.03</ele>
   </trkpt>
   <trkpt lat="50.78723" lon="4.58337">
    <ele>46.71</ele>
   </trkpt>
   <trkpt lat="50.7877" lon="4.58321">
    <ele>46.410000000000004</ele>
   </trkpt>
   <trkpt lat="50.78779" lon="4.58319">
    <ele>46.410000000000004</ele>
   </trkpt>
   <trkpt lat="50.788360000000004" lon="4.58319">
    <ele>45.82000000000001</ele>
   </trkpt>
   <trkpt lat="50.7886" lon="4.58317">
    <ele>45.910000000000004</ele>
   </trkpt>
   <trkpt lat="50.78873" lon="4.58319">
    <ele>46.01</ele>
   </trkpt>
   <trkpt lat="50.788830000000004" lon="4.58323">
    <ele>46.230000000000004</ele>
   </trkpt>
   <trkpt lat="50.78943" lon="4.5831100000000005">
    <ele>47.82</ele>
   </trkpt>
   <trkpt lat="50.789460000000005" lon="4.58424">
    <ele>48.470000000000006</ele>
   </trkpt>
   <trkpt lat="50.789440000000006" lon="4.5847500000000005">
    <ele>48.7</ele>
   </trkpt>
   <trkpt lat="50.78945" lon="4.58534">
    <ele>49.470000000000006</ele>
   </trkpt>
   <trkpt lat="50.78953000848865" lon="4.586336663211804">
    <ele>51.34</ele>
   </trkpt>
   <trkpt lat="50.78961000848518" lon="4.587333329835072">
    <ele>53.27</ele>
   </trkpt>
   <trkpt lat="50.78969000000001" lon="4.58833">
    <ele>53.09</ele>
   </trkpt>
   <trkpt lat="50.78976" lon="4.58872">
    <ele>52.71000000000001</ele>
   </trkpt>
   <trkpt lat="50.789840000000005" lon="4.589040000000001">
    <ele>52.43000000000001</ele>
   </trkpt>
   <trkpt lat="50.79019" lon="4.590140000000001">
    <ele>51.04</ele>
   </trkpt>
   <trkpt lat="50.79055" lon="4.59107">
    <ele>48.900000000000006</ele>
   </trkpt>
   <trkpt lat="50.79099" lon="4.592110000000001">
    <ele>48.040000000000006</ele>
   </trkpt>
   <trkpt lat="50.790440000000004" lon="4.59255">
    <ele>44.92</ele>
   </trkpt>
   <trkpt lat="50.79018000000001" lon="4.59286">
    <ele>44.21000000000001</ele>
   </trkpt>
   <trkpt lat="50.78998000000001" lon="4.59313">
    <ele>43.93</ele>
   </trkpt>
   <trkpt lat="50.78966000093337" lon="4.593630003634046">
    <ele>43.79</ele>
   </trkpt>
   <trkpt lat="50.78934" lon="4.594130000000001">
    <ele>46.44</ele>
   </trkpt>
   <trkpt lat="50.788860002942386" lon="4.5947200121573">
    <ele>57.150000000000006</ele>
   </trkpt>
   <trkpt lat="50.78838000290877" lon="4.595310012198445">
    <ele>71.69</ele>
   </trkpt>
   <trkpt lat="50.78790000000001" lon="4.5959">
    <ele>78.45</ele>
   </trkpt>
   <trkpt lat="50.787780000000005" lon="4.59602">
    <ele>79.82000000000001</ele>
   </trkpt>
   <trkpt lat="50.78736000000001" lon="4.59635">
    <ele>85.29</ele>
   </trkpt>
   <trkpt lat="50.78664000213248" lon="4.597065011063839">
    <ele>88.82000000000001</ele>
   </trkpt>
   <trkpt lat="50.785920000000004" lon="4.59778">
    <ele>92.2</ele>
   </trkpt>
   <trkpt lat="50.785396668591716" lon="4.59826334422028">
    <ele>93.55000000000001</ele>
   </trkpt>
   <trkpt lat="50.78487333518617" lon="4.598746677620141">
    <ele>94.09</ele>
   </trkpt>
   <trkpt lat="50.78435" lon="4.59923">
    <ele>93.71</ele>
   </trkpt>
   <trkpt lat="50.783710000000006" lon="4.59985">
    <ele>92.17</ele>
   </trkpt>
   <trkpt lat="50.78379" lon="4.599880000000001">
    <ele>91.78000000000002</ele>
   </trkpt>
   <trkpt lat="50.78430000084211" lon="4.600309995353242">
    <ele>89.58</ele>
   </trkpt>
   <trkpt lat="50.78481000000001" lon="4.60074">
    <ele>88.63</ele>
   </trkpt>
   <trkpt lat="50.785270000000004" lon="4.60132">
    <ele>88.25000000000001</ele>
   </trkpt>
   <trkpt lat="50.785560000000004" lon="4.60172">
    <ele>88.16</ele>
   </trkpt>
   <trkpt lat="50.78598" lon="4.60252">
    <ele>88.73</ele>
   </trkpt>
   <trkpt lat="50.786300000000004" lon="4.603000000000001">
    <ele>89.71000000000001</ele>
   </trkpt>
   <trkpt lat="50.786550000000005" lon="4.60334">
    <ele>90.79</ele>
   </trkpt>
   <trkpt lat="50.78711250478403" lon="4.603949977994898">
    <ele>92.11000000000001</ele>
   </trkpt>
   <trkpt lat="50.78767500638702" lon="4.604559970668429">
    <ele>92.61000000000001</ele>
   </trkpt>
   <trkpt lat="50.78823750480889" lon="4.605169978021162">
    <ele>92.48</ele>
   </trkpt>
   <trkpt lat="50.7888" lon="4.60578">
    <ele>91.50000000000001</ele>
   </trkpt>
   <trkpt lat="50.78919000091605" lon="4.606219996429029">
    <ele>91.71000000000001</ele>
   </trkpt>
   <trkpt lat="50.78958" lon="4.606660000000001">
    <ele>91.54</ele>
   </trkpt>
   <trkpt lat="50.79032667179116" lon="4.607433308640545">
    <ele>90.28000000000002</ele>
   </trkpt>
   <trkpt lat="50.791073338469815" lon="4.608206641985762">
    <ele>87.17000000000002</ele>
   </trkpt>
   <trkpt lat="50.79182" lon="4.608980000000001">
    <ele>84.94</ele>
   </trkpt>
   <trkpt lat="50.79254" lon="4.60975">
    <ele>83.53</ele>
   </trkpt>
   <trkpt lat="50.79314" lon="4.610250000000001">
    <ele>82.79</ele>
   </trkpt>
   <trkpt lat="50.793908006065074" lon="4.610845960820533">
    <ele>81.52000000000001</ele>
   </trkpt>
   <trkpt lat="50.79467600909379" lon="4.611441941226586">
    <ele>80.55000000000001</ele>
   </trkpt>
   <trkpt lat="50.79544400908596" lon="4.612037941219261">
    <ele>79.86</ele>
   </trkpt>
   <trkpt lat="50.79621200604138" lon="4.612633960799659">
    <ele>79.07</ele>
   </trkpt>
   <trkpt lat="50.796980000000005" lon="4.613230000000001">
    <ele>79.56</ele>
   </trkpt>
   <trkpt lat="50.79739000000001" lon="4.61362">
    <ele>79.77000000000001</ele>
   </trkpt>
   <trkpt lat="50.797950001027445" lon="4.6141149940508335">
    <ele>80.94000000000001</ele>
   </trkpt>
   <trkpt lat="50.79851000000001" lon="4.614610000000001">
    <ele>81.98</ele>
   </trkpt>
   <trkpt lat="50.798370004412604" lon="4.615625002974483">
    <ele>77.65</ele>
   </trkpt>
   <trkpt lat="50.798230000000004" lon="4.61664">
    <ele>74.96000000000001</ele>
   </trkpt>
   <trkpt lat="50.798140000000004" lon="4.617450000000001">
    <ele>73.50000000000001</ele>
   </trkpt>
   <trkpt lat="50.79797000000001" lon="4.61831">
    <ele>71.99000000000001</ele>
   </trkpt>
   <trkpt lat="50.7978" lon="4.6193800000000005">
    <ele>70.99000000000001</ele>
   </trkpt>
   <trkpt lat="50.797630002197465" lon="4.620085002261632">
    <ele>64.59</ele>
   </trkpt>
   <trkpt lat="50.79746" lon="4.62079">
    <ele>60.86000000000001</ele>
   </trkpt>
   <trkpt lat="50.79734000245847" lon="4.62155000201716">
    <ele>56.27</ele>
   </trkpt>
   <trkpt lat="50.79722" lon="4.622310000000001">
    <ele>53.720000000000006</ele>
   </trkpt>
   <trkpt lat="50.79710000000001" lon="4.62352">
    <ele>46.580000000000005</ele>
   </trkpt>
   <trkpt lat="50.79706" lon="4.62378">
    <ele>44.79</ele>
   </trkpt>
   <trkpt lat="50.796900001931554" lon="4.62445500237815">
    <ele>41.84</ele>
   </trkpt>
   <trkpt lat="50.79674000000001" lon="4.62513">
    <ele>38.99</ele>
   </trkpt>
   <trkpt lat="50.79655000194961" lon="4.625830003379347">
    <ele>37.3</ele>
   </trkpt>
   <trkpt lat="50.79636000000001" lon="4.626530000000001">
    <ele>36.93000000000001</ele>
   </trkpt>
   <trkpt lat="50.796580000000006" lon="4.626670000000001">
    <ele>37.15</ele>
   </trkpt>
   <trkpt lat="50.79732000334387" lon="4.627296646809634">
    <ele>37.68000000000001</ele>
   </trkpt>
   <trkpt lat="50.79806000333072" lon="4.627923313464751">
    <ele>37.49</ele>
   </trkpt>
   <trkpt lat="50.79880000000001" lon="4.628550000000001">
    <ele>36.1</ele>
   </trkpt>
   <trkpt lat="50.79926500041936" lon="4.628794997647859">
    <ele>35.56</ele>
   </trkpt>
   <trkpt lat="50.799730000000004" lon="4.629040000000001">
    <ele>34.800000000000004</ele>
   </trkpt>
   <trkpt lat="50.80037500056295" lon="4.62935499571984">
    <ele>33.81</ele>
   </trkpt>
   <trkpt lat="50.80102" lon="4.62967">
    <ele>33.09</ele>
   </trkpt>
   <trkpt lat="50.80129" lon="4.62976">
    <ele>32.42</ele>
   </trkpt>
   <trkpt lat="50.80145" lon="4.62978">
    <ele>32.25</ele>
   </trkpt>
   <trkpt lat="50.801570000000005" lon="4.629770000000001">
    <ele>32.040000000000006</ele>
   </trkpt>
   <trkpt lat="50.80172" lon="4.62973">
    <ele>31.880000000000006</ele>
   </trkpt>
   <trkpt lat="50.80189000000001" lon="4.629650000000001">
    <ele>31.880000000000006</ele>
   </trkpt>
   <trkpt lat="50.80248500104533" lon="4.629190005748709">
    <ele>32.34</ele>
   </trkpt>
   <trkpt lat="50.80308" lon="4.62873">
    <ele>33.2</ele>
   </trkpt>
   <trkpt lat="50.803290000000004" lon="4.62863">
    <ele>33.330000000000005</ele>
   </trkpt>
   <trkpt lat="50.80384" lon="4.628480000000001">
    <ele>34.43</ele>
   </trkpt>
   <trkpt lat="50.80407" lon="4.62849">
    <ele>34.43</ele>
   </trkpt>
   <trkpt lat="50.80454500012319" lon="4.628634998536022">
    <ele>35.53000000000001</ele>
   </trkpt>
   <trkpt lat="50.805020000000006" lon="4.628780000000001">
    <ele>36.18</ele>
   </trkpt>
   <trkpt lat="50.80525" lon="4.62879">
    <ele>36.65</ele>
   </trkpt>
   <trkpt lat="50.805350000000004" lon="4.62877">
    <ele>37.28</ele>
   </trkpt>
   <trkpt lat="50.80586" lon="4.62856">
    <ele>38.45</ele>
   </trkpt>
   <trkpt lat="50.80604" lon="4.62851">
    <ele>38.790000000000006</ele>
   </trkpt>
   <trkpt lat="50.80622" lon="4.62852">
    <ele>39.300000000000004</ele>
   </trkpt>
   <trkpt lat="50.80685000015065" lon="4.628673329185609">
    <ele>40.410000000000004</ele>
   </trkpt>
   <trkpt lat="50.807480000100306" lon="4.628826662506622">
    <ele>41.81000000000001</ele>
   </trkpt>
   <trkpt lat="50.808110000000006" lon="4.62898">
    <ele>43.230000000000004</ele>
   </trkpt>
   <trkpt lat="50.808910000000004" lon="4.6293500000000005">
    <ele>45.470000000000006</ele>
   </trkpt>
   <trkpt lat="50.80901" lon="4.62938">
    <ele>45.470000000000006</ele>
   </trkpt>
   <trkpt lat="50.80923000000001" lon="4.62934">
    <ele>46.03</ele>
   </trkpt>
   <trkpt lat="50.80935" lon="4.6292800000000005">
    <ele>46.03</ele>
   </trkpt>
   <trkpt lat="50.80948" lon="4.62917">
    <ele>46.81</ele>
   </trkpt>
   <trkpt lat="50.81013000313528" lon="4.628325011649414">
    <ele>47.38</ele>
   </trkpt>
   <trkpt lat="50.81078" lon="4.62748">
    <ele>48.260000000000005</ele>
   </trkpt>
   <trkpt lat="50.81098" lon="4.627330000000001">
    <ele>47.980000000000004</ele>
   </trkpt>
   <trkpt lat="50.81112" lon="4.62727">
    <ele>47.120000000000005</ele>
   </trkpt>
   <trkpt lat="50.81136000000001" lon="4.62725">
    <ele>44.03000000000001</ele>
   </trkpt>
   <trkpt lat="50.81168" lon="4.6273">
    <ele>42.61</ele>
   </trkpt>
   <trkpt lat="50.81183000000001" lon="4.6273100000000005">
    <ele>40.25</ele>
   </trkpt>
   <trkpt lat="50.81195" lon="4.62729">
    <ele>40.25</ele>
   </trkpt>
   <trkpt lat="50.812160000000006" lon="4.6271700000000004">
    <ele>40.25</ele>
   </trkpt>
   <trkpt lat="50.81288000333207" lon="4.626543352674942">
    <ele>33.730000000000004</ele>
   </trkpt>
   <trkpt lat="50.81360000330751" lon="4.625916686030048">
    <ele>32.300000000000004</ele>
   </trkpt>
   <trkpt lat="50.81432" lon="4.625290000000001">
    <ele>32.59</ele>
   </trkpt>
   <trkpt lat="50.81495000174725" lon="4.624665008353488">
    <ele>32.71</ele>
   </trkpt>
   <trkpt lat="50.815580000000004" lon="4.624040000000001">
    <ele>33.52</ele>
   </trkpt>
   <trkpt lat="50.81568000000001" lon="4.62403">
    <ele>33.52</ele>
   </trkpt>
   <trkpt lat="50.81579000000001" lon="4.6241900000000005">
    <ele>33.75</ele>
   </trkpt>
   <trkpt lat="50.81593" lon="4.62445">
    <ele>33.96</ele>
   </trkpt>
   <trkpt lat="50.816230000000004" lon="4.62513">
    <ele>35.21000000000001</ele>
   </trkpt>
   <trkpt lat="50.81636" lon="4.62532">
    <ele>35.67</ele>
   </trkpt>
   <trkpt lat="50.816500000000005" lon="4.62546">
    <ele>36.550000000000004</ele>
   </trkpt>
   <trkpt lat="50.81676" lon="4.62567">
    <ele>38.07</ele>
   </trkpt>
   <trkpt lat="50.816930000000006" lon="4.625870000000001">
    <ele>39.769999999999996</ele>
   </trkpt>
   <trkpt lat="50.817170000000004" lon="4.626250000000001">
    <ele>43.67</ele>
   </trkpt>
   <trkpt lat="50.81721" lon="4.62628">
    <ele>43.67</ele>
   </trkpt>
   <trkpt lat="50.817260000000005" lon="4.62628">
    <ele>43.67</ele>
   </trkpt>
   <trkpt lat="50.81739" lon="4.62614">
    <ele>45.540000000000006</ele>
   </trkpt>
   <trkpt lat="50.817460000000004" lon="4.62594">
    <ele>46.8</ele>
   </trkpt>
   <trkpt lat="50.81748" lon="4.625450000000001">
    <ele>51.190000000000005</ele>
   </trkpt>
   <trkpt lat="50.817530000000005" lon="4.625380000000001">
    <ele>51.190000000000005</ele>
   </trkpt>
   <trkpt lat="50.817330000000005" lon="4.6248000000000005">
    <ele>51.78000000000001</ele>
   </trkpt>
   <trkpt lat="50.81749000000001" lon="4.624160000000001">
    <ele>52.13</ele>
   </trkpt>
   <trkpt lat="50.817510000000006" lon="4.62394">
    <ele>52.42</ele>
   </trkpt>
   <trkpt lat="50.8175" lon="4.6237200000000005">
    <ele>53.19</ele>
   </trkpt>
   <trkpt lat="50.81743" lon="4.62347">
    <ele>53.19</ele>
   </trkpt>
   <trkpt lat="50.817310000000006" lon="4.623150000000001">
    <ele>53.33</ele>
   </trkpt>
   <trkpt lat="50.81727" lon="4.62298">
    <ele>53.300000000000004</ele>
   </trkpt>
   <trkpt lat="50.817220000000006" lon="4.622610000000001">
    <ele>53.050000000000004</ele>
   </trkpt>
   <trkpt lat="50.81720000000001" lon="4.6219600000000005">
    <ele>54.03</ele>
   </trkpt>
   <trkpt lat="50.81739" lon="4.62174">
    <ele>54.650000000000006</ele>
   </trkpt>
   <trkpt lat="50.817915002062094" lon="4.621020008304656">
    <ele>59.06</ele>
   </trkpt>
   <trkpt lat="50.81844" lon="4.6203">
    <ele>64.88000000000001</ele>
   </trkpt>
   <trkpt lat="50.81857" lon="4.62007">
    <ele>64.88000000000001</ele>
   </trkpt>
   <trkpt lat="50.81879000000001" lon="4.6195200000000005">
    <ele>66.30000000000001</ele>
   </trkpt>
   <trkpt lat="50.81926000000001" lon="4.61847">
    <ele>74.56</ele>
   </trkpt>
   <trkpt lat="50.819500000000005" lon="4.61808">
    <ele>74.56</ele>
   </trkpt>
   <trkpt lat="50.820012507102014" lon="4.6173350245498055">
    <ele>79.91000000000001</ele>
   </trkpt>
   <trkpt lat="50.82052500946034" lon="4.6165900327467">
    <ele>83.21000000000001</ele>
   </trkpt>
   <trkpt lat="50.82103750707479" lon="4.615845024590178">
    <ele>84.32000000000001</ele>
   </trkpt>
   <trkpt lat="50.82155" lon="4.6151">
    <ele>84.8</ele>
   </trkpt>
   <trkpt lat="50.82164" lon="4.61496">
    <ele>84.84000000000002</ele>
   </trkpt>
   <trkpt lat="50.82201500078729" lon="4.6145000038378905">
    <ele>85.01</ele>
   </trkpt>
   <trkpt lat="50.822390000000006" lon="4.61404">
    <ele>85.08</ele>
   </trkpt>
   <trkpt lat="50.82299500204538" lon="4.613330009327641">
    <ele>85.47</ele>
   </trkpt>
   <trkpt lat="50.823600000000006" lon="4.612620000000001">
    <ele>85.85000000000001</ele>
   </trkpt>
   <trkpt lat="50.824240009654254" lon="4.6118680412476065">
    <ele>86.02000000000001</ele>
   </trkpt>
   <trkpt lat="50.82488001447558" lon="4.611116061879384">
    <ele>86.35000000000001</ele>
   </trkpt>
   <trkpt lat="50.82552001446374" lon="4.6103640618944555">
    <ele>87.0</ele>
   </trkpt>
   <trkpt lat="50.826160009618505" lon="4.60961204129194">
    <ele>87.59</ele>
   </trkpt>
   <trkpt lat="50.826800000000006" lon="4.60886">
    <ele>88.16</ele>
   </trkpt>
   <trkpt lat="50.82746501050737" lon="4.607955038664738">
    <ele>86.23</ele>
   </trkpt>
   <trkpt lat="50.82813001401514" lon="4.607050051546783">
    <ele>88.07000000000001</ele>
   </trkpt>
   <trkpt lat="50.828795010522974" lon="4.606145038645062">
    <ele>88.07000000000001</ele>
   </trkpt>
   <trkpt lat="50.829460000000005" lon="4.60524">
    <ele>88.07000000000001</ele>
   </trkpt>
   <trkpt lat="50.82972" lon="4.6049500000000005">
    <ele>87.91</ele>
   </trkpt>
   <trkpt lat="50.82999" lon="4.604690000000001">
    <ele>87.24000000000001</ele>
   </trkpt>
   <trkpt lat="50.830560000000006" lon="4.60419">
    <ele>85.60000000000001</ele>
   </trkpt>
   <trkpt lat="50.83130750496346" lon="4.603567529910319">
    <ele>85.14</ele>
   </trkpt>
   <trkpt lat="50.83205500661529" lon="4.602945039883452">
    <ele>88.65</ele>
   </trkpt>
   <trkpt lat="50.832802504955346" lon="4.602322529918317">
    <ele>91.42</ele>
   </trkpt>
   <trkpt lat="50.83355" lon="4.6017">
    <ele>93.85</ele>
   </trkpt>
   <trkpt lat="50.833830000000006" lon="4.601380000000001">
    <ele>94.14</ele>
   </trkpt>
   <trkpt lat="50.83419000000001" lon="4.60083">
    <ele>94.15</ele>
   </trkpt>
   <trkpt lat="50.834410000000005" lon="4.60055">
    <ele>93.66000000000001</ele>
   </trkpt>
   <trkpt lat="50.835183336378314" lon="4.5999566863018995">
    <ele>93.16000000000001</ele>
   </trkpt>
   <trkpt lat="50.83595666974808" lon="4.59936335294104">
    <ele>92.81</ele>
   </trkpt>
   <trkpt lat="50.83673" lon="4.59877">
    <ele>92.31</ele>
   </trkpt>
   <trkpt lat="50.83695" lon="4.59858">
    <ele>92.31</ele>
   </trkpt>
   <trkpt lat="50.837250000000004" lon="4.59825">
    <ele>92.07000000000001</ele>
   </trkpt>
   <trkpt lat="50.837861677667576" lon="4.597531713771493">
    <ele>90.72000000000001</ele>
   </trkpt>
   <trkpt lat="50.83847335092582" lon="4.596813408712955">
    <ele>89.34</ele>
   </trkpt>
   <trkpt lat="50.839085019774494" lon="4.596095084823616">
    <ele>88.18</ele>
   </trkpt>
   <trkpt lat="50.839696684213415" lon="4.595376742102708">
    <ele>86.72</ele>
   </trkpt>
   <trkpt lat="50.84030834424237" lon="4.594658380549463">
    <ele>85.72</ele>
   </trkpt>
   <trkpt lat="50.840920000000004" lon="4.593940000000001">
    <ele>84.21000000000001</ele>
   </trkpt>
   <trkpt lat="50.84113000000001" lon="4.593730000000001">
    <ele>83.94</ele>
   </trkpt>
   <trkpt lat="50.84138" lon="4.59358">
    <ele>83.91000000000001</ele>
   </trkpt>
   <trkpt lat="50.841750000000005" lon="4.59358">
    <ele>82.64</ele>
   </trkpt>
   <trkpt lat="50.84192" lon="4.59363">
    <ele>82.07000000000001</ele>
   </trkpt>
   <trkpt lat="50.84257" lon="4.59402">
    <ele>78.19000000000001</ele>
   </trkpt>
   <trkpt lat="50.843090000000004" lon="4.59414">
    <ele>74.65</ele>
   </trkpt>
   <trkpt lat="50.84378" lon="4.594270000000001">
    <ele>71.46000000000001</ele>
   </trkpt>
   <trkpt lat="50.84405" lon="4.59429">
    <ele>70.15</ele>
   </trkpt>
   <trkpt lat="50.84433000000001" lon="4.594270000000001">
    <ele>68.51</ele>
   </trkpt>
   <trkpt lat="50.84469000000001" lon="4.594110000000001">
    <ele>66.97</ele>
   </trkpt>
   <trkpt lat="50.845415001568334" lon="4.593505009398065">
    <ele>63.97</ele>
   </trkpt>
   <trkpt lat="50.846140000000005" lon="4.5929">
    <ele>60.480000000000004</ele>
   </trkpt>
   <trkpt lat="50.846500000000006" lon="4.5926">
    <ele>58.510000000000005</ele>
   </trkpt>
   <trkpt lat="50.846945000714726" lon="4.592170004174495">
    <ele>56.89</ele>
   </trkpt>
   <trkpt lat="50.847390000000004" lon="4.591740000000001">
    <ele>55.03</ele>
   </trkpt>
   <trkpt lat="50.84769000000001" lon="4.5914600000000005">
    <ele>53.81</ele>
   </trkpt>
   <trkpt lat="50.84796000162729" lon="4.592069996553924">
    <ele>52.22</ele>
   </trkpt>
   <trkpt lat="50.84823" lon="4.5926800000000005">
    <ele>52.35000000000001</ele>
   </trkpt>
   <trkpt lat="50.84868" lon="4.5939000000000005">
    <ele>52.26</ele>
   </trkpt>
   <trkpt lat="50.848800000000004" lon="4.593800000000001">
    <ele>52.26</ele>
   </trkpt>
   <trkpt lat="50.849420000341006" lon="4.593530003575796">
    <ele>48.96</ele>
   </trkpt>
   <trkpt lat="50.85004000000001" lon="4.593260000000001">
    <ele>48.120000000000005</ele>
   </trkpt>
   <trkpt lat="50.850190000000005" lon="4.59313">
    <ele>48.1</ele>
   </trkpt>
   <trkpt lat="50.85031000000001" lon="4.5929400000000005">
    <ele>48.330000000000005</ele>
   </trkpt>
   <trkpt lat="50.85089000000001" lon="4.5920000000000005">
    <ele>50.370000000000005</ele>
   </trkpt>
   <trkpt lat="50.851470004330494" lon="4.591000012334925">
    <ele>55.18000000000001</ele>
   </trkpt>
   <trkpt lat="50.852050000000006" lon="4.590000000000001">
    <ele>62.95</ele>
   </trkpt>
   <trkpt lat="50.85273" lon="4.58913">
    <ele>67.34</ele>
   </trkpt>
   <trkpt lat="50.853415002626974" lon="4.58833501176119">
    <ele>68.60000000000001</ele>
   </trkpt>
   <trkpt lat="50.8541" lon="4.587540000000001">
    <ele>69.62</ele>
   </trkpt>
   <trkpt lat="50.854200000000006" lon="4.58739">
    <ele>69.31</ele>
   </trkpt>
   <trkpt lat="50.854810003638775" lon="4.586736683766403">
    <ele>62.65000000000001</ele>
   </trkpt>
   <trkpt lat="50.85542000363023" lon="4.586083350442517">
    <ele>58.09</ele>
   </trkpt>
   <trkpt lat="50.856030000000004" lon="4.585430000000001">
    <ele>54.410000000000004</ele>
   </trkpt>
   <trkpt lat="50.85633000000001" lon="4.58516">
    <ele>53.76</ele>
   </trkpt>
   <trkpt lat="50.85699" lon="4.58469">
    <ele>53.68000000000001</ele>
   </trkpt>
   <trkpt lat="50.85717" lon="4.58455">
    <ele>53.4</ele>
   </trkpt>
   <trkpt lat="50.85784200558901" lon="4.583978032973262">
    <ele>53.900000000000006</ele>
   </trkpt>
   <trkpt lat="50.858514008382535" lon="4.58340604946166">
    <ele>56.92</ele>
   </trkpt>
   <trkpt lat="50.85918600838042" lon="4.582834049464395">
    <ele>61.85</ele>
   </trkpt>
   <trkpt lat="50.8598580055825" lon="4.582262032980665">
    <ele>66.23</ele>
   </trkpt>
   <trkpt lat="50.860530000000004" lon="4.58169">
    <ele>69.82000000000001</ele>
   </trkpt>
   <trkpt lat="50.86102500053536" lon="4.58129500429804">
    <ele>72.39000000000001</ele>
   </trkpt>
   <trkpt lat="50.861520000000006" lon="4.580900000000001">
    <ele>77.81</ele>
   </trkpt>
   <trkpt lat="50.86216" lon="4.58044">
    <ele>82.11</ele>
   </trkpt>
   <trkpt lat="50.86243" lon="4.58032">
    <ele>83.12</ele>
   </trkpt>
   <trkpt lat="50.86267" lon="4.5802700000000005">
    <ele>83.30000000000001</ele>
   </trkpt>
   <trkpt lat="50.86303" lon="4.580290000000001">
    <ele>82.83</ele>
   </trkpt>
   <trkpt lat="50.86318000000001" lon="4.5803400000000005">
    <ele>82.46000000000001</ele>
   </trkpt>
   <trkpt lat="50.86393750124086" lon="4.580652484763548">
    <ele>80.81</ele>
   </trkpt>
   <trkpt lat="50.86469500164738" lon="4.580964979681384">
    <ele>82.77000000000001</ele>
   </trkpt>
   <trkpt lat="50.86545250121946" lon="4.5812774847541">
    <ele>85.74000000000001</ele>
   </trkpt>
   <trkpt lat="50.86621" lon="4.58159">
    <ele>89.02</ele>
   </trkpt>
   <trkpt lat="50.866330000000005" lon="4.5816300000000005">
    <ele>89.43</ele>
   </trkpt>
   <trkpt lat="50.86654000000001" lon="4.581650000000001">
    <ele>89.69</ele>
   </trkpt>
   <trkpt lat="50.86675" lon="4.581600000000001">
    <ele>90.02</ele>
   </trkpt>
   <trkpt lat="50.86697" lon="4.5814900000000005">
    <ele>90.13</ele>
   </trkpt>
   <trkpt lat="50.86722" lon="4.58122">
    <ele>89.49000000000001</ele>
   </trkpt>
   <trkpt lat="50.86766" lon="4.580520000000001">
    <ele>86.31000000000002</ele>
   </trkpt>
   <trkpt lat="50.86797000000001" lon="4.580150000000001">
    <ele>85.31</ele>
   </trkpt>
   <trkpt lat="50.86824000000001" lon="4.57995">
    <ele>84.29</ele>
   </trkpt>
   <trkpt lat="50.86869" lon="4.579770000000001">
    <ele>81.06</ele>
   </trkpt>
   <trkpt lat="50.86941" lon="4.57953">
    <ele>77.30000000000001</ele>
   </trkpt>
   <trkpt lat="50.869710000000005" lon="4.57946">
    <ele>73.25000000000001</ele>
   </trkpt>
   <trkpt lat="50.87026500023906" lon="4.579365001096814">
    <ele>70.69</ele>
   </trkpt>
   <trkpt lat="50.87082" lon="4.57927">
    <ele>67.49000000000001</ele>
   </trkpt>
   <trkpt lat="50.871339999942066" lon="4.5791600012503775">
    <ele>65.09</ele>
   </trkpt>
   <trkpt lat="50.871860000000005" lon="4.5790500000000005">
    <ele>64.02000000000001</ele>
   </trkpt>
   <trkpt lat="50.8721" lon="4.5789800000000005">
    <ele>62.27</ele>
   </trkpt>
   <trkpt lat="50.872310000000006" lon="4.5789">
    <ele>60.59</ele>
   </trkpt>
   <trkpt lat="50.873160000000006" lon="4.57847">
    <ele>55.300000000000004</ele>
   </trkpt>
   <trkpt lat="50.873990000000006" lon="4.5782300000000005">
    <ele>52.410000000000004</ele>
   </trkpt>
   <trkpt lat="50.87467" lon="4.57796">
    <ele>49.040000000000006</ele>
   </trkpt>
   <trkpt lat="50.874880000000005" lon="4.57784">
    <ele>48.52</ele>
   </trkpt>
   <trkpt lat="50.875280000000004" lon="4.577520000000001">
    <ele>47.66</ele>
   </trkpt>
   <trkpt lat="50.87536000000001" lon="4.5774300000000006">
    <ele>47.52</ele>
   </trkpt>
   <trkpt lat="50.875400000000006" lon="4.57741">
    <ele>47.52</ele>
   </trkpt>
   <trkpt lat="50.87545" lon="4.57741">
    <ele>47.52</ele>
   </trkpt>
   <trkpt lat="50.87556000000001" lon="4.57676">
    <ele>47.080000000000005</ele>
   </trkpt>
   <trkpt lat="50.875530000000005" lon="4.5765">
    <ele>47.06</ele>
   </trkpt>
   <trkpt lat="50.875040000000006" lon="4.575740000000001">
    <ele>47.7</ele>
   </trkpt>
   <trkpt lat="50.87564666994036" lon="4.57512334936334">
    <ele>47.81</ele>
   </trkpt>
   <trkpt lat="50.876253336631805" lon="4.574506682671767">
    <ele>48.370000000000005</ele>
   </trkpt>
   <trkpt lat="50.87686" lon="4.5738900000000005">
    <ele>48.580000000000005</ele>
   </trkpt>
   <trkpt lat="50.87747" lon="4.57321">
    <ele>48.900000000000006</ele>
   </trkpt>
   <trkpt lat="50.87800000000001" lon="4.5727">
    <ele>48.410000000000004</ele>
   </trkpt>
   <trkpt lat="50.87805" lon="4.5726700000000005">
    <ele>48.410000000000004</ele>
   </trkpt>
   <trkpt lat="50.87854000135476" lon="4.572130005558047">
    <ele>48.220000000000006</ele>
   </trkpt>
   <trkpt lat="50.87903000000001" lon="4.5715900000000005">
    <ele>47.470000000000006</ele>
   </trkpt>
   <trkpt lat="50.878820000000005" lon="4.5712">
    <ele>47.75</ele>
   </trkpt>
   <trkpt lat="50.87917" lon="4.57057">
    <ele>47.53</ele>
   </trkpt>
   <trkpt lat="50.879180000000005" lon="4.57043">
    <ele>47.53</ele>
   </trkpt>
   <trkpt lat="50.8791" lon="4.56996">
    <ele>47.13</ele>
   </trkpt>
   <trkpt lat="50.8791" lon="4.569850000000001">
    <ele>47.13</ele>
   </trkpt>
   <trkpt lat="50.879470000000005" lon="4.56916">
    <ele>46.43000000000001</ele>
   </trkpt>
   <trkpt lat="50.8798" lon="4.5686">
    <ele>45.27</ele>
   </trkpt>
   <trkpt lat="50.88013" lon="4.56812">
    <ele>44.93000000000001</ele>
   </trkpt>
   <trkpt lat="50.88017000000001" lon="4.5680000000000005">
    <ele>44.85</ele>
   </trkpt>
   <trkpt lat="50.880190000000006" lon="4.567760000000001">
    <ele>44.78</ele>
   </trkpt>
   <trkpt lat="50.880120000000005" lon="4.566890000000001">
    <ele>45.290000000000006</ele>
   </trkpt>
   <trkpt lat="50.88011" lon="4.566470000000001">
    <ele>45.42</ele>
   </trkpt>
   <trkpt lat="50.88018" lon="4.56641">
    <ele>45.44</ele>
   </trkpt>
   <trkpt lat="50.880190000000006" lon="4.56629">
    <ele>45.52</ele>
   </trkpt>
   <trkpt lat="50.88015000000001" lon="4.5662">
    <ele>45.52</ele>
   </trkpt>
   <trkpt lat="50.88009" lon="4.566190000000001">
    <ele>45.540000000000006</ele>
   </trkpt>
   <trkpt lat="50.88007500397583" lon="4.5652249995527665">
    <ele>45.6</ele>
   </trkpt>
   <trkpt lat="50.88006000000001" lon="4.56426">
    <ele>46.400000000000006</ele>
   </trkpt>
   <trkpt lat="50.88009" lon="4.564">
    <ele>46.84</ele>
   </trkpt>
   <trkpt lat="50.8802800044732" lon="4.562975004259301">
    <ele>48.510000000000005</ele>
   </trkpt>
   <trkpt lat="50.88047" lon="4.56195">
    <ele>50.81</ele>
   </trkpt>
   <trkpt lat="50.880500000000005" lon="4.5613600000000005">
    <ele>51.38</ele>
   </trkpt>
   <trkpt lat="50.88046000000001" lon="4.560790000000001">
    <ele>52.4</ele>
   </trkpt>
   <trkpt lat="50.88025667903526" lon="4.559586656149994">
    <ele>53.51</ele>
   </trkpt>
   <trkpt lat="50.880053345699395" lon="4.558383322801851">
    <ele>54.39000000000001</ele>
   </trkpt>
   <trkpt lat="50.879850000000005" lon="4.557180000000001">
    <ele>53.95</ele>
   </trkpt>
   <trkpt lat="50.879585004370135" lon="4.556164994109897">
    <ele>53.13</ele>
   </trkpt>
   <trkpt lat="50.87932000000001" lon="4.55515">
    <ele>51.45</ele>
   </trkpt>
   <trkpt lat="50.87915500737745" lon="4.55383499526884">
    <ele>50.9</ele>
   </trkpt>
   <trkpt lat="50.87899" lon="4.55252">
    <ele>50.96</ele>
   </trkpt>
  </trkseg>
 </trk>
</gpx>
