<?xml version="1.0" encoding="UTF-8"?>
<gpx creator="StravaGPX" version="1.1" xmlns="http://www.topografix.com/GPX/1/1" xmlns:xsi="http://www.w3.org/2001/XMLSchema-instance" xsi:schemaLocation="http://www.topografix.com/GPX/1/1 http://www.topografix.com/GPX/1/1/gpx.xsd">
 <metadata>
  <name>OACT - Maransart</name>
  <desc>De Wringers</desc>
  <author>
   <name>Haecky 🐻</name>
   <link href="https://www.strava.com/athletes/1643587"/>
  </author>
  <copyright author="OpenStreetMap contributors">
   <year>2020</year>
   <license>https://www.openstreetmap.org/copyright</license>
  </copyright>
  <link href="https://www.strava.com/routes/3468280434781941938"/>
 </metadata>
 <trk>
  <name>OACT - Maransart</name>
  <desc>De Wringers</desc>
  <link href="https://www.strava.com/routes/3468280434781941938"/>
  <type>cycling</type>
  <trkseg>
   <trkpt lat="50.87897" lon="4.552370000000001">
    <ele>50.96</ele>
   </trkpt>
   <trkpt lat="50.87914500826789" lon="4.553759994894249">
    <ele>50.9</ele>
   </trkpt>
   <trkpt lat="50.87932000000001" lon="4.55515">
    <ele>51.45</ele>
   </trkpt>
   <trkpt lat="50.879585004431604" lon="4.55616499434535">
    <ele>53.13</ele>
   </trkpt>
   <trkpt lat="50.879850000000005" lon="4.557180000000001">
    <ele>54.19</ele>
   </trkpt>
   <trkpt lat="50.88005334570682" lon="4.558383322845809">
    <ele>54.39000000000001</ele>
   </trkpt>
   <trkpt lat="50.880256679042695" lon="4.559586656193951">
    <ele>53.51</ele>
   </trkpt>
   <trkpt lat="50.88046000000001" lon="4.560790000000001">
    <ele>51.77</ele>
   </trkpt>
   <trkpt lat="50.880500000000005" lon="4.5613600000000005">
    <ele>51.38</ele>
   </trkpt>
   <trkpt lat="50.88047" lon="4.56195">
    <ele>50.81</ele>
   </trkpt>
   <trkpt lat="50.88028000450277" lon="4.562975004099827">
    <ele>48.510000000000005</ele>
   </trkpt>
   <trkpt lat="50.88009" lon="4.564">
    <ele>46.540000000000006</ele>
   </trkpt>
   <trkpt lat="50.88006000000001" lon="4.56426">
    <ele>46.3</ele>
   </trkpt>
   <trkpt lat="50.88007500398007" lon="4.565224999825937">
    <ele>45.6</ele>
   </trkpt>
   <trkpt lat="50.88009" lon="4.566190000000001">
    <ele>45.480000000000004</ele>
   </trkpt>
   <trkpt lat="50.880030000000005" lon="4.56625">
    <ele>45.480000000000004</ele>
   </trkpt>
   <trkpt lat="50.88002" lon="4.566350000000001">
    <ele>45.480000000000004</ele>
   </trkpt>
   <trkpt lat="50.87944000035847" lon="4.566675004097275">
    <ele>45.86000000000001</ele>
   </trkpt>
   <trkpt lat="50.87886" lon="4.567">
    <ele>47.61000000000001</ele>
   </trkpt>
   <trkpt lat="50.87834500079326" lon="4.567430004749405">
    <ele>50.160000000000004</ele>
   </trkpt>
   <trkpt lat="50.87783" lon="4.5678600000000005">
    <ele>53.64000000000001</ele>
   </trkpt>
   <trkpt lat="50.877390000000005" lon="4.5681">
    <ele>55.89</ele>
   </trkpt>
   <trkpt lat="50.87733" lon="4.56801">
    <ele>55.66</ele>
   </trkpt>
   <trkpt lat="50.877300000000005" lon="4.5680000000000005">
    <ele>55.66</ele>
   </trkpt>
   <trkpt lat="50.87724000000001" lon="4.568020000000001">
    <ele>55.66</ele>
   </trkpt>
   <trkpt lat="50.8772" lon="4.5681">
    <ele>56.09</ele>
   </trkpt>
   <trkpt lat="50.877190000000006" lon="4.56815">
    <ele>56.09</ele>
   </trkpt>
   <trkpt lat="50.87706000000001" lon="4.5681400000000005">
    <ele>56.46</ele>
   </trkpt>
   <trkpt lat="50.87662" lon="4.56822">
    <ele>57.900000000000006</ele>
   </trkpt>
   <trkpt lat="50.87597" lon="4.568490000000001">
    <ele>59.34</ele>
   </trkpt>
   <trkpt lat="50.87559" lon="4.56857">
    <ele>59.870000000000005</ele>
   </trkpt>
   <trkpt lat="50.875150000000005" lon="4.56864">
    <ele>60.13</ele>
   </trkpt>
   <trkpt lat="50.874990000000004" lon="4.568700000000001">
    <ele>60.2</ele>
   </trkpt>
   <trkpt lat="50.874790000000004" lon="4.56874">
    <ele>60.410000000000004</ele>
   </trkpt>
   <trkpt lat="50.8746" lon="4.56871">
    <ele>60.52</ele>
   </trkpt>
   <trkpt lat="50.873870000000004" lon="4.56838">
    <ele>60.24</ele>
   </trkpt>
   <trkpt lat="50.87368000000001" lon="4.56826">
    <ele>60.59</ele>
   </trkpt>
   <trkpt lat="50.87351" lon="4.5681">
    <ele>60.59</ele>
   </trkpt>
   <trkpt lat="50.873360000000005" lon="4.56784">
    <ele>61.33</ele>
   </trkpt>
   <trkpt lat="50.87326" lon="4.567620000000001">
    <ele>61.790000000000006</ele>
   </trkpt>
   <trkpt lat="50.873160000000006" lon="4.56717">
    <ele>62.13</ele>
   </trkpt>
   <trkpt lat="50.872980000000005" lon="4.5659600000000005">
    <ele>63.73000000000001</ele>
   </trkpt>
   <trkpt lat="50.87288" lon="4.5656300000000005">
    <ele>64.14</ele>
   </trkpt>
   <trkpt lat="50.872780000000006" lon="4.56547">
    <ele>64.14</ele>
   </trkpt>
   <trkpt lat="50.872640000000004" lon="4.565370000000001">
    <ele>64.71000000000001</ele>
   </trkpt>
   <trkpt lat="50.8719050003986" lon="4.565039994766231">
    <ele>66.15</ele>
   </trkpt>
   <trkpt lat="50.871170000000006" lon="4.564710000000001">
    <ele>66.67</ele>
   </trkpt>
   <trkpt lat="50.870990000000006" lon="4.56461">
    <ele>66.55000000000001</ele>
   </trkpt>
   <trkpt lat="50.870670000000004" lon="4.56437">
    <ele>66.35000000000001</ele>
   </trkpt>
   <trkpt lat="50.87053" lon="4.564240000000001">
    <ele>66.35000000000001</ele>
   </trkpt>
   <trkpt lat="50.86992500220822" lon="4.563509990442698">
    <ele>66.11</ele>
   </trkpt>
   <trkpt lat="50.86932" lon="4.56278">
    <ele>66.16000000000001</ele>
   </trkpt>
   <trkpt lat="50.86896" lon="4.562390000000001">
    <ele>66.06</ele>
   </trkpt>
   <trkpt lat="50.86835000319295" lon="4.561892480486602">
    <ele>65.64</ele>
   </trkpt>
   <trkpt lat="50.86774000427106" lon="4.561394973993818">
    <ele>66.24000000000001</ele>
   </trkpt>
   <trkpt lat="50.86713000323441" lon="4.560897480521072">
    <ele>68.71000000000001</ele>
   </trkpt>
   <trkpt lat="50.86652" lon="4.5604000000000005">
    <ele>71.93</ele>
   </trkpt>
   <trkpt lat="50.866310000000006" lon="4.56017">
    <ele>73.47000000000001</ele>
   </trkpt>
   <trkpt lat="50.86569" lon="4.55938">
    <ele>78.63000000000001</ele>
   </trkpt>
   <trkpt lat="50.86543" lon="4.5591">
    <ele>80.47</ele>
   </trkpt>
   <trkpt lat="50.8648466693052" lon="4.558543319394413">
    <ele>84.51</ele>
   </trkpt>
   <trkpt lat="50.864263335962605" lon="4.557986652719144">
    <ele>88.66</ele>
   </trkpt>
   <trkpt lat="50.86368" lon="4.55743">
    <ele>92.59</ele>
   </trkpt>
   <trkpt lat="50.863400000000006" lon="4.55722">
    <ele>93.82000000000001</ele>
   </trkpt>
   <trkpt lat="50.863220000000005" lon="4.55715">
    <ele>94.92</ele>
   </trkpt>
   <trkpt lat="50.862380000110086" lon="4.5570499982064305">
    <ele>97.83000000000001</ele>
   </trkpt>
   <trkpt lat="50.861540000000005" lon="4.5569500000000005">
    <ele>98.58000000000001</ele>
   </trkpt>
   <trkpt lat="50.86104" lon="4.556900000000001">
    <ele>98.97</ele>
   </trkpt>
   <trkpt lat="50.86086" lon="4.55684">
    <ele>99.23</ele>
   </trkpt>
   <trkpt lat="50.86075" lon="4.556760000000001">
    <ele>99.38000000000001</ele>
   </trkpt>
   <trkpt lat="50.86065000000001" lon="4.55665">
    <ele>99.38000000000001</ele>
   </trkpt>
   <trkpt lat="50.86043" lon="4.556290000000001">
    <ele>99.60000000000001</ele>
   </trkpt>
   <trkpt lat="50.86010000178544" lon="4.555639995361218">
    <ele>99.98000000000002</ele>
   </trkpt>
   <trkpt lat="50.859770000000005" lon="4.55499">
    <ele>100.38000000000001</ele>
   </trkpt>
   <trkpt lat="50.85947" lon="4.55443">
    <ele>100.7</ele>
   </trkpt>
   <trkpt lat="50.859230000000004" lon="4.55405">
    <ele>100.78</ele>
   </trkpt>
   <trkpt lat="50.85889000099165" lon="4.55357499657534">
    <ele>101.34000000000002</ele>
   </trkpt>
   <trkpt lat="50.85855" lon="4.553100000000001">
    <ele>101.34000000000002</ele>
   </trkpt>
   <trkpt lat="50.85831" lon="4.552790000000001">
    <ele>101.47</ele>
   </trkpt>
   <trkpt lat="50.85810000000001" lon="4.55255">
    <ele>101.53</ele>
   </trkpt>
   <trkpt lat="50.85779" lon="4.55233">
    <ele>101.57000000000001</ele>
   </trkpt>
   <trkpt lat="50.85765000000001" lon="4.55226">
    <ele>101.5</ele>
   </trkpt>
   <trkpt lat="50.857330000000005" lon="4.5522100000000005">
    <ele>101.25</ele>
   </trkpt>
   <trkpt lat="50.85674000004278" lon="4.552215000062896">
    <ele>99.49000000000001</ele>
   </trkpt>
   <trkpt lat="50.85615000000001" lon="4.55222">
    <ele>97.47</ele>
   </trkpt>
   <trkpt lat="50.855880000000006" lon="4.5522100000000005">
    <ele>97.13000000000001</ele>
   </trkpt>
   <trkpt lat="50.85589" lon="4.55184">
    <ele>97.71000000000001</ele>
   </trkpt>
   <trkpt lat="50.855790000000006" lon="4.55126">
    <ele>98.35000000000001</ele>
   </trkpt>
   <trkpt lat="50.85578" lon="4.551100000000001">
    <ele>99.01000000000002</ele>
   </trkpt>
   <trkpt lat="50.8558" lon="4.55098">
    <ele>99.01000000000002</ele>
   </trkpt>
   <trkpt lat="50.855900000000005" lon="4.550750000000001">
    <ele>99.33</ele>
   </trkpt>
   <trkpt lat="50.85613000000001" lon="4.550190000000001">
    <ele>100.01</ele>
   </trkpt>
   <trkpt lat="50.85615000000001" lon="4.549980000000001">
    <ele>100.01</ele>
   </trkpt>
   <trkpt lat="50.85613000000001" lon="4.54982">
    <ele>100.01</ele>
   </trkpt>
   <trkpt lat="50.85567667769403" lon="4.548683311203001">
    <ele>100.43</ele>
   </trkpt>
   <trkpt lat="50.855223344347614" lon="4.547546644503966">
    <ele>100.72</ele>
   </trkpt>
   <trkpt lat="50.85477" lon="4.546410000000001">
    <ele>100.7</ele>
   </trkpt>
   <trkpt lat="50.854318358565905" lon="4.545323280730389">
    <ele>100.10000000000001</ele>
   </trkpt>
   <trkpt lat="50.85386670704063" lon="4.544236582507929">
    <ele>99.51</ele>
   </trkpt>
   <trkpt lat="50.85341504542452" lon="4.543149905332343">
    <ele>98.57000000000001</ele>
   </trkpt>
   <trkpt lat="50.85296337371799" lon="4.5420632492033555">
    <ele>97.93</ele>
   </trkpt>
   <trkpt lat="50.852511691921336" lon="4.540976614120691">
    <ele>96.98</ele>
   </trkpt>
   <trkpt lat="50.85206" lon="4.539890000000001">
    <ele>95.67999999999999</ele>
   </trkpt>
   <trkpt lat="50.85173" lon="4.53992">
    <ele>96.05000000000001</ele>
   </trkpt>
   <trkpt lat="50.85155" lon="4.539910000000001">
    <ele>96.12</ele>
   </trkpt>
   <trkpt lat="50.85076999992831" lon="4.539854999074316">
    <ele>96.01</ele>
   </trkpt>
   <trkpt lat="50.849990000000005" lon="4.5398000000000005">
    <ele>94.84</ele>
   </trkpt>
   <trkpt lat="50.84982" lon="4.53976">
    <ele>94.68</ele>
   </trkpt>
   <trkpt lat="50.849650000000004" lon="4.53967">
    <ele>94.02000000000001</ele>
   </trkpt>
   <trkpt lat="50.848935001659136" lon="4.539034990210387">
    <ele>93.21</ele>
   </trkpt>
   <trkpt lat="50.848220000000005" lon="4.5384">
    <ele>92.87</ele>
   </trkpt>
   <trkpt lat="50.848090000000006" lon="4.53831">
    <ele>92.48</ele>
   </trkpt>
   <trkpt lat="50.84789000000001" lon="4.53821">
    <ele>92.26</ele>
   </trkpt>
   <trkpt lat="50.84767" lon="4.53814">
    <ele>91.81</ele>
   </trkpt>
   <trkpt lat="50.84707" lon="4.538080000000001">
    <ele>91.14000000000001</ele>
   </trkpt>
   <trkpt lat="50.8468" lon="4.53802">
    <ele>91.02</ele>
   </trkpt>
   <trkpt lat="50.84644" lon="4.53789">
    <ele>90.72000000000001</ele>
   </trkpt>
   <trkpt lat="50.845980000000004" lon="4.53765">
    <ele>90.00000000000001</ele>
   </trkpt>
   <trkpt lat="50.84559" lon="4.53735">
    <ele>89.27</ele>
   </trkpt>
   <trkpt lat="50.845015000936804" lon="4.536864993964951">
    <ele>87.22</ele>
   </trkpt>
   <trkpt lat="50.844440000000006" lon="4.53638">
    <ele>85.45000000000002</ele>
   </trkpt>
   <trkpt lat="50.8442" lon="4.5362100000000005">
    <ele>85.05</ele>
   </trkpt>
   <trkpt lat="50.84347" lon="4.53579">
    <ele>83.5</ele>
   </trkpt>
   <trkpt lat="50.84329" lon="4.53573">
    <ele>82.67</ele>
   </trkpt>
   <trkpt lat="50.843140000000005" lon="4.53572">
    <ele>82.67</ele>
   </trkpt>
   <trkpt lat="50.84297" lon="4.5357400000000005">
    <ele>81.91000000000001</ele>
   </trkpt>
   <trkpt lat="50.842760000000006" lon="4.5358600000000004">
    <ele>81.01</ele>
   </trkpt>
   <trkpt lat="50.84202000756932" lon="4.536526042260341">
    <ele>78.74000000000001</ele>
   </trkpt>
   <trkpt lat="50.841280011347735" lon="4.537192063394822">
    <ele>76.30000000000001</ele>
   </trkpt>
   <trkpt lat="50.84054001133545" lon="4.537858063404561">
    <ele>75.04</ele>
   </trkpt>
   <trkpt lat="50.839800007532695" lon="4.538524042290676">
    <ele>74.17</ele>
   </trkpt>
   <trkpt lat="50.83906" lon="4.5391900000000005">
    <ele>73.64000000000001</ele>
   </trkpt>
   <trkpt lat="50.83892" lon="4.539300000000001">
    <ele>73.53000000000002</ele>
   </trkpt>
   <trkpt lat="50.83840000000001" lon="4.53962">
    <ele>73.85000000000001</ele>
   </trkpt>
   <trkpt lat="50.838260000000005" lon="4.53969">
    <ele>73.99</ele>
   </trkpt>
   <trkpt lat="50.83782000000889" lon="4.53986000164715">
    <ele>75.28</ele>
   </trkpt>
   <trkpt lat="50.83738" lon="4.540030000000001">
    <ele>76.42</ele>
   </trkpt>
   <trkpt lat="50.83753" lon="4.54039">
    <ele>78.13000000000001</ele>
   </trkpt>
   <trkpt lat="50.83781000266474" lon="4.541174995378549">
    <ele>80.57000000000001</ele>
   </trkpt>
   <trkpt lat="50.83809" lon="4.54196">
    <ele>82.79</ele>
   </trkpt>
   <trkpt lat="50.837790000000005" lon="4.5426">
    <ele>82.88000000000001</ele>
   </trkpt>
   <trkpt lat="50.83749" lon="4.54335">
    <ele>82.66000000000001</ele>
   </trkpt>
   <trkpt lat="50.83715" lon="4.54453">
    <ele>81.96000000000001</ele>
   </trkpt>
   <trkpt lat="50.83698000186662" lon="4.545200002643849">
    <ele>80.82000000000001</ele>
   </trkpt>
   <trkpt lat="50.83681000000001" lon="4.545870000000001">
    <ele>79.29</ele>
   </trkpt>
   <trkpt lat="50.836740000000006" lon="4.54619">
    <ele>78.61000000000001</ele>
   </trkpt>
   <trkpt lat="50.836650000000006" lon="4.54699">
    <ele>77.4</ele>
   </trkpt>
   <trkpt lat="50.83663000000001" lon="4.54741">
    <ele>77.04</ele>
   </trkpt>
   <trkpt lat="50.836595005359364" lon="4.548530000865531">
    <ele>77.01</ele>
   </trkpt>
   <trkpt lat="50.836560000000006" lon="4.549650000000001">
    <ele>76.18</ele>
   </trkpt>
   <trkpt lat="50.836380000000005" lon="4.55056">
    <ele>75.29</ele>
   </trkpt>
   <trkpt lat="50.8361450058641" lon="4.551730005818528">
    <ele>74.06</ele>
   </trkpt>
   <trkpt lat="50.835910000000005" lon="4.5529">
    <ele>71.87</ele>
   </trkpt>
   <trkpt lat="50.835746674992194" lon="4.553886673538536">
    <ele>69.35000000000001</ele>
   </trkpt>
   <trkpt lat="50.8355833416645" lon="4.554873340171023">
    <ele>66.58</ele>
   </trkpt>
   <trkpt lat="50.835420000000006" lon="4.55586">
    <ele>63.74</ele>
   </trkpt>
   <trkpt lat="50.835300000000004" lon="4.556170000000001">
    <ele>62.6</ele>
   </trkpt>
   <trkpt lat="50.834720000000004" lon="4.55705">
    <ele>60.08</ele>
   </trkpt>
   <trkpt lat="50.83457000000001" lon="4.55726">
    <ele>59.74</ele>
   </trkpt>
   <trkpt lat="50.83447" lon="4.55733">
    <ele>59.74</ele>
   </trkpt>
   <trkpt lat="50.83380500016898" lon="4.557595003827975">
    <ele>56.96</ele>
   </trkpt>
   <trkpt lat="50.83314000000001" lon="4.557860000000001">
    <ele>56.790000000000006</ele>
   </trkpt>
   <trkpt lat="50.833040000000004" lon="4.55792">
    <ele>57.0</ele>
   </trkpt>
   <trkpt lat="50.83279" lon="4.5581000000000005">
    <ele>57.45000000000001</ele>
   </trkpt>
   <trkpt lat="50.832420000000006" lon="4.55853">
    <ele>59.7</ele>
   </trkpt>
   <trkpt lat="50.83238000000001" lon="4.55849">
    <ele>59.99</ele>
   </trkpt>
   <trkpt lat="50.832330000000006" lon="4.5585">
    <ele>59.99</ele>
   </trkpt>
   <trkpt lat="50.83229000000001" lon="4.55855">
    <ele>60.42</ele>
   </trkpt>
   <trkpt lat="50.83216" lon="4.55848">
    <ele>60.42</ele>
   </trkpt>
   <trkpt lat="50.832080000000005" lon="4.5583100000000005">
    <ele>61.02</ele>
   </trkpt>
   <trkpt lat="50.832" lon="4.55809">
    <ele>61.96000000000001</ele>
   </trkpt>
   <trkpt lat="50.8318200035094" lon="4.557179996342785">
    <ele>62.910000000000004</ele>
   </trkpt>
   <trkpt lat="50.83164000000001" lon="4.5562700000000005">
    <ele>62.67</ele>
   </trkpt>
   <trkpt lat="50.831540000000004" lon="4.55604">
    <ele>62.94000000000001</ele>
   </trkpt>
   <trkpt lat="50.831450000000004" lon="4.55592">
    <ele>63.13</ele>
   </trkpt>
   <trkpt lat="50.83137000000001" lon="4.55588">
    <ele>63.25</ele>
   </trkpt>
   <trkpt lat="50.830780000000004" lon="4.55606">
    <ele>66.19</ele>
   </trkpt>
   <trkpt lat="50.830490000000005" lon="4.55609">
    <ele>67.04</ele>
   </trkpt>
   <trkpt lat="50.830020000000005" lon="4.556100000000001">
    <ele>69.21000000000001</ele>
   </trkpt>
   <trkpt lat="50.82963" lon="4.55607">
    <ele>69.59</ele>
   </trkpt>
   <trkpt lat="50.829080000000005" lon="4.55597">
    <ele>66.42</ele>
   </trkpt>
   <trkpt lat="50.82861000047534" lon="4.555804998464777">
    <ele>64.59</ele>
   </trkpt>
   <trkpt lat="50.828140000000005" lon="4.55564">
    <ele>64.0</ele>
   </trkpt>
   <trkpt lat="50.827940000000005" lon="4.5556">
    <ele>63.99</ele>
   </trkpt>
   <trkpt lat="50.827760000000005" lon="4.55558">
    <ele>63.97</ele>
   </trkpt>
   <trkpt lat="50.82716999978507" lon="4.55558">
    <ele>64.21000000000001</ele>
   </trkpt>
   <trkpt lat="50.82658000000001" lon="4.55558">
    <ele>65.44000000000001</ele>
   </trkpt>
   <trkpt lat="50.826104999945215" lon="4.555519999380673">
    <ele>68.13000000000001</ele>
   </trkpt>
   <trkpt lat="50.825630000000004" lon="4.55546">
    <ele>69.94</ele>
   </trkpt>
   <trkpt lat="50.825144999829355" lon="4.55546">
    <ele>71.55</ele>
   </trkpt>
   <trkpt lat="50.82466" lon="4.55546">
    <ele>73.42</ele>
   </trkpt>
   <trkpt lat="50.824130000169355" lon="4.555414999502818">
    <ele>75.18</ele>
   </trkpt>
   <trkpt lat="50.823600000000006" lon="4.555370000000001">
    <ele>76.98</ele>
   </trkpt>
   <trkpt lat="50.823019999965794" lon="4.555339999625369">
    <ele>78.48</ele>
   </trkpt>
   <trkpt lat="50.82244000000001" lon="4.55531">
    <ele>82.62</ele>
   </trkpt>
   <trkpt lat="50.82159000000001" lon="4.555300000000001">
    <ele>88.35000000000001</ele>
   </trkpt>
   <trkpt lat="50.82108000012135" lon="4.55527999978625">
    <ele>92.98</ele>
   </trkpt>
   <trkpt lat="50.820570000000004" lon="4.5552600000000005">
    <ele>96.91000000000001</ele>
   </trkpt>
   <trkpt lat="50.82034" lon="4.55518">
    <ele>98.25</ele>
   </trkpt>
   <trkpt lat="50.8196" lon="4.55485">
    <ele>100.32000000000001</ele>
   </trkpt>
   <trkpt lat="50.818850000000005" lon="4.55464">
    <ele>102.47</ele>
   </trkpt>
   <trkpt lat="50.81871" lon="4.55457">
    <ele>102.47</ele>
   </trkpt>
   <trkpt lat="50.81852000000001" lon="4.5543700000000005">
    <ele>102.72</ele>
   </trkpt>
   <trkpt lat="50.81833" lon="4.553920000000001">
    <ele>102.77000000000001</ele>
   </trkpt>
   <trkpt lat="50.818180000000005" lon="4.55349">
    <ele>102.72</ele>
   </trkpt>
   <trkpt lat="50.81785000000001" lon="4.55281">
    <ele>101.96000000000001</ele>
   </trkpt>
   <trkpt lat="50.81779" lon="4.55278">
    <ele>101.96000000000001</ele>
   </trkpt>
   <trkpt lat="50.81777" lon="4.552790000000001">
    <ele>101.96000000000001</ele>
   </trkpt>
   <trkpt lat="50.817080000000004" lon="4.55348">
    <ele>99.60000000000001</ele>
   </trkpt>
   <trkpt lat="50.816950000000006" lon="4.55325">
    <ele>99.32000000000001</ele>
   </trkpt>
   <trkpt lat="50.816480000000006" lon="4.552630000000001">
    <ele>97.82000000000001</ele>
   </trkpt>
   <trkpt lat="50.81613" lon="4.55191">
    <ele>96.84</ele>
   </trkpt>
   <trkpt lat="50.81607" lon="4.55187">
    <ele>96.55000000000001</ele>
   </trkpt>
   <trkpt lat="50.815760000000004" lon="4.55191">
    <ele>96.35000000000001</ele>
   </trkpt>
   <trkpt lat="50.81536000360469" lon="4.550999992355445">
    <ele>95.31</ele>
   </trkpt>
   <trkpt lat="50.814960000000006" lon="4.55009">
    <ele>95.9</ele>
   </trkpt>
   <trkpt lat="50.81461500202364" lon="4.549394994784186">
    <ele>96.82000000000001</ele>
   </trkpt>
   <trkpt lat="50.81427000000001" lon="4.5487">
    <ele>98.25</ele>
   </trkpt>
   <trkpt lat="50.813778020005515" lon="4.54761795439104">
    <ele>99.15</ele>
   </trkpt>
   <trkpt lat="50.81328603000355" lon="4.546535931577459">
    <ele>99.02000000000001</ele>
   </trkpt>
   <trkpt lat="50.8127940299945" lon="4.545453931558843">
    <ele>99.07000000000001</ele>
   </trkpt>
   <trkpt lat="50.812302019978766" lon="4.544371954334774">
    <ele>99.58</ele>
   </trkpt>
   <trkpt lat="50.81181" lon="4.543290000000001">
    <ele>101.03</ele>
   </trkpt>
   <trkpt lat="50.811800000000005" lon="4.54321">
    <ele>100.97</ele>
   </trkpt>
   <trkpt lat="50.811820000000004" lon="4.543130000000001">
    <ele>100.97</ele>
   </trkpt>
   <trkpt lat="50.81197" lon="4.542940000000001">
    <ele>100.93</ele>
   </trkpt>
   <trkpt lat="50.81264" lon="4.54223">
    <ele>101.11</ele>
   </trkpt>
   <trkpt lat="50.81289" lon="4.54201">
    <ele>100.74000000000001</ele>
   </trkpt>
   <trkpt lat="50.813120000000005" lon="4.541860000000001">
    <ele>100.01</ele>
   </trkpt>
   <trkpt lat="50.81398" lon="4.5414900000000005">
    <ele>95.96000000000001</ele>
   </trkpt>
   <trkpt lat="50.81461500025207" lon="4.541215003769704">
    <ele>92.93</ele>
   </trkpt>
   <trkpt lat="50.815250000000006" lon="4.54094">
    <ele>89.15</ele>
   </trkpt>
   <trkpt lat="50.81542" lon="4.54084">
    <ele>88.78000000000002</ele>
   </trkpt>
   <trkpt lat="50.815580000000004" lon="4.540710000000001">
    <ele>87.98</ele>
   </trkpt>
   <trkpt lat="50.815720000000006" lon="4.540520000000001">
    <ele>87.54</ele>
   </trkpt>
   <trkpt lat="50.815830000000005" lon="4.540310000000001">
    <ele>87.25</ele>
   </trkpt>
   <trkpt lat="50.815960000000004" lon="4.53997">
    <ele>87.15</ele>
   </trkpt>
   <trkpt lat="50.816100000000006" lon="4.5395">
    <ele>86.91</ele>
   </trkpt>
   <trkpt lat="50.816230002211825" lon="4.538775002210733">
    <ele>86.42000000000002</ele>
   </trkpt>
   <trkpt lat="50.81636" lon="4.53805">
    <ele>86.19</ele>
   </trkpt>
   <trkpt lat="50.81651" lon="4.5374300000000005">
    <ele>85.76</ele>
   </trkpt>
   <trkpt lat="50.81673500217329" lon="4.536720003360982">
    <ele>85.3</ele>
   </trkpt>
   <trkpt lat="50.81696" lon="4.53601">
    <ele>84.71000000000001</ele>
   </trkpt>
   <trkpt lat="50.81722500263513" lon="4.53521500470902">
    <ele>84.05000000000001</ele>
   </trkpt>
   <trkpt lat="50.81749000000001" lon="4.534420000000001">
    <ele>83.74000000000001</ele>
   </trkpt>
   <trkpt lat="50.817600000000006" lon="4.53404">
    <ele>83.5</ele>
   </trkpt>
   <trkpt lat="50.8179600053546" lon="4.532915008842025">
    <ele>81.36</ele>
   </trkpt>
   <trkpt lat="50.81832000000001" lon="4.53179">
    <ele>78.17999999999999</ele>
   </trkpt>
   <trkpt lat="50.818430000000006" lon="4.53127">
    <ele>75.37</ele>
   </trkpt>
   <trkpt lat="50.818450000000006" lon="4.5308">
    <ele>74.6</ele>
   </trkpt>
   <trkpt lat="50.818450000000006" lon="4.5297600000000005">
    <ele>74.15</ele>
   </trkpt>
   <trkpt lat="50.81848" lon="4.52944">
    <ele>74.83000000000001</ele>
   </trkpt>
   <trkpt lat="50.81853" lon="4.52927">
    <ele>75.00000000000001</ele>
   </trkpt>
   <trkpt lat="50.818650000000005" lon="4.528980000000001">
    <ele>74.36000000000001</ele>
   </trkpt>
   <trkpt lat="50.81926000393335" lon="4.528015012678997">
    <ele>75.53</ele>
   </trkpt>
   <trkpt lat="50.81987" lon="4.52705">
    <ele>77.99000000000001</ele>
   </trkpt>
   <trkpt lat="50.820366671501986" lon="4.526300015912874">
    <ele>80.81</ele>
   </trkpt>
   <trkpt lat="50.820863338196304" lon="4.525550015871374">
    <ele>83.29</ele>
   </trkpt>
   <trkpt lat="50.821360000000006" lon="4.5248">
    <ele>85.89</ele>
   </trkpt>
   <trkpt lat="50.821490000000004" lon="4.524520000000001">
    <ele>86.54</ele>
   </trkpt>
   <trkpt lat="50.82157" lon="4.52423">
    <ele>86.63000000000001</ele>
   </trkpt>
   <trkpt lat="50.821600000000004" lon="4.52392">
    <ele>86.49000000000001</ele>
   </trkpt>
   <trkpt lat="50.821600000000004" lon="4.52362">
    <ele>85.48</ele>
   </trkpt>
   <trkpt lat="50.821512523974356" lon="4.522252492296738">
    <ele>80.96000000000001</ele>
   </trkpt>
   <trkpt lat="50.82142503196505" lon="4.520884989717739">
    <ele>76.51</ele>
   </trkpt>
   <trkpt lat="50.8213375239722" lon="4.519517492263905">
    <ele>74.13</ele>
   </trkpt>
   <trkpt lat="50.821250000000006" lon="4.51815">
    <ele>72.76</ele>
   </trkpt>
   <trkpt lat="50.821270000000005" lon="4.51782">
    <ele>72.0</ele>
   </trkpt>
   <trkpt lat="50.82137" lon="4.5173700000000006">
    <ele>71.18</ele>
   </trkpt>
   <trkpt lat="50.82150000000001" lon="4.517060000000001">
    <ele>70.82000000000001</ele>
   </trkpt>
   <trkpt lat="50.82164" lon="4.51686">
    <ele>70.55</ele>
   </trkpt>
   <trkpt lat="50.821780000000004" lon="4.5166900000000005">
    <ele>70.43</ele>
   </trkpt>
   <trkpt lat="50.82225000146172" lon="4.516105005889532">
    <ele>69.83</ele>
   </trkpt>
   <trkpt lat="50.822720000000004" lon="4.51552">
    <ele>72.08</ele>
   </trkpt>
   <trkpt lat="50.82316" lon="4.5148600000000005">
    <ele>76.54</ele>
   </trkpt>
   <trkpt lat="50.823310000000006" lon="4.51454">
    <ele>77.9</ele>
   </trkpt>
   <trkpt lat="50.82345" lon="4.5144">
    <ele>78.26</ele>
   </trkpt>
   <trkpt lat="50.824040000000004" lon="4.51431">
    <ele>77.22000000000001</ele>
   </trkpt>
   <trkpt lat="50.82415" lon="4.514390000000001">
    <ele>77.01</ele>
   </trkpt>
   <trkpt lat="50.82424" lon="4.5144">
    <ele>76.71</ele>
   </trkpt>
   <trkpt lat="50.824490000000004" lon="4.5143">
    <ele>75.94000000000001</ele>
   </trkpt>
   <trkpt lat="50.82448" lon="4.51423">
    <ele>75.94000000000001</ele>
   </trkpt>
   <trkpt lat="50.824290000000005" lon="4.51346">
    <ele>76.57000000000001</ele>
   </trkpt>
   <trkpt lat="50.82437" lon="4.51308">
    <ele>76.27</ele>
   </trkpt>
   <trkpt lat="50.824470000000005" lon="4.512090000000001">
    <ele>76.50000000000001</ele>
   </trkpt>
   <trkpt lat="50.82449000262945" lon="4.511305000491164">
    <ele>75.88</ele>
   </trkpt>
   <trkpt lat="50.824510000000004" lon="4.5105200000000005">
    <ele>75.32000000000001</ele>
   </trkpt>
   <trkpt lat="50.82464" lon="4.509410000000001">
    <ele>74.94000000000001</ele>
   </trkpt>
   <trkpt lat="50.82464" lon="4.50919">
    <ele>74.84</ele>
   </trkpt>
   <trkpt lat="50.82452000000001" lon="4.508850000000001">
    <ele>74.84</ele>
   </trkpt>
   <trkpt lat="50.82421000120123" lon="4.508304996261667">
    <ele>75.51</ele>
   </trkpt>
   <trkpt lat="50.8239" lon="4.50776">
    <ele>76.09</ele>
   </trkpt>
   <trkpt lat="50.82376000000001" lon="4.507210000000001">
    <ele>76.37</ele>
   </trkpt>
   <trkpt lat="50.82362500220877" lon="4.506499998233761">
    <ele>76.86000000000001</ele>
   </trkpt>
   <trkpt lat="50.82349000000001" lon="4.50579">
    <ele>77.03</ele>
   </trkpt>
   <trkpt lat="50.82332500292915" lon="4.504959996992143">
    <ele>76.64</ele>
   </trkpt>
   <trkpt lat="50.82316" lon="4.50413">
    <ele>76.03</ele>
   </trkpt>
   <trkpt lat="50.82298000444305" lon="4.503109996050254">
    <ele>75.25000000000001</ele>
   </trkpt>
   <trkpt lat="50.8228" lon="4.50209">
    <ele>75.22000000000001</ele>
   </trkpt>
   <trkpt lat="50.822190000000006" lon="4.502350000000001">
    <ele>75.54</ele>
   </trkpt>
   <trkpt lat="50.82161000063067" lon="4.502620006704051">
    <ele>76.21</ele>
   </trkpt>
   <trkpt lat="50.821030000638245" lon="4.502890006700424">
    <ele>76.51</ele>
   </trkpt>
   <trkpt lat="50.82045" lon="4.50316">
    <ele>77.29</ele>
   </trkpt>
   <trkpt lat="50.82040000000001" lon="4.50316">
    <ele>77.29</ele>
   </trkpt>
   <trkpt lat="50.82032" lon="4.50309">
    <ele>77.29</ele>
   </trkpt>
   <trkpt lat="50.82021" lon="4.50283">
    <ele>77.52000000000001</ele>
   </trkpt>
   <trkpt lat="50.820150000000005" lon="4.502730000000001">
    <ele>77.75</ele>
   </trkpt>
   <trkpt lat="50.820080000000004" lon="4.50265">
    <ele>77.75</ele>
   </trkpt>
   <trkpt lat="50.81991000000001" lon="4.5025900000000005">
    <ele>77.9</ele>
   </trkpt>
   <trkpt lat="50.81982000000001" lon="4.50262">
    <ele>78.09</ele>
   </trkpt>
   <trkpt lat="50.81973000000001" lon="4.50267">
    <ele>78.09</ele>
   </trkpt>
   <trkpt lat="50.81911500078228" lon="4.503145006396229">
    <ele>80.52000000000001</ele>
   </trkpt>
   <trkpt lat="50.81850000000001" lon="4.503620000000001">
    <ele>87.8</ele>
   </trkpt>
   <trkpt lat="50.818400000000004" lon="4.50372">
    <ele>88.82000000000001</ele>
   </trkpt>
   <trkpt lat="50.81792500482599" lon="4.502659989272078">
    <ele>90.25000000000001</ele>
   </trkpt>
   <trkpt lat="50.81745" lon="4.501600000000001">
    <ele>91.86000000000001</ele>
   </trkpt>
   <trkpt lat="50.81711000000001" lon="4.501">
    <ele>91.96000000000001</ele>
   </trkpt>
   <trkpt lat="50.8167800010695" lon="4.500504996535756">
    <ele>91.96000000000001</ele>
   </trkpt>
   <trkpt lat="50.81645" lon="4.5000100000000005">
    <ele>92.23</ele>
   </trkpt>
   <trkpt lat="50.816230000000004" lon="4.49971">
    <ele>92.23</ele>
   </trkpt>
   <trkpt lat="50.81568000000001" lon="4.49915">
    <ele>92.31</ele>
   </trkpt>
   <trkpt lat="50.81520500061483" lon="4.498759996004626">
    <ele>92.57000000000001</ele>
   </trkpt>
   <trkpt lat="50.814730000000004" lon="4.49837">
    <ele>93.16000000000001</ele>
   </trkpt>
   <trkpt lat="50.814170000000004" lon="4.498010000000001">
    <ele>93.81</ele>
   </trkpt>
   <trkpt lat="50.81345750246794" lon="4.49756997985508">
    <ele>90.51</ele>
   </trkpt>
   <trkpt lat="50.81274500328095" lon="4.4971299731346805">
    <ele>99.62000000000002</ele>
   </trkpt>
   <trkpt lat="50.81203250243916" lon="4.496689979838084">
    <ele>99.62000000000002</ele>
   </trkpt>
   <trkpt lat="50.81132" lon="4.496250000000001">
    <ele>99.62000000000002</ele>
   </trkpt>
   <trkpt lat="50.8105600009507" lon="4.495779992357182">
    <ele>102.62</ele>
   </trkpt>
   <trkpt lat="50.8098" lon="4.495310000000001">
    <ele>105.48</ele>
   </trkpt>
   <trkpt lat="50.8090233387863" lon="4.49480495802219">
    <ele>108.46000000000001</ele>
   </trkpt>
   <trkpt lat="50.808246675392375" lon="4.4942999328375555">
    <ele>110.87</ele>
   </trkpt>
   <trkpt lat="50.80747000981841" lon="4.4937949244451225">
    <ele>114.0</ele>
   </trkpt>
   <trkpt lat="50.806693342064484" lon="4.493289932843917">
    <ele>116.44000000000001</ele>
   </trkpt>
   <trkpt lat="50.805916672130756" lon="4.492784958032958">
    <ele>119.22</ele>
   </trkpt>
   <trkpt lat="50.80514" lon="4.49228">
    <ele>118.43</ele>
   </trkpt>
   <trkpt lat="50.8043833383193" lon="4.4917966275249395">
    <ele>118.94</ele>
   </trkpt>
   <trkpt lat="50.8036266746414" lon="4.491313270706058">
    <ele>120.14000000000001</ele>
   </trkpt>
   <trkpt lat="50.802870008966416" lon="4.4908299295424685">
    <ele>119.48</ele>
   </trkpt>
   <trkpt lat="50.802113341294486" lon="4.490346604033282">
    <ele>117.32000000000001</ele>
   </trkpt>
   <trkpt lat="50.8013566716257" lon="4.48986329417761">
    <ele>111.50000000000001</ele>
   </trkpt>
   <trkpt lat="50.8006" lon="4.489380000000001">
    <ele>111.09</ele>
   </trkpt>
   <trkpt lat="50.7998857197803" lon="4.488917100407877">
    <ele>116.32000000000001</ele>
   </trkpt>
   <trkpt lat="50.79917143772894" lon="4.488454214966794">
    <ele>121.02000000000001</ele>
   </trkpt>
   <trkpt lat="50.79845715384601" lon="4.487991343675991">
    <ele>122.74000000000001</ele>
   </trkpt>
   <trkpt lat="50.79774286813162" lon="4.487528486534714">
    <ele>123.4</ele>
   </trkpt>
   <trkpt lat="50.79702858058588" lon="4.487065643542207">
    <ele>124.07000000000001</ele>
   </trkpt>
   <trkpt lat="50.79631429120887" lon="4.4866028146977115">
    <ele>124.84</ele>
   </trkpt>
   <trkpt lat="50.79560000000001" lon="4.486140000000001">
    <ele>125.68</ele>
   </trkpt>
   <trkpt lat="50.795410000000004" lon="4.48603">
    <ele>124.77000000000001</ele>
   </trkpt>
   <trkpt lat="50.79527" lon="4.4859800000000005">
    <ele>124.11000000000001</ele>
   </trkpt>
   <trkpt lat="50.794873338675394" lon="4.4851899866039915">
    <ele>124.00000000000001</ele>
   </trkpt>
   <trkpt lat="50.794476672015456" lon="4.484399986617557">
    <ele>123.17000000000002</ele>
   </trkpt>
   <trkpt lat="50.79408" lon="4.4836100000000005">
    <ele>121.91</ele>
   </trkpt>
   <trkpt lat="50.793890000000005" lon="4.4832600000000005">
    <ele>121.35000000000001</ele>
   </trkpt>
   <trkpt lat="50.793820000000004" lon="4.483230000000001">
    <ele>121.35000000000001</ele>
   </trkpt>
   <trkpt lat="50.79372000000001" lon="4.48338">
    <ele>121.25000000000001</ele>
   </trkpt>
   <trkpt lat="50.79355" lon="4.4839400000000005">
    <ele>121.23</ele>
   </trkpt>
   <trkpt lat="50.793020000000006" lon="4.48353">
    <ele>118.52000000000001</ele>
   </trkpt>
   <trkpt lat="50.793220000000005" lon="4.4827">
    <ele>119.59000000000002</ele>
   </trkpt>
   <trkpt lat="50.792825000891185" lon="4.482244996162127">
    <ele>121.48</ele>
   </trkpt>
   <trkpt lat="50.79243" lon="4.48179">
    <ele>121.89000000000001</ele>
   </trkpt>
   <trkpt lat="50.79236" lon="4.481800000000001">
    <ele>121.18</ele>
   </trkpt>
   <trkpt lat="50.792320000000004" lon="4.48183">
    <ele>121.18</ele>
   </trkpt>
   <trkpt lat="50.792120000000004" lon="4.48214">
    <ele>118.53</ele>
   </trkpt>
   <trkpt lat="50.791850000000004" lon="4.4827200000000005">
    <ele>116.43</ele>
   </trkpt>
   <trkpt lat="50.79105333342802" lon="4.4828300037506805">
    <ele>113.79000000000002</ele>
   </trkpt>
   <trkpt lat="50.79025666675259" lon="4.4829400037518115">
    <ele>110.98</ele>
   </trkpt>
   <trkpt lat="50.789460000000005" lon="4.48305">
    <ele>107.85000000000001</ele>
   </trkpt>
   <trkpt lat="50.789100000000005" lon="4.48308">
    <ele>105.47000000000001</ele>
   </trkpt>
   <trkpt lat="50.78898" lon="4.48305">
    <ele>105.16</ele>
   </trkpt>
   <trkpt lat="50.788790000000006" lon="4.48294">
    <ele>104.85000000000001</ele>
   </trkpt>
   <trkpt lat="50.788500000000006" lon="4.482670000000001">
    <ele>105.19</ele>
   </trkpt>
   <trkpt lat="50.787845002493164" lon="4.481899989163175">
    <ele>107.08000000000001</ele>
   </trkpt>
   <trkpt lat="50.78719" lon="4.48113">
    <ele>109.30000000000001</ele>
   </trkpt>
   <trkpt lat="50.78712" lon="4.48108">
    <ele>109.76</ele>
   </trkpt>
   <trkpt lat="50.78699" lon="4.480930000000001">
    <ele>110.24000000000001</ele>
   </trkpt>
   <trkpt lat="50.78645" lon="4.48038">
    <ele>112.59</ele>
   </trkpt>
   <trkpt lat="50.786300000000004" lon="4.48019">
    <ele>112.59</ele>
   </trkpt>
   <trkpt lat="50.785990000000005" lon="4.47989">
    <ele>113.39</ele>
   </trkpt>
   <trkpt lat="50.78586000000001" lon="4.47979">
    <ele>113.39</ele>
   </trkpt>
   <trkpt lat="50.785680000000006" lon="4.4797">
    <ele>113.89</ele>
   </trkpt>
   <trkpt lat="50.78499500014594" lon="4.479494996986446">
    <ele>114.62</ele>
   </trkpt>
   <trkpt lat="50.784310000000005" lon="4.479290000000001">
    <ele>114.99000000000001</ele>
   </trkpt>
   <trkpt lat="50.78356" lon="4.47911">
    <ele>114.5</ele>
   </trkpt>
   <trkpt lat="50.78295500012762" lon="4.478909997397859">
    <ele>113.9</ele>
   </trkpt>
   <trkpt lat="50.78235" lon="4.47871">
    <ele>114.42</ele>
   </trkpt>
   <trkpt lat="50.78197" lon="4.478680000000001">
    <ele>114.79</ele>
   </trkpt>
   <trkpt lat="50.78148499998813" lon="4.478685000051984">
    <ele>115.09</ele>
   </trkpt>
   <trkpt lat="50.781000000000006" lon="4.47869">
    <ele>115.69000000000001</ele>
   </trkpt>
   <trkpt lat="50.78054500009783" lon="4.478609999233975">
    <ele>115.98000000000002</ele>
   </trkpt>
   <trkpt lat="50.78009" lon="4.47853">
    <ele>116.30000000000001</ele>
   </trkpt>
   <trkpt lat="50.77978" lon="4.47843">
    <ele>116.24000000000001</ele>
   </trkpt>
   <trkpt lat="50.77903500068855" lon="4.478044993894952">
    <ele>116.26000000000002</ele>
   </trkpt>
   <trkpt lat="50.778290000000005" lon="4.47766">
    <ele>116.28</ele>
   </trkpt>
   <trkpt lat="50.77749000000001" lon="4.477270000000001">
    <ele>116.67</ele>
   </trkpt>
   <trkpt lat="50.777260000000005" lon="4.477110000000001">
    <ele>117.09000000000002</ele>
   </trkpt>
   <trkpt lat="50.776590000000006" lon="4.47654">
    <ele>117.42</ele>
   </trkpt>
   <trkpt lat="50.77644" lon="4.476360000000001">
    <ele>117.48000000000002</ele>
   </trkpt>
   <trkpt lat="50.77602" lon="4.47567">
    <ele>117.06</ele>
   </trkpt>
   <trkpt lat="50.775890000000004" lon="4.47553">
    <ele>116.91000000000001</ele>
   </trkpt>
   <trkpt lat="50.775800000000004" lon="4.47546">
    <ele>116.69000000000001</ele>
   </trkpt>
   <trkpt lat="50.775690000000004" lon="4.475420000000001">
    <ele>116.51000000000002</ele>
   </trkpt>
   <trkpt lat="50.77554000000001" lon="4.47541">
    <ele>116.05000000000001</ele>
   </trkpt>
   <trkpt lat="50.775400000000005" lon="4.47543">
    <ele>115.64</ele>
   </trkpt>
   <trkpt lat="50.77476000000001" lon="4.475750000000001">
    <ele>113.10000000000001</ele>
   </trkpt>
   <trkpt lat="50.77460000000001" lon="4.4758000000000004">
    <ele>112.64</ele>
   </trkpt>
   <trkpt lat="50.7745" lon="4.47581">
    <ele>112.26</ele>
   </trkpt>
   <trkpt lat="50.77441" lon="4.47579">
    <ele>112.26</ele>
   </trkpt>
   <trkpt lat="50.774060000000006" lon="4.475630000000001">
    <ele>111.45</ele>
   </trkpt>
   <trkpt lat="50.77389" lon="4.475580000000001">
    <ele>111.09</ele>
   </trkpt>
   <trkpt lat="50.77382" lon="4.4755400000000005">
    <ele>111.09</ele>
   </trkpt>
   <trkpt lat="50.773770000000006" lon="4.475490000000001">
    <ele>110.68</ele>
   </trkpt>
   <trkpt lat="50.773700000000005" lon="4.4753300000000005">
    <ele>110.34</ele>
   </trkpt>
   <trkpt lat="50.77355000000001" lon="4.47452">
    <ele>107.99</ele>
   </trkpt>
   <trkpt lat="50.77349" lon="4.47377">
    <ele>104.14000000000001</ele>
   </trkpt>
   <trkpt lat="50.773450000000004" lon="4.47356">
    <ele>104.14000000000001</ele>
   </trkpt>
   <trkpt lat="50.77331" lon="4.47316">
    <ele>100.58</ele>
   </trkpt>
   <trkpt lat="50.77311" lon="4.472860000000001">
    <ele>97.60000000000001</ele>
   </trkpt>
   <trkpt lat="50.77295" lon="4.47271">
    <ele>97.60000000000001</ele>
   </trkpt>
   <trkpt lat="50.772220000000004" lon="4.47231">
    <ele>90.98</ele>
   </trkpt>
   <trkpt lat="50.772090000000006" lon="4.47217">
    <ele>90.98</ele>
   </trkpt>
   <trkpt lat="50.77176000000001" lon="4.471760000000001">
    <ele>86.39</ele>
   </trkpt>
   <trkpt lat="50.77156" lon="4.47158">
    <ele>83.98000000000002</ele>
   </trkpt>
   <trkpt lat="50.77147" lon="4.471550000000001">
    <ele>82.98</ele>
   </trkpt>
   <trkpt lat="50.771370000000005" lon="4.47154">
    <ele>82.98</ele>
   </trkpt>
   <trkpt lat="50.770900000000005" lon="4.47166">
    <ele>79.51</ele>
   </trkpt>
   <trkpt lat="50.77049" lon="4.47175">
    <ele>77.17</ele>
   </trkpt>
   <trkpt lat="50.77018" lon="4.4718800000000005">
    <ele>76.51</ele>
   </trkpt>
   <trkpt lat="50.77006" lon="4.47191">
    <ele>76.11000000000001</ele>
   </trkpt>
   <trkpt lat="50.769830000000006" lon="4.471900000000001">
    <ele>75.68</ele>
   </trkpt>
   <trkpt lat="50.76944" lon="4.47133">
    <ele>75.49</ele>
   </trkpt>
   <trkpt lat="50.76924" lon="4.471500000000001">
    <ele>75.29</ele>
   </trkpt>
   <trkpt lat="50.76896000000001" lon="4.47165">
    <ele>75.4</ele>
   </trkpt>
   <trkpt lat="50.76861" lon="4.47168">
    <ele>75.64000000000001</ele>
   </trkpt>
   <trkpt lat="50.768550000000005" lon="4.4717">
    <ele>75.64000000000001</ele>
   </trkpt>
   <trkpt lat="50.76840000000001" lon="4.4725">
    <ele>74.48</ele>
   </trkpt>
   <trkpt lat="50.768350000000005" lon="4.47268">
    <ele>74.00000000000001</ele>
   </trkpt>
   <trkpt lat="50.76829000000001" lon="4.472790000000001">
    <ele>74.00000000000001</ele>
   </trkpt>
   <trkpt lat="50.76782000000001" lon="4.473070000000001">
    <ele>72.81</ele>
   </trkpt>
   <trkpt lat="50.767770000000006" lon="4.47315">
    <ele>72.08</ele>
   </trkpt>
   <trkpt lat="50.76774" lon="4.47325">
    <ele>72.08</ele>
   </trkpt>
   <trkpt lat="50.76764000000001" lon="4.473870000000001">
    <ele>71.3</ele>
   </trkpt>
   <trkpt lat="50.76758" lon="4.47438">
    <ele>71.35000000000001</ele>
   </trkpt>
   <trkpt lat="50.76749" lon="4.4747200000000005">
    <ele>71.44</ele>
   </trkpt>
   <trkpt lat="50.766843334135956" lon="4.474416658288651">
    <ele>72.22</ele>
   </trkpt>
   <trkpt lat="50.766196667485126" lon="4.474113324962899">
    <ele>74.03000000000002</ele>
   </trkpt>
   <trkpt lat="50.765550000000005" lon="4.47381">
    <ele>76.14</ele>
   </trkpt>
   <trkpt lat="50.765390000000004" lon="4.473660000000001">
    <ele>76.89</ele>
   </trkpt>
   <trkpt lat="50.76521" lon="4.47342">
    <ele>77.54</ele>
   </trkpt>
   <trkpt lat="50.76483" lon="4.47252">
    <ele>80.89999999999999</ele>
   </trkpt>
   <trkpt lat="50.764680000000006" lon="4.47233">
    <ele>81.97</ele>
   </trkpt>
   <trkpt lat="50.764720000000004" lon="4.472160000000001">
    <ele>83.13000000000001</ele>
   </trkpt>
   <trkpt lat="50.764700000000005" lon="4.47207">
    <ele>83.13000000000001</ele>
   </trkpt>
   <trkpt lat="50.764320000000005" lon="4.47132">
    <ele>86.27000000000001</ele>
   </trkpt>
   <trkpt lat="50.76413" lon="4.4709200000000004">
    <ele>90.14000000000001</ele>
   </trkpt>
   <trkpt lat="50.76386000229093" lon="4.470189995821616">
    <ele>92.44000000000001</ele>
   </trkpt>
   <trkpt lat="50.76359" lon="4.469460000000001">
    <ele>95.55000000000001</ele>
   </trkpt>
   <trkpt lat="50.76329500465054" lon="4.468414993346994">
    <ele>99.09</ele>
   </trkpt>
   <trkpt lat="50.763000000000005" lon="4.467370000000001">
    <ele>102.37</ele>
   </trkpt>
   <trkpt lat="50.762550042921106" lon="4.466172419396091">
    <ele>99.93</ele>
   </trkpt>
   <trkpt lat="50.76210007357904" lon="4.4649748618245635">
    <ele>99.93</ele>
   </trkpt>
   <trkpt lat="50.76165009197424" lon="4.463777327285232">
    <ele>99.93</ele>
   </trkpt>
   <trkpt lat="50.76120009810715" lon="4.462579815777913">
    <ele>108.56</ele>
   </trkpt>
   <trkpt lat="50.760750091978196" lon="4.461382327302421">
    <ele>108.56</ele>
   </trkpt>
   <trkpt lat="50.76030007358782" lon="4.460184861858572">
    <ele>108.56</ele>
   </trkpt>
   <trkpt lat="50.75985004293642" lon="4.4589874194461805">
    <ele>108.56</ele>
   </trkpt>
   <trkpt lat="50.75940000000001" lon="4.45779">
    <ele>108.56</ele>
   </trkpt>
   <trkpt lat="50.75940000000001" lon="4.4577800000000005">
    <ele>107.01</ele>
   </trkpt>
   <trkpt lat="50.75905" lon="4.458410000000001">
    <ele>108.74</ele>
   </trkpt>
   <trkpt lat="50.75874" lon="4.458830000000001">
    <ele>109.96</ele>
   </trkpt>
   <trkpt lat="50.75827" lon="4.45936">
    <ele>111.64</ele>
   </trkpt>
   <trkpt lat="50.75761000000001" lon="4.459980000000001">
    <ele>114.18</ele>
   </trkpt>
   <trkpt lat="50.75743000000001" lon="4.460120000000001">
    <ele>114.18</ele>
   </trkpt>
   <trkpt lat="50.757160000000006" lon="4.46025">
    <ele>115.79</ele>
   </trkpt>
   <trkpt lat="50.75636000029303" lon="4.460470003736848">
    <ele>118.13000000000001</ele>
   </trkpt>
   <trkpt lat="50.75556" lon="4.4606900000000005">
    <ele>120.09000000000002</ele>
   </trkpt>
   <trkpt lat="50.75477" lon="4.46096">
    <ele>120.67000000000002</ele>
   </trkpt>
   <trkpt lat="50.75415" lon="4.46119">
    <ele>121.29</ele>
   </trkpt>
   <trkpt lat="50.75353333388945" lon="4.461446673432687">
    <ele>121.50000000000001</ele>
   </trkpt>
   <trkpt lat="50.752916667215565" lon="4.461703340102252">
    <ele>122.06000000000002</ele>
   </trkpt>
   <trkpt lat="50.752300000000005" lon="4.46196">
    <ele>121.81000000000002</ele>
   </trkpt>
   <trkpt lat="50.75173500019242" lon="4.462225003249167">
    <ele>120.19</ele>
   </trkpt>
   <trkpt lat="50.75117" lon="4.462490000000001">
    <ele>118.96000000000001</ele>
   </trkpt>
   <trkpt lat="50.750710000000005" lon="4.46272">
    <ele>117.63000000000001</ele>
   </trkpt>
   <trkpt lat="50.74991000000001" lon="4.46325">
    <ele>116.41000000000001</ele>
   </trkpt>
   <trkpt lat="50.7494" lon="4.46366">
    <ele>116.37000000000002</ele>
   </trkpt>
   <trkpt lat="50.749210000000005" lon="4.46384">
    <ele>116.16000000000001</ele>
   </trkpt>
   <trkpt lat="50.748940000000005" lon="4.464180000000001">
    <ele>115.83000000000001</ele>
   </trkpt>
   <trkpt lat="50.74842667224378" lon="4.46498668433735">
    <ele>114.07000000000001</ele>
   </trkpt>
   <trkpt lat="50.74791333892283" lon="4.465793350984255">
    <ele>111.97000000000001</ele>
   </trkpt>
   <trkpt lat="50.747400000000006" lon="4.466600000000001">
    <ele>106.72000000000001</ele>
   </trkpt>
   <trkpt lat="50.746950000000005" lon="4.467090000000001">
    <ele>104.23</ele>
   </trkpt>
   <trkpt lat="50.74617000348613" lon="4.4677333548129265">
    <ele>101.43</ele>
   </trkpt>
   <trkpt lat="50.74539000343277" lon="4.4683766881897995">
    <ele>98.11</ele>
   </trkpt>
   <trkpt lat="50.74461" lon="4.46902">
    <ele>96.01</ele>
   </trkpt>
   <trkpt lat="50.74414" lon="4.4693000000000005">
    <ele>95.02000000000001</ele>
   </trkpt>
   <trkpt lat="50.743303334393566" lon="4.469656679424546">
    <ele>93.62</ele>
   </trkpt>
   <trkpt lat="50.7424666676992" lon="4.4700133461027365">
    <ele>93.45</ele>
   </trkpt>
   <trkpt lat="50.74163" lon="4.47037">
    <ele>93.25000000000001</ele>
   </trkpt>
   <trkpt lat="50.740886667604364" lon="4.470703343921419">
    <ele>89.94</ele>
   </trkpt>
   <trkpt lat="50.74014333425848" lon="4.471036677260173">
    <ele>83.79</ele>
   </trkpt>
   <trkpt lat="50.7394" lon="4.47137">
    <ele>79.45</ele>
   </trkpt>
   <trkpt lat="50.73884" lon="4.471550000000001">
    <ele>76.82</ele>
   </trkpt>
   <trkpt lat="50.738820000000004" lon="4.471480000000001">
    <ele>76.82</ele>
   </trkpt>
   <trkpt lat="50.738780000000006" lon="4.471430000000001">
    <ele>75.7</ele>
   </trkpt>
   <trkpt lat="50.73872" lon="4.4714100000000006">
    <ele>75.7</ele>
   </trkpt>
   <trkpt lat="50.738670000000006" lon="4.471430000000001">
    <ele>75.7</ele>
   </trkpt>
   <trkpt lat="50.73863000000001" lon="4.47147">
    <ele>75.7</ele>
   </trkpt>
   <trkpt lat="50.738600000000005" lon="4.47154">
    <ele>75.7</ele>
   </trkpt>
   <trkpt lat="50.73859" lon="4.471620000000001">
    <ele>75.23</ele>
   </trkpt>
   <trkpt lat="50.738600000000005" lon="4.4717">
    <ele>75.4</ele>
   </trkpt>
   <trkpt lat="50.73856000000001" lon="4.4717400000000005">
    <ele>75.4</ele>
   </trkpt>
   <trkpt lat="50.73799" lon="4.472">
    <ele>71.4</ele>
   </trkpt>
   <trkpt lat="50.737730000000006" lon="4.47219">
    <ele>68.35000000000001</ele>
   </trkpt>
   <trkpt lat="50.737550000000006" lon="4.47236">
    <ele>67.81</ele>
   </trkpt>
   <trkpt lat="50.73736" lon="4.472600000000001">
    <ele>66.39</ele>
   </trkpt>
   <trkpt lat="50.736691685283354" lon="4.473533399938052">
    <ele>64.25</ele>
   </trkpt>
   <trkpt lat="50.73602336311589" lon="4.474466773237821">
    <ele>65.54</ele>
   </trkpt>
   <trkpt lat="50.73535503349798" lon="4.475400119900403">
    <ele>67.52000000000001</ele>
   </trkpt>
   <trkpt lat="50.734686696430025" lon="4.476333439926897">
    <ele>73.44</ele>
   </trkpt>
   <trkpt lat="50.734018351912425" lon="4.4772667333184">
    <ele>79.29</ele>
   </trkpt>
   <trkpt lat="50.73335" lon="4.4782">
    <ele>84.88000000000001</ele>
   </trkpt>
   <trkpt lat="50.73322" lon="4.4784500000000005">
    <ele>86.43</ele>
   </trkpt>
   <trkpt lat="50.73296000165111" lon="4.4790500030727225">
    <ele>89.68</ele>
   </trkpt>
   <trkpt lat="50.7327" lon="4.47965">
    <ele>90.83000000000001</ele>
   </trkpt>
   <trkpt lat="50.73255" lon="4.47996">
    <ele>92.1</ele>
   </trkpt>
   <trkpt lat="50.73232" lon="4.48031">
    <ele>92.81</ele>
   </trkpt>
   <trkpt lat="50.73219" lon="4.480460000000001">
    <ele>93.1</ele>
   </trkpt>
   <trkpt lat="50.731545001806445" lon="4.481110008950336">
    <ele>93.88000000000001</ele>
   </trkpt>
   <trkpt lat="50.730900000000005" lon="4.48176">
    <ele>92.84</ele>
   </trkpt>
   <trkpt lat="50.730720000000005" lon="4.481920000000001">
    <ele>92.25000000000001</ele>
   </trkpt>
   <trkpt lat="50.73055" lon="4.48202">
    <ele>92.08000000000001</ele>
   </trkpt>
   <trkpt lat="50.73035" lon="4.48209">
    <ele>90.98</ele>
   </trkpt>
   <trkpt lat="50.73024" lon="4.4817">
    <ele>91.42</ele>
   </trkpt>
   <trkpt lat="50.73021000000001" lon="4.481540000000001">
    <ele>91.42</ele>
   </trkpt>
   <trkpt lat="50.73015500373681" lon="4.480604998873848">
    <ele>92.4</ele>
   </trkpt>
   <trkpt lat="50.73010000000001" lon="4.4796700000000005">
    <ele>93.33000000000001</ele>
   </trkpt>
   <trkpt lat="50.730070000000005" lon="4.47933">
    <ele>93.33000000000001</ele>
   </trkpt>
   <trkpt lat="50.73002" lon="4.479">
    <ele>93.78</ele>
   </trkpt>
   <trkpt lat="50.72993" lon="4.47867">
    <ele>93.78</ele>
   </trkpt>
   <trkpt lat="50.72983000000001" lon="4.478400000000001">
    <ele>94.07</ele>
   </trkpt>
   <trkpt lat="50.72950500203868" lon="4.477699995021522">
    <ele>95.02000000000001</ele>
   </trkpt>
   <trkpt lat="50.72918000000001" lon="4.477">
    <ele>95.52000000000001</ele>
   </trkpt>
   <trkpt lat="50.72885" lon="4.47606">
    <ele>96.51</ele>
   </trkpt>
   <trkpt lat="50.72880000000001" lon="4.475650000000001">
    <ele>97.21000000000001</ele>
   </trkpt>
   <trkpt lat="50.72883" lon="4.47548">
    <ele>97.68</ele>
   </trkpt>
   <trkpt lat="50.728820000000006" lon="4.475350000000001">
    <ele>97.77000000000001</ele>
   </trkpt>
   <trkpt lat="50.728790000000004" lon="4.47531">
    <ele>97.81</ele>
   </trkpt>
   <trkpt lat="50.728750000000005" lon="4.47529">
    <ele>97.45</ele>
   </trkpt>
   <trkpt lat="50.72871000000001" lon="4.47529">
    <ele>97.45</ele>
   </trkpt>
   <trkpt lat="50.728660000000005" lon="4.47531">
    <ele>97.45</ele>
   </trkpt>
   <trkpt lat="50.728156673131814" lon="4.474439981291283">
    <ele>97.74000000000001</ele>
   </trkpt>
   <trkpt lat="50.72765333978988" lon="4.47356998127673">
    <ele>101.49000000000001</ele>
   </trkpt>
   <trkpt lat="50.72715" lon="4.472700000000001">
    <ele>101.49000000000001</ele>
   </trkpt>
   <trkpt lat="50.72719000000001" lon="4.472600000000001">
    <ele>97.92</ele>
   </trkpt>
   <trkpt lat="50.72719000000001" lon="4.47254">
    <ele>98.02000000000001</ele>
   </trkpt>
   <trkpt lat="50.72715" lon="4.4724200000000005">
    <ele>98.01</ele>
   </trkpt>
   <trkpt lat="50.72711" lon="4.472390000000001">
    <ele>98.01</ele>
   </trkpt>
   <trkpt lat="50.72706" lon="4.472390000000001">
    <ele>97.91000000000001</ele>
   </trkpt>
   <trkpt lat="50.72690000000001" lon="4.47224">
    <ele>97.47</ele>
   </trkpt>
   <trkpt lat="50.726530000000004" lon="4.4716000000000005">
    <ele>97.43</ele>
   </trkpt>
   <trkpt lat="50.726046672059354" lon="4.470803316837668">
    <ele>97.46000000000001</ele>
   </trkpt>
   <trkpt lat="50.72556333869028" lon="4.4700066501123175">
    <ele>97.91000000000001</ele>
   </trkpt>
   <trkpt lat="50.725080000000005" lon="4.46921">
    <ele>98.25</ele>
   </trkpt>
   <trkpt lat="50.72493000000001" lon="4.46888">
    <ele>98.53</ele>
   </trkpt>
   <trkpt lat="50.724700000000006" lon="4.468240000000001">
    <ele>99.22</ele>
   </trkpt>
   <trkpt lat="50.72475000000001" lon="4.468190000000001">
    <ele>99.22</ele>
   </trkpt>
   <trkpt lat="50.7248" lon="4.468050000000001">
    <ele>99.47</ele>
   </trkpt>
   <trkpt lat="50.72478" lon="4.46788">
    <ele>99.77000000000001</ele>
   </trkpt>
   <trkpt lat="50.724700000000006" lon="4.46778">
    <ele>99.72</ele>
   </trkpt>
   <trkpt lat="50.7246" lon="4.46776">
    <ele>99.7</ele>
   </trkpt>
   <trkpt lat="50.72455" lon="4.46779">
    <ele>99.7</ele>
   </trkpt>
   <trkpt lat="50.72426" lon="4.466810000000001">
    <ele>100.05000000000001</ele>
   </trkpt>
   <trkpt lat="50.72413" lon="4.466480000000001">
    <ele>100.25</ele>
   </trkpt>
   <trkpt lat="50.72399000000001" lon="4.46621">
    <ele>100.51</ele>
   </trkpt>
   <trkpt lat="50.72373" lon="4.46584">
    <ele>100.67</ele>
   </trkpt>
   <trkpt lat="50.723650000000006" lon="4.465940000000001">
    <ele>100.30000000000001</ele>
   </trkpt>
   <trkpt lat="50.72357" lon="4.46596">
    <ele>99.88000000000001</ele>
   </trkpt>
   <trkpt lat="50.72326" lon="4.465800000000001">
    <ele>97.48</ele>
   </trkpt>
   <trkpt lat="50.723110000000005" lon="4.4657800000000005">
    <ele>97.48</ele>
   </trkpt>
   <trkpt lat="50.72292" lon="4.465800000000001">
    <ele>97.48</ele>
   </trkpt>
   <trkpt lat="50.722190000000005" lon="4.46614">
    <ele>92.05000000000001</ele>
   </trkpt>
   <trkpt lat="50.72205" lon="4.466220000000001">
    <ele>89.74000000000001</ele>
   </trkpt>
   <trkpt lat="50.72137000000001" lon="4.46712">
    <ele>84.86</ele>
   </trkpt>
   <trkpt lat="50.721270000000004" lon="4.467300000000001">
    <ele>84.17</ele>
   </trkpt>
   <trkpt lat="50.72092000000001" lon="4.46842">
    <ele>80.33000000000001</ele>
   </trkpt>
   <trkpt lat="50.72086" lon="4.46853">
    <ele>79.9</ele>
   </trkpt>
   <trkpt lat="50.720800000000004" lon="4.46858">
    <ele>79.41000000000001</ele>
   </trkpt>
   <trkpt lat="50.72041" lon="4.46846">
    <ele>77.15</ele>
   </trkpt>
   <trkpt lat="50.719860000000004" lon="4.46827">
    <ele>75.01</ele>
   </trkpt>
   <trkpt lat="50.719770000000004" lon="4.46821">
    <ele>74.91</ele>
   </trkpt>
   <trkpt lat="50.71969000000001" lon="4.468120000000001">
    <ele>74.75000000000001</ele>
   </trkpt>
   <trkpt lat="50.71918" lon="4.46722">
    <ele>74.86000000000001</ele>
   </trkpt>
   <trkpt lat="50.71909" lon="4.4671">
    <ele>74.86000000000001</ele>
   </trkpt>
   <trkpt lat="50.71896" lon="4.46703">
    <ele>74.7</ele>
   </trkpt>
   <trkpt lat="50.7182180000816" lon="4.467098004306165">
    <ele>75.32000000000001</ele>
   </trkpt>
   <trkpt lat="50.71747600012363" lon="4.467166006459009">
    <ele>76.01</ele>
   </trkpt>
   <trkpt lat="50.71673400012613" lon="4.467234006458656">
    <ele>77.77000000000001</ele>
   </trkpt>
   <trkpt lat="50.71599200008907" lon="4.467302004305231">
    <ele>81.07000000000001</ele>
   </trkpt>
   <trkpt lat="50.715250000000005" lon="4.467370000000001">
    <ele>84.38000000000001</ele>
   </trkpt>
   <trkpt lat="50.714920000000006" lon="4.467490000000001">
    <ele>86.83</ele>
   </trkpt>
   <trkpt lat="50.71442000042278" lon="4.4677850031170285">
    <ele>87.76</ele>
   </trkpt>
   <trkpt lat="50.71392" lon="4.4680800000000005">
    <ele>90.05</ele>
   </trkpt>
   <trkpt lat="50.713770000000004" lon="4.4680800000000005">
    <ele>90.63</ele>
   </trkpt>
   <trkpt lat="50.713050000215176" lon="4.467864996702765">
    <ele>94.60000000000001</ele>
   </trkpt>
   <trkpt lat="50.71233" lon="4.467650000000001">
    <ele>98.29</ele>
   </trkpt>
   <trkpt lat="50.71152000395016" lon="4.467094971228718">
    <ele>100.82000000000001</ele>
   </trkpt>
   <trkpt lat="50.710710005265355" lon="4.466539961638093">
    <ele>104.70000000000002</ele>
   </trkpt>
   <trkpt lat="50.70990000394576" lon="4.465984971226971">
    <ele>107.52</ele>
   </trkpt>
   <trkpt lat="50.70909" lon="4.4654300000000005">
    <ele>110.08000000000001</ele>
   </trkpt>
   <trkpt lat="50.708850000000005" lon="4.465310000000001">
    <ele>111.52000000000001</ele>
   </trkpt>
   <trkpt lat="50.70798800114976" lon="4.465051981028845">
    <ele>109.50000000000001</ele>
   </trkpt>
   <trkpt lat="50.70712600173007" lon="4.464793971545536">
    <ele>109.50000000000001</ele>
   </trkpt>
   <trkpt lat="50.70626400174096" lon="4.464535971549442">
    <ele>117.11</ele>
   </trkpt>
   <trkpt lat="50.70540200118249" lon="4.464277981039929">
    <ele>117.11</ele>
   </trkpt>
   <trkpt lat="50.70454" lon="4.4640200000000005">
    <ele>117.11</ele>
   </trkpt>
   <trkpt lat="50.70434" lon="4.46408">
    <ele>115.51000000000002</ele>
   </trkpt>
   <trkpt lat="50.70391000064067" lon="4.464485003771402">
    <ele>115.35000000000001</ele>
   </trkpt>
   <trkpt lat="50.703480000000006" lon="4.4648900000000005">
    <ele>115.4</ele>
   </trkpt>
   <trkpt lat="50.70287000156365" lon="4.465475007514354">
    <ele>115.69000000000001</ele>
   </trkpt>
   <trkpt lat="50.70226" lon="4.466060000000001">
    <ele>116.25</ele>
   </trkpt>
   <trkpt lat="50.702130000000004" lon="4.46621">
    <ele>116.61</ele>
   </trkpt>
   <trkpt lat="50.70206" lon="4.4663200000000005">
    <ele>116.61</ele>
   </trkpt>
   <trkpt lat="50.701910000000005" lon="4.46638">
    <ele>116.55000000000001</ele>
   </trkpt>
   <trkpt lat="50.70181" lon="4.466360000000001">
    <ele>116.55000000000001</ele>
   </trkpt>
   <trkpt lat="50.701750000000004" lon="4.466410000000001">
    <ele>116.37000000000002</ele>
   </trkpt>
   <trkpt lat="50.701710000000006" lon="4.46649">
    <ele>116.37000000000002</ele>
   </trkpt>
   <trkpt lat="50.7017" lon="4.46668">
    <ele>116.01000000000002</ele>
   </trkpt>
   <trkpt lat="50.701730000000005" lon="4.466740000000001">
    <ele>116.01000000000002</ele>
   </trkpt>
   <trkpt lat="50.701800000000006" lon="4.46682">
    <ele>116.05000000000001</ele>
   </trkpt>
   <trkpt lat="50.70192" lon="4.4667900000000005">
    <ele>116.14</ele>
   </trkpt>
   <trkpt lat="50.701980000000006" lon="4.466690000000001">
    <ele>116.23000000000002</ele>
   </trkpt>
   <trkpt lat="50.70199" lon="4.46659">
    <ele>116.36</ele>
   </trkpt>
   <trkpt lat="50.70197" lon="4.46647">
    <ele>116.55000000000001</ele>
   </trkpt>
   <trkpt lat="50.701910000000005" lon="4.46638">
    <ele>116.55000000000001</ele>
   </trkpt>
   <trkpt lat="50.70181" lon="4.466360000000001">
    <ele>116.55000000000001</ele>
   </trkpt>
   <trkpt lat="50.701750000000004" lon="4.466410000000001">
    <ele>116.37000000000002</ele>
   </trkpt>
   <trkpt lat="50.7017" lon="4.46652">
    <ele>116.28</ele>
   </trkpt>
   <trkpt lat="50.70147000000001" lon="4.4668">
    <ele>115.60000000000001</ele>
   </trkpt>
   <trkpt lat="50.70085" lon="4.467420000000001">
    <ele>113.44000000000001</ele>
   </trkpt>
   <trkpt lat="50.70023500147437" lon="4.468000007572751">
    <ele>112.48</ele>
   </trkpt>
   <trkpt lat="50.69962" lon="4.46858">
    <ele>112.44000000000001</ele>
   </trkpt>
   <trkpt lat="50.69908" lon="4.469130000000001">
    <ele>113.03</ele>
   </trkpt>
   <trkpt lat="50.6989" lon="4.4693000000000005">
    <ele>113.35000000000001</ele>
   </trkpt>
   <trkpt lat="50.69839" lon="4.46996">
    <ele>114.37</ele>
   </trkpt>
   <trkpt lat="50.69820000000001" lon="4.47024">
    <ele>114.25</ele>
   </trkpt>
   <trkpt lat="50.69814" lon="4.47017">
    <ele>114.05000000000001</ele>
   </trkpt>
   <trkpt lat="50.69812" lon="4.47017">
    <ele>114.05000000000001</ele>
   </trkpt>
   <trkpt lat="50.697680000000005" lon="4.470470000000001">
    <ele>112.46000000000001</ele>
   </trkpt>
   <trkpt lat="50.697540000000004" lon="4.47055">
    <ele>111.63000000000001</ele>
   </trkpt>
   <trkpt lat="50.69713" lon="4.47064">
    <ele>107.35000000000001</ele>
   </trkpt>
   <trkpt lat="50.697250000000004" lon="4.47135">
    <ele>104.8</ele>
   </trkpt>
   <trkpt lat="50.696760000000005" lon="4.47173">
    <ele>99.34</ele>
   </trkpt>
   <trkpt lat="50.69655" lon="4.47196">
    <ele>97.37</ele>
   </trkpt>
   <trkpt lat="50.69639" lon="4.47219">
    <ele>96.77000000000001</ele>
   </trkpt>
   <trkpt lat="50.696270000000005" lon="4.4724200000000005">
    <ele>95.69000000000001</ele>
   </trkpt>
   <trkpt lat="50.69585000000001" lon="4.473450000000001">
    <ele>90.41</ele>
   </trkpt>
   <trkpt lat="50.69541" lon="4.4745800000000004">
    <ele>80.5</ele>
   </trkpt>
   <trkpt lat="50.695150000000005" lon="4.47539">
    <ele>75.84</ele>
   </trkpt>
   <trkpt lat="50.694950000000006" lon="4.475820000000001">
    <ele>74.34</ele>
   </trkpt>
   <trkpt lat="50.69462000000001" lon="4.47628">
    <ele>74.18</ele>
   </trkpt>
   <trkpt lat="50.694410000000005" lon="4.4764800000000005">
    <ele>74.25000000000001</ele>
   </trkpt>
   <trkpt lat="50.694050000000004" lon="4.4767">
    <ele>74.29</ele>
   </trkpt>
   <trkpt lat="50.693920000000006" lon="4.47675">
    <ele>74.43</ele>
   </trkpt>
   <trkpt lat="50.69312000000001" lon="4.47698">
    <ele>75.84</ele>
   </trkpt>
   <trkpt lat="50.692640000000004" lon="4.47705">
    <ele>77.84</ele>
   </trkpt>
   <trkpt lat="50.69216" lon="4.47708">
    <ele>82.53</ele>
   </trkpt>
   <trkpt lat="50.69140499988077" lon="4.477074999918737">
    <ele>88.76</ele>
   </trkpt>
   <trkpt lat="50.690650000000005" lon="4.47707">
    <ele>93.94000000000001</ele>
   </trkpt>
   <trkpt lat="50.69033" lon="4.477130000000001">
    <ele>97.11</ele>
   </trkpt>
   <trkpt lat="50.68992" lon="4.477390000000001">
    <ele>104.46000000000001</ele>
   </trkpt>
   <trkpt lat="50.68934" lon="4.478070000000001">
    <ele>109.64000000000001</ele>
   </trkpt>
   <trkpt lat="50.688770000000005" lon="4.478700000000001">
    <ele>105.81000000000002</ele>
   </trkpt>
   <trkpt lat="50.68847" lon="4.47898">
    <ele>105.33</ele>
   </trkpt>
   <trkpt lat="50.68818" lon="4.47932">
    <ele>98.73</ele>
   </trkpt>
   <trkpt lat="50.687940000000005" lon="4.47968">
    <ele>94.89</ele>
   </trkpt>
   <trkpt lat="50.68770000000001" lon="4.4801400000000005">
    <ele>91.47000000000001</ele>
   </trkpt>
   <trkpt lat="50.687560000000005" lon="4.4805">
    <ele>89.44</ele>
   </trkpt>
   <trkpt lat="50.68723000000001" lon="4.4817100000000005">
    <ele>81.94000000000001</ele>
   </trkpt>
   <trkpt lat="50.68702000233096" lon="4.482445003219512">
    <ele>77.38000000000001</ele>
   </trkpt>
   <trkpt lat="50.68681" lon="4.48318">
    <ele>75.76</ele>
   </trkpt>
   <trkpt lat="50.686580000000006" lon="4.48392">
    <ele>73.44</ele>
   </trkpt>
   <trkpt lat="50.68643" lon="4.48413">
    <ele>72.09</ele>
   </trkpt>
   <trkpt lat="50.686310000000006" lon="4.48418">
    <ele>71.86</ele>
   </trkpt>
   <trkpt lat="50.6863" lon="4.48418">
    <ele>71.86</ele>
   </trkpt>
   <trkpt lat="50.686240000000005" lon="4.48418">
    <ele>71.86</ele>
   </trkpt>
   <trkpt lat="50.686150000000005" lon="4.48414">
    <ele>71.60000000000001</ele>
   </trkpt>
   <trkpt lat="50.685710000524224" lon="4.483784996658928">
    <ele>70.38000000000001</ele>
   </trkpt>
   <trkpt lat="50.68527" lon="4.48343">
    <ele>69.70000000000002</ele>
   </trkpt>
   <trkpt lat="50.68497000000001" lon="4.48317">
    <ele>69.3</ele>
   </trkpt>
   <trkpt lat="50.68479000000001" lon="4.48294">
    <ele>69.35000000000001</ele>
   </trkpt>
   <trkpt lat="50.68479000000001" lon="4.48285">
    <ele>69.35000000000001</ele>
   </trkpt>
   <trkpt lat="50.684760000000004" lon="4.4827900000000005">
    <ele>69.51</ele>
   </trkpt>
   <trkpt lat="50.68473" lon="4.48277">
    <ele>69.57000000000001</ele>
   </trkpt>
   <trkpt lat="50.684610000000006" lon="4.48251">
    <ele>69.76</ele>
   </trkpt>
   <trkpt lat="50.68431" lon="4.4816400000000005">
    <ele>71.19</ele>
   </trkpt>
   <trkpt lat="50.68413" lon="4.48132">
    <ele>72.16</ele>
   </trkpt>
   <trkpt lat="50.68388" lon="4.48099">
    <ele>73.21000000000001</ele>
   </trkpt>
   <trkpt lat="50.68374000000001" lon="4.480860000000001">
    <ele>73.74</ele>
   </trkpt>
   <trkpt lat="50.68361" lon="4.480770000000001">
    <ele>74.05</ele>
   </trkpt>
   <trkpt lat="50.68281" lon="4.48034">
    <ele>74.04</ele>
   </trkpt>
   <trkpt lat="50.682280000000006" lon="4.48001">
    <ele>72.91</ele>
   </trkpt>
   <trkpt lat="50.68188000000001" lon="4.47966">
    <ele>72.01</ele>
   </trkpt>
   <trkpt lat="50.68121500268101" lon="4.4788849891477325">
    <ele>70.84</ele>
   </trkpt>
   <trkpt lat="50.680550000000004" lon="4.47811">
    <ele>70.99000000000001</ele>
   </trkpt>
   <trkpt lat="50.68032" lon="4.477880000000001">
    <ele>71.83</ele>
   </trkpt>
   <trkpt lat="50.679860000000005" lon="4.4775">
    <ele>73.99</ele>
   </trkpt>
   <trkpt lat="50.679190000000006" lon="4.4767">
    <ele>80.37</ele>
   </trkpt>
   <trkpt lat="50.67863000622986" lon="4.476002475014706">
    <ele>83.21000000000001</ele>
   </trkpt>
   <trkpt lat="50.678070008297084" lon="4.475304966675135">
    <ele>83.16000000000001</ele>
   </trkpt>
   <trkpt lat="50.67751000620187" lon="4.474607474980681">
    <ele>81.75</ele>
   </trkpt>
   <trkpt lat="50.676950000000005" lon="4.47391">
    <ele>80.7</ele>
   </trkpt>
   <trkpt lat="50.67651000000001" lon="4.47351">
    <ele>79.92</ele>
   </trkpt>
   <trkpt lat="50.676080000000006" lon="4.4732">
    <ele>79.23</ele>
   </trkpt>
   <trkpt lat="50.67549" lon="4.47285">
    <ele>78.54</ele>
   </trkpt>
   <trkpt lat="50.67530000000001" lon="4.47271">
    <ele>78.27000000000001</ele>
   </trkpt>
   <trkpt lat="50.67503000000001" lon="4.47248">
    <ele>77.41000000000001</ele>
   </trkpt>
   <trkpt lat="50.67483000000001" lon="4.47226">
    <ele>77.05000000000001</ele>
   </trkpt>
   <trkpt lat="50.674405000973984" lon="4.471734994993053">
    <ele>76.39</ele>
   </trkpt>
   <trkpt lat="50.67398000000001" lon="4.47121">
    <ele>77.02000000000001</ele>
   </trkpt>
   <trkpt lat="50.67338750727278" lon="4.470457471511911">
    <ele>78.73</ele>
   </trkpt>
   <trkpt lat="50.67279500970037" lon="4.469704962020797">
    <ele>80.46000000000001</ele>
   </trkpt>
   <trkpt lat="50.67220250728303" lon="4.4689524715259346">
    <ele>81.96000000000001</ele>
   </trkpt>
   <trkpt lat="50.67161" lon="4.4682">
    <ele>83.06</ele>
   </trkpt>
   <trkpt lat="50.67125000103441" lon="4.467754996818882">
    <ele>82.23</ele>
   </trkpt>
   <trkpt lat="50.67089000000001" lon="4.46731">
    <ele>80.21000000000001</ele>
   </trkpt>
   <trkpt lat="50.670480000000005" lon="4.46671">
    <ele>79.47000000000001</ele>
   </trkpt>
   <trkpt lat="50.670040006684616" lon="4.46582998362174">
    <ele>79.75</ele>
   </trkpt>
   <trkpt lat="50.66960000674314" lon="4.464949983739018">
    <ele>80.28999999999999</ele>
   </trkpt>
   <trkpt lat="50.669160000000005" lon="4.46407">
    <ele>80.43</ele>
   </trkpt>
   <trkpt lat="50.66904" lon="4.463900000000001">
    <ele>80.38000000000001</ele>
   </trkpt>
   <trkpt lat="50.66888" lon="4.463780000000001">
    <ele>80.2</ele>
   </trkpt>
   <trkpt lat="50.668710000000004" lon="4.463760000000001">
    <ele>79.98</ele>
   </trkpt>
   <trkpt lat="50.66855" lon="4.46379">
    <ele>79.61</ele>
   </trkpt>
   <trkpt lat="50.66845000000001" lon="4.463850000000001">
    <ele>79.61</ele>
   </trkpt>
   <trkpt lat="50.66803500049989" lon="4.464205003171538">
    <ele>79.28</ele>
   </trkpt>
   <trkpt lat="50.66762000000001" lon="4.4645600000000005">
    <ele>79.91000000000001</ele>
   </trkpt>
   <trkpt lat="50.66747" lon="4.464650000000001">
    <ele>80.09</ele>
   </trkpt>
   <trkpt lat="50.667280000000005" lon="4.46469">
    <ele>80.28</ele>
   </trkpt>
   <trkpt lat="50.666694999981296" lon="4.464649999499869">
    <ele>82.23</ele>
   </trkpt>
   <trkpt lat="50.66611" lon="4.46461">
    <ele>84.11</ele>
   </trkpt>
   <trkpt lat="50.66545000000001" lon="4.46454">
    <ele>87.19</ele>
   </trkpt>
   <trkpt lat="50.66523" lon="4.46445">
    <ele>89.09</ele>
   </trkpt>
   <trkpt lat="50.665020000000005" lon="4.46434">
    <ele>89.8</ele>
   </trkpt>
   <trkpt lat="50.664560000327626" lon="4.464044997081343">
    <ele>94.59</ele>
   </trkpt>
   <trkpt lat="50.664100000000005" lon="4.46375">
    <ele>94.59</ele>
   </trkpt>
   <trkpt lat="50.66346" lon="4.46328">
    <ele>99.39</ele>
   </trkpt>
   <trkpt lat="50.662665001826525" lon="4.462644989330503">
    <ele>105.29</ele>
   </trkpt>
   <trkpt lat="50.66187000000001" lon="4.46201">
    <ele>111.98</ele>
   </trkpt>
   <trkpt lat="50.66116" lon="4.46154">
    <ele>114.44000000000001</ele>
   </trkpt>
   <trkpt lat="50.660990000000005" lon="4.461460000000001">
    <ele>116.21000000000001</ele>
   </trkpt>
   <trkpt lat="50.660900000000005" lon="4.46145">
    <ele>116.21000000000001</ele>
   </trkpt>
   <trkpt lat="50.66077000000001" lon="4.46147">
    <ele>116.86</ele>
   </trkpt>
   <trkpt lat="50.66039000000001" lon="4.461620000000001">
    <ele>117.52000000000001</ele>
   </trkpt>
   <trkpt lat="50.66031" lon="4.46166">
    <ele>117.54</ele>
   </trkpt>
   <trkpt lat="50.66022" lon="4.46175">
    <ele>117.59000000000002</ele>
   </trkpt>
   <trkpt lat="50.65999000000001" lon="4.46211">
    <ele>117.72</ele>
   </trkpt>
   <trkpt lat="50.65988" lon="4.46227">
    <ele>117.77000000000001</ele>
   </trkpt>
   <trkpt lat="50.6597" lon="4.46225">
    <ele>118.0</ele>
   </trkpt>
   <trkpt lat="50.65918499993063" lon="4.462260000111014">
    <ele>119.67000000000002</ele>
   </trkpt>
   <trkpt lat="50.65867" lon="4.46227">
    <ele>121.57000000000001</ele>
   </trkpt>
   <trkpt lat="50.65816499994352" lon="4.46238000120635">
    <ele>120.81000000000002</ele>
   </trkpt>
   <trkpt lat="50.65766000000001" lon="4.462490000000001">
    <ele>118.84000000000002</ele>
   </trkpt>
   <trkpt lat="50.656870000000005" lon="4.462960000000001">
    <ele>115.31</ele>
   </trkpt>
   <trkpt lat="50.65672000000001" lon="4.463">
    <ele>114.87</ele>
   </trkpt>
   <trkpt lat="50.65663000000001" lon="4.46297">
    <ele>114.24000000000001</ele>
   </trkpt>
   <trkpt lat="50.65646" lon="4.46288">
    <ele>113.73</ele>
   </trkpt>
   <trkpt lat="50.65592500132735" lon="4.462339993929692">
    <ele>114.62</ele>
   </trkpt>
   <trkpt lat="50.655390000000004" lon="4.4618">
    <ele>118.13000000000001</ele>
   </trkpt>
   <trkpt lat="50.65523" lon="4.46161">
    <ele>119.02000000000001</ele>
   </trkpt>
   <trkpt lat="50.65495000000001" lon="4.46119">
    <ele>120.20000000000002</ele>
   </trkpt>
   <trkpt lat="50.65452500237135" lon="4.460454993453415">
    <ele>120.77000000000001</ele>
   </trkpt>
   <trkpt lat="50.65410000000001" lon="4.459720000000001">
    <ele>121.70000000000002</ele>
   </trkpt>
   <trkpt lat="50.65397" lon="4.459420000000001">
    <ele>122.49000000000001</ele>
   </trkpt>
   <trkpt lat="50.653650000000006" lon="4.458430000000001">
    <ele>123.76</ele>
   </trkpt>
   <trkpt lat="50.65341" lon="4.458080000000001">
    <ele>125.07000000000001</ele>
   </trkpt>
   <trkpt lat="50.653000000000006" lon="4.457590000000001">
    <ele>127.37</ele>
   </trkpt>
   <trkpt lat="50.652840000000005" lon="4.4574300000000004">
    <ele>127.37</ele>
   </trkpt>
   <trkpt lat="50.652660000000004" lon="4.45729">
    <ele>128.43</ele>
   </trkpt>
   <trkpt lat="50.65234" lon="4.45713">
    <ele>129.84</ele>
   </trkpt>
   <trkpt lat="50.651970000000006" lon="4.4569">
    <ele>129.84</ele>
   </trkpt>
   <trkpt lat="50.65137000000001" lon="4.4563500000000005">
    <ele>132.56</ele>
   </trkpt>
   <trkpt lat="50.65102" lon="4.456110000000001">
    <ele>133.42000000000002</ele>
   </trkpt>
   <trkpt lat="50.650470000000006" lon="4.45579">
    <ele>134.32000000000002</ele>
   </trkpt>
   <trkpt lat="50.65039" lon="4.45579">
    <ele>134.32000000000002</ele>
   </trkpt>
   <trkpt lat="50.65019" lon="4.45586">
    <ele>134.65</ele>
   </trkpt>
   <trkpt lat="50.64945" lon="4.456320000000001">
    <ele>136.32000000000002</ele>
   </trkpt>
   <trkpt lat="50.648713335033484" lon="4.456760013772297">
    <ele>137.55</ele>
   </trkpt>
   <trkpt lat="50.64797666841017" lon="4.457200013746132">
    <ele>140.03</ele>
   </trkpt>
   <trkpt lat="50.647240000000004" lon="4.4576400000000005">
    <ele>140.89000000000001</ele>
   </trkpt>
   <trkpt lat="50.64706" lon="4.45772">
    <ele>140.89000000000001</ele>
   </trkpt>
   <trkpt lat="50.646530000000006" lon="4.45779">
    <ele>140.85</ele>
   </trkpt>
   <trkpt lat="50.646" lon="4.45791">
    <ele>142.24</ele>
   </trkpt>
   <trkpt lat="50.645830000000004" lon="4.457870000000001">
    <ele>141.65</ele>
   </trkpt>
   <trkpt lat="50.645720000000004" lon="4.45781">
    <ele>140.57</ele>
   </trkpt>
   <trkpt lat="50.64524" lon="4.45722">
    <ele>138.3</ele>
   </trkpt>
   <trkpt lat="50.64508000000001" lon="4.45709">
    <ele>137.78</ele>
   </trkpt>
   <trkpt lat="50.64491" lon="4.45699">
    <ele>137.49</ele>
   </trkpt>
   <trkpt lat="50.64428000016857" lon="4.456789997317711">
    <ele>137.75</ele>
   </trkpt>
   <trkpt lat="50.64365" lon="4.45659">
    <ele>138.93</ele>
   </trkpt>
   <trkpt lat="50.643370000000004" lon="4.45641">
    <ele>140.24</ele>
   </trkpt>
   <trkpt lat="50.642770000000006" lon="4.455830000000001">
    <ele>144.19</ele>
   </trkpt>
   <trkpt lat="50.64264000000001" lon="4.45575">
    <ele>145.17000000000002</ele>
   </trkpt>
   <trkpt lat="50.642450000000004" lon="4.45566">
    <ele>145.63</ele>
   </trkpt>
   <trkpt lat="50.64275006162163" lon="4.456924927305202">
    <ele>145.50000000000003</ele>
   </trkpt>
   <trkpt lat="50.64305010955007" lon="4.458189870764306">
    <ele>145.50000000000003</ele>
   </trkpt>
   <trkpt lat="50.64335014378499" lon="4.459454830376952">
    <ele>145.50000000000003</ele>
   </trkpt>
   <trkpt lat="50.64365016432612" lon="4.460719806142781">
    <ele>145.50000000000003</ele>
   </trkpt>
   <trkpt lat="50.643950171173074" lon="4.461984798061436">
    <ele>145.50000000000003</ele>
   </trkpt>
   <trkpt lat="50.64425016432557" lon="4.463249806132557">
    <ele>139.42000000000002</ele>
   </trkpt>
   <trkpt lat="50.6445501437833" lon="4.464514830355788">
    <ele>139.42000000000002</ele>
   </trkpt>
   <trkpt lat="50.64485010954588" lon="4.465779870730767">
    <ele>139.42000000000002</ele>
   </trkpt>
   <trkpt lat="50.64515006161306" lon="4.467044927257137">
    <ele>139.42000000000002</ele>
   </trkpt>
   <trkpt lat="50.645450000000004" lon="4.468310000000001">
    <ele>139.42000000000002</ele>
   </trkpt>
   <trkpt lat="50.645590000000006" lon="4.46874">
    <ele>143.44</ele>
   </trkpt>
   <trkpt lat="50.64614801931586" lon="4.469801949574969">
    <ele>144.12</ele>
   </trkpt>
   <trkpt lat="50.64670602898062" lon="4.470863924374032">
    <ele>144.67000000000002</ele>
   </trkpt>
   <trkpt lat="50.64726402899391" lon="4.471925924397855">
    <ele>145.59000000000003</ele>
   </trkpt>
   <trkpt lat="50.64782201935529" lon="4.4729879496470994">
    <ele>145.52</ele>
   </trkpt>
   <trkpt lat="50.64838" lon="4.47405">
    <ele>144.50000000000003</ele>
   </trkpt>
   <trkpt lat="50.64893001135043" lon="4.474863961897607">
    <ele>143.58</ele>
   </trkpt>
   <trkpt lat="50.64948001703106" lon="4.475677942853449">
    <ele>142.44</ele>
   </trkpt>
   <trkpt lat="50.65003001704166" lon="4.476491942868146">
    <ele>142.0</ele>
   </trkpt>
   <trkpt lat="50.65058001138197" lon="4.477305961942322">
    <ele>141.39000000000001</ele>
   </trkpt>
   <trkpt lat="50.65113" lon="4.4781200000000005">
    <ele>141.15</ele>
   </trkpt>
   <trkpt lat="50.65142" lon="4.47857">
    <ele>141.16</ele>
   </trkpt>
   <trkpt lat="50.651650000000004" lon="4.479010000000001">
    <ele>141.14000000000001</ele>
   </trkpt>
   <trkpt lat="50.65195000206216" lon="4.4796999956512">
    <ele>141.23000000000002</ele>
   </trkpt>
   <trkpt lat="50.65225" lon="4.480390000000001">
    <ele>141.62000000000003</ele>
   </trkpt>
   <trkpt lat="50.652370000000005" lon="4.48076">
    <ele>141.73000000000002</ele>
   </trkpt>
   <trkpt lat="50.65245" lon="4.481070000000001">
    <ele>141.93</ele>
   </trkpt>
   <trkpt lat="50.652585005022964" lon="4.482154996769533">
    <ele>143.0</ele>
   </trkpt>
   <trkpt lat="50.65272" lon="4.48324">
    <ele>143.53000000000003</ele>
   </trkpt>
   <trkpt lat="50.65281" lon="4.48362">
    <ele>143.74</ele>
   </trkpt>
   <trkpt lat="50.65306" lon="4.48433">
    <ele>144.33</ele>
   </trkpt>
   <trkpt lat="50.65321" lon="4.48488">
    <ele>144.81000000000003</ele>
   </trkpt>
   <trkpt lat="50.65349669841958" lon="4.486098296151551">
    <ele>143.66</ele>
   </trkpt>
   <trkpt lat="50.6537833841379" lon="4.487316607174297">
    <ele>143.66</ele>
   </trkpt>
   <trkpt lat="50.654070057154705" lon="4.488534933067912">
    <ele>142.43</ele>
   </trkpt>
   <trkpt lat="50.65435671746971" lon="4.489753273832072">
    <ele>142.43</ele>
   </trkpt>
   <trkpt lat="50.65464336508261" lon="4.490971629466449">
    <ele>142.43</ele>
   </trkpt>
   <trkpt lat="50.65493000000001" lon="4.492190000000001">
    <ele>142.43</ele>
   </trkpt>
   <trkpt lat="50.65530673481172" lon="4.493393227176919">
    <ele>141.27</ele>
   </trkpt>
   <trkpt lat="50.655683457234545" lon="4.494596473654951">
    <ele>140.56</ele>
   </trkpt>
   <trkpt lat="50.656060167268116" lon="4.495799739434029">
    <ele>139.20000000000002</ele>
   </trkpt>
   <trkpt lat="50.6564368649121" lon="4.497003024514091">
    <ele>138.13</ele>
   </trkpt>
   <trkpt lat="50.65681355016611" lon="4.498206328895066">
    <ele>135.8</ele>
   </trkpt>
   <trkpt lat="50.65719022302979" lon="4.499409652576891">
    <ele>133.79000000000002</ele>
   </trkpt>
   <trkpt lat="50.65756688350275" lon="4.500612995559496">
    <ele>128.20000000000002</ele>
   </trkpt>
   <trkpt lat="50.657943531584664" lon="4.5018163578428165">
    <ele>126.95</ele>
   </trkpt>
   <trkpt lat="50.65832016727514" lon="4.503019739426787">
    <ele>122.07000000000001</ele>
   </trkpt>
   <trkpt lat="50.65869679057382" lon="4.504223140311338">
    <ele>121.8</ele>
   </trkpt>
   <trkpt lat="50.65907340148034" lon="4.505426560496406">
    <ele>126.14</ele>
   </trkpt>
   <trkpt lat="50.65945000000001" lon="4.50663">
    <ele>130.12</ele>
   </trkpt>
   <trkpt lat="50.659530000000004" lon="4.5067900000000005">
    <ele>130.48000000000002</ele>
   </trkpt>
   <trkpt lat="50.659380000000006" lon="4.50753">
    <ele>130.28</ele>
   </trkpt>
   <trkpt lat="50.65926" lon="4.508310000000001">
    <ele>129.85000000000002</ele>
   </trkpt>
   <trkpt lat="50.659240000000004" lon="4.50875">
    <ele>129.45000000000002</ele>
   </trkpt>
   <trkpt lat="50.65926" lon="4.5094">
    <ele>129.04000000000002</ele>
   </trkpt>
   <trkpt lat="50.65942752021868" lon="4.510654986592109">
    <ele>128.82999999999998</ele>
   </trkpt>
   <trkpt lat="50.65959502696019" lon="4.511909982136974">
    <ele>134.94</ele>
   </trkpt>
   <trkpt lat="50.65976252022437" lon="4.513164986633991">
    <ele>134.94</ele>
   </trkpt>
   <trkpt lat="50.65993" lon="4.51442">
    <ele>134.94</ele>
   </trkpt>
   <trkpt lat="50.659905002663365" lon="4.515210000635827">
    <ele>132.77</ele>
   </trkpt>
   <trkpt lat="50.65988" lon="4.516">
    <ele>132.97</ele>
   </trkpt>
   <trkpt lat="50.66000334313375" lon="4.517069994411678">
    <ele>132.81</ele>
   </trkpt>
   <trkpt lat="50.66012667647077" lon="4.518139994443604">
    <ele>132.84</ele>
   </trkpt>
   <trkpt lat="50.660250000000005" lon="4.51921">
    <ele>133.03</ele>
   </trkpt>
   <trkpt lat="50.660415005232366" lon="4.5203149961732025">
    <ele>132.88</ele>
   </trkpt>
   <trkpt lat="50.66058" lon="4.52142">
    <ele>133.28</ele>
   </trkpt>
   <trkpt lat="50.66062" lon="4.52165">
    <ele>133.28</ele>
   </trkpt>
   <trkpt lat="50.66089667554586" lon="4.522669987895633">
    <ele>133.76000000000002</ele>
   </trkpt>
   <trkpt lat="50.66117334218928" lon="4.523689987809772">
    <ele>133.98000000000002</ele>
   </trkpt>
   <trkpt lat="50.66145" lon="4.524710000000001">
    <ele>133.59</ele>
   </trkpt>
   <trkpt lat="50.66152" lon="4.5251">
    <ele>133.01000000000002</ele>
   </trkpt>
   <trkpt lat="50.66151500316375" lon="4.525960000185932">
    <ele>132.3</ele>
   </trkpt>
   <trkpt lat="50.66151000000001" lon="4.526820000000001">
    <ele>132.20000000000002</ele>
   </trkpt>
   <trkpt lat="50.661440000000006" lon="4.52724">
    <ele>132.18</ele>
   </trkpt>
   <trkpt lat="50.661410000000004" lon="4.527270000000001">
    <ele>132.16</ele>
   </trkpt>
   <trkpt lat="50.66138" lon="4.527410000000001">
    <ele>132.08</ele>
   </trkpt>
   <trkpt lat="50.661410000000004" lon="4.52756">
    <ele>132.0</ele>
   </trkpt>
   <trkpt lat="50.661440000000006" lon="4.52812">
    <ele>131.32000000000002</ele>
   </trkpt>
   <trkpt lat="50.661350000000006" lon="4.52853">
    <ele>131.04000000000002</ele>
   </trkpt>
   <trkpt lat="50.660946675691186" lon="4.529556684288725">
    <ele>130.71</ele>
   </trkpt>
   <trkpt lat="50.66054334236292" lon="4.530583350942172">
    <ele>130.37</ele>
   </trkpt>
   <trkpt lat="50.660140000000006" lon="4.531610000000001">
    <ele>129.66</ele>
   </trkpt>
   <trkpt lat="50.659980000000004" lon="4.53207">
    <ele>129.60000000000002</ele>
   </trkpt>
   <trkpt lat="50.659870000000005" lon="4.5326200000000005">
    <ele>129.79000000000002</ele>
   </trkpt>
   <trkpt lat="50.659800000000004" lon="4.5331600000000005">
    <ele>129.86</ele>
   </trkpt>
   <trkpt lat="50.65979" lon="4.5338">
    <ele>130.08</ele>
   </trkpt>
   <trkpt lat="50.65981000000001" lon="4.534140000000001">
    <ele>131.01000000000002</ele>
   </trkpt>
   <trkpt lat="50.659850000000006" lon="4.534490000000001">
    <ele>131.01000000000002</ele>
   </trkpt>
   <trkpt lat="50.659850000000006" lon="4.53448">
    <ele>131.01000000000002</ele>
   </trkpt>
   <trkpt lat="50.66002380297618" lon="4.535809965553587">
    <ele>130.67000000000002</ele>
   </trkpt>
   <trkpt lat="50.660197590816765" lon="4.537139940950816">
    <ele>130.67000000000002</ele>
   </trkpt>
   <trkpt lat="50.660371363521556" lon="4.538469926190965">
    <ele>130.67000000000002</ele>
   </trkpt>
   <trkpt lat="50.66054512109032" lon="4.539799921273311">
    <ele>111.68</ele>
   </trkpt>
   <trkpt lat="50.66071886352291" lon="4.5411299261971285">
    <ele>111.68</ele>
   </trkpt>
   <trkpt lat="50.66089259081908" lon="4.542459940961696">
    <ele>111.68</ele>
   </trkpt>
   <trkpt lat="50.661066302978625" lon="4.543789965566288">
    <ele>111.68</ele>
   </trkpt>
   <trkpt lat="50.66124000000001" lon="4.545120000000001">
    <ele>111.68</ele>
   </trkpt>
   <trkpt lat="50.66141252169387" lon="4.546419985692631">
    <ele>110.11000000000001</ele>
   </trkpt>
   <trkpt lat="50.661585028926964" lon="4.547719980936566">
    <ele>107.75000000000001</ele>
   </trkpt>
   <trkpt lat="50.66175752169908" lon="4.549019985731134">
    <ele>105.22</ele>
   </trkpt>
   <trkpt lat="50.661930000000005" lon="4.55032">
    <ele>102.82000000000001</ele>
   </trkpt>
   <trkpt lat="50.66201" lon="4.5507">
    <ele>102.88000000000001</ele>
   </trkpt>
   <trkpt lat="50.66235500710411" lon="4.551989990464528">
    <ele>104.3</ele>
   </trkpt>
   <trkpt lat="50.6627" lon="4.55328">
    <ele>105.07000000000001</ele>
   </trkpt>
   <trkpt lat="50.662710000000004" lon="4.55361">
    <ele>104.9</ele>
   </trkpt>
   <trkpt lat="50.66268" lon="4.5536200000000004">
    <ele>104.9</ele>
   </trkpt>
   <trkpt lat="50.662650000000006" lon="4.553660000000001">
    <ele>104.9</ele>
   </trkpt>
   <trkpt lat="50.66263000000001" lon="4.55375">
    <ele>104.60000000000001</ele>
   </trkpt>
   <trkpt lat="50.66266" lon="4.5538300000000005">
    <ele>104.60000000000001</ele>
   </trkpt>
   <trkpt lat="50.662690000000005" lon="4.553850000000001">
    <ele>104.60000000000001</ele>
   </trkpt>
   <trkpt lat="50.66274000000001" lon="4.553850000000001">
    <ele>104.69</ele>
   </trkpt>
   <trkpt lat="50.662780000000005" lon="4.55379">
    <ele>104.69</ele>
   </trkpt>
   <trkpt lat="50.66284" lon="4.55384">
    <ele>104.46000000000001</ele>
   </trkpt>
   <trkpt lat="50.6631300033263" lon="4.554714994749177">
    <ele>103.37</ele>
   </trkpt>
   <trkpt lat="50.66342" lon="4.5555900000000005">
    <ele>102.68</ele>
   </trkpt>
   <trkpt lat="50.66357000000001" lon="4.555960000000001">
    <ele>102.21000000000001</ele>
   </trkpt>
   <trkpt lat="50.66376" lon="4.556310000000001">
    <ele>101.35000000000001</ele>
   </trkpt>
   <trkpt lat="50.66384000000001" lon="4.55651">
    <ele>100.80000000000001</ele>
   </trkpt>
   <trkpt lat="50.663920000000005" lon="4.55691">
    <ele>99.81</ele>
   </trkpt>
   <trkpt lat="50.663940000000004" lon="4.55736">
    <ele>99.18</ele>
   </trkpt>
   <trkpt lat="50.664" lon="4.55778">
    <ele>98.56</ele>
   </trkpt>
   <trkpt lat="50.66416500365818" lon="4.558709996494519">
    <ele>95.82000000000001</ele>
   </trkpt>
   <trkpt lat="50.66433000000001" lon="4.559640000000001">
    <ele>95.41000000000001</ele>
   </trkpt>
   <trkpt lat="50.66442000000001" lon="4.55984">
    <ele>95.58000000000001</ele>
   </trkpt>
   <trkpt lat="50.66456" lon="4.56001">
    <ele>96.01</ele>
   </trkpt>
   <trkpt lat="50.66463" lon="4.5600700000000005">
    <ele>96.01</ele>
   </trkpt>
   <trkpt lat="50.66478000000001" lon="4.560160000000001">
    <ele>97.33000000000001</ele>
   </trkpt>
   <trkpt lat="50.66523" lon="4.56033">
    <ele>98.36</ele>
   </trkpt>
   <trkpt lat="50.66521" lon="4.56146">
    <ele>95.84</ele>
   </trkpt>
   <trkpt lat="50.66523" lon="4.5619000000000005">
    <ele>93.71</ele>
   </trkpt>
   <trkpt lat="50.66534000000001" lon="4.5625100000000005">
    <ele>89.87</ele>
   </trkpt>
   <trkpt lat="50.665610006129" lon="4.563704993214705">
    <ele>82.36</ele>
   </trkpt>
   <trkpt lat="50.66588" lon="4.564900000000001">
    <ele>76.08000000000001</ele>
   </trkpt>
   <trkpt lat="50.665910000000004" lon="4.56515">
    <ele>73.26</ele>
   </trkpt>
   <trkpt lat="50.665910000000004" lon="4.56578">
    <ele>71.45</ele>
   </trkpt>
   <trkpt lat="50.6659" lon="4.56672">
    <ele>67.65</ele>
   </trkpt>
   <trkpt lat="50.66583000000001" lon="4.56702">
    <ele>66.98</ele>
   </trkpt>
   <trkpt lat="50.66519" lon="4.5667100000000005">
    <ele>67.23</ele>
   </trkpt>
   <trkpt lat="50.66485" lon="4.56653">
    <ele>67.15</ele>
   </trkpt>
   <trkpt lat="50.66452" lon="4.566280000000001">
    <ele>67.22</ele>
   </trkpt>
   <trkpt lat="50.66402" lon="4.56573">
    <ele>67.47</ele>
   </trkpt>
   <trkpt lat="50.663700000000006" lon="4.5654">
    <ele>67.81</ele>
   </trkpt>
   <trkpt lat="50.66339000000001" lon="4.56512">
    <ele>68.25</ele>
   </trkpt>
   <trkpt lat="50.662855000325216" lon="4.564839996804576">
    <ele>68.68</ele>
   </trkpt>
   <trkpt lat="50.66232" lon="4.56456">
    <ele>69.61</ele>
   </trkpt>
   <trkpt lat="50.66203" lon="4.564380000000001">
    <ele>69.91</ele>
   </trkpt>
   <trkpt lat="50.66179" lon="4.56418">
    <ele>69.84</ele>
   </trkpt>
   <trkpt lat="50.66127" lon="4.56369">
    <ele>68.79</ele>
   </trkpt>
   <trkpt lat="50.661170000000006" lon="4.56404">
    <ele>67.8</ele>
   </trkpt>
   <trkpt lat="50.66114" lon="4.5642700000000005">
    <ele>66.81</ele>
   </trkpt>
   <trkpt lat="50.66114" lon="4.56487">
    <ele>63.63</ele>
   </trkpt>
   <trkpt lat="50.661120000000004" lon="4.56514">
    <ele>61.75000000000001</ele>
   </trkpt>
   <trkpt lat="50.66102" lon="4.56557">
    <ele>59.67000000000001</ele>
   </trkpt>
   <trkpt lat="50.66064" lon="4.5667800000000005">
    <ele>58.870000000000005</ele>
   </trkpt>
   <trkpt lat="50.660360000000004" lon="4.5677900000000005">
    <ele>58.39</ele>
   </trkpt>
   <trkpt lat="50.66004500442988" lon="4.568810006910888">
    <ele>58.77</ele>
   </trkpt>
   <trkpt lat="50.65973" lon="4.5698300000000005">
    <ele>59.550000000000004</ele>
   </trkpt>
   <trkpt lat="50.65937251315374" lon="4.570842523135113">
    <ele>62.230000000000004</ele>
   </trkpt>
   <trkpt lat="50.659015017535054" lon="4.571855030855615">
    <ele>66.03</ele>
   </trkpt>
   <trkpt lat="50.65865751314414" lon="4.572867523161561">
    <ele>66.68</ele>
   </trkpt>
   <trkpt lat="50.658300000000004" lon="4.57388">
    <ele>64.28</ele>
   </trkpt>
   <trkpt lat="50.658170000000005" lon="4.57422">
    <ele>63.61</ele>
   </trkpt>
   <trkpt lat="50.658100000000005" lon="4.57434">
    <ele>63.5</ele>
   </trkpt>
   <trkpt lat="50.658" lon="4.57442">
    <ele>63.43</ele>
   </trkpt>
   <trkpt lat="50.657900000000005" lon="4.57446">
    <ele>63.42</ele>
   </trkpt>
   <trkpt lat="50.65724" lon="4.57463">
    <ele>64.84</ele>
   </trkpt>
   <trkpt lat="50.657030000000006" lon="4.574660000000001">
    <ele>65.33</ele>
   </trkpt>
   <trkpt lat="50.65695" lon="4.574660000000001">
    <ele>65.63000000000001</ele>
   </trkpt>
   <trkpt lat="50.65692000000001" lon="4.57472">
    <ele>65.63000000000001</ele>
   </trkpt>
   <trkpt lat="50.65692000000001" lon="4.5747800000000005">
    <ele>65.63000000000001</ele>
   </trkpt>
   <trkpt lat="50.65695" lon="4.57486">
    <ele>65.86</ele>
   </trkpt>
   <trkpt lat="50.656980000000004" lon="4.575">
    <ele>65.86</ele>
   </trkpt>
   <trkpt lat="50.657070007456774" lon="4.576319997497713">
    <ele>68.94</ele>
   </trkpt>
   <trkpt lat="50.657160000000005" lon="4.577640000000001">
    <ele>71.01</ele>
   </trkpt>
   <trkpt lat="50.65710000000001" lon="4.57781">
    <ele>71.07000000000001</ele>
   </trkpt>
   <trkpt lat="50.65686" lon="4.57817">
    <ele>71.12</ele>
   </trkpt>
   <trkpt lat="50.65682" lon="4.57831">
    <ele>71.12</ele>
   </trkpt>
   <trkpt lat="50.65682" lon="4.57856">
    <ele>71.01</ele>
   </trkpt>
   <trkpt lat="50.65688" lon="4.578720000000001">
    <ele>71.01</ele>
   </trkpt>
   <trkpt lat="50.65722" lon="4.57929">
    <ele>70.9</ele>
   </trkpt>
   <trkpt lat="50.657250000000005" lon="4.57937">
    <ele>70.77</ele>
   </trkpt>
   <trkpt lat="50.65731000219062" lon="4.580089998751739">
    <ele>70.79</ele>
   </trkpt>
   <trkpt lat="50.65737000000001" lon="4.5808100000000005">
    <ele>71.28000000000002</ele>
   </trkpt>
   <trkpt lat="50.65739000000001" lon="4.58098">
    <ele>71.33</ele>
   </trkpt>
   <trkpt lat="50.657500000000006" lon="4.581300000000001">
    <ele>71.53000000000002</ele>
   </trkpt>
   <trkpt lat="50.65753" lon="4.58237">
    <ele>73.50000000000001</ele>
   </trkpt>
   <trkpt lat="50.65751" lon="4.58291">
    <ele>74.35</ele>
   </trkpt>
   <trkpt lat="50.65748000000001" lon="4.5831">
    <ele>74.98</ele>
   </trkpt>
   <trkpt lat="50.65739000000001" lon="4.583360000000001">
    <ele>76.83000000000001</ele>
   </trkpt>
   <trkpt lat="50.65695000264111" lon="4.584150007453072">
    <ele>82.84</ele>
   </trkpt>
   <trkpt lat="50.656510000000004" lon="4.5849400000000005">
    <ele>84.86</ele>
   </trkpt>
   <trkpt lat="50.65628" lon="4.5852900000000005">
    <ele>84.24000000000001</ele>
   </trkpt>
   <trkpt lat="50.6556400079583" lon="4.586253359559604">
    <ele>80.03</ele>
   </trkpt>
   <trkpt lat="50.65500000797524" lon="4.587216692866893">
    <ele>86.13000000000001</ele>
   </trkpt>
   <trkpt lat="50.654360000000004" lon="4.58818">
    <ele>86.13000000000001</ele>
   </trkpt>
   <trkpt lat="50.65411" lon="4.588690000000001">
    <ele>83.02000000000001</ele>
   </trkpt>
   <trkpt lat="50.65401000000001" lon="4.58893">
    <ele>83.81</ele>
   </trkpt>
   <trkpt lat="50.65387000211459" lon="4.589625001833635">
    <ele>85.27000000000001</ele>
   </trkpt>
   <trkpt lat="50.65373" lon="4.59032">
    <ele>86.12</ele>
   </trkpt>
   <trkpt lat="50.653540002659234" lon="4.591115003403836">
    <ele>88.67000000000002</ele>
   </trkpt>
   <trkpt lat="50.65335" lon="4.59191">
    <ele>90.49</ele>
   </trkpt>
   <trkpt lat="50.653270000000006" lon="4.59208">
    <ele>91.58000000000001</ele>
   </trkpt>
   <trkpt lat="50.652930000000005" lon="4.59262">
    <ele>92.73</ele>
   </trkpt>
   <trkpt lat="50.65261" lon="4.59313">
    <ele>96.14</ele>
   </trkpt>
   <trkpt lat="50.65261001035436" lon="4.5942299999602">
    <ele>98.64</ele>
   </trkpt>
   <trkpt lat="50.652610010354365" lon="4.595329999920644">
    <ele>98.65</ele>
   </trkpt>
   <trkpt lat="50.65261" lon="4.596430000000001">
    <ele>100.18</ele>
   </trkpt>
   <trkpt lat="50.65265000631667" lon="4.597644998977701">
    <ele>101.33</ele>
   </trkpt>
   <trkpt lat="50.65269000000001" lon="4.59886">
    <ele>102.87</ele>
   </trkpt>
   <trkpt lat="50.652636677657696" lon="4.599993335914795">
    <ele>103.89000000000001</ele>
   </trkpt>
   <trkpt lat="50.65258334432395" lon="4.60112666925639">
    <ele>105.15</ele>
   </trkpt>
   <trkpt lat="50.652530000000006" lon="4.60226">
    <ele>104.79</ele>
   </trkpt>
   <trkpt lat="50.65251000000001" lon="4.60229">
    <ele>104.79</ele>
   </trkpt>
   <trkpt lat="50.65251000000001" lon="4.602530000000001">
    <ele>105.03000000000002</ele>
   </trkpt>
   <trkpt lat="50.65243" lon="4.602860000000001">
    <ele>105.27</ele>
   </trkpt>
   <trkpt lat="50.652175001356724" lon="4.603445003422284">
    <ele>106.86000000000001</ele>
   </trkpt>
   <trkpt lat="50.651920000000004" lon="4.604030000000001">
    <ele>110.11000000000001</ele>
   </trkpt>
   <trkpt lat="50.651790000000005" lon="4.6042700000000005">
    <ele>111.51</ele>
   </trkpt>
   <trkpt lat="50.651380000681925" lon="4.60461500286576">
    <ele>114.76000000000002</ele>
   </trkpt>
   <trkpt lat="50.65097" lon="4.60496">
    <ele>116.41000000000001</ele>
   </trkpt>
   <trkpt lat="50.65079" lon="4.60508">
    <ele>118.79</ele>
   </trkpt>
   <trkpt lat="50.650490000000005" lon="4.605160000000001">
    <ele>119.98</ele>
   </trkpt>
   <trkpt lat="50.6497" lon="4.605180000000001">
    <ele>124.50000000000001</ele>
   </trkpt>
   <trkpt lat="50.64945" lon="4.60522">
    <ele>124.93</ele>
   </trkpt>
   <trkpt lat="50.64907" lon="4.605650000000001">
    <ele>125.86</ele>
   </trkpt>
   <trkpt lat="50.64849" lon="4.60625">
    <ele>127.21000000000001</ele>
   </trkpt>
   <trkpt lat="50.64791000085399" lon="4.60669000541231">
    <ele>127.8</ele>
   </trkpt>
   <trkpt lat="50.647330000000004" lon="4.607130000000001">
    <ele>127.34</ele>
   </trkpt>
   <trkpt lat="50.646640000000005" lon="4.60761">
    <ele>128.29999999999998</ele>
   </trkpt>
   <trkpt lat="50.64636" lon="4.60777">
    <ele>129.04999999999998</ele>
   </trkpt>
   <trkpt lat="50.646190000000004" lon="4.6078600000000005">
    <ele>130.28</ele>
   </trkpt>
   <trkpt lat="50.64585" lon="4.607970000000001">
    <ele>133.11</ele>
   </trkpt>
   <trkpt lat="50.645500000000006" lon="4.608040000000001">
    <ele>135.52</ele>
   </trkpt>
   <trkpt lat="50.64477666700496" lon="4.608266673676977">
    <ele>136.97</ele>
   </trkpt>
   <trkpt lat="50.64405333357024" lon="4.608493340375284">
    <ele>138.25</ele>
   </trkpt>
   <trkpt lat="50.643330000000006" lon="4.608720000000001">
    <ele>141.88</ele>
   </trkpt>
   <trkpt lat="50.64255000000001" lon="4.609120000000001">
    <ele>142.81000000000003</ele>
   </trkpt>
   <trkpt lat="50.642065000236094" lon="4.609395002887809">
    <ele>140.34</ele>
   </trkpt>
   <trkpt lat="50.641580000000005" lon="4.60967">
    <ele>137.38</ele>
   </trkpt>
   <trkpt lat="50.641290000000005" lon="4.609850000000001">
    <ele>136.09</ele>
   </trkpt>
   <trkpt lat="50.641180000000006" lon="4.60995">
    <ele>136.04000000000002</ele>
   </trkpt>
   <trkpt lat="50.64088" lon="4.610340000000001">
    <ele>136.83</ele>
   </trkpt>
   <trkpt lat="50.64083" lon="4.61042">
    <ele>136.83</ele>
   </trkpt>
   <trkpt lat="50.64065" lon="4.61069">
    <ele>136.48000000000002</ele>
   </trkpt>
   <trkpt lat="50.640620000000006" lon="4.6107700000000005">
    <ele>136.48000000000002</ele>
   </trkpt>
   <trkpt lat="50.64036" lon="4.61078">
    <ele>135.29000000000002</ele>
   </trkpt>
   <trkpt lat="50.64032" lon="4.611070000000001">
    <ele>134.77</ele>
   </trkpt>
   <trkpt lat="50.64018" lon="4.6114500000000005">
    <ele>132.84</ele>
   </trkpt>
   <trkpt lat="50.639745005184615" lon="4.61256001049763">
    <ele>126.16000000000003</ele>
   </trkpt>
   <trkpt lat="50.63931" lon="4.61367">
    <ele>121.78000000000002</ele>
   </trkpt>
   <trkpt lat="50.63922" lon="4.6138200000000005">
    <ele>121.16</ele>
   </trkpt>
   <trkpt lat="50.63908000000001" lon="4.6139600000000005">
    <ele>120.28000000000002</ele>
   </trkpt>
   <trkpt lat="50.638980000000004" lon="4.61402">
    <ele>120.28000000000002</ele>
   </trkpt>
   <trkpt lat="50.63875" lon="4.614070000000001">
    <ele>119.25</ele>
   </trkpt>
   <trkpt lat="50.63848" lon="4.61399">
    <ele>118.59000000000002</ele>
   </trkpt>
   <trkpt lat="50.63819" lon="4.61385">
    <ele>117.58</ele>
   </trkpt>
   <trkpt lat="50.637980000000006" lon="4.6138">
    <ele>117.14</ele>
   </trkpt>
   <trkpt lat="50.637840000000004" lon="4.61395">
    <ele>116.94000000000001</ele>
   </trkpt>
   <trkpt lat="50.637710000000006" lon="4.61418">
    <ele>116.79</ele>
   </trkpt>
   <trkpt lat="50.638202509794034" lon="4.615052472609826">
    <ele>115.17</ele>
   </trkpt>
   <trkpt lat="50.63869501307338" lon="4.615924963505143">
    <ele>116.23000000000002</ele>
   </trkpt>
   <trkpt lat="50.639187509837775" lon="4.616797472686409">
    <ele>116.23000000000002</ele>
   </trkpt>
   <trkpt lat="50.639680000000006" lon="4.61767">
    <ele>116.23000000000002</ele>
   </trkpt>
   <trkpt lat="50.64007" lon="4.61836">
    <ele>116.9</ele>
   </trkpt>
   <trkpt lat="50.64023" lon="4.61873">
    <ele>117.07000000000001</ele>
   </trkpt>
   <trkpt lat="50.640280000000004" lon="4.6189800000000005">
    <ele>117.07000000000001</ele>
   </trkpt>
   <trkpt lat="50.64047500496513" lon="4.620054995650747">
    <ele>117.85000000000001</ele>
   </trkpt>
   <trkpt lat="50.64067000000001" lon="4.62113">
    <ele>118.67000000000002</ele>
   </trkpt>
   <trkpt lat="50.64089502279835" lon="4.622462480893841">
    <ele>120.55</ele>
   </trkpt>
   <trkpt lat="50.64112003040172" lon="4.623794974547802">
    <ele>122.05</ele>
   </trkpt>
   <trkpt lat="50.64134502280989" lon="4.625127480961245">
    <ele>123.09</ele>
   </trkpt>
   <trkpt lat="50.64157" lon="4.626460000000001">
    <ele>125.32000000000001</ele>
   </trkpt>
   <trkpt lat="50.64162" lon="4.62722">
    <ele>127.14</ele>
   </trkpt>
   <trkpt lat="50.64163500338633" lon="4.628109999534243">
    <ele>128.41000000000003</ele>
   </trkpt>
   <trkpt lat="50.641650000000006" lon="4.6290000000000004">
    <ele>130.33</ele>
   </trkpt>
   <trkpt lat="50.641670031471726" lon="4.630355997693638">
    <ele>133.12</ele>
   </trkpt>
   <trkpt lat="50.64169004720763" lon="4.631711996542838">
    <ele>134.97</ele>
   </trkpt>
   <trkpt lat="50.6417100472077" lon="4.633067996546692">
    <ele>138.07</ele>
   </trkpt>
   <trkpt lat="50.64173003147191" lon="4.634423997704297">
    <ele>140.32</ele>
   </trkpt>
   <trkpt lat="50.64175" lon="4.6357800000000005">
    <ele>141.07</ele>
   </trkpt>
   <trkpt lat="50.641765007682935" lon="4.63711999953498">
    <ele>139.58</ele>
   </trkpt>
   <trkpt lat="50.641780000000004" lon="4.63846">
    <ele>138.13</ele>
   </trkpt>
   <trkpt lat="50.64179000000001" lon="4.63869">
    <ele>137.9</ele>
   </trkpt>
   <trkpt lat="50.641966674337645" lon="4.639636659557036">
    <ele>136.11</ele>
   </trkpt>
   <trkpt lat="50.6421433410059" lon="4.640583326232038">
    <ele>134.19</ele>
   </trkpt>
   <trkpt lat="50.642320000000005" lon="4.64153">
    <ele>132.77</ele>
   </trkpt>
   <trkpt lat="50.64284000849045" lon="4.642526644588701">
    <ele>131.71</ele>
   </trkpt>
   <trkpt lat="50.64336000848014" lon="4.643523311235187">
    <ele>131.48000000000002</ele>
   </trkpt>
   <trkpt lat="50.64388" lon="4.64452">
    <ele>132.98999999999998</ele>
   </trkpt>
   <trkpt lat="50.644235002062764" lon="4.6452149947413774">
    <ele>134.12</ele>
   </trkpt>
   <trkpt lat="50.64459" lon="4.645910000000001">
    <ele>135.85</ele>
   </trkpt>
   <trkpt lat="50.64481000000001" lon="4.64646">
    <ele>135.52</ele>
   </trkpt>
   <trkpt lat="50.64513500550978" lon="4.647594992141188">
    <ele>134.54000000000002</ele>
   </trkpt>
   <trkpt lat="50.64546000000001" lon="4.6487300000000005">
    <ele>133.25</ele>
   </trkpt>
   <trkpt lat="50.645680000000006" lon="4.649380000000001">
    <ele>132.82000000000002</ele>
   </trkpt>
   <trkpt lat="50.64600000159578" lon="4.649989995852482">
    <ele>131.72</ele>
   </trkpt>
   <trkpt lat="50.64632" lon="4.650600000000001">
    <ele>131.76999999999998</ele>
   </trkpt>
   <trkpt lat="50.64685" lon="4.65169">
    <ele>133.29000000000002</ele>
   </trkpt>
   <trkpt lat="50.64707000000001" lon="4.65231">
    <ele>133.79000000000002</ele>
   </trkpt>
   <trkpt lat="50.64723000000001" lon="4.65282">
    <ele>133.9</ele>
   </trkpt>
   <trkpt lat="50.64742500228339" lon="4.653554996843443">
    <ele>133.36</ele>
   </trkpt>
   <trkpt lat="50.64762" lon="4.6542900000000005">
    <ele>132.78</ele>
   </trkpt>
   <trkpt lat="50.64772000000001" lon="4.6545700000000005">
    <ele>132.78</ele>
   </trkpt>
   <trkpt lat="50.64811667494636" lon="4.6555533167415035">
    <ele>131.92000000000002</ele>
   </trkpt>
   <trkpt lat="50.648513341618134" lon="4.656536650087239">
    <ele>131.98000000000002</ele>
   </trkpt>
   <trkpt lat="50.64891" lon="4.657520000000001">
    <ele>132.72</ele>
   </trkpt>
   <trkpt lat="50.649080000000005" lon="4.6580900000000005">
    <ele>133.14000000000001</ele>
   </trkpt>
   <trkpt lat="50.649210000000004" lon="4.65873">
    <ele>133.4</ele>
   </trkpt>
   <trkpt lat="50.649300002135135" lon="4.659429998958742">
    <ele>133.97</ele>
   </trkpt>
   <trkpt lat="50.649390000000004" lon="4.6601300000000005">
    <ele>134.34</ele>
   </trkpt>
   <trkpt lat="50.64951000000001" lon="4.6607">
    <ele>134.75</ele>
   </trkpt>
   <trkpt lat="50.649680000000004" lon="4.66117">
    <ele>135.0</ele>
   </trkpt>
   <trkpt lat="50.64981" lon="4.661420000000001">
    <ele>135.1</ele>
   </trkpt>
   <trkpt lat="50.64992" lon="4.66159">
    <ele>135.1</ele>
   </trkpt>
   <trkpt lat="50.650500006266256" lon="4.662289974045011">
    <ele>135.70000000000002</ele>
   </trkpt>
   <trkpt lat="50.65108000833958" lon="4.662989965374122">
    <ele>136.04000000000002</ele>
   </trkpt>
   <trkpt lat="50.65166000621975" lon="4.66368997398799">
    <ele>136.36</ele>
   </trkpt>
   <trkpt lat="50.652240000000006" lon="4.66439">
    <ele>137.01000000000002</ele>
   </trkpt>
   <trkpt lat="50.65249000000001" lon="4.66472">
    <ele>137.11</ele>
   </trkpt>
   <trkpt lat="50.65291500255076" lon="4.665484993162934">
    <ele>137.71</ele>
   </trkpt>
   <trkpt lat="50.65334000000001" lon="4.666250000000001">
    <ele>139.26000000000002</ele>
   </trkpt>
   <trkpt lat="50.65368" lon="4.66673">
    <ele>141.24</ele>
   </trkpt>
   <trkpt lat="50.65437000788756" lon="4.667336622120371">
    <ele>142.56000000000003</ele>
   </trkpt>
   <trkpt lat="50.65506001262606" lon="4.667943262063126">
    <ele>143.18</ele>
   </trkpt>
   <trkpt lat="50.655750014215315" lon="4.6685499198291485">
    <ele>142.83</ele>
   </trkpt>
   <trkpt lat="50.656440012655175" lon="4.669156595419317">
    <ele>142.23000000000002</ele>
   </trkpt>
   <trkpt lat="50.65713000794546" lon="4.6697632888345115">
    <ele>142.66</ele>
   </trkpt>
   <trkpt lat="50.65782" lon="4.67037">
    <ele>142.08</ele>
   </trkpt>
   <trkpt lat="50.65830000125325" lon="4.670909994487434">
    <ele>140.39000000000001</ele>
   </trkpt>
   <trkpt lat="50.65878000000001" lon="4.67145">
    <ele>138.93</ele>
   </trkpt>
   <trkpt lat="50.65932" lon="4.672140000000001">
    <ele>135.9</ele>
   </trkpt>
   <trkpt lat="50.65957" lon="4.6724000000000006">
    <ele>134.8</ele>
   </trkpt>
   <trkpt lat="50.660280003082654" lon="4.673254987019512">
    <ele>133.09</ele>
   </trkpt>
   <trkpt lat="50.660990000000005" lon="4.674110000000001">
    <ele>131.56</ele>
   </trkpt>
   <trkpt lat="50.66109" lon="4.67426">
    <ele>131.34</ele>
   </trkpt>
   <trkpt lat="50.66116" lon="4.674390000000001">
    <ele>131.20000000000002</ele>
   </trkpt>
   <trkpt lat="50.66143" lon="4.67502">
    <ele>127.37</ele>
   </trkpt>
   <trkpt lat="50.661530000000006" lon="4.67513">
    <ele>124.60000000000001</ele>
   </trkpt>
   <trkpt lat="50.66160000000001" lon="4.675140000000001">
    <ele>124.60000000000001</ele>
   </trkpt>
   <trkpt lat="50.66167" lon="4.67509">
    <ele>124.60000000000001</ele>
   </trkpt>
   <trkpt lat="50.662040000000005" lon="4.674600000000001">
    <ele>120.28000000000002</ele>
   </trkpt>
   <trkpt lat="50.662200000000006" lon="4.67478">
    <ele>118.72</ele>
   </trkpt>
   <trkpt lat="50.66264" lon="4.67515">
    <ele>118.87</ele>
   </trkpt>
   <trkpt lat="50.662800000000004" lon="4.67532">
    <ele>119.89000000000001</ele>
   </trkpt>
   <trkpt lat="50.66306" lon="4.67567">
    <ele>121.31000000000002</ele>
   </trkpt>
   <trkpt lat="50.663180000000004" lon="4.67591">
    <ele>123.26</ele>
   </trkpt>
   <trkpt lat="50.66345500218258" lon="4.676609996119942">
    <ele>127.48</ele>
   </trkpt>
   <trkpt lat="50.66373" lon="4.67731">
    <ele>130.21</ele>
   </trkpt>
   <trkpt lat="50.664" lon="4.67785">
    <ele>132.20000000000002</ele>
   </trkpt>
   <trkpt lat="50.66430000122252" lon="4.678384996578248">
    <ele>133.16</ele>
   </trkpt>
   <trkpt lat="50.66460000000001" lon="4.678920000000001">
    <ele>133.32000000000002</ele>
   </trkpt>
   <trkpt lat="50.66491500122696" lon="4.679469996192895">
    <ele>132.11</ele>
   </trkpt>
   <trkpt lat="50.66523" lon="4.680020000000001">
    <ele>129.87</ele>
   </trkpt>
   <trkpt lat="50.665740002740996" lon="4.6808099915290216">
    <ele>125.57000000000001</ele>
   </trkpt>
   <trkpt lat="50.666250000000005" lon="4.6816">
    <ele>120.84</ele>
   </trkpt>
   <trkpt lat="50.666630000000005" lon="4.682110000000001">
    <ele>119.54</ele>
   </trkpt>
   <trkpt lat="50.666830000000004" lon="4.682320000000001">
    <ele>117.61</ele>
   </trkpt>
   <trkpt lat="50.667030000000004" lon="4.68248">
    <ele>116.35000000000001</ele>
   </trkpt>
   <trkpt lat="50.667320000000004" lon="4.68261">
    <ele>115.60000000000001</ele>
   </trkpt>
   <trkpt lat="50.66749" lon="4.68266">
    <ele>114.59</ele>
   </trkpt>
   <trkpt lat="50.6677" lon="4.68268">
    <ele>114.26</ele>
   </trkpt>
   <trkpt lat="50.667880000000004" lon="4.682670000000001">
    <ele>113.53</ele>
   </trkpt>
   <trkpt lat="50.668060000000004" lon="4.68262">
    <ele>113.13000000000001</ele>
   </trkpt>
   <trkpt lat="50.66866" lon="4.68234">
    <ele>111.95</ele>
   </trkpt>
   <trkpt lat="50.66883000000001" lon="4.68228">
    <ele>111.47000000000001</ele>
   </trkpt>
   <trkpt lat="50.66903000000001" lon="4.682250000000001">
    <ele>111.47000000000001</ele>
   </trkpt>
   <trkpt lat="50.66933" lon="4.68226">
    <ele>110.92</ele>
   </trkpt>
   <trkpt lat="50.67014000149311" lon="4.682553979714268">
    <ele>115.95</ele>
   </trkpt>
   <trkpt lat="50.6709500022467" lon="4.682847969573312">
    <ele>115.95</ele>
   </trkpt>
   <trkpt lat="50.67176000226077" lon="4.683141969577766">
    <ele>112.71000000000001</ele>
   </trkpt>
   <trkpt lat="50.67257000153523" lon="4.683435979728261">
    <ele>112.71000000000001</ele>
   </trkpt>
   <trkpt lat="50.67338" lon="4.683730000000001">
    <ele>112.71000000000001</ele>
   </trkpt>
   <trkpt lat="50.673700000000004" lon="4.683940000000001">
    <ele>101.22</ele>
   </trkpt>
   <trkpt lat="50.674240000000005" lon="4.68435">
    <ele>99.45</ele>
   </trkpt>
   <trkpt lat="50.67492000000001" lon="4.68505">
    <ele>96.92</ele>
   </trkpt>
   <trkpt lat="50.67559000000001" lon="4.68567">
    <ele>94.79</ele>
   </trkpt>
   <trkpt lat="50.676225000876" lon="4.68611499399976">
    <ele>92.94000000000001</ele>
   </trkpt>
   <trkpt lat="50.676860000000005" lon="4.68656">
    <ele>91.39000000000001</ele>
   </trkpt>
   <trkpt lat="50.677170000000004" lon="4.68682">
    <ele>90.95</ele>
   </trkpt>
   <trkpt lat="50.67781" lon="4.687530000000001">
    <ele>89.96000000000001</ele>
   </trkpt>
   <trkpt lat="50.678020000000004" lon="4.6878400000000005">
    <ele>89.83</ele>
   </trkpt>
   <trkpt lat="50.678290000000004" lon="4.68832">
    <ele>89.93</ele>
   </trkpt>
   <trkpt lat="50.67877500410707" lon="4.689299989869632">
    <ele>89.88</ele>
   </trkpt>
   <trkpt lat="50.679260000000006" lon="4.6902800000000004">
    <ele>89.04</ele>
   </trkpt>
   <trkpt lat="50.67971000000001" lon="4.6910300000000005">
    <ele>88.33</ele>
   </trkpt>
   <trkpt lat="50.68003" lon="4.6915000000000004">
    <ele>87.22</ele>
   </trkpt>
   <trkpt lat="50.6805" lon="4.692100000000001">
    <ele>86.14</ele>
   </trkpt>
   <trkpt lat="50.68085000000001" lon="4.69251">
    <ele>85.56</ele>
   </trkpt>
   <trkpt lat="50.68146" lon="4.693110000000001">
    <ele>84.64</ele>
   </trkpt>
   <trkpt lat="50.6820966693041" lon="4.693666651549499">
    <ele>84.30000000000001</ele>
   </trkpt>
   <trkpt lat="50.6827333359571" lon="4.694223318203944">
    <ele>84.38000000000001</ele>
   </trkpt>
   <trkpt lat="50.683370000000004" lon="4.694780000000001">
    <ele>85.20000000000002</ele>
   </trkpt>
   <trkpt lat="50.683550000000004" lon="4.694870000000001">
    <ele>85.46000000000001</ele>
   </trkpt>
   <trkpt lat="50.68359" lon="4.69493">
    <ele>85.46000000000001</ele>
   </trkpt>
   <trkpt lat="50.68392000000001" lon="4.694640000000001">
    <ele>85.14</ele>
   </trkpt>
   <trkpt lat="50.68399" lon="4.695060000000001">
    <ele>84.27000000000001</ele>
   </trkpt>
   <trkpt lat="50.684070000000006" lon="4.6959100000000005">
    <ele>84.02000000000001</ele>
   </trkpt>
   <trkpt lat="50.684050000000006" lon="4.69676">
    <ele>84.56</ele>
   </trkpt>
   <trkpt lat="50.684070000000006" lon="4.69704">
    <ele>84.75</ele>
   </trkpt>
   <trkpt lat="50.68419" lon="4.69754">
    <ele>84.63000000000001</ele>
   </trkpt>
   <trkpt lat="50.684450000000005" lon="4.69737">
    <ele>83.69</ele>
   </trkpt>
   <trkpt lat="50.68490500028547" lon="4.697180001787733">
    <ele>83.02000000000001</ele>
   </trkpt>
   <trkpt lat="50.68536" lon="4.69699">
    <ele>82.28</ele>
   </trkpt>
   <trkpt lat="50.686040000000006" lon="4.69676">
    <ele>82.72</ele>
   </trkpt>
   <trkpt lat="50.68621" lon="4.69678">
    <ele>83.06</ele>
   </trkpt>
   <trkpt lat="50.68629000000001" lon="4.696770000000001">
    <ele>83.37000000000002</ele>
   </trkpt>
   <trkpt lat="50.686820000000004" lon="4.696470000000001">
    <ele>86.10000000000001</ele>
   </trkpt>
   <trkpt lat="50.687070000000006" lon="4.69632">
    <ele>87.35000000000001</ele>
   </trkpt>
   <trkpt lat="50.68717" lon="4.696230000000001">
    <ele>87.86</ele>
   </trkpt>
   <trkpt lat="50.687430000000006" lon="4.695740000000001">
    <ele>88.25000000000001</ele>
   </trkpt>
   <trkpt lat="50.68753" lon="4.69559">
    <ele>87.99000000000001</ele>
   </trkpt>
   <trkpt lat="50.68822" lon="4.694800000000001">
    <ele>85.79</ele>
   </trkpt>
   <trkpt lat="50.68833000000001" lon="4.69467">
    <ele>85.48</ele>
   </trkpt>
   <trkpt lat="50.688500000000005" lon="4.69442">
    <ele>84.99000000000001</ele>
   </trkpt>
   <trkpt lat="50.68864000000001" lon="4.69411">
    <ele>84.48000000000002</ele>
   </trkpt>
   <trkpt lat="50.68874" lon="4.6939400000000004">
    <ele>84.35000000000001</ele>
   </trkpt>
   <trkpt lat="50.68882000000001" lon="4.69355">
    <ele>84.21000000000001</ele>
   </trkpt>
   <trkpt lat="50.68907500166717" lon="4.692935003223951">
    <ele>84.75</ele>
   </trkpt>
   <trkpt lat="50.689330000000005" lon="4.6923200000000005">
    <ele>84.34</ele>
   </trkpt>
   <trkpt lat="50.68945" lon="4.6921100000000004">
    <ele>83.51</ele>
   </trkpt>
   <trkpt lat="50.68990000173246" lon="4.691455006432433">
    <ele>81.41000000000001</ele>
   </trkpt>
   <trkpt lat="50.69035" lon="4.6908">
    <ele>82.68</ele>
   </trkpt>
   <trkpt lat="50.690490000000004" lon="4.69066">
    <ele>83.02000000000001</ele>
   </trkpt>
   <trkpt lat="50.69062" lon="4.69059">
    <ele>82.95</ele>
   </trkpt>
   <trkpt lat="50.690810000000006" lon="4.690580000000001">
    <ele>82.75</ele>
   </trkpt>
   <trkpt lat="50.691120000000005" lon="4.69069">
    <ele>82.01</ele>
   </trkpt>
   <trkpt lat="50.691480000000006" lon="4.69073">
    <ele>80.43</ele>
   </trkpt>
   <trkpt lat="50.6918" lon="4.69083">
    <ele>79.56</ele>
   </trkpt>
   <trkpt lat="50.69189" lon="4.690840000000001">
    <ele>78.72000000000001</ele>
   </trkpt>
   <trkpt lat="50.692170000000004" lon="4.69083">
    <ele>78.14</ele>
   </trkpt>
   <trkpt lat="50.69281" lon="4.69075">
    <ele>77.33000000000001</ele>
   </trkpt>
   <trkpt lat="50.69321000000001" lon="4.69066">
    <ele>77.16000000000001</ele>
   </trkpt>
   <trkpt lat="50.69348" lon="4.690530000000001">
    <ele>76.95</ele>
   </trkpt>
   <trkpt lat="50.69373" lon="4.69038">
    <ele>76.69000000000001</ele>
   </trkpt>
   <trkpt lat="50.694050000000004" lon="4.69017">
    <ele>76.14</ele>
   </trkpt>
   <trkpt lat="50.69417000000001" lon="4.6900200000000005">
    <ele>74.77</ele>
   </trkpt>
   <trkpt lat="50.69427" lon="4.68984">
    <ele>74.29</ele>
   </trkpt>
   <trkpt lat="50.694340000000004" lon="4.68965">
    <ele>73.65</ele>
   </trkpt>
   <trkpt lat="50.694370000000006" lon="4.6892000000000005">
    <ele>72.89000000000001</ele>
   </trkpt>
   <trkpt lat="50.69501" lon="4.689170000000001">
    <ele>73.33</ele>
   </trkpt>
   <trkpt lat="50.695440000000005" lon="4.689220000000001">
    <ele>74.25000000000001</ele>
   </trkpt>
   <trkpt lat="50.69554" lon="4.68923">
    <ele>74.25000000000001</ele>
   </trkpt>
   <trkpt lat="50.695710000000005" lon="4.68918">
    <ele>74.53000000000002</ele>
   </trkpt>
   <trkpt lat="50.69636000111298" lon="4.688890012042013">
    <ele>75.24</ele>
   </trkpt>
   <trkpt lat="50.697010001506534" lon="4.688600016046225">
    <ele>76.33000000000001</ele>
   </trkpt>
   <trkpt lat="50.69766000118066" lon="4.688310012012236">
    <ele>76.74</ele>
   </trkpt>
   <trkpt lat="50.698310000000006" lon="4.688020000000001">
    <ele>77.80000000000001</ele>
   </trkpt>
   <trkpt lat="50.69852" lon="4.68801">
    <ele>78.1</ele>
   </trkpt>
   <trkpt lat="50.69874" lon="4.68811">
    <ele>78.45</ele>
   </trkpt>
   <trkpt lat="50.699470000879074" lon="4.688549993181674">
    <ele>78.63000000000001</ele>
   </trkpt>
   <trkpt lat="50.7002" lon="4.68899">
    <ele>78.77000000000001</ele>
   </trkpt>
   <trkpt lat="50.700570000000006" lon="4.68914">
    <ele>78.24000000000001</ele>
   </trkpt>
   <trkpt lat="50.700660000000006" lon="4.689150000000001">
    <ele>77.55000000000001</ele>
   </trkpt>
   <trkpt lat="50.70074" lon="4.68912">
    <ele>77.55000000000001</ele>
   </trkpt>
   <trkpt lat="50.70116" lon="4.6894100000000005">
    <ele>75.9</ele>
   </trkpt>
   <trkpt lat="50.701330000000006" lon="4.68949">
    <ele>75.73</ele>
   </trkpt>
   <trkpt lat="50.70178000000001" lon="4.68953">
    <ele>76.05000000000001</ele>
   </trkpt>
   <trkpt lat="50.701910000000005" lon="4.68951">
    <ele>76.01</ele>
   </trkpt>
   <trkpt lat="50.702090000000005" lon="4.68942">
    <ele>75.50000000000001</ele>
   </trkpt>
   <trkpt lat="50.70228" lon="4.68942">
    <ele>74.87</ele>
   </trkpt>
   <trkpt lat="50.702490000000004" lon="4.68953">
    <ele>74.66</ele>
   </trkpt>
   <trkpt lat="50.70262" lon="4.689570000000001">
    <ele>74.25000000000001</ele>
   </trkpt>
   <trkpt lat="50.70272000000001" lon="4.6895500000000006">
    <ele>73.03000000000002</ele>
   </trkpt>
   <trkpt lat="50.702850000000005" lon="4.68956">
    <ele>73.03000000000002</ele>
   </trkpt>
   <trkpt lat="50.70317000000001" lon="4.68956">
    <ele>73.03000000000002</ele>
   </trkpt>
   <trkpt lat="50.70336" lon="4.689590000000001">
    <ele>73.83</ele>
   </trkpt>
   <trkpt lat="50.7036" lon="4.6896700000000004">
    <ele>75.23</ele>
   </trkpt>
   <trkpt lat="50.70376" lon="4.68975">
    <ele>75.05</ele>
   </trkpt>
   <trkpt lat="50.70420000000001" lon="4.69001">
    <ele>79.67</ele>
   </trkpt>
   <trkpt lat="50.7049" lon="4.69019">
    <ele>86.51</ele>
   </trkpt>
   <trkpt lat="50.705000000000005" lon="4.690230000000001">
    <ele>86.51</ele>
   </trkpt>
   <trkpt lat="50.7051" lon="4.690300000000001">
    <ele>87.47</ele>
   </trkpt>
   <trkpt lat="50.705690000000004" lon="4.6908900000000004">
    <ele>87.67000000000002</ele>
   </trkpt>
   <trkpt lat="50.706316667796266" lon="4.691263323316116">
    <ele>84.56</ele>
   </trkpt>
   <trkpt lat="50.70694333440032" lon="4.691636656611974">
    <ele>79.95</ele>
   </trkpt>
   <trkpt lat="50.707570000000004" lon="4.692010000000001">
    <ele>73.35000000000001</ele>
   </trkpt>
   <trkpt lat="50.707840000000004" lon="4.692150000000001">
    <ele>72.2</ele>
   </trkpt>
   <trkpt lat="50.70796000000001" lon="4.6921800000000005">
    <ele>71.95</ele>
   </trkpt>
   <trkpt lat="50.708070000000006" lon="4.69217">
    <ele>71.89000000000001</ele>
   </trkpt>
   <trkpt lat="50.708850000000005" lon="4.69198">
    <ele>70.88000000000001</ele>
   </trkpt>
   <trkpt lat="50.709030000000006" lon="4.691960000000001">
    <ele>70.91</ele>
   </trkpt>
   <trkpt lat="50.709410000000005" lon="4.69202">
    <ele>71.14</ele>
   </trkpt>
   <trkpt lat="50.709920000000004" lon="4.69223">
    <ele>70.98</ele>
   </trkpt>
   <trkpt lat="50.71060000000001" lon="4.69261">
    <ele>69.29</ele>
   </trkpt>
   <trkpt lat="50.710800000000006" lon="4.692690000000001">
    <ele>68.92</ele>
   </trkpt>
   <trkpt lat="50.711290000237334" lon="4.692959997136706">
    <ele>68.19</ele>
   </trkpt>
   <trkpt lat="50.711780000000005" lon="4.693230000000001">
    <ele>68.57000000000001</ele>
   </trkpt>
   <trkpt lat="50.71208000000001" lon="4.693370000000001">
    <ele>69.22</ele>
   </trkpt>
   <trkpt lat="50.712430000000005" lon="4.693490000000001">
    <ele>70.28</ele>
   </trkpt>
   <trkpt lat="50.71311000011439" lon="4.693669997382349">
    <ele>72.17000000000002</ele>
   </trkpt>
   <trkpt lat="50.71379" lon="4.69385">
    <ele>70.58</ele>
   </trkpt>
   <trkpt lat="50.714110000000005" lon="4.69392">
    <ele>68.39</ele>
   </trkpt>
   <trkpt lat="50.714240000000004" lon="4.693930000000001">
    <ele>68.39</ele>
   </trkpt>
   <trkpt lat="50.71441" lon="4.693910000000001">
    <ele>68.05</ele>
   </trkpt>
   <trkpt lat="50.71481000000001" lon="4.6938">
    <ele>66.59</ele>
   </trkpt>
   <trkpt lat="50.71499000000001" lon="4.693770000000001">
    <ele>66.36</ele>
   </trkpt>
   <trkpt lat="50.715270000000004" lon="4.69378">
    <ele>66.06</ele>
   </trkpt>
   <trkpt lat="50.715520000000005" lon="4.693840000000001">
    <ele>65.98</ele>
   </trkpt>
   <trkpt lat="50.71618" lon="4.6940800000000005">
    <ele>65.2</ele>
   </trkpt>
   <trkpt lat="50.71634" lon="4.69413">
    <ele>65.2</ele>
   </trkpt>
   <trkpt lat="50.71681" lon="4.69418">
    <ele>63.78</ele>
   </trkpt>
   <trkpt lat="50.71701" lon="4.69418">
    <ele>63.78</ele>
   </trkpt>
   <trkpt lat="50.717380000000006" lon="4.69413">
    <ele>63.29</ele>
   </trkpt>
   <trkpt lat="50.71773" lon="4.694030000000001">
    <ele>62.68</ele>
   </trkpt>
   <trkpt lat="50.71801000000001" lon="4.693910000000001">
    <ele>62.550000000000004</ele>
   </trkpt>
   <trkpt lat="50.718540000000004" lon="4.69364">
    <ele>62.400000000000006</ele>
   </trkpt>
   <trkpt lat="50.71887" lon="4.693510000000001">
    <ele>62.400000000000006</ele>
   </trkpt>
   <trkpt lat="50.71918" lon="4.69343">
    <ele>62.49</ele>
   </trkpt>
   <trkpt lat="50.71942000000001" lon="4.69341">
    <ele>62.43000000000001</ele>
   </trkpt>
   <trkpt lat="50.719710000000006" lon="4.6934000000000005">
    <ele>62.36000000000001</ele>
   </trkpt>
   <trkpt lat="50.720090000000006" lon="4.693440000000001">
    <ele>62.220000000000006</ele>
   </trkpt>
   <trkpt lat="50.72065000008109" lon="4.693539998811835">
    <ele>61.730000000000004</ele>
   </trkpt>
   <trkpt lat="50.721210000000006" lon="4.69364">
    <ele>61.300000000000004</ele>
   </trkpt>
   <trkpt lat="50.72151" lon="4.69364">
    <ele>60.85000000000001</ele>
   </trkpt>
   <trkpt lat="50.721790000000006" lon="4.6936">
    <ele>60.25000000000001</ele>
   </trkpt>
   <trkpt lat="50.72195000000001" lon="4.69353">
    <ele>59.7</ele>
   </trkpt>
   <trkpt lat="50.72236" lon="4.69327">
    <ele>59.03000000000001</ele>
   </trkpt>
   <trkpt lat="50.72289000000001" lon="4.69289">
    <ele>58.650000000000006</ele>
   </trkpt>
   <trkpt lat="50.72302500196142" lon="4.693569997959933">
    <ele>57.59</ele>
   </trkpt>
   <trkpt lat="50.72316000000001" lon="4.69425">
    <ele>56.440000000000005</ele>
   </trkpt>
   <trkpt lat="50.72321" lon="4.6946200000000005">
    <ele>56.440000000000005</ele>
   </trkpt>
   <trkpt lat="50.72329500590739" lon="4.69579499791128">
    <ele>54.77</ele>
   </trkpt>
   <trkpt lat="50.723380000000006" lon="4.69697">
    <ele>54.480000000000004</ele>
   </trkpt>
   <trkpt lat="50.723440000000004" lon="4.69794">
    <ele>55.010000000000005</ele>
   </trkpt>
   <trkpt lat="50.72343000000001" lon="4.69801">
    <ele>55.010000000000005</ele>
   </trkpt>
   <trkpt lat="50.72361" lon="4.698060000000001">
    <ele>54.86000000000001</ele>
   </trkpt>
   <trkpt lat="50.723760000000006" lon="4.69815">
    <ele>54.99</ele>
   </trkpt>
   <trkpt lat="50.724225000423885" lon="4.698474996755217">
    <ele>55.7</ele>
   </trkpt>
   <trkpt lat="50.72469" lon="4.6988">
    <ele>56.34</ele>
   </trkpt>
   <trkpt lat="50.72526500043848" lon="4.699109996210458">
    <ele>57.21</ele>
   </trkpt>
   <trkpt lat="50.725840000000005" lon="4.699420000000001">
    <ele>58.25</ele>
   </trkpt>
   <trkpt lat="50.72648000093465" lon="4.699749990985994">
    <ele>57.85</ele>
   </trkpt>
   <trkpt lat="50.72712000093792" lon="4.700079990987524">
    <ele>57.35</ele>
   </trkpt>
   <trkpt lat="50.72776" lon="4.700410000000001">
    <ele>55.74</ele>
   </trkpt>
   <trkpt lat="50.72787" lon="4.70044">
    <ele>55.74</ele>
   </trkpt>
   <trkpt lat="50.72809" lon="4.70042">
    <ele>55.27</ele>
   </trkpt>
   <trkpt lat="50.72852" lon="4.700270000000001">
    <ele>53.910000000000004</ele>
   </trkpt>
   <trkpt lat="50.728680000000004" lon="4.70028">
    <ele>53.910000000000004</ele>
   </trkpt>
   <trkpt lat="50.72887000000001" lon="4.700360000000001">
    <ele>53.09</ele>
   </trkpt>
   <trkpt lat="50.72927000000001" lon="4.700570000000001">
    <ele>52.14000000000001</ele>
   </trkpt>
   <trkpt lat="50.729670000000006" lon="4.70085">
    <ele>51.42000000000001</ele>
   </trkpt>
   <trkpt lat="50.730213334921274" lon="4.701273323556368">
    <ele>50.96</ele>
   </trkpt>
   <trkpt lat="50.73075666830986" lon="4.701696656932601">
    <ele>50.99000000000001</ele>
   </trkpt>
   <trkpt lat="50.731300000000005" lon="4.702120000000001">
    <ele>51.660000000000004</ele>
   </trkpt>
   <trkpt lat="50.73194" lon="4.702660000000001">
    <ele>51.9</ele>
   </trkpt>
   <trkpt lat="50.73251666939192" lon="4.703223319473877">
    <ele>51.32</ele>
   </trkpt>
   <trkpt lat="50.733093336069814" lon="4.703786652817952">
    <ele>50.5</ele>
   </trkpt>
   <trkpt lat="50.733670000000004" lon="4.704350000000001">
    <ele>49.68</ele>
   </trkpt>
   <trkpt lat="50.73378" lon="4.70441">
    <ele>49.480000000000004</ele>
   </trkpt>
   <trkpt lat="50.733880000000006" lon="4.704420000000001">
    <ele>49.480000000000004</ele>
   </trkpt>
   <trkpt lat="50.734010000000005" lon="4.704400000000001">
    <ele>49.040000000000006</ele>
   </trkpt>
   <trkpt lat="50.73416" lon="4.70432">
    <ele>49.040000000000006</ele>
   </trkpt>
   <trkpt lat="50.734260000000006" lon="4.7041900000000005">
    <ele>48.870000000000005</ele>
   </trkpt>
   <trkpt lat="50.734500000000004" lon="4.70366">
    <ele>49.07</ele>
   </trkpt>
   <trkpt lat="50.734550000000006" lon="4.703620000000001">
    <ele>49.07</ele>
   </trkpt>
   <trkpt lat="50.734640000000006" lon="4.703620000000001">
    <ele>49.190000000000005</ele>
   </trkpt>
   <trkpt lat="50.7351" lon="4.70383">
    <ele>50.550000000000004</ele>
   </trkpt>
   <trkpt lat="50.735220000000005" lon="4.70385">
    <ele>50.550000000000004</ele>
   </trkpt>
   <trkpt lat="50.73534" lon="4.703810000000001">
    <ele>51.230000000000004</ele>
   </trkpt>
   <trkpt lat="50.73541" lon="4.70375">
    <ele>51.230000000000004</ele>
   </trkpt>
   <trkpt lat="50.73572000000001" lon="4.70322">
    <ele>53.01</ele>
   </trkpt>
   <trkpt lat="50.73584" lon="4.703110000000001">
    <ele>54.730000000000004</ele>
   </trkpt>
   <trkpt lat="50.736000000000004" lon="4.70315">
    <ele>54.730000000000004</ele>
   </trkpt>
   <trkpt lat="50.73624" lon="4.7033000000000005">
    <ele>56.07</ele>
   </trkpt>
   <trkpt lat="50.73637" lon="4.703270000000001">
    <ele>56.870000000000005</ele>
   </trkpt>
   <trkpt lat="50.73651" lon="4.70343">
    <ele>57.57</ele>
   </trkpt>
   <trkpt lat="50.736580000000004" lon="4.703460000000001">
    <ele>57.7</ele>
   </trkpt>
   <trkpt lat="50.73709" lon="4.703010000000001">
    <ele>58.34</ele>
   </trkpt>
   <trkpt lat="50.73763" lon="4.7026200000000005">
    <ele>57.06</ele>
   </trkpt>
   <trkpt lat="50.737790000000004" lon="4.70258">
    <ele>56.940000000000005</ele>
   </trkpt>
   <trkpt lat="50.738080000000004" lon="4.702660000000001">
    <ele>56.980000000000004</ele>
   </trkpt>
   <trkpt lat="50.738200000000006" lon="4.701580000000001">
    <ele>54.11000000000001</ele>
   </trkpt>
   <trkpt lat="50.73823" lon="4.701490000000001">
    <ele>53.93000000000001</ele>
   </trkpt>
   <trkpt lat="50.738290000000006" lon="4.701420000000001">
    <ele>53.93000000000001</ele>
   </trkpt>
   <trkpt lat="50.73903500118449" lon="4.700895008347703">
    <ele>52.050000000000004</ele>
   </trkpt>
   <trkpt lat="50.73978" lon="4.70037">
    <ele>50.5</ele>
   </trkpt>
   <trkpt lat="50.73984" lon="4.70035">
    <ele>50.28</ele>
   </trkpt>
   <trkpt lat="50.73987" lon="4.700200000000001">
    <ele>50.28</ele>
   </trkpt>
   <trkpt lat="50.73997000000001" lon="4.70023">
    <ele>50.31000000000001</ele>
   </trkpt>
   <trkpt lat="50.74" lon="4.70017">
    <ele>50.31000000000001</ele>
   </trkpt>
   <trkpt lat="50.74007" lon="4.700130000000001">
    <ele>49.86</ele>
   </trkpt>
   <trkpt lat="50.74045" lon="4.700010000000001">
    <ele>49.260000000000005</ele>
   </trkpt>
   <trkpt lat="50.741175000236865" lon="4.699805003157732">
    <ele>50.57</ele>
   </trkpt>
   <trkpt lat="50.7419" lon="4.6996">
    <ele>53.76</ele>
   </trkpt>
   <trkpt lat="50.742503333820736" lon="4.699363339428871">
    <ele>53.64000000000001</ele>
   </trkpt>
   <trkpt lat="50.74310666716248" lon="4.699126672759002">
    <ele>52.84</ele>
   </trkpt>
   <trkpt lat="50.74371000000001" lon="4.6988900000000005">
    <ele>51.480000000000004</ele>
   </trkpt>
   <trkpt lat="50.74416" lon="4.69864">
    <ele>49.34</ele>
   </trkpt>
   <trkpt lat="50.74441" lon="4.69843">
    <ele>48.480000000000004</ele>
   </trkpt>
   <trkpt lat="50.744640000000004" lon="4.69819">
    <ele>47.85</ele>
   </trkpt>
   <trkpt lat="50.744820000000004" lon="4.69796">
    <ele>47.150000000000006</ele>
   </trkpt>
   <trkpt lat="50.74497" lon="4.69772">
    <ele>45.900000000000006</ele>
   </trkpt>
   <trkpt lat="50.74524" lon="4.69718">
    <ele>45.34</ele>
   </trkpt>
   <trkpt lat="50.74557" lon="4.69643">
    <ele>44.93000000000001</ele>
   </trkpt>
   <trkpt lat="50.745580000000004" lon="4.696210000000001">
    <ele>44.86000000000001</ele>
   </trkpt>
   <trkpt lat="50.74590500227031" lon="4.695475005191627">
    <ele>44.74</ele>
   </trkpt>
   <trkpt lat="50.746230000000004" lon="4.69474">
    <ele>44.68000000000001</ele>
   </trkpt>
   <trkpt lat="50.746590000000005" lon="4.694030000000001">
    <ele>45.08</ele>
   </trkpt>
   <trkpt lat="50.746880000000004" lon="4.69353">
    <ele>45.33</ele>
   </trkpt>
   <trkpt lat="50.746990000000004" lon="4.693370000000001">
    <ele>45.33</ele>
   </trkpt>
   <trkpt lat="50.74718000000001" lon="4.6932100000000005">
    <ele>45.81</ele>
   </trkpt>
   <trkpt lat="50.7473" lon="4.69319">
    <ele>45.81</ele>
   </trkpt>
   <trkpt lat="50.74739" lon="4.69308">
    <ele>45.900000000000006</ele>
   </trkpt>
   <trkpt lat="50.747420000000005" lon="4.69299">
    <ele>45.94</ele>
   </trkpt>
   <trkpt lat="50.74741" lon="4.69273">
    <ele>45.81</ele>
   </trkpt>
   <trkpt lat="50.747440000000005" lon="4.69254">
    <ele>45.56</ele>
   </trkpt>
   <trkpt lat="50.7477" lon="4.692030000000001">
    <ele>44.980000000000004</ele>
   </trkpt>
   <trkpt lat="50.74788" lon="4.69113">
    <ele>45.2</ele>
   </trkpt>
   <trkpt lat="50.74794000000001" lon="4.69099">
    <ele>45.27</ele>
   </trkpt>
   <trkpt lat="50.74785000000001" lon="4.69073">
    <ele>45.34</ele>
   </trkpt>
   <trkpt lat="50.747890000000005" lon="4.69069">
    <ele>45.4</ele>
   </trkpt>
   <trkpt lat="50.74822" lon="4.689520000000001">
    <ele>47.57</ele>
   </trkpt>
   <trkpt lat="50.74828" lon="4.68904">
    <ele>48.77</ele>
   </trkpt>
   <trkpt lat="50.74832000000001" lon="4.688680000000001">
    <ele>49.56</ele>
   </trkpt>
   <trkpt lat="50.748360000000005" lon="4.68843">
    <ele>49.940000000000005</ele>
   </trkpt>
   <trkpt lat="50.748470000000005" lon="4.68808">
    <ele>50.580000000000005</ele>
   </trkpt>
   <trkpt lat="50.748560000000005" lon="4.6879100000000005">
    <ele>50.59</ele>
   </trkpt>
   <trkpt lat="50.749030000000005" lon="4.687200000000001">
    <ele>49.88</ele>
   </trkpt>
   <trkpt lat="50.74938" lon="4.68691">
    <ele>49.010000000000005</ele>
   </trkpt>
   <trkpt lat="50.749550000000006" lon="4.6866900000000005">
    <ele>48.14</ele>
   </trkpt>
   <trkpt lat="50.74965" lon="4.68651">
    <ele>47.900000000000006</ele>
   </trkpt>
   <trkpt lat="50.750040000000006" lon="4.6856">
    <ele>46.52</ele>
   </trkpt>
   <trkpt lat="50.75014" lon="4.6852800000000006">
    <ele>46.21</ele>
   </trkpt>
   <trkpt lat="50.7503300025468" lon="4.684515002925646">
    <ele>45.49</ele>
   </trkpt>
   <trkpt lat="50.75052" lon="4.683750000000001">
    <ele>45.56</ele>
   </trkpt>
   <trkpt lat="50.75061" lon="4.68297">
    <ele>45.42</ele>
   </trkpt>
   <trkpt lat="50.75072" lon="4.6823500000000005">
    <ele>45.39000000000001</ele>
   </trkpt>
   <trkpt lat="50.750820000000004" lon="4.68201">
    <ele>45.49</ele>
   </trkpt>
   <trkpt lat="50.75085000000001" lon="4.68175">
    <ele>45.410000000000004</ele>
   </trkpt>
   <trkpt lat="50.750820000000004" lon="4.68092">
    <ele>45.6</ele>
   </trkpt>
   <trkpt lat="50.750870000000006" lon="4.68058">
    <ele>45.89000000000001</ele>
   </trkpt>
   <trkpt lat="50.750960000000006" lon="4.68027">
    <ele>46.45</ele>
   </trkpt>
   <trkpt lat="50.75108" lon="4.67984">
    <ele>48.93</ele>
   </trkpt>
   <trkpt lat="50.751090000000005" lon="4.67964">
    <ele>48.93</ele>
   </trkpt>
   <trkpt lat="50.751070000000006" lon="4.679220000000001">
    <ele>50.03</ele>
   </trkpt>
   <trkpt lat="50.75095" lon="4.677910000000001">
    <ele>51.88</ele>
   </trkpt>
   <trkpt lat="50.750960000000006" lon="4.677440000000001">
    <ele>51.690000000000005</ele>
   </trkpt>
   <trkpt lat="50.751070000000006" lon="4.67651">
    <ele>51.78000000000001</ele>
   </trkpt>
   <trkpt lat="50.75117000355282" lon="4.675600001833708">
    <ele>51.64000000000001</ele>
   </trkpt>
   <trkpt lat="50.751270000000005" lon="4.67469">
    <ele>51.72</ele>
   </trkpt>
   <trkpt lat="50.75134000287096" lon="4.67387000127328">
    <ele>51.31</ele>
   </trkpt>
   <trkpt lat="50.75141000000001" lon="4.673050000000001">
    <ele>50.04</ele>
   </trkpt>
   <trkpt lat="50.75148" lon="4.671860000000001">
    <ele>45.77</ele>
   </trkpt>
   <trkpt lat="50.751520000000006" lon="4.671620000000001">
    <ele>45.77</ele>
   </trkpt>
   <trkpt lat="50.75169" lon="4.67103">
    <ele>43.510000000000005</ele>
   </trkpt>
   <trkpt lat="50.75184" lon="4.67077">
    <ele>42.800000000000004</ele>
   </trkpt>
   <trkpt lat="50.75206000000001" lon="4.6705000000000005">
    <ele>42.49000000000001</ele>
   </trkpt>
   <trkpt lat="50.75231" lon="4.670170000000001">
    <ele>41.97</ele>
   </trkpt>
   <trkpt lat="50.752460000000006" lon="4.6699">
    <ele>42.13</ele>
   </trkpt>
   <trkpt lat="50.75255000000001" lon="4.66966">
    <ele>42.13</ele>
   </trkpt>
   <trkpt lat="50.752590000000005" lon="4.6695">
    <ele>42.24000000000001</ele>
   </trkpt>
   <trkpt lat="50.75278" lon="4.668550000000001">
    <ele>44.44</ele>
   </trkpt>
   <trkpt lat="50.75291000000001" lon="4.66809">
    <ele>45.15</ele>
   </trkpt>
   <trkpt lat="50.753170000000004" lon="4.66751">
    <ele>45.96</ele>
   </trkpt>
   <trkpt lat="50.75350000497751" lon="4.666430007645616">
    <ele>45.8</ele>
   </trkpt>
   <trkpt lat="50.75383" lon="4.66535">
    <ele>46.34</ele>
   </trkpt>
   <trkpt lat="50.75392" lon="4.66492">
    <ele>47.11000000000001</ele>
   </trkpt>
   <trkpt lat="50.75403000000001" lon="4.66417">
    <ele>47.88</ele>
   </trkpt>
   <trkpt lat="50.75421000269569" lon="4.6633750030864505">
    <ele>47.75</ele>
   </trkpt>
   <trkpt lat="50.75439" lon="4.66258">
    <ele>47.46</ele>
   </trkpt>
   <trkpt lat="50.754490000000004" lon="4.66225">
    <ele>47.52</ele>
   </trkpt>
   <trkpt lat="50.7546" lon="4.662030000000001">
    <ele>47.61000000000001</ele>
   </trkpt>
   <trkpt lat="50.7553900027467" lon="4.661460019264933">
    <ele>49.800000000000004</ele>
   </trkpt>
   <trkpt lat="50.75618000271522" lon="4.66089001928806">
    <ele>49.720000000000006</ele>
   </trkpt>
   <trkpt lat="50.75697" lon="4.6603200000000005">
    <ele>48.080000000000005</ele>
   </trkpt>
   <trkpt lat="50.75748" lon="4.65984">
    <ele>47.7</ele>
   </trkpt>
   <trkpt lat="50.75798" lon="4.65932">
    <ele>47.38</ele>
   </trkpt>
   <trkpt lat="50.75822" lon="4.6590300000000004">
    <ele>47.56</ele>
   </trkpt>
   <trkpt lat="50.758410000000005" lon="4.658740000000001">
    <ele>47.78</ele>
   </trkpt>
   <trkpt lat="50.758570000000006" lon="4.658440000000001">
    <ele>48.260000000000005</ele>
   </trkpt>
   <trkpt lat="50.758700000000005" lon="4.65812">
    <ele>48.64</ele>
   </trkpt>
   <trkpt lat="50.758880000000005" lon="4.657640000000001">
    <ele>48.81</ele>
   </trkpt>
   <trkpt lat="50.75920000000001" lon="4.656980000000001">
    <ele>49.35</ele>
   </trkpt>
   <trkpt lat="50.75985667453624" lon="4.6560233601184535">
    <ele>49.32</ele>
   </trkpt>
   <trkpt lat="50.760513341246856" lon="4.655066693388299">
    <ele>48.2</ele>
   </trkpt>
   <trkpt lat="50.76117000000001" lon="4.65411">
    <ele>44.29</ele>
   </trkpt>
   <trkpt lat="50.76124" lon="4.653860000000001">
    <ele>43.510000000000005</ele>
   </trkpt>
   <trkpt lat="50.76124" lon="4.65366">
    <ele>42.27</ele>
   </trkpt>
   <trkpt lat="50.761210000000005" lon="4.653510000000001">
    <ele>42.27</ele>
   </trkpt>
   <trkpt lat="50.7609500028861" lon="4.652684995340463">
    <ele>38.27</ele>
   </trkpt>
   <trkpt lat="50.760690000000004" lon="4.65186">
    <ele>36.39000000000001</ele>
   </trkpt>
   <trkpt lat="50.760305005824634" lon="4.6506949904815675">
    <ele>35.480000000000004</ele>
   </trkpt>
   <trkpt lat="50.75992" lon="4.64953">
    <ele>35.0</ele>
   </trkpt>
   <trkpt lat="50.759730000000005" lon="4.648630000000001">
    <ele>34.9</ele>
   </trkpt>
   <trkpt lat="50.759690000000006" lon="4.64813">
    <ele>34.97</ele>
   </trkpt>
   <trkpt lat="50.75967500362228" lon="4.64720999992267">
    <ele>35.24</ele>
   </trkpt>
   <trkpt lat="50.759660000000004" lon="4.6462900000000005">
    <ele>34.910000000000004</ele>
   </trkpt>
   <trkpt lat="50.75967000000001" lon="4.64515">
    <ele>34.79</ele>
   </trkpt>
   <trkpt lat="50.75965" lon="4.64475">
    <ele>34.980000000000004</ele>
   </trkpt>
   <trkpt lat="50.75943" lon="4.64362">
    <ele>35.17</ele>
   </trkpt>
   <trkpt lat="50.7593" lon="4.64325">
    <ele>35.76</ele>
   </trkpt>
   <trkpt lat="50.75911000000001" lon="4.6428">
    <ele>37.02</ele>
   </trkpt>
   <trkpt lat="50.75905" lon="4.642600000000001">
    <ele>37.02</ele>
   </trkpt>
   <trkpt lat="50.75901" lon="4.642340000000001">
    <ele>37.660000000000004</ele>
   </trkpt>
   <trkpt lat="50.759040003275935" lon="4.64146500048716">
    <ele>39.13</ele>
   </trkpt>
   <trkpt lat="50.75907" lon="4.64059">
    <ele>40.160000000000004</ele>
   </trkpt>
   <trkpt lat="50.75921" lon="4.639740000000001">
    <ele>40.470000000000006</ele>
   </trkpt>
   <trkpt lat="50.759530000000005" lon="4.6397">
    <ele>39.440000000000005</ele>
   </trkpt>
   <trkpt lat="50.760110000000005" lon="4.639550000000001">
    <ele>38.11000000000001</ele>
   </trkpt>
   <trkpt lat="50.760510000000004" lon="4.63933">
    <ele>37.89</ele>
   </trkpt>
   <trkpt lat="50.76073" lon="4.63926">
    <ele>37.660000000000004</ele>
   </trkpt>
   <trkpt lat="50.760960000000004" lon="4.63924">
    <ele>37.39</ele>
   </trkpt>
   <trkpt lat="50.761140000000005" lon="4.63926">
    <ele>37.13</ele>
   </trkpt>
   <trkpt lat="50.76129" lon="4.63933">
    <ele>36.910000000000004</ele>
   </trkpt>
   <trkpt lat="50.76194000066772" lon="4.639689995062155">
    <ele>36.31</ele>
   </trkpt>
   <trkpt lat="50.76259" lon="4.6400500000000005">
    <ele>35.96000000000001</ele>
   </trkpt>
   <trkpt lat="50.762710000000006" lon="4.6401">
    <ele>35.910000000000004</ele>
   </trkpt>
   <trkpt lat="50.76287000000001" lon="4.64011">
    <ele>35.89000000000001</ele>
   </trkpt>
   <trkpt lat="50.763020000000004" lon="4.640090000000001">
    <ele>35.89000000000001</ele>
   </trkpt>
   <trkpt lat="50.76317" lon="4.640020000000001">
    <ele>35.93</ele>
   </trkpt>
   <trkpt lat="50.76355" lon="4.63971">
    <ele>36.43000000000001</ele>
   </trkpt>
   <trkpt lat="50.763920000000006" lon="4.639360000000001">
    <ele>36.56</ele>
   </trkpt>
   <trkpt lat="50.76438" lon="4.63886">
    <ele>36.88</ele>
   </trkpt>
   <trkpt lat="50.76471" lon="4.63839">
    <ele>36.85</ele>
   </trkpt>
   <trkpt lat="50.76500000000001" lon="4.63809">
    <ele>36.63</ele>
   </trkpt>
   <trkpt lat="50.765280000000004" lon="4.63787">
    <ele>36.63</ele>
   </trkpt>
   <trkpt lat="50.76596000076686" lon="4.637465005847293">
    <ele>36.1</ele>
   </trkpt>
   <trkpt lat="50.76664" lon="4.63706">
    <ele>36.19</ele>
   </trkpt>
   <trkpt lat="50.767010000000006" lon="4.6367400000000005">
    <ele>36.980000000000004</ele>
   </trkpt>
   <trkpt lat="50.76742" lon="4.63632">
    <ele>38.00000000000001</ele>
   </trkpt>
   <trkpt lat="50.76812" lon="4.63567">
    <ele>39.16</ele>
   </trkpt>
   <trkpt lat="50.768600000000006" lon="4.6353100000000005">
    <ele>40.14</ele>
   </trkpt>
   <trkpt lat="50.768950000000004" lon="4.6351">
    <ele>41.11</ele>
   </trkpt>
   <trkpt lat="50.7693" lon="4.63499">
    <ele>41.56</ele>
   </trkpt>
   <trkpt lat="50.76953" lon="4.63496">
    <ele>41.53</ele>
   </trkpt>
   <trkpt lat="50.76975" lon="4.63499">
    <ele>41.53</ele>
   </trkpt>
   <trkpt lat="50.770340000000004" lon="4.635190000000001">
    <ele>40.980000000000004</ele>
   </trkpt>
   <trkpt lat="50.77116" lon="4.6354500000000005">
    <ele>38.290000000000006</ele>
   </trkpt>
   <trkpt lat="50.771620000000006" lon="4.63551">
    <ele>37.4</ele>
   </trkpt>
   <trkpt lat="50.77203" lon="4.63548">
    <ele>36.65</ele>
   </trkpt>
   <trkpt lat="50.77241" lon="4.63539">
    <ele>35.88</ele>
   </trkpt>
   <trkpt lat="50.772870000000005" lon="4.635350000000001">
    <ele>34.77</ele>
   </trkpt>
   <trkpt lat="50.77309" lon="4.63536">
    <ele>34.56</ele>
   </trkpt>
   <trkpt lat="50.77342" lon="4.63541">
    <ele>34.46</ele>
   </trkpt>
   <trkpt lat="50.773770000000006" lon="4.63543">
    <ele>34.02</ele>
   </trkpt>
   <trkpt lat="50.774080000000005" lon="4.635420000000001">
    <ele>33.800000000000004</ele>
   </trkpt>
   <trkpt lat="50.77434" lon="4.63537">
    <ele>33.74</ele>
   </trkpt>
   <trkpt lat="50.77452" lon="4.6353100000000005">
    <ele>33.49</ele>
   </trkpt>
   <trkpt lat="50.774955000286944" lon="4.635105001856071">
    <ele>33.24</ele>
   </trkpt>
   <trkpt lat="50.77539" lon="4.6349">
    <ele>33.230000000000004</ele>
   </trkpt>
   <trkpt lat="50.776140000000005" lon="4.6346300000000005">
    <ele>33.050000000000004</ele>
   </trkpt>
   <trkpt lat="50.77678000057734" lon="4.634366673880289">
    <ele>33.03</ele>
   </trkpt>
   <trkpt lat="50.77742000056183" lon="4.634103340553462">
    <ele>33.06</ele>
   </trkpt>
   <trkpt lat="50.77806" lon="4.63384">
    <ele>33.370000000000005</ele>
   </trkpt>
   <trkpt lat="50.77821" lon="4.63375">
    <ele>33.75</ele>
   </trkpt>
   <trkpt lat="50.77832" lon="4.63365">
    <ele>33.910000000000004</ele>
   </trkpt>
   <trkpt lat="50.77839" lon="4.63354">
    <ele>34.09</ele>
   </trkpt>
   <trkpt lat="50.778470000000006" lon="4.633380000000001">
    <ele>34.09</ele>
   </trkpt>
   <trkpt lat="50.77855" lon="4.633120000000001">
    <ele>34.59</ele>
   </trkpt>
   <trkpt lat="50.778580000000005" lon="4.63293">
    <ele>34.84</ele>
   </trkpt>
   <trkpt lat="50.778890000000004" lon="4.632980000000001">
    <ele>34.77</ele>
   </trkpt>
   <trkpt lat="50.779700000000005" lon="4.63302">
    <ele>33.6</ele>
   </trkpt>
   <trkpt lat="50.77993000000001" lon="4.633050000000001">
    <ele>33.11</ele>
   </trkpt>
   <trkpt lat="50.78053333355672" lon="4.633199996137012">
    <ele>32.74</ele>
   </trkpt>
   <trkpt lat="50.78113666692107" lon="4.633349996144664">
    <ele>32.400000000000006</ele>
   </trkpt>
   <trkpt lat="50.781740000000006" lon="4.633500000000001">
    <ele>32.440000000000005</ele>
   </trkpt>
   <trkpt lat="50.78201000000001" lon="4.63354">
    <ele>32.75</ele>
   </trkpt>
   <trkpt lat="50.78255000000001" lon="4.63356">
    <ele>32.78</ele>
   </trkpt>
   <trkpt lat="50.783170000294035" lon="4.6337949969058885">
    <ele>33.21</ele>
   </trkpt>
   <trkpt lat="50.78379" lon="4.63403">
    <ele>34.260000000000005</ele>
   </trkpt>
   <trkpt lat="50.783860000000004" lon="4.6340900000000005">
    <ele>34.260000000000005</ele>
   </trkpt>
   <trkpt lat="50.783970000000004" lon="4.6341">
    <ele>34.35</ele>
   </trkpt>
   <trkpt lat="50.78416000000001" lon="4.634130000000001">
    <ele>34.67</ele>
   </trkpt>
   <trkpt lat="50.784290000000006" lon="4.6341">
    <ele>34.67</ele>
   </trkpt>
   <trkpt lat="50.784800000000004" lon="4.63415">
    <ele>35.11</ele>
   </trkpt>
   <trkpt lat="50.78528000000001" lon="4.63417">
    <ele>35.71000000000001</ele>
   </trkpt>
   <trkpt lat="50.78572499990193" lon="4.634050001185217">
    <ele>35.29</ele>
   </trkpt>
   <trkpt lat="50.786170000000006" lon="4.63393">
    <ele>35.160000000000004</ele>
   </trkpt>
   <trkpt lat="50.78649000000001" lon="4.633870000000001">
    <ele>34.980000000000004</ele>
   </trkpt>
   <trkpt lat="50.786570000000005" lon="4.633870000000001">
    <ele>34.980000000000004</ele>
   </trkpt>
   <trkpt lat="50.78667" lon="4.633900000000001">
    <ele>34.57</ele>
   </trkpt>
   <trkpt lat="50.78681" lon="4.63398">
    <ele>34.34</ele>
   </trkpt>
   <trkpt lat="50.78703" lon="4.63421">
    <ele>33.5</ele>
   </trkpt>
   <trkpt lat="50.78717" lon="4.634390000000001">
    <ele>33.03</ele>
   </trkpt>
   <trkpt lat="50.78743000000001" lon="4.6349">
    <ele>31.880000000000006</ele>
   </trkpt>
   <trkpt lat="50.78754000000001" lon="4.6351700000000005">
    <ele>31.84</ele>
   </trkpt>
   <trkpt lat="50.787780000000005" lon="4.634930000000001">
    <ele>31.57</ele>
   </trkpt>
   <trkpt lat="50.78784" lon="4.6349">
    <ele>31.240000000000002</ele>
   </trkpt>
   <trkpt lat="50.7883149999366" lon="4.634810000933037">
    <ele>30.830000000000002</ele>
   </trkpt>
   <trkpt lat="50.788790000000006" lon="4.634720000000001">
    <ele>30.51</ele>
   </trkpt>
   <trkpt lat="50.78889" lon="4.63466">
    <ele>30.36</ele>
   </trkpt>
   <trkpt lat="50.78922000000001" lon="4.634390000000001">
    <ele>30.240000000000002</ele>
   </trkpt>
   <trkpt lat="50.78938" lon="4.63429">
    <ele>30.070000000000004</ele>
   </trkpt>
   <trkpt lat="50.78951000000001" lon="4.63424">
    <ele>30.070000000000004</ele>
   </trkpt>
   <trkpt lat="50.78963" lon="4.63422">
    <ele>29.970000000000002</ele>
   </trkpt>
   <trkpt lat="50.79035499995239" lon="4.634205000233648">
    <ele>30.11</ele>
   </trkpt>
   <trkpt lat="50.79108" lon="4.63419">
    <ele>30.29</ele>
   </trkpt>
   <trkpt lat="50.791290000000004" lon="4.634130000000001">
    <ele>30.54</ele>
   </trkpt>
   <trkpt lat="50.79171500062031" lon="4.63373500363476">
    <ele>30.990000000000002</ele>
   </trkpt>
   <trkpt lat="50.79214" lon="4.6333400000000005">
    <ele>30.96</ele>
   </trkpt>
   <trkpt lat="50.79236" lon="4.63325">
    <ele>30.92</ele>
   </trkpt>
   <trkpt lat="50.792750000000005" lon="4.633120000000001">
    <ele>30.990000000000002</ele>
   </trkpt>
   <trkpt lat="50.793490000000006" lon="4.6330100000000005">
    <ele>31.200000000000003</ele>
   </trkpt>
   <trkpt lat="50.793730000000004" lon="4.633050000000001">
    <ele>31.240000000000002</ele>
   </trkpt>
   <trkpt lat="50.79448000000001" lon="4.63325">
    <ele>31.39</ele>
   </trkpt>
   <trkpt lat="50.79458" lon="4.63323">
    <ele>31.66</ele>
   </trkpt>
   <trkpt lat="50.79467" lon="4.633190000000001">
    <ele>31.66</ele>
   </trkpt>
   <trkpt lat="50.79477000000001" lon="4.63309">
    <ele>31.66</ele>
   </trkpt>
   <trkpt lat="50.79484" lon="4.63297">
    <ele>31.59</ele>
   </trkpt>
   <trkpt lat="50.79525" lon="4.6321">
    <ele>31.470000000000006</ele>
   </trkpt>
   <trkpt lat="50.795350000000006" lon="4.6316500000000005">
    <ele>31.630000000000006</ele>
   </trkpt>
   <trkpt lat="50.795350000000006" lon="4.6314400000000004">
    <ele>31.73</ele>
   </trkpt>
   <trkpt lat="50.79531" lon="4.631010000000001">
    <ele>31.900000000000006</ele>
   </trkpt>
   <trkpt lat="50.79533000000001" lon="4.63056">
    <ele>32.480000000000004</ele>
   </trkpt>
   <trkpt lat="50.79536" lon="4.6303600000000005">
    <ele>32.480000000000004</ele>
   </trkpt>
   <trkpt lat="50.79554000237444" lon="4.629620002711027">
    <ele>33.17</ele>
   </trkpt>
   <trkpt lat="50.79572" lon="4.6288800000000005">
    <ele>33.660000000000004</ele>
   </trkpt>
   <trkpt lat="50.79604000593306" lon="4.627705007928365">
    <ele>34.440000000000005</ele>
   </trkpt>
   <trkpt lat="50.79636000000001" lon="4.626530000000001">
    <ele>36.93000000000001</ele>
   </trkpt>
   <trkpt lat="50.796580000000006" lon="4.626670000000001">
    <ele>37.15</ele>
   </trkpt>
   <trkpt lat="50.797323336710726" lon="4.6272999799455965">
    <ele>37.68000000000001</ele>
   </trkpt>
   <trkpt lat="50.798066670028646" lon="4.627929979932107">
    <ele>37.49</ele>
   </trkpt>
   <trkpt lat="50.79881" lon="4.62856">
    <ele>36.02</ele>
   </trkpt>
   <trkpt lat="50.79927000051512" lon="4.628799997777829">
    <ele>35.230000000000004</ele>
   </trkpt>
   <trkpt lat="50.799730000000004" lon="4.629040000000001">
    <ele>34.800000000000004</ele>
   </trkpt>
   <trkpt lat="50.80037500056295" lon="4.62935499571984">
    <ele>33.81</ele>
   </trkpt>
   <trkpt lat="50.80102" lon="4.62967">
    <ele>33.09</ele>
   </trkpt>
   <trkpt lat="50.80129" lon="4.62976">
    <ele>32.42</ele>
   </trkpt>
   <trkpt lat="50.80145" lon="4.62978">
    <ele>32.040000000000006</ele>
   </trkpt>
   <trkpt lat="50.801570000000005" lon="4.629770000000001">
    <ele>31.94</ele>
   </trkpt>
   <trkpt lat="50.80172" lon="4.62973">
    <ele>31.86</ele>
   </trkpt>
   <trkpt lat="50.80189000000001" lon="4.629650000000001">
    <ele>31.880000000000006</ele>
   </trkpt>
   <trkpt lat="50.80248500104533" lon="4.629190005748709">
    <ele>32.34</ele>
   </trkpt>
   <trkpt lat="50.80308" lon="4.62873">
    <ele>33.2</ele>
   </trkpt>
   <trkpt lat="50.803290000000004" lon="4.62863">
    <ele>33.330000000000005</ele>
   </trkpt>
   <trkpt lat="50.80384" lon="4.628480000000001">
    <ele>34.43</ele>
   </trkpt>
   <trkpt lat="50.80407" lon="4.62849">
    <ele>34.99</ele>
   </trkpt>
   <trkpt lat="50.80454500012319" lon="4.628634998536022">
    <ele>35.53000000000001</ele>
   </trkpt>
   <trkpt lat="50.805020000000006" lon="4.628780000000001">
    <ele>36.65</ele>
   </trkpt>
   <trkpt lat="50.80525" lon="4.62879">
    <ele>37.28</ele>
   </trkpt>
   <trkpt lat="50.805350000000004" lon="4.62877">
    <ele>37.28</ele>
   </trkpt>
   <trkpt lat="50.80586" lon="4.62856">
    <ele>38.790000000000006</ele>
   </trkpt>
   <trkpt lat="50.80604" lon="4.62851">
    <ele>39.300000000000004</ele>
   </trkpt>
   <trkpt lat="50.80622" lon="4.62852">
    <ele>39.300000000000004</ele>
   </trkpt>
   <trkpt lat="50.80685000015065" lon="4.628673329185609">
    <ele>40.95</ele>
   </trkpt>
   <trkpt lat="50.807480000100306" lon="4.628826662506622">
    <ele>41.81000000000001</ele>
   </trkpt>
   <trkpt lat="50.808110000000006" lon="4.62898">
    <ele>43.230000000000004</ele>
   </trkpt>
   <trkpt lat="50.808910000000004" lon="4.6293500000000005">
    <ele>45.470000000000006</ele>
   </trkpt>
   <trkpt lat="50.80901" lon="4.62938">
    <ele>45.87</ele>
   </trkpt>
   <trkpt lat="50.80923000000001" lon="4.62934">
    <ele>46.03</ele>
   </trkpt>
   <trkpt lat="50.80935" lon="4.6292800000000005">
    <ele>46.03</ele>
   </trkpt>
   <trkpt lat="50.80948" lon="4.62917">
    <ele>46.81</ele>
   </trkpt>
   <trkpt lat="50.81013000313528" lon="4.628325011649414">
    <ele>48.190000000000005</ele>
   </trkpt>
   <trkpt lat="50.81078" lon="4.62748">
    <ele>48.260000000000005</ele>
   </trkpt>
   <trkpt lat="50.81098" lon="4.627330000000001">
    <ele>47.120000000000005</ele>
   </trkpt>
   <trkpt lat="50.81112" lon="4.62727">
    <ele>46.470000000000006</ele>
   </trkpt>
   <trkpt lat="50.81136000000001" lon="4.62725">
    <ele>44.03000000000001</ele>
   </trkpt>
   <trkpt lat="50.81168" lon="4.6273">
    <ele>42.61</ele>
   </trkpt>
   <trkpt lat="50.81183000000001" lon="4.6273100000000005">
    <ele>40.25</ele>
   </trkpt>
   <trkpt lat="50.81195" lon="4.62729">
    <ele>40.25</ele>
   </trkpt>
   <trkpt lat="50.812160000000006" lon="4.6271700000000004">
    <ele>36.69</ele>
   </trkpt>
   <trkpt lat="50.81288000333207" lon="4.626543352674942">
    <ele>33.42</ele>
   </trkpt>
   <trkpt lat="50.81360000330751" lon="4.625916686030048">
    <ele>32.28</ele>
   </trkpt>
   <trkpt lat="50.81432" lon="4.625290000000001">
    <ele>32.59</ele>
   </trkpt>
   <trkpt lat="50.81495000174725" lon="4.624665008353488">
    <ele>32.71</ele>
   </trkpt>
   <trkpt lat="50.815580000000004" lon="4.624040000000001">
    <ele>33.52</ele>
   </trkpt>
   <trkpt lat="50.81568000000001" lon="4.62403">
    <ele>33.52</ele>
   </trkpt>
   <trkpt lat="50.81579000000001" lon="4.6241900000000005">
    <ele>33.75</ele>
   </trkpt>
   <trkpt lat="50.81593" lon="4.62445">
    <ele>33.96</ele>
   </trkpt>
   <trkpt lat="50.816230000000004" lon="4.62513">
    <ele>35.67</ele>
   </trkpt>
   <trkpt lat="50.81636" lon="4.62532">
    <ele>36.550000000000004</ele>
   </trkpt>
   <trkpt lat="50.816500000000005" lon="4.62546">
    <ele>37.15</ele>
   </trkpt>
   <trkpt lat="50.81676" lon="4.62567">
    <ele>39.02</ele>
   </trkpt>
   <trkpt lat="50.816930000000006" lon="4.625870000000001">
    <ele>40.59</ele>
   </trkpt>
   <trkpt lat="50.817170000000004" lon="4.626250000000001">
    <ele>43.67</ele>
   </trkpt>
   <trkpt lat="50.81721" lon="4.62628">
    <ele>43.67</ele>
   </trkpt>
   <trkpt lat="50.817260000000005" lon="4.62628">
    <ele>45.540000000000006</ele>
   </trkpt>
   <trkpt lat="50.81739" lon="4.62614">
    <ele>46.36000000000001</ele>
   </trkpt>
   <trkpt lat="50.817460000000004" lon="4.62594">
    <ele>48.2</ele>
   </trkpt>
   <trkpt lat="50.81748" lon="4.625450000000001">
    <ele>51.190000000000005</ele>
   </trkpt>
   <trkpt lat="50.817530000000005" lon="4.625380000000001">
    <ele>51.29</ele>
   </trkpt>
   <trkpt lat="50.817330000000005" lon="4.6248000000000005">
    <ele>51.78000000000001</ele>
   </trkpt>
   <trkpt lat="50.81749000000001" lon="4.624160000000001">
    <ele>52.42</ele>
   </trkpt>
   <trkpt lat="50.817510000000006" lon="4.62394">
    <ele>52.42</ele>
   </trkpt>
   <trkpt lat="50.8175" lon="4.6237200000000005">
    <ele>53.19</ele>
   </trkpt>
   <trkpt lat="50.81743" lon="4.62347">
    <ele>53.32000000000001</ele>
   </trkpt>
   <trkpt lat="50.817310000000006" lon="4.623150000000001">
    <ele>53.300000000000004</ele>
   </trkpt>
   <trkpt lat="50.81727" lon="4.62298">
    <ele>53.14000000000001</ele>
   </trkpt>
   <trkpt lat="50.817220000000006" lon="4.622610000000001">
    <ele>53.06</ele>
   </trkpt>
   <trkpt lat="50.81720000000001" lon="4.6219600000000005">
    <ele>54.03</ele>
   </trkpt>
   <trkpt lat="50.81739" lon="4.62174">
    <ele>55.040000000000006</ele>
   </trkpt>
   <trkpt lat="50.817915002062094" lon="4.621020008304656">
    <ele>59.06</ele>
   </trkpt>
   <trkpt lat="50.81844" lon="4.6203">
    <ele>64.88000000000001</ele>
   </trkpt>
   <trkpt lat="50.81857" lon="4.62007">
    <ele>64.88000000000001</ele>
   </trkpt>
   <trkpt lat="50.81879000000001" lon="4.6195200000000005">
    <ele>68.39</ele>
   </trkpt>
   <trkpt lat="50.81926000000001" lon="4.61847">
    <ele>74.56</ele>
   </trkpt>
   <trkpt lat="50.819500000000005" lon="4.61808">
    <ele>75.58000000000001</ele>
   </trkpt>
   <trkpt lat="50.820012507102014" lon="4.6173350245498055">
    <ele>79.91000000000001</ele>
   </trkpt>
   <trkpt lat="50.82052500946034" lon="4.6165900327467">
    <ele>83.49000000000001</ele>
   </trkpt>
   <trkpt lat="50.82103750707479" lon="4.615845024590178">
    <ele>84.32000000000001</ele>
   </trkpt>
   <trkpt lat="50.82155" lon="4.6151">
    <ele>84.8</ele>
   </trkpt>
   <trkpt lat="50.82164" lon="4.61496">
    <ele>84.84000000000002</ele>
   </trkpt>
   <trkpt lat="50.82201500078729" lon="4.6145000038378905">
    <ele>85.01</ele>
   </trkpt>
   <trkpt lat="50.822390000000006" lon="4.61404">
    <ele>85.08</ele>
   </trkpt>
   <trkpt lat="50.82299500204538" lon="4.613330009327641">
    <ele>85.54</ele>
   </trkpt>
   <trkpt lat="50.823600000000006" lon="4.612620000000001">
    <ele>85.78</ele>
   </trkpt>
   <trkpt lat="50.824240009654254" lon="4.6118680412476065">
    <ele>86.23</ele>
   </trkpt>
   <trkpt lat="50.82488001447558" lon="4.611116061879384">
    <ele>86.70000000000002</ele>
   </trkpt>
   <trkpt lat="50.82552001446374" lon="4.6103640618944555">
    <ele>87.0</ele>
   </trkpt>
   <trkpt lat="50.826160009618505" lon="4.60961204129194">
    <ele>87.59</ele>
   </trkpt>
   <trkpt lat="50.826800000000006" lon="4.60886">
    <ele>88.16</ele>
   </trkpt>
   <trkpt lat="50.82746501050737" lon="4.607955038664738">
    <ele>86.23</ele>
   </trkpt>
   <trkpt lat="50.82813001401514" lon="4.607050051546783">
    <ele>88.07000000000001</ele>
   </trkpt>
   <trkpt lat="50.828795010522974" lon="4.606145038645062">
    <ele>88.07000000000001</ele>
   </trkpt>
   <trkpt lat="50.829460000000005" lon="4.60524">
    <ele>88.07000000000001</ele>
   </trkpt>
   <trkpt lat="50.82972" lon="4.6049500000000005">
    <ele>87.91</ele>
   </trkpt>
   <trkpt lat="50.82999" lon="4.604690000000001">
    <ele>87.24000000000001</ele>
   </trkpt>
   <trkpt lat="50.830560000000006" lon="4.60419">
    <ele>85.60000000000001</ele>
   </trkpt>
   <trkpt lat="50.83130750496346" lon="4.603567529910319">
    <ele>85.14</ele>
   </trkpt>
   <trkpt lat="50.83205500661529" lon="4.602945039883452">
    <ele>88.65</ele>
   </trkpt>
   <trkpt lat="50.832802504955346" lon="4.602322529918317">
    <ele>91.42</ele>
   </trkpt>
   <trkpt lat="50.83355" lon="4.6017">
    <ele>93.85</ele>
   </trkpt>
   <trkpt lat="50.833830000000006" lon="4.601380000000001">
    <ele>94.14</ele>
   </trkpt>
   <trkpt lat="50.83419000000001" lon="4.60083">
    <ele>94.15</ele>
   </trkpt>
   <trkpt lat="50.834410000000005" lon="4.60055">
    <ele>93.66000000000001</ele>
   </trkpt>
   <trkpt lat="50.835183336378314" lon="4.5999566863018995">
    <ele>93.16000000000001</ele>
   </trkpt>
   <trkpt lat="50.83595666974808" lon="4.59936335294104">
    <ele>92.81</ele>
   </trkpt>
   <trkpt lat="50.83673" lon="4.59877">
    <ele>92.31</ele>
   </trkpt>
   <trkpt lat="50.83695" lon="4.59858">
    <ele>92.31</ele>
   </trkpt>
   <trkpt lat="50.837250000000004" lon="4.59825">
    <ele>92.07000000000001</ele>
   </trkpt>
   <trkpt lat="50.837861677667576" lon="4.597531713771493">
    <ele>90.72000000000001</ele>
   </trkpt>
   <trkpt lat="50.83847335092582" lon="4.596813408712955">
    <ele>89.34</ele>
   </trkpt>
   <trkpt lat="50.839085019774494" lon="4.596095084823616">
    <ele>88.18</ele>
   </trkpt>
   <trkpt lat="50.839696684213415" lon="4.595376742102708">
    <ele>86.72</ele>
   </trkpt>
   <trkpt lat="50.84030834424237" lon="4.594658380549463">
    <ele>85.72</ele>
   </trkpt>
   <trkpt lat="50.840920000000004" lon="4.593940000000001">
    <ele>84.21000000000001</ele>
   </trkpt>
   <trkpt lat="50.84113000000001" lon="4.593730000000001">
    <ele>83.94</ele>
   </trkpt>
   <trkpt lat="50.84138" lon="4.59358">
    <ele>83.91000000000001</ele>
   </trkpt>
   <trkpt lat="50.841750000000005" lon="4.59358">
    <ele>82.64</ele>
   </trkpt>
   <trkpt lat="50.84192" lon="4.59363">
    <ele>82.07000000000001</ele>
   </trkpt>
   <trkpt lat="50.84257" lon="4.59402">
    <ele>78.19000000000001</ele>
   </trkpt>
   <trkpt lat="50.843090000000004" lon="4.59414">
    <ele>74.65</ele>
   </trkpt>
   <trkpt lat="50.84378" lon="4.594270000000001">
    <ele>71.46000000000001</ele>
   </trkpt>
   <trkpt lat="50.84405" lon="4.59429">
    <ele>70.15</ele>
   </trkpt>
   <trkpt lat="50.84433000000001" lon="4.594270000000001">
    <ele>68.51</ele>
   </trkpt>
   <trkpt lat="50.84469000000001" lon="4.594110000000001">
    <ele>66.97</ele>
   </trkpt>
   <trkpt lat="50.845415001568334" lon="4.593505009398065">
    <ele>63.97</ele>
   </trkpt>
   <trkpt lat="50.846140000000005" lon="4.5929">
    <ele>60.480000000000004</ele>
   </trkpt>
   <trkpt lat="50.846500000000006" lon="4.5926">
    <ele>58.510000000000005</ele>
   </trkpt>
   <trkpt lat="50.846945000714726" lon="4.592170004174495">
    <ele>56.89</ele>
   </trkpt>
   <trkpt lat="50.847390000000004" lon="4.591740000000001">
    <ele>55.03</ele>
   </trkpt>
   <trkpt lat="50.84769000000001" lon="4.5914600000000005">
    <ele>53.81</ele>
   </trkpt>
   <trkpt lat="50.84796000162729" lon="4.592069996553924">
    <ele>52.22</ele>
   </trkpt>
   <trkpt lat="50.84823" lon="4.5926800000000005">
    <ele>52.35000000000001</ele>
   </trkpt>
   <trkpt lat="50.84868" lon="4.5939000000000005">
    <ele>52.26</ele>
   </trkpt>
   <trkpt lat="50.848800000000004" lon="4.593800000000001">
    <ele>52.26</ele>
   </trkpt>
   <trkpt lat="50.849420000341006" lon="4.593530003575796">
    <ele>48.96</ele>
   </trkpt>
   <trkpt lat="50.85004000000001" lon="4.593260000000001">
    <ele>48.120000000000005</ele>
   </trkpt>
   <trkpt lat="50.850190000000005" lon="4.59313">
    <ele>48.1</ele>
   </trkpt>
   <trkpt lat="50.85031000000001" lon="4.5929400000000005">
    <ele>48.330000000000005</ele>
   </trkpt>
   <trkpt lat="50.85089000000001" lon="4.5920000000000005">
    <ele>50.370000000000005</ele>
   </trkpt>
   <trkpt lat="50.851470004330494" lon="4.591000012334925">
    <ele>55.18000000000001</ele>
   </trkpt>
   <trkpt lat="50.852050000000006" lon="4.590000000000001">
    <ele>62.95</ele>
   </trkpt>
   <trkpt lat="50.85273" lon="4.58913">
    <ele>67.34</ele>
   </trkpt>
   <trkpt lat="50.853415002626974" lon="4.58833501176119">
    <ele>68.60000000000001</ele>
   </trkpt>
   <trkpt lat="50.8541" lon="4.587540000000001">
    <ele>69.62</ele>
   </trkpt>
   <trkpt lat="50.854200000000006" lon="4.58739">
    <ele>69.31</ele>
   </trkpt>
   <trkpt lat="50.854810003638775" lon="4.586736683766403">
    <ele>62.65000000000001</ele>
   </trkpt>
   <trkpt lat="50.85542000363023" lon="4.586083350442517">
    <ele>58.09</ele>
   </trkpt>
   <trkpt lat="50.856030000000004" lon="4.585430000000001">
    <ele>54.410000000000004</ele>
   </trkpt>
   <trkpt lat="50.85633000000001" lon="4.58516">
    <ele>53.76</ele>
   </trkpt>
   <trkpt lat="50.85699" lon="4.58469">
    <ele>53.68000000000001</ele>
   </trkpt>
   <trkpt lat="50.85717" lon="4.58455">
    <ele>53.4</ele>
   </trkpt>
   <trkpt lat="50.85784200558901" lon="4.583978032973262">
    <ele>53.900000000000006</ele>
   </trkpt>
   <trkpt lat="50.858514008382535" lon="4.58340604946166">
    <ele>56.92</ele>
   </trkpt>
   <trkpt lat="50.85918600838042" lon="4.582834049464395">
    <ele>61.85</ele>
   </trkpt>
   <trkpt lat="50.8598580055825" lon="4.582262032980665">
    <ele>66.23</ele>
   </trkpt>
   <trkpt lat="50.860530000000004" lon="4.58169">
    <ele>69.82000000000001</ele>
   </trkpt>
   <trkpt lat="50.86102500053536" lon="4.58129500429804">
    <ele>72.39000000000001</ele>
   </trkpt>
   <trkpt lat="50.861520000000006" lon="4.580900000000001">
    <ele>77.81</ele>
   </trkpt>
   <trkpt lat="50.86216" lon="4.58044">
    <ele>82.11</ele>
   </trkpt>
   <trkpt lat="50.86243" lon="4.58032">
    <ele>83.12</ele>
   </trkpt>
   <trkpt lat="50.86267" lon="4.5802700000000005">
    <ele>83.30000000000001</ele>
   </trkpt>
   <trkpt lat="50.86303" lon="4.580290000000001">
    <ele>82.83</ele>
   </trkpt>
   <trkpt lat="50.86318000000001" lon="4.5803400000000005">
    <ele>82.46000000000001</ele>
   </trkpt>
   <trkpt lat="50.86393750124086" lon="4.580652484763548">
    <ele>80.81</ele>
   </trkpt>
   <trkpt lat="50.86469500164738" lon="4.580964979681384">
    <ele>82.77000000000001</ele>
   </trkpt>
   <trkpt lat="50.86545250121946" lon="4.5812774847541">
    <ele>85.74000000000001</ele>
   </trkpt>
   <trkpt lat="50.86621" lon="4.58159">
    <ele>89.02</ele>
   </trkpt>
   <trkpt lat="50.866330000000005" lon="4.5816300000000005">
    <ele>89.43</ele>
   </trkpt>
   <trkpt lat="50.86654000000001" lon="4.581650000000001">
    <ele>89.69</ele>
   </trkpt>
   <trkpt lat="50.86675" lon="4.581600000000001">
    <ele>90.02</ele>
   </trkpt>
   <trkpt lat="50.86697" lon="4.5814900000000005">
    <ele>90.13</ele>
   </trkpt>
   <trkpt lat="50.86722" lon="4.58122">
    <ele>89.49000000000001</ele>
   </trkpt>
   <trkpt lat="50.86766" lon="4.580520000000001">
    <ele>86.31000000000002</ele>
   </trkpt>
   <trkpt lat="50.86797000000001" lon="4.580150000000001">
    <ele>85.31</ele>
   </trkpt>
   <trkpt lat="50.86824000000001" lon="4.57995">
    <ele>84.29</ele>
   </trkpt>
   <trkpt lat="50.86869" lon="4.579770000000001">
    <ele>81.06</ele>
   </trkpt>
   <trkpt lat="50.86941" lon="4.57953">
    <ele>77.30000000000001</ele>
   </trkpt>
   <trkpt lat="50.869710000000005" lon="4.57946">
    <ele>73.25000000000001</ele>
   </trkpt>
   <trkpt lat="50.87026500023906" lon="4.579365001096814">
    <ele>70.69</ele>
   </trkpt>
   <trkpt lat="50.87082" lon="4.57927">
    <ele>67.49000000000001</ele>
   </trkpt>
   <trkpt lat="50.871339999942066" lon="4.5791600012503775">
    <ele>65.09</ele>
   </trkpt>
   <trkpt lat="50.871860000000005" lon="4.5790500000000005">
    <ele>64.02000000000001</ele>
   </trkpt>
   <trkpt lat="50.8721" lon="4.5789800000000005">
    <ele>62.27</ele>
   </trkpt>
   <trkpt lat="50.872310000000006" lon="4.5789">
    <ele>60.59</ele>
   </trkpt>
   <trkpt lat="50.873160000000006" lon="4.57847">
    <ele>55.300000000000004</ele>
   </trkpt>
   <trkpt lat="50.873990000000006" lon="4.5782300000000005">
    <ele>52.410000000000004</ele>
   </trkpt>
   <trkpt lat="50.87467" lon="4.57796">
    <ele>49.040000000000006</ele>
   </trkpt>
   <trkpt lat="50.874880000000005" lon="4.57784">
    <ele>48.52</ele>
   </trkpt>
   <trkpt lat="50.875280000000004" lon="4.577520000000001">
    <ele>47.66</ele>
   </trkpt>
   <trkpt lat="50.87536000000001" lon="4.5774300000000006">
    <ele>47.52</ele>
   </trkpt>
   <trkpt lat="50.875400000000006" lon="4.57741">
    <ele>47.52</ele>
   </trkpt>
   <trkpt lat="50.87545" lon="4.57741">
    <ele>47.52</ele>
   </trkpt>
   <trkpt lat="50.87556000000001" lon="4.57676">
    <ele>47.080000000000005</ele>
   </trkpt>
   <trkpt lat="50.875530000000005" lon="4.5765">
    <ele>47.06</ele>
   </trkpt>
   <trkpt lat="50.875040000000006" lon="4.575740000000001">
    <ele>47.7</ele>
   </trkpt>
   <trkpt lat="50.87564666994036" lon="4.57512334936334">
    <ele>47.81</ele>
   </trkpt>
   <trkpt lat="50.876253336631805" lon="4.574506682671767">
    <ele>48.370000000000005</ele>
   </trkpt>
   <trkpt lat="50.87686" lon="4.5738900000000005">
    <ele>48.580000000000005</ele>
   </trkpt>
   <trkpt lat="50.87747" lon="4.57321">
    <ele>48.900000000000006</ele>
   </trkpt>
   <trkpt lat="50.87800000000001" lon="4.5727">
    <ele>48.410000000000004</ele>
   </trkpt>
   <trkpt lat="50.87805" lon="4.5726700000000005">
    <ele>48.410000000000004</ele>
   </trkpt>
   <trkpt lat="50.87854000135476" lon="4.572130005558047">
    <ele>48.220000000000006</ele>
   </trkpt>
   <trkpt lat="50.87903000000001" lon="4.5715900000000005">
    <ele>47.470000000000006</ele>
   </trkpt>
   <trkpt lat="50.878820000000005" lon="4.5712">
    <ele>47.75</ele>
   </trkpt>
   <trkpt lat="50.87917" lon="4.57057">
    <ele>47.53</ele>
   </trkpt>
   <trkpt lat="50.879180000000005" lon="4.57043">
    <ele>47.53</ele>
   </trkpt>
   <trkpt lat="50.8791" lon="4.56996">
    <ele>47.13</ele>
   </trkpt>
   <trkpt lat="50.8791" lon="4.569850000000001">
    <ele>47.13</ele>
   </trkpt>
   <trkpt lat="50.879470000000005" lon="4.56916">
    <ele>46.43000000000001</ele>
   </trkpt>
   <trkpt lat="50.8798" lon="4.5686">
    <ele>45.27</ele>
   </trkpt>
   <trkpt lat="50.88013" lon="4.56812">
    <ele>44.93000000000001</ele>
   </trkpt>
   <trkpt lat="50.88017000000001" lon="4.5680000000000005">
    <ele>44.85</ele>
   </trkpt>
   <trkpt lat="50.880190000000006" lon="4.567760000000001">
    <ele>44.78</ele>
   </trkpt>
   <trkpt lat="50.880120000000005" lon="4.566890000000001">
    <ele>45.290000000000006</ele>
   </trkpt>
   <trkpt lat="50.88011" lon="4.566470000000001">
    <ele>45.42</ele>
   </trkpt>
   <trkpt lat="50.88018" lon="4.56641">
    <ele>45.44</ele>
   </trkpt>
   <trkpt lat="50.880190000000006" lon="4.56629">
    <ele>45.52</ele>
   </trkpt>
   <trkpt lat="50.88015000000001" lon="4.5662">
    <ele>45.52</ele>
   </trkpt>
   <trkpt lat="50.88009" lon="4.566190000000001">
    <ele>45.540000000000006</ele>
   </trkpt>
   <trkpt lat="50.88007500397583" lon="4.5652249995527665">
    <ele>45.6</ele>
   </trkpt>
   <trkpt lat="50.88006000000001" lon="4.56426">
    <ele>46.400000000000006</ele>
   </trkpt>
   <trkpt lat="50.88009" lon="4.564">
    <ele>46.84</ele>
   </trkpt>
   <trkpt lat="50.8802800044732" lon="4.562975004259301">
    <ele>48.510000000000005</ele>
   </trkpt>
   <trkpt lat="50.88047" lon="4.56195">
    <ele>50.81</ele>
   </trkpt>
   <trkpt lat="50.880500000000005" lon="4.5613600000000005">
    <ele>51.38</ele>
   </trkpt>
   <trkpt lat="50.88046000000001" lon="4.560790000000001">
    <ele>52.4</ele>
   </trkpt>
   <trkpt lat="50.88030334088422" lon="4.559849993690226">
    <ele>53.07000000000001</ele>
   </trkpt>
   <trkpt lat="50.88014667421939" lon="4.558909993701357">
    <ele>54.080000000000005</ele>
   </trkpt>
   <trkpt lat="50.87999000000001" lon="4.55797">
    <ele>54.53</ele>
   </trkpt>
   <trkpt lat="50.879850000000005" lon="4.557180000000001">
    <ele>53.95</ele>
   </trkpt>
   <trkpt lat="50.879585004370135" lon="4.556164994109897">
    <ele>53.13</ele>
   </trkpt>
   <trkpt lat="50.87932000000001" lon="4.55515">
    <ele>51.45</ele>
   </trkpt>
   <trkpt lat="50.879225002109166" lon="4.554449998690792">
    <ele>50.980000000000004</ele>
   </trkpt>
   <trkpt lat="50.87913" lon="4.55375">
    <ele>50.9</ele>
   </trkpt>
  </trkseg>
 </trk>
</gpx>
