<?xml version="1.0" encoding="UTF-8"?>
<gpx creator="StravaGPX" version="1.1" xmlns="http://www.topografix.com/GPX/1/1" xmlns:xsi="http://www.w3.org/2001/XMLSchema-instance" xsi:schemaLocation="http://www.topografix.com/GPX/1/1 http://www.topografix.com/GPX/1/1/gpx.xsd">
 <metadata>
  <name>OA26-Schulensmeer-113Km-600Hm</name>
  <author>
   <name>Haecky 🐻</name>
   <link href="https://www.strava.com/athletes/1643587"/>
  </author>
  <copyright author="OpenStreetMap contributors">
   <year>2020</year>
   <license>https://www.openstreetmap.org/copyright</license>
  </copyright>
  <link href="https://www.strava.com/routes/3525531447107585754"/>
 </metadata>
 <trk>
  <name>OA26-Schulensmeer-113Km-600Hm</name>
  <link href="https://www.strava.com/routes/3525531447107585754"/>
  <type>cycling</type>
  <trkseg>
   <trkpt lat="50.878910000000005" lon="4.5517900000000004">
    <ele>51.010000000000005</ele>
   </trkpt>
   <trkpt lat="50.879020000000004" lon="4.5528">
    <ele>50.980000000000004</ele>
   </trkpt>
   <trkpt lat="50.87917000591496" lon="4.5539749963528235">
    <ele>50.81</ele>
   </trkpt>
   <trkpt lat="50.87932000000001" lon="4.55515">
    <ele>51.510000000000005</ele>
   </trkpt>
   <trkpt lat="50.879585004431604" lon="4.55616499434535">
    <ele>53.230000000000004</ele>
   </trkpt>
   <trkpt lat="50.879850000000005" lon="4.557180000000001">
    <ele>53.42</ele>
   </trkpt>
   <trkpt lat="50.88005334570682" lon="4.558383322845809">
    <ele>53.42</ele>
   </trkpt>
   <trkpt lat="50.880256679042695" lon="4.559586656193951">
    <ele>51.92</ele>
   </trkpt>
   <trkpt lat="50.88046000000001" lon="4.560790000000001">
    <ele>51.92</ele>
   </trkpt>
   <trkpt lat="50.880500000000005" lon="4.5613600000000005">
    <ele>51.050000000000004</ele>
   </trkpt>
   <trkpt lat="50.88047" lon="4.56195">
    <ele>50.53</ele>
   </trkpt>
   <trkpt lat="50.88028000450277" lon="4.562975004099827">
    <ele>49.06</ele>
   </trkpt>
   <trkpt lat="50.88009" lon="4.564">
    <ele>46.6</ele>
   </trkpt>
   <trkpt lat="50.88006000000001" lon="4.56426">
    <ele>46.150000000000006</ele>
   </trkpt>
   <trkpt lat="50.88007500398007" lon="4.565224999825937">
    <ele>45.62</ele>
   </trkpt>
   <trkpt lat="50.88009" lon="4.566190000000001">
    <ele>45.43000000000001</ele>
   </trkpt>
   <trkpt lat="50.880030000000005" lon="4.56625">
    <ele>45.43000000000001</ele>
   </trkpt>
   <trkpt lat="50.88002" lon="4.566350000000001">
    <ele>45.43000000000001</ele>
   </trkpt>
   <trkpt lat="50.880050000000004" lon="4.56644">
    <ele>45.37</ele>
   </trkpt>
   <trkpt lat="50.88011" lon="4.566470000000001">
    <ele>45.37</ele>
   </trkpt>
   <trkpt lat="50.880120000000005" lon="4.566890000000001">
    <ele>45.02</ele>
   </trkpt>
   <trkpt lat="50.880190000000006" lon="4.567760000000001">
    <ele>44.910000000000004</ele>
   </trkpt>
   <trkpt lat="50.88017000000001" lon="4.5680000000000005">
    <ele>45.00000000000001</ele>
   </trkpt>
   <trkpt lat="50.88013" lon="4.56812">
    <ele>45.11000000000001</ele>
   </trkpt>
   <trkpt lat="50.8798" lon="4.5686">
    <ele>45.67</ele>
   </trkpt>
   <trkpt lat="50.879470000000005" lon="4.56916">
    <ele>46.330000000000005</ele>
   </trkpt>
   <trkpt lat="50.8791" lon="4.569850000000001">
    <ele>47.02</ele>
   </trkpt>
   <trkpt lat="50.8791" lon="4.56996">
    <ele>47.02</ele>
   </trkpt>
   <trkpt lat="50.879180000000005" lon="4.57043">
    <ele>47.550000000000004</ele>
   </trkpt>
   <trkpt lat="50.87917" lon="4.57057">
    <ele>47.550000000000004</ele>
   </trkpt>
   <trkpt lat="50.878820000000005" lon="4.5712">
    <ele>47.82</ele>
   </trkpt>
   <trkpt lat="50.879220000000004" lon="4.571960000000001">
    <ele>46.46</ele>
   </trkpt>
   <trkpt lat="50.87939" lon="4.57242">
    <ele>45.730000000000004</ele>
   </trkpt>
   <trkpt lat="50.879780000000004" lon="4.57362">
    <ele>44.480000000000004</ele>
   </trkpt>
   <trkpt lat="50.879900000000006" lon="4.57392">
    <ele>44.480000000000004</ele>
   </trkpt>
   <trkpt lat="50.88015000000001" lon="4.57442">
    <ele>43.85000000000001</ele>
   </trkpt>
   <trkpt lat="50.8805950026929" lon="4.575214992395088">
    <ele>42.96</ele>
   </trkpt>
   <trkpt lat="50.881040000000006" lon="4.57601">
    <ele>42.2</ele>
   </trkpt>
   <trkpt lat="50.88132500160126" lon="4.57660999646357">
    <ele>41.72</ele>
   </trkpt>
   <trkpt lat="50.88161" lon="4.57721">
    <ele>41.32</ele>
   </trkpt>
   <trkpt lat="50.88194000000001" lon="4.57805">
    <ele>40.800000000000004</ele>
   </trkpt>
   <trkpt lat="50.88228" lon="4.579070000000001">
    <ele>40.0</ele>
   </trkpt>
   <trkpt lat="50.882546674544216" lon="4.580029989025532">
    <ele>39.53</ele>
   </trkpt>
   <trkpt lat="50.882813341214984" lon="4.580989989040175">
    <ele>39.0</ele>
   </trkpt>
   <trkpt lat="50.88308000000001" lon="4.58195">
    <ele>39.11000000000001</ele>
   </trkpt>
   <trkpt lat="50.882555003595655" lon="4.58287501052739">
    <ele>39.400000000000006</ele>
   </trkpt>
   <trkpt lat="50.88203000000001" lon="4.5838">
    <ele>39.760000000000005</ele>
   </trkpt>
   <trkpt lat="50.881780000000006" lon="4.584210000000001">
    <ele>39.86000000000001</ele>
   </trkpt>
   <trkpt lat="50.88132" lon="4.584820000000001">
    <ele>40.760000000000005</ele>
   </trkpt>
   <trkpt lat="50.88077000188301" lon="4.585475007671584">
    <ele>41.730000000000004</ele>
   </trkpt>
   <trkpt lat="50.88022" lon="4.586130000000001">
    <ele>43.2</ele>
   </trkpt>
   <trkpt lat="50.880660006290164" lon="4.586989983702155">
    <ele>44.82000000000001</ele>
   </trkpt>
   <trkpt lat="50.881100006261725" lon="4.587849983646307">
    <ele>45.03</ele>
   </trkpt>
   <trkpt lat="50.88154" lon="4.588710000000001">
    <ele>43.21000000000001</ele>
   </trkpt>
   <trkpt lat="50.88195000217025" lon="4.589424993684668">
    <ele>41.57</ele>
   </trkpt>
   <trkpt lat="50.882360000000006" lon="4.590140000000001">
    <ele>40.39</ele>
   </trkpt>
   <trkpt lat="50.88253" lon="4.59056">
    <ele>40.2</ele>
   </trkpt>
   <trkpt lat="50.882630000000006" lon="4.591010000000001">
    <ele>39.730000000000004</ele>
   </trkpt>
   <trkpt lat="50.88270000000001" lon="4.59192">
    <ele>39.49</ele>
   </trkpt>
   <trkpt lat="50.882760000000005" lon="4.59232">
    <ele>39.21</ele>
   </trkpt>
   <trkpt lat="50.88289" lon="4.592790000000001">
    <ele>38.96</ele>
   </trkpt>
   <trkpt lat="50.88297000000001" lon="4.592980000000001">
    <ele>38.96</ele>
   </trkpt>
   <trkpt lat="50.88356000471688" lon="4.594024986858941">
    <ele>38.43000000000001</ele>
   </trkpt>
   <trkpt lat="50.884150000000005" lon="4.595070000000001">
    <ele>38.400000000000006</ele>
   </trkpt>
   <trkpt lat="50.88462500291632" lon="4.59588999171571">
    <ele>38.650000000000006</ele>
   </trkpt>
   <trkpt lat="50.8851" lon="4.596710000000001">
    <ele>39.089999999999996</ele>
   </trkpt>
   <trkpt lat="50.885270000000006" lon="4.59686">
    <ele>39.36000000000001</ele>
   </trkpt>
   <trkpt lat="50.88548" lon="4.596990000000001">
    <ele>39.36000000000001</ele>
   </trkpt>
   <trkpt lat="50.885630000000006" lon="4.59719">
    <ele>39.71</ele>
   </trkpt>
   <trkpt lat="50.885850000000005" lon="4.59766">
    <ele>39.940000000000005</ele>
   </trkpt>
   <trkpt lat="50.88606000000001" lon="4.59804">
    <ele>40.0</ele>
   </trkpt>
   <trkpt lat="50.886688349068876" lon="4.598898275448596">
    <ele>40.0</ele>
   </trkpt>
   <trkpt lat="50.887316691844454" lon="4.599756574050556">
    <ele>40.0</ele>
   </trkpt>
   <trkpt lat="50.8879450283264" lon="4.600614895806789">
    <ele>35.870000000000005</ele>
   </trkpt>
   <trkpt lat="50.88857335851444" lon="4.601473240718209">
    <ele>35.870000000000005</ele>
   </trkpt>
   <trkpt lat="50.88920168240824" lon="4.602331608785728">
    <ele>35.870000000000005</ele>
   </trkpt>
   <trkpt lat="50.88983" lon="4.603190000000001">
    <ele>35.92</ele>
   </trkpt>
   <trkpt lat="50.88983" lon="4.60318">
    <ele>37.94</ele>
   </trkpt>
   <trkpt lat="50.890330000000006" lon="4.603820000000001">
    <ele>37.8</ele>
   </trkpt>
   <trkpt lat="50.89071500091225" lon="4.6042749962721885">
    <ele>37.86000000000001</ele>
   </trkpt>
   <trkpt lat="50.8911" lon="4.60473">
    <ele>37.84</ele>
   </trkpt>
   <trkpt lat="50.8911" lon="4.6047400000000005">
    <ele>35.800000000000004</ele>
   </trkpt>
   <trkpt lat="50.8917557293666" lon="4.605507078055133">
    <ele>35.800000000000004</ele>
   </trkpt>
   <trkpt lat="50.89241145370643" lon="4.6062741777090785">
    <ele>35.800000000000004</ele>
   </trkpt>
   <trkpt lat="50.893067173019226" lon="4.607041298962781">
    <ele>35.800000000000004</ele>
   </trkpt>
   <trkpt lat="50.89372288730475" lon="4.607808441817191">
    <ele>35.33</ele>
   </trkpt>
   <trkpt lat="50.89437859656272" lon="4.608575606273256">
    <ele>35.33</ele>
   </trkpt>
   <trkpt lat="50.895034300792894" lon="4.609342792331923">
    <ele>35.33</ele>
   </trkpt>
   <trkpt lat="50.89569" lon="4.610110000000001">
    <ele>35.33</ele>
   </trkpt>
   <trkpt lat="50.89602000000001" lon="4.610480000000001">
    <ele>36.71</ele>
   </trkpt>
   <trkpt lat="50.896480000000004" lon="4.611160000000001">
    <ele>35.24</ele>
   </trkpt>
   <trkpt lat="50.89679" lon="4.611800000000001">
    <ele>34.080000000000005</ele>
   </trkpt>
   <trkpt lat="50.89711500221071" lon="4.612514995069708">
    <ele>33.27</ele>
   </trkpt>
   <trkpt lat="50.89744" lon="4.613230000000001">
    <ele>32.97</ele>
   </trkpt>
   <trkpt lat="50.89777334039223" lon="4.614139986931088">
    <ele>32.75</ele>
   </trkpt>
   <trkpt lat="50.89810667371063" lon="4.6150499868901225">
    <ele>32.660000000000004</ele>
   </trkpt>
   <trkpt lat="50.89844" lon="4.61596">
    <ele>34.21</ele>
   </trkpt>
   <trkpt lat="50.898610000000005" lon="4.616300000000001">
    <ele>37.11000000000001</ele>
   </trkpt>
   <trkpt lat="50.89871" lon="4.6164000000000005">
    <ele>37.11000000000001</ele>
   </trkpt>
   <trkpt lat="50.89884000000001" lon="4.616510000000001">
    <ele>37.6</ele>
   </trkpt>
   <trkpt lat="50.89898" lon="4.616580000000001">
    <ele>38.01</ele>
   </trkpt>
   <trkpt lat="50.898990000000005" lon="4.616650000000001">
    <ele>38.01</ele>
   </trkpt>
   <trkpt lat="50.89943500017918" lon="4.616844998143782">
    <ele>37.50000000000001</ele>
   </trkpt>
   <trkpt lat="50.89988" lon="4.61704">
    <ele>35.84</ele>
   </trkpt>
   <trkpt lat="50.89999" lon="4.61714">
    <ele>34.260000000000005</ele>
   </trkpt>
   <trkpt lat="50.900150000000004" lon="4.617360000000001">
    <ele>34.260000000000005</ele>
   </trkpt>
   <trkpt lat="50.90025000000001" lon="4.61761">
    <ele>33.54</ele>
   </trkpt>
   <trkpt lat="50.90032" lon="4.61793">
    <ele>33.02</ele>
   </trkpt>
   <trkpt lat="50.90037" lon="4.617990000000001">
    <ele>33.02</ele>
   </trkpt>
   <trkpt lat="50.9006000047282" lon="4.619039994901582">
    <ele>31.560000000000006</ele>
   </trkpt>
   <trkpt lat="50.900830000000006" lon="4.62009">
    <ele>30.890000000000004</ele>
   </trkpt>
   <trkpt lat="50.900940000000006" lon="4.62075">
    <ele>30.63</ele>
   </trkpt>
   <trkpt lat="50.901045002657746" lon="4.621534998422634">
    <ele>30.520000000000003</ele>
   </trkpt>
   <trkpt lat="50.90115" lon="4.62232">
    <ele>30.430000000000003</ele>
   </trkpt>
   <trkpt lat="50.90119000000001" lon="4.62249">
    <ele>30.36</ele>
   </trkpt>
   <trkpt lat="50.90126" lon="4.6226400000000005">
    <ele>30.36</ele>
   </trkpt>
   <trkpt lat="50.90122" lon="4.62286">
    <ele>30.500000000000004</ele>
   </trkpt>
   <trkpt lat="50.901230000000005" lon="4.62295">
    <ele>30.500000000000004</ele>
   </trkpt>
   <trkpt lat="50.901340000000005" lon="4.623340000000001">
    <ele>30.570000000000004</ele>
   </trkpt>
   <trkpt lat="50.901340000000005" lon="4.62347">
    <ele>30.570000000000004</ele>
   </trkpt>
   <trkpt lat="50.901410000000006" lon="4.62375">
    <ele>30.55</ele>
   </trkpt>
   <trkpt lat="50.901450000000004" lon="4.623810000000001">
    <ele>30.55</ele>
   </trkpt>
   <trkpt lat="50.901520000000005" lon="4.62406">
    <ele>30.570000000000004</ele>
   </trkpt>
   <trkpt lat="50.90157000000001" lon="4.62479">
    <ele>30.490000000000002</ele>
   </trkpt>
   <trkpt lat="50.901650000000004" lon="4.6254100000000005">
    <ele>30.410000000000004</ele>
   </trkpt>
   <trkpt lat="50.90171" lon="4.626180000000001">
    <ele>30.55</ele>
   </trkpt>
   <trkpt lat="50.90169" lon="4.62633">
    <ele>30.55</ele>
   </trkpt>
   <trkpt lat="50.90171" lon="4.62645">
    <ele>30.55</ele>
   </trkpt>
   <trkpt lat="50.901700000000005" lon="4.62659">
    <ele>30.53</ele>
   </trkpt>
   <trkpt lat="50.901610000000005" lon="4.62718">
    <ele>30.720000000000002</ele>
   </trkpt>
   <trkpt lat="50.90135001938267" lon="4.628410020617313">
    <ele>30.720000000000002</ele>
   </trkpt>
   <trkpt lat="50.90109002584163" lon="4.6296400274982705">
    <ele>32.57</ele>
   </trkpt>
   <trkpt lat="50.900830019377175" lon="4.63087002064247">
    <ele>32.57</ele>
   </trkpt>
   <trkpt lat="50.90057" lon="4.6321">
    <ele>32.57</ele>
   </trkpt>
   <trkpt lat="50.900580000000005" lon="4.632370000000001">
    <ele>32.720000000000006</ele>
   </trkpt>
   <trkpt lat="50.900655003694226" lon="4.633299998504081">
    <ele>32.54</ele>
   </trkpt>
   <trkpt lat="50.90073" lon="4.6342300000000005">
    <ele>32.190000000000005</ele>
   </trkpt>
   <trkpt lat="50.90077" lon="4.63455">
    <ele>32.190000000000005</ele>
   </trkpt>
   <trkpt lat="50.90091" lon="4.63515">
    <ele>32.010000000000005</ele>
   </trkpt>
   <trkpt lat="50.90123000964318" lon="4.63621331866681">
    <ele>31.57</ele>
   </trkpt>
   <trkpt lat="50.90155000962807" lon="4.637276651949699">
    <ele>31.330000000000002</ele>
   </trkpt>
   <trkpt lat="50.90187" lon="4.63834">
    <ele>31.22</ele>
   </trkpt>
   <trkpt lat="50.90198" lon="4.6389700000000005">
    <ele>31.160000000000004</ele>
   </trkpt>
   <trkpt lat="50.90205" lon="4.6397200000000005">
    <ele>31.17</ele>
   </trkpt>
   <trkpt lat="50.90210000288019" lon="4.640539999256113">
    <ele>31.110000000000003</ele>
   </trkpt>
   <trkpt lat="50.902150000000006" lon="4.641360000000001">
    <ele>30.910000000000004</ele>
   </trkpt>
   <trkpt lat="50.902300000000004" lon="4.6420900000000005">
    <ele>30.820000000000004</ele>
   </trkpt>
   <trkpt lat="50.902590000000004" lon="4.64315">
    <ele>30.890000000000004</ele>
   </trkpt>
   <trkpt lat="50.902840000000005" lon="4.643800000000001">
    <ele>30.890000000000004</ele>
   </trkpt>
   <trkpt lat="50.90294" lon="4.64414">
    <ele>30.63</ele>
   </trkpt>
   <trkpt lat="50.90301" lon="4.644550000000001">
    <ele>30.63</ele>
   </trkpt>
   <trkpt lat="50.90305000000001" lon="4.64506">
    <ele>30.63</ele>
   </trkpt>
   <trkpt lat="50.90307000000001" lon="4.64581">
    <ele>30.730000000000004</ele>
   </trkpt>
   <trkpt lat="50.90312" lon="4.64588">
    <ele>30.69</ele>
   </trkpt>
   <trkpt lat="50.903130000000004" lon="4.645930000000001">
    <ele>30.69</ele>
   </trkpt>
   <trkpt lat="50.90307000000001" lon="4.646070000000001">
    <ele>30.62</ele>
   </trkpt>
   <trkpt lat="50.90305000369194" lon="4.647000000495571">
    <ele>30.04</ele>
   </trkpt>
   <trkpt lat="50.90303" lon="4.647930000000001">
    <ele>29.66</ele>
   </trkpt>
   <trkpt lat="50.90305000000001" lon="4.6483300000000005">
    <ele>29.66</ele>
   </trkpt>
   <trkpt lat="50.903090000000006" lon="4.64862">
    <ele>29.59</ele>
   </trkpt>
   <trkpt lat="50.90341000599241" lon="4.649804991836554">
    <ele>29.290000000000003</ele>
   </trkpt>
   <trkpt lat="50.90373" lon="4.65099">
    <ele>29.240000000000002</ele>
   </trkpt>
   <trkpt lat="50.903760000000005" lon="4.651210000000001">
    <ele>29.240000000000002</ele>
   </trkpt>
   <trkpt lat="50.90375500233693" lon="4.651950000354879">
    <ele>29.150000000000002</ele>
   </trkpt>
   <trkpt lat="50.90375" lon="4.652690000000001">
    <ele>29.05</ele>
   </trkpt>
   <trkpt lat="50.90391000284264" lon="4.653499997421008">
    <ele>28.770000000000003</ele>
   </trkpt>
   <trkpt lat="50.904070000000004" lon="4.654310000000001">
    <ele>28.87</ele>
   </trkpt>
   <trkpt lat="50.90415" lon="4.6551100000000005">
    <ele>28.89</ele>
   </trkpt>
   <trkpt lat="50.904133341481895" lon="4.656086667333584">
    <ele>29.150000000000002</ele>
   </trkpt>
   <trkpt lat="50.904116674815775" lon="4.657063333968065">
    <ele>29.44</ele>
   </trkpt>
   <trkpt lat="50.90410000000001" lon="4.658040000000001">
    <ele>30.0</ele>
   </trkpt>
   <trkpt lat="50.904340000000005" lon="4.659330000000001">
    <ele>30.590000000000003</ele>
   </trkpt>
   <trkpt lat="50.904490002130515" lon="4.6600399976059395">
    <ele>30.76</ele>
   </trkpt>
   <trkpt lat="50.90464000000001" lon="4.66075">
    <ele>30.680000000000003</ele>
   </trkpt>
   <trkpt lat="50.904810000000005" lon="4.66134">
    <ele>30.7</ele>
   </trkpt>
   <trkpt lat="50.905205006758955" lon="4.662599989240318">
    <ele>30.910000000000004</ele>
   </trkpt>
   <trkpt lat="50.90560000000001" lon="4.663860000000001">
    <ele>31.200000000000003</ele>
   </trkpt>
   <trkpt lat="50.90576" lon="4.664490000000001">
    <ele>31.540000000000006</ele>
   </trkpt>
   <trkpt lat="50.90599" lon="4.66551">
    <ele>31.43</ele>
   </trkpt>
   <trkpt lat="50.90610000786857" lon="4.666469995431841">
    <ele>30.88</ele>
   </trkpt>
   <trkpt lat="50.906210007864985" lon="4.6674299954006075">
    <ele>30.410000000000004</ele>
   </trkpt>
   <trkpt lat="50.90632" lon="4.6683900000000005">
    <ele>29.890000000000004</ele>
   </trkpt>
   <trkpt lat="50.90636000000001" lon="4.66887">
    <ele>29.740000000000002</ele>
   </trkpt>
   <trkpt lat="50.90643000000001" lon="4.66933">
    <ele>29.68</ele>
   </trkpt>
   <trkpt lat="50.906470000000006" lon="4.669440000000001">
    <ele>29.68</ele>
   </trkpt>
   <trkpt lat="50.90652000000001" lon="4.669490000000001">
    <ele>29.68</ele>
   </trkpt>
   <trkpt lat="50.9065" lon="4.66959">
    <ele>29.68</ele>
   </trkpt>
   <trkpt lat="50.906490000000005" lon="4.66981">
    <ele>29.7</ele>
   </trkpt>
   <trkpt lat="50.90659" lon="4.6707">
    <ele>29.210000000000004</ele>
   </trkpt>
   <trkpt lat="50.906580000000005" lon="4.67129">
    <ele>29.32</ele>
   </trkpt>
   <trkpt lat="50.90654000000001" lon="4.6717900000000006">
    <ele>29.43</ele>
   </trkpt>
   <trkpt lat="50.90648" lon="4.672090000000001">
    <ele>29.7</ele>
   </trkpt>
   <trkpt lat="50.90630000218751" lon="4.672795002472338">
    <ele>29.77</ele>
   </trkpt>
   <trkpt lat="50.90612" lon="4.673500000000001">
    <ele>29.5</ele>
   </trkpt>
   <trkpt lat="50.906060000000004" lon="4.67389">
    <ele>29.650000000000002</ele>
   </trkpt>
   <trkpt lat="50.90617" lon="4.67386">
    <ele>29.34</ele>
   </trkpt>
   <trkpt lat="50.90666" lon="4.6738">
    <ele>28.600000000000005</ele>
   </trkpt>
   <trkpt lat="50.906760000000006" lon="4.67389">
    <ele>28.44</ele>
   </trkpt>
   <trkpt lat="50.906980000000004" lon="4.67431">
    <ele>27.87</ele>
   </trkpt>
   <trkpt lat="50.90711" lon="4.67448">
    <ele>27.87</ele>
   </trkpt>
   <trkpt lat="50.90737000000001" lon="4.6745600000000005">
    <ele>27.15</ele>
   </trkpt>
   <trkpt lat="50.90748000000001" lon="4.6746300000000005">
    <ele>26.990000000000002</ele>
   </trkpt>
   <trkpt lat="50.907900000409164" lon="4.674924997364671">
    <ele>26.150000000000002</ele>
   </trkpt>
   <trkpt lat="50.90832" lon="4.67522">
    <ele>25.910000000000004</ele>
   </trkpt>
   <trkpt lat="50.908350000000006" lon="4.67536">
    <ele>25.730000000000004</ele>
   </trkpt>
   <trkpt lat="50.90879" lon="4.676500000000001">
    <ele>25.05</ele>
   </trkpt>
   <trkpt lat="50.90887000000001" lon="4.67661">
    <ele>24.98</ele>
   </trkpt>
   <trkpt lat="50.90907000000001" lon="4.6767900000000004">
    <ele>24.89</ele>
   </trkpt>
   <trkpt lat="50.909180000000006" lon="4.67685">
    <ele>24.810000000000002</ele>
   </trkpt>
   <trkpt lat="50.909690000000005" lon="4.676810000000001">
    <ele>24.400000000000002</ele>
   </trkpt>
   <trkpt lat="50.9104500002633" lon="4.676976661229674">
    <ele>23.560000000000002</ele>
   </trkpt>
   <trkpt lat="50.91121000028935" lon="4.677143327901944">
    <ele>23.020000000000003</ele>
   </trkpt>
   <trkpt lat="50.911970000000004" lon="4.67731">
    <ele>22.53</ele>
   </trkpt>
   <trkpt lat="50.912060000000004" lon="4.677370000000001">
    <ele>22.53</ele>
   </trkpt>
   <trkpt lat="50.912130000000005" lon="4.67745">
    <ele>22.53</ele>
   </trkpt>
   <trkpt lat="50.91227000000001" lon="4.67771">
    <ele>22.240000000000002</ele>
   </trkpt>
   <trkpt lat="50.91274000000001" lon="4.6786900000000005">
    <ele>22.04</ele>
   </trkpt>
   <trkpt lat="50.91282" lon="4.678920000000001">
    <ele>22.04</ele>
   </trkpt>
   <trkpt lat="50.913070000000005" lon="4.679790000000001">
    <ele>21.93</ele>
   </trkpt>
   <trkpt lat="50.91322" lon="4.680210000000001">
    <ele>21.800000000000004</ele>
   </trkpt>
   <trkpt lat="50.91342" lon="4.68062">
    <ele>21.79</ele>
   </trkpt>
   <trkpt lat="50.91371" lon="4.681150000000001">
    <ele>21.57</ele>
   </trkpt>
   <trkpt lat="50.91425" lon="4.68198">
    <ele>21.290000000000003</ele>
   </trkpt>
   <trkpt lat="50.914710001749796" lon="4.682604993933158">
    <ele>21.080000000000002</ele>
   </trkpt>
   <trkpt lat="50.91517" lon="4.68323">
    <ele>20.900000000000002</ele>
   </trkpt>
   <trkpt lat="50.91567000304011" lon="4.683823320623013">
    <ele>20.59</ele>
   </trkpt>
   <trkpt lat="50.91617000307338" lon="4.6844166539956404">
    <ele>20.5</ele>
   </trkpt>
   <trkpt lat="50.91667" lon="4.68501">
    <ele>20.470000000000002</ele>
   </trkpt>
   <trkpt lat="50.916650000000004" lon="4.68513">
    <ele>20.51</ele>
   </trkpt>
   <trkpt lat="50.91669" lon="4.68524">
    <ele>20.51</ele>
   </trkpt>
   <trkpt lat="50.91677000000001" lon="4.6852800000000006">
    <ele>20.51</ele>
   </trkpt>
   <trkpt lat="50.916810000000005" lon="4.68527">
    <ele>20.51</ele>
   </trkpt>
   <trkpt lat="50.91684000000001" lon="4.685230000000001">
    <ele>20.490000000000002</ele>
   </trkpt>
   <trkpt lat="50.91702" lon="4.68546">
    <ele>20.34</ele>
   </trkpt>
   <trkpt lat="50.91761250458806" lon="4.686057477190905">
    <ele>20.28</ele>
   </trkpt>
   <trkpt lat="50.91820500612703" lon="4.686654969597061">
    <ele>20.51</ele>
   </trkpt>
   <trkpt lat="50.918797504616784" lon="4.6872524772191">
    <ele>20.78</ele>
   </trkpt>
   <trkpt lat="50.91939000000001" lon="4.68785">
    <ele>20.78</ele>
   </trkpt>
   <trkpt lat="50.92007000113386" lon="4.688349992741543">
    <ele>20.790000000000003</ele>
   </trkpt>
   <trkpt lat="50.920750000000005" lon="4.68885">
    <ele>20.610000000000003</ele>
   </trkpt>
   <trkpt lat="50.92127000156491" lon="4.6894449934109135">
    <ele>20.380000000000003</ele>
   </trkpt>
   <trkpt lat="50.92179" lon="4.690040000000001">
    <ele>20.040000000000003</ele>
   </trkpt>
   <trkpt lat="50.92186" lon="4.690130000000001">
    <ele>20.040000000000003</ele>
   </trkpt>
   <trkpt lat="50.921910000000004" lon="4.690230000000001">
    <ele>20.040000000000003</ele>
   </trkpt>
   <trkpt lat="50.92210000238626" lon="4.690984996726079">
    <ele>19.770000000000003</ele>
   </trkpt>
   <trkpt lat="50.922290000000004" lon="4.69174">
    <ele>19.41</ele>
   </trkpt>
   <trkpt lat="50.9224" lon="4.691870000000001">
    <ele>19.41</ele>
   </trkpt>
   <trkpt lat="50.922450000000005" lon="4.6919">
    <ele>19.41</ele>
   </trkpt>
   <trkpt lat="50.92295000000001" lon="4.69204">
    <ele>18.96</ele>
   </trkpt>
   <trkpt lat="50.923640000000006" lon="4.69221">
    <ele>18.98</ele>
   </trkpt>
   <trkpt lat="50.92362000000001" lon="4.69228">
    <ele>18.98</ele>
   </trkpt>
   <trkpt lat="50.92369000000001" lon="4.692290000000001">
    <ele>18.98</ele>
   </trkpt>
   <trkpt lat="50.923750000000005" lon="4.6923">
    <ele>19.03</ele>
   </trkpt>
   <trkpt lat="50.92380000000001" lon="4.692220000000001">
    <ele>19.03</ele>
   </trkpt>
   <trkpt lat="50.923880000000004" lon="4.69221">
    <ele>18.98</ele>
   </trkpt>
   <trkpt lat="50.9241" lon="4.692290000000001">
    <ele>18.96</ele>
   </trkpt>
   <trkpt lat="50.92356" lon="4.693840000000001">
    <ele>18.18</ele>
   </trkpt>
   <trkpt lat="50.92310336416235" lon="4.695041725651528">
    <ele>18.150000000000002</ele>
   </trkpt>
   <trkpt lat="50.92264671599081" lon="4.696243427713289">
    <ele>18.19</ele>
   </trkpt>
   <trkpt lat="50.9221900554858" lon="4.697445106185493">
    <ele>18.29</ele>
   </trkpt>
   <trkpt lat="50.92173338264782" lon="4.698646761068351">
    <ele>18.11</ele>
   </trkpt>
   <trkpt lat="50.92127669747726" lon="4.699848392362074">
    <ele>17.730000000000004</ele>
   </trkpt>
   <trkpt lat="50.920820000000006" lon="4.70105">
    <ele>17.650000000000002</ele>
   </trkpt>
   <trkpt lat="50.92156000000001" lon="4.7017500000000005">
    <ele>17.19</ele>
   </trkpt>
   <trkpt lat="50.92165000000001" lon="4.70181">
    <ele>17.19</ele>
   </trkpt>
   <trkpt lat="50.92174000000001" lon="4.701840000000001">
    <ele>17.19</ele>
   </trkpt>
   <trkpt lat="50.92217" lon="4.70183">
    <ele>17.080000000000002</ele>
   </trkpt>
   <trkpt lat="50.92228" lon="4.70188">
    <ele>17.060000000000002</ele>
   </trkpt>
   <trkpt lat="50.922340000000005" lon="4.701960000000001">
    <ele>17.01</ele>
   </trkpt>
   <trkpt lat="50.922540000000005" lon="4.7023">
    <ele>16.59</ele>
   </trkpt>
   <trkpt lat="50.92273" lon="4.70256">
    <ele>16.200000000000003</ele>
   </trkpt>
   <trkpt lat="50.92322000000001" lon="4.7030400000000006">
    <ele>15.96</ele>
   </trkpt>
   <trkpt lat="50.92380333595221" lon="4.703593319461076">
    <ele>15.520000000000001</ele>
   </trkpt>
   <trkpt lat="50.92438666928946" lon="4.704146652797908">
    <ele>15.19</ele>
   </trkpt>
   <trkpt lat="50.92497" lon="4.704700000000001">
    <ele>14.780000000000001</ele>
   </trkpt>
   <trkpt lat="50.925090000000004" lon="4.7048700000000006">
    <ele>14.780000000000001</ele>
   </trkpt>
   <trkpt lat="50.925200000000004" lon="4.70507">
    <ele>14.730000000000002</ele>
   </trkpt>
   <trkpt lat="50.92531" lon="4.70544">
    <ele>14.780000000000001</ele>
   </trkpt>
   <trkpt lat="50.925380000000004" lon="4.70615">
    <ele>14.950000000000001</ele>
   </trkpt>
   <trkpt lat="50.925450000000005" lon="4.7072">
    <ele>14.470000000000002</ele>
   </trkpt>
   <trkpt lat="50.92551334732287" lon="4.708479996445134">
    <ele>13.53</ele>
   </trkpt>
   <trkpt lat="50.92557668065277" lon="4.709759996375838">
    <ele>13.47</ele>
   </trkpt>
   <trkpt lat="50.92564" lon="4.711040000000001">
    <ele>13.38</ele>
   </trkpt>
   <trkpt lat="50.92538001279083" lon="4.712263346963586">
    <ele>12.97</ele>
   </trkpt>
   <trkpt lat="50.92512001280002" lon="4.713486680253289">
    <ele>13.05</ele>
   </trkpt>
   <trkpt lat="50.92486" lon="4.71471">
    <ele>13.940000000000001</ele>
   </trkpt>
   <trkpt lat="50.92459000647326" lon="4.715940007080911">
    <ele>13.600000000000001</ele>
   </trkpt>
   <trkpt lat="50.92432" lon="4.71717">
    <ele>13.690000000000001</ele>
   </trkpt>
   <trkpt lat="50.92418000000001" lon="4.718">
    <ele>13.620000000000001</ele>
   </trkpt>
   <trkpt lat="50.92416000000001" lon="4.7183600000000006">
    <ele>13.64</ele>
   </trkpt>
   <trkpt lat="50.924210005792624" lon="4.719524998672886">
    <ele>13.840000000000002</ele>
   </trkpt>
   <trkpt lat="50.924260000000004" lon="4.72069">
    <ele>14.22</ele>
   </trkpt>
   <trkpt lat="50.924255003049474" lon="4.721535000035067">
    <ele>14.100000000000001</ele>
   </trkpt>
   <trkpt lat="50.92425" lon="4.72238">
    <ele>14.14</ele>
   </trkpt>
   <trkpt lat="50.92436000000001" lon="4.722930000000001">
    <ele>13.99</ele>
   </trkpt>
   <trkpt lat="50.92443" lon="4.72318">
    <ele>14.090000000000002</ele>
   </trkpt>
   <trkpt lat="50.923770000000005" lon="4.723800000000001">
    <ele>13.840000000000002</ele>
   </trkpt>
   <trkpt lat="50.92309500014181" lon="4.72354499624902">
    <ele>13.690000000000001</ele>
   </trkpt>
   <trkpt lat="50.92242" lon="4.72329">
    <ele>14.350000000000001</ele>
   </trkpt>
   <trkpt lat="50.92242" lon="4.72428">
    <ele>13.940000000000001</ele>
   </trkpt>
   <trkpt lat="50.922450000000005" lon="4.724880000000001">
    <ele>14.030000000000001</ele>
   </trkpt>
   <trkpt lat="50.922410000000006" lon="4.72546">
    <ele>14.0</ele>
   </trkpt>
   <trkpt lat="50.922360000000005" lon="4.7256">
    <ele>14.110000000000001</ele>
   </trkpt>
   <trkpt lat="50.92222" lon="4.725770000000001">
    <ele>14.110000000000001</ele>
   </trkpt>
   <trkpt lat="50.92217" lon="4.725890000000001">
    <ele>14.06</ele>
   </trkpt>
   <trkpt lat="50.922160000000005" lon="4.7260100000000005">
    <ele>14.06</ele>
   </trkpt>
   <trkpt lat="50.92216500584634" lon="4.7271800000061885">
    <ele>14.100000000000001</ele>
   </trkpt>
   <trkpt lat="50.92217" lon="4.728350000000001">
    <ele>14.68</ele>
   </trkpt>
   <trkpt lat="50.92215" lon="4.728610000000001">
    <ele>14.88</ele>
   </trkpt>
   <trkpt lat="50.92211" lon="4.728770000000001">
    <ele>15.09</ele>
   </trkpt>
   <trkpt lat="50.92212000000001" lon="4.728770000000001">
    <ele>15.09</ele>
   </trkpt>
   <trkpt lat="50.92173001716553" lon="4.729927529105105">
    <ele>15.09</ele>
   </trkpt>
   <trkpt lat="50.92134002288753" lon="4.731085038805568">
    <ele>22.1</ele>
   </trkpt>
   <trkpt lat="50.920950017166405" lon="4.732242529101417">
    <ele>22.1</ele>
   </trkpt>
   <trkpt lat="50.92056" lon="4.7334000000000005">
    <ele>22.1</ele>
   </trkpt>
   <trkpt lat="50.92054" lon="4.73345">
    <ele>14.440000000000001</ele>
   </trkpt>
   <trkpt lat="50.92043" lon="4.7336800000000006">
    <ele>14.31</ele>
   </trkpt>
   <trkpt lat="50.920210000000004" lon="4.73399">
    <ele>14.39</ele>
   </trkpt>
   <trkpt lat="50.92015000000001" lon="4.73413">
    <ele>14.49</ele>
   </trkpt>
   <trkpt lat="50.92013000000001" lon="4.7342900000000006">
    <ele>14.49</ele>
   </trkpt>
   <trkpt lat="50.92015000000001" lon="4.73542">
    <ele>14.88</ele>
   </trkpt>
   <trkpt lat="50.92029500225561" lon="4.736149997623694">
    <ele>14.88</ele>
   </trkpt>
   <trkpt lat="50.920440000000006" lon="4.73688">
    <ele>14.860000000000001</ele>
   </trkpt>
   <trkpt lat="50.92047" lon="4.7374">
    <ele>14.75</ele>
   </trkpt>
   <trkpt lat="50.92051000000001" lon="4.7377">
    <ele>14.66</ele>
   </trkpt>
   <trkpt lat="50.920680000000004" lon="4.7384900000000005">
    <ele>14.59</ele>
   </trkpt>
   <trkpt lat="50.920770000000005" lon="4.73908">
    <ele>14.67</ele>
   </trkpt>
   <trkpt lat="50.92078000000001" lon="4.7392900000000004">
    <ele>14.990000000000002</ele>
   </trkpt>
   <trkpt lat="50.920770000000005" lon="4.73932">
    <ele>14.990000000000002</ele>
   </trkpt>
   <trkpt lat="50.920320000000004" lon="4.739680000000001">
    <ele>14.770000000000001</ele>
   </trkpt>
   <trkpt lat="50.91963000151211" lon="4.740270008727271">
    <ele>15.3</ele>
   </trkpt>
   <trkpt lat="50.918940000000006" lon="4.7408600000000005">
    <ele>15.92</ele>
   </trkpt>
   <trkpt lat="50.918220000000005" lon="4.7414000000000005">
    <ele>16.41</ele>
   </trkpt>
   <trkpt lat="50.917700000387896" lon="4.74175500406963">
    <ele>17.45</ele>
   </trkpt>
   <trkpt lat="50.91718" lon="4.74211">
    <ele>19.000000000000004</ele>
   </trkpt>
   <trkpt lat="50.916830000000004" lon="4.74246">
    <ele>20.32</ele>
   </trkpt>
   <trkpt lat="50.91704500231336" lon="4.743204996360696">
    <ele>20.34</ele>
   </trkpt>
   <trkpt lat="50.917260000000006" lon="4.743950000000001">
    <ele>20.470000000000002</ele>
   </trkpt>
   <trkpt lat="50.91747" lon="4.74455">
    <ele>20.69</ele>
   </trkpt>
   <trkpt lat="50.91780500453721" lon="4.745579992605094">
    <ele>21.28</ele>
   </trkpt>
   <trkpt lat="50.91814" lon="4.74661">
    <ele>21.88</ele>
   </trkpt>
   <trkpt lat="50.91836000000001" lon="4.747380000000001">
    <ele>21.92</ele>
   </trkpt>
   <trkpt lat="50.918640007278654" lon="4.74830332221149">
    <ele>22.02</ele>
   </trkpt>
   <trkpt lat="50.91892000727575" lon="4.7492266555351055">
    <ele>22.330000000000002</ele>
   </trkpt>
   <trkpt lat="50.919200000000004" lon="4.7501500000000005">
    <ele>24.03</ele>
   </trkpt>
   <trkpt lat="50.919180000000004" lon="4.750360000000001">
    <ele>24.380000000000003</ele>
   </trkpt>
   <trkpt lat="50.919360000000005" lon="4.75065">
    <ele>24.42</ele>
   </trkpt>
   <trkpt lat="50.91946" lon="4.750900000000001">
    <ele>24.17</ele>
   </trkpt>
   <trkpt lat="50.91973" lon="4.7517700000000005">
    <ele>24.25</ele>
   </trkpt>
   <trkpt lat="50.919830000000005" lon="4.7522">
    <ele>24.240000000000002</ele>
   </trkpt>
   <trkpt lat="50.919880000000006" lon="4.75262">
    <ele>24.39</ele>
   </trkpt>
   <trkpt lat="50.91990500301628" lon="4.753459999650011">
    <ele>24.5</ele>
   </trkpt>
   <trkpt lat="50.91993" lon="4.754300000000001">
    <ele>24.75</ele>
   </trkpt>
   <trkpt lat="50.920010000000005" lon="4.75537">
    <ele>25.11</ele>
   </trkpt>
   <trkpt lat="50.9201900072136" lon="4.75666999494554">
    <ele>25.43</ele>
   </trkpt>
   <trkpt lat="50.920370000000005" lon="4.75797">
    <ele>25.990000000000002</ele>
   </trkpt>
   <trkpt lat="50.920300000000005" lon="4.75818">
    <ele>26.340000000000003</ele>
   </trkpt>
   <trkpt lat="50.92013000000001" lon="4.758500000000001">
    <ele>26.45</ele>
   </trkpt>
   <trkpt lat="50.920100000000005" lon="4.75861">
    <ele>26.45</ele>
   </trkpt>
   <trkpt lat="50.920100000000005" lon="4.75879">
    <ele>26.02</ele>
   </trkpt>
   <trkpt lat="50.92023000411001" lon="4.759769997326999">
    <ele>24.53</ele>
   </trkpt>
   <trkpt lat="50.92036" lon="4.760750000000001">
    <ele>24.040000000000003</ele>
   </trkpt>
   <trkpt lat="50.920440000000006" lon="4.76177">
    <ele>23.96</ele>
   </trkpt>
   <trkpt lat="50.920483349598115" lon="4.763149997410106">
    <ele>24.39</ele>
   </trkpt>
   <trkpt lat="50.920526682930856" lon="4.764529997391129">
    <ele>24.77</ele>
   </trkpt>
   <trkpt lat="50.920570000000005" lon="4.765910000000001">
    <ele>24.650000000000002</ele>
   </trkpt>
   <trkpt lat="50.92052" lon="4.76705">
    <ele>24.09</ele>
   </trkpt>
   <trkpt lat="50.92052" lon="4.76747">
    <ele>23.98</ele>
   </trkpt>
   <trkpt lat="50.920600003321496" lon="4.768349998645743">
    <ele>24.39</ele>
   </trkpt>
   <trkpt lat="50.920680000000004" lon="4.76923">
    <ele>24.71</ele>
   </trkpt>
   <trkpt lat="50.92078500434381" lon="4.770234998024258">
    <ele>25.11</ele>
   </trkpt>
   <trkpt lat="50.92089000000001" lon="4.771240000000001">
    <ele>25.25</ele>
   </trkpt>
   <trkpt lat="50.9209" lon="4.7715000000000005">
    <ele>25.27</ele>
   </trkpt>
   <trkpt lat="50.92087" lon="4.772690000000001">
    <ele>25.07</ele>
   </trkpt>
   <trkpt lat="50.92080203021721" lon="4.774020007754483">
    <ele>24.380000000000003</ele>
   </trkpt>
   <trkpt lat="50.920734045326235" lon="4.775350011622734">
    <ele>24.020000000000003</ele>
   </trkpt>
   <trkpt lat="50.92066604532716" lon="4.776680011603909">
    <ele>22.950000000000003</ele>
   </trkpt>
   <trkpt lat="50.92059803022008" lon="4.778010007697167">
    <ele>22.71</ele>
   </trkpt>
   <trkpt lat="50.92053000000001" lon="4.77934">
    <ele>22.47</ele>
   </trkpt>
   <trkpt lat="50.919740000000004" lon="4.7797">
    <ele>22.71</ele>
   </trkpt>
   <trkpt lat="50.919470000000004" lon="4.77988">
    <ele>23.360000000000003</ele>
   </trkpt>
   <trkpt lat="50.918780001908424" lon="4.780555010045807">
    <ele>26.37</ele>
   </trkpt>
   <trkpt lat="50.91809000000001" lon="4.781230000000001">
    <ele>27.64</ele>
   </trkpt>
   <trkpt lat="50.91783" lon="4.781580000000001">
    <ele>27.560000000000002</ele>
   </trkpt>
   <trkpt lat="50.91808000772639" lon="4.7829249927785735">
    <ele>25.41</ele>
   </trkpt>
   <trkpt lat="50.918330000000005" lon="4.78427">
    <ele>25.030000000000005</ele>
   </trkpt>
   <trkpt lat="50.918350000000004" lon="4.78448">
    <ele>25.060000000000002</ele>
   </trkpt>
   <trkpt lat="50.9183" lon="4.784730000000001">
    <ele>25.210000000000004</ele>
   </trkpt>
   <trkpt lat="50.918200000000006" lon="4.78493">
    <ele>25.25</ele>
   </trkpt>
   <trkpt lat="50.91818000000001" lon="4.785">
    <ele>25.25</ele>
   </trkpt>
   <trkpt lat="50.91818000000001" lon="4.78509">
    <ele>25.25</ele>
   </trkpt>
   <trkpt lat="50.918240000000004" lon="4.785480000000001">
    <ele>25.300000000000004</ele>
   </trkpt>
   <trkpt lat="50.918310000000005" lon="4.78556">
    <ele>25.310000000000002</ele>
   </trkpt>
   <trkpt lat="50.91839" lon="4.7857">
    <ele>25.310000000000002</ele>
   </trkpt>
   <trkpt lat="50.91859" lon="4.7864">
    <ele>25.5</ele>
   </trkpt>
   <trkpt lat="50.918690000000005" lon="4.786580000000001">
    <ele>25.76</ele>
   </trkpt>
   <trkpt lat="50.919070000000005" lon="4.786930000000001">
    <ele>25.910000000000004</ele>
   </trkpt>
   <trkpt lat="50.91917" lon="4.7870800000000004">
    <ele>25.910000000000004</ele>
   </trkpt>
   <trkpt lat="50.91942" lon="4.78795">
    <ele>26.81</ele>
   </trkpt>
   <trkpt lat="50.919710001527484" lon="4.788529996566937">
    <ele>27.080000000000002</ele>
   </trkpt>
   <trkpt lat="50.92" lon="4.78911">
    <ele>27.14</ele>
   </trkpt>
   <trkpt lat="50.92006000000001" lon="4.789210000000001">
    <ele>27.14</ele>
   </trkpt>
   <trkpt lat="50.920260000000006" lon="4.78941">
    <ele>27.03</ele>
   </trkpt>
   <trkpt lat="50.92027" lon="4.789540000000001">
    <ele>27.03</ele>
   </trkpt>
   <trkpt lat="50.92024000000001" lon="4.7896600000000005">
    <ele>26.740000000000002</ele>
   </trkpt>
   <trkpt lat="50.92018" lon="4.7898000000000005">
    <ele>26.740000000000002</ele>
   </trkpt>
   <trkpt lat="50.91996" lon="4.79021">
    <ele>27.12</ele>
   </trkpt>
   <trkpt lat="50.919760000000004" lon="4.7904800000000005">
    <ele>28.39</ele>
   </trkpt>
   <trkpt lat="50.919540000000005" lon="4.79074">
    <ele>29.810000000000002</ele>
   </trkpt>
   <trkpt lat="50.91913" lon="4.791110000000001">
    <ele>32.95</ele>
   </trkpt>
   <trkpt lat="50.91947500418024" lon="4.792099992644497">
    <ele>35.480000000000004</ele>
   </trkpt>
   <trkpt lat="50.91982" lon="4.79309">
    <ele>39.089999999999996</ele>
   </trkpt>
   <trkpt lat="50.91986000000001" lon="4.793290000000001">
    <ele>36.82000000000001</ele>
   </trkpt>
   <trkpt lat="50.919265001317775" lon="4.793865007443628">
    <ele>40.220000000000006</ele>
   </trkpt>
   <trkpt lat="50.918670000000006" lon="4.794440000000001">
    <ele>41.82</ele>
   </trkpt>
   <trkpt lat="50.91818000000001" lon="4.7947500000000005">
    <ele>44.17</ele>
   </trkpt>
   <trkpt lat="50.91816000000001" lon="4.794860000000001">
    <ele>44.17</ele>
   </trkpt>
   <trkpt lat="50.91842000827556" lon="4.795843322408234">
    <ele>45.63</ele>
   </trkpt>
   <trkpt lat="50.91868000829247" lon="4.796826655805331">
    <ele>46.99</ele>
   </trkpt>
   <trkpt lat="50.918940000000006" lon="4.79781">
    <ele>49.0</ele>
   </trkpt>
   <trkpt lat="50.918940000000006" lon="4.797910000000001">
    <ele>49.190000000000005</ele>
   </trkpt>
   <trkpt lat="50.91872000000001" lon="4.798220000000001">
    <ele>47.839999999999996</ele>
   </trkpt>
   <trkpt lat="50.91863000000001" lon="4.79839">
    <ele>47.839999999999996</ele>
   </trkpt>
   <trkpt lat="50.918440000000004" lon="4.79884">
    <ele>45.99</ele>
   </trkpt>
   <trkpt lat="50.91812" lon="4.80013">
    <ele>42.79</ele>
   </trkpt>
   <trkpt lat="50.91798000000001" lon="4.8003800000000005">
    <ele>42.57</ele>
   </trkpt>
   <trkpt lat="50.917345001285476" lon="4.800915007247356">
    <ele>41.68</ele>
   </trkpt>
   <trkpt lat="50.91671" lon="4.80145">
    <ele>40.79</ele>
   </trkpt>
   <trkpt lat="50.916140000000006" lon="4.80212">
    <ele>40.120000000000005</ele>
   </trkpt>
   <trkpt lat="50.915960000000005" lon="4.802300000000001">
    <ele>40.040000000000006</ele>
   </trkpt>
   <trkpt lat="50.91579" lon="4.80243">
    <ele>39.900000000000006</ele>
   </trkpt>
   <trkpt lat="50.9153" lon="4.802630000000001">
    <ele>39.980000000000004</ele>
   </trkpt>
   <trkpt lat="50.91516000000001" lon="4.80318">
    <ele>39.2</ele>
   </trkpt>
   <trkpt lat="50.9151" lon="4.80365">
    <ele>38.62</ele>
   </trkpt>
   <trkpt lat="50.91508" lon="4.8050500000000005">
    <ele>38.05</ele>
   </trkpt>
   <trkpt lat="50.91514" lon="4.80541">
    <ele>37.55</ele>
   </trkpt>
   <trkpt lat="50.91532500264301" lon="4.806189997087966">
    <ele>37.55</ele>
   </trkpt>
   <trkpt lat="50.915510000000005" lon="4.806970000000001">
    <ele>38.67</ele>
   </trkpt>
   <trkpt lat="50.915510000000005" lon="4.80712">
    <ele>39.260000000000005</ele>
   </trkpt>
   <trkpt lat="50.91473000000978" lon="4.80712">
    <ele>38.37</ele>
   </trkpt>
   <trkpt lat="50.913950000019575" lon="4.80712">
    <ele>38.55</ele>
   </trkpt>
   <trkpt lat="50.91317000002938" lon="4.80712">
    <ele>39.57</ele>
   </trkpt>
   <trkpt lat="50.91239000003918" lon="4.80712">
    <ele>42.25</ele>
   </trkpt>
   <trkpt lat="50.91161000004897" lon="4.80712">
    <ele>44.27</ele>
   </trkpt>
   <trkpt lat="50.910830000000004" lon="4.80712">
    <ele>47.290000000000006</ele>
   </trkpt>
   <trkpt lat="50.910120000000006" lon="4.80703">
    <ele>50.510000000000005</ele>
   </trkpt>
   <trkpt lat="50.909620000000004" lon="4.80694">
    <ele>52.24</ele>
   </trkpt>
   <trkpt lat="50.90943000000001" lon="4.80687">
    <ele>52.52</ele>
   </trkpt>
   <trkpt lat="50.90892500039949" lon="4.806634997526637">
    <ele>53.11000000000001</ele>
   </trkpt>
   <trkpt lat="50.90842000000001" lon="4.8064">
    <ele>53.58</ele>
   </trkpt>
   <trkpt lat="50.90818" lon="4.806310000000001">
    <ele>53.63</ele>
   </trkpt>
   <trkpt lat="50.907560000000004" lon="4.80616">
    <ele>53.57000000000001</ele>
   </trkpt>
   <trkpt lat="50.90710000000001" lon="4.80611">
    <ele>52.58</ele>
   </trkpt>
   <trkpt lat="50.906470000000006" lon="4.806170000000001">
    <ele>51.72</ele>
   </trkpt>
   <trkpt lat="50.906060000000004" lon="4.806290000000001">
    <ele>51.58</ele>
   </trkpt>
   <trkpt lat="50.9054500003309" lon="4.806530003111337">
    <ele>52.010000000000005</ele>
   </trkpt>
   <trkpt lat="50.90484000000001" lon="4.80677">
    <ele>54.220000000000006</ele>
   </trkpt>
   <trkpt lat="50.9044" lon="4.80693">
    <ele>55.66</ele>
   </trkpt>
   <trkpt lat="50.903850000000006" lon="4.8070900000000005">
    <ele>57.150000000000006</ele>
   </trkpt>
   <trkpt lat="50.90323" lon="4.807200000000001">
    <ele>57.85</ele>
   </trkpt>
   <trkpt lat="50.90326" lon="4.807390000000001">
    <ele>57.550000000000004</ele>
   </trkpt>
   <trkpt lat="50.90357000320225" lon="4.80825499425874">
    <ele>55.95</ele>
   </trkpt>
   <trkpt lat="50.90388" lon="4.80912">
    <ele>54.38</ele>
   </trkpt>
   <trkpt lat="50.904276673300416" lon="4.809999985046256">
    <ele>54.03</ele>
   </trkpt>
   <trkpt lat="50.904673339986054" lon="4.810879985088097">
    <ele>54.3</ele>
   </trkpt>
   <trkpt lat="50.90507" lon="4.8117600000000005">
    <ele>54.940000000000005</ele>
   </trkpt>
   <trkpt lat="50.90541000256674" lon="4.812529994454562">
    <ele>56.080000000000005</ele>
   </trkpt>
   <trkpt lat="50.905750000000005" lon="4.813300000000001">
    <ele>57.010000000000005</ele>
   </trkpt>
   <trkpt lat="50.90621" lon="4.814520000000001">
    <ele>58.160000000000004</ele>
   </trkpt>
   <trkpt lat="50.90664" lon="4.815440000000001">
    <ele>58.260000000000005</ele>
   </trkpt>
   <trkpt lat="50.906945007104525" lon="4.816724991801212">
    <ele>58.52</ele>
   </trkpt>
   <trkpt lat="50.907250000000005" lon="4.81801">
    <ele>59.85000000000001</ele>
   </trkpt>
   <trkpt lat="50.907450000000004" lon="4.81817">
    <ele>59.85000000000001</ele>
   </trkpt>
   <trkpt lat="50.907970000000006" lon="4.81817">
    <ele>60.56</ele>
   </trkpt>
   <trkpt lat="50.90804000000001" lon="4.8182100000000005">
    <ele>60.56</ele>
   </trkpt>
   <trkpt lat="50.908190000000005" lon="4.8184000000000005">
    <ele>60.68000000000001</ele>
   </trkpt>
   <trkpt lat="50.908710000000006" lon="4.81935">
    <ele>62.86</ele>
   </trkpt>
   <trkpt lat="50.90889000000001" lon="4.81974">
    <ele>63.79</ele>
   </trkpt>
   <trkpt lat="50.90901" lon="4.81996">
    <ele>64.82000000000001</ele>
   </trkpt>
   <trkpt lat="50.909455001687775" lon="4.820594993880323">
    <ele>68.17</ele>
   </trkpt>
   <trkpt lat="50.90990000000001" lon="4.821230000000001">
    <ele>74.19</ele>
   </trkpt>
   <trkpt lat="50.910120000000006" lon="4.82174">
    <ele>74.91</ele>
   </trkpt>
   <trkpt lat="50.91024" lon="4.82202">
    <ele>74.92</ele>
   </trkpt>
   <trkpt lat="50.910455001815045" lon="4.822659997239399">
    <ele>74.77</ele>
   </trkpt>
   <trkpt lat="50.91067" lon="4.823300000000001">
    <ele>74.75000000000001</ele>
   </trkpt>
   <trkpt lat="50.91104000000001" lon="4.824120000000001">
    <ele>74.61000000000001</ele>
   </trkpt>
   <trkpt lat="50.91132500196473" lon="4.824804995711332">
    <ele>73.45</ele>
   </trkpt>
   <trkpt lat="50.91161" lon="4.82549">
    <ele>73.06</ele>
   </trkpt>
   <trkpt lat="50.91176" lon="4.82592">
    <ele>73.04</ele>
   </trkpt>
   <trkpt lat="50.91201" lon="4.82678">
    <ele>72.17000000000002</ele>
   </trkpt>
   <trkpt lat="50.9121" lon="4.826910000000001">
    <ele>72.17000000000002</ele>
   </trkpt>
   <trkpt lat="50.91219" lon="4.82711">
    <ele>71.15</ele>
   </trkpt>
   <trkpt lat="50.91223" lon="4.82727">
    <ele>70.44</ele>
   </trkpt>
   <trkpt lat="50.91227000000001" lon="4.82763">
    <ele>67.8</ele>
   </trkpt>
   <trkpt lat="50.91252" lon="4.82838">
    <ele>63.37000000000001</ele>
   </trkpt>
   <trkpt lat="50.912910000000004" lon="4.82918">
    <ele>59.190000000000005</ele>
   </trkpt>
   <trkpt lat="50.91324" lon="4.83005">
    <ele>56.080000000000005</ele>
   </trkpt>
   <trkpt lat="50.91331" lon="4.83032">
    <ele>54.84</ele>
   </trkpt>
   <trkpt lat="50.91344" lon="4.831">
    <ele>53.64000000000001</ele>
   </trkpt>
   <trkpt lat="50.913500000000006" lon="4.8312100000000004">
    <ele>53.25000000000001</ele>
   </trkpt>
   <trkpt lat="50.91369" lon="4.83161">
    <ele>52.59</ele>
   </trkpt>
   <trkpt lat="50.913920000000005" lon="4.832000000000001">
    <ele>51.940000000000005</ele>
   </trkpt>
   <trkpt lat="50.91424000000001" lon="4.83249">
    <ele>51.21000000000001</ele>
   </trkpt>
   <trkpt lat="50.914910000000006" lon="4.833410000000001">
    <ele>50.150000000000006</ele>
   </trkpt>
   <trkpt lat="50.915420000000005" lon="4.834320000000001">
    <ele>49.620000000000005</ele>
   </trkpt>
   <trkpt lat="50.91555" lon="4.8345">
    <ele>49.46</ele>
   </trkpt>
   <trkpt lat="50.91566" lon="4.8346100000000005">
    <ele>49.260000000000005</ele>
   </trkpt>
   <trkpt lat="50.916105000282364" lon="4.834969996338198">
    <ele>48.39</ele>
   </trkpt>
   <trkpt lat="50.91655" lon="4.835330000000001">
    <ele>47.17</ele>
   </trkpt>
   <trkpt lat="50.91671" lon="4.83541">
    <ele>45.540000000000006</ele>
   </trkpt>
   <trkpt lat="50.91702" lon="4.83544">
    <ele>44.69</ele>
   </trkpt>
   <trkpt lat="50.91714" lon="4.835470000000001">
    <ele>44.370000000000005</ele>
   </trkpt>
   <trkpt lat="50.917320000000004" lon="4.83561">
    <ele>43.82000000000001</ele>
   </trkpt>
   <trkpt lat="50.917715001065226" lon="4.836094995957596">
    <ele>42.86</ele>
   </trkpt>
   <trkpt lat="50.918110000000006" lon="4.8365800000000005">
    <ele>42.300000000000004</ele>
   </trkpt>
   <trkpt lat="50.918310000000005" lon="4.8368">
    <ele>42.13</ele>
   </trkpt>
   <trkpt lat="50.91875" lon="4.83722">
    <ele>41.300000000000004</ele>
   </trkpt>
   <trkpt lat="50.91886" lon="4.837370000000001">
    <ele>41.21</ele>
   </trkpt>
   <trkpt lat="50.919090000000004" lon="4.837870000000001">
    <ele>41.150000000000006</ele>
   </trkpt>
   <trkpt lat="50.91922" lon="4.838">
    <ele>41.17</ele>
   </trkpt>
   <trkpt lat="50.919520000000006" lon="4.838240000000001">
    <ele>41.480000000000004</ele>
   </trkpt>
   <trkpt lat="50.91962" lon="4.83835">
    <ele>41.730000000000004</ele>
   </trkpt>
   <trkpt lat="50.91969" lon="4.83846">
    <ele>42.34</ele>
   </trkpt>
   <trkpt lat="50.91987" lon="4.83889">
    <ele>42.67000000000001</ele>
   </trkpt>
   <trkpt lat="50.919940000000004" lon="4.83922">
    <ele>40.79</ele>
   </trkpt>
   <trkpt lat="50.920085005132314" lon="4.840314996677465">
    <ele>36.61</ele>
   </trkpt>
   <trkpt lat="50.920230000000004" lon="4.841410000000001">
    <ele>36.01</ele>
   </trkpt>
   <trkpt lat="50.92009" lon="4.841410000000001">
    <ele>35.81</ele>
   </trkpt>
   <trkpt lat="50.919630000000005" lon="4.84128">
    <ele>35.96000000000001</ele>
   </trkpt>
   <trkpt lat="50.91892500030421" lon="4.84103499630464">
    <ele>35.86</ele>
   </trkpt>
   <trkpt lat="50.918220000000005" lon="4.84079">
    <ele>36.38</ele>
   </trkpt>
   <trkpt lat="50.917880000000004" lon="4.84072">
    <ele>36.910000000000004</ele>
   </trkpt>
   <trkpt lat="50.917640000000006" lon="4.8407">
    <ele>37.03</ele>
   </trkpt>
   <trkpt lat="50.917480000000005" lon="4.840730000000001">
    <ele>37.21</ele>
   </trkpt>
   <trkpt lat="50.91709" lon="4.8409">
    <ele>37.49</ele>
   </trkpt>
   <trkpt lat="50.91658" lon="4.84121">
    <ele>37.37</ele>
   </trkpt>
   <trkpt lat="50.91666000000001" lon="4.842280000000001">
    <ele>35.09</ele>
   </trkpt>
   <trkpt lat="50.91671" lon="4.842560000000001">
    <ele>34.71</ele>
   </trkpt>
   <trkpt lat="50.917007515489225" lon="4.843659978855099">
    <ele>33.04</ele>
   </trkpt>
   <trkpt lat="50.91730502064391" lon="4.844759971775253">
    <ele>33.92</ele>
   </trkpt>
   <trkpt lat="50.91760251546378" lon="4.845859978760302">
    <ele>37.83</ele>
   </trkpt>
   <trkpt lat="50.9179" lon="4.84696">
    <ele>41.04</ele>
   </trkpt>
   <trkpt lat="50.918150000000004" lon="4.8475600000000005">
    <ele>43.480000000000004</ele>
   </trkpt>
   <trkpt lat="50.918330000000005" lon="4.847910000000001">
    <ele>44.33</ele>
   </trkpt>
   <trkpt lat="50.91863000000001" lon="4.84844">
    <ele>44.480000000000004</ele>
   </trkpt>
   <trkpt lat="50.918980000000005" lon="4.848940000000001">
    <ele>51.64000000000001</ele>
   </trkpt>
   <trkpt lat="50.919652509544726" lon="4.849802462621159">
    <ele>51.64000000000001</ele>
   </trkpt>
   <trkpt lat="50.92032501273609" lon="4.850664950173117">
    <ele>41.13</ele>
   </trkpt>
   <trkpt lat="50.920997509573816" lon="4.85152746265696">
    <ele>41.13</ele>
   </trkpt>
   <trkpt lat="50.921670000000006" lon="4.852390000000001">
    <ele>41.24</ele>
   </trkpt>
   <trkpt lat="50.92179" lon="4.85261">
    <ele>41.910000000000004</ele>
   </trkpt>
   <trkpt lat="50.92186" lon="4.8528">
    <ele>42.330000000000005</ele>
   </trkpt>
   <trkpt lat="50.921940000000006" lon="4.853350000000001">
    <ele>44.34</ele>
   </trkpt>
   <trkpt lat="50.92192000000001" lon="4.85442">
    <ele>47.67</ele>
   </trkpt>
   <trkpt lat="50.92199" lon="4.85543">
    <ele>49.800000000000004</ele>
   </trkpt>
   <trkpt lat="50.921980000000005" lon="4.856070000000001">
    <ele>52.82000000000001</ele>
   </trkpt>
   <trkpt lat="50.921960000000006" lon="4.85622">
    <ele>52.82000000000001</ele>
   </trkpt>
   <trkpt lat="50.92178000313347" lon="4.85707500325234">
    <ele>55.410000000000004</ele>
   </trkpt>
   <trkpt lat="50.921600000000005" lon="4.8579300000000005">
    <ele>59.830000000000005</ele>
   </trkpt>
   <trkpt lat="50.921530000000004" lon="4.858140000000001">
    <ele>59.830000000000005</ele>
   </trkpt>
   <trkpt lat="50.921400000000006" lon="4.858350000000001">
    <ele>61.82000000000001</ele>
   </trkpt>
   <trkpt lat="50.92123" lon="4.85857">
    <ele>66.0</ele>
   </trkpt>
   <trkpt lat="50.92094" lon="4.85885">
    <ele>68.23</ele>
   </trkpt>
   <trkpt lat="50.92078000000001" lon="4.8590800000000005">
    <ele>70.13000000000001</ele>
   </trkpt>
   <trkpt lat="50.920700000000004" lon="4.85932">
    <ele>70.65</ele>
   </trkpt>
   <trkpt lat="50.92053000000001" lon="4.8604400000000005">
    <ele>69.64</ele>
   </trkpt>
   <trkpt lat="50.92049" lon="4.86078">
    <ele>69.5</ele>
   </trkpt>
   <trkpt lat="50.920480000000005" lon="4.86127">
    <ele>69.56</ele>
   </trkpt>
   <trkpt lat="50.92053000000001" lon="4.861820000000001">
    <ele>69.9</ele>
   </trkpt>
   <trkpt lat="50.920680000000004" lon="4.862640000000001">
    <ele>69.62</ele>
   </trkpt>
   <trkpt lat="50.92069000000001" lon="4.86291">
    <ele>69.09000000000002</ele>
   </trkpt>
   <trkpt lat="50.920655008429286" lon="4.864315001086131">
    <ele>66.07000000000001</ele>
   </trkpt>
   <trkpt lat="50.92062000000001" lon="4.8657200000000005">
    <ele>64.47</ele>
   </trkpt>
   <trkpt lat="50.920666676873736" lon="4.8668133310799115">
    <ele>64.69000000000001</ele>
   </trkpt>
   <trkpt lat="50.92071334353784" lon="4.867906664353211">
    <ele>66.72</ele>
   </trkpt>
   <trkpt lat="50.92076" lon="4.869000000000001">
    <ele>67.09</ele>
   </trkpt>
   <trkpt lat="50.92081" lon="4.86965">
    <ele>67.09</ele>
   </trkpt>
   <trkpt lat="50.92089000000001" lon="4.870080000000001">
    <ele>66.74000000000001</ele>
   </trkpt>
   <trkpt lat="50.92123" lon="4.87101">
    <ele>66.46000000000001</ele>
   </trkpt>
   <trkpt lat="50.921420000000005" lon="4.871600000000001">
    <ele>65.75999999999999</ele>
   </trkpt>
   <trkpt lat="50.92147000000001" lon="4.87185">
    <ele>65.75999999999999</ele>
   </trkpt>
   <trkpt lat="50.9215" lon="4.87216">
    <ele>65.49000000000001</ele>
   </trkpt>
   <trkpt lat="50.921453341763716" lon="4.873153335262259">
    <ele>64.99000000000001</ele>
   </trkpt>
   <trkpt lat="50.921406675100044" lon="4.874146668532085">
    <ele>65.66000000000001</ele>
   </trkpt>
   <trkpt lat="50.92136000000001" lon="4.87514">
    <ele>69.24000000000001</ele>
   </trkpt>
   <trkpt lat="50.92139" lon="4.87561">
    <ele>69.91</ele>
   </trkpt>
   <trkpt lat="50.921510000000005" lon="4.87631">
    <ele>72.54</ele>
   </trkpt>
   <trkpt lat="50.921510000000005" lon="4.87642">
    <ele>72.86000000000001</ele>
   </trkpt>
   <trkpt lat="50.92148" lon="4.876480000000001">
    <ele>72.86000000000001</ele>
   </trkpt>
   <trkpt lat="50.921420000000005" lon="4.87652">
    <ele>72.99</ele>
   </trkpt>
   <trkpt lat="50.92074666677376" lon="4.876650003769744">
    <ele>75.16</ele>
   </trkpt>
   <trkpt lat="50.92007333340316" lon="4.876780003776871">
    <ele>77.21</ele>
   </trkpt>
   <trkpt lat="50.9194" lon="4.8769100000000005">
    <ele>78.61000000000001</ele>
   </trkpt>
   <trkpt lat="50.91888" lon="4.87694">
    <ele>78.85000000000001</ele>
   </trkpt>
   <trkpt lat="50.91839" lon="4.8769">
    <ele>78.27000000000001</ele>
   </trkpt>
   <trkpt lat="50.91817" lon="4.876860000000001">
    <ele>78.26</ele>
   </trkpt>
   <trkpt lat="50.9179" lon="4.87718">
    <ele>78.53</ele>
   </trkpt>
   <trkpt lat="50.91783" lon="4.877330000000001">
    <ele>78.92999999999999</ele>
   </trkpt>
   <trkpt lat="50.91778000000001" lon="4.877560000000001">
    <ele>78.92999999999999</ele>
   </trkpt>
   <trkpt lat="50.9178600080808" lon="4.878934997752773">
    <ele>80.71000000000001</ele>
   </trkpt>
   <trkpt lat="50.91794" lon="4.880310000000001">
    <ele>81.25</ele>
   </trkpt>
   <trkpt lat="50.91798000000001" lon="4.8806400000000005">
    <ele>81.16000000000001</ele>
   </trkpt>
   <trkpt lat="50.91817500244187" lon="4.881394996865368">
    <ele>81.07000000000001</ele>
   </trkpt>
   <trkpt lat="50.91837" lon="4.88215">
    <ele>80.87</ele>
   </trkpt>
   <trkpt lat="50.9186025220721" lon="4.883462480338585">
    <ele>80.76</ele>
   </trkpt>
   <trkpt lat="50.918835029431186" lon="4.884774973793801">
    <ele>81.08000000000001</ele>
   </trkpt>
   <trkpt lat="50.919067522076965" lon="4.886087480365064">
    <ele>81.51</ele>
   </trkpt>
   <trkpt lat="50.91930000000001" lon="4.8874">
    <ele>82.07000000000001</ele>
   </trkpt>
   <trkpt lat="50.91946" lon="4.8883600000000005">
    <ele>81.65</ele>
   </trkpt>
   <trkpt lat="50.91953" lon="4.888660000000001">
    <ele>81.53</ele>
   </trkpt>
   <trkpt lat="50.91997503658151" lon="4.889766175937763">
    <ele>81.19000000000001</ele>
   </trkpt>
   <trkpt lat="50.92042006271189" lon="4.890872373035601">
    <ele>80.77000000000001</ele>
   </trkpt>
   <trkpt lat="50.920865078390726" lon="4.891978591293759">
    <ele>80.87</ele>
   </trkpt>
   <trkpt lat="50.921310083617655" lon="4.893084830712481">
    <ele>80.68</ele>
   </trkpt>
   <trkpt lat="50.921755078392344" lon="4.894191091292011">
    <ele>81.13000000000001</ele>
   </trkpt>
   <trkpt lat="50.922200062714396" lon="4.895297373032592">
    <ele>81.38000000000001</ele>
   </trkpt>
   <trkpt lat="50.922645036583454" lon="4.896403675934467">
    <ele>81.56</ele>
   </trkpt>
   <trkpt lat="50.92309" lon="4.8975100000000005">
    <ele>81.85000000000001</ele>
   </trkpt>
   <trkpt lat="50.923380002407335" lon="4.898264995223831">
    <ele>81.34</ele>
   </trkpt>
   <trkpt lat="50.92367" lon="4.89902">
    <ele>80.59</ele>
   </trkpt>
   <trkpt lat="50.923790000000004" lon="4.899240000000001">
    <ele>80.28</ele>
   </trkpt>
   <trkpt lat="50.92389000000001" lon="4.899380000000001">
    <ele>80.08000000000001</ele>
   </trkpt>
   <trkpt lat="50.92409000000001" lon="4.899800000000001">
    <ele>79.78</ele>
   </trkpt>
   <trkpt lat="50.92449000474865" lon="4.900854990917576">
    <ele>79.58000000000001</ele>
   </trkpt>
   <trkpt lat="50.924890000000005" lon="4.90191">
    <ele>77.98</ele>
   </trkpt>
   <trkpt lat="50.92503000000001" lon="4.9019900000000005">
    <ele>76.65</ele>
   </trkpt>
   <trkpt lat="50.925070000000005" lon="4.90205">
    <ele>75.25000000000001</ele>
   </trkpt>
   <trkpt lat="50.925250000000005" lon="4.902">
    <ele>73.95</ele>
   </trkpt>
   <trkpt lat="50.92577000000001" lon="4.901730000000001">
    <ele>69.41</ele>
   </trkpt>
   <trkpt lat="50.926260000000006" lon="4.901590000000001">
    <ele>66.72</ele>
   </trkpt>
   <trkpt lat="50.92645" lon="4.90151">
    <ele>66.29</ele>
   </trkpt>
   <trkpt lat="50.926790000000004" lon="4.90143">
    <ele>65.9</ele>
   </trkpt>
   <trkpt lat="50.92689000000001" lon="4.9014500000000005">
    <ele>65.95</ele>
   </trkpt>
   <trkpt lat="50.927040000000005" lon="4.9015200000000005">
    <ele>65.82000000000001</ele>
   </trkpt>
   <trkpt lat="50.927130000000005" lon="4.901610000000001">
    <ele>65.88000000000001</ele>
   </trkpt>
   <trkpt lat="50.92714" lon="4.9017800000000005">
    <ele>65.95</ele>
   </trkpt>
   <trkpt lat="50.927430004300014" lon="4.902789993508148">
    <ele>66.30000000000001</ele>
   </trkpt>
   <trkpt lat="50.92772" lon="4.9038">
    <ele>64.09</ele>
   </trkpt>
   <trkpt lat="50.927980000000005" lon="4.90432">
    <ele>61.50000000000001</ele>
   </trkpt>
   <trkpt lat="50.928140000000006" lon="4.90455">
    <ele>60.0</ele>
   </trkpt>
   <trkpt lat="50.92868333661309" lon="4.9051733187270665">
    <ele>56.970000000000006</ele>
   </trkpt>
   <trkpt lat="50.929226669907884" lon="4.905796652015965">
    <ele>52.68000000000001</ele>
   </trkpt>
   <trkpt lat="50.929770000000005" lon="4.906420000000001">
    <ele>49.82</ele>
   </trkpt>
   <trkpt lat="50.92992" lon="4.90669">
    <ele>49.84</ele>
   </trkpt>
   <trkpt lat="50.93005" lon="4.90718">
    <ele>47.7</ele>
   </trkpt>
   <trkpt lat="50.93024500517405" lon="4.908279995428704">
    <ele>44.53000000000001</ele>
   </trkpt>
   <trkpt lat="50.930440000000004" lon="4.9093800000000005">
    <ele>42.97</ele>
   </trkpt>
   <trkpt lat="50.93132000000001" lon="4.90927">
    <ele>38.18000000000001</ele>
   </trkpt>
   <trkpt lat="50.93182500009983" lon="4.909250000213271">
    <ele>36.59</ele>
   </trkpt>
   <trkpt lat="50.93233000000001" lon="4.90923">
    <ele>35.660000000000004</ele>
   </trkpt>
   <trkpt lat="50.932640000000006" lon="4.90918">
    <ele>35.35</ele>
   </trkpt>
   <trkpt lat="50.932640000000006" lon="4.9093">
    <ele>35.25</ele>
   </trkpt>
   <trkpt lat="50.93284602609631" lon="4.910535978118716">
    <ele>34.97</ele>
   </trkpt>
   <trkpt lat="50.933052039146176" lon="4.91177196718755">
    <ele>34.63</ele>
   </trkpt>
   <trkpt lat="50.933258039149365" lon="4.913007967205988">
    <ele>34.82</ele>
   </trkpt>
   <trkpt lat="50.93346402610569" lon="4.914243978173512">
    <ele>35.07</ele>
   </trkpt>
   <trkpt lat="50.933670000000006" lon="4.9154800000000005">
    <ele>35.22</ele>
   </trkpt>
   <trkpt lat="50.933690000000006" lon="4.91554">
    <ele>35.17</ele>
   </trkpt>
   <trkpt lat="50.933780000000006" lon="4.91565">
    <ele>35.39</ele>
   </trkpt>
   <trkpt lat="50.93377" lon="4.915710000000001">
    <ele>35.39</ele>
   </trkpt>
   <trkpt lat="50.93376000000001" lon="4.915850000000001">
    <ele>35.190000000000005</ele>
   </trkpt>
   <trkpt lat="50.933780000000006" lon="4.91601">
    <ele>35.190000000000005</ele>
   </trkpt>
   <trkpt lat="50.93381" lon="4.9160900000000005">
    <ele>34.95</ele>
   </trkpt>
   <trkpt lat="50.93394000000001" lon="4.91692">
    <ele>34.33</ele>
   </trkpt>
   <trkpt lat="50.93408" lon="4.918100000000001">
    <ele>33.53</ele>
   </trkpt>
   <trkpt lat="50.9341" lon="4.91854">
    <ele>33.53</ele>
   </trkpt>
   <trkpt lat="50.934050000000006" lon="4.91957">
    <ele>33.410000000000004</ele>
   </trkpt>
   <trkpt lat="50.93399" lon="4.92046">
    <ele>33.53</ele>
   </trkpt>
   <trkpt lat="50.93397" lon="4.92135">
    <ele>33.59</ele>
   </trkpt>
   <trkpt lat="50.933980000000005" lon="4.92194">
    <ele>33.760000000000005</ele>
   </trkpt>
   <trkpt lat="50.93404" lon="4.923">
    <ele>33.96</ele>
   </trkpt>
   <trkpt lat="50.934160000000006" lon="4.92403">
    <ele>34.39</ele>
   </trkpt>
   <trkpt lat="50.93435500727836" lon="4.925334994570835">
    <ele>34.85000000000001</ele>
   </trkpt>
   <trkpt lat="50.93455" lon="4.926640000000001">
    <ele>35.440000000000005</ele>
   </trkpt>
   <trkpt lat="50.93475" lon="4.92753">
    <ele>35.59</ele>
   </trkpt>
   <trkpt lat="50.935" lon="4.92844">
    <ele>35.5</ele>
   </trkpt>
   <trkpt lat="50.935230000000004" lon="4.929060000000001">
    <ele>35.42</ele>
   </trkpt>
   <trkpt lat="50.93569500511286" lon="4.930154989034477">
    <ele>35.67</ele>
   </trkpt>
   <trkpt lat="50.93616" lon="4.93125">
    <ele>36.37</ele>
   </trkpt>
   <trkpt lat="50.936633343111694" lon="4.932319978219793">
    <ele>36.89000000000001</ele>
   </trkpt>
   <trkpt lat="50.9371066764462" lon="4.933389978222061">
    <ele>36.95</ele>
   </trkpt>
   <trkpt lat="50.937580000000004" lon="4.9344600000000005">
    <ele>36.800000000000004</ele>
   </trkpt>
   <trkpt lat="50.93759000000001" lon="4.934570000000001">
    <ele>36.800000000000004</ele>
   </trkpt>
   <trkpt lat="50.93769" lon="4.934640000000001">
    <ele>36.43000000000001</ele>
   </trkpt>
   <trkpt lat="50.93775" lon="4.934710000000001">
    <ele>36.43000000000001</ele>
   </trkpt>
   <trkpt lat="50.93789" lon="4.9350000000000005">
    <ele>36.230000000000004</ele>
   </trkpt>
   <trkpt lat="50.938100000000006" lon="4.935720000000001">
    <ele>36.08</ele>
   </trkpt>
   <trkpt lat="50.938340000000004" lon="4.9366200000000005">
    <ele>35.72</ele>
   </trkpt>
   <trkpt lat="50.93849" lon="4.93709">
    <ele>35.660000000000004</ele>
   </trkpt>
   <trkpt lat="50.93880500300467" lon="4.937929994287687">
    <ele>35.25</ele>
   </trkpt>
   <trkpt lat="50.93912" lon="4.938770000000001">
    <ele>34.800000000000004</ele>
   </trkpt>
   <trkpt lat="50.93929000000001" lon="4.939170000000001">
    <ele>34.59</ele>
   </trkpt>
   <trkpt lat="50.939845003594314" lon="4.940084989110392">
    <ele>34.36</ele>
   </trkpt>
   <trkpt lat="50.940400000000004" lon="4.941000000000001">
    <ele>34.67</ele>
   </trkpt>
   <trkpt lat="50.94075500168839" lon="4.941619995348394">
    <ele>34.440000000000005</ele>
   </trkpt>
   <trkpt lat="50.94111" lon="4.94224">
    <ele>34.56</ele>
   </trkpt>
   <trkpt lat="50.94159000484536" lon="4.943304989010445">
    <ele>34.64</ele>
   </trkpt>
   <trkpt lat="50.94207" lon="4.94437">
    <ele>35.21000000000001</ele>
   </trkpt>
   <trkpt lat="50.942130000000006" lon="4.944570000000001">
    <ele>35.21000000000001</ele>
   </trkpt>
   <trkpt lat="50.942170000000004" lon="4.94493">
    <ele>35.370000000000005</ele>
   </trkpt>
   <trkpt lat="50.9421" lon="4.945760000000001">
    <ele>36.14000000000001</ele>
   </trkpt>
   <trkpt lat="50.94209500249763" lon="4.9465250002612295">
    <ele>36.94</ele>
   </trkpt>
   <trkpt lat="50.94209000000001" lon="4.947290000000001">
    <ele>37.25000000000001</ele>
   </trkpt>
   <trkpt lat="50.9421" lon="4.94754">
    <ele>37.6</ele>
   </trkpt>
   <trkpt lat="50.94216" lon="4.947970000000001">
    <ele>37.6</ele>
   </trkpt>
   <trkpt lat="50.94221" lon="4.94817">
    <ele>37.6</ele>
   </trkpt>
   <trkpt lat="50.94251251372879" lon="4.949204979821961">
    <ele>38.160000000000004</ele>
   </trkpt>
   <trkpt lat="50.94281501831001" lon="4.950239973112465">
    <ele>38.400000000000006</ele>
   </trkpt>
   <trkpt lat="50.943117513743445" lon="4.951274979871424">
    <ele>38.290000000000006</ele>
   </trkpt>
   <trkpt lat="50.94342" lon="4.952310000000001">
    <ele>38.46</ele>
   </trkpt>
   <trkpt lat="50.94350000000001" lon="4.95268">
    <ele>38.86000000000001</ele>
   </trkpt>
   <trkpt lat="50.94352000000001" lon="4.9531">
    <ele>39.589999999999996</ele>
   </trkpt>
   <trkpt lat="50.94348" lon="4.95354">
    <ele>40.21</ele>
   </trkpt>
   <trkpt lat="50.94348" lon="4.9538">
    <ele>40.620000000000005</ele>
   </trkpt>
   <trkpt lat="50.94355" lon="4.954160000000001">
    <ele>40.650000000000006</ele>
   </trkpt>
   <trkpt lat="50.94371" lon="4.95474">
    <ele>40.36</ele>
   </trkpt>
   <trkpt lat="50.94379000000001" lon="4.955240000000001">
    <ele>40.21</ele>
   </trkpt>
   <trkpt lat="50.943830000000005" lon="4.9557400000000005">
    <ele>40.11</ele>
   </trkpt>
   <trkpt lat="50.943870011031485" lon="4.956876664664567">
    <ele>39.730000000000004</ele>
   </trkpt>
   <trkpt lat="50.94391001102988" lon="4.958013331285369">
    <ele>39.220000000000006</ele>
   </trkpt>
   <trkpt lat="50.94395" lon="4.95915">
    <ele>38.99</ele>
   </trkpt>
   <trkpt lat="50.944030000000005" lon="4.96049">
    <ele>38.63</ele>
   </trkpt>
   <trkpt lat="50.94415502223478" lon="4.961807489378441">
    <ele>38.13</ele>
   </trkpt>
   <trkpt lat="50.944280029646876" lon="4.96312498584258">
    <ele>37.89</ele>
   </trkpt>
   <trkpt lat="50.944405022236126" lon="4.9644424893916455">
    <ele>38.25000000000001</ele>
   </trkpt>
   <trkpt lat="50.94453000000001" lon="4.96576">
    <ele>38.3</ele>
   </trkpt>
   <trkpt lat="50.944610000000004" lon="4.966340000000001">
    <ele>37.64</ele>
   </trkpt>
   <trkpt lat="50.944720000000004" lon="4.966970000000001">
    <ele>37.38</ele>
   </trkpt>
   <trkpt lat="50.944840000000006" lon="4.967490000000001">
    <ele>36.97</ele>
   </trkpt>
   <trkpt lat="50.94515401854425" lon="4.968531971850302">
    <ele>36.97</ele>
   </trkpt>
   <trkpt lat="50.945468027817114" lon="4.96957395777715">
    <ele>36.97</ele>
   </trkpt>
   <trkpt lat="50.94578202781832" lon="4.970615957780475">
    <ele>35.660000000000004</ele>
   </trkpt>
   <trkpt lat="50.94609601854766" lon="4.9716579718602105">
    <ele>35.660000000000004</ele>
   </trkpt>
   <trkpt lat="50.94641000000001" lon="4.972700000000001">
    <ele>35.59</ele>
   </trkpt>
   <trkpt lat="50.946600000000004" lon="4.97346">
    <ele>35.440000000000005</ele>
   </trkpt>
   <trkpt lat="50.94668" lon="4.97412">
    <ele>35.46000000000001</ele>
   </trkpt>
   <trkpt lat="50.94671" lon="4.974970000000001">
    <ele>35.74</ele>
   </trkpt>
   <trkpt lat="50.94671000259767" lon="4.9757500003356805">
    <ele>36.050000000000004</ele>
   </trkpt>
   <trkpt lat="50.94671" lon="4.97653">
    <ele>36.14000000000001</ele>
   </trkpt>
   <trkpt lat="50.94662" lon="4.97766">
    <ele>36.37</ele>
   </trkpt>
   <trkpt lat="50.94661000000001" lon="4.97827">
    <ele>36.35</ele>
   </trkpt>
   <trkpt lat="50.94665000242805" lon="4.979024999241539">
    <ele>36.35</ele>
   </trkpt>
   <trkpt lat="50.946690000000004" lon="4.979780000000001">
    <ele>36.38</ele>
   </trkpt>
   <trkpt lat="50.946290000000005" lon="4.979850000000001">
    <ele>37.32000000000001</ele>
   </trkpt>
   <trkpt lat="50.946070000000006" lon="4.9799500000000005">
    <ele>38.35</ele>
   </trkpt>
   <trkpt lat="50.94588" lon="4.979970000000001">
    <ele>38.38</ele>
   </trkpt>
   <trkpt lat="50.94561" lon="4.979900000000001">
    <ele>38.470000000000006</ele>
   </trkpt>
   <trkpt lat="50.94511000000001" lon="4.9797400000000005">
    <ele>38.8</ele>
   </trkpt>
   <trkpt lat="50.94471000000001" lon="4.979640000000001">
    <ele>39.28</ele>
   </trkpt>
   <trkpt lat="50.944610000000004" lon="4.979570000000001">
    <ele>39.28</ele>
   </trkpt>
   <trkpt lat="50.94429" lon="4.979240000000001">
    <ele>39.53</ele>
   </trkpt>
   <trkpt lat="50.94397000000001" lon="4.97885">
    <ele>39.99</ele>
   </trkpt>
   <trkpt lat="50.94368000000001" lon="4.97881">
    <ele>40.36</ele>
   </trkpt>
   <trkpt lat="50.943380000000005" lon="4.97881">
    <ele>40.71</ele>
   </trkpt>
   <trkpt lat="50.943220000000004" lon="4.97879">
    <ele>40.93</ele>
   </trkpt>
   <trkpt lat="50.94312000000001" lon="4.97872">
    <ele>40.93</ele>
   </trkpt>
   <trkpt lat="50.94301" lon="4.97858">
    <ele>41.07</ele>
   </trkpt>
   <trkpt lat="50.942393335326" lon="4.978096653843295">
    <ele>42.85000000000001</ele>
   </trkpt>
   <trkpt lat="50.941776668657006" lon="4.977613320508354">
    <ele>45.85</ele>
   </trkpt>
   <trkpt lat="50.94116" lon="4.977130000000001">
    <ele>49.89</ele>
   </trkpt>
   <trkpt lat="50.941100000000006" lon="4.97702">
    <ele>50.32</ele>
   </trkpt>
   <trkpt lat="50.94070000000001" lon="4.9772300000000005">
    <ele>52.010000000000005</ele>
   </trkpt>
   <trkpt lat="50.94071" lon="4.9772300000000005">
    <ele>52.21000000000001</ele>
   </trkpt>
   <trkpt lat="50.93995600248338" lon="4.977612024782647">
    <ele>52.21000000000001</ele>
   </trkpt>
   <trkpt lat="50.93920200372046" lon="4.977994037175543">
    <ele>52.21000000000001</ele>
   </trkpt>
   <trkpt lat="50.938448003711365" lon="4.978376037179404">
    <ele>71.67000000000002</ele>
   </trkpt>
   <trkpt lat="50.93769400245614" lon="4.978758024794943">
    <ele>71.67000000000002</ele>
   </trkpt>
   <trkpt lat="50.93694000000001" lon="4.97914">
    <ele>71.67000000000002</ele>
   </trkpt>
   <trkpt lat="50.93695" lon="4.979150000000001">
    <ele>71.67000000000002</ele>
   </trkpt>
   <trkpt lat="50.93361" lon="4.980840000000001">
    <ele>67.43</ele>
   </trkpt>
   <trkpt lat="50.932860000000005" lon="4.98123">
    <ele>64.28999999999999</ele>
   </trkpt>
   <trkpt lat="50.932520000000004" lon="4.98144">
    <ele>63.40000000000001</ele>
   </trkpt>
   <trkpt lat="50.93222" lon="4.981660000000001">
    <ele>60.620000000000005</ele>
   </trkpt>
   <trkpt lat="50.93171" lon="4.982130000000001">
    <ele>53.92</ele>
   </trkpt>
   <trkpt lat="50.93133" lon="4.982550000000001">
    <ele>53.92</ele>
   </trkpt>
   <trkpt lat="50.930960000000006" lon="4.98305">
    <ele>50.46</ele>
   </trkpt>
   <trkpt lat="50.93056500155115" lon="4.983665005322347">
    <ele>48.080000000000005</ele>
   </trkpt>
   <trkpt lat="50.930170000000004" lon="4.98428">
    <ele>45.27</ele>
   </trkpt>
   <trkpt lat="50.92992" lon="4.98463">
    <ele>45.14000000000001</ele>
   </trkpt>
   <trkpt lat="50.9296" lon="4.985010000000001">
    <ele>43.13</ele>
   </trkpt>
   <trkpt lat="50.92921500052223" lon="4.985400003356955">
    <ele>41.190000000000005</ele>
   </trkpt>
   <trkpt lat="50.928830000000005" lon="4.985790000000001">
    <ele>39.980000000000004</ele>
   </trkpt>
   <trkpt lat="50.928160000000005" lon="4.986400000000001">
    <ele>40.400000000000006</ele>
   </trkpt>
   <trkpt lat="50.92756000000001" lon="4.98688">
    <ele>39.93</ele>
   </trkpt>
   <trkpt lat="50.92752" lon="4.98693">
    <ele>39.93</ele>
   </trkpt>
   <trkpt lat="50.92752" lon="4.986940000000001">
    <ele>39.940000000000005</ele>
   </trkpt>
   <trkpt lat="50.927530000000004" lon="4.98712">
    <ele>39.940000000000005</ele>
   </trkpt>
   <trkpt lat="50.92793000952276" lon="4.987982477734425">
    <ele>38.75</ele>
   </trkpt>
   <trkpt lat="50.92833001269242" lon="4.988844970302227">
    <ele>38.400000000000006</ele>
   </trkpt>
   <trkpt lat="50.92873000950879" lon="4.989707477703634">
    <ele>38.13</ele>
   </trkpt>
   <trkpt lat="50.92913" lon="4.990570000000001">
    <ele>38.1</ele>
   </trkpt>
   <trkpt lat="50.92931" lon="4.9911200000000004">
    <ele>37.98</ele>
   </trkpt>
   <trkpt lat="50.9294" lon="4.991490000000001">
    <ele>37.95</ele>
   </trkpt>
   <trkpt lat="50.92968668199594" lon="4.992829983455942">
    <ele>37.56</ele>
   </trkpt>
   <trkpt lat="50.929973348656965" lon="4.994169983429203">
    <ele>38.37</ele>
   </trkpt>
   <trkpt lat="50.930260000000004" lon="4.99551">
    <ele>39.190000000000005</ele>
   </trkpt>
   <trkpt lat="50.930330000000005" lon="4.995760000000001">
    <ele>39.400000000000006</ele>
   </trkpt>
   <trkpt lat="50.930830005779825" lon="4.996583315616165">
    <ele>40.42</ele>
   </trkpt>
   <trkpt lat="50.93133000577048" lon="4.997406648933826">
    <ele>40.800000000000004</ele>
   </trkpt>
   <trkpt lat="50.931830000000005" lon="4.99823">
    <ele>40.96</ele>
   </trkpt>
   <trkpt lat="50.93236000619476" lon="4.9990833138462225">
    <ele>40.92</ele>
   </trkpt>
   <trkpt lat="50.93289000617089" lon="4.999936647140771">
    <ele>41.150000000000006</ele>
   </trkpt>
   <trkpt lat="50.933420000000005" lon="5.00079">
    <ele>41.2</ele>
   </trkpt>
   <trkpt lat="50.93356000000001" lon="5.00105">
    <ele>41.18</ele>
   </trkpt>
   <trkpt lat="50.933885001989694" lon="5.001734995183705">
    <ele>40.940000000000005</ele>
   </trkpt>
   <trkpt lat="50.93421000000001" lon="5.002420000000001">
    <ele>40.449999999999996</ele>
   </trkpt>
   <trkpt lat="50.93431" lon="5.00251">
    <ele>40.330000000000005</ele>
   </trkpt>
   <trkpt lat="50.93442" lon="5.00257">
    <ele>39.980000000000004</ele>
   </trkpt>
   <trkpt lat="50.93464" lon="5.00262">
    <ele>39.45</ele>
   </trkpt>
   <trkpt lat="50.93533000000001" lon="5.00258">
    <ele>38.32</ele>
   </trkpt>
   <trkpt lat="50.935480000000005" lon="5.0026">
    <ele>37.86000000000001</ele>
   </trkpt>
   <trkpt lat="50.93597999995651" lon="5.002570000325399">
    <ele>37.01</ele>
   </trkpt>
   <trkpt lat="50.93648" lon="5.002540000000001">
    <ele>36.86000000000001</ele>
   </trkpt>
   <trkpt lat="50.936710000000005" lon="5.002560000000001">
    <ele>37.17</ele>
   </trkpt>
   <trkpt lat="50.93681" lon="5.002610000000001">
    <ele>37.45</ele>
   </trkpt>
   <trkpt lat="50.93689002248936" lon="5.003934993162113">
    <ele>36.96</ele>
   </trkpt>
   <trkpt lat="50.93697002998591" lon="5.005259990884026">
    <ele>38.13</ele>
   </trkpt>
   <trkpt lat="50.93705002248957" lon="5.006584993164918">
    <ele>39.650000000000006</ele>
   </trkpt>
   <trkpt lat="50.93713" lon="5.007910000000001">
    <ele>40.449999999999996</ele>
   </trkpt>
   <trkpt lat="50.93723000000001" lon="5.008780000000001">
    <ele>41.39</ele>
   </trkpt>
   <trkpt lat="50.93742" lon="5.01001">
    <ele>42.14</ele>
   </trkpt>
   <trkpt lat="50.93755" lon="5.010540000000001">
    <ele>42.410000000000004</ele>
   </trkpt>
   <trkpt lat="50.93784667606913" lon="5.011589986557186">
    <ele>42.77</ele>
   </trkpt>
   <trkpt lat="50.93814334272317" lon="5.012639986512285">
    <ele>43.660000000000004</ele>
   </trkpt>
   <trkpt lat="50.93844000000001" lon="5.01369">
    <ele>43.86</ele>
   </trkpt>
   <trkpt lat="50.93858" lon="5.014530000000001">
    <ele>44.64000000000001</ele>
   </trkpt>
   <trkpt lat="50.93865" lon="5.01524">
    <ele>45.300000000000004</ele>
   </trkpt>
   <trkpt lat="50.93869" lon="5.01637">
    <ele>46.61000000000001</ele>
   </trkpt>
   <trkpt lat="50.938680000000005" lon="5.01668">
    <ele>47.440000000000005</ele>
   </trkpt>
   <trkpt lat="50.938610000000004" lon="5.01715">
    <ele>48.11000000000001</ele>
   </trkpt>
   <trkpt lat="50.93856" lon="5.01773">
    <ele>48.42</ele>
   </trkpt>
   <trkpt lat="50.93851" lon="5.01884">
    <ele>48.95</ele>
   </trkpt>
   <trkpt lat="50.93838500474626" lon="5.019895002888972">
    <ele>49.45</ele>
   </trkpt>
   <trkpt lat="50.93826000000001" lon="5.02095">
    <ele>49.99000000000001</ele>
   </trkpt>
   <trkpt lat="50.938325006505806" lon="5.022184998144704">
    <ele>50.34</ele>
   </trkpt>
   <trkpt lat="50.938390000000005" lon="5.023420000000001">
    <ele>51.230000000000004</ele>
   </trkpt>
   <trkpt lat="50.9384" lon="5.0238000000000005">
    <ele>51.43</ele>
   </trkpt>
   <trkpt lat="50.938370000000006" lon="5.025">
    <ele>52.28000000000001</ele>
   </trkpt>
   <trkpt lat="50.93844000000001" lon="5.0255">
    <ele>52.370000000000005</ele>
   </trkpt>
   <trkpt lat="50.93868500446309" lon="5.026524994503154">
    <ele>52.57000000000001</ele>
   </trkpt>
   <trkpt lat="50.938930000000006" lon="5.027550000000001">
    <ele>53.31</ele>
   </trkpt>
   <trkpt lat="50.938990000000004" lon="5.027620000000001">
    <ele>53.720000000000006</ele>
   </trkpt>
   <trkpt lat="50.939040000000006" lon="5.027620000000001">
    <ele>53.720000000000006</ele>
   </trkpt>
   <trkpt lat="50.93907" lon="5.027950000000001">
    <ele>53.68000000000001</ele>
   </trkpt>
   <trkpt lat="50.93912" lon="5.0282">
    <ele>53.71000000000001</ele>
   </trkpt>
   <trkpt lat="50.93918000000001" lon="5.028390000000001">
    <ele>53.84</ele>
   </trkpt>
   <trkpt lat="50.939550003373" lon="5.0292799928958365">
    <ele>54.510000000000005</ele>
   </trkpt>
   <trkpt lat="50.93992" lon="5.03017">
    <ele>55.120000000000005</ele>
   </trkpt>
   <trkpt lat="50.94003000000001" lon="5.0305">
    <ele>55.580000000000005</ele>
   </trkpt>
   <trkpt lat="50.940310000000004" lon="5.031630000000001">
    <ele>56.35</ele>
   </trkpt>
   <trkpt lat="50.940620021644975" lon="5.032929973984883">
    <ele>57.20000000000001</ele>
   </trkpt>
   <trkpt lat="50.940930028858276" lon="5.034229965305311">
    <ele>58.14</ele>
   </trkpt>
   <trkpt lat="50.941240021639516" lon="5.035529973960902">
    <ele>59.60000000000001</ele>
   </trkpt>
   <trkpt lat="50.94155000000001" lon="5.03683">
    <ele>60.88</ele>
   </trkpt>
   <trkpt lat="50.941590000000005" lon="5.037210000000001">
    <ele>60.88</ele>
   </trkpt>
   <trkpt lat="50.94158" lon="5.03758">
    <ele>61.28000000000001</ele>
   </trkpt>
   <trkpt lat="50.94149" lon="5.037990000000001">
    <ele>61.6</ele>
   </trkpt>
   <trkpt lat="50.94135000000001" lon="5.038320000000001">
    <ele>62.1</ele>
   </trkpt>
   <trkpt lat="50.94124000000001" lon="5.03849">
    <ele>62.1</ele>
   </trkpt>
   <trkpt lat="50.941100000000006" lon="5.03863">
    <ele>62.1</ele>
   </trkpt>
   <trkpt lat="50.94098" lon="5.0387200000000005">
    <ele>62.81</ele>
   </trkpt>
   <trkpt lat="50.94019666809752" lon="5.039130013817119">
    <ele>63.80000000000001</ele>
   </trkpt>
   <trkpt lat="50.939413334759465" lon="5.039540013819301">
    <ele>64.05000000000001</ele>
   </trkpt>
   <trkpt lat="50.93863" lon="5.03995">
    <ele>62.57</ele>
   </trkpt>
   <trkpt lat="50.93804" lon="5.04018">
    <ele>61.82000000000001</ele>
   </trkpt>
   <trkpt lat="50.93720000127912" lon="5.040454019798973">
    <ele>60.06</ele>
   </trkpt>
   <trkpt lat="50.93636000191703" lon="5.040728029698336">
    <ele>57.0</ele>
   </trkpt>
   <trkpt lat="50.93552000191377" lon="5.04100202969874">
    <ele>53.24</ele>
   </trkpt>
   <trkpt lat="50.93468000126938" lon="5.041276019800829">
    <ele>50.620000000000005</ele>
   </trkpt>
   <trkpt lat="50.933840000000004" lon="5.04155">
    <ele>49.78</ele>
   </trkpt>
   <trkpt lat="50.93404" lon="5.04241">
    <ele>48.38</ele>
   </trkpt>
   <trkpt lat="50.934110000000004" lon="5.04286">
    <ele>48.050000000000004</ele>
   </trkpt>
   <trkpt lat="50.934140000000006" lon="5.043170000000001">
    <ele>47.830000000000005</ele>
   </trkpt>
   <trkpt lat="50.93417" lon="5.04396">
    <ele>47.74</ele>
   </trkpt>
   <trkpt lat="50.93415" lon="5.04434">
    <ele>47.790000000000006</ele>
   </trkpt>
   <trkpt lat="50.934000000000005" lon="5.04553">
    <ele>47.260000000000005</ele>
   </trkpt>
   <trkpt lat="50.933980000000005" lon="5.04586">
    <ele>47.00000000000001</ele>
   </trkpt>
   <trkpt lat="50.93404500381225" lon="5.046804998664216">
    <ele>46.580000000000005</ele>
   </trkpt>
   <trkpt lat="50.934110000000004" lon="5.047750000000001">
    <ele>46.17</ele>
   </trkpt>
   <trkpt lat="50.93412000000001" lon="5.04809">
    <ele>45.95</ele>
   </trkpt>
   <trkpt lat="50.934070000000006" lon="5.049200000000001">
    <ele>44.9</ele>
   </trkpt>
   <trkpt lat="50.9341" lon="5.04992">
    <ele>43.45</ele>
   </trkpt>
   <trkpt lat="50.934090000000005" lon="5.0502">
    <ele>43.45</ele>
   </trkpt>
   <trkpt lat="50.93413" lon="5.05022">
    <ele>43.45</ele>
   </trkpt>
   <trkpt lat="50.934160000000006" lon="5.050280000000001">
    <ele>43.9</ele>
   </trkpt>
   <trkpt lat="50.93431" lon="5.0512500000000005">
    <ele>45.78</ele>
   </trkpt>
   <trkpt lat="50.934290000000004" lon="5.051360000000001">
    <ele>46.42</ele>
   </trkpt>
   <trkpt lat="50.93431" lon="5.05165">
    <ele>47.17</ele>
   </trkpt>
   <trkpt lat="50.93444" lon="5.0522800000000005">
    <ele>48.21</ele>
   </trkpt>
   <trkpt lat="50.934670000000004" lon="5.05323">
    <ele>48.03</ele>
   </trkpt>
   <trkpt lat="50.93466" lon="5.0532200000000005">
    <ele>48.03</ele>
   </trkpt>
   <trkpt lat="50.934810000000006" lon="5.053660000000001">
    <ele>47.540000000000006</ele>
   </trkpt>
   <trkpt lat="50.93518334245088" lon="5.054693316738788">
    <ele>47.00000000000001</ele>
   </trkpt>
   <trkpt lat="50.935556675783026" lon="5.055726650068587">
    <ele>46.830000000000005</ele>
   </trkpt>
   <trkpt lat="50.935930000000006" lon="5.056760000000001">
    <ele>47.43000000000001</ele>
   </trkpt>
   <trkpt lat="50.93614000199675" lon="5.057434997116469">
    <ele>48.410000000000004</ele>
   </trkpt>
   <trkpt lat="50.936350000000004" lon="5.05811">
    <ele>48.52</ele>
   </trkpt>
   <trkpt lat="50.93663" lon="5.05888">
    <ele>47.45</ele>
   </trkpt>
   <trkpt lat="50.936835001675256" lon="5.059514997056623">
    <ele>46.660000000000004</ele>
   </trkpt>
   <trkpt lat="50.93704" lon="5.06015">
    <ele>45.58</ele>
   </trkpt>
   <trkpt lat="50.937180000000005" lon="5.06055">
    <ele>45.24</ele>
   </trkpt>
   <trkpt lat="50.93755" lon="5.061450000000001">
    <ele>44.50000000000001</ele>
   </trkpt>
   <trkpt lat="50.93764" lon="5.061520000000001">
    <ele>44.67</ele>
   </trkpt>
   <trkpt lat="50.93794500135642" lon="5.062084996281785">
    <ele>46.07000000000001</ele>
   </trkpt>
   <trkpt lat="50.938250000000004" lon="5.0626500000000005">
    <ele>47.09</ele>
   </trkpt>
   <trkpt lat="50.93845" lon="5.06308">
    <ele>47.75</ele>
   </trkpt>
   <trkpt lat="50.9387150021756" lon="5.0638049956800275">
    <ele>47.71</ele>
   </trkpt>
   <trkpt lat="50.93898" lon="5.06453">
    <ele>47.16</ele>
   </trkpt>
   <trkpt lat="50.939170000000004" lon="5.064990000000001">
    <ele>46.290000000000006</ele>
   </trkpt>
   <trkpt lat="50.939350000000005" lon="5.065370000000001">
    <ele>46.290000000000006</ele>
   </trkpt>
   <trkpt lat="50.9395" lon="5.0656300000000005">
    <ele>46.290000000000006</ele>
   </trkpt>
   <trkpt lat="50.93983000000001" lon="5.066120000000001">
    <ele>45.37</ele>
   </trkpt>
   <trkpt lat="50.940200001050314" lon="5.066629995858499">
    <ele>44.980000000000004</ele>
   </trkpt>
   <trkpt lat="50.94057" lon="5.06714">
    <ele>44.94</ele>
   </trkpt>
   <trkpt lat="50.940670000000004" lon="5.067340000000001">
    <ele>45.07000000000001</ele>
   </trkpt>
   <trkpt lat="50.94096000331734" lon="5.0682249943979265">
    <ele>45.36000000000001</ele>
   </trkpt>
   <trkpt lat="50.941250000000004" lon="5.06911">
    <ele>46.31</ele>
   </trkpt>
   <trkpt lat="50.941610000000004" lon="5.070110000000001">
    <ele>47.650000000000006</ele>
   </trkpt>
   <trkpt lat="50.941970000000005" lon="5.07092">
    <ele>48.86</ele>
   </trkpt>
   <trkpt lat="50.942080000000004" lon="5.0711200000000005">
    <ele>48.86</ele>
   </trkpt>
   <trkpt lat="50.942260000000005" lon="5.071350000000001">
    <ele>48.7</ele>
   </trkpt>
   <trkpt lat="50.942620000000005" lon="5.07157">
    <ele>47.88</ele>
   </trkpt>
   <trkpt lat="50.94268" lon="5.071630000000001">
    <ele>47.88</ele>
   </trkpt>
   <trkpt lat="50.9429" lon="5.072290000000001">
    <ele>47.080000000000005</ele>
   </trkpt>
   <trkpt lat="50.94356500241438" lon="5.071540010713709">
    <ele>48.89</ele>
   </trkpt>
   <trkpt lat="50.944230000000005" lon="5.070790000000001">
    <ele>49.370000000000005</ele>
   </trkpt>
   <trkpt lat="50.94431" lon="5.070720000000001">
    <ele>49.24</ele>
   </trkpt>
   <trkpt lat="50.94449" lon="5.07061">
    <ele>48.660000000000004</ele>
   </trkpt>
   <trkpt lat="50.944610000000004" lon="5.0705800000000005">
    <ele>48.42</ele>
   </trkpt>
   <trkpt lat="50.94492" lon="5.07061">
    <ele>46.940000000000005</ele>
   </trkpt>
   <trkpt lat="50.94503" lon="5.07066">
    <ele>46.940000000000005</ele>
   </trkpt>
   <trkpt lat="50.94563000112525" lon="5.07101665748298">
    <ele>44.54</ele>
   </trkpt>
   <trkpt lat="50.946230001164245" lon="5.071373324172666">
    <ele>41.71</ele>
   </trkpt>
   <trkpt lat="50.946830000000006" lon="5.0717300000000005">
    <ele>39.88</ele>
   </trkpt>
   <trkpt lat="50.94704" lon="5.07195">
    <ele>39.03</ele>
   </trkpt>
   <trkpt lat="50.947190000000006" lon="5.07219">
    <ele>38.690000000000005</ele>
   </trkpt>
   <trkpt lat="50.947280000000006" lon="5.07246">
    <ele>38.42</ele>
   </trkpt>
   <trkpt lat="50.94731" lon="5.07261">
    <ele>38.42</ele>
   </trkpt>
   <trkpt lat="50.947485004468135" lon="5.073629996311605">
    <ele>37.71</ele>
   </trkpt>
   <trkpt lat="50.947660000000006" lon="5.07465">
    <ele>37.38</ele>
   </trkpt>
   <trkpt lat="50.94794" lon="5.0758600000000005">
    <ele>36.88</ele>
   </trkpt>
   <trkpt lat="50.94823000802188" lon="5.0768299878543655">
    <ele>36.410000000000004</ele>
   </trkpt>
   <trkpt lat="50.94852000800934" lon="5.077799987812173">
    <ele>36.22</ele>
   </trkpt>
   <trkpt lat="50.94881" lon="5.0787700000000005">
    <ele>35.76</ele>
   </trkpt>
   <trkpt lat="50.948980000000006" lon="5.07922">
    <ele>35.74</ele>
   </trkpt>
   <trkpt lat="50.94928000166326" lon="5.079829996214494">
    <ele>35.57</ele>
   </trkpt>
   <trkpt lat="50.949580000000005" lon="5.08044">
    <ele>35.52</ele>
   </trkpt>
   <trkpt lat="50.949905002611985" lon="5.081219994580568">
    <ele>35.24</ele>
   </trkpt>
   <trkpt lat="50.950230000000005" lon="5.082000000000001">
    <ele>34.480000000000004</ele>
   </trkpt>
   <trkpt lat="50.9504" lon="5.082350000000001">
    <ele>33.980000000000004</ele>
   </trkpt>
   <trkpt lat="50.95062" lon="5.0827">
    <ele>33.59</ele>
   </trkpt>
   <trkpt lat="50.95128500326666" lon="5.083574987477739">
    <ele>31.830000000000002</ele>
   </trkpt>
   <trkpt lat="50.951950000000004" lon="5.08445">
    <ele>30.560000000000002</ele>
   </trkpt>
   <trkpt lat="50.952160000000006" lon="5.08467">
    <ele>30.19</ele>
   </trkpt>
   <trkpt lat="50.95226" lon="5.0848700000000004">
    <ele>30.19</ele>
   </trkpt>
   <trkpt lat="50.952560000000005" lon="5.08535">
    <ele>29.630000000000003</ele>
   </trkpt>
   <trkpt lat="50.953056675757935" lon="5.086379978052399">
    <ele>28.35</ele>
   </trkpt>
   <trkpt lat="50.953553342457134" lon="5.087409978119478">
    <ele>27.48</ele>
   </trkpt>
   <trkpt lat="50.95405" lon="5.08844">
    <ele>27.270000000000003</ele>
   </trkpt>
   <trkpt lat="50.95425" lon="5.08894">
    <ele>27.500000000000004</ele>
   </trkpt>
   <trkpt lat="50.95456000367068" lon="5.089864993882408">
    <ele>26.38</ele>
   </trkpt>
   <trkpt lat="50.95487000000001" lon="5.09079">
    <ele>26.76</ele>
   </trkpt>
   <trkpt lat="50.95519" lon="5.09058">
    <ele>25.69</ele>
   </trkpt>
   <trkpt lat="50.95535" lon="5.090400000000001">
    <ele>25.57</ele>
   </trkpt>
   <trkpt lat="50.955910006407876" lon="5.089695025434543">
    <ele>26.19</ele>
   </trkpt>
   <trkpt lat="50.95647000857198" lon="5.08899003387785">
    <ele>26.830000000000002</ele>
   </trkpt>
   <trkpt lat="50.95703000649214" lon="5.0882850253292995">
    <ele>27.66</ele>
   </trkpt>
   <trkpt lat="50.95759" lon="5.08758">
    <ele>28.53</ele>
   </trkpt>
   <trkpt lat="50.958090000000006" lon="5.086860000000001">
    <ele>29.130000000000003</ele>
   </trkpt>
   <trkpt lat="50.95849500206463" lon="5.0861650060534505">
    <ele>28.89</ele>
   </trkpt>
   <trkpt lat="50.95890000000001" lon="5.085470000000001">
    <ele>28.28</ele>
   </trkpt>
   <trkpt lat="50.95899000000001" lon="5.085400000000001">
    <ele>28.28</ele>
   </trkpt>
   <trkpt lat="50.95904" lon="5.08542">
    <ele>27.650000000000002</ele>
   </trkpt>
   <trkpt lat="50.95913" lon="5.085540000000001">
    <ele>27.650000000000002</ele>
   </trkpt>
   <trkpt lat="50.959500000000006" lon="5.08626">
    <ele>26.080000000000002</ele>
   </trkpt>
   <trkpt lat="50.959860000000006" lon="5.08687">
    <ele>26.310000000000002</ele>
   </trkpt>
   <trkpt lat="50.959700000000005" lon="5.087230000000001">
    <ele>26.19</ele>
   </trkpt>
   <trkpt lat="50.95975000000001" lon="5.08734">
    <ele>25.970000000000002</ele>
   </trkpt>
   <trkpt lat="50.95982000000001" lon="5.087400000000001">
    <ele>26.17</ele>
   </trkpt>
   <trkpt lat="50.95978" lon="5.08753">
    <ele>26.17</ele>
   </trkpt>
   <trkpt lat="50.959970000000006" lon="5.0876600000000005">
    <ele>25.25</ele>
   </trkpt>
   <trkpt lat="50.96034" lon="5.08854">
    <ele>23.73</ele>
   </trkpt>
   <trkpt lat="50.96052" lon="5.08884">
    <ele>23.450000000000003</ele>
   </trkpt>
   <trkpt lat="50.960620000000006" lon="5.088970000000001">
    <ele>23.24</ele>
   </trkpt>
   <trkpt lat="50.960860000000004" lon="5.08919">
    <ele>22.78</ele>
   </trkpt>
   <trkpt lat="50.960950000000004" lon="5.089250000000001">
    <ele>22.78</ele>
   </trkpt>
   <trkpt lat="50.96150000044741" lon="5.089549996483094">
    <ele>22.060000000000002</ele>
   </trkpt>
   <trkpt lat="50.962050000000005" lon="5.08985">
    <ele>22.080000000000002</ele>
   </trkpt>
   <trkpt lat="50.962250000000004" lon="5.089930000000001">
    <ele>22.35</ele>
   </trkpt>
   <trkpt lat="50.9624" lon="5.08997">
    <ele>22.430000000000003</ele>
   </trkpt>
   <trkpt lat="50.962650000000004" lon="5.089980000000001">
    <ele>22.36</ele>
   </trkpt>
   <trkpt lat="50.96294" lon="5.08987">
    <ele>22.400000000000002</ele>
   </trkpt>
   <trkpt lat="50.96327" lon="5.08968">
    <ele>22.45</ele>
   </trkpt>
   <trkpt lat="50.96406333546497" lon="5.089180017078709">
    <ele>22.750000000000004</ele>
   </trkpt>
   <trkpt lat="50.964856668795456" lon="5.088680017080867">
    <ele>23.28</ele>
   </trkpt>
   <trkpt lat="50.965650000000004" lon="5.08818">
    <ele>23.58</ele>
   </trkpt>
   <trkpt lat="50.965920000000004" lon="5.088050000000001">
    <ele>23.330000000000002</ele>
   </trkpt>
   <trkpt lat="50.966210000000004" lon="5.087980000000001">
    <ele>23.340000000000003</ele>
   </trkpt>
   <trkpt lat="50.966440000000006" lon="5.0879900000000005">
    <ele>23.340000000000003</ele>
   </trkpt>
   <trkpt lat="50.966620000000006" lon="5.088030000000001">
    <ele>23.58</ele>
   </trkpt>
   <trkpt lat="50.967000000000006" lon="5.0882000000000005">
    <ele>23.650000000000002</ele>
   </trkpt>
   <trkpt lat="50.9673" lon="5.088360000000001">
    <ele>23.450000000000003</ele>
   </trkpt>
   <trkpt lat="50.96779" lon="5.08861">
    <ele>23.020000000000003</ele>
   </trkpt>
   <trkpt lat="50.96782" lon="5.088520000000001">
    <ele>23.020000000000003</ele>
   </trkpt>
   <trkpt lat="50.96826" lon="5.08877">
    <ele>22.950000000000003</ele>
   </trkpt>
   <trkpt lat="50.968825000352695" lon="5.08905499653629">
    <ele>23.41</ele>
   </trkpt>
   <trkpt lat="50.969390000000004" lon="5.08934">
    <ele>24.970000000000002</ele>
   </trkpt>
   <trkpt lat="50.97009000045071" lon="5.08965499526484">
    <ele>26.27</ele>
   </trkpt>
   <trkpt lat="50.97079" lon="5.08997">
    <ele>27.840000000000003</ele>
   </trkpt>
   <trkpt lat="50.97104" lon="5.09011">
    <ele>29.110000000000003</ele>
   </trkpt>
   <trkpt lat="50.97124" lon="5.09027">
    <ele>29.110000000000003</ele>
   </trkpt>
   <trkpt lat="50.97131" lon="5.0903">
    <ele>29.110000000000003</ele>
   </trkpt>
   <trkpt lat="50.971520000000005" lon="5.09053">
    <ele>30.37</ele>
   </trkpt>
   <trkpt lat="50.97169" lon="5.09077">
    <ele>30.76</ele>
   </trkpt>
   <trkpt lat="50.971920000000004" lon="5.091270000000001">
    <ele>31.35</ele>
   </trkpt>
   <trkpt lat="50.97202000000001" lon="5.09154">
    <ele>31.650000000000002</ele>
   </trkpt>
   <trkpt lat="50.97229" lon="5.0926100000000005">
    <ele>31.57</ele>
   </trkpt>
   <trkpt lat="50.97243" lon="5.09309">
    <ele>31.32</ele>
   </trkpt>
   <trkpt lat="50.972550000000005" lon="5.093380000000001">
    <ele>31.040000000000003</ele>
   </trkpt>
   <trkpt lat="50.972770000000004" lon="5.093850000000001">
    <ele>30.900000000000002</ele>
   </trkpt>
   <trkpt lat="50.972930000000005" lon="5.094250000000001">
    <ele>30.640000000000004</ele>
   </trkpt>
   <trkpt lat="50.972820000000006" lon="5.09428">
    <ele>30.300000000000004</ele>
   </trkpt>
   <trkpt lat="50.972120000000004" lon="5.09419">
    <ele>29.69</ele>
   </trkpt>
   <trkpt lat="50.971970000000006" lon="5.09419">
    <ele>29.85</ele>
   </trkpt>
   <trkpt lat="50.97189" lon="5.09426">
    <ele>30.04</ele>
   </trkpt>
   <trkpt lat="50.97186000000001" lon="5.094340000000001">
    <ele>30.04</ele>
   </trkpt>
   <trkpt lat="50.971900000000005" lon="5.09454">
    <ele>29.460000000000004</ele>
   </trkpt>
   <trkpt lat="50.97204000000001" lon="5.09489">
    <ele>29.34</ele>
   </trkpt>
   <trkpt lat="50.97235000163815" lon="5.095509995855991">
    <ele>29.23</ele>
   </trkpt>
   <trkpt lat="50.972660000000005" lon="5.0961300000000005">
    <ele>29.14</ele>
   </trkpt>
   <trkpt lat="50.97294" lon="5.09691">
    <ele>28.990000000000002</ele>
   </trkpt>
   <trkpt lat="50.973000000000006" lon="5.0971">
    <ele>28.82</ele>
   </trkpt>
   <trkpt lat="50.973180000000006" lon="5.097910000000001">
    <ele>28.67</ele>
   </trkpt>
   <trkpt lat="50.97319" lon="5.09811">
    <ele>28.67</ele>
   </trkpt>
   <trkpt lat="50.973110000000005" lon="5.09829">
    <ele>28.89</ele>
   </trkpt>
   <trkpt lat="50.973040000000005" lon="5.09855">
    <ele>28.92</ele>
   </trkpt>
   <trkpt lat="50.973040000000005" lon="5.099290000000001">
    <ele>29.36</ele>
   </trkpt>
   <trkpt lat="50.97301" lon="5.09949">
    <ele>29.580000000000002</ele>
   </trkpt>
   <trkpt lat="50.97265000430699" lon="5.100500007962697">
    <ele>31.35</ele>
   </trkpt>
   <trkpt lat="50.97229" lon="5.10151">
    <ele>33.63</ele>
   </trkpt>
   <trkpt lat="50.97193000000001" lon="5.102270000000001">
    <ele>34.910000000000004</ele>
   </trkpt>
   <trkpt lat="50.971900000000005" lon="5.1023700000000005">
    <ele>34.910000000000004</ele>
   </trkpt>
   <trkpt lat="50.971900000000005" lon="5.102600000000001">
    <ele>34.99</ele>
   </trkpt>
   <trkpt lat="50.972030000000004" lon="5.10304">
    <ele>35.300000000000004</ele>
   </trkpt>
   <trkpt lat="50.97239000362567" lon="5.1039649927608775">
    <ele>34.09</ele>
   </trkpt>
   <trkpt lat="50.972750000000005" lon="5.10489">
    <ele>31.1</ele>
   </trkpt>
   <trkpt lat="50.97299" lon="5.105650000000001">
    <ele>26.950000000000003</ele>
   </trkpt>
   <trkpt lat="50.973130000000005" lon="5.10615">
    <ele>25.580000000000002</ele>
   </trkpt>
   <trkpt lat="50.97319" lon="5.10656">
    <ele>24.96</ele>
   </trkpt>
   <trkpt lat="50.973200000000006" lon="5.10693">
    <ele>24.110000000000003</ele>
   </trkpt>
   <trkpt lat="50.97317" lon="5.107640000000001">
    <ele>23.200000000000003</ele>
   </trkpt>
   <trkpt lat="50.97319" lon="5.108650000000001">
    <ele>22.38</ele>
   </trkpt>
   <trkpt lat="50.97325000000001" lon="5.1096200000000005">
    <ele>21.820000000000004</ele>
   </trkpt>
   <trkpt lat="50.97334000000001" lon="5.10974">
    <ele>21.45</ele>
   </trkpt>
   <trkpt lat="50.97400500200227" lon="5.1104149903925125">
    <ele>21.460000000000004</ele>
   </trkpt>
   <trkpt lat="50.97467" lon="5.111090000000001">
    <ele>22.53</ele>
   </trkpt>
   <trkpt lat="50.974540000000005" lon="5.11157">
    <ele>22.45</ele>
   </trkpt>
   <trkpt lat="50.97448000000001" lon="5.11165">
    <ele>22.45</ele>
   </trkpt>
   <trkpt lat="50.974340000000005" lon="5.11211">
    <ele>22.310000000000002</ele>
   </trkpt>
   <trkpt lat="50.974180000000004" lon="5.11249">
    <ele>22.17</ele>
   </trkpt>
   <trkpt lat="50.97372667592236" lon="5.113530020254935">
    <ele>21.95</ele>
   </trkpt>
   <trkpt lat="50.97327334261028" lon="5.1145700202058615">
    <ele>21.810000000000002</ele>
   </trkpt>
   <trkpt lat="50.972820000000006" lon="5.11561">
    <ele>21.5</ele>
   </trkpt>
   <trkpt lat="50.9727" lon="5.11582">
    <ele>21.52</ele>
   </trkpt>
   <trkpt lat="50.97245" lon="5.116180000000001">
    <ele>21.79</ele>
   </trkpt>
   <trkpt lat="50.97229" lon="5.11636">
    <ele>21.77</ele>
   </trkpt>
   <trkpt lat="50.97207" lon="5.11655">
    <ele>21.77</ele>
   </trkpt>
   <trkpt lat="50.97187" lon="5.116680000000001">
    <ele>21.76</ele>
   </trkpt>
   <trkpt lat="50.971720000000005" lon="5.116750000000001">
    <ele>21.76</ele>
   </trkpt>
   <trkpt lat="50.971470000000004" lon="5.116840000000001">
    <ele>21.800000000000004</ele>
   </trkpt>
   <trkpt lat="50.97129" lon="5.1168700000000005">
    <ele>21.800000000000004</ele>
   </trkpt>
   <trkpt lat="50.971000000000004" lon="5.116860000000001">
    <ele>23.31</ele>
   </trkpt>
   <trkpt lat="50.97024500040576" lon="5.116719988619141">
    <ele>23.31</ele>
   </trkpt>
   <trkpt lat="50.96949000064416" lon="5.116579981790048">
    <ele>23.31</ele>
   </trkpt>
   <trkpt lat="50.96873500071519" lon="5.116439979512452">
    <ele>23.31</ele>
   </trkpt>
   <trkpt lat="50.96798000061888" lon="5.116299981786085">
    <ele>21.43</ele>
   </trkpt>
   <trkpt lat="50.96722500035525" lon="5.116159988610678">
    <ele>21.43</ele>
   </trkpt>
   <trkpt lat="50.96647" lon="5.116020000000001">
    <ele>21.43</ele>
   </trkpt>
   <trkpt lat="50.966480000000004" lon="5.116020000000001">
    <ele>21.43</ele>
   </trkpt>
   <trkpt lat="50.96642000000001" lon="5.11601">
    <ele>22.070000000000004</ele>
   </trkpt>
   <trkpt lat="50.96631000000001" lon="5.116020000000001">
    <ele>22.070000000000004</ele>
   </trkpt>
   <trkpt lat="50.96618" lon="5.11599">
    <ele>22.09</ele>
   </trkpt>
   <trkpt lat="50.96616" lon="5.11596">
    <ele>22.09</ele>
   </trkpt>
   <trkpt lat="50.96589" lon="5.11592">
    <ele>22.13</ele>
   </trkpt>
   <trkpt lat="50.965880000000006" lon="5.11606">
    <ele>22.13</ele>
   </trkpt>
   <trkpt lat="50.96594" lon="5.11643">
    <ele>21.810000000000002</ele>
   </trkpt>
   <trkpt lat="50.96603" lon="5.11756">
    <ele>22.13</ele>
   </trkpt>
   <trkpt lat="50.96604000000001" lon="5.11795">
    <ele>22.78</ele>
   </trkpt>
   <trkpt lat="50.966100000000004" lon="5.11875">
    <ele>24.14</ele>
   </trkpt>
   <trkpt lat="50.96607" lon="5.118880000000001">
    <ele>24.450000000000003</ele>
   </trkpt>
   <trkpt lat="50.96589" lon="5.1189800000000005">
    <ele>24.73</ele>
   </trkpt>
   <trkpt lat="50.96575000000001" lon="5.1190500000000005">
    <ele>24.700000000000003</ele>
   </trkpt>
   <trkpt lat="50.96566000000001" lon="5.119160000000001">
    <ele>24.630000000000003</ele>
   </trkpt>
   <trkpt lat="50.96562" lon="5.1193100000000005">
    <ele>24.51</ele>
   </trkpt>
   <trkpt lat="50.96564000000001" lon="5.120620000000001">
    <ele>24.39</ele>
   </trkpt>
   <trkpt lat="50.965590000000006" lon="5.12075">
    <ele>24.470000000000002</ele>
   </trkpt>
   <trkpt lat="50.965340000000005" lon="5.12089">
    <ele>24.290000000000003</ele>
   </trkpt>
   <trkpt lat="50.965270000000004" lon="5.120950000000001">
    <ele>24.25</ele>
   </trkpt>
   <trkpt lat="50.96522" lon="5.12103">
    <ele>24.25</ele>
   </trkpt>
   <trkpt lat="50.9652" lon="5.12115">
    <ele>24.240000000000002</ele>
   </trkpt>
   <trkpt lat="50.96519000000001" lon="5.12129">
    <ele>24.240000000000002</ele>
   </trkpt>
   <trkpt lat="50.96531" lon="5.12253">
    <ele>24.520000000000003</ele>
   </trkpt>
   <trkpt lat="50.96531" lon="5.12274">
    <ele>24.520000000000003</ele>
   </trkpt>
   <trkpt lat="50.965230000000005" lon="5.123150000000001">
    <ele>24.380000000000003</ele>
   </trkpt>
   <trkpt lat="50.96510000000001" lon="5.123600000000001">
    <ele>24.380000000000003</ele>
   </trkpt>
   <trkpt lat="50.96477" lon="5.124370000000001">
    <ele>24.330000000000002</ele>
   </trkpt>
   <trkpt lat="50.964760000000005" lon="5.124790000000001">
    <ele>24.520000000000003</ele>
   </trkpt>
   <trkpt lat="50.96479" lon="5.12492">
    <ele>24.520000000000003</ele>
   </trkpt>
   <trkpt lat="50.96477" lon="5.1250800000000005">
    <ele>24.44</ele>
   </trkpt>
   <trkpt lat="50.96455" lon="5.1258300000000006">
    <ele>24.26</ele>
   </trkpt>
   <trkpt lat="50.96448" lon="5.12617">
    <ele>24.220000000000002</ele>
   </trkpt>
   <trkpt lat="50.96434500515032" lon="5.127270003321177">
    <ele>24.03</ele>
   </trkpt>
   <trkpt lat="50.96421" lon="5.12837">
    <ele>23.44</ele>
   </trkpt>
   <trkpt lat="50.964130000000004" lon="5.1288100000000005">
    <ele>23.290000000000003</ele>
   </trkpt>
   <trkpt lat="50.96405000000001" lon="5.1291">
    <ele>23.290000000000003</ele>
   </trkpt>
   <trkpt lat="50.96375000282684" lon="5.129910005160764">
    <ele>22.9</ele>
   </trkpt>
   <trkpt lat="50.96345" lon="5.13072">
    <ele>22.89</ele>
   </trkpt>
   <trkpt lat="50.96338" lon="5.130820000000001">
    <ele>22.89</ele>
   </trkpt>
   <trkpt lat="50.963190000000004" lon="5.13091">
    <ele>22.78</ele>
   </trkpt>
   <trkpt lat="50.963240000000006" lon="5.131200000000001">
    <ele>22.69</ele>
   </trkpt>
   <trkpt lat="50.96329" lon="5.13137">
    <ele>22.69</ele>
   </trkpt>
   <trkpt lat="50.96318" lon="5.13149">
    <ele>22.6</ele>
   </trkpt>
   <trkpt lat="50.96313000364763" lon="5.132415001090694">
    <ele>22.160000000000004</ele>
   </trkpt>
   <trkpt lat="50.963080000000005" lon="5.1333400000000005">
    <ele>22.060000000000002</ele>
   </trkpt>
   <trkpt lat="50.96307" lon="5.13417">
    <ele>21.970000000000002</ele>
   </trkpt>
   <trkpt lat="50.96309" lon="5.1355900000000005">
    <ele>22.03</ele>
   </trkpt>
   <trkpt lat="50.96302000000001" lon="5.136030000000001">
    <ele>22.01</ele>
   </trkpt>
   <trkpt lat="50.963" lon="5.136290000000001">
    <ele>21.94</ele>
   </trkpt>
   <trkpt lat="50.96314" lon="5.13752">
    <ele>21.810000000000002</ele>
   </trkpt>
   <trkpt lat="50.96311000000001" lon="5.13891">
    <ele>21.76</ele>
   </trkpt>
   <trkpt lat="50.96317500721992" lon="5.140209998282612">
    <ele>21.550000000000004</ele>
   </trkpt>
   <trkpt lat="50.963240000000006" lon="5.14151">
    <ele>21.28</ele>
   </trkpt>
   <trkpt lat="50.96324000334371" lon="5.142395000432653">
    <ele>21.32</ele>
   </trkpt>
   <trkpt lat="50.963240000000006" lon="5.143280000000001">
    <ele>22.0</ele>
   </trkpt>
   <trkpt lat="50.963260000000005" lon="5.143700000000001">
    <ele>22.250000000000004</ele>
   </trkpt>
   <trkpt lat="50.963405006515494" lon="5.1449349961803295">
    <ele>22.36</ele>
   </trkpt>
   <trkpt lat="50.963550000000005" lon="5.146170000000001">
    <ele>22.2</ele>
   </trkpt>
   <trkpt lat="50.963330000000006" lon="5.14627">
    <ele>21.900000000000002</ele>
   </trkpt>
   <trkpt lat="50.96323" lon="5.14634">
    <ele>21.53</ele>
   </trkpt>
   <trkpt lat="50.96318" lon="5.14609">
    <ele>23.720000000000002</ele>
   </trkpt>
   <trkpt lat="50.96306500648315" lon="5.144859997215872">
    <ele>23.85</ele>
   </trkpt>
   <trkpt lat="50.962950000000006" lon="5.143630000000001">
    <ele>23.62</ele>
   </trkpt>
   <trkpt lat="50.96285" lon="5.143070000000001">
    <ele>23.500000000000004</ele>
   </trkpt>
   <trkpt lat="50.96271" lon="5.142460000000001">
    <ele>23.41</ele>
   </trkpt>
   <trkpt lat="50.96242" lon="5.141590000000001">
    <ele>23.21</ele>
   </trkpt>
   <trkpt lat="50.9621100024212" lon="5.14084499515328">
    <ele>22.990000000000002</ele>
   </trkpt>
   <trkpt lat="50.961800000000004" lon="5.1401">
    <ele>23.040000000000003</ele>
   </trkpt>
   <trkpt lat="50.961580000000005" lon="5.139340000000001">
    <ele>22.89</ele>
   </trkpt>
   <trkpt lat="50.961510000000004" lon="5.1389700000000005">
    <ele>22.89</ele>
   </trkpt>
   <trkpt lat="50.96146" lon="5.13825">
    <ele>22.94</ele>
   </trkpt>
   <trkpt lat="50.961450000000006" lon="5.1371400000000005">
    <ele>22.770000000000003</ele>
   </trkpt>
   <trkpt lat="50.961420000000004" lon="5.13689">
    <ele>22.750000000000004</ele>
   </trkpt>
   <trkpt lat="50.961310000000005" lon="5.13635">
    <ele>22.71</ele>
   </trkpt>
   <trkpt lat="50.96105000000001" lon="5.1353800000000005">
    <ele>22.750000000000004</ele>
   </trkpt>
   <trkpt lat="50.96099" lon="5.13506">
    <ele>22.750000000000004</ele>
   </trkpt>
   <trkpt lat="50.96097" lon="5.1348">
    <ele>22.78</ele>
   </trkpt>
   <trkpt lat="50.96099" lon="5.13431">
    <ele>22.76</ele>
   </trkpt>
   <trkpt lat="50.9611" lon="5.1335500000000005">
    <ele>22.85</ele>
   </trkpt>
   <trkpt lat="50.9611" lon="5.1330800000000005">
    <ele>22.88</ele>
   </trkpt>
   <trkpt lat="50.96107000000001" lon="5.1328000000000005">
    <ele>22.97</ele>
   </trkpt>
   <trkpt lat="50.961020000000005" lon="5.1325400000000005">
    <ele>22.97</ele>
   </trkpt>
   <trkpt lat="50.960835002486206" lon="5.131769996746713">
    <ele>23.46</ele>
   </trkpt>
   <trkpt lat="50.96065" lon="5.131">
    <ele>22.770000000000003</ele>
   </trkpt>
   <trkpt lat="50.96046000230063" lon="5.130269997112999">
    <ele>22.72</ele>
   </trkpt>
   <trkpt lat="50.96027" lon="5.12954">
    <ele>22.71</ele>
   </trkpt>
   <trkpt lat="50.96016" lon="5.12886">
    <ele>22.840000000000003</ele>
   </trkpt>
   <trkpt lat="50.96009" lon="5.127960000000001">
    <ele>22.860000000000003</ele>
   </trkpt>
   <trkpt lat="50.96005" lon="5.127750000000001">
    <ele>22.860000000000003</ele>
   </trkpt>
   <trkpt lat="50.95984500215451" lon="5.127029996617271">
    <ele>22.94</ele>
   </trkpt>
   <trkpt lat="50.95964000000001" lon="5.12631">
    <ele>23.03</ele>
   </trkpt>
   <trkpt lat="50.95957000000001" lon="5.12591">
    <ele>23.07</ele>
   </trkpt>
   <trkpt lat="50.959450000000004" lon="5.1254100000000005">
    <ele>23.07</ele>
   </trkpt>
   <trkpt lat="50.95922" lon="5.124860000000001">
    <ele>23.17</ele>
   </trkpt>
   <trkpt lat="50.95885500272951" lon="5.12406999393509">
    <ele>23.31</ele>
   </trkpt>
   <trkpt lat="50.958490000000005" lon="5.12328">
    <ele>22.820000000000004</ele>
   </trkpt>
   <trkpt lat="50.95841" lon="5.12307">
    <ele>22.67</ele>
   </trkpt>
   <trkpt lat="50.958290000000005" lon="5.1224300000000005">
    <ele>22.63</ele>
   </trkpt>
   <trkpt lat="50.958220000000004" lon="5.12223">
    <ele>22.580000000000002</ele>
   </trkpt>
   <trkpt lat="50.95814000000001" lon="5.12208">
    <ele>22.61</ele>
   </trkpt>
   <trkpt lat="50.957840000000004" lon="5.121720000000001">
    <ele>23.020000000000003</ele>
   </trkpt>
   <trkpt lat="50.95792" lon="5.12152">
    <ele>22.76</ele>
   </trkpt>
   <trkpt lat="50.958040000000004" lon="5.1213500000000005">
    <ele>22.36</ele>
   </trkpt>
   <trkpt lat="50.95816000000001" lon="5.12126">
    <ele>22.26</ele>
   </trkpt>
   <trkpt lat="50.958450000000006" lon="5.121250000000001">
    <ele>22.3</ele>
   </trkpt>
   <trkpt lat="50.9585" lon="5.12112">
    <ele>22.18</ele>
   </trkpt>
   <trkpt lat="50.95844" lon="5.120640000000001">
    <ele>21.48</ele>
   </trkpt>
   <trkpt lat="50.958450000000006" lon="5.11995">
    <ele>21.14</ele>
   </trkpt>
   <trkpt lat="50.95852000000001" lon="5.11929">
    <ele>21.300000000000004</ele>
   </trkpt>
   <trkpt lat="50.95864" lon="5.118530000000001">
    <ele>21.39</ele>
   </trkpt>
   <trkpt lat="50.95866" lon="5.118130000000001">
    <ele>21.400000000000002</ele>
   </trkpt>
   <trkpt lat="50.958650000000006" lon="5.117800000000001">
    <ele>21.48</ele>
   </trkpt>
   <trkpt lat="50.958540000000006" lon="5.116680000000001">
    <ele>22.64</ele>
   </trkpt>
   <trkpt lat="50.95824" lon="5.1166">
    <ele>22.480000000000004</ele>
   </trkpt>
   <trkpt lat="50.95792" lon="5.11659">
    <ele>22.410000000000004</ele>
   </trkpt>
   <trkpt lat="50.95765" lon="5.11657">
    <ele>22.36</ele>
   </trkpt>
   <trkpt lat="50.957530000000006" lon="5.1165400000000005">
    <ele>22.36</ele>
   </trkpt>
   <trkpt lat="50.95716" lon="5.11652">
    <ele>22.320000000000004</ele>
   </trkpt>
   <trkpt lat="50.957170000000005" lon="5.11652">
    <ele>20.69</ele>
   </trkpt>
   <trkpt lat="50.95637285713888" lon="5.116532858466282">
    <ele>20.69</ele>
   </trkpt>
   <trkpt lat="50.95557571427635" lon="5.116545716491421">
    <ele>20.69</ele>
   </trkpt>
   <trkpt lat="50.954778571412426" lon="5.116558574075444">
    <ele>20.69</ele>
   </trkpt>
   <trkpt lat="50.95398142854707" lon="5.116571431218377">
    <ele>21.300000000000004</ele>
   </trkpt>
   <trkpt lat="50.95318428568031" lon="5.116584287920251">
    <ele>21.300000000000004</ele>
   </trkpt>
   <trkpt lat="50.95238714281213" lon="5.116597144181092">
    <ele>21.300000000000004</ele>
   </trkpt>
   <trkpt lat="50.95159" lon="5.1166100000000005">
    <ele>21.300000000000004</ele>
   </trkpt>
   <trkpt lat="50.95127" lon="5.11659">
    <ele>22.17</ele>
   </trkpt>
   <trkpt lat="50.95111000000001" lon="5.11657">
    <ele>22.080000000000002</ele>
   </trkpt>
   <trkpt lat="50.95074" lon="5.11645">
    <ele>22.02</ele>
   </trkpt>
   <trkpt lat="50.95029500026117" lon="5.116244998074965">
    <ele>22.13</ele>
   </trkpt>
   <trkpt lat="50.949850000000005" lon="5.116040000000001">
    <ele>22.590000000000003</ele>
   </trkpt>
   <trkpt lat="50.94981000000001" lon="5.115950000000001">
    <ele>22.590000000000003</ele>
   </trkpt>
   <trkpt lat="50.949650000000005" lon="5.1157200000000005">
    <ele>22.85</ele>
   </trkpt>
   <trkpt lat="50.949600000000004" lon="5.11556">
    <ele>22.92</ele>
   </trkpt>
   <trkpt lat="50.94966" lon="5.115150000000001">
    <ele>22.67</ele>
   </trkpt>
   <trkpt lat="50.94994500720962" lon="5.113850007998177">
    <ele>22.61</ele>
   </trkpt>
   <trkpt lat="50.950230000000005" lon="5.112550000000001">
    <ele>23.35</ele>
   </trkpt>
   <trkpt lat="50.95009" lon="5.1124600000000004">
    <ele>23.48</ele>
   </trkpt>
   <trkpt lat="50.950030000000005" lon="5.11239">
    <ele>23.48</ele>
   </trkpt>
   <trkpt lat="50.94990000000001" lon="5.11186">
    <ele>22.89</ele>
   </trkpt>
   <trkpt lat="50.94981000000001" lon="5.11158">
    <ele>22.750000000000004</ele>
   </trkpt>
   <trkpt lat="50.94961000000001" lon="5.11118">
    <ele>22.62</ele>
   </trkpt>
   <trkpt lat="50.948980000000006" lon="5.1102300000000005">
    <ele>24.16</ele>
   </trkpt>
   <trkpt lat="50.948600000000006" lon="5.10961">
    <ele>23.770000000000003</ele>
   </trkpt>
   <trkpt lat="50.94814000281035" lon="5.108804992109821">
    <ele>24.1</ele>
   </trkpt>
   <trkpt lat="50.947680000000005" lon="5.1080000000000005">
    <ele>24.1</ele>
   </trkpt>
   <trkpt lat="50.94747" lon="5.10768">
    <ele>24.14</ele>
   </trkpt>
   <trkpt lat="50.94735000000001" lon="5.10754">
    <ele>24.14</ele>
   </trkpt>
   <trkpt lat="50.94722" lon="5.107530000000001">
    <ele>24.19</ele>
   </trkpt>
   <trkpt lat="50.947140000000005" lon="5.10754">
    <ele>24.19</ele>
   </trkpt>
   <trkpt lat="50.94698" lon="5.10777">
    <ele>24.130000000000003</ele>
   </trkpt>
   <trkpt lat="50.94693" lon="5.1077900000000005">
    <ele>24.12</ele>
   </trkpt>
   <trkpt lat="50.94689" lon="5.1077900000000005">
    <ele>24.12</ele>
   </trkpt>
   <trkpt lat="50.94684" lon="5.107710000000001">
    <ele>24.12</ele>
   </trkpt>
   <trkpt lat="50.94668" lon="5.107690000000001">
    <ele>24.17</ele>
   </trkpt>
   <trkpt lat="50.94659000000001" lon="5.107620000000001">
    <ele>24.17</ele>
   </trkpt>
   <trkpt lat="50.946490000000004" lon="5.10747">
    <ele>23.96</ele>
   </trkpt>
   <trkpt lat="50.945885004705566" lon="5.1064199863318045">
    <ele>23.62</ele>
   </trkpt>
   <trkpt lat="50.945280000000004" lon="5.105370000000001">
    <ele>24.020000000000003</ele>
   </trkpt>
   <trkpt lat="50.94521" lon="5.10527">
    <ele>24.020000000000003</ele>
   </trkpt>
   <trkpt lat="50.94509000000001" lon="5.105160000000001">
    <ele>24.07</ele>
   </trkpt>
   <trkpt lat="50.94494" lon="5.1051">
    <ele>24.130000000000003</ele>
   </trkpt>
   <trkpt lat="50.94483" lon="5.1051">
    <ele>24.200000000000003</ele>
   </trkpt>
   <trkpt lat="50.94467" lon="5.105130000000001">
    <ele>24.200000000000003</ele>
   </trkpt>
   <trkpt lat="50.94422" lon="5.10531">
    <ele>24.35</ele>
   </trkpt>
   <trkpt lat="50.943900000000006" lon="5.10536">
    <ele>24.41</ele>
   </trkpt>
   <trkpt lat="50.943450000000006" lon="5.10538">
    <ele>24.580000000000002</ele>
   </trkpt>
   <trkpt lat="50.943110000000004" lon="5.105370000000001">
    <ele>24.6</ele>
   </trkpt>
   <trkpt lat="50.94297" lon="5.1053500000000005">
    <ele>24.6</ele>
   </trkpt>
   <trkpt lat="50.942280000000004" lon="5.1051400000000005">
    <ele>24.810000000000002</ele>
   </trkpt>
   <trkpt lat="50.94214" lon="5.10512">
    <ele>24.810000000000002</ele>
   </trkpt>
   <trkpt lat="50.94153499996804" lon="5.105094999673259">
    <ele>25.040000000000003</ele>
   </trkpt>
   <trkpt lat="50.94093" lon="5.10507">
    <ele>25.330000000000002</ele>
   </trkpt>
   <trkpt lat="50.9406" lon="5.10503">
    <ele>25.240000000000002</ele>
   </trkpt>
   <trkpt lat="50.94037" lon="5.10496">
    <ele>25.240000000000002</ele>
   </trkpt>
   <trkpt lat="50.940160000000006" lon="5.104850000000001">
    <ele>25.27</ele>
   </trkpt>
   <trkpt lat="50.940020000000004" lon="5.104760000000001">
    <ele>25.27</ele>
   </trkpt>
   <trkpt lat="50.93979" lon="5.104550000000001">
    <ele>25.36</ele>
   </trkpt>
   <trkpt lat="50.93925" lon="5.103940000000001">
    <ele>25.57</ele>
   </trkpt>
   <trkpt lat="50.93885500092998" lon="5.103454995788617">
    <ele>25.580000000000002</ele>
   </trkpt>
   <trkpt lat="50.938460000000006" lon="5.10297">
    <ele>25.36</ele>
   </trkpt>
   <trkpt lat="50.93822" lon="5.10263">
    <ele>25.380000000000003</ele>
   </trkpt>
   <trkpt lat="50.93811" lon="5.10243">
    <ele>25.380000000000003</ele>
   </trkpt>
   <trkpt lat="50.937723340043" lon="5.101543318577844">
    <ele>25.890000000000004</ele>
   </trkpt>
   <trkpt lat="50.93733667337205" lon="5.100656651901549">
    <ele>26.35</ele>
   </trkpt>
   <trkpt lat="50.93695" lon="5.09977">
    <ele>26.89</ele>
   </trkpt>
   <trkpt lat="50.93664000375083" lon="5.098829993666529">
    <ele>27.03</ele>
   </trkpt>
   <trkpt lat="50.936330000000005" lon="5.0978900000000005">
    <ele>27.750000000000004</ele>
   </trkpt>
   <trkpt lat="50.936170000000004" lon="5.0973500000000005">
    <ele>28.040000000000003</ele>
   </trkpt>
   <trkpt lat="50.93607" lon="5.0968">
    <ele>28.32</ele>
   </trkpt>
   <trkpt lat="50.93593334881675" lon="5.09545332537896">
    <ele>28.880000000000003</ele>
   </trkpt>
   <trkpt lat="50.935796682146055" lon="5.0941066586728105">
    <ele>29.740000000000002</ele>
   </trkpt>
   <trkpt lat="50.935660000000006" lon="5.09276">
    <ele>30.21</ele>
   </trkpt>
   <trkpt lat="50.93565500405885" lon="5.091784999830931">
    <ele>30.950000000000003</ele>
   </trkpt>
   <trkpt lat="50.93565" lon="5.09081">
    <ele>31.25</ele>
   </trkpt>
   <trkpt lat="50.93573000000001" lon="5.08995">
    <ele>32.080000000000005</ele>
   </trkpt>
   <trkpt lat="50.935990000000004" lon="5.088760000000001">
    <ele>32.68</ele>
   </trkpt>
   <trkpt lat="50.935930000000006" lon="5.08875">
    <ele>32.42</ele>
   </trkpt>
   <trkpt lat="50.93585" lon="5.08879">
    <ele>32.199999999999996</ele>
   </trkpt>
   <trkpt lat="50.93562000000001" lon="5.088970000000001">
    <ele>31.830000000000002</ele>
   </trkpt>
   <trkpt lat="50.93551" lon="5.088970000000001">
    <ele>31.75</ele>
   </trkpt>
   <trkpt lat="50.935430000000004" lon="5.088920000000001">
    <ele>31.75</ele>
   </trkpt>
   <trkpt lat="50.935390000000005" lon="5.08887">
    <ele>31.64</ele>
   </trkpt>
   <trkpt lat="50.935340000000004" lon="5.0887400000000005">
    <ele>31.64</ele>
   </trkpt>
   <trkpt lat="50.935140000000004" lon="5.08741">
    <ele>31.94</ele>
   </trkpt>
   <trkpt lat="50.93507" lon="5.08717">
    <ele>32.07</ele>
   </trkpt>
   <trkpt lat="50.93497000000001" lon="5.08704">
    <ele>32.07</ele>
   </trkpt>
   <trkpt lat="50.93484" lon="5.08696">
    <ele>32.07</ele>
   </trkpt>
   <trkpt lat="50.93469" lon="5.0869800000000005">
    <ele>32.010000000000005</ele>
   </trkpt>
   <trkpt lat="50.934055000164086" lon="5.087235003527382">
    <ele>31.540000000000006</ele>
   </trkpt>
   <trkpt lat="50.933420000000005" lon="5.087490000000001">
    <ele>31.020000000000003</ele>
   </trkpt>
   <trkpt lat="50.93321" lon="5.087610000000001">
    <ele>31.090000000000003</ele>
   </trkpt>
   <trkpt lat="50.93301" lon="5.08776">
    <ele>31.380000000000006</ele>
   </trkpt>
   <trkpt lat="50.93298000000001" lon="5.08762">
    <ele>30.770000000000003</ele>
   </trkpt>
   <trkpt lat="50.93293000319059" lon="5.086754998994009">
    <ele>30.430000000000003</ele>
   </trkpt>
   <trkpt lat="50.932880000000004" lon="5.08589">
    <ele>30.770000000000003</ele>
   </trkpt>
   <trkpt lat="50.93277000283909" lon="5.0850799983602375">
    <ele>31.17</ele>
   </trkpt>
   <trkpt lat="50.932660000000006" lon="5.08427">
    <ele>31.580000000000002</ele>
   </trkpt>
   <trkpt lat="50.93256" lon="5.0837900000000005">
    <ele>31.46</ele>
   </trkpt>
   <trkpt lat="50.93245" lon="5.0834">
    <ele>31.46</ele>
   </trkpt>
   <trkpt lat="50.93226000000001" lon="5.08295">
    <ele>31.360000000000007</ele>
   </trkpt>
   <trkpt lat="50.93215000000001" lon="5.08276">
    <ele>31.310000000000002</ele>
   </trkpt>
   <trkpt lat="50.93198" lon="5.082520000000001">
    <ele>31.330000000000002</ele>
   </trkpt>
   <trkpt lat="50.93177000000001" lon="5.08234">
    <ele>31.59</ele>
   </trkpt>
   <trkpt lat="50.93095500064504" lon="5.081944993068338">
    <ele>32.93</ele>
   </trkpt>
   <trkpt lat="50.93014" lon="5.08155">
    <ele>33.84</ele>
   </trkpt>
   <trkpt lat="50.92994" lon="5.0814200000000005">
    <ele>34.190000000000005</ele>
   </trkpt>
   <trkpt lat="50.92985" lon="5.081340000000001">
    <ele>34.28</ele>
   </trkpt>
   <trkpt lat="50.929640000000006" lon="5.08107">
    <ele>34.480000000000004</ele>
   </trkpt>
   <trkpt lat="50.92918" lon="5.08021">
    <ele>34.440000000000005</ele>
   </trkpt>
   <trkpt lat="50.92875" lon="5.07932">
    <ele>33.980000000000004</ele>
   </trkpt>
   <trkpt lat="50.92829500554547" lon="5.0781849890088155">
    <ele>32.580000000000005</ele>
   </trkpt>
   <trkpt lat="50.92784" lon="5.077050000000001">
    <ele>31.73</ele>
   </trkpt>
   <trkpt lat="50.92747000000001" lon="5.076160000000001">
    <ele>30.21</ele>
   </trkpt>
   <trkpt lat="50.927330000000005" lon="5.07589">
    <ele>29.790000000000003</ele>
   </trkpt>
   <trkpt lat="50.927170000000004" lon="5.075690000000001">
    <ele>29.650000000000002</ele>
   </trkpt>
   <trkpt lat="50.92701" lon="5.07554">
    <ele>29.67</ele>
   </trkpt>
   <trkpt lat="50.92638" lon="5.075170000000001">
    <ele>30.18</ele>
   </trkpt>
   <trkpt lat="50.926230000000004" lon="5.07507">
    <ele>30.2</ele>
   </trkpt>
   <trkpt lat="50.92609" lon="5.074940000000001">
    <ele>30.2</ele>
   </trkpt>
   <trkpt lat="50.92569" lon="5.07432">
    <ele>30.570000000000004</ele>
   </trkpt>
   <trkpt lat="50.92537" lon="5.0738900000000005">
    <ele>30.69</ele>
   </trkpt>
   <trkpt lat="50.92480667064258" lon="5.073203316641344">
    <ele>31.03</ele>
   </trkpt>
   <trkpt lat="50.92424333725804" lon="5.072516649912535">
    <ele>29.990000000000002</ele>
   </trkpt>
   <trkpt lat="50.923680000000004" lon="5.07183">
    <ele>29.550000000000004</ele>
   </trkpt>
   <trkpt lat="50.92352" lon="5.07167">
    <ele>28.580000000000002</ele>
   </trkpt>
   <trkpt lat="50.92304000056962" lon="5.071324996484687">
    <ele>28.200000000000003</ele>
   </trkpt>
   <trkpt lat="50.922560000000004" lon="5.0709800000000005">
    <ele>29.080000000000002</ele>
   </trkpt>
   <trkpt lat="50.922560000000004" lon="5.07099">
    <ele>29.080000000000002</ele>
   </trkpt>
   <trkpt lat="50.922920000000005" lon="5.0702300000000005">
    <ele>29.650000000000002</ele>
   </trkpt>
   <trkpt lat="50.92309" lon="5.069940000000001">
    <ele>30.97</ele>
   </trkpt>
   <trkpt lat="50.92365335025027" lon="5.069050053876387">
    <ele>32.81</ele>
   </trkpt>
   <trkpt lat="50.924216693736035" lon="5.068160086200152">
    <ele>34.440000000000005</ele>
   </trkpt>
   <trkpt lat="50.924780030457065" lon="5.067270096970598">
    <ele>39.07</ele>
   </trkpt>
   <trkpt lat="50.925343360413" lon="5.066380086187032">
    <ele>42.25</ele>
   </trkpt>
   <trkpt lat="50.92590668360356" lon="5.065490053848756">
    <ele>47.040000000000006</ele>
   </trkpt>
   <trkpt lat="50.92647" lon="5.0646">
    <ele>49.36</ele>
   </trkpt>
   <trkpt lat="50.92674" lon="5.0643">
    <ele>49.45</ele>
   </trkpt>
   <trkpt lat="50.9271" lon="5.064030000000001">
    <ele>49.330000000000005</ele>
   </trkpt>
   <trkpt lat="50.92762500046527" lon="5.063740003214359">
    <ele>48.410000000000004</ele>
   </trkpt>
   <trkpt lat="50.92815" lon="5.0634500000000005">
    <ele>47.900000000000006</ele>
   </trkpt>
   <trkpt lat="50.92796500197003" lon="5.062779997527794">
    <ele>48.040000000000006</ele>
   </trkpt>
   <trkpt lat="50.927780000000006" lon="5.0621100000000006">
    <ele>49.32</ele>
   </trkpt>
   <trkpt lat="50.92741" lon="5.06113">
    <ele>50.660000000000004</ele>
   </trkpt>
   <trkpt lat="50.92712" lon="5.06019">
    <ele>51.230000000000004</ele>
   </trkpt>
   <trkpt lat="50.92691000000001" lon="5.05944">
    <ele>51.32</ele>
   </trkpt>
   <trkpt lat="50.926730000000006" lon="5.05855">
    <ele>51.45</ele>
   </trkpt>
   <trkpt lat="50.92661000232504" lon="5.0578099980087">
    <ele>51.11</ele>
   </trkpt>
   <trkpt lat="50.92649" lon="5.05707">
    <ele>51.010000000000005</ele>
   </trkpt>
   <trkpt lat="50.92630500225859" lon="5.056344997171656">
    <ele>50.75</ele>
   </trkpt>
   <trkpt lat="50.926120000000004" lon="5.05562">
    <ele>50.980000000000004</ele>
   </trkpt>
   <trkpt lat="50.92595000000001" lon="5.054760000000001">
    <ele>51.9</ele>
   </trkpt>
   <trkpt lat="50.925810000000006" lon="5.0543000000000005">
    <ele>51.9</ele>
   </trkpt>
   <trkpt lat="50.925450000000005" lon="5.053470000000001">
    <ele>52.61</ele>
   </trkpt>
   <trkpt lat="50.92494000532505" lon="5.052354987811721">
    <ele>53.27</ele>
   </trkpt>
   <trkpt lat="50.92443" lon="5.051240000000001">
    <ele>54.06</ele>
   </trkpt>
   <trkpt lat="50.924200000000006" lon="5.05083">
    <ele>54.25000000000001</ele>
   </trkpt>
   <trkpt lat="50.924060000000004" lon="5.0507100000000005">
    <ele>54.35</ele>
   </trkpt>
   <trkpt lat="50.92398000000001" lon="5.050610000000001">
    <ele>54.330000000000005</ele>
   </trkpt>
   <trkpt lat="50.923930000000006" lon="5.050490000000001">
    <ele>54.330000000000005</ele>
   </trkpt>
   <trkpt lat="50.92379501686615" lon="5.049342489985041">
    <ele>54.86000000000001</ele>
   </trkpt>
   <trkpt lat="50.92366002248608" lon="5.048194986629101">
    <ele>55.71</ele>
   </trkpt>
   <trkpt lat="50.923525016859934" lon="5.047047489932663">
    <ele>56.14</ele>
   </trkpt>
   <trkpt lat="50.923390000000005" lon="5.0459000000000005">
    <ele>56.39</ele>
   </trkpt>
   <trkpt lat="50.923320000000004" lon="5.045680000000001">
    <ele>56.77000000000001</ele>
   </trkpt>
   <trkpt lat="50.923010000000005" lon="5.0450800000000005">
    <ele>57.5</ele>
   </trkpt>
   <trkpt lat="50.9228" lon="5.04474">
    <ele>57.980000000000004</ele>
   </trkpt>
   <trkpt lat="50.92226" lon="5.04394">
    <ele>58.82</ele>
   </trkpt>
   <trkpt lat="50.92215" lon="5.043690000000001">
    <ele>58.980000000000004</ele>
   </trkpt>
   <trkpt lat="50.92206" lon="5.043340000000001">
    <ele>58.93</ele>
   </trkpt>
   <trkpt lat="50.921890000000005" lon="5.04243">
    <ele>58.53</ele>
   </trkpt>
   <trkpt lat="50.921585006080285" lon="5.041234992095796">
    <ele>58.06000000000001</ele>
   </trkpt>
   <trkpt lat="50.92128" lon="5.04004">
    <ele>58.46</ele>
   </trkpt>
   <trkpt lat="50.92113500398005" lon="5.039069996722818">
    <ele>58.93</ele>
   </trkpt>
   <trkpt lat="50.92099" lon="5.0381">
    <ele>58.85000000000001</ele>
   </trkpt>
   <trkpt lat="50.92077000674644" lon="5.036839993851346">
    <ele>59.150000000000006</ele>
   </trkpt>
   <trkpt lat="50.920550000000006" lon="5.03558">
    <ele>59.260000000000005</ele>
   </trkpt>
   <trkpt lat="50.92047" lon="5.034770000000001">
    <ele>58.92000000000001</ele>
   </trkpt>
   <trkpt lat="50.92038" lon="5.0342400000000005">
    <ele>58.77</ele>
   </trkpt>
   <trkpt lat="50.92033000000001" lon="5.03408">
    <ele>58.77</ele>
   </trkpt>
   <trkpt lat="50.92016" lon="5.0337700000000005">
    <ele>58.650000000000006</ele>
   </trkpt>
   <trkpt lat="50.91989" lon="5.033460000000001">
    <ele>58.63</ele>
   </trkpt>
   <trkpt lat="50.91973" lon="5.03335">
    <ele>58.68</ele>
   </trkpt>
   <trkpt lat="50.91914500007847" lon="5.03318999798001">
    <ele>58.550000000000004</ele>
   </trkpt>
   <trkpt lat="50.91856000000001" lon="5.03303">
    <ele>58.5</ele>
   </trkpt>
   <trkpt lat="50.918440000000004" lon="5.03303">
    <ele>58.5</ele>
   </trkpt>
   <trkpt lat="50.91827000000001" lon="5.03307">
    <ele>58.330000000000005</ele>
   </trkpt>
   <trkpt lat="50.917910000000006" lon="5.033340000000001">
    <ele>58.28</ele>
   </trkpt>
   <trkpt lat="50.91747" lon="5.03263">
    <ele>57.970000000000006</ele>
   </trkpt>
   <trkpt lat="50.91729" lon="5.03246">
    <ele>57.96</ele>
   </trkpt>
   <trkpt lat="50.91689" lon="5.0322700000000005">
    <ele>58.64</ele>
   </trkpt>
   <trkpt lat="50.916830000000004" lon="5.0322000000000005">
    <ele>58.64</ele>
   </trkpt>
   <trkpt lat="50.91689" lon="5.032030000000001">
    <ele>58.64</ele>
   </trkpt>
   <trkpt lat="50.916940000000004" lon="5.03172">
    <ele>58.550000000000004</ele>
   </trkpt>
   <trkpt lat="50.91705000263957" lon="5.0309350017990075">
    <ele>57.32</ele>
   </trkpt>
   <trkpt lat="50.91716" lon="5.030150000000001">
    <ele>55.96</ele>
   </trkpt>
   <trkpt lat="50.91716" lon="5.02991">
    <ele>55.260000000000005</ele>
   </trkpt>
   <trkpt lat="50.917120000000004" lon="5.0295000000000005">
    <ele>54.82000000000001</ele>
   </trkpt>
   <trkpt lat="50.91704000000001" lon="5.029190000000001">
    <ele>54.03</ele>
   </trkpt>
   <trkpt lat="50.91658000525744" lon="5.028079989017172">
    <ele>50.830000000000005</ele>
   </trkpt>
   <trkpt lat="50.91612000000001" lon="5.02697">
    <ele>49.82</ele>
   </trkpt>
   <trkpt lat="50.91597" lon="5.02644">
    <ele>49.580000000000005</ele>
   </trkpt>
   <trkpt lat="50.915850000000006" lon="5.02583">
    <ele>49.42</ele>
   </trkpt>
   <trkpt lat="50.915800000000004" lon="5.025390000000001">
    <ele>49.220000000000006</ele>
   </trkpt>
   <trkpt lat="50.915750002320934" lon="5.024654999413694">
    <ele>49.06</ele>
   </trkpt>
   <trkpt lat="50.9157" lon="5.02392">
    <ele>49.150000000000006</ele>
   </trkpt>
   <trkpt lat="50.91555334646766" lon="5.022679992194724">
    <ele>49.290000000000006</ele>
   </trkpt>
   <trkpt lat="50.91540667980219" lon="5.021439992205092">
    <ele>49.21</ele>
   </trkpt>
   <trkpt lat="50.91526" lon="5.0202">
    <ele>49.0</ele>
   </trkpt>
   <trkpt lat="50.91515667770978" lon="5.019063328370121">
    <ele>49.36</ele>
   </trkpt>
   <trkpt lat="50.915053344384106" lon="5.017926661787726">
    <ele>51.120000000000005</ele>
   </trkpt>
   <trkpt lat="50.914950000000005" lon="5.01679">
    <ele>53.52</ele>
   </trkpt>
   <trkpt lat="50.914820000000006" lon="5.01581">
    <ele>55.11000000000001</ele>
   </trkpt>
   <trkpt lat="50.91464667694197" lon="5.014713325182099">
    <ele>57.040000000000006</ele>
   </trkpt>
   <trkpt lat="50.91447334361139" lon="5.013616658533051">
    <ele>56.71</ele>
   </trkpt>
   <trkpt lat="50.914300000000004" lon="5.01252">
    <ele>56.330000000000005</ele>
   </trkpt>
   <trkpt lat="50.914120000000004" lon="5.0116700000000005">
    <ele>56.71</ele>
   </trkpt>
   <trkpt lat="50.91379500648934" lon="5.010439991517427">
    <ele>57.690000000000005</ele>
   </trkpt>
   <trkpt lat="50.913470000000004" lon="5.00921">
    <ele>59.10000000000001</ele>
   </trkpt>
   <trkpt lat="50.91344" lon="5.00879">
    <ele>59.67000000000001</ele>
   </trkpt>
   <trkpt lat="50.91358334429843" lon="5.00765667369347">
    <ele>61.42</ele>
   </trkpt>
   <trkpt lat="50.91372667762599" lon="5.006523340405912">
    <ele>61.18000000000001</ele>
   </trkpt>
   <trkpt lat="50.91387" lon="5.00539">
    <ele>59.830000000000005</ele>
   </trkpt>
   <trkpt lat="50.913920000000005" lon="5.004770000000001">
    <ele>59.03000000000001</ele>
   </trkpt>
   <trkpt lat="50.913900000000005" lon="5.00433">
    <ele>57.93</ele>
   </trkpt>
   <trkpt lat="50.913850000000004" lon="5.00386">
    <ele>57.650000000000006</ele>
   </trkpt>
   <trkpt lat="50.91371" lon="5.00269">
    <ele>56.190000000000005</ele>
   </trkpt>
   <trkpt lat="50.91367" lon="5.0022400000000005">
    <ele>55.980000000000004</ele>
   </trkpt>
   <trkpt lat="50.91367" lon="5.001810000000001">
    <ele>55.74</ele>
   </trkpt>
   <trkpt lat="50.91369" lon="5.00136">
    <ele>55.24</ele>
   </trkpt>
   <trkpt lat="50.913790000000006" lon="5.0003">
    <ele>53.63</ele>
   </trkpt>
   <trkpt lat="50.91393502308968" lon="4.998957512561895">
    <ele>52.51</ele>
   </trkpt>
   <trkpt lat="50.9140800307854" lon="4.997615016757548">
    <ele>52.14000000000001</ele>
   </trkpt>
   <trkpt lat="50.91422502308698" lon="4.996272512587752">
    <ele>51.81</ele>
   </trkpt>
   <trkpt lat="50.914370000000005" lon="4.99493">
    <ele>50.910000000000004</ele>
   </trkpt>
   <trkpt lat="50.914480000000005" lon="4.994280000000001">
    <ele>50.64</ele>
   </trkpt>
   <trkpt lat="50.914550000000006" lon="4.994000000000001">
    <ele>50.56</ele>
   </trkpt>
   <trkpt lat="50.91481" lon="4.9932300000000005">
    <ele>50.04</ele>
   </trkpt>
   <trkpt lat="50.91496" lon="4.99288">
    <ele>49.82</ele>
   </trkpt>
   <trkpt lat="50.915240000000004" lon="4.99235">
    <ele>49.09</ele>
   </trkpt>
   <trkpt lat="50.91545000000001" lon="4.99204">
    <ele>48.53</ele>
   </trkpt>
   <trkpt lat="50.91613500320492" lon="4.991180012600729">
    <ele>47.39</ele>
   </trkpt>
   <trkpt lat="50.91682" lon="4.9903200000000005">
    <ele>46.230000000000004</ele>
   </trkpt>
   <trkpt lat="50.91707" lon="4.989920000000001">
    <ele>45.7</ele>
   </trkpt>
   <trkpt lat="50.91729" lon="4.989520000000001">
    <ele>45.49</ele>
   </trkpt>
   <trkpt lat="50.917460000000005" lon="4.9891700000000005">
    <ele>45.33</ele>
   </trkpt>
   <trkpt lat="50.91780000000001" lon="4.98827">
    <ele>45.4</ele>
   </trkpt>
   <trkpt lat="50.91796" lon="4.9876700000000005">
    <ele>45.68000000000001</ele>
   </trkpt>
   <trkpt lat="50.91808500223913" lon="4.986960001416737">
    <ele>45.53</ele>
   </trkpt>
   <trkpt lat="50.91821" lon="4.98625">
    <ele>45.35</ele>
   </trkpt>
   <trkpt lat="50.91828" lon="4.9859100000000005">
    <ele>44.86000000000001</ele>
   </trkpt>
   <trkpt lat="50.918380000000006" lon="4.985600000000001">
    <ele>44.410000000000004</ele>
   </trkpt>
   <trkpt lat="50.91875000881591" lon="4.984583349535014">
    <ele>42.160000000000004</ele>
   </trkpt>
   <trkpt lat="50.919120008803816" lon="4.983566682901841">
    <ele>40.88</ele>
   </trkpt>
   <trkpt lat="50.91949" lon="4.982550000000001">
    <ele>40.620000000000005</ele>
   </trkpt>
   <trkpt lat="50.91967" lon="4.98249">
    <ele>40.79</ele>
   </trkpt>
   <trkpt lat="50.91969" lon="4.9824">
    <ele>40.79</ele>
   </trkpt>
   <trkpt lat="50.91973" lon="4.98233">
    <ele>40.79</ele>
   </trkpt>
   <trkpt lat="50.919920000000005" lon="4.98216">
    <ele>40.81</ele>
   </trkpt>
   <trkpt lat="50.92074" lon="4.98177">
    <ele>41.79</ele>
   </trkpt>
   <trkpt lat="50.92049002746445" lon="4.980501972746066">
    <ele>42.56</ele>
   </trkpt>
   <trkpt lat="50.920240041196124" lon="4.9792339591171375">
    <ele>43.84</ele>
   </trkpt>
   <trkpt lat="50.91999004119526" lon="4.977965959113697">
    <ele>44.480000000000004</ele>
   </trkpt>
   <trkpt lat="50.91974002746217" lon="4.976697972736224">
    <ele>45.03</ele>
   </trkpt>
   <trkpt lat="50.91949" lon="4.97543">
    <ele>46.01</ele>
   </trkpt>
   <trkpt lat="50.91948000000001" lon="4.975420000000001">
    <ele>46.01</ele>
   </trkpt>
   <trkpt lat="50.91931" lon="4.97484">
    <ele>46.470000000000006</ele>
   </trkpt>
   <trkpt lat="50.91917" lon="4.974480000000001">
    <ele>46.64</ele>
   </trkpt>
   <trkpt lat="50.918910000000004" lon="4.97391">
    <ele>46.78</ele>
   </trkpt>
   <trkpt lat="50.91892000000001" lon="4.97391">
    <ele>45.74</ele>
   </trkpt>
   <trkpt lat="50.91841001221911" lon="4.9730639628996265">
    <ele>45.74</ele>
   </trkpt>
   <trkpt lat="50.917900018324836" lon="4.972217944344005">
    <ele>45.74</ele>
   </trkpt>
   <trkpt lat="50.9173900183174" lon="4.971371944332615">
    <ele>47.620000000000005</ele>
   </trkpt>
   <trkpt lat="50.91688001219707" lon="4.970525962864935">
    <ele>47.620000000000005</ele>
   </trkpt>
   <trkpt lat="50.91637000000001" lon="4.96968">
    <ele>47.620000000000005</ele>
   </trkpt>
   <trkpt lat="50.916380000000004" lon="4.969690000000001">
    <ele>47.61000000000001</ele>
   </trkpt>
   <trkpt lat="50.91637000000001" lon="4.96968">
    <ele>47.400000000000006</ele>
   </trkpt>
   <trkpt lat="50.91588" lon="4.96884">
    <ele>47.13</ele>
   </trkpt>
   <trkpt lat="50.91573" lon="4.9685500000000005">
    <ele>47.02</ele>
   </trkpt>
   <trkpt lat="50.91539" lon="4.967650000000001">
    <ele>46.82</ele>
   </trkpt>
   <trkpt lat="50.91539" lon="4.96766">
    <ele>46.75000000000001</ele>
   </trkpt>
   <trkpt lat="50.91506602290734" lon="4.9665019677518645">
    <ele>46.75000000000001</ele>
   </trkpt>
   <trkpt lat="50.914742034360614" lon="4.965343951627322">
    <ele>46.75000000000001</ele>
   </trkpt>
   <trkpt lat="50.91441803436014" lon="4.964185951626532">
    <ele>49.45</ele>
   </trkpt>
   <trkpt lat="50.91409402290623" lon="4.963027967749654">
    <ele>49.45</ele>
   </trkpt>
   <trkpt lat="50.91377000000001" lon="4.96187">
    <ele>49.45</ele>
   </trkpt>
   <trkpt lat="50.91378" lon="4.961880000000001">
    <ele>49.370000000000005</ele>
   </trkpt>
   <trkpt lat="50.91377000000001" lon="4.961880000000001">
    <ele>49.800000000000004</ele>
   </trkpt>
   <trkpt lat="50.913590000000006" lon="4.961200000000001">
    <ele>50.28</ele>
   </trkpt>
   <trkpt lat="50.91351" lon="4.960640000000001">
    <ele>51.25</ele>
   </trkpt>
   <trkpt lat="50.913450000000005" lon="4.95992">
    <ele>51.78000000000001</ele>
   </trkpt>
   <trkpt lat="50.913410000000006" lon="4.95967">
    <ele>51.78000000000001</ele>
   </trkpt>
   <trkpt lat="50.91329" lon="4.959320000000001">
    <ele>52.32000000000001</ele>
   </trkpt>
   <trkpt lat="50.91321000000001" lon="4.9591400000000005">
    <ele>52.32000000000001</ele>
   </trkpt>
   <trkpt lat="50.91275" lon="4.9584600000000005">
    <ele>53.720000000000006</ele>
   </trkpt>
   <trkpt lat="50.912440000000004" lon="4.95786">
    <ele>55.02</ele>
   </trkpt>
   <trkpt lat="50.9123" lon="4.957490000000001">
    <ele>55.370000000000005</ele>
   </trkpt>
   <trkpt lat="50.91195402290619" lon="4.956331965560395">
    <ele>57.95</ele>
   </trkpt>
   <trkpt lat="50.911608034358025" lon="4.955173948337365">
    <ele>59.25</ele>
   </trkpt>
   <trkpt lat="50.91126203435584" lon="4.954015948331013">
    <ele>61.11000000000001</ele>
   </trkpt>
   <trkpt lat="50.910916022899954" lon="4.952857965541442">
    <ele>61.75000000000001</ele>
   </trkpt>
   <trkpt lat="50.91057000000001" lon="4.951700000000001">
    <ele>62.88</ele>
   </trkpt>
   <trkpt lat="50.91031" lon="4.95171">
    <ele>62.31</ele>
   </trkpt>
   <trkpt lat="50.91008" lon="4.95169">
    <ele>62.1</ele>
   </trkpt>
   <trkpt lat="50.90986" lon="4.95162">
    <ele>61.67</ele>
   </trkpt>
   <trkpt lat="50.909650000000006" lon="4.951510000000001">
    <ele>61.480000000000004</ele>
   </trkpt>
   <trkpt lat="50.90946" lon="4.95136">
    <ele>61.27</ele>
   </trkpt>
   <trkpt lat="50.909220000000005" lon="4.9511">
    <ele>61.160000000000004</ele>
   </trkpt>
   <trkpt lat="50.90903" lon="4.950780000000001">
    <ele>60.89000000000001</ele>
   </trkpt>
   <trkpt lat="50.908546678890936" lon="4.949583308463753">
    <ele>58.690000000000005</ele>
   </trkpt>
   <trkpt lat="50.90806334554982" lon="4.948386641778296">
    <ele>56.870000000000005</ele>
   </trkpt>
   <trkpt lat="50.90758" lon="4.94719">
    <ele>56.260000000000005</ele>
   </trkpt>
   <trkpt lat="50.90713500493325" lon="4.946114989718115">
    <ele>56.27</ele>
   </trkpt>
   <trkpt lat="50.906690000000005" lon="4.9450400000000005">
    <ele>56.730000000000004</ele>
   </trkpt>
   <trkpt lat="50.90646" lon="4.944570000000001">
    <ele>56.720000000000006</ele>
   </trkpt>
   <trkpt lat="50.906200000000005" lon="4.94414">
    <ele>56.510000000000005</ele>
   </trkpt>
   <trkpt lat="50.905930000000005" lon="4.94376">
    <ele>56.510000000000005</ele>
   </trkpt>
   <trkpt lat="50.90545000162501" lon="4.943129993412265">
    <ele>56.17</ele>
   </trkpt>
   <trkpt lat="50.904970000000006" lon="4.942500000000001">
    <ele>56.18000000000001</ele>
   </trkpt>
   <trkpt lat="50.904610000000005" lon="4.941960000000001">
    <ele>56.28</ele>
   </trkpt>
   <trkpt lat="50.90438" lon="4.94158">
    <ele>56.370000000000005</ele>
   </trkpt>
   <trkpt lat="50.90382601825728" lon="4.940545950768378">
    <ele>56.790000000000006</ele>
   </trkpt>
   <trkpt lat="50.9032720273812" lon="4.939511926145147">
    <ele>57.46</ele>
   </trkpt>
   <trkpt lat="50.90271802737213" lon="4.93847792612964">
    <ele>58.5</ele>
   </trkpt>
   <trkpt lat="50.902164018230486" lon="4.937443950721192">
    <ele>59.93</ele>
   </trkpt>
   <trkpt lat="50.901610000000005" lon="4.93641">
    <ele>61.65</ele>
   </trkpt>
   <trkpt lat="50.901610000000005" lon="4.93642">
    <ele>62.44</ele>
   </trkpt>
   <trkpt lat="50.90112801554162" lon="4.935465960482641">
    <ele>62.44</ele>
   </trkpt>
   <trkpt lat="50.90064602330839" lon="4.934511940716995">
    <ele>62.44</ele>
   </trkpt>
   <trkpt lat="50.90016402330063" lon="4.93355794070263">
    <ele>68.87</ele>
   </trkpt>
   <trkpt lat="50.8996820155186" lon="4.93260396043912">
    <ele>68.87</ele>
   </trkpt>
   <trkpt lat="50.89920000000001" lon="4.93165">
    <ele>68.84000000000002</ele>
   </trkpt>
   <trkpt lat="50.89920000000001" lon="4.931660000000001">
    <ele>68.84000000000002</ele>
   </trkpt>
   <trkpt lat="50.89920000000001" lon="4.93165">
    <ele>68.59000000000002</ele>
   </trkpt>
   <trkpt lat="50.898970000000006" lon="4.93116">
    <ele>68.10000000000001</ele>
   </trkpt>
   <trkpt lat="50.89855000000001" lon="4.930160000000001">
    <ele>67.35000000000001</ele>
   </trkpt>
   <trkpt lat="50.898360000000004" lon="4.92966">
    <ele>67.2</ele>
   </trkpt>
   <trkpt lat="50.89786" lon="4.92872">
    <ele>67.52000000000001</ele>
   </trkpt>
   <trkpt lat="50.89754500180549" lon="4.928079995784553">
    <ele>68.09</ele>
   </trkpt>
   <trkpt lat="50.89723000000001" lon="4.927440000000001">
    <ele>69.0</ele>
   </trkpt>
   <trkpt lat="50.896865002843406" lon="4.926649994192724">
    <ele>69.59</ele>
   </trkpt>
   <trkpt lat="50.8965" lon="4.92586">
    <ele>71.57000000000001</ele>
   </trkpt>
   <trkpt lat="50.89616667372156" lon="4.92494998692058">
    <ele>72.8</ele>
   </trkpt>
   <trkpt lat="50.89583334036899" lon="4.924039986868275">
    <ele>73.28000000000002</ele>
   </trkpt>
   <trkpt lat="50.895500000000006" lon="4.9231300000000005">
    <ele>72.91</ele>
   </trkpt>
   <trkpt lat="50.89533" lon="4.92281">
    <ele>72.39000000000001</ele>
   </trkpt>
   <trkpt lat="50.895070000000004" lon="4.922490000000001">
    <ele>71.98</ele>
   </trkpt>
   <trkpt lat="50.894630000901806" lon="4.922034995719408">
    <ele>71.59</ele>
   </trkpt>
   <trkpt lat="50.89419" lon="4.9215800000000005">
    <ele>71.29</ele>
   </trkpt>
   <trkpt lat="50.894090000000006" lon="4.9215">
    <ele>71.26</ele>
   </trkpt>
   <trkpt lat="50.893480000555805" lon="4.921124995060877">
    <ele>71.26</ele>
   </trkpt>
   <trkpt lat="50.89287" lon="4.920750000000001">
    <ele>71.46000000000001</ele>
   </trkpt>
   <trkpt lat="50.89229000032218" lon="4.920424995880559">
    <ele>71.76</ele>
   </trkpt>
   <trkpt lat="50.89171" lon="4.920100000000001">
    <ele>71.64000000000001</ele>
   </trkpt>
   <trkpt lat="50.89155" lon="4.920000000000001">
    <ele>71.60000000000001</ele>
   </trkpt>
   <trkpt lat="50.89141000000001" lon="4.91988">
    <ele>71.60000000000001</ele>
   </trkpt>
   <trkpt lat="50.89119" lon="4.919580000000001">
    <ele>71.55</ele>
   </trkpt>
   <trkpt lat="50.89074000747451" lon="4.918646648700531">
    <ele>72.2</ele>
   </trkpt>
   <trkpt lat="50.89029000750717" lon="4.917713315435195">
    <ele>72.71000000000001</ele>
   </trkpt>
   <trkpt lat="50.88984000000001" lon="4.91678">
    <ele>73.14000000000001</ele>
   </trkpt>
   <trkpt lat="50.889520000000005" lon="4.91629">
    <ele>73.75000000000001</ele>
   </trkpt>
   <trkpt lat="50.88917000000001" lon="4.91589">
    <ele>75.03</ele>
   </trkpt>
   <trkpt lat="50.888420002399826" lon="4.915129987695292">
    <ele>76.73</ele>
   </trkpt>
   <trkpt lat="50.88767000000001" lon="4.914370000000001">
    <ele>78.91000000000001</ele>
   </trkpt>
   <trkpt lat="50.887510000000006" lon="4.9141900000000005">
    <ele>79.58000000000001</ele>
   </trkpt>
   <trkpt lat="50.88721" lon="4.91377">
    <ele>80.96000000000001</ele>
   </trkpt>
   <trkpt lat="50.88700000000001" lon="4.913390000000001">
    <ele>81.57000000000001</ele>
   </trkpt>
   <trkpt lat="50.886810000000004" lon="4.91295">
    <ele>83.30000000000001</ele>
   </trkpt>
   <trkpt lat="50.88641001109302" lon="4.91180998039578">
    <ele>86.9</ele>
   </trkpt>
   <trkpt lat="50.88601001108326" lon="4.910669980368328">
    <ele>90.13</ele>
   </trkpt>
   <trkpt lat="50.88561000000001" lon="4.90953">
    <ele>92.80000000000001</ele>
   </trkpt>
   <trkpt lat="50.88539" lon="4.909090000000001">
    <ele>94.30000000000001</ele>
   </trkpt>
   <trkpt lat="50.88514000000001" lon="4.908740000000001">
    <ele>95.04</ele>
   </trkpt>
   <trkpt lat="50.884840000000004" lon="4.908440000000001">
    <ele>95.30000000000001</ele>
   </trkpt>
   <trkpt lat="50.88467000000001" lon="4.90831">
    <ele>95.06</ele>
   </trkpt>
   <trkpt lat="50.884510000000006" lon="4.90822">
    <ele>94.86000000000001</ele>
   </trkpt>
   <trkpt lat="50.88414" lon="4.90805">
    <ele>93.81</ele>
   </trkpt>
   <trkpt lat="50.88389" lon="4.907970000000001">
    <ele>93.52000000000001</ele>
   </trkpt>
   <trkpt lat="50.883410000000005" lon="4.907780000000001">
    <ele>90.69</ele>
   </trkpt>
   <trkpt lat="50.88317000000001" lon="4.907590000000001">
    <ele>90.15</ele>
   </trkpt>
   <trkpt lat="50.882780000000004" lon="4.90714">
    <ele>88.69</ele>
   </trkpt>
   <trkpt lat="50.882560000000005" lon="4.90674">
    <ele>88.28000000000002</ele>
   </trkpt>
   <trkpt lat="50.882380000000005" lon="4.9061900000000005">
    <ele>88.34</ele>
   </trkpt>
   <trkpt lat="50.88208334820884" lon="4.904869983144004">
    <ele>89.35000000000001</ele>
   </trkpt>
   <trkpt lat="50.88178668153156" lon="4.903549983097168">
    <ele>90.44</ele>
   </trkpt>
   <trkpt lat="50.88149000000001" lon="4.90223">
    <ele>91.10000000000001</ele>
   </trkpt>
   <trkpt lat="50.8812450036911" lon="4.901299995096651">
    <ele>92.02</ele>
   </trkpt>
   <trkpt lat="50.88100000000001" lon="4.900370000000001">
    <ele>92.52</ele>
   </trkpt>
   <trkpt lat="50.880773341883994" lon="4.899369990302597">
    <ele>92.36000000000001</ele>
   </trkpt>
   <trkpt lat="50.88054667522449" lon="4.898369990334294">
    <ele>90.29</ele>
   </trkpt>
   <trkpt lat="50.880320000000005" lon="4.8973700000000004">
    <ele>87.60000000000001</ele>
   </trkpt>
   <trkpt lat="50.88024000000001" lon="4.897150000000001">
    <ele>87.06000000000002</ele>
   </trkpt>
   <trkpt lat="50.880030000000005" lon="4.89677">
    <ele>86.03</ele>
   </trkpt>
   <trkpt lat="50.87963500087513" lon="4.896309996067087">
    <ele>85.33</ele>
   </trkpt>
   <trkpt lat="50.87924" lon="4.89585">
    <ele>84.43</ele>
   </trkpt>
   <trkpt lat="50.87876000000001" lon="4.89508">
    <ele>83.96000000000001</ele>
   </trkpt>
   <trkpt lat="50.878620000000005" lon="4.89475">
    <ele>83.98000000000002</ele>
   </trkpt>
   <trkpt lat="50.87829000701811" lon="4.893846653999515">
    <ele>84.35000000000001</ele>
   </trkpt>
   <trkpt lat="50.877960007064445" lon="4.8929433207932265">
    <ele>85.13000000000001</ele>
   </trkpt>
   <trkpt lat="50.87763" lon="4.892040000000001">
    <ele>85.82000000000001</ele>
   </trkpt>
   <trkpt lat="50.87735000000001" lon="4.890770000000001">
    <ele>86.21000000000001</ele>
   </trkpt>
   <trkpt lat="50.87734334437241" lon="4.889633333111404">
    <ele>86.14</ele>
   </trkpt>
   <trkpt lat="50.87733667770636" lon="4.888496666547759">
    <ele>85.18</ele>
   </trkpt>
   <trkpt lat="50.87733" lon="4.88736">
    <ele>84.91000000000001</ele>
   </trkpt>
   <trkpt lat="50.877390000000005" lon="4.8867400000000005">
    <ele>85.21000000000001</ele>
   </trkpt>
   <trkpt lat="50.877590000000005" lon="4.88564">
    <ele>86.77000000000001</ele>
   </trkpt>
   <trkpt lat="50.877590000000005" lon="4.8855">
    <ele>86.77000000000001</ele>
   </trkpt>
   <trkpt lat="50.87754" lon="4.885070000000001">
    <ele>87.23</ele>
   </trkpt>
   <trkpt lat="50.877410000000005" lon="4.884720000000001">
    <ele>87.58</ele>
   </trkpt>
   <trkpt lat="50.87733" lon="4.884580000000001">
    <ele>87.81000000000002</ele>
   </trkpt>
   <trkpt lat="50.87688000000001" lon="4.8841">
    <ele>88.3</ele>
   </trkpt>
   <trkpt lat="50.876920000000005" lon="4.88398">
    <ele>88.3</ele>
   </trkpt>
   <trkpt lat="50.87661000000001" lon="4.8829400000000005">
    <ele>88.71000000000001</ele>
   </trkpt>
   <trkpt lat="50.87651" lon="4.8826600000000004">
    <ele>88.03000000000002</ele>
   </trkpt>
   <trkpt lat="50.87608" lon="4.8817">
    <ele>86.79</ele>
   </trkpt>
   <trkpt lat="50.876020000000004" lon="4.881430000000001">
    <ele>86.71000000000001</ele>
   </trkpt>
   <trkpt lat="50.875980000000006" lon="4.88105">
    <ele>86.87</ele>
   </trkpt>
   <trkpt lat="50.87628" lon="4.8807100000000005">
    <ele>86.3</ele>
   </trkpt>
   <trkpt lat="50.87697000000001" lon="4.8802">
    <ele>83.85000000000001</ele>
   </trkpt>
   <trkpt lat="50.87717000000001" lon="4.88009">
    <ele>83.57000000000001</ele>
   </trkpt>
   <trkpt lat="50.877810000000004" lon="4.879840000000001">
    <ele>82.01</ele>
   </trkpt>
   <trkpt lat="50.878030003850796" lon="4.878890004504464">
    <ele>78.23</ele>
   </trkpt>
   <trkpt lat="50.87825" lon="4.877940000000001">
    <ele>76.43</ele>
   </trkpt>
   <trkpt lat="50.87841" lon="4.87744">
    <ele>75.87</ele>
   </trkpt>
   <trkpt lat="50.8787" lon="4.876670000000001">
    <ele>75.83000000000001</ele>
   </trkpt>
   <trkpt lat="50.87902500177781" lon="4.876030004408373">
    <ele>76.97000000000001</ele>
   </trkpt>
   <trkpt lat="50.87935" lon="4.87539">
    <ele>77.59</ele>
   </trkpt>
   <trkpt lat="50.879470000000005" lon="4.8750800000000005">
    <ele>77.76</ele>
   </trkpt>
   <trkpt lat="50.87959000000001" lon="4.87452">
    <ele>77.61000000000001</ele>
   </trkpt>
   <trkpt lat="50.8796" lon="4.8742600000000005">
    <ele>77.58000000000001</ele>
   </trkpt>
   <trkpt lat="50.8796" lon="4.87401">
    <ele>77.32</ele>
   </trkpt>
   <trkpt lat="50.87952000000001" lon="4.87349">
    <ele>77.09</ele>
   </trkpt>
   <trkpt lat="50.879250000000006" lon="4.87262">
    <ele>78.38000000000001</ele>
   </trkpt>
   <trkpt lat="50.87919" lon="4.872190000000001">
    <ele>78.92999999999999</ele>
   </trkpt>
   <trkpt lat="50.87917" lon="4.87169">
    <ele>79.19000000000001</ele>
   </trkpt>
   <trkpt lat="50.879200000000004" lon="4.87129">
    <ele>79.12</ele>
   </trkpt>
   <trkpt lat="50.8793" lon="4.8708800000000005">
    <ele>78.11000000000001</ele>
   </trkpt>
   <trkpt lat="50.87944" lon="4.870430000000001">
    <ele>76.68</ele>
   </trkpt>
   <trkpt lat="50.87991" lon="4.8693100000000005">
    <ele>70.67000000000002</ele>
   </trkpt>
   <trkpt lat="50.88" lon="4.86904">
    <ele>69.38000000000001</ele>
   </trkpt>
   <trkpt lat="50.88017000000001" lon="4.86831">
    <ele>66.80000000000001</ele>
   </trkpt>
   <trkpt lat="50.88024000000001" lon="4.867900000000001">
    <ele>64.03999999999999</ele>
   </trkpt>
   <trkpt lat="50.88033000273788" lon="4.8671000015098835">
    <ele>61.13</ele>
   </trkpt>
   <trkpt lat="50.88042" lon="4.866300000000001">
    <ele>58.510000000000005</ele>
   </trkpt>
   <trkpt lat="50.88068500485538" lon="4.86523000622793">
    <ele>55.39</ele>
   </trkpt>
   <trkpt lat="50.880950000000006" lon="4.86416">
    <ele>53.77</ele>
   </trkpt>
   <trkpt lat="50.88103" lon="4.8637500000000005">
    <ele>53.21000000000001</ele>
   </trkpt>
   <trkpt lat="50.8811" lon="4.8631">
    <ele>52.980000000000004</ele>
   </trkpt>
   <trkpt lat="50.88111000000001" lon="4.862710000000001">
    <ele>52.83</ele>
   </trkpt>
   <trkpt lat="50.88111000000001" lon="4.862430000000001">
    <ele>52.63</ele>
   </trkpt>
   <trkpt lat="50.880990010399735" lon="4.86132666097849">
    <ele>52.27</ele>
   </trkpt>
   <trkpt lat="50.88087001039914" lon="4.86022332763981">
    <ele>52.09</ele>
   </trkpt>
   <trkpt lat="50.880750000000006" lon="4.859120000000001">
    <ele>51.300000000000004</ele>
   </trkpt>
   <trkpt lat="50.880750000000006" lon="4.858630000000001">
    <ele>51.300000000000004</ele>
   </trkpt>
   <trkpt lat="50.8808" lon="4.85815">
    <ele>51.11</ele>
   </trkpt>
   <trkpt lat="50.88091000000001" lon="4.857670000000001">
    <ele>51.18</ele>
   </trkpt>
   <trkpt lat="50.88107" lon="4.85721">
    <ele>51.36</ele>
   </trkpt>
   <trkpt lat="50.881190000000004" lon="4.856990000000001">
    <ele>51.620000000000005</ele>
   </trkpt>
   <trkpt lat="50.8816000019314" lon="4.8563200058730756">
    <ele>52.120000000000005</ele>
   </trkpt>
   <trkpt lat="50.88201" lon="4.855650000000001">
    <ele>52.6</ele>
   </trkpt>
   <trkpt lat="50.88245000219949" lon="4.854925006922111">
    <ele>52.74</ele>
   </trkpt>
   <trkpt lat="50.88289" lon="4.8542000000000005">
    <ele>52.14000000000001</ele>
   </trkpt>
   <trkpt lat="50.88321500120752" lon="4.853690003406195">
    <ele>50.95</ele>
   </trkpt>
   <trkpt lat="50.88354" lon="4.85318">
    <ele>50.28</ele>
   </trkpt>
   <trkpt lat="50.8838" lon="4.85266">
    <ele>48.81</ele>
   </trkpt>
   <trkpt lat="50.883900000000004" lon="4.85228">
    <ele>48.230000000000004</ele>
   </trkpt>
   <trkpt lat="50.88393000000001" lon="4.851850000000001">
    <ele>47.85</ele>
   </trkpt>
   <trkpt lat="50.88392" lon="4.851660000000001">
    <ele>47.77</ele>
   </trkpt>
   <trkpt lat="50.883860000000006" lon="4.851310000000001">
    <ele>47.440000000000005</ele>
   </trkpt>
   <trkpt lat="50.883615002269025" lon="4.850584996257774">
    <ele>46.55</ele>
   </trkpt>
   <trkpt lat="50.883370000000006" lon="4.8498600000000005">
    <ele>45.95</ele>
   </trkpt>
   <trkpt lat="50.88324" lon="4.8492500000000005">
    <ele>45.85</ele>
   </trkpt>
   <trkpt lat="50.88318" lon="4.84863">
    <ele>46.32000000000001</ele>
   </trkpt>
   <trkpt lat="50.883160000000004" lon="4.84722">
    <ele>47.53</ele>
   </trkpt>
   <trkpt lat="50.883140000000004" lon="4.84701">
    <ele>47.53</ele>
   </trkpt>
   <trkpt lat="50.883050000000004" lon="4.84663">
    <ele>48.77</ele>
   </trkpt>
   <trkpt lat="50.88261000428176" lon="4.845629990579242">
    <ele>50.72</ele>
   </trkpt>
   <trkpt lat="50.88217" lon="4.84463">
    <ele>53.22</ele>
   </trkpt>
   <trkpt lat="50.88192500285789" lon="4.843809995640027">
    <ele>55.410000000000004</ele>
   </trkpt>
   <trkpt lat="50.88168" lon="4.84299">
    <ele>58.61</ele>
   </trkpt>
   <trkpt lat="50.88163" lon="4.84276">
    <ele>59.93</ele>
   </trkpt>
   <trkpt lat="50.881640000000004" lon="4.8424000000000005">
    <ele>60.45</ele>
   </trkpt>
   <trkpt lat="50.88157" lon="4.842370000000001">
    <ele>60.050000000000004</ele>
   </trkpt>
   <trkpt lat="50.88154" lon="4.84238">
    <ele>60.050000000000004</ele>
   </trkpt>
   <trkpt lat="50.88152" lon="4.8422600000000005">
    <ele>60.46000000000001</ele>
   </trkpt>
   <trkpt lat="50.88157" lon="4.842210000000001">
    <ele>60.76</ele>
   </trkpt>
   <trkpt lat="50.88159" lon="4.8421">
    <ele>60.76</ele>
   </trkpt>
   <trkpt lat="50.88143" lon="4.84159">
    <ele>60.52</ele>
   </trkpt>
   <trkpt lat="50.881420000000006" lon="4.84135">
    <ele>60.38</ele>
   </trkpt>
   <trkpt lat="50.88147000000001" lon="4.8413200000000005">
    <ele>60.38</ele>
   </trkpt>
   <trkpt lat="50.88147000000001" lon="4.84119">
    <ele>60.99</ele>
   </trkpt>
   <trkpt lat="50.881510000000006" lon="4.841080000000001">
    <ele>60.99</ele>
   </trkpt>
   <trkpt lat="50.881040000000006" lon="4.84044">
    <ele>61.800000000000004</ele>
   </trkpt>
   <trkpt lat="50.88085" lon="4.8401000000000005">
    <ele>62.01</ele>
   </trkpt>
   <trkpt lat="50.88078" lon="4.83994">
    <ele>62.120000000000005</ele>
   </trkpt>
   <trkpt lat="50.880550001948144" lon="4.839259996563291">
    <ele>62.57</ele>
   </trkpt>
   <trkpt lat="50.880320000000005" lon="4.83858">
    <ele>63.74</ele>
   </trkpt>
   <trkpt lat="50.88024000000001" lon="4.83812">
    <ele>64.28999999999999</ele>
   </trkpt>
   <trkpt lat="50.880250000000004" lon="4.8376">
    <ele>65.19000000000001</ele>
   </trkpt>
   <trkpt lat="50.8803233409896" lon="4.83665333631551">
    <ele>69.51</ele>
   </trkpt>
   <trkpt lat="50.88039667432275" lon="4.835706669651101">
    <ele>70.18</ele>
   </trkpt>
   <trkpt lat="50.88047" lon="4.83476">
    <ele>72.31</ele>
   </trkpt>
   <trkpt lat="50.88022" lon="4.83471">
    <ele>68.67</ele>
   </trkpt>
   <trkpt lat="50.880140000000004" lon="4.83467">
    <ele>68.67</ele>
   </trkpt>
   <trkpt lat="50.87995" lon="4.83448">
    <ele>66.85000000000001</ele>
   </trkpt>
   <trkpt lat="50.8796" lon="4.83408">
    <ele>64.41000000000001</ele>
   </trkpt>
   <trkpt lat="50.879200000412375" lon="4.8337549971786045">
    <ele>62.6</ele>
   </trkpt>
   <trkpt lat="50.878800000000005" lon="4.833430000000001">
    <ele>61.660000000000004</ele>
   </trkpt>
   <trkpt lat="50.878190000000004" lon="4.83317">
    <ele>60.78000000000001</ele>
   </trkpt>
   <trkpt lat="50.877680000000005" lon="4.8329">
    <ele>60.510000000000005</ele>
   </trkpt>
   <trkpt lat="50.877410000000005" lon="4.83246">
    <ele>60.050000000000004</ele>
   </trkpt>
   <trkpt lat="50.8772" lon="4.832280000000001">
    <ele>60.050000000000004</ele>
   </trkpt>
   <trkpt lat="50.87670000000001" lon="4.83208">
    <ele>60.31</ele>
   </trkpt>
   <trkpt lat="50.87662" lon="4.83197">
    <ele>60.43000000000001</ele>
   </trkpt>
   <trkpt lat="50.87661000000001" lon="4.83173">
    <ele>60.32000000000001</ele>
   </trkpt>
   <trkpt lat="50.876740000000005" lon="4.831">
    <ele>60.22</ele>
   </trkpt>
   <trkpt lat="50.876760000000004" lon="4.830760000000001">
    <ele>60.230000000000004</ele>
   </trkpt>
   <trkpt lat="50.876720000000006" lon="4.82986">
    <ele>60.660000000000004</ele>
   </trkpt>
   <trkpt lat="50.87664" lon="4.82901">
    <ele>61.68000000000001</ele>
   </trkpt>
   <trkpt lat="50.87647500307936" lon="4.828164997157459">
    <ele>62.79</ele>
   </trkpt>
   <trkpt lat="50.876310000000004" lon="4.82732">
    <ele>63.80000000000001</ele>
   </trkpt>
   <trkpt lat="50.87617" lon="4.826420000000001">
    <ele>64.77000000000001</ele>
   </trkpt>
   <trkpt lat="50.87604" lon="4.82589">
    <ele>65.56</ele>
   </trkpt>
   <trkpt lat="50.8759" lon="4.82551">
    <ele>66.0</ele>
   </trkpt>
   <trkpt lat="50.875750000000004" lon="4.8251800000000005">
    <ele>66.63000000000001</ele>
   </trkpt>
   <trkpt lat="50.875640000000004" lon="4.824990000000001">
    <ele>66.63000000000001</ele>
   </trkpt>
   <trkpt lat="50.875330000000005" lon="4.824590000000001">
    <ele>67.72</ele>
   </trkpt>
   <trkpt lat="50.87523" lon="4.82443">
    <ele>68.91</ele>
   </trkpt>
   <trkpt lat="50.8751" lon="4.8241000000000005">
    <ele>69.4</ele>
   </trkpt>
   <trkpt lat="50.875040000000006" lon="4.823180000000001">
    <ele>70.28</ele>
   </trkpt>
   <trkpt lat="50.87505" lon="4.82275">
    <ele>70.68</ele>
   </trkpt>
   <trkpt lat="50.87534" lon="4.822220000000001">
    <ele>72.29</ele>
   </trkpt>
   <trkpt lat="50.87539" lon="4.822050000000001">
    <ele>72.29</ele>
   </trkpt>
   <trkpt lat="50.875400000000006" lon="4.82185">
    <ele>72.29</ele>
   </trkpt>
   <trkpt lat="50.87536000000001" lon="4.82167">
    <ele>72.29</ele>
   </trkpt>
   <trkpt lat="50.87503000618306" lon="4.820464991395137">
    <ele>74.59</ele>
   </trkpt>
   <trkpt lat="50.874700000000004" lon="4.819260000000001">
    <ele>77.82</ele>
   </trkpt>
   <trkpt lat="50.874570000000006" lon="4.818910000000001">
    <ele>79.17999999999999</ele>
   </trkpt>
   <trkpt lat="50.87438" lon="4.818490000000001">
    <ele>80.47</ele>
   </trkpt>
   <trkpt lat="50.87377500352518" lon="4.817574988044674">
    <ele>84.46000000000001</ele>
   </trkpt>
   <trkpt lat="50.87317" lon="4.816660000000001">
    <ele>86.72</ele>
   </trkpt>
   <trkpt lat="50.87301" lon="4.81637">
    <ele>86.86</ele>
   </trkpt>
   <trkpt lat="50.872725001844614" lon="4.815704995829702">
    <ele>87.51</ele>
   </trkpt>
   <trkpt lat="50.872440000000005" lon="4.815040000000001">
    <ele>88.04</ele>
   </trkpt>
   <trkpt lat="50.87220000000001" lon="4.81456">
    <ele>88.75000000000001</ele>
   </trkpt>
   <trkpt lat="50.872040000000005" lon="4.8144100000000005">
    <ele>89.01</ele>
   </trkpt>
   <trkpt lat="50.87192" lon="4.81426">
    <ele>89.2</ele>
   </trkpt>
   <trkpt lat="50.871840000000006" lon="4.814030000000001">
    <ele>89.33</ele>
   </trkpt>
   <trkpt lat="50.87179334755009" lon="4.812739997380954">
    <ele>92.12</ele>
   </trkpt>
   <trkpt lat="50.87174668088209" lon="4.811449997344662">
    <ele>97.68</ele>
   </trkpt>
   <trkpt lat="50.871700000000004" lon="4.810160000000001">
    <ele>101.16000000000001</ele>
   </trkpt>
   <trkpt lat="50.87178" lon="4.80972">
    <ele>101.78</ele>
   </trkpt>
   <trkpt lat="50.87201" lon="4.8089200000000005">
    <ele>102.35000000000001</ele>
   </trkpt>
   <trkpt lat="50.872220000000006" lon="4.80792">
    <ele>102.65</ele>
   </trkpt>
   <trkpt lat="50.872440008147905" lon="4.806943342562087">
    <ele>102.77000000000001</ele>
   </trkpt>
   <trkpt lat="50.87266000814599" lon="4.80596667590404">
    <ele>103.03000000000002</ele>
   </trkpt>
   <trkpt lat="50.87288" lon="4.80499">
    <ele>103.48</ele>
   </trkpt>
   <trkpt lat="50.87299" lon="4.8049800000000005">
    <ele>103.52000000000001</ele>
   </trkpt>
   <trkpt lat="50.873000000000005" lon="4.80475">
    <ele>103.52000000000001</ele>
   </trkpt>
   <trkpt lat="50.87291000673229" lon="4.803494997630243">
    <ele>103.67000000000002</ele>
   </trkpt>
   <trkpt lat="50.872820000000004" lon="4.80224">
    <ele>104.14000000000001</ele>
   </trkpt>
   <trkpt lat="50.87276334336154" lon="4.801156664050506">
    <ele>103.69</ele>
   </trkpt>
   <trkpt lat="50.87270667669579" lon="4.800073330735031">
    <ele>102.94</ele>
   </trkpt>
   <trkpt lat="50.87265000000001" lon="4.798990000000001">
    <ele>101.0</ele>
   </trkpt>
   <trkpt lat="50.872500002112886" lon="4.798279997522752">
    <ele>100.03</ele>
   </trkpt>
   <trkpt lat="50.872350000000004" lon="4.79757">
    <ele>99.39</ele>
   </trkpt>
   <trkpt lat="50.87215500562436" lon="4.796424995348661">
    <ele>99.65</ele>
   </trkpt>
   <trkpt lat="50.87196" lon="4.79528">
    <ele>101.02000000000001</ele>
   </trkpt>
   <trkpt lat="50.87207" lon="4.7952">
    <ele>100.94</ele>
   </trkpt>
   <trkpt lat="50.872510000000005" lon="4.79481">
    <ele>101.08</ele>
   </trkpt>
   <trkpt lat="50.87265000000001" lon="4.79471">
    <ele>101.08</ele>
   </trkpt>
   <trkpt lat="50.87332666784443" lon="4.794340010739264">
    <ele>100.4</ele>
   </trkpt>
   <trkpt lat="50.87400333451923" lon="4.793970010735012">
    <ele>99.7</ele>
   </trkpt>
   <trkpt lat="50.874680000000005" lon="4.7936000000000005">
    <ele>98.87</ele>
   </trkpt>
   <trkpt lat="50.874860000000005" lon="4.79352">
    <ele>98.11</ele>
   </trkpt>
   <trkpt lat="50.87512" lon="4.79344">
    <ele>98.11</ele>
   </trkpt>
   <trkpt lat="50.8753" lon="4.793430000000001">
    <ele>97.91000000000001</ele>
   </trkpt>
   <trkpt lat="50.87577" lon="4.7934600000000005">
    <ele>97.66000000000001</ele>
   </trkpt>
   <trkpt lat="50.875960000000006" lon="4.79351">
    <ele>97.52000000000001</ele>
   </trkpt>
   <trkpt lat="50.87614000000001" lon="4.79358">
    <ele>97.42</ele>
   </trkpt>
   <trkpt lat="50.876340000000006" lon="4.793690000000001">
    <ele>97.28</ele>
   </trkpt>
   <trkpt lat="50.87664" lon="4.79392">
    <ele>97.26</ele>
   </trkpt>
   <trkpt lat="50.877403342675045" lon="4.79458161246635">
    <ele>97.35000000000001</ele>
   </trkpt>
   <trkpt lat="50.878166681610146" lon="4.795243246608154">
    <ele>96.89</ele>
   </trkpt>
   <trkpt lat="50.87893001680508" lon="4.795904902426607">
    <ele>94.87</ele>
   </trkpt>
   <trkpt lat="50.87969334825965" lon="4.796566579922905">
    <ele>92.43</ele>
   </trkpt>
   <trkpt lat="50.880456675973605" lon="4.797228279098238">
    <ele>90.88</ele>
   </trkpt>
   <trkpt lat="50.881220000000006" lon="4.797890000000001">
    <ele>89.04</ele>
   </trkpt>
   <trkpt lat="50.881350000000005" lon="4.797960000000001">
    <ele>88.74000000000001</ele>
   </trkpt>
   <trkpt lat="50.881550000000004" lon="4.79793">
    <ele>88.0</ele>
   </trkpt>
   <trkpt lat="50.881660000000004" lon="4.79786">
    <ele>88.0</ele>
   </trkpt>
   <trkpt lat="50.88238000264052" lon="4.797080012008385">
    <ele>85.63000000000001</ele>
   </trkpt>
   <trkpt lat="50.883100000000006" lon="4.7963000000000005">
    <ele>83.49000000000001</ele>
   </trkpt>
   <trkpt lat="50.88327" lon="4.79617">
    <ele>82.58</ele>
   </trkpt>
   <trkpt lat="50.88345" lon="4.79612">
    <ele>81.88000000000001</ele>
   </trkpt>
   <trkpt lat="50.88425" lon="4.796010000000001">
    <ele>79.55000000000001</ele>
   </trkpt>
   <trkpt lat="50.88436" lon="4.79598">
    <ele>78.16000000000001</ele>
   </trkpt>
   <trkpt lat="50.884510000000006" lon="4.79588">
    <ele>77.63000000000001</ele>
   </trkpt>
   <trkpt lat="50.885146005490355" lon="4.795314030892773">
    <ele>77.63000000000001</ele>
   </trkpt>
   <trkpt lat="50.88578200824407" lon="4.794748046332382">
    <ele>77.63000000000001</ele>
   </trkpt>
   <trkpt lat="50.88641800826103" lon="4.794182046318119">
    <ele>69.04</ele>
   </trkpt>
   <trkpt lat="50.887054005541074" lon="4.79361603084928">
    <ele>69.04</ele>
   </trkpt>
   <trkpt lat="50.887690000000006" lon="4.79305">
    <ele>69.95000000000002</ele>
   </trkpt>
   <trkpt lat="50.888000000000005" lon="4.79288">
    <ele>67.89</ele>
   </trkpt>
   <trkpt lat="50.888656666723776" lon="4.79278000282373">
    <ele>65.01</ele>
   </trkpt>
   <trkpt lat="50.88931333336214" lon="4.792680002828091">
    <ele>61.85</ele>
   </trkpt>
   <trkpt lat="50.889970000000005" lon="4.79258">
    <ele>59.46000000000001</ele>
   </trkpt>
   <trkpt lat="50.890060000000005" lon="4.79255">
    <ele>59.46000000000001</ele>
   </trkpt>
   <trkpt lat="50.89020000000001" lon="4.7924500000000005">
    <ele>59.260000000000005</ele>
   </trkpt>
   <trkpt lat="50.89038000000001" lon="4.79227">
    <ele>59.21000000000001</ele>
   </trkpt>
   <trkpt lat="50.890530000000005" lon="4.791980000000001">
    <ele>59.24000000000001</ele>
   </trkpt>
   <trkpt lat="50.890780001661746" lon="4.791380002922688">
    <ele>59.61</ele>
   </trkpt>
   <trkpt lat="50.89103" lon="4.790780000000001">
    <ele>60.13</ele>
   </trkpt>
   <trkpt lat="50.89112" lon="4.79054">
    <ele>60.300000000000004</ele>
   </trkpt>
   <trkpt lat="50.891180000000006" lon="4.79046">
    <ele>60.57000000000001</ele>
   </trkpt>
   <trkpt lat="50.89124" lon="4.79042">
    <ele>60.57000000000001</ele>
   </trkpt>
   <trkpt lat="50.891290000000005" lon="4.7904100000000005">
    <ele>60.57000000000001</ele>
   </trkpt>
   <trkpt lat="50.89126" lon="4.790050000000001">
    <ele>59.910000000000004</ele>
   </trkpt>
   <trkpt lat="50.89132000000001" lon="4.79002">
    <ele>59.800000000000004</ele>
   </trkpt>
   <trkpt lat="50.89143000000001" lon="4.78986">
    <ele>59.56</ele>
   </trkpt>
   <trkpt lat="50.8917050015073" lon="4.789250003783638">
    <ele>58.620000000000005</ele>
   </trkpt>
   <trkpt lat="50.891980000000004" lon="4.78864">
    <ele>55.7</ele>
   </trkpt>
   <trkpt lat="50.89204" lon="4.7883700000000005">
    <ele>54.1</ele>
   </trkpt>
   <trkpt lat="50.89224000773964" lon="4.787025005690448">
    <ele>50.78</ele>
   </trkpt>
   <trkpt lat="50.89244000000001" lon="4.78568">
    <ele>46.95</ele>
   </trkpt>
   <trkpt lat="50.89246000000001" lon="4.78519">
    <ele>46.05</ele>
   </trkpt>
   <trkpt lat="50.892430000000004" lon="4.78493">
    <ele>46.05</ele>
   </trkpt>
   <trkpt lat="50.89226000356048" lon="4.784019996803602">
    <ele>44.85</ele>
   </trkpt>
   <trkpt lat="50.89209" lon="4.783110000000001">
    <ele>44.63</ele>
   </trkpt>
   <trkpt lat="50.89201500407144" lon="4.78213499857253">
    <ele>44.54</ele>
   </trkpt>
   <trkpt lat="50.891940000000005" lon="4.781160000000001">
    <ele>44.74</ele>
   </trkpt>
   <trkpt lat="50.891795006986044" lon="4.779879995907722">
    <ele>45.2</ele>
   </trkpt>
   <trkpt lat="50.891650000000006" lon="4.7786">
    <ele>44.980000000000004</ele>
   </trkpt>
   <trkpt lat="50.891540000000006" lon="4.77747">
    <ele>44.64000000000001</ele>
   </trkpt>
   <trkpt lat="50.89181000000001" lon="4.77716">
    <ele>44.28000000000001</ele>
   </trkpt>
   <trkpt lat="50.89209" lon="4.77672">
    <ele>43.36</ele>
   </trkpt>
   <trkpt lat="50.892500000000005" lon="4.7758400000000005">
    <ele>41.28</ele>
   </trkpt>
   <trkpt lat="50.89275000000001" lon="4.77528">
    <ele>40.56</ele>
   </trkpt>
   <trkpt lat="50.893035002415616" lon="4.774530004555245">
    <ele>39.99</ele>
   </trkpt>
   <trkpt lat="50.89332" lon="4.77378">
    <ele>39.57</ele>
   </trkpt>
   <trkpt lat="50.89366334155856" lon="4.772800014389188">
    <ele>38.85</ele>
   </trkpt>
   <trkpt lat="50.89400667491288" lon="4.771820014329473">
    <ele>38.38</ele>
   </trkpt>
   <trkpt lat="50.89435" lon="4.770840000000001">
    <ele>37.970000000000006</ele>
   </trkpt>
   <trkpt lat="50.894650002451556" lon="4.770085004821124">
    <ele>37.58</ele>
   </trkpt>
   <trkpt lat="50.89495" lon="4.76933">
    <ele>37.13</ele>
   </trkpt>
   <trkpt lat="50.89502" lon="4.76909">
    <ele>37.06</ele>
   </trkpt>
   <trkpt lat="50.89506" lon="4.76867">
    <ele>37.02</ele>
   </trkpt>
   <trkpt lat="50.89506" lon="4.768490000000001">
    <ele>37.00000000000001</ele>
   </trkpt>
   <trkpt lat="50.895030000000006" lon="4.76837">
    <ele>37.00000000000001</ele>
   </trkpt>
   <trkpt lat="50.895320000000005" lon="4.768070000000001">
    <ele>37.21</ele>
   </trkpt>
   <trkpt lat="50.89551" lon="4.76776">
    <ele>37.62</ele>
   </trkpt>
   <trkpt lat="50.89558" lon="4.767880000000001">
    <ele>38.12</ele>
   </trkpt>
   <trkpt lat="50.89566000000001" lon="4.767930000000001">
    <ele>38.220000000000006</ele>
   </trkpt>
   <trkpt lat="50.895790000000005" lon="4.7679100000000005">
    <ele>38.35</ele>
   </trkpt>
   <trkpt lat="50.89585" lon="4.76789">
    <ele>38.35</ele>
   </trkpt>
   <trkpt lat="50.896" lon="4.76778">
    <ele>40.480000000000004</ele>
   </trkpt>
   <trkpt lat="50.89663" lon="4.7670900000000005">
    <ele>43.13</ele>
   </trkpt>
   <trkpt lat="50.8967" lon="4.767040000000001">
    <ele>43.02</ele>
   </trkpt>
   <trkpt lat="50.89652334340784" lon="4.765953325009686">
    <ele>41.050000000000004</ele>
   </trkpt>
   <trkpt lat="50.89634667672832" lon="4.764866658264083">
    <ele>38.470000000000006</ele>
   </trkpt>
   <trkpt lat="50.896170000000005" lon="4.763780000000001">
    <ele>37.64</ele>
   </trkpt>
   <trkpt lat="50.895900000000005" lon="4.76245">
    <ele>36.45</ele>
   </trkpt>
   <trkpt lat="50.895810000000004" lon="4.76222">
    <ele>36.25000000000001</ele>
   </trkpt>
   <trkpt lat="50.8958" lon="4.762090000000001">
    <ele>36.21000000000001</ele>
   </trkpt>
   <trkpt lat="50.895770000000006" lon="4.762040000000001">
    <ele>36.21000000000001</ele>
   </trkpt>
   <trkpt lat="50.89576" lon="4.761950000000001">
    <ele>36.21000000000001</ele>
   </trkpt>
   <trkpt lat="50.895720000000004" lon="4.76191">
    <ele>35.800000000000004</ele>
   </trkpt>
   <trkpt lat="50.89567" lon="4.761690000000001">
    <ele>35.550000000000004</ele>
   </trkpt>
   <trkpt lat="50.89533000712566" lon="4.760776653329774">
    <ele>34.32</ele>
   </trkpt>
   <trkpt lat="50.89499000712522" lon="4.759863319995481">
    <ele>33.49</ele>
   </trkpt>
   <trkpt lat="50.894650000000006" lon="4.7589500000000005">
    <ele>31.71</ele>
   </trkpt>
   <trkpt lat="50.89444000204588" lon="4.758249996686785">
    <ele>31.1</ele>
   </trkpt>
   <trkpt lat="50.89423000000001" lon="4.75755">
    <ele>30.88</ele>
   </trkpt>
   <trkpt lat="50.8939" lon="4.75633">
    <ele>30.69</ele>
   </trkpt>
   <trkpt lat="50.89376000000001" lon="4.75572">
    <ele>30.470000000000002</ele>
   </trkpt>
   <trkpt lat="50.8937" lon="4.7553">
    <ele>30.38</ele>
   </trkpt>
   <trkpt lat="50.89365" lon="4.754630000000001">
    <ele>30.09</ele>
   </trkpt>
   <trkpt lat="50.89369000000001" lon="4.75351">
    <ele>29.5</ele>
   </trkpt>
   <trkpt lat="50.893780004683165" lon="4.752465001801272">
    <ele>29.150000000000002</ele>
   </trkpt>
   <trkpt lat="50.89387000000001" lon="4.75142">
    <ele>29.280000000000005</ele>
   </trkpt>
   <trkpt lat="50.894000000000005" lon="4.750570000000001">
    <ele>29.51</ele>
   </trkpt>
   <trkpt lat="50.89441000000001" lon="4.749350000000001">
    <ele>30.680000000000003</ele>
   </trkpt>
   <trkpt lat="50.894400000000005" lon="4.7491900000000005">
    <ele>30.680000000000003</ele>
   </trkpt>
   <trkpt lat="50.894490000000005" lon="4.749110000000001">
    <ele>30.92</ele>
   </trkpt>
   <trkpt lat="50.89453" lon="4.74896">
    <ele>30.990000000000002</ele>
   </trkpt>
   <trkpt lat="50.8945" lon="4.74894">
    <ele>30.94</ele>
   </trkpt>
   <trkpt lat="50.894760000000005" lon="4.747610000000001">
    <ele>31.880000000000006</ele>
   </trkpt>
   <trkpt lat="50.894890000000004" lon="4.74701">
    <ele>32.75</ele>
   </trkpt>
   <trkpt lat="50.89518" lon="4.74613">
    <ele>33.410000000000004</ele>
   </trkpt>
   <trkpt lat="50.895480000000006" lon="4.745410000000001">
    <ele>34.17</ele>
   </trkpt>
   <trkpt lat="50.89551" lon="4.74544">
    <ele>34.17</ele>
   </trkpt>
   <trkpt lat="50.8958450028076" lon="4.7446300058140665">
    <ele>36.01</ele>
   </trkpt>
   <trkpt lat="50.89618" lon="4.74382">
    <ele>37.52</ele>
   </trkpt>
   <trkpt lat="50.896350000000005" lon="4.74329">
    <ele>38.07</ele>
   </trkpt>
   <trkpt lat="50.89649000000001" lon="4.74274">
    <ele>38.46</ele>
   </trkpt>
   <trkpt lat="50.896550000000005" lon="4.74228">
    <ele>38.43000000000001</ele>
   </trkpt>
   <trkpt lat="50.89659" lon="4.7418000000000005">
    <ele>37.81</ele>
   </trkpt>
   <trkpt lat="50.896570000000004" lon="4.741140000000001">
    <ele>37.53</ele>
   </trkpt>
   <trkpt lat="50.896510000000006" lon="4.7405100000000004">
    <ele>36.660000000000004</ele>
   </trkpt>
   <trkpt lat="50.8965" lon="4.7401">
    <ele>36.75000000000001</ele>
   </trkpt>
   <trkpt lat="50.896550000000005" lon="4.7401">
    <ele>36.75000000000001</ele>
   </trkpt>
   <trkpt lat="50.89665001334871" lon="4.738850005353804">
    <ele>35.89000000000001</ele>
   </trkpt>
   <trkpt lat="50.89675001334994" lon="4.737600005338834">
    <ele>34.74</ele>
   </trkpt>
   <trkpt lat="50.89685000000001" lon="4.736350000000001">
    <ele>34.4</ele>
   </trkpt>
   <trkpt lat="50.8969" lon="4.7361">
    <ele>34.4</ele>
   </trkpt>
   <trkpt lat="50.89687000000001" lon="4.73606">
    <ele>34.4</ele>
   </trkpt>
   <trkpt lat="50.896910000000005" lon="4.73583">
    <ele>34.93</ele>
   </trkpt>
   <trkpt lat="50.89706" lon="4.73536">
    <ele>35.230000000000004</ele>
   </trkpt>
   <trkpt lat="50.897380000000005" lon="4.73467">
    <ele>34.510000000000005</ele>
   </trkpt>
   <trkpt lat="50.897690000000004" lon="4.7342200000000005">
    <ele>31.46</ele>
   </trkpt>
   <trkpt lat="50.898070000000004" lon="4.73383">
    <ele>31.000000000000004</ele>
   </trkpt>
   <trkpt lat="50.898320000000005" lon="4.73355">
    <ele>29.490000000000002</ele>
   </trkpt>
   <trkpt lat="50.898450000000004" lon="4.73329">
    <ele>29.05</ele>
   </trkpt>
   <trkpt lat="50.89857000000001" lon="4.732830000000001">
    <ele>28.0</ele>
   </trkpt>
   <trkpt lat="50.899145001496066" lon="4.733429992547561">
    <ele>27.900000000000002</ele>
   </trkpt>
   <trkpt lat="50.89972" lon="4.734030000000001">
    <ele>27.82</ele>
   </trkpt>
   <trkpt lat="50.89978000000001" lon="4.73392">
    <ele>27.19</ele>
   </trkpt>
   <trkpt lat="50.90043000000001" lon="4.7331">
    <ele>25.300000000000004</ele>
   </trkpt>
   <trkpt lat="50.9011050081334" lon="4.732302534703095">
    <ele>24.21</ele>
   </trkpt>
   <trkpt lat="50.90178001083424" lon="4.731505046283872">
    <ele>23.430000000000003</ele>
   </trkpt>
   <trkpt lat="50.902455008102244" lon="4.730707534741292">
    <ele>24.220000000000002</ele>
   </trkpt>
   <trkpt lat="50.903130000000004" lon="4.72991">
    <ele>26.950000000000003</ele>
   </trkpt>
   <trkpt lat="50.903290000000005" lon="4.72979">
    <ele>27.110000000000003</ele>
   </trkpt>
   <trkpt lat="50.90312000556408" lon="4.728649995927715">
    <ele>28.360000000000003</ele>
   </trkpt>
   <trkpt lat="50.902950000000004" lon="4.7275100000000005">
    <ele>30.1</ele>
   </trkpt>
   <trkpt lat="50.90289500406609" lon="4.726534998953472">
    <ele>28.430000000000003</ele>
   </trkpt>
   <trkpt lat="50.902840000000005" lon="4.725560000000001">
    <ele>26.240000000000002</ele>
   </trkpt>
   <trkpt lat="50.90283" lon="4.724740000000001">
    <ele>24.98</ele>
   </trkpt>
   <trkpt lat="50.902950000000004" lon="4.724130000000001">
    <ele>24.5</ele>
   </trkpt>
   <trkpt lat="50.90303" lon="4.72405">
    <ele>24.42</ele>
   </trkpt>
   <trkpt lat="50.90328" lon="4.723730000000001">
    <ele>24.35</ele>
   </trkpt>
   <trkpt lat="50.90343000000001" lon="4.72351">
    <ele>24.310000000000002</ele>
   </trkpt>
   <trkpt lat="50.904070000000004" lon="4.722670000000001">
    <ele>23.46</ele>
   </trkpt>
   <trkpt lat="50.904210000000006" lon="4.722440000000001">
    <ele>23.360000000000003</ele>
   </trkpt>
   <trkpt lat="50.90428000000001" lon="4.722300000000001">
    <ele>23.35</ele>
   </trkpt>
   <trkpt lat="50.9042" lon="4.72222">
    <ele>22.840000000000003</ele>
   </trkpt>
   <trkpt lat="50.90386" lon="4.72163">
    <ele>21.86</ele>
   </trkpt>
   <trkpt lat="50.90382" lon="4.721520000000001">
    <ele>21.71</ele>
   </trkpt>
   <trkpt lat="50.90341" lon="4.720280000000001">
    <ele>19.6</ele>
   </trkpt>
   <trkpt lat="50.90334000000001" lon="4.7201">
    <ele>19.62</ele>
   </trkpt>
   <trkpt lat="50.90335" lon="4.719880000000001">
    <ele>19.810000000000002</ele>
   </trkpt>
   <trkpt lat="50.90341" lon="4.71992">
    <ele>19.860000000000003</ele>
   </trkpt>
   <trkpt lat="50.90344" lon="4.71985">
    <ele>19.860000000000003</ele>
   </trkpt>
   <trkpt lat="50.903560000000006" lon="4.71976">
    <ele>20.290000000000003</ele>
   </trkpt>
   <trkpt lat="50.90364" lon="4.7197700000000005">
    <ele>20.42</ele>
   </trkpt>
   <trkpt lat="50.903650000000006" lon="4.719690000000001">
    <ele>20.42</ele>
   </trkpt>
   <trkpt lat="50.9037" lon="4.71973">
    <ele>20.85</ele>
   </trkpt>
   <trkpt lat="50.90388" lon="4.71982">
    <ele>20.85</ele>
   </trkpt>
   <trkpt lat="50.90402" lon="4.71987">
    <ele>21.560000000000002</ele>
   </trkpt>
   <trkpt lat="50.90417000000001" lon="4.71989">
    <ele>22.18</ele>
   </trkpt>
   <trkpt lat="50.90446000000001" lon="4.71985">
    <ele>23.69</ele>
   </trkpt>
   <trkpt lat="50.904650000000004" lon="4.71978">
    <ele>23.69</ele>
   </trkpt>
   <trkpt lat="50.90482" lon="4.71966">
    <ele>24.42</ele>
   </trkpt>
   <trkpt lat="50.90507" lon="4.719390000000001">
    <ele>24.96</ele>
   </trkpt>
   <trkpt lat="50.90518" lon="4.71924">
    <ele>25.26</ele>
   </trkpt>
   <trkpt lat="50.905600002785064" lon="4.718430007340659">
    <ele>25.05</ele>
   </trkpt>
   <trkpt lat="50.906020000000005" lon="4.71762">
    <ele>23.39</ele>
   </trkpt>
   <trkpt lat="50.906180000000006" lon="4.71736">
    <ele>22.18</ele>
   </trkpt>
   <trkpt lat="50.906330000000004" lon="4.71717">
    <ele>22.18</ele>
   </trkpt>
   <trkpt lat="50.906580000000005" lon="4.71689">
    <ele>21.17</ele>
   </trkpt>
   <trkpt lat="50.90708000000001" lon="4.71642">
    <ele>19.75</ele>
   </trkpt>
   <trkpt lat="50.90729" lon="4.71617">
    <ele>18.99</ele>
   </trkpt>
   <trkpt lat="50.907520000000005" lon="4.715820000000001">
    <ele>18.02</ele>
   </trkpt>
   <trkpt lat="50.90798667385764" lon="4.714903351686092">
    <ele>16.240000000000002</ele>
   </trkpt>
   <trkpt lat="50.90845334053798" lon="4.7139866849928485">
    <ele>15.410000000000002</ele>
   </trkpt>
   <trkpt lat="50.90892" lon="4.71307">
    <ele>14.8</ele>
   </trkpt>
   <trkpt lat="50.90896000000001" lon="4.712940000000001">
    <ele>14.49</ele>
   </trkpt>
   <trkpt lat="50.90901" lon="4.712770000000001">
    <ele>14.49</ele>
   </trkpt>
   <trkpt lat="50.90776" lon="4.71204">
    <ele>15.330000000000002</ele>
   </trkpt>
   <trkpt lat="50.907026667969205" lon="4.711639987362479">
    <ele>15.65</ele>
   </trkpt>
   <trkpt lat="50.90629333457167" lon="4.7112399873277155">
    <ele>15.690000000000003</ele>
   </trkpt>
   <trkpt lat="50.90556" lon="4.71084">
    <ele>15.620000000000001</ele>
   </trkpt>
   <trkpt lat="50.905460000000005" lon="4.7108300000000005">
    <ele>15.67</ele>
   </trkpt>
   <trkpt lat="50.90536" lon="4.71086">
    <ele>15.67</ele>
   </trkpt>
   <trkpt lat="50.905300000000004" lon="4.71095">
    <ele>15.67</ele>
   </trkpt>
   <trkpt lat="50.90494" lon="4.71128">
    <ele>15.3</ele>
   </trkpt>
   <trkpt lat="50.904810000000005" lon="4.711340000000001">
    <ele>14.92</ele>
   </trkpt>
   <trkpt lat="50.90471" lon="4.71136">
    <ele>14.83</ele>
   </trkpt>
   <trkpt lat="50.904650000000004" lon="4.711340000000001">
    <ele>14.68</ele>
   </trkpt>
   <trkpt lat="50.904560000000004" lon="4.71121">
    <ele>14.270000000000001</ele>
   </trkpt>
   <trkpt lat="50.90451" lon="4.711010000000001">
    <ele>14.120000000000001</ele>
   </trkpt>
   <trkpt lat="50.90448000000001" lon="4.71051">
    <ele>14.21</ele>
   </trkpt>
   <trkpt lat="50.904430000000005" lon="4.71016">
    <ele>15.01</ele>
   </trkpt>
   <trkpt lat="50.904360000000004" lon="4.7099">
    <ele>15.260000000000002</ele>
   </trkpt>
   <trkpt lat="50.90417000000001" lon="4.70934">
    <ele>15.84</ele>
   </trkpt>
   <trkpt lat="50.903980000000004" lon="4.70884">
    <ele>16.92</ele>
   </trkpt>
   <trkpt lat="50.90392000000001" lon="4.70858">
    <ele>17.05</ele>
   </trkpt>
   <trkpt lat="50.903710000000004" lon="4.707960000000001">
    <ele>18.1</ele>
   </trkpt>
   <trkpt lat="50.903620000000004" lon="4.70786">
    <ele>18.1</ele>
   </trkpt>
   <trkpt lat="50.9033250026533" lon="4.707059994713658">
    <ele>18.46</ele>
   </trkpt>
   <trkpt lat="50.90303" lon="4.70626">
    <ele>18.29</ele>
   </trkpt>
   <trkpt lat="50.9029" lon="4.70614">
    <ele>17.810000000000002</ele>
   </trkpt>
   <trkpt lat="50.90283" lon="4.706110000000001">
    <ele>17.68</ele>
   </trkpt>
   <trkpt lat="50.902730000000005" lon="4.70612">
    <ele>17.59</ele>
   </trkpt>
   <trkpt lat="50.902300000000004" lon="4.706250000000001">
    <ele>17.57</ele>
   </trkpt>
   <trkpt lat="50.90213000000001" lon="4.70633">
    <ele>17.66</ele>
   </trkpt>
   <trkpt lat="50.901830000000004" lon="4.70638">
    <ele>18.14</ele>
   </trkpt>
   <trkpt lat="50.901860000000006" lon="4.705500000000001">
    <ele>17.580000000000002</ele>
   </trkpt>
   <trkpt lat="50.90210500601584" lon="4.7043100064192584">
    <ele>18.160000000000004</ele>
   </trkpt>
   <trkpt lat="50.902350000000006" lon="4.70312">
    <ele>18.160000000000004</ele>
   </trkpt>
   <trkpt lat="50.90240000000001" lon="4.702730000000001">
    <ele>18.22</ele>
   </trkpt>
   <trkpt lat="50.902440000000006" lon="4.7021500000000005">
    <ele>18.51</ele>
   </trkpt>
   <trkpt lat="50.90252" lon="4.701720000000001">
    <ele>18.7</ele>
   </trkpt>
   <trkpt lat="50.90261" lon="4.701350000000001">
    <ele>18.73</ele>
   </trkpt>
   <trkpt lat="50.90272" lon="4.701110000000001">
    <ele>18.79</ele>
   </trkpt>
   <trkpt lat="50.902910000000006" lon="4.70056">
    <ele>19.450000000000003</ele>
   </trkpt>
   <trkpt lat="50.902890000000006" lon="4.70052">
    <ele>19.450000000000003</ele>
   </trkpt>
   <trkpt lat="50.90308" lon="4.69965">
    <ele>21.460000000000004</ele>
   </trkpt>
   <trkpt lat="50.903150000000004" lon="4.6995000000000005">
    <ele>21.67</ele>
   </trkpt>
   <trkpt lat="50.903378948923546" lon="4.698174496585316">
    <ele>21.67</ele>
   </trkpt>
   <trkpt lat="50.903607882838976" lon="4.696848980134504">
    <ele>21.67</ele>
   </trkpt>
   <trkpt lat="50.903836801745996" lon="4.695523450648186">
    <ele>21.67</ele>
   </trkpt>
   <trkpt lat="50.90406570564435" lon="4.694197908126981">
    <ele>21.67</ele>
   </trkpt>
   <trkpt lat="50.904294594533766" lon="4.692872352571509">
    <ele>24.46</ele>
   </trkpt>
   <trkpt lat="50.90452346841398" lon="4.691546783982391">
    <ele>24.46</ele>
   </trkpt>
   <trkpt lat="50.904752327284704" lon="4.690221202360246">
    <ele>24.46</ele>
   </trkpt>
   <trkpt lat="50.90498117114569" lon="4.688895607705696">
    <ele>24.46</ele>
   </trkpt>
   <trkpt lat="50.905210000000004" lon="4.68757">
    <ele>24.46</ele>
   </trkpt>
   <trkpt lat="50.905210000000004" lon="4.68756">
    <ele>25.990000000000002</ele>
   </trkpt>
   <trkpt lat="50.90542000000001" lon="4.686240000000001">
    <ele>26.13</ele>
   </trkpt>
   <trkpt lat="50.90549000000001" lon="4.6854700000000005">
    <ele>26.340000000000003</ele>
   </trkpt>
   <trkpt lat="50.90551000000001" lon="4.6848600000000005">
    <ele>26.520000000000003</ele>
   </trkpt>
   <trkpt lat="50.905480000000004" lon="4.684760000000001">
    <ele>26.520000000000003</ele>
   </trkpt>
   <trkpt lat="50.90549000000001" lon="4.6843900000000005">
    <ele>26.680000000000003</ele>
   </trkpt>
   <trkpt lat="50.905550000000005" lon="4.684220000000001">
    <ele>26.660000000000004</ele>
   </trkpt>
   <trkpt lat="50.90549000000001" lon="4.684130000000001">
    <ele>26.7</ele>
   </trkpt>
   <trkpt lat="50.90552" lon="4.68391">
    <ele>26.680000000000003</ele>
   </trkpt>
   <trkpt lat="50.9055" lon="4.68271">
    <ele>26.98</ele>
   </trkpt>
   <trkpt lat="50.9055" lon="4.68172">
    <ele>27.250000000000004</ele>
   </trkpt>
   <trkpt lat="50.90564000859469" lon="4.680716672731497">
    <ele>27.520000000000003</ele>
   </trkpt>
   <trkpt lat="50.905780008590526" lon="4.679713339428213">
    <ele>27.92</ele>
   </trkpt>
   <trkpt lat="50.90592" lon="4.678710000000001">
    <ele>28.25</ele>
   </trkpt>
   <trkpt lat="50.906060000000004" lon="4.67762">
    <ele>28.66</ele>
   </trkpt>
   <trkpt lat="50.9061" lon="4.6772">
    <ele>28.790000000000003</ele>
   </trkpt>
   <trkpt lat="50.906110000000005" lon="4.67687">
    <ele>28.87</ele>
   </trkpt>
   <trkpt lat="50.906093341761846" lon="4.675876665965386">
    <ele>29.01</ele>
   </trkpt>
   <trkpt lat="50.906076675095335" lon="4.67488333264185">
    <ele>29.43</ele>
   </trkpt>
   <trkpt lat="50.906060000000004" lon="4.67389">
    <ele>29.650000000000002</ele>
   </trkpt>
   <trkpt lat="50.90612" lon="4.673500000000001">
    <ele>29.48</ele>
   </trkpt>
   <trkpt lat="50.906300002058" lon="4.672795002979567">
    <ele>29.77</ele>
   </trkpt>
   <trkpt lat="50.90648" lon="4.672090000000001">
    <ele>29.7</ele>
   </trkpt>
   <trkpt lat="50.90654000000001" lon="4.6717900000000006">
    <ele>29.43</ele>
   </trkpt>
   <trkpt lat="50.906580000000005" lon="4.67129">
    <ele>29.32</ele>
   </trkpt>
   <trkpt lat="50.90659" lon="4.6707">
    <ele>29.210000000000004</ele>
   </trkpt>
   <trkpt lat="50.906490000000005" lon="4.66981">
    <ele>29.7</ele>
   </trkpt>
   <trkpt lat="50.9065" lon="4.66959">
    <ele>29.68</ele>
   </trkpt>
   <trkpt lat="50.90652000000001" lon="4.669490000000001">
    <ele>29.68</ele>
   </trkpt>
   <trkpt lat="50.906470000000006" lon="4.669440000000001">
    <ele>29.68</ele>
   </trkpt>
   <trkpt lat="50.90643000000001" lon="4.66933">
    <ele>29.69</ele>
   </trkpt>
   <trkpt lat="50.90636000000001" lon="4.66887">
    <ele>29.740000000000002</ele>
   </trkpt>
   <trkpt lat="50.90632" lon="4.6683900000000005">
    <ele>29.890000000000004</ele>
   </trkpt>
   <trkpt lat="50.90621000787577" lon="4.667429995494592">
    <ele>30.410000000000004</ele>
   </trkpt>
   <trkpt lat="50.90610000787934" lon="4.666469995525824">
    <ele>30.88</ele>
   </trkpt>
   <trkpt lat="50.90599" lon="4.66551">
    <ele>31.43</ele>
   </trkpt>
   <trkpt lat="50.90576" lon="4.664490000000001">
    <ele>31.540000000000006</ele>
   </trkpt>
   <trkpt lat="50.90560000000001" lon="4.663860000000001">
    <ele>31.200000000000003</ele>
   </trkpt>
   <trkpt lat="50.90520500680218" lon="4.662599989378234">
    <ele>30.910000000000004</ele>
   </trkpt>
   <trkpt lat="50.904810000000005" lon="4.66134">
    <ele>30.7</ele>
   </trkpt>
   <trkpt lat="50.90464000000001" lon="4.66075">
    <ele>30.680000000000003</ele>
   </trkpt>
   <trkpt lat="50.90449000217551" lon="4.660039997818883">
    <ele>30.76</ele>
   </trkpt>
   <trkpt lat="50.904340000000005" lon="4.659330000000001">
    <ele>30.590000000000003</ele>
   </trkpt>
   <trkpt lat="50.90410000000001" lon="4.658040000000001">
    <ele>30.0</ele>
   </trkpt>
   <trkpt lat="50.90411667481413" lon="4.657063334064965">
    <ele>29.44</ele>
   </trkpt>
   <trkpt lat="50.90413334148023" lon="4.656086667430486">
    <ele>29.150000000000002</ele>
   </trkpt>
   <trkpt lat="50.90415" lon="4.6551100000000005">
    <ele>28.89</ele>
   </trkpt>
   <trkpt lat="50.904070000000004" lon="4.654310000000001">
    <ele>28.87</ele>
   </trkpt>
   <trkpt lat="50.903910002761755" lon="4.653499997011568">
    <ele>28.770000000000003</ele>
   </trkpt>
   <trkpt lat="50.90375" lon="4.652690000000001">
    <ele>29.05</ele>
   </trkpt>
   <trkpt lat="50.90375500234065" lon="4.651949999804069">
    <ele>29.150000000000002</ele>
   </trkpt>
   <trkpt lat="50.903760000000005" lon="4.651210000000001">
    <ele>29.240000000000002</ele>
   </trkpt>
   <trkpt lat="50.90373" lon="4.65099">
    <ele>29.240000000000002</ele>
   </trkpt>
   <trkpt lat="50.90341000600249" lon="4.649804991873862">
    <ele>29.290000000000003</ele>
   </trkpt>
   <trkpt lat="50.903090000000006" lon="4.64862">
    <ele>29.59</ele>
   </trkpt>
   <trkpt lat="50.90305000000001" lon="4.6483300000000005">
    <ele>29.66</ele>
   </trkpt>
   <trkpt lat="50.90303" lon="4.647930000000001">
    <ele>29.730000000000004</ele>
   </trkpt>
   <trkpt lat="50.90305000369608" lon="4.647000000303435">
    <ele>30.04</ele>
   </trkpt>
   <trkpt lat="50.90307000000001" lon="4.646070000000001">
    <ele>30.85</ele>
   </trkpt>
   <trkpt lat="50.903000000000006" lon="4.646070000000001">
    <ele>30.85</ele>
   </trkpt>
   <trkpt lat="50.90297" lon="4.6460300000000005">
    <ele>30.85</ele>
   </trkpt>
   <trkpt lat="50.902950000000004" lon="4.645930000000001">
    <ele>30.85</ele>
   </trkpt>
   <trkpt lat="50.90296000000001" lon="4.64588">
    <ele>30.85</ele>
   </trkpt>
   <trkpt lat="50.90301" lon="4.64581">
    <ele>30.67</ele>
   </trkpt>
   <trkpt lat="50.90307000000001" lon="4.64581">
    <ele>30.67</ele>
   </trkpt>
   <trkpt lat="50.90305000000001" lon="4.64506">
    <ele>30.63</ele>
   </trkpt>
   <trkpt lat="50.90301" lon="4.644550000000001">
    <ele>30.63</ele>
   </trkpt>
   <trkpt lat="50.90294" lon="4.64414">
    <ele>30.890000000000004</ele>
   </trkpt>
   <trkpt lat="50.902840000000005" lon="4.643800000000001">
    <ele>30.890000000000004</ele>
   </trkpt>
   <trkpt lat="50.902590000000004" lon="4.64315">
    <ele>30.890000000000004</ele>
   </trkpt>
   <trkpt lat="50.902300000000004" lon="4.6420900000000005">
    <ele>30.820000000000004</ele>
   </trkpt>
   <trkpt lat="50.902150000000006" lon="4.641360000000001">
    <ele>30.910000000000004</ele>
   </trkpt>
   <trkpt lat="50.902100002863506" lon="4.640539998982703">
    <ele>31.110000000000003</ele>
   </trkpt>
   <trkpt lat="50.90205" lon="4.6397200000000005">
    <ele>31.17</ele>
   </trkpt>
   <trkpt lat="50.90198" lon="4.6389700000000005">
    <ele>31.160000000000004</ele>
   </trkpt>
   <trkpt lat="50.90187" lon="4.63834">
    <ele>31.22</ele>
   </trkpt>
   <trkpt lat="50.90155000967364" lon="4.6372766521011055">
    <ele>31.330000000000002</ele>
   </trkpt>
   <trkpt lat="50.901230009688746" lon="4.636213318818215">
    <ele>31.67</ele>
   </trkpt>
   <trkpt lat="50.90091" lon="4.63515">
    <ele>32.010000000000005</ele>
   </trkpt>
   <trkpt lat="50.90077" lon="4.63455">
    <ele>32.190000000000005</ele>
   </trkpt>
   <trkpt lat="50.90073" lon="4.6342300000000005">
    <ele>32.190000000000005</ele>
   </trkpt>
   <trkpt lat="50.90065500369389" lon="4.6332999984999095">
    <ele>32.54</ele>
   </trkpt>
   <trkpt lat="50.900580000000005" lon="4.632370000000001">
    <ele>32.38</ele>
   </trkpt>
   <trkpt lat="50.900580000000005" lon="4.63201">
    <ele>32.64</ele>
   </trkpt>
   <trkpt lat="50.90084752075224" lon="4.630737521911007">
    <ele>32.64</ele>
   </trkpt>
   <trkpt lat="50.90111502767282" lon="4.6294650292002055">
    <ele>32.64</ele>
   </trkpt>
   <trkpt lat="50.90138252076147" lon="4.628192521868045">
    <ele>30.660000000000004</ele>
   </trkpt>
   <trkpt lat="50.901650000000004" lon="4.62692">
    <ele>30.660000000000004</ele>
   </trkpt>
   <trkpt lat="50.901650000000004" lon="4.6269100000000005">
    <ele>30.55</ele>
   </trkpt>
   <trkpt lat="50.901700000000005" lon="4.62659">
    <ele>30.53</ele>
   </trkpt>
   <trkpt lat="50.90171" lon="4.62645">
    <ele>30.55</ele>
   </trkpt>
   <trkpt lat="50.90169" lon="4.62633">
    <ele>30.55</ele>
   </trkpt>
   <trkpt lat="50.90171" lon="4.626180000000001">
    <ele>30.55</ele>
   </trkpt>
   <trkpt lat="50.901650000000004" lon="4.6254100000000005">
    <ele>30.410000000000004</ele>
   </trkpt>
   <trkpt lat="50.90157000000001" lon="4.62479">
    <ele>30.490000000000002</ele>
   </trkpt>
   <trkpt lat="50.901520000000005" lon="4.62406">
    <ele>30.570000000000004</ele>
   </trkpt>
   <trkpt lat="50.901450000000004" lon="4.623810000000001">
    <ele>30.55</ele>
   </trkpt>
   <trkpt lat="50.901410000000006" lon="4.62375">
    <ele>30.55</ele>
   </trkpt>
   <trkpt lat="50.901340000000005" lon="4.62347">
    <ele>30.570000000000004</ele>
   </trkpt>
   <trkpt lat="50.901340000000005" lon="4.623340000000001">
    <ele>30.570000000000004</ele>
   </trkpt>
   <trkpt lat="50.901230000000005" lon="4.62295">
    <ele>30.500000000000004</ele>
   </trkpt>
   <trkpt lat="50.90122" lon="4.62286">
    <ele>30.500000000000004</ele>
   </trkpt>
   <trkpt lat="50.90126" lon="4.6226400000000005">
    <ele>30.36</ele>
   </trkpt>
   <trkpt lat="50.90119000000001" lon="4.62249">
    <ele>30.430000000000003</ele>
   </trkpt>
   <trkpt lat="50.90115" lon="4.62232">
    <ele>30.430000000000003</ele>
   </trkpt>
   <trkpt lat="50.90104500260616" lon="4.6215349980368705">
    <ele>30.520000000000003</ele>
   </trkpt>
   <trkpt lat="50.900940000000006" lon="4.62075">
    <ele>30.63</ele>
   </trkpt>
   <trkpt lat="50.900830000000006" lon="4.62009">
    <ele>30.890000000000004</ele>
   </trkpt>
   <trkpt lat="50.90060000468955" lon="4.619039994725158">
    <ele>31.560000000000006</ele>
   </trkpt>
   <trkpt lat="50.90037" lon="4.617990000000001">
    <ele>33.02</ele>
   </trkpt>
   <trkpt lat="50.90032" lon="4.61793">
    <ele>33.02</ele>
   </trkpt>
   <trkpt lat="50.90025000000001" lon="4.61761">
    <ele>33.54</ele>
   </trkpt>
   <trkpt lat="50.900150000000004" lon="4.617360000000001">
    <ele>34.260000000000005</ele>
   </trkpt>
   <trkpt lat="50.89999" lon="4.61714">
    <ele>35.84</ele>
   </trkpt>
   <trkpt lat="50.89981" lon="4.617">
    <ele>35.84</ele>
   </trkpt>
   <trkpt lat="50.89937500020034" lon="4.616819998344078">
    <ele>37.98</ele>
   </trkpt>
   <trkpt lat="50.89894" lon="4.61664">
    <ele>37.95</ele>
   </trkpt>
   <trkpt lat="50.898860000000006" lon="4.6167300000000004">
    <ele>37.26</ele>
   </trkpt>
   <trkpt lat="50.898830000000004" lon="4.61688">
    <ele>37.26</ele>
   </trkpt>
   <trkpt lat="50.89875000000001" lon="4.61686">
    <ele>37.26</ele>
   </trkpt>
   <trkpt lat="50.898770000000006" lon="4.61662">
    <ele>37.11000000000001</ele>
   </trkpt>
   <trkpt lat="50.898740000000004" lon="4.61653">
    <ele>37.11000000000001</ele>
   </trkpt>
   <trkpt lat="50.898680000000006" lon="4.61646">
    <ele>37.11000000000001</ele>
   </trkpt>
   <trkpt lat="50.89871" lon="4.6164000000000005">
    <ele>37.11000000000001</ele>
   </trkpt>
   <trkpt lat="50.898610000000005" lon="4.616300000000001">
    <ele>37.11000000000001</ele>
   </trkpt>
   <trkpt lat="50.89844" lon="4.61596">
    <ele>34.21</ele>
   </trkpt>
   <trkpt lat="50.898106673755635" lon="4.615049987012951">
    <ele>32.690000000000005</ele>
   </trkpt>
   <trkpt lat="50.897773340437226" lon="4.614139987053915">
    <ele>32.730000000000004</ele>
   </trkpt>
   <trkpt lat="50.89744" lon="4.613230000000001">
    <ele>32.97</ele>
   </trkpt>
   <trkpt lat="50.8971150021564" lon="4.612514994950222">
    <ele>33.27</ele>
   </trkpt>
   <trkpt lat="50.89679" lon="4.611800000000001">
    <ele>34.080000000000005</ele>
   </trkpt>
   <trkpt lat="50.896480000000004" lon="4.611160000000001">
    <ele>35.24</ele>
   </trkpt>
   <trkpt lat="50.89602000000001" lon="4.610480000000001">
    <ele>36.71</ele>
   </trkpt>
   <trkpt lat="50.89556" lon="4.609970000000001">
    <ele>38.18000000000001</ele>
   </trkpt>
   <trkpt lat="50.89569" lon="4.610110000000001">
    <ele>37.84</ele>
   </trkpt>
   <trkpt lat="50.89556" lon="4.609970000000001">
    <ele>35.4</ele>
   </trkpt>
   <trkpt lat="50.89492287144166" lon="4.609222795805062">
    <ele>35.4</ele>
   </trkpt>
   <trkpt lat="50.89428573811403" lon="4.608475612054425">
    <ele>35.4</ele>
   </trkpt>
   <trkpt lat="50.893648600017336" lon="4.607728448747222">
    <ele>35.4</ele>
   </trkpt>
   <trkpt lat="50.89301145715184" lon="4.60698130588258">
    <ele>35.800000000000004</ele>
   </trkpt>
   <trkpt lat="50.89237430951778" lon="4.60623418345963">
    <ele>35.800000000000004</ele>
   </trkpt>
   <trkpt lat="50.89173715711535" lon="4.6054870814774995">
    <ele>35.800000000000004</ele>
   </trkpt>
   <trkpt lat="50.8911" lon="4.6047400000000005">
    <ele>35.800000000000004</ele>
   </trkpt>
   <trkpt lat="50.890535001987644" lon="4.604059991766688">
    <ele>35.800000000000004</ele>
   </trkpt>
   <trkpt lat="50.889970000000005" lon="4.6033800000000005">
    <ele>36.0</ele>
   </trkpt>
   <trkpt lat="50.88998" lon="4.60339">
    <ele>36.0</ele>
   </trkpt>
   <trkpt lat="50.88932501698677" lon="4.6024982706507735">
    <ele>36.0</ele>
   </trkpt>
   <trkpt lat="50.888670027180595" lon="4.6016065663789645">
    <ele>36.0</ele>
   </trkpt>
   <trkpt lat="50.88801503058178" lon="4.600714887183541">
    <ele>36.0</ele>
   </trkpt>
   <trkpt lat="50.88736002719075" lon="4.599823233063474">
    <ele>40.0</ele>
   </trkpt>
   <trkpt lat="50.88670501700779" lon="4.598931604017732">
    <ele>40.0</ele>
   </trkpt>
   <trkpt lat="50.886050000000004" lon="4.59804">
    <ele>40.0</ele>
   </trkpt>
   <trkpt lat="50.88606000000001" lon="4.59804">
    <ele>40.0</ele>
   </trkpt>
   <trkpt lat="50.886050000000004" lon="4.59804">
    <ele>40.160000000000004</ele>
   </trkpt>
   <trkpt lat="50.885850000000005" lon="4.59766">
    <ele>39.940000000000005</ele>
   </trkpt>
   <trkpt lat="50.885630000000006" lon="4.59719">
    <ele>39.71</ele>
   </trkpt>
   <trkpt lat="50.88548" lon="4.596990000000001">
    <ele>39.36000000000001</ele>
   </trkpt>
   <trkpt lat="50.885270000000006" lon="4.59686">
    <ele>39.190000000000005</ele>
   </trkpt>
   <trkpt lat="50.8851" lon="4.596710000000001">
    <ele>39.089999999999996</ele>
   </trkpt>
   <trkpt lat="50.88462500282811" lon="4.595889991563444">
    <ele>38.650000000000006</ele>
   </trkpt>
   <trkpt lat="50.884150000000005" lon="4.595070000000001">
    <ele>38.400000000000006</ele>
   </trkpt>
   <trkpt lat="50.88356000461256" lon="4.594024986674189">
    <ele>38.43000000000001</ele>
   </trkpt>
   <trkpt lat="50.88297000000001" lon="4.592980000000001">
    <ele>38.96</ele>
   </trkpt>
   <trkpt lat="50.88289" lon="4.592790000000001">
    <ele>38.96</ele>
   </trkpt>
   <trkpt lat="50.882760000000005" lon="4.59232">
    <ele>39.21</ele>
   </trkpt>
   <trkpt lat="50.88270000000001" lon="4.59192">
    <ele>39.49</ele>
   </trkpt>
   <trkpt lat="50.882630000000006" lon="4.591010000000001">
    <ele>39.730000000000004</ele>
   </trkpt>
   <trkpt lat="50.88253" lon="4.59056">
    <ele>40.2</ele>
   </trkpt>
   <trkpt lat="50.882360000000006" lon="4.590140000000001">
    <ele>40.39</ele>
   </trkpt>
   <trkpt lat="50.881950002197335" lon="4.589424993731897">
    <ele>41.57</ele>
   </trkpt>
   <trkpt lat="50.88154" lon="4.588710000000001">
    <ele>44.17</ele>
   </trkpt>
   <trkpt lat="50.88098334349329" lon="4.587619973974095">
    <ele>44.17</ele>
   </trkpt>
   <trkpt lat="50.880426676835896" lon="4.586529973992769">
    <ele>42.78</ele>
   </trkpt>
   <trkpt lat="50.879870000000004" lon="4.58544">
    <ele>42.78</ele>
   </trkpt>
   <trkpt lat="50.87982" lon="4.58539">
    <ele>42.760000000000005</ele>
   </trkpt>
   <trkpt lat="50.879690000000004" lon="4.58535">
    <ele>42.56</ele>
   </trkpt>
   <trkpt lat="50.8793" lon="4.58544">
    <ele>42.63</ele>
   </trkpt>
   <trkpt lat="50.87913" lon="4.58535">
    <ele>42.63</ele>
   </trkpt>
   <trkpt lat="50.87871000177015" lon="4.584714994348688">
    <ele>42.92000000000001</ele>
   </trkpt>
   <trkpt lat="50.87829000000001" lon="4.58408">
    <ele>43.370000000000005</ele>
   </trkpt>
   <trkpt lat="50.878130000000006" lon="4.5837900000000005">
    <ele>43.31</ele>
   </trkpt>
   <trkpt lat="50.877930000000006" lon="4.58335">
    <ele>43.54</ele>
   </trkpt>
   <trkpt lat="50.87751" lon="4.582210000000001">
    <ele>44.31</ele>
   </trkpt>
   <trkpt lat="50.87738" lon="4.58164">
    <ele>44.81</ele>
   </trkpt>
   <trkpt lat="50.877370000000006" lon="4.5812100000000004">
    <ele>44.86000000000001</ele>
   </trkpt>
   <trkpt lat="50.877430000000004" lon="4.580830000000001">
    <ele>44.86000000000001</ele>
   </trkpt>
   <trkpt lat="50.877630015155695" lon="4.579742514004827">
    <ele>44.660000000000004</ele>
   </trkpt>
   <trkpt lat="50.8778300202074" lon="4.578655018674533">
    <ele>44.29</ele>
   </trkpt>
   <trkpt lat="50.87803001515494" lon="4.577567514009443">
    <ele>44.11</ele>
   </trkpt>
   <trkpt lat="50.87823" lon="4.57648">
    <ele>43.910000000000004</ele>
   </trkpt>
   <trkpt lat="50.878260000000004" lon="4.57599">
    <ele>44.02</ele>
   </trkpt>
   <trkpt lat="50.878210003398" lon="4.5750999992997485">
    <ele>44.61</ele>
   </trkpt>
   <trkpt lat="50.87816" lon="4.574210000000001">
    <ele>45.42</ele>
   </trkpt>
   <trkpt lat="50.878130000000006" lon="4.572830000000001">
    <ele>47.85</ele>
   </trkpt>
   <trkpt lat="50.87805" lon="4.5726700000000005">
    <ele>48.42</ele>
   </trkpt>
   <trkpt lat="50.87854000135476" lon="4.572130005558047">
    <ele>48.2</ele>
   </trkpt>
   <trkpt lat="50.87903000000001" lon="4.5715900000000005">
    <ele>47.300000000000004</ele>
   </trkpt>
   <trkpt lat="50.878820000000005" lon="4.5712">
    <ele>47.82</ele>
   </trkpt>
   <trkpt lat="50.87865000000001" lon="4.57101">
    <ele>49.56</ele>
   </trkpt>
   <trkpt lat="50.87829000000001" lon="4.57073">
    <ele>49.95</ele>
   </trkpt>
   <trkpt lat="50.87820000000001" lon="4.57057">
    <ele>50.72</ele>
   </trkpt>
   <trkpt lat="50.8781" lon="4.57022">
    <ele>51.260000000000005</ele>
   </trkpt>
   <trkpt lat="50.87778" lon="4.569500000000001">
    <ele>53.550000000000004</ele>
   </trkpt>
   <trkpt lat="50.87747" lon="4.5689400000000004">
    <ele>55.31</ele>
   </trkpt>
   <trkpt lat="50.87735000000001" lon="4.5686">
    <ele>55.690000000000005</ele>
   </trkpt>
   <trkpt lat="50.877300000000005" lon="4.56832">
    <ele>55.970000000000006</ele>
   </trkpt>
   <trkpt lat="50.87735000000001" lon="4.568300000000001">
    <ele>55.93000000000001</ele>
   </trkpt>
   <trkpt lat="50.8774" lon="4.56817">
    <ele>55.84</ele>
   </trkpt>
   <trkpt lat="50.877390000000005" lon="4.5681">
    <ele>55.84</ele>
   </trkpt>
   <trkpt lat="50.87783" lon="4.5678600000000005">
    <ele>53.74</ele>
   </trkpt>
   <trkpt lat="50.87834500078646" lon="4.567430004755095">
    <ele>49.71</ele>
   </trkpt>
   <trkpt lat="50.87886" lon="4.567">
    <ele>47.510000000000005</ele>
   </trkpt>
   <trkpt lat="50.87944000054393" lon="4.566675003993348">
    <ele>45.69</ele>
   </trkpt>
   <trkpt lat="50.88002" lon="4.566350000000001">
    <ele>45.43000000000001</ele>
   </trkpt>
   <trkpt lat="50.880030000000005" lon="4.56625">
    <ele>45.43000000000001</ele>
   </trkpt>
   <trkpt lat="50.88009" lon="4.566190000000001">
    <ele>45.46</ele>
   </trkpt>
   <trkpt lat="50.88007500397583" lon="4.5652249995527665">
    <ele>45.93000000000001</ele>
   </trkpt>
   <trkpt lat="50.88006000000001" lon="4.56426">
    <ele>46.3</ele>
   </trkpt>
   <trkpt lat="50.88009" lon="4.564">
    <ele>46.6</ele>
   </trkpt>
   <trkpt lat="50.8802800044732" lon="4.562975004259301">
    <ele>49.06</ele>
   </trkpt>
   <trkpt lat="50.88047" lon="4.56195">
    <ele>50.81</ele>
   </trkpt>
   <trkpt lat="50.880500000000005" lon="4.5613600000000005">
    <ele>51.050000000000004</ele>
   </trkpt>
   <trkpt lat="50.88045" lon="4.56078">
    <ele>55.81</ele>
   </trkpt>
   <trkpt lat="50.88046000000001" lon="4.5608">
    <ele>55.81</ele>
   </trkpt>
   <trkpt lat="50.8802566791076" lon="4.5595933228095475">
    <ele>55.81</ele>
   </trkpt>
   <trkpt lat="50.880053345775444" lon="4.558386656150045">
    <ele>53.42</ele>
   </trkpt>
   <trkpt lat="50.879850000000005" lon="4.557180000000001">
    <ele>53.42</ele>
   </trkpt>
   <trkpt lat="50.879585004370135" lon="4.556164994109897">
    <ele>53.050000000000004</ele>
   </trkpt>
   <trkpt lat="50.87932000000001" lon="4.55515">
    <ele>51.510000000000005</ele>
   </trkpt>
   <trkpt lat="50.87917000588044" lon="4.553974996082411">
    <ele>50.81</ele>
   </trkpt>
   <trkpt lat="50.879020000000004" lon="4.5528">
    <ele>50.980000000000004</ele>
   </trkpt>
   <trkpt lat="50.878890000000006" lon="4.551640000000001">
    <ele>51.050000000000004</ele>
   </trkpt>
  </trkseg>
 </trk>
</gpx>
