<?xml version="1.0" encoding="UTF-8"?>
<gpx creator="StravaGPX" version="1.1" xmlns="http://www.topografix.com/GPX/1/1" xmlns:xsi="http://www.w3.org/2001/XMLSchema-instance" xsi:schemaLocation="http://www.topografix.com/GPX/1/1 http://www.topografix.com/GPX/1/1/gpx.xsd">
 <metadata>
  <name>OACT - Herselt 2026</name>
  <desc>2025 omgekeerd</desc>
  <author>
   <name>Haecky 🐻</name>
   <link href="https://www.strava.com/athletes/1643587"/>
  </author>
  <copyright author="OpenStreetMap contributors">
   <year>2020</year>
   <license>https://www.openstreetmap.org/copyright</license>
  </copyright>
  <link href="https://www.strava.com/routes/3508842871776256542"/>
 </metadata>
 <trk>
  <name>OACT - Herselt 2026</name>
  <desc>2025 omgekeerd</desc>
  <link href="https://www.strava.com/routes/3508842871776256542"/>
  <type>cycling</type>
  <trkseg>
   <trkpt lat="50.878910000000005" lon="4.551760000000001">
    <ele>51.010000000000005</ele>
   </trkpt>
   <trkpt lat="50.879020000000004" lon="4.5528">
    <ele>50.980000000000004</ele>
   </trkpt>
   <trkpt lat="50.87917000591496" lon="4.5539749963528235">
    <ele>50.81</ele>
   </trkpt>
   <trkpt lat="50.87932000000001" lon="4.55515">
    <ele>51.510000000000005</ele>
   </trkpt>
   <trkpt lat="50.879585004431604" lon="4.55616499434535">
    <ele>53.050000000000004</ele>
   </trkpt>
   <trkpt lat="50.879850000000005" lon="4.557180000000001">
    <ele>53.42</ele>
   </trkpt>
   <trkpt lat="50.88005334570682" lon="4.558383322845809">
    <ele>53.42</ele>
   </trkpt>
   <trkpt lat="50.880256679042695" lon="4.559586656193951">
    <ele>51.92</ele>
   </trkpt>
   <trkpt lat="50.88046000000001" lon="4.560790000000001">
    <ele>51.92</ele>
   </trkpt>
   <trkpt lat="50.880500000000005" lon="4.5613600000000005">
    <ele>51.050000000000004</ele>
   </trkpt>
   <trkpt lat="50.88047" lon="4.56195">
    <ele>50.53</ele>
   </trkpt>
   <trkpt lat="50.88028000450277" lon="4.562975004099827">
    <ele>49.06</ele>
   </trkpt>
   <trkpt lat="50.88009" lon="4.564">
    <ele>46.6</ele>
   </trkpt>
   <trkpt lat="50.88006000000001" lon="4.56426">
    <ele>46.150000000000006</ele>
   </trkpt>
   <trkpt lat="50.88007500398007" lon="4.565224999825937">
    <ele>45.62</ele>
   </trkpt>
   <trkpt lat="50.88009" lon="4.566190000000001">
    <ele>45.43000000000001</ele>
   </trkpt>
   <trkpt lat="50.880030000000005" lon="4.56625">
    <ele>45.43000000000001</ele>
   </trkpt>
   <trkpt lat="50.88002" lon="4.566350000000001">
    <ele>45.43000000000001</ele>
   </trkpt>
   <trkpt lat="50.880050000000004" lon="4.56644">
    <ele>45.37</ele>
   </trkpt>
   <trkpt lat="50.88011" lon="4.566470000000001">
    <ele>45.37</ele>
   </trkpt>
   <trkpt lat="50.880120000000005" lon="4.566890000000001">
    <ele>45.02</ele>
   </trkpt>
   <trkpt lat="50.880190000000006" lon="4.567760000000001">
    <ele>44.910000000000004</ele>
   </trkpt>
   <trkpt lat="50.88017000000001" lon="4.5680000000000005">
    <ele>45.00000000000001</ele>
   </trkpt>
   <trkpt lat="50.88013" lon="4.56812">
    <ele>45.11000000000001</ele>
   </trkpt>
   <trkpt lat="50.8798" lon="4.5686">
    <ele>45.67</ele>
   </trkpt>
   <trkpt lat="50.879470000000005" lon="4.56916">
    <ele>46.330000000000005</ele>
   </trkpt>
   <trkpt lat="50.8791" lon="4.569850000000001">
    <ele>47.02</ele>
   </trkpt>
   <trkpt lat="50.8791" lon="4.56996">
    <ele>47.02</ele>
   </trkpt>
   <trkpt lat="50.879180000000005" lon="4.57043">
    <ele>47.550000000000004</ele>
   </trkpt>
   <trkpt lat="50.87917" lon="4.57057">
    <ele>47.550000000000004</ele>
   </trkpt>
   <trkpt lat="50.878820000000005" lon="4.5712">
    <ele>47.82</ele>
   </trkpt>
   <trkpt lat="50.879220000000004" lon="4.571960000000001">
    <ele>46.46</ele>
   </trkpt>
   <trkpt lat="50.87939" lon="4.57242">
    <ele>45.730000000000004</ele>
   </trkpt>
   <trkpt lat="50.879780000000004" lon="4.57362">
    <ele>44.480000000000004</ele>
   </trkpt>
   <trkpt lat="50.879900000000006" lon="4.57392">
    <ele>44.480000000000004</ele>
   </trkpt>
   <trkpt lat="50.88015000000001" lon="4.57442">
    <ele>43.85000000000001</ele>
   </trkpt>
   <trkpt lat="50.8805950026929" lon="4.575214992395088">
    <ele>42.96</ele>
   </trkpt>
   <trkpt lat="50.881040000000006" lon="4.57601">
    <ele>42.2</ele>
   </trkpt>
   <trkpt lat="50.88132500160126" lon="4.57660999646357">
    <ele>41.72</ele>
   </trkpt>
   <trkpt lat="50.88161" lon="4.57721">
    <ele>41.32</ele>
   </trkpt>
   <trkpt lat="50.88194000000001" lon="4.57805">
    <ele>40.800000000000004</ele>
   </trkpt>
   <trkpt lat="50.88228" lon="4.579070000000001">
    <ele>40.0</ele>
   </trkpt>
   <trkpt lat="50.882546674544216" lon="4.580029989025532">
    <ele>39.53</ele>
   </trkpt>
   <trkpt lat="50.882813341214984" lon="4.580989989040175">
    <ele>39.0</ele>
   </trkpt>
   <trkpt lat="50.88308000000001" lon="4.58195">
    <ele>39.11000000000001</ele>
   </trkpt>
   <trkpt lat="50.882555003595655" lon="4.58287501052739">
    <ele>39.400000000000006</ele>
   </trkpt>
   <trkpt lat="50.88203000000001" lon="4.5838">
    <ele>39.760000000000005</ele>
   </trkpt>
   <trkpt lat="50.881780000000006" lon="4.584210000000001">
    <ele>39.86000000000001</ele>
   </trkpt>
   <trkpt lat="50.88132" lon="4.584820000000001">
    <ele>40.760000000000005</ele>
   </trkpt>
   <trkpt lat="50.88077000188301" lon="4.585475007671584">
    <ele>41.730000000000004</ele>
   </trkpt>
   <trkpt lat="50.88022" lon="4.586130000000001">
    <ele>43.2</ele>
   </trkpt>
   <trkpt lat="50.880660006290164" lon="4.586989983702155">
    <ele>44.82000000000001</ele>
   </trkpt>
   <trkpt lat="50.881100006261725" lon="4.587849983646307">
    <ele>45.03</ele>
   </trkpt>
   <trkpt lat="50.88154" lon="4.588710000000001">
    <ele>43.21000000000001</ele>
   </trkpt>
   <trkpt lat="50.88195000217025" lon="4.589424993684668">
    <ele>41.57</ele>
   </trkpt>
   <trkpt lat="50.882360000000006" lon="4.590140000000001">
    <ele>40.39</ele>
   </trkpt>
   <trkpt lat="50.88253" lon="4.59056">
    <ele>40.2</ele>
   </trkpt>
   <trkpt lat="50.882630000000006" lon="4.591010000000001">
    <ele>39.730000000000004</ele>
   </trkpt>
   <trkpt lat="50.88270000000001" lon="4.59192">
    <ele>39.49</ele>
   </trkpt>
   <trkpt lat="50.882760000000005" lon="4.59232">
    <ele>39.21</ele>
   </trkpt>
   <trkpt lat="50.88289" lon="4.592790000000001">
    <ele>38.96</ele>
   </trkpt>
   <trkpt lat="50.88297000000001" lon="4.592980000000001">
    <ele>38.96</ele>
   </trkpt>
   <trkpt lat="50.88356000471688" lon="4.594024986858941">
    <ele>38.43000000000001</ele>
   </trkpt>
   <trkpt lat="50.884150000000005" lon="4.595070000000001">
    <ele>38.400000000000006</ele>
   </trkpt>
   <trkpt lat="50.88462500291632" lon="4.59588999171571">
    <ele>38.650000000000006</ele>
   </trkpt>
   <trkpt lat="50.8851" lon="4.596710000000001">
    <ele>39.089999999999996</ele>
   </trkpt>
   <trkpt lat="50.885270000000006" lon="4.59686">
    <ele>39.36000000000001</ele>
   </trkpt>
   <trkpt lat="50.88548" lon="4.596990000000001">
    <ele>39.36000000000001</ele>
   </trkpt>
   <trkpt lat="50.885630000000006" lon="4.59719">
    <ele>39.71</ele>
   </trkpt>
   <trkpt lat="50.885850000000005" lon="4.59766">
    <ele>39.940000000000005</ele>
   </trkpt>
   <trkpt lat="50.88606000000001" lon="4.59804">
    <ele>40.0</ele>
   </trkpt>
   <trkpt lat="50.88670501653699" lon="4.598919939075811">
    <ele>40.0</ele>
   </trkpt>
   <trkpt lat="50.88735002645898" lon="4.59979990251908">
    <ele>40.0</ele>
   </trkpt>
   <trkpt lat="50.88799502976561" lon="4.6006798903307935">
    <ele>36.01</ele>
   </trkpt>
   <trkpt lat="50.888640026456564" lon="4.601559902511935">
    <ele>36.01</ele>
   </trkpt>
   <trkpt lat="50.8892850165315" lon="4.602439939063492">
    <ele>36.01</ele>
   </trkpt>
   <trkpt lat="50.88993000000001" lon="4.60332">
    <ele>36.01</ele>
   </trkpt>
   <trkpt lat="50.8911" lon="4.60473">
    <ele>37.84</ele>
   </trkpt>
   <trkpt lat="50.89071500085633" lon="4.604274996206091">
    <ele>37.86000000000001</ele>
   </trkpt>
   <trkpt lat="50.890330000000006" lon="4.603820000000001">
    <ele>36.11</ele>
   </trkpt>
   <trkpt lat="50.890965016700115" lon="4.604567428656818">
    <ele>36.11</ele>
   </trkpt>
   <trkpt lat="50.891600028627664" lon="4.6053148776938215">
    <ele>36.11</ele>
   </trkpt>
   <trkpt lat="50.89223503578243" lon="4.606062347111875">
    <ele>36.11</ele>
   </trkpt>
   <trkpt lat="50.892870038164155" lon="4.606809836911842">
    <ele>38.19</ele>
   </trkpt>
   <trkpt lat="50.89350503577261" lon="4.607557347094588">
    <ele>38.19</ele>
   </trkpt>
   <trkpt lat="50.89414002860754" lon="4.608304877660975">
    <ele>38.19</ele>
   </trkpt>
   <trkpt lat="50.89477501666874" lon="4.609052428611871">
    <ele>38.19</ele>
   </trkpt>
   <trkpt lat="50.895410000000005" lon="4.609800000000001">
    <ele>38.19</ele>
   </trkpt>
   <trkpt lat="50.89602000000001" lon="4.610480000000001">
    <ele>36.71</ele>
   </trkpt>
   <trkpt lat="50.896480000000004" lon="4.611160000000001">
    <ele>35.24</ele>
   </trkpt>
   <trkpt lat="50.89679" lon="4.611800000000001">
    <ele>34.080000000000005</ele>
   </trkpt>
   <trkpt lat="50.89711500221071" lon="4.612514995069708">
    <ele>33.27</ele>
   </trkpt>
   <trkpt lat="50.89744" lon="4.613230000000001">
    <ele>32.97</ele>
   </trkpt>
   <trkpt lat="50.89777334039223" lon="4.614139986931088">
    <ele>32.75</ele>
   </trkpt>
   <trkpt lat="50.89810667371063" lon="4.6150499868901225">
    <ele>32.660000000000004</ele>
   </trkpt>
   <trkpt lat="50.89844" lon="4.61596">
    <ele>34.21</ele>
   </trkpt>
   <trkpt lat="50.898610000000005" lon="4.616300000000001">
    <ele>37.11000000000001</ele>
   </trkpt>
   <trkpt lat="50.89871" lon="4.6164000000000005">
    <ele>37.11000000000001</ele>
   </trkpt>
   <trkpt lat="50.89884000000001" lon="4.616510000000001">
    <ele>37.6</ele>
   </trkpt>
   <trkpt lat="50.89933500039268" lon="4.616719997854279">
    <ele>37.03</ele>
   </trkpt>
   <trkpt lat="50.89983" lon="4.61693">
    <ele>35.5</ele>
   </trkpt>
   <trkpt lat="50.89994" lon="4.617">
    <ele>34.81</ele>
   </trkpt>
   <trkpt lat="50.900000000000006" lon="4.617050000000001">
    <ele>34.690000000000005</ele>
   </trkpt>
   <trkpt lat="50.90012" lon="4.61721">
    <ele>34.35</ele>
   </trkpt>
   <trkpt lat="50.900220000000004" lon="4.61739">
    <ele>33.74</ele>
   </trkpt>
   <trkpt lat="50.90028" lon="4.61758">
    <ele>33.52</ele>
   </trkpt>
   <trkpt lat="50.900400000000005" lon="4.618130000000001">
    <ele>32.89</ele>
   </trkpt>
   <trkpt lat="50.900615004165815" lon="4.619109995765861">
    <ele>31.560000000000006</ele>
   </trkpt>
   <trkpt lat="50.900830000000006" lon="4.62009">
    <ele>30.890000000000004</ele>
   </trkpt>
   <trkpt lat="50.900940000000006" lon="4.62075">
    <ele>30.55</ele>
   </trkpt>
   <trkpt lat="50.901045002657746" lon="4.621534998422634">
    <ele>30.520000000000003</ele>
   </trkpt>
   <trkpt lat="50.90115" lon="4.62232">
    <ele>30.430000000000003</ele>
   </trkpt>
   <trkpt lat="50.90119000000001" lon="4.62249">
    <ele>30.36</ele>
   </trkpt>
   <trkpt lat="50.90126" lon="4.6226400000000005">
    <ele>30.36</ele>
   </trkpt>
   <trkpt lat="50.90122" lon="4.62286">
    <ele>30.500000000000004</ele>
   </trkpt>
   <trkpt lat="50.901230000000005" lon="4.62295">
    <ele>30.500000000000004</ele>
   </trkpt>
   <trkpt lat="50.901340000000005" lon="4.623340000000001">
    <ele>30.570000000000004</ele>
   </trkpt>
   <trkpt lat="50.901340000000005" lon="4.62347">
    <ele>30.570000000000004</ele>
   </trkpt>
   <trkpt lat="50.901410000000006" lon="4.62375">
    <ele>30.55</ele>
   </trkpt>
   <trkpt lat="50.901450000000004" lon="4.623810000000001">
    <ele>30.55</ele>
   </trkpt>
   <trkpt lat="50.901520000000005" lon="4.62406">
    <ele>30.570000000000004</ele>
   </trkpt>
   <trkpt lat="50.90157000000001" lon="4.62479">
    <ele>30.490000000000002</ele>
   </trkpt>
   <trkpt lat="50.901650000000004" lon="4.6254100000000005">
    <ele>30.410000000000004</ele>
   </trkpt>
   <trkpt lat="50.90171" lon="4.626180000000001">
    <ele>30.55</ele>
   </trkpt>
   <trkpt lat="50.90169" lon="4.62633">
    <ele>30.55</ele>
   </trkpt>
   <trkpt lat="50.90171" lon="4.62645">
    <ele>30.55</ele>
   </trkpt>
   <trkpt lat="50.901700000000005" lon="4.62659">
    <ele>30.53</ele>
   </trkpt>
   <trkpt lat="50.901610000000005" lon="4.62718">
    <ele>30.720000000000002</ele>
   </trkpt>
   <trkpt lat="50.90135751799252" lon="4.628365019279795">
    <ele>30.720000000000002</ele>
   </trkpt>
   <trkpt lat="50.90110502398968" lon="4.629550025707502">
    <ele>30.720000000000002</ele>
   </trkpt>
   <trkpt lat="50.90085251799173" lon="4.630735019282764">
    <ele>32.6</ele>
   </trkpt>
   <trkpt lat="50.900600000000004" lon="4.63192">
    <ele>32.6</ele>
   </trkpt>
   <trkpt lat="50.90061000000001" lon="4.6319300000000005">
    <ele>32.6</ele>
   </trkpt>
   <trkpt lat="50.90057" lon="4.6321">
    <ele>32.71</ele>
   </trkpt>
   <trkpt lat="50.900650004848785" lon="4.633164998228808">
    <ele>32.54</ele>
   </trkpt>
   <trkpt lat="50.90073" lon="4.6342300000000005">
    <ele>32.190000000000005</ele>
   </trkpt>
   <trkpt lat="50.90077" lon="4.63455">
    <ele>32.190000000000005</ele>
   </trkpt>
   <trkpt lat="50.90091" lon="4.63515">
    <ele>32.010000000000005</ele>
   </trkpt>
   <trkpt lat="50.90123000964318" lon="4.63621331866681">
    <ele>31.57</ele>
   </trkpt>
   <trkpt lat="50.90155000962807" lon="4.637276651949699">
    <ele>31.330000000000002</ele>
   </trkpt>
   <trkpt lat="50.90187" lon="4.63834">
    <ele>31.22</ele>
   </trkpt>
   <trkpt lat="50.90198" lon="4.6389700000000005">
    <ele>31.160000000000004</ele>
   </trkpt>
   <trkpt lat="50.90205" lon="4.6397200000000005">
    <ele>31.17</ele>
   </trkpt>
   <trkpt lat="50.90210000288019" lon="4.640539999256113">
    <ele>31.110000000000003</ele>
   </trkpt>
   <trkpt lat="50.902150000000006" lon="4.641360000000001">
    <ele>30.910000000000004</ele>
   </trkpt>
   <trkpt lat="50.902300000000004" lon="4.6420900000000005">
    <ele>30.820000000000004</ele>
   </trkpt>
   <trkpt lat="50.902590000000004" lon="4.64315">
    <ele>30.890000000000004</ele>
   </trkpt>
   <trkpt lat="50.902840000000005" lon="4.643800000000001">
    <ele>30.890000000000004</ele>
   </trkpt>
   <trkpt lat="50.90294" lon="4.64414">
    <ele>30.63</ele>
   </trkpt>
   <trkpt lat="50.90301" lon="4.644550000000001">
    <ele>30.63</ele>
   </trkpt>
   <trkpt lat="50.90305000000001" lon="4.64506">
    <ele>30.63</ele>
   </trkpt>
   <trkpt lat="50.90307000000001" lon="4.64581">
    <ele>30.730000000000004</ele>
   </trkpt>
   <trkpt lat="50.90312" lon="4.64588">
    <ele>30.69</ele>
   </trkpt>
   <trkpt lat="50.903130000000004" lon="4.645930000000001">
    <ele>30.69</ele>
   </trkpt>
   <trkpt lat="50.90307000000001" lon="4.646070000000001">
    <ele>30.62</ele>
   </trkpt>
   <trkpt lat="50.90305000369194" lon="4.647000000495571">
    <ele>30.04</ele>
   </trkpt>
   <trkpt lat="50.90303" lon="4.647930000000001">
    <ele>29.66</ele>
   </trkpt>
   <trkpt lat="50.90305000000001" lon="4.6483300000000005">
    <ele>29.66</ele>
   </trkpt>
   <trkpt lat="50.903090000000006" lon="4.64862">
    <ele>29.59</ele>
   </trkpt>
   <trkpt lat="50.90341000599241" lon="4.649804991836554">
    <ele>29.290000000000003</ele>
   </trkpt>
   <trkpt lat="50.90373" lon="4.65099">
    <ele>29.240000000000002</ele>
   </trkpt>
   <trkpt lat="50.903760000000005" lon="4.651210000000001">
    <ele>29.240000000000002</ele>
   </trkpt>
   <trkpt lat="50.90375500233693" lon="4.651950000354879">
    <ele>29.150000000000002</ele>
   </trkpt>
   <trkpt lat="50.90375" lon="4.652690000000001">
    <ele>29.05</ele>
   </trkpt>
   <trkpt lat="50.90391000284264" lon="4.653499997421008">
    <ele>28.770000000000003</ele>
   </trkpt>
   <trkpt lat="50.904070000000004" lon="4.654310000000001">
    <ele>28.87</ele>
   </trkpt>
   <trkpt lat="50.90415" lon="4.6551100000000005">
    <ele>28.89</ele>
   </trkpt>
   <trkpt lat="50.904133341481895" lon="4.656086667333584">
    <ele>29.150000000000002</ele>
   </trkpt>
   <trkpt lat="50.904116674815775" lon="4.657063333968065">
    <ele>29.44</ele>
   </trkpt>
   <trkpt lat="50.90410000000001" lon="4.658040000000001">
    <ele>30.0</ele>
   </trkpt>
   <trkpt lat="50.904340000000005" lon="4.659330000000001">
    <ele>30.590000000000003</ele>
   </trkpt>
   <trkpt lat="50.904490002130515" lon="4.6600399976059395">
    <ele>30.76</ele>
   </trkpt>
   <trkpt lat="50.90464000000001" lon="4.66075">
    <ele>30.680000000000003</ele>
   </trkpt>
   <trkpt lat="50.904810000000005" lon="4.66134">
    <ele>30.7</ele>
   </trkpt>
   <trkpt lat="50.905205006758955" lon="4.662599989240318">
    <ele>30.910000000000004</ele>
   </trkpt>
   <trkpt lat="50.90560000000001" lon="4.663860000000001">
    <ele>31.200000000000003</ele>
   </trkpt>
   <trkpt lat="50.90576" lon="4.664490000000001">
    <ele>31.540000000000006</ele>
   </trkpt>
   <trkpt lat="50.90599" lon="4.66551">
    <ele>31.540000000000006</ele>
   </trkpt>
   <trkpt lat="50.90610000786857" lon="4.666469995431841">
    <ele>30.88</ele>
   </trkpt>
   <trkpt lat="50.906210007864985" lon="4.6674299954006075">
    <ele>30.410000000000004</ele>
   </trkpt>
   <trkpt lat="50.90632" lon="4.6683900000000005">
    <ele>29.890000000000004</ele>
   </trkpt>
   <trkpt lat="50.90636000000001" lon="4.66887">
    <ele>29.740000000000002</ele>
   </trkpt>
   <trkpt lat="50.90643000000001" lon="4.66933">
    <ele>29.68</ele>
   </trkpt>
   <trkpt lat="50.906470000000006" lon="4.669440000000001">
    <ele>29.68</ele>
   </trkpt>
   <trkpt lat="50.90652000000001" lon="4.669490000000001">
    <ele>29.68</ele>
   </trkpt>
   <trkpt lat="50.9065" lon="4.66959">
    <ele>29.68</ele>
   </trkpt>
   <trkpt lat="50.906490000000005" lon="4.66981">
    <ele>29.7</ele>
   </trkpt>
   <trkpt lat="50.90659" lon="4.6707">
    <ele>29.210000000000004</ele>
   </trkpt>
   <trkpt lat="50.906580000000005" lon="4.67129">
    <ele>29.32</ele>
   </trkpt>
   <trkpt lat="50.90654000000001" lon="4.6717900000000006">
    <ele>29.43</ele>
   </trkpt>
   <trkpt lat="50.90648" lon="4.672090000000001">
    <ele>29.7</ele>
   </trkpt>
   <trkpt lat="50.90630000218751" lon="4.672795002472338">
    <ele>29.68</ele>
   </trkpt>
   <trkpt lat="50.90612" lon="4.673500000000001">
    <ele>29.48</ele>
   </trkpt>
   <trkpt lat="50.90607000000001" lon="4.67389">
    <ele>30.160000000000004</ele>
   </trkpt>
   <trkpt lat="50.90617" lon="4.67386">
    <ele>29.34</ele>
   </trkpt>
   <trkpt lat="50.90666" lon="4.6738">
    <ele>28.790000000000003</ele>
   </trkpt>
   <trkpt lat="50.906760000000006" lon="4.67389">
    <ele>28.600000000000005</ele>
   </trkpt>
   <trkpt lat="50.906980000000004" lon="4.67431">
    <ele>27.87</ele>
   </trkpt>
   <trkpt lat="50.90711" lon="4.67448">
    <ele>27.87</ele>
   </trkpt>
   <trkpt lat="50.90737000000001" lon="4.6745600000000005">
    <ele>27.15</ele>
   </trkpt>
   <trkpt lat="50.90748000000001" lon="4.6746300000000005">
    <ele>26.990000000000002</ele>
   </trkpt>
   <trkpt lat="50.907900000409164" lon="4.674924997364671">
    <ele>26.150000000000002</ele>
   </trkpt>
   <trkpt lat="50.90832" lon="4.67522">
    <ele>25.910000000000004</ele>
   </trkpt>
   <trkpt lat="50.908350000000006" lon="4.67536">
    <ele>25.730000000000004</ele>
   </trkpt>
   <trkpt lat="50.90879" lon="4.676500000000001">
    <ele>25.05</ele>
   </trkpt>
   <trkpt lat="50.90887000000001" lon="4.67661">
    <ele>24.98</ele>
   </trkpt>
   <trkpt lat="50.90907000000001" lon="4.6767900000000004">
    <ele>24.89</ele>
   </trkpt>
   <trkpt lat="50.909180000000006" lon="4.676970000000001">
    <ele>24.66</ele>
   </trkpt>
   <trkpt lat="50.90919" lon="4.67708">
    <ele>24.66</ele>
   </trkpt>
   <trkpt lat="50.90923" lon="4.6770700000000005">
    <ele>24.560000000000002</ele>
   </trkpt>
   <trkpt lat="50.90923" lon="4.67726">
    <ele>24.48</ele>
   </trkpt>
   <trkpt lat="50.90914" lon="4.67745">
    <ele>24.73</ele>
   </trkpt>
   <trkpt lat="50.90932" lon="4.67729">
    <ele>24.690000000000005</ele>
   </trkpt>
   <trkpt lat="50.909530000000004" lon="4.67705">
    <ele>24.71</ele>
   </trkpt>
   <trkpt lat="50.909580000000005" lon="4.677090000000001">
    <ele>24.700000000000003</ele>
   </trkpt>
   <trkpt lat="50.909670000000006" lon="4.67698">
    <ele>24.520000000000003</ele>
   </trkpt>
   <trkpt lat="50.90973" lon="4.67694">
    <ele>24.520000000000003</ele>
   </trkpt>
   <trkpt lat="50.90986" lon="4.67692">
    <ele>24.39</ele>
   </trkpt>
   <trkpt lat="50.909870000000005" lon="4.6768600000000005">
    <ele>24.39</ele>
   </trkpt>
   <trkpt lat="50.910570000201886" lon="4.677009995490345">
    <ele>23.560000000000002</ele>
   </trkpt>
   <trkpt lat="50.91127000021158" lon="4.6771599954923415">
    <ele>22.830000000000002</ele>
   </trkpt>
   <trkpt lat="50.911970000000004" lon="4.67731">
    <ele>22.53</ele>
   </trkpt>
   <trkpt lat="50.912060000000004" lon="4.677370000000001">
    <ele>22.53</ele>
   </trkpt>
   <trkpt lat="50.912130000000005" lon="4.67745">
    <ele>22.53</ele>
   </trkpt>
   <trkpt lat="50.91227000000001" lon="4.67771">
    <ele>22.240000000000002</ele>
   </trkpt>
   <trkpt lat="50.91274000000001" lon="4.6786900000000005">
    <ele>22.04</ele>
   </trkpt>
   <trkpt lat="50.91282" lon="4.678920000000001">
    <ele>22.04</ele>
   </trkpt>
   <trkpt lat="50.913070000000005" lon="4.679790000000001">
    <ele>21.93</ele>
   </trkpt>
   <trkpt lat="50.91322" lon="4.680210000000001">
    <ele>21.800000000000004</ele>
   </trkpt>
   <trkpt lat="50.91342" lon="4.68062">
    <ele>21.79</ele>
   </trkpt>
   <trkpt lat="50.91371" lon="4.681150000000001">
    <ele>21.57</ele>
   </trkpt>
   <trkpt lat="50.91425" lon="4.68198">
    <ele>21.290000000000003</ele>
   </trkpt>
   <trkpt lat="50.914710001749796" lon="4.682604993933158">
    <ele>21.080000000000002</ele>
   </trkpt>
   <trkpt lat="50.91517" lon="4.68323">
    <ele>20.900000000000002</ele>
   </trkpt>
   <trkpt lat="50.91567000304011" lon="4.683823320623013">
    <ele>20.59</ele>
   </trkpt>
   <trkpt lat="50.91617000307338" lon="4.6844166539956404">
    <ele>20.5</ele>
   </trkpt>
   <trkpt lat="50.91667" lon="4.68501">
    <ele>20.470000000000002</ele>
   </trkpt>
   <trkpt lat="50.916650000000004" lon="4.68513">
    <ele>20.51</ele>
   </trkpt>
   <trkpt lat="50.91669" lon="4.68524">
    <ele>20.51</ele>
   </trkpt>
   <trkpt lat="50.91677000000001" lon="4.6852800000000006">
    <ele>20.51</ele>
   </trkpt>
   <trkpt lat="50.916810000000005" lon="4.68527">
    <ele>20.51</ele>
   </trkpt>
   <trkpt lat="50.91684000000001" lon="4.685230000000001">
    <ele>20.51</ele>
   </trkpt>
   <trkpt lat="50.91702" lon="4.68546">
    <ele>20.51</ele>
   </trkpt>
   <trkpt lat="50.91761250458806" lon="4.686057477190905">
    <ele>20.17</ele>
   </trkpt>
   <trkpt lat="50.91820500612703" lon="4.686654969597061">
    <ele>20.51</ele>
   </trkpt>
   <trkpt lat="50.918797504616784" lon="4.6872524772191">
    <ele>20.78</ele>
   </trkpt>
   <trkpt lat="50.91939000000001" lon="4.68785">
    <ele>20.78</ele>
   </trkpt>
   <trkpt lat="50.92007000113386" lon="4.688349992741543">
    <ele>20.790000000000003</ele>
   </trkpt>
   <trkpt lat="50.920750000000005" lon="4.68885">
    <ele>20.610000000000003</ele>
   </trkpt>
   <trkpt lat="50.92127000156491" lon="4.6894449934109135">
    <ele>20.380000000000003</ele>
   </trkpt>
   <trkpt lat="50.92179" lon="4.690040000000001">
    <ele>20.19</ele>
   </trkpt>
   <trkpt lat="50.92186" lon="4.690130000000001">
    <ele>20.040000000000003</ele>
   </trkpt>
   <trkpt lat="50.921910000000004" lon="4.690230000000001">
    <ele>20.040000000000003</ele>
   </trkpt>
   <trkpt lat="50.92210000238626" lon="4.690984996726079">
    <ele>19.770000000000003</ele>
   </trkpt>
   <trkpt lat="50.922290000000004" lon="4.69174">
    <ele>19.41</ele>
   </trkpt>
   <trkpt lat="50.9224" lon="4.691870000000001">
    <ele>19.41</ele>
   </trkpt>
   <trkpt lat="50.922450000000005" lon="4.6919">
    <ele>19.41</ele>
   </trkpt>
   <trkpt lat="50.92295000000001" lon="4.69204">
    <ele>18.96</ele>
   </trkpt>
   <trkpt lat="50.923640000000006" lon="4.69221">
    <ele>18.88</ele>
   </trkpt>
   <trkpt lat="50.923680000000004" lon="4.69221">
    <ele>18.88</ele>
   </trkpt>
   <trkpt lat="50.92378" lon="4.69214">
    <ele>18.88</ele>
   </trkpt>
   <trkpt lat="50.923880000000004" lon="4.69214">
    <ele>18.88</ele>
   </trkpt>
   <trkpt lat="50.924260000000004" lon="4.69231">
    <ele>18.62</ele>
   </trkpt>
   <trkpt lat="50.92486" lon="4.69238">
    <ele>17.85</ele>
   </trkpt>
   <trkpt lat="50.92506" lon="4.6924600000000005">
    <ele>17.740000000000002</ele>
   </trkpt>
   <trkpt lat="50.92548500193616" lon="4.693119994088466">
    <ele>17.650000000000002</ele>
   </trkpt>
   <trkpt lat="50.92591" lon="4.69378">
    <ele>17.84</ele>
   </trkpt>
   <trkpt lat="50.92618" lon="4.69409">
    <ele>17.75</ele>
   </trkpt>
   <trkpt lat="50.926750000000006" lon="4.69467">
    <ele>17.720000000000002</ele>
   </trkpt>
   <trkpt lat="50.927440001786714" lon="4.695294990836765">
    <ele>17.380000000000003</ele>
   </trkpt>
   <trkpt lat="50.92813" lon="4.69592">
    <ele>17.18</ele>
   </trkpt>
   <trkpt lat="50.928570000317265" lon="4.6962299970020505">
    <ele>16.790000000000003</ele>
   </trkpt>
   <trkpt lat="50.929010000000005" lon="4.696540000000001">
    <ele>16.66</ele>
   </trkpt>
   <trkpt lat="50.929500000000004" lon="4.696840000000001">
    <ele>16.76</ele>
   </trkpt>
   <trkpt lat="50.929550000000006" lon="4.696910000000001">
    <ele>16.76</ele>
   </trkpt>
   <trkpt lat="50.92974" lon="4.6969">
    <ele>16.68</ele>
   </trkpt>
   <trkpt lat="50.930550000000004" lon="4.69709">
    <ele>16.630000000000003</ele>
   </trkpt>
   <trkpt lat="50.931390000068724" lon="4.697183329961439">
    <ele>16.85</ele>
   </trkpt>
   <trkpt lat="50.932230000063065" lon="4.69727666329407">
    <ele>16.720000000000002</ele>
   </trkpt>
   <trkpt lat="50.93307" lon="4.69737">
    <ele>16.439999999999998</ele>
   </trkpt>
   <trkpt lat="50.93336000000001" lon="4.69737">
    <ele>15.700000000000001</ele>
   </trkpt>
   <trkpt lat="50.93366" lon="4.69753">
    <ele>15.56</ele>
   </trkpt>
   <trkpt lat="50.93381" lon="4.697570000000001">
    <ele>15.47</ele>
   </trkpt>
   <trkpt lat="50.93430000005087" lon="4.697505000680506">
    <ele>14.8</ele>
   </trkpt>
   <trkpt lat="50.93479000000001" lon="4.69744">
    <ele>14.350000000000001</ele>
   </trkpt>
   <trkpt lat="50.935080000000006" lon="4.69735">
    <ele>14.17</ele>
   </trkpt>
   <trkpt lat="50.93583" lon="4.69702">
    <ele>13.950000000000001</ele>
   </trkpt>
   <trkpt lat="50.936470001722576" lon="4.696395008548359">
    <ele>13.72</ele>
   </trkpt>
   <trkpt lat="50.937110000000004" lon="4.69577">
    <ele>13.690000000000001</ele>
   </trkpt>
   <trkpt lat="50.93771" lon="4.695130000000001">
    <ele>13.64</ele>
   </trkpt>
   <trkpt lat="50.93798" lon="4.6949000000000005">
    <ele>13.680000000000001</ele>
   </trkpt>
   <trkpt lat="50.938230000000004" lon="4.6947600000000005">
    <ele>13.63</ele>
   </trkpt>
   <trkpt lat="50.93872000009612" lon="4.694525002543409">
    <ele>13.580000000000002</ele>
   </trkpt>
   <trkpt lat="50.93921" lon="4.6942900000000005">
    <ele>13.49</ele>
   </trkpt>
   <trkpt lat="50.93978666758808" lon="4.693960008190398">
    <ele>13.330000000000002</ele>
   </trkpt>
   <trkpt lat="50.940363334246214" lon="4.693630008195416">
    <ele>13.200000000000001</ele>
   </trkpt>
   <trkpt lat="50.940940000000005" lon="4.693300000000001">
    <ele>13.250000000000002</ele>
   </trkpt>
   <trkpt lat="50.94109" lon="4.693250000000001">
    <ele>13.250000000000002</ele>
   </trkpt>
   <trkpt lat="50.94156" lon="4.693180000000001">
    <ele>13.110000000000001</ele>
   </trkpt>
   <trkpt lat="50.941750000000006" lon="4.693180000000001">
    <ele>13.05</ele>
   </trkpt>
   <trkpt lat="50.94185" lon="4.69322">
    <ele>13.05</ele>
   </trkpt>
   <trkpt lat="50.942440000000005" lon="4.69355">
    <ele>12.700000000000001</ele>
   </trkpt>
   <trkpt lat="50.94274000000001" lon="4.6937500000000005">
    <ele>12.66</ele>
   </trkpt>
   <trkpt lat="50.943000000000005" lon="4.69399">
    <ele>13.110000000000001</ele>
   </trkpt>
   <trkpt lat="50.943270000000005" lon="4.6943">
    <ele>13.01</ele>
   </trkpt>
   <trkpt lat="50.94372333906812" lon="4.6951199839952285">
    <ele>13.01</ele>
   </trkpt>
   <trkpt lat="50.944176672394406" lon="4.695939983982213">
    <ele>11.690000000000001</ele>
   </trkpt>
   <trkpt lat="50.944630000000004" lon="4.69676">
    <ele>11.690000000000001</ele>
   </trkpt>
   <trkpt lat="50.945210019189595" lon="4.697819947100203">
    <ele>11.690000000000001</ele>
   </trkpt>
   <trkpt lat="50.945790028785034" lon="4.698879920649911">
    <ele>11.690000000000001</ele>
   </trkpt>
   <trkpt lat="50.94637002878589" lon="4.699939920649894">
    <ele>10.77</ele>
   </trkpt>
   <trkpt lat="50.94695001919171" lon="4.70099994710092">
    <ele>10.77</ele>
   </trkpt>
   <trkpt lat="50.94753000000001" lon="4.70206">
    <ele>10.77</ele>
   </trkpt>
   <trkpt lat="50.94765" lon="4.70246">
    <ele>11.46</ele>
   </trkpt>
   <trkpt lat="50.947750000000006" lon="4.7029700000000005">
    <ele>11.47</ele>
   </trkpt>
   <trkpt lat="50.947810000000004" lon="4.70336">
    <ele>11.47</ele>
   </trkpt>
   <trkpt lat="50.94776" lon="4.7033700000000005">
    <ele>11.410000000000002</ele>
   </trkpt>
   <trkpt lat="50.947990000000004" lon="4.704680000000001">
    <ele>11.160000000000002</ele>
   </trkpt>
   <trkpt lat="50.948246678153836" lon="4.705839987175263">
    <ele>11.120000000000001</ele>
   </trkpt>
   <trkpt lat="50.948503344817446" lon="4.70699998716117">
    <ele>10.96</ele>
   </trkpt>
   <trkpt lat="50.94876000000001" lon="4.70816">
    <ele>11.28</ele>
   </trkpt>
   <trkpt lat="50.94879" lon="4.708150000000001">
    <ele>11.47</ele>
   </trkpt>
   <trkpt lat="50.94892" lon="4.708760000000001">
    <ele>11.81</ele>
   </trkpt>
   <trkpt lat="50.949070000000006" lon="4.70936">
    <ele>12.270000000000001</ele>
   </trkpt>
   <trkpt lat="50.94919" lon="4.7096800000000005">
    <ele>12.610000000000001</ele>
   </trkpt>
   <trkpt lat="50.949290000000005" lon="4.70988">
    <ele>12.74</ele>
   </trkpt>
   <trkpt lat="50.94932000000001" lon="4.70985">
    <ele>13.120000000000001</ele>
   </trkpt>
   <trkpt lat="50.949725002426526" lon="4.7105999935111">
    <ele>13.170000000000002</ele>
   </trkpt>
   <trkpt lat="50.95013" lon="4.71135">
    <ele>13.3</ele>
   </trkpt>
   <trkpt lat="50.95013" lon="4.71145">
    <ele>13.32</ele>
   </trkpt>
   <trkpt lat="50.95022" lon="4.711530000000001">
    <ele>13.280000000000001</ele>
   </trkpt>
   <trkpt lat="50.950590000000005" lon="4.71199">
    <ele>13.23</ele>
   </trkpt>
   <trkpt lat="50.950950000000006" lon="4.71255">
    <ele>13.410000000000002</ele>
   </trkpt>
   <trkpt lat="50.951280000000004" lon="4.71302">
    <ele>13.600000000000001</ele>
   </trkpt>
   <trkpt lat="50.95136" lon="4.71304">
    <ele>13.600000000000001</ele>
   </trkpt>
   <trkpt lat="50.951890000000006" lon="4.71372">
    <ele>13.840000000000002</ele>
   </trkpt>
   <trkpt lat="50.952370001569115" lon="4.714289994329182">
    <ele>13.670000000000002</ele>
   </trkpt>
   <trkpt lat="50.952850000000005" lon="4.714860000000001">
    <ele>13.32</ele>
   </trkpt>
   <trkpt lat="50.952830000000006" lon="4.71492">
    <ele>13.49</ele>
   </trkpt>
   <trkpt lat="50.953140000000005" lon="4.71529">
    <ele>13.27</ele>
   </trkpt>
   <trkpt lat="50.953120000000006" lon="4.715330000000001">
    <ele>13.27</ele>
   </trkpt>
   <trkpt lat="50.95333" lon="4.71558">
    <ele>13.27</ele>
   </trkpt>
   <trkpt lat="50.95355000000001" lon="4.71591">
    <ele>12.97</ele>
   </trkpt>
   <trkpt lat="50.95378" lon="4.71635">
    <ele>12.730000000000002</ele>
   </trkpt>
   <trkpt lat="50.953810000000004" lon="4.71631">
    <ele>12.730000000000002</ele>
   </trkpt>
   <trkpt lat="50.95393000000001" lon="4.71663">
    <ele>12.63</ele>
   </trkpt>
   <trkpt lat="50.95407" lon="4.71706">
    <ele>12.47</ele>
   </trkpt>
   <trkpt lat="50.954250002047864" lon="4.717744997516347">
    <ele>12.24</ele>
   </trkpt>
   <trkpt lat="50.95443" lon="4.718430000000001">
    <ele>11.250000000000002</ele>
   </trkpt>
   <trkpt lat="50.954648023301466" lon="4.719597978104742">
    <ele>11.250000000000002</ele>
   </trkpt>
   <trkpt lat="50.954866034954414" lon="4.720765967168294">
    <ele>11.250000000000002</ele>
   </trkpt>
   <trkpt lat="50.955084034958645" lon="4.721933967190259">
    <ele>11.23</ele>
   </trkpt>
   <trkpt lat="50.95530202331394" lon="4.723101978170242">
    <ele>11.23</ele>
   </trkpt>
   <trkpt lat="50.95552000000001" lon="4.724270000000001">
    <ele>11.23</ele>
   </trkpt>
   <trkpt lat="50.95576334216892" lon="4.7252866560607405">
    <ele>11.05</ele>
   </trkpt>
   <trkpt lat="50.9560066755122" lon="4.726303322768756">
    <ele>11.01</ele>
   </trkpt>
   <trkpt lat="50.956250000000004" lon="4.727320000000001">
    <ele>11.09</ele>
   </trkpt>
   <trkpt lat="50.95633" lon="4.72801">
    <ele>11.3</ele>
   </trkpt>
   <trkpt lat="50.95633" lon="4.72876">
    <ele>11.46</ele>
   </trkpt>
   <trkpt lat="50.956310002274066" lon="4.729490000353508">
    <ele>11.410000000000002</ele>
   </trkpt>
   <trkpt lat="50.95629" lon="4.73022">
    <ele>11.420000000000002</ele>
   </trkpt>
   <trkpt lat="50.95629" lon="4.7309600000000005">
    <ele>11.31</ele>
   </trkpt>
   <trkpt lat="50.956360000000004" lon="4.731610000000001">
    <ele>11.31</ele>
   </trkpt>
   <trkpt lat="50.95651" lon="4.73231">
    <ele>11.370000000000001</ele>
   </trkpt>
   <trkpt lat="50.956520000000005" lon="4.73231">
    <ele>10.96</ele>
   </trkpt>
   <trkpt lat="50.956853343342914" lon="4.733393317753846">
    <ele>10.96</ele>
   </trkpt>
   <trkpt lat="50.957186676664854" lon="4.734476651049939">
    <ele>11.21</ele>
   </trkpt>
   <trkpt lat="50.95752" lon="4.73556">
    <ele>11.21</ele>
   </trkpt>
   <trkpt lat="50.957640000000005" lon="4.735810000000001">
    <ele>11.74</ele>
   </trkpt>
   <trkpt lat="50.9577" lon="4.735950000000001">
    <ele>11.82</ele>
   </trkpt>
   <trkpt lat="50.958310000000004" lon="4.7369900000000005">
    <ele>12.290000000000001</ele>
   </trkpt>
   <trkpt lat="50.958830000000006" lon="4.73791">
    <ele>12.55</ele>
   </trkpt>
   <trkpt lat="50.95895" lon="4.73819">
    <ele>12.97</ele>
   </trkpt>
   <trkpt lat="50.959325014464575" lon="4.73925247429143">
    <ele>12.97</ele>
   </trkpt>
   <trkpt lat="50.95970001929029" lon="4.740314965733178">
    <ele>16.880000000000003</ele>
   </trkpt>
   <trkpt lat="50.96007501447685" lon="4.741377474325311">
    <ele>16.880000000000003</ele>
   </trkpt>
   <trkpt lat="50.96045" lon="4.74244">
    <ele>16.880000000000003</ele>
   </trkpt>
   <trkpt lat="50.96049000000001" lon="4.7426200000000005">
    <ele>15.450000000000001</ele>
   </trkpt>
   <trkpt lat="50.960570000000004" lon="4.74373">
    <ele>15.950000000000003</ele>
   </trkpt>
   <trkpt lat="50.960530000000006" lon="4.744000000000001">
    <ele>15.950000000000003</ele>
   </trkpt>
   <trkpt lat="50.96059" lon="4.7440500000000005">
    <ele>18.14</ele>
   </trkpt>
   <trkpt lat="50.960753341409664" lon="4.745023326413973">
    <ele>18.14</ele>
   </trkpt>
   <trkpt lat="50.9609166747303" lon="4.745996659671404">
    <ele>22.96</ele>
   </trkpt>
   <trkpt lat="50.96108" lon="4.74697">
    <ele>23.03</ele>
   </trkpt>
   <trkpt lat="50.96108" lon="4.7469600000000005">
    <ele>17.830000000000002</ele>
   </trkpt>
   <trkpt lat="50.96118000224718" lon="4.747679998695314">
    <ele>18.28</ele>
   </trkpt>
   <trkpt lat="50.96128" lon="4.7484">
    <ele>18.860000000000003</ele>
   </trkpt>
   <trkpt lat="50.96135500231507" lon="4.749139998580898">
    <ele>19.69</ele>
   </trkpt>
   <trkpt lat="50.96143000000001" lon="4.74988">
    <ele>20.43</ele>
   </trkpt>
   <trkpt lat="50.96154500784998" lon="4.751234996783197">
    <ele>21.040000000000003</ele>
   </trkpt>
   <trkpt lat="50.96166" lon="4.7525900000000005">
    <ele>22.88</ele>
   </trkpt>
   <trkpt lat="50.961720002685" lon="4.753379999251092">
    <ele>24.860000000000003</ele>
   </trkpt>
   <trkpt lat="50.961780000000005" lon="4.75417">
    <ele>26.78</ele>
   </trkpt>
   <trkpt lat="50.96190000000001" lon="4.75495">
    <ele>28.490000000000002</ele>
   </trkpt>
   <trkpt lat="50.96213001628127" lon="4.756077483253445">
    <ele>28.690000000000005</ele>
   </trkpt>
   <trkpt lat="50.96236002170833" lon="4.757204977670685">
    <ele>26.500000000000004</ele>
   </trkpt>
   <trkpt lat="50.962590016280984" lon="4.758332483251396">
    <ele>22.88</ele>
   </trkpt>
   <trkpt lat="50.96282" lon="4.759460000000001">
    <ele>20.330000000000002</ele>
   </trkpt>
   <trkpt lat="50.96304501346241" lon="4.760484985137982">
    <ele>18.62</ele>
   </trkpt>
   <trkpt lat="50.96327001795446" lon="4.761509980204496">
    <ele>17.210000000000004</ele>
   </trkpt>
   <trkpt lat="50.96349501347598" lon="4.76253498519932">
    <ele>16.57</ele>
   </trkpt>
   <trkpt lat="50.96372" lon="4.76356">
    <ele>15.780000000000003</ele>
   </trkpt>
   <trkpt lat="50.963730000000005" lon="4.7635700000000005">
    <ele>20.05</ele>
   </trkpt>
   <trkpt lat="50.9639950626526" lon="4.7648469344311515">
    <ele>20.05</ele>
   </trkpt>
   <trkpt lat="50.96426011138293" lon="4.766123883433271">
    <ele>20.05</ele>
   </trkpt>
   <trkpt lat="50.964525146190724" lon="4.767400847005898">
    <ele>20.05</ele>
   </trkpt>
   <trkpt lat="50.96479016707568" lon="4.768677825148569">
    <ele>20.05</ele>
   </trkpt>
   <trkpt lat="50.965055174037495" lon="4.769954817860826">
    <ele>19.96</ele>
   </trkpt>
   <trkpt lat="50.9653201670759" lon="4.7712318251422055">
    <ele>19.96</ele>
   </trkpt>
   <trkpt lat="50.96558514619061" lon="4.772508846992247">
    <ele>19.96</ele>
   </trkpt>
   <trkpt lat="50.965850111381314" lon="4.773785883410487">
    <ele>19.96</ele>
   </trkpt>
   <trkpt lat="50.966115062647724" lon="4.775062934396465">
    <ele>19.96</ele>
   </trkpt>
   <trkpt lat="50.96638" lon="4.77634">
    <ele>19.96</ele>
   </trkpt>
   <trkpt lat="50.96645" lon="4.77644">
    <ele>19.950000000000003</ele>
   </trkpt>
   <trkpt lat="50.96645" lon="4.77643">
    <ele>16.6</ele>
   </trkpt>
   <trkpt lat="50.96704333473804" lon="4.77683332304038">
    <ele>15.620000000000001</ele>
   </trkpt>
   <trkpt lat="50.967636668087145" lon="4.777236656384271">
    <ele>15.600000000000001</ele>
   </trkpt>
   <trkpt lat="50.968230000000005" lon="4.777640000000001">
    <ele>15.46</ele>
   </trkpt>
   <trkpt lat="50.96870000059939" lon="4.777949996987983">
    <ele>15.280000000000001</ele>
   </trkpt>
   <trkpt lat="50.969170000000005" lon="4.77826">
    <ele>15.250000000000002</ele>
   </trkpt>
   <trkpt lat="50.96945" lon="4.778420000000001">
    <ele>15.13</ele>
   </trkpt>
   <trkpt lat="50.969660000000005" lon="4.77852">
    <ele>15.05</ele>
   </trkpt>
   <trkpt lat="50.97023500032453" lon="4.778769996930139">
    <ele>14.57</ele>
   </trkpt>
   <trkpt lat="50.97081000000001" lon="4.77902">
    <ele>14.180000000000001</ele>
   </trkpt>
   <trkpt lat="50.97093" lon="4.779120000000001">
    <ele>14.090000000000002</ele>
   </trkpt>
   <trkpt lat="50.971320000000006" lon="4.779590000000001">
    <ele>13.4</ele>
   </trkpt>
   <trkpt lat="50.97138" lon="4.779750000000001">
    <ele>13.15</ele>
   </trkpt>
   <trkpt lat="50.971410000000006" lon="4.779750000000001">
    <ele>13.15</ele>
   </trkpt>
   <trkpt lat="50.97146000000001" lon="4.779780000000001">
    <ele>14.300000000000002</ele>
   </trkpt>
   <trkpt lat="50.97151" lon="4.7798300000000005">
    <ele>14.300000000000002</ele>
   </trkpt>
   <trkpt lat="50.971540000000005" lon="4.78002">
    <ele>14.34</ele>
   </trkpt>
   <trkpt lat="50.97235000104868" lon="4.780239980819153">
    <ele>14.34</ele>
   </trkpt>
   <trkpt lat="50.9731600016842" lon="4.7804599693117">
    <ele>14.34</ele>
   </trkpt>
   <trkpt lat="50.97397000190651" lon="4.780679965478126">
    <ele>12.68</ele>
   </trkpt>
   <trkpt lat="50.97478000171561" lon="4.780899969318919">
    <ele>12.68</ele>
   </trkpt>
   <trkpt lat="50.97559000111144" lon="4.781119980834562">
    <ele>12.68</ele>
   </trkpt>
   <trkpt lat="50.976400000000005" lon="4.78134">
    <ele>12.71</ele>
   </trkpt>
   <trkpt lat="50.97639" lon="4.78134">
    <ele>12.38</ele>
   </trkpt>
   <trkpt lat="50.977250000000005" lon="4.78152">
    <ele>12.33</ele>
   </trkpt>
   <trkpt lat="50.97792499989934" lon="4.781604998747809">
    <ele>12.270000000000001</ele>
   </trkpt>
   <trkpt lat="50.97860000000001" lon="4.78169">
    <ele>13.3</ele>
   </trkpt>
   <trkpt lat="50.97914" lon="4.78167">
    <ele>13.860000000000001</ele>
   </trkpt>
   <trkpt lat="50.97986500022178" lon="4.7815600016918065">
    <ele>13.290000000000001</ele>
   </trkpt>
   <trkpt lat="50.98059000000001" lon="4.78145">
    <ele>12.820000000000002</ele>
   </trkpt>
   <trkpt lat="50.981010000000005" lon="4.78141">
    <ele>12.770000000000001</ele>
   </trkpt>
   <trkpt lat="50.98124000000001" lon="4.78141">
    <ele>12.780000000000001</ele>
   </trkpt>
   <trkpt lat="50.98171000000001" lon="4.781490000000001">
    <ele>12.66</ele>
   </trkpt>
   <trkpt lat="50.98221500014389" lon="4.781694997755727">
    <ele>12.49</ele>
   </trkpt>
   <trkpt lat="50.98272000000001" lon="4.7819">
    <ele>12.33</ele>
   </trkpt>
   <trkpt lat="50.98293" lon="4.78193">
    <ele>12.47</ele>
   </trkpt>
   <trkpt lat="50.98321000000001" lon="4.78193">
    <ele>12.63</ele>
   </trkpt>
   <trkpt lat="50.98374999988784" lon="4.781840001071325">
    <ele>13.38</ele>
   </trkpt>
   <trkpt lat="50.98429" lon="4.781750000000001">
    <ele>14.520000000000001</ele>
   </trkpt>
   <trkpt lat="50.98436" lon="4.78169">
    <ele>14.520000000000001</ele>
   </trkpt>
   <trkpt lat="50.984370000000006" lon="4.7814700000000006">
    <ele>14.25</ele>
   </trkpt>
   <trkpt lat="50.984280000000005" lon="4.78075">
    <ele>13.930000000000001</ele>
   </trkpt>
   <trkpt lat="50.984280000000005" lon="4.7805800000000005">
    <ele>13.53</ele>
   </trkpt>
   <trkpt lat="50.984370000000006" lon="4.77925">
    <ele>12.17</ele>
   </trkpt>
   <trkpt lat="50.98443" lon="4.779050000000001">
    <ele>12.17</ele>
   </trkpt>
   <trkpt lat="50.98454" lon="4.77888">
    <ele>11.98</ele>
   </trkpt>
   <trkpt lat="50.98461" lon="4.7788">
    <ele>11.82</ele>
   </trkpt>
   <trkpt lat="50.984750000000005" lon="4.77869">
    <ele>11.750000000000002</ele>
   </trkpt>
   <trkpt lat="50.985130000000005" lon="4.77847">
    <ele>11.56</ele>
   </trkpt>
   <trkpt lat="50.985350000000004" lon="4.77827">
    <ele>11.510000000000002</ele>
   </trkpt>
   <trkpt lat="50.98557" lon="4.77798">
    <ele>11.63</ele>
   </trkpt>
   <trkpt lat="50.98583000000001" lon="4.77749">
    <ele>12.270000000000001</ele>
   </trkpt>
   <trkpt lat="50.9859" lon="4.7773900000000005">
    <ele>12.63</ele>
   </trkpt>
   <trkpt lat="50.986000000000004" lon="4.77733">
    <ele>12.770000000000001</ele>
   </trkpt>
   <trkpt lat="50.98602" lon="4.77751">
    <ele>13.53</ele>
   </trkpt>
   <trkpt lat="50.98617000262396" lon="4.778294997430192">
    <ele>16.330000000000002</ele>
   </trkpt>
   <trkpt lat="50.986320000000006" lon="4.77908">
    <ele>17.86</ele>
   </trkpt>
   <trkpt lat="50.98641000000001" lon="4.779710000000001">
    <ele>18.160000000000004</ele>
   </trkpt>
   <trkpt lat="50.98649" lon="4.780620000000001">
    <ele>18.61</ele>
   </trkpt>
   <trkpt lat="50.986560000000004" lon="4.781630000000001">
    <ele>19.14</ele>
   </trkpt>
   <trkpt lat="50.986540000000005" lon="4.78164">
    <ele>19.07</ele>
   </trkpt>
   <trkpt lat="50.98651" lon="4.78171">
    <ele>19.07</ele>
   </trkpt>
   <trkpt lat="50.98653" lon="4.78179">
    <ele>19.12</ele>
   </trkpt>
   <trkpt lat="50.986580000000004" lon="4.78181">
    <ele>19.12</ele>
   </trkpt>
   <trkpt lat="50.98659000000001" lon="4.781820000000001">
    <ele>19.48</ele>
   </trkpt>
   <trkpt lat="50.98669252429885" lon="4.78319749088795">
    <ele>19.48</ele>
   </trkpt>
   <trkpt lat="50.986795032399215" lon="4.784574987860248">
    <ele>19.5</ele>
   </trkpt>
   <trkpt lat="50.98689752430099" lon="4.785952490915983">
    <ele>19.5</ele>
   </trkpt>
   <trkpt lat="50.987" lon="4.787330000000001">
    <ele>19.5</ele>
   </trkpt>
   <trkpt lat="50.987030000000004" lon="4.7875700000000005">
    <ele>18.37</ele>
   </trkpt>
   <trkpt lat="50.987337515002466" lon="4.788652478477633">
    <ele>18.87</ele>
   </trkpt>
   <trkpt lat="50.98764502000178" lon="4.7897349712977135">
    <ele>19.040000000000003</ele>
   </trkpt>
   <trkpt lat="50.98795251499771" lon="4.7908174784601245">
    <ele>18.740000000000002</ele>
   </trkpt>
   <trkpt lat="50.988260000000004" lon="4.7919">
    <ele>18.0</ele>
   </trkpt>
   <trkpt lat="50.98848000621021" lon="4.793104994356943">
    <ele>16.78</ele>
   </trkpt>
   <trkpt lat="50.9887" lon="4.79431">
    <ele>16.080000000000002</ele>
   </trkpt>
   <trkpt lat="50.98879" lon="4.794630000000001">
    <ele>15.82</ele>
   </trkpt>
   <trkpt lat="50.98910000000001" lon="4.79537">
    <ele>15.72</ele>
   </trkpt>
   <trkpt lat="50.98921000000001" lon="4.7953">
    <ele>15.580000000000002</ele>
   </trkpt>
   <trkpt lat="50.98985500051347" lon="4.795010003960569">
    <ele>15.65</ele>
   </trkpt>
   <trkpt lat="50.990500000000004" lon="4.794720000000001">
    <ele>16.8</ele>
   </trkpt>
   <trkpt lat="50.99096500001075" lon="4.794540001852775">
    <ele>18.01</ele>
   </trkpt>
   <trkpt lat="50.99143" lon="4.79436">
    <ele>18.910000000000004</ele>
   </trkpt>
   <trkpt lat="50.992200000000004" lon="4.79396">
    <ele>19.560000000000002</ele>
   </trkpt>
   <trkpt lat="50.99233" lon="4.79391">
    <ele>19.73</ele>
   </trkpt>
   <trkpt lat="50.992470000000004" lon="4.793880000000001">
    <ele>19.73</ele>
   </trkpt>
   <trkpt lat="50.993" lon="4.793850000000001">
    <ele>20.12</ele>
   </trkpt>
   <trkpt lat="50.993550000000006" lon="4.793760000000001">
    <ele>20.78</ele>
   </trkpt>
   <trkpt lat="50.99419" lon="4.793640000000001">
    <ele>21.810000000000002</ele>
   </trkpt>
   <trkpt lat="50.99456000000001" lon="4.79361">
    <ele>22.21</ele>
   </trkpt>
   <trkpt lat="50.994820000000004" lon="4.793620000000001">
    <ele>22.240000000000002</ele>
   </trkpt>
   <trkpt lat="50.99546" lon="4.793740000000001">
    <ele>22.18</ele>
   </trkpt>
   <trkpt lat="50.99629" lon="4.79384">
    <ele>22.660000000000004</ele>
   </trkpt>
   <trkpt lat="50.996950000000005" lon="4.79384">
    <ele>21.66</ele>
   </trkpt>
   <trkpt lat="50.99752500000765" lon="4.7938200002476306">
    <ele>20.71</ele>
   </trkpt>
   <trkpt lat="50.9981" lon="4.7938">
    <ele>20.130000000000003</ele>
   </trkpt>
   <trkpt lat="50.99885500020182" lon="4.793834999439599">
    <ele>19.44</ele>
   </trkpt>
   <trkpt lat="50.999610000000004" lon="4.79387">
    <ele>18.7</ele>
   </trkpt>
   <trkpt lat="51.000280000000004" lon="4.793950000000001">
    <ele>18.12</ele>
   </trkpt>
   <trkpt lat="51.00107499997187" lon="4.7939400001717125">
    <ele>17.890000000000004</ele>
   </trkpt>
   <trkpt lat="51.001870000000004" lon="4.7939300000000005">
    <ele>17.97</ele>
   </trkpt>
   <trkpt lat="51.00242" lon="4.7940000000000005">
    <ele>17.32</ele>
   </trkpt>
   <trkpt lat="51.003284999937506" lon="4.79404499915725">
    <ele>16.720000000000002</ele>
   </trkpt>
   <trkpt lat="51.00415" lon="4.794090000000001">
    <ele>15.93</ele>
   </trkpt>
   <trkpt lat="51.00462500000113" lon="4.794159999280327">
    <ele>15.39</ele>
   </trkpt>
   <trkpt lat="51.005100000000006" lon="4.794230000000001">
    <ele>14.84</ele>
   </trkpt>
   <trkpt lat="51.005880000000005" lon="4.79438">
    <ele>13.35</ele>
   </trkpt>
   <trkpt lat="51.005970000000005" lon="4.794370000000001">
    <ele>13.35</ele>
   </trkpt>
   <trkpt lat="51.006240000000005" lon="4.7942800000000005">
    <ele>13.14</ele>
   </trkpt>
   <trkpt lat="51.00636" lon="4.79426">
    <ele>13.09</ele>
   </trkpt>
   <trkpt lat="51.00645" lon="4.79427">
    <ele>13.14</ele>
   </trkpt>
   <trkpt lat="51.00679" lon="4.79436">
    <ele>13.0</ele>
   </trkpt>
   <trkpt lat="51.006750000000004" lon="4.79544">
    <ele>13.200000000000001</ele>
   </trkpt>
   <trkpt lat="51.00677" lon="4.79591">
    <ele>13.27</ele>
   </trkpt>
   <trkpt lat="51.00685000000001" lon="4.79654">
    <ele>13.48</ele>
   </trkpt>
   <trkpt lat="51.007020002795976" lon="4.797339997372175">
    <ele>13.540000000000001</ele>
   </trkpt>
   <trkpt lat="51.00719" lon="4.79814">
    <ele>13.56</ele>
   </trkpt>
   <trkpt lat="51.00736500232563" lon="4.798874997311403">
    <ele>13.38</ele>
   </trkpt>
   <trkpt lat="51.007540000000006" lon="4.79961">
    <ele>13.38</ele>
   </trkpt>
   <trkpt lat="51.00779000000001" lon="4.8005">
    <ele>12.83</ele>
   </trkpt>
   <trkpt lat="51.00801500314383" lon="4.801359995780215">
    <ele>12.76</ele>
   </trkpt>
   <trkpt lat="51.00824" lon="4.80222">
    <ele>13.55</ele>
   </trkpt>
   <trkpt lat="51.008250000000004" lon="4.80243">
    <ele>13.55</ele>
   </trkpt>
   <trkpt lat="51.008010000000006" lon="4.80238">
    <ele>13.7</ele>
   </trkpt>
   <trkpt lat="51.00774000524042" lon="4.803490006534577">
    <ele>12.690000000000001</ele>
   </trkpt>
   <trkpt lat="51.007470000000005" lon="4.804600000000001">
    <ele>13.170000000000002</ele>
   </trkpt>
   <trkpt lat="51.007085010423" lon="4.805502522484921">
    <ele>13.510000000000002</ele>
   </trkpt>
   <trkpt lat="51.00670001389351" lon="4.806405029988342">
    <ele>13.63</ele>
   </trkpt>
   <trkpt lat="51.00631501041181" lon="4.807307522510448">
    <ele>13.71</ele>
   </trkpt>
   <trkpt lat="51.005930000000006" lon="4.808210000000001">
    <ele>14.06</ele>
   </trkpt>
   <trkpt lat="51.00552000387974" lon="4.80916500847011">
    <ele>13.860000000000001</ele>
   </trkpt>
   <trkpt lat="51.00511" lon="4.81012">
    <ele>13.920000000000002</ele>
   </trkpt>
   <trkpt lat="51.00497000000001" lon="4.81041">
    <ele>13.97</ele>
   </trkpt>
   <trkpt lat="51.004900000000006" lon="4.81059">
    <ele>14.07</ele>
   </trkpt>
   <trkpt lat="51.00477000000001" lon="4.810650000000001">
    <ele>14.07</ele>
   </trkpt>
   <trkpt lat="51.00462" lon="4.810770000000001">
    <ele>14.17</ele>
   </trkpt>
   <trkpt lat="51.00424" lon="4.81155">
    <ele>14.22</ele>
   </trkpt>
   <trkpt lat="51.00405000000001" lon="4.8120400000000005">
    <ele>14.610000000000001</ele>
   </trkpt>
   <trkpt lat="51.003745004601114" lon="4.8130850070741955">
    <ele>14.63</ele>
   </trkpt>
   <trkpt lat="51.003440000000005" lon="4.8141300000000005">
    <ele>14.84</ele>
   </trkpt>
   <trkpt lat="51.00332" lon="4.8144100000000005">
    <ele>14.84</ele>
   </trkpt>
   <trkpt lat="51.002955002337124" lon="4.815145005719318">
    <ele>14.860000000000001</ele>
   </trkpt>
   <trkpt lat="51.002590000000005" lon="4.815880000000001">
    <ele>14.88</ele>
   </trkpt>
   <trkpt lat="51.00222000224899" lon="4.816605005770916">
    <ele>14.84</ele>
   </trkpt>
   <trkpt lat="51.001850000000005" lon="4.81733">
    <ele>14.990000000000002</ele>
   </trkpt>
   <trkpt lat="51.00182" lon="4.817480000000001">
    <ele>15.280000000000001</ele>
   </trkpt>
   <trkpt lat="51.0017700022097" lon="4.818195000372474">
    <ele>15.320000000000002</ele>
   </trkpt>
   <trkpt lat="51.001720000000006" lon="4.818910000000001">
    <ele>15.27</ele>
   </trkpt>
   <trkpt lat="51.001650000000005" lon="4.819310000000001">
    <ele>15.35</ele>
   </trkpt>
   <trkpt lat="51.00144" lon="4.8203000000000005">
    <ele>15.47</ele>
   </trkpt>
   <trkpt lat="51.00113" lon="4.82148">
    <ele>15.14</ele>
   </trkpt>
   <trkpt lat="51.001050000000006" lon="4.8218700000000005">
    <ele>15.14</ele>
   </trkpt>
   <trkpt lat="51.001020000000004" lon="4.82233">
    <ele>15.13</ele>
   </trkpt>
   <trkpt lat="51.00103000000001" lon="4.822900000000001">
    <ele>15.18</ele>
   </trkpt>
   <trkpt lat="51.00106" lon="4.82324">
    <ele>15.18</ele>
   </trkpt>
   <trkpt lat="51.001235006298735" lon="4.824454995405368">
    <ele>15.320000000000002</ele>
   </trkpt>
   <trkpt lat="51.00141000000001" lon="4.825670000000001">
    <ele>15.330000000000002</ele>
   </trkpt>
   <trkpt lat="51.001670000000004" lon="4.8269">
    <ele>14.820000000000002</ele>
   </trkpt>
   <trkpt lat="51.00179000000001" lon="4.82727">
    <ele>14.76</ele>
   </trkpt>
   <trkpt lat="51.00208000000001" lon="4.82802">
    <ele>15.21</ele>
   </trkpt>
   <trkpt lat="51.00233000000001" lon="4.828550000000001">
    <ele>15.0</ele>
   </trkpt>
   <trkpt lat="51.00244000000001" lon="4.82887">
    <ele>14.88</ele>
   </trkpt>
   <trkpt lat="51.00287" lon="4.82983">
    <ele>14.83</ele>
   </trkpt>
   <trkpt lat="51.0035" lon="4.8307">
    <ele>14.89</ele>
   </trkpt>
   <trkpt lat="51.00394000000001" lon="4.83127">
    <ele>14.990000000000002</ele>
   </trkpt>
   <trkpt lat="51.00449500091362" lon="4.831749994197068">
    <ele>14.75</ele>
   </trkpt>
   <trkpt lat="51.005050000000004" lon="4.83223">
    <ele>14.860000000000001</ele>
   </trkpt>
   <trkpt lat="51.00562000000001" lon="4.83269">
    <ele>14.83</ele>
   </trkpt>
   <trkpt lat="51.005630000000004" lon="4.83284">
    <ele>14.92</ele>
   </trkpt>
   <trkpt lat="51.00573000000001" lon="4.83298">
    <ele>15.02</ele>
   </trkpt>
   <trkpt lat="51.00628000066155" lon="4.833394995023989">
    <ele>14.59</ele>
   </trkpt>
   <trkpt lat="51.00683" lon="4.833810000000001">
    <ele>14.74</ele>
   </trkpt>
   <trkpt lat="51.00697" lon="4.833950000000001">
    <ele>14.74</ele>
   </trkpt>
   <trkpt lat="51.007200000000005" lon="4.83413">
    <ele>14.860000000000001</ele>
   </trkpt>
   <trkpt lat="51.007380000000005" lon="4.83424">
    <ele>14.85</ele>
   </trkpt>
   <trkpt lat="51.008010000000006" lon="4.83474">
    <ele>14.790000000000001</ele>
   </trkpt>
   <trkpt lat="51.008390000000006" lon="4.83509">
    <ele>14.83</ele>
   </trkpt>
   <trkpt lat="51.00864000000001" lon="4.83542">
    <ele>14.83</ele>
   </trkpt>
   <trkpt lat="51.00878" lon="4.83565">
    <ele>14.74</ele>
   </trkpt>
   <trkpt lat="51.008990000000004" lon="4.83609">
    <ele>14.770000000000001</ele>
   </trkpt>
   <trkpt lat="51.00920500354688" lon="4.837009995455966">
    <ele>14.58</ele>
   </trkpt>
   <trkpt lat="51.009420000000006" lon="4.83793">
    <ele>14.980000000000002</ele>
   </trkpt>
   <trkpt lat="51.0095" lon="4.8383400000000005">
    <ele>14.980000000000002</ele>
   </trkpt>
   <trkpt lat="51.009510000000006" lon="4.83849">
    <ele>15.280000000000001</ele>
   </trkpt>
   <trkpt lat="51.009510000000006" lon="4.838570000000001">
    <ele>15.280000000000001</ele>
   </trkpt>
   <trkpt lat="51.0097" lon="4.83866">
    <ele>15.280000000000001</ele>
   </trkpt>
   <trkpt lat="51.00967000000001" lon="4.83898">
    <ele>15.290000000000001</ele>
   </trkpt>
   <trkpt lat="51.00981" lon="4.839600000000001">
    <ele>15.18</ele>
   </trkpt>
   <trkpt lat="51.009910000000005" lon="4.840190000000001">
    <ele>15.1</ele>
   </trkpt>
   <trkpt lat="51.00994000000001" lon="4.840520000000001">
    <ele>15.1</ele>
   </trkpt>
   <trkpt lat="51.00992" lon="4.841130000000001">
    <ele>14.950000000000001</ele>
   </trkpt>
   <trkpt lat="51.00973500687475" lon="4.842400005124456">
    <ele>15.250000000000002</ele>
   </trkpt>
   <trkpt lat="51.009550000000004" lon="4.84367">
    <ele>15.56</ele>
   </trkpt>
   <trkpt lat="51.009420000000006" lon="4.844320000000001">
    <ele>15.67</ele>
   </trkpt>
   <trkpt lat="51.0093" lon="4.84475">
    <ele>15.83</ele>
   </trkpt>
   <trkpt lat="51.00923" lon="4.844950000000001">
    <ele>15.76</ele>
   </trkpt>
   <trkpt lat="51.00918" lon="4.84522">
    <ele>17.92</ele>
   </trkpt>
   <trkpt lat="51.00901334673841" lon="4.846473342360879">
    <ele>17.92</ele>
   </trkpt>
   <trkpt lat="51.00884668006898" lon="4.847726675714818">
    <ele>18.590000000000003</ele>
   </trkpt>
   <trkpt lat="51.008680000000005" lon="4.84898">
    <ele>18.590000000000003</ele>
   </trkpt>
   <trkpt lat="51.008590000000005" lon="4.84935">
    <ele>18.240000000000002</ele>
   </trkpt>
   <trkpt lat="51.00818" lon="4.85027">
    <ele>19.12</ele>
   </trkpt>
   <trkpt lat="51.00808000000001" lon="4.8506100000000005">
    <ele>19.49</ele>
   </trkpt>
   <trkpt lat="51.008030000000005" lon="4.8508700000000005">
    <ele>19.49</ele>
   </trkpt>
   <trkpt lat="51.008" lon="4.85116">
    <ele>19.49</ele>
   </trkpt>
   <trkpt lat="51.00801000959193" lon="4.852219999702871">
    <ele>19.200000000000003</ele>
   </trkpt>
   <trkpt lat="51.008020009593444" lon="4.853279999863015">
    <ele>18.78</ele>
   </trkpt>
   <trkpt lat="51.008030000000005" lon="4.8543400000000005">
    <ele>18.21</ele>
   </trkpt>
   <trkpt lat="51.008210000000005" lon="4.855510000000001">
    <ele>18.54</ele>
   </trkpt>
   <trkpt lat="51.00824" lon="4.855980000000001">
    <ele>18.47</ele>
   </trkpt>
   <trkpt lat="51.008210000000005" lon="4.85649">
    <ele>18.400000000000002</ele>
   </trkpt>
   <trkpt lat="51.00814500239657" lon="4.857245001477723">
    <ele>17.87</ele>
   </trkpt>
   <trkpt lat="51.00808000000001" lon="4.8580000000000005">
    <ele>17.470000000000002</ele>
   </trkpt>
   <trkpt lat="51.00780500249448" lon="4.857229995334449">
    <ele>17.42</ele>
   </trkpt>
   <trkpt lat="51.00753" lon="4.85646">
    <ele>17.66</ele>
   </trkpt>
   <trkpt lat="51.00744" lon="4.856260000000001">
    <ele>17.6</ele>
   </trkpt>
   <trkpt lat="51.007270000000005" lon="4.856050000000001">
    <ele>17.62</ele>
   </trkpt>
   <trkpt lat="51.007090000000005" lon="4.85592">
    <ele>17.59</ele>
   </trkpt>
   <trkpt lat="51.006910000000005" lon="4.85587">
    <ele>17.400000000000002</ele>
   </trkpt>
   <trkpt lat="51.006660000000004" lon="4.85592">
    <ele>17.44</ele>
   </trkpt>
   <trkpt lat="51.00668" lon="4.85634">
    <ele>16.91</ele>
   </trkpt>
   <trkpt lat="51.006660000000004" lon="4.85651">
    <ele>16.75</ele>
   </trkpt>
   <trkpt lat="51.006450004995905" lon="4.857595005057757">
    <ele>16.5</ele>
   </trkpt>
   <trkpt lat="51.006240000000005" lon="4.8586800000000006">
    <ele>16.330000000000002</ele>
   </trkpt>
   <trkpt lat="51.006130000000006" lon="4.859430000000001">
    <ele>16.380000000000003</ele>
   </trkpt>
   <trkpt lat="51.006060000000005" lon="4.859920000000001">
    <ele>16.18</ele>
   </trkpt>
   <trkpt lat="51.005960004533826" lon="4.860950002157373">
    <ele>16.23</ele>
   </trkpt>
   <trkpt lat="51.005860000000006" lon="4.86198">
    <ele>16.37</ele>
   </trkpt>
   <trkpt lat="51.005830007606" lon="4.863315000870606">
    <ele>16.650000000000002</ele>
   </trkpt>
   <trkpt lat="51.0058" lon="4.86465">
    <ele>17.040000000000003</ele>
   </trkpt>
   <trkpt lat="51.00594000398171" lon="4.865614997138811">
    <ele>16.150000000000002</ele>
   </trkpt>
   <trkpt lat="51.006080000000004" lon="4.866580000000001">
    <ele>15.74</ele>
   </trkpt>
   <trkpt lat="51.006150000000005" lon="4.86723">
    <ele>15.75</ele>
   </trkpt>
   <trkpt lat="51.00616" lon="4.867710000000001">
    <ele>16.040000000000003</ele>
   </trkpt>
   <trkpt lat="51.00612" lon="4.868600000000001">
    <ele>16.34</ele>
   </trkpt>
   <trkpt lat="51.0061" lon="4.86894">
    <ele>16.34</ele>
   </trkpt>
   <trkpt lat="51.00605" lon="4.869330000000001">
    <ele>16.360000000000003</ele>
   </trkpt>
   <trkpt lat="51.005880000000005" lon="4.87025">
    <ele>16.46</ele>
   </trkpt>
   <trkpt lat="51.0058" lon="4.8705300000000005">
    <ele>16.450000000000003</ele>
   </trkpt>
   <trkpt lat="51.00549500281094" lon="4.87134500542229">
    <ele>16.580000000000002</ele>
   </trkpt>
   <trkpt lat="51.005190000000006" lon="4.87216">
    <ele>16.630000000000003</ele>
   </trkpt>
   <trkpt lat="51.005100000000006" lon="4.87274">
    <ele>16.86</ele>
   </trkpt>
   <trkpt lat="51.005010000000006" lon="4.87317">
    <ele>16.880000000000003</ele>
   </trkpt>
   <trkpt lat="51.00479000000001" lon="4.87382">
    <ele>16.75</ele>
   </trkpt>
   <trkpt lat="51.00470000000001" lon="4.874230000000001">
    <ele>16.76</ele>
   </trkpt>
   <trkpt lat="51.0046750047127" lon="4.875280000254712">
    <ele>17.19</ele>
   </trkpt>
   <trkpt lat="51.004650000000005" lon="4.87633">
    <ele>17.080000000000002</ele>
   </trkpt>
   <trkpt lat="51.00466" lon="4.87657">
    <ele>16.98</ele>
   </trkpt>
   <trkpt lat="51.004740000000005" lon="4.8769800000000005">
    <ele>16.84</ele>
   </trkpt>
   <trkpt lat="51.004870000000004" lon="4.87734">
    <ele>16.830000000000002</ele>
   </trkpt>
   <trkpt lat="51.00498" lon="4.877540000000001">
    <ele>16.85</ele>
   </trkpt>
   <trkpt lat="51.00515000000001" lon="4.87772">
    <ele>16.85</ele>
   </trkpt>
   <trkpt lat="51.00573000067797" lon="4.878084995505131">
    <ele>16.439999999999998</ele>
   </trkpt>
   <trkpt lat="51.006310000000006" lon="4.878450000000001">
    <ele>16.450000000000003</ele>
   </trkpt>
   <trkpt lat="51.0067200003261" lon="4.878749997305897">
    <ele>16.37</ele>
   </trkpt>
   <trkpt lat="51.007130000000004" lon="4.87905">
    <ele>16.580000000000002</ele>
   </trkpt>
   <trkpt lat="51.007200000000005" lon="4.879180000000001">
    <ele>16.580000000000002</ele>
   </trkpt>
   <trkpt lat="51.00755" lon="4.87974">
    <ele>16.62</ele>
   </trkpt>
   <trkpt lat="51.00787000255221" lon="4.880509994740458">
    <ele>16.6</ele>
   </trkpt>
   <trkpt lat="51.008190000000006" lon="4.88128">
    <ele>16.810000000000002</ele>
   </trkpt>
   <trkpt lat="51.00831" lon="4.8817">
    <ele>16.900000000000002</ele>
   </trkpt>
   <trkpt lat="51.00846500652759" lon="4.8829349960192845">
    <ele>16.880000000000003</ele>
   </trkpt>
   <trkpt lat="51.00862000000001" lon="4.88417">
    <ele>16.720000000000002</ele>
   </trkpt>
   <trkpt lat="51.008660000000006" lon="4.8843700000000005">
    <ele>16.830000000000002</ele>
   </trkpt>
   <trkpt lat="51.008750000000006" lon="4.88469">
    <ele>16.830000000000002</ele>
   </trkpt>
   <trkpt lat="51.008700000000005" lon="4.88482">
    <ele>16.740000000000002</ele>
   </trkpt>
   <trkpt lat="51.00876" lon="4.88574">
    <ele>16.46</ele>
   </trkpt>
   <trkpt lat="51.008720000000004" lon="4.886290000000001">
    <ele>16.32</ele>
   </trkpt>
   <trkpt lat="51.008680000000005" lon="4.886500000000001">
    <ele>16.32</ele>
   </trkpt>
   <trkpt lat="51.00841000426855" lon="4.887500005817978">
    <ele>16.27</ele>
   </trkpt>
   <trkpt lat="51.008140000000004" lon="4.8885000000000005">
    <ele>16.380000000000003</ele>
   </trkpt>
   <trkpt lat="51.00811" lon="4.88869">
    <ele>16.400000000000002</ele>
   </trkpt>
   <trkpt lat="51.0081300037659" lon="4.889629999357033">
    <ele>16.73</ele>
   </trkpt>
   <trkpt lat="51.00815000000001" lon="4.89057">
    <ele>17.19</ele>
   </trkpt>
   <trkpt lat="51.00827" lon="4.891570000000001">
    <ele>17.35</ele>
   </trkpt>
   <trkpt lat="51.00831" lon="4.89208">
    <ele>17.54</ele>
   </trkpt>
   <trkpt lat="51.00830000760676" lon="4.893415000187372">
    <ele>17.68</ele>
   </trkpt>
   <trkpt lat="51.00829" lon="4.89475">
    <ele>17.490000000000002</ele>
   </trkpt>
   <trkpt lat="51.008340000000004" lon="4.895580000000001">
    <ele>17.220000000000002</ele>
   </trkpt>
   <trkpt lat="51.008390000000006" lon="4.89592">
    <ele>17.210000000000004</ele>
   </trkpt>
   <trkpt lat="51.00849" lon="4.896330000000001">
    <ele>17.18</ele>
   </trkpt>
   <trkpt lat="51.00872500217142" lon="4.897019996913888">
    <ele>17.25</ele>
   </trkpt>
   <trkpt lat="51.00896" lon="4.89771">
    <ele>17.35</ele>
   </trkpt>
   <trkpt lat="51.00918" lon="4.898230000000001">
    <ele>17.29</ele>
   </trkpt>
   <trkpt lat="51.009440000000005" lon="4.898750000000001">
    <ele>17.300000000000004</ele>
   </trkpt>
   <trkpt lat="51.009550000000004" lon="4.89906">
    <ele>17.28</ele>
   </trkpt>
   <trkpt lat="51.00987000000001" lon="4.900390000000001">
    <ele>17.6</ele>
   </trkpt>
   <trkpt lat="51.00995" lon="4.9006300000000005">
    <ele>17.6</ele>
   </trkpt>
   <trkpt lat="51.0103150037082" lon="4.90155999272471">
    <ele>17.62</ele>
   </trkpt>
   <trkpt lat="51.01068" lon="4.90249">
    <ele>17.66</ele>
   </trkpt>
   <trkpt lat="51.01082" lon="4.90294">
    <ele>17.640000000000004</ele>
   </trkpt>
   <trkpt lat="51.0110150042961" lon="4.903944995700705">
    <ele>17.26</ele>
   </trkpt>
   <trkpt lat="51.011210000000005" lon="4.90495">
    <ele>17.130000000000003</ele>
   </trkpt>
   <trkpt lat="51.01131500205539" lon="4.905644998386878">
    <ele>17.02</ele>
   </trkpt>
   <trkpt lat="51.01142" lon="4.90634">
    <ele>17.19</ele>
   </trkpt>
   <trkpt lat="51.01169" lon="4.90756">
    <ele>17.5</ele>
   </trkpt>
   <trkpt lat="51.01187" lon="4.90817">
    <ele>17.87</ele>
   </trkpt>
   <trkpt lat="51.012210003797655" lon="4.909119992884911">
    <ele>18.03</ele>
   </trkpt>
   <trkpt lat="51.012550000000005" lon="4.91007">
    <ele>18.45</ele>
   </trkpt>
   <trkpt lat="51.01297" lon="4.91115">
    <ele>19.03</ele>
   </trkpt>
   <trkpt lat="51.01326" lon="4.91173">
    <ele>19.450000000000003</ele>
   </trkpt>
   <trkpt lat="51.01377000364929" lon="4.912654989823523">
    <ele>19.930000000000003</ele>
   </trkpt>
   <trkpt lat="51.01428000000001" lon="4.9135800000000005">
    <ele>20.28</ele>
   </trkpt>
   <trkpt lat="51.01464000000001" lon="4.91432">
    <ele>20.400000000000002</ele>
   </trkpt>
   <trkpt lat="51.01478" lon="4.91464">
    <ele>20.41</ele>
   </trkpt>
   <trkpt lat="51.014860000000006" lon="4.915">
    <ele>20.290000000000003</ele>
   </trkpt>
   <trkpt lat="51.014900000000004" lon="4.9156">
    <ele>20.21</ele>
   </trkpt>
   <trkpt lat="51.01507" lon="4.91694">
    <ele>19.58</ele>
   </trkpt>
   <trkpt lat="51.01509" lon="4.9172">
    <ele>19.23</ele>
   </trkpt>
   <trkpt lat="51.015190000000004" lon="4.91723">
    <ele>19.23</ele>
   </trkpt>
   <trkpt lat="51.01605000045162" lon="4.917549994070656">
    <ele>19.14</ele>
   </trkpt>
   <trkpt lat="51.01691" lon="4.917870000000001">
    <ele>19.03</ele>
   </trkpt>
   <trkpt lat="51.01706" lon="4.9179200000000005">
    <ele>18.740000000000002</ele>
   </trkpt>
   <trkpt lat="51.01722" lon="4.917940000000001">
    <ele>18.65</ele>
   </trkpt>
   <trkpt lat="51.017410000000005" lon="4.91791">
    <ele>18.56</ele>
   </trkpt>
   <trkpt lat="51.017480000000006" lon="4.917870000000001">
    <ele>18.17</ele>
   </trkpt>
   <trkpt lat="51.017950000000006" lon="4.91744">
    <ele>17.75</ele>
   </trkpt>
   <trkpt lat="51.01802000000001" lon="4.917400000000001">
    <ele>17.75</ele>
   </trkpt>
   <trkpt lat="51.01811000000001" lon="4.91741">
    <ele>17.42</ele>
   </trkpt>
   <trkpt lat="51.018190000000004" lon="4.91744">
    <ele>17.42</ele>
   </trkpt>
   <trkpt lat="51.018240000000006" lon="4.917280000000001">
    <ele>17.42</ele>
   </trkpt>
   <trkpt lat="51.01836" lon="4.9171000000000005">
    <ele>17.27</ele>
   </trkpt>
   <trkpt lat="51.01882000122119" lon="4.916555005461868">
    <ele>17.210000000000004</ele>
   </trkpt>
   <trkpt lat="51.01928" lon="4.91601">
    <ele>17.14</ele>
   </trkpt>
   <trkpt lat="51.019360000000006" lon="4.9159500000000005">
    <ele>17.11</ele>
   </trkpt>
   <trkpt lat="51.019380000000005" lon="4.9158100000000005">
    <ele>17.11</ele>
   </trkpt>
   <trkpt lat="51.01960500193185" lon="4.9151350033130505">
    <ele>16.84</ele>
   </trkpt>
   <trkpt lat="51.019830000000006" lon="4.91446">
    <ele>17.01</ele>
   </trkpt>
   <trkpt lat="51.019920000000006" lon="4.914090000000001">
    <ele>16.900000000000002</ele>
   </trkpt>
   <trkpt lat="51.019960000000005" lon="4.913760000000001">
    <ele>16.880000000000003</ele>
   </trkpt>
   <trkpt lat="51.01997" lon="4.91338">
    <ele>17.02</ele>
   </trkpt>
   <trkpt lat="51.01993" lon="4.91298">
    <ele>17.03</ele>
   </trkpt>
   <trkpt lat="51.0197650051406" lon="4.911884996262024">
    <ele>16.57</ele>
   </trkpt>
   <trkpt lat="51.019600000000004" lon="4.91079">
    <ele>16.64</ele>
   </trkpt>
   <trkpt lat="51.019475002670625" lon="4.910004998140909">
    <ele>16.67</ele>
   </trkpt>
   <trkpt lat="51.01935" lon="4.90922">
    <ele>16.82</ele>
   </trkpt>
   <trkpt lat="51.01912" lon="4.90819">
    <ele>16.810000000000002</ele>
   </trkpt>
   <trkpt lat="51.01902000315948" lon="4.907329998173785">
    <ele>16.900000000000002</ele>
   </trkpt>
   <trkpt lat="51.01892" lon="4.9064700000000006">
    <ele>16.89</ele>
   </trkpt>
   <trkpt lat="51.01865000434617" lon="4.905459994092438">
    <ele>16.720000000000002</ele>
   </trkpt>
   <trkpt lat="51.01838000000001" lon="4.904450000000001">
    <ele>16.560000000000002</ele>
   </trkpt>
   <trkpt lat="51.018095007500925" lon="4.903124991897475">
    <ele>16.400000000000002</ele>
   </trkpt>
   <trkpt lat="51.017810000000004" lon="4.901800000000001">
    <ele>16.400000000000002</ele>
   </trkpt>
   <trkpt lat="51.017540000000004" lon="4.900950000000001">
    <ele>16.34</ele>
   </trkpt>
   <trkpt lat="51.01735000000001" lon="4.90047">
    <ele>16.21</ele>
   </trkpt>
   <trkpt lat="51.01718" lon="4.900250000000001">
    <ele>16.21</ele>
   </trkpt>
   <trkpt lat="51.01697000000001" lon="4.9000900000000005">
    <ele>16.040000000000003</ele>
   </trkpt>
   <trkpt lat="51.016670000000005" lon="4.89998">
    <ele>16.009999999999998</ele>
   </trkpt>
   <trkpt lat="51.01641000000001" lon="4.899800000000001">
    <ele>15.89</ele>
   </trkpt>
   <trkpt lat="51.01632000000001" lon="4.8996900000000005">
    <ele>15.870000000000001</ele>
   </trkpt>
   <trkpt lat="51.01603" lon="4.899260000000001">
    <ele>15.770000000000003</ele>
   </trkpt>
   <trkpt lat="51.01558000000001" lon="4.89845">
    <ele>15.72</ele>
   </trkpt>
   <trkpt lat="51.01498000452473" lon="4.897424986808158">
    <ele>15.88</ele>
   </trkpt>
   <trkpt lat="51.01438" lon="4.896400000000001">
    <ele>16.28</ele>
   </trkpt>
   <trkpt lat="51.01384" lon="4.895390000000001">
    <ele>16.61</ele>
   </trkpt>
   <trkpt lat="51.01332000000001" lon="4.894340000000001">
    <ele>16.900000000000002</ele>
   </trkpt>
   <trkpt lat="51.013110000000005" lon="4.893770000000001">
    <ele>16.66</ele>
   </trkpt>
   <trkpt lat="51.01279" lon="4.892740000000001">
    <ele>16.970000000000002</ele>
   </trkpt>
   <trkpt lat="51.01265" lon="4.8924">
    <ele>17.02</ele>
   </trkpt>
   <trkpt lat="51.01240000000001" lon="4.8919500000000005">
    <ele>17.1</ele>
   </trkpt>
   <trkpt lat="51.01221" lon="4.89174">
    <ele>17.25</ele>
   </trkpt>
   <trkpt lat="51.012520002564386" lon="4.8909750049484995">
    <ele>17.040000000000003</ele>
   </trkpt>
   <trkpt lat="51.01283" lon="4.890210000000001">
    <ele>17.220000000000002</ele>
   </trkpt>
   <trkpt lat="51.012950000000004" lon="4.89001">
    <ele>17.01</ele>
   </trkpt>
   <trkpt lat="51.013090000000005" lon="4.88987">
    <ele>16.990000000000002</ele>
   </trkpt>
   <trkpt lat="51.01343000000001" lon="4.88947">
    <ele>16.95</ele>
   </trkpt>
   <trkpt lat="51.01362" lon="4.888990000000001">
    <ele>16.98</ele>
   </trkpt>
   <trkpt lat="51.01379000251741" lon="4.888230002551451">
    <ele>16.73</ele>
   </trkpt>
   <trkpt lat="51.013960000000004" lon="4.88747">
    <ele>16.73</ele>
   </trkpt>
   <trkpt lat="51.014010000000006" lon="4.8873500000000005">
    <ele>16.73</ele>
   </trkpt>
   <trkpt lat="51.01408000000001" lon="4.887250000000001">
    <ele>16.73</ele>
   </trkpt>
   <trkpt lat="51.014160000000004" lon="4.887180000000001">
    <ele>16.66</ele>
   </trkpt>
   <trkpt lat="51.01436" lon="4.8870700000000005">
    <ele>16.630000000000003</ele>
   </trkpt>
   <trkpt lat="51.01453000000001" lon="4.88694">
    <ele>16.57</ele>
   </trkpt>
   <trkpt lat="51.01527" lon="4.88621">
    <ele>15.83</ele>
   </trkpt>
   <trkpt lat="51.01540000000001" lon="4.88604">
    <ele>15.81</ele>
   </trkpt>
   <trkpt lat="51.015570000000004" lon="4.885680000000001">
    <ele>15.770000000000003</ele>
   </trkpt>
   <trkpt lat="51.01576000000001" lon="4.8852">
    <ele>15.19</ele>
   </trkpt>
   <trkpt lat="51.016290000000005" lon="4.88405">
    <ele>15.110000000000001</ele>
   </trkpt>
   <trkpt lat="51.01646" lon="4.883780000000001">
    <ele>15.490000000000002</ele>
   </trkpt>
   <trkpt lat="51.01632000000001" lon="4.883500000000001">
    <ele>15.250000000000002</ele>
   </trkpt>
   <trkpt lat="51.01621" lon="4.88323">
    <ele>15.250000000000002</ele>
   </trkpt>
   <trkpt lat="51.016070000000006" lon="4.88269">
    <ele>15.38</ele>
   </trkpt>
   <trkpt lat="51.01601" lon="4.88224">
    <ele>15.330000000000002</ele>
   </trkpt>
   <trkpt lat="51.01595668014374" lon="4.880983330409542">
    <ele>15.1</ele>
   </trkpt>
   <trkpt lat="51.015903346808976" lon="4.87972666370943">
    <ele>15.23</ele>
   </trkpt>
   <trkpt lat="51.01585000000001" lon="4.87847">
    <ele>15.110000000000001</ele>
   </trkpt>
   <trkpt lat="51.01583" lon="4.87826">
    <ele>13.89</ele>
   </trkpt>
   <trkpt lat="51.01746000000001" lon="4.87767">
    <ele>14.990000000000002</ele>
   </trkpt>
   <trkpt lat="51.017590000000006" lon="4.87882">
    <ele>15.01</ele>
   </trkpt>
   <trkpt lat="51.01769" lon="4.87884">
    <ele>15.01</ele>
   </trkpt>
   <trkpt lat="51.01835000072276" lon="4.878455005427577">
    <ele>14.260000000000002</ele>
   </trkpt>
   <trkpt lat="51.01901" lon="4.87807">
    <ele>14.280000000000001</ele>
   </trkpt>
   <trkpt lat="51.019655000708546" lon="4.877675005468857">
    <ele>14.32</ele>
   </trkpt>
   <trkpt lat="51.020300000000006" lon="4.877280000000001">
    <ele>14.450000000000001</ele>
   </trkpt>
   <trkpt lat="51.020450000000004" lon="4.877160000000001">
    <ele>14.450000000000001</ele>
   </trkpt>
   <trkpt lat="51.020700000000005" lon="4.876860000000001">
    <ele>14.49</ele>
   </trkpt>
   <trkpt lat="51.02082000000001" lon="4.87675">
    <ele>14.72</ele>
   </trkpt>
   <trkpt lat="51.021170000000005" lon="4.876550000000001">
    <ele>14.76</ele>
   </trkpt>
   <trkpt lat="51.021330000000006" lon="4.87643">
    <ele>14.63</ele>
   </trkpt>
   <trkpt lat="51.02203" lon="4.87574">
    <ele>14.75</ele>
   </trkpt>
   <trkpt lat="51.02226" lon="4.87556">
    <ele>14.59</ele>
   </trkpt>
   <trkpt lat="51.02291" lon="4.87513">
    <ele>14.520000000000001</ele>
   </trkpt>
   <trkpt lat="51.023" lon="4.87504">
    <ele>14.560000000000002</ele>
   </trkpt>
   <trkpt lat="51.02328000000001" lon="4.874750000000001">
    <ele>14.600000000000001</ele>
   </trkpt>
   <trkpt lat="51.023360000000004" lon="4.87471">
    <ele>14.63</ele>
   </trkpt>
   <trkpt lat="51.023825000128895" lon="4.874650000587191">
    <ele>14.450000000000001</ele>
   </trkpt>
   <trkpt lat="51.02429000000001" lon="4.87459">
    <ele>14.640000000000002</ele>
   </trkpt>
   <trkpt lat="51.0245" lon="4.874490000000001">
    <ele>14.59</ele>
   </trkpt>
   <trkpt lat="51.02472" lon="4.874350000000001">
    <ele>14.57</ele>
   </trkpt>
   <trkpt lat="51.025130000000004" lon="4.87403">
    <ele>14.690000000000001</ele>
   </trkpt>
   <trkpt lat="51.02526" lon="4.874020000000001">
    <ele>14.690000000000001</ele>
   </trkpt>
   <trkpt lat="51.025650000000006" lon="4.8741200000000005">
    <ele>14.700000000000001</ele>
   </trkpt>
   <trkpt lat="51.026050000000005" lon="4.874160000000001">
    <ele>14.770000000000001</ele>
   </trkpt>
   <trkpt lat="51.02644" lon="4.874140000000001">
    <ele>14.870000000000001</ele>
   </trkpt>
   <trkpt lat="51.02676" lon="4.874090000000001">
    <ele>14.870000000000001</ele>
   </trkpt>
   <trkpt lat="51.027300000000004" lon="4.8738600000000005">
    <ele>14.900000000000002</ele>
   </trkpt>
   <trkpt lat="51.02772" lon="4.873670000000001">
    <ele>14.85</ele>
   </trkpt>
   <trkpt lat="51.02796000000001" lon="4.87361">
    <ele>14.85</ele>
   </trkpt>
   <trkpt lat="51.02852000000001" lon="4.87361">
    <ele>14.8</ele>
   </trkpt>
   <trkpt lat="51.02888" lon="4.873480000000001">
    <ele>14.75</ele>
   </trkpt>
   <trkpt lat="51.02919000000001" lon="4.87333">
    <ele>14.71</ele>
   </trkpt>
   <trkpt lat="51.029340000000005" lon="4.87323">
    <ele>14.71</ele>
   </trkpt>
   <trkpt lat="51.029500000000006" lon="4.8731100000000005">
    <ele>14.63</ele>
   </trkpt>
   <trkpt lat="51.029630000000004" lon="4.8730400000000005">
    <ele>14.63</ele>
   </trkpt>
   <trkpt lat="51.029900000000005" lon="4.872990000000001">
    <ele>14.610000000000001</ele>
   </trkpt>
   <trkpt lat="51.030060000000006" lon="4.873010000000001">
    <ele>14.610000000000001</ele>
   </trkpt>
   <trkpt lat="51.030190000000005" lon="4.87307">
    <ele>14.600000000000001</ele>
   </trkpt>
   <trkpt lat="51.03029" lon="4.87319">
    <ele>14.600000000000001</ele>
   </trkpt>
   <trkpt lat="51.030660000000005" lon="4.8738600000000005">
    <ele>14.620000000000001</ele>
   </trkpt>
   <trkpt lat="51.03078000000001" lon="4.874020000000001">
    <ele>14.600000000000001</ele>
   </trkpt>
   <trkpt lat="51.031020000000005" lon="4.8741900000000005">
    <ele>14.48</ele>
   </trkpt>
   <trkpt lat="51.03145000000001" lon="4.87443">
    <ele>14.430000000000001</ele>
   </trkpt>
   <trkpt lat="51.03210000000001" lon="4.874650000000001">
    <ele>14.74</ele>
   </trkpt>
   <trkpt lat="51.03233" lon="4.87469">
    <ele>14.83</ele>
   </trkpt>
   <trkpt lat="51.032430000000005" lon="4.87467">
    <ele>14.83</ele>
   </trkpt>
   <trkpt lat="51.032790000000006" lon="4.87453">
    <ele>14.8</ele>
   </trkpt>
   <trkpt lat="51.03334" lon="4.87448">
    <ele>14.93</ele>
   </trkpt>
   <trkpt lat="51.03380500017441" lon="4.874360001174959">
    <ele>14.92</ele>
   </trkpt>
   <trkpt lat="51.03427000000001" lon="4.87424">
    <ele>14.89</ele>
   </trkpt>
   <trkpt lat="51.03491500034306" lon="4.873955003968478">
    <ele>15.110000000000001</ele>
   </trkpt>
   <trkpt lat="51.035560000000004" lon="4.873670000000001">
    <ele>14.58</ele>
   </trkpt>
   <trkpt lat="51.03582" lon="4.87349">
    <ele>14.51</ele>
   </trkpt>
   <trkpt lat="51.03607" lon="4.8732500000000005">
    <ele>14.55</ele>
   </trkpt>
   <trkpt lat="51.036150000000006" lon="4.873080000000001">
    <ele>14.55</ele>
   </trkpt>
   <trkpt lat="51.03625" lon="4.87293">
    <ele>14.39</ele>
   </trkpt>
   <trkpt lat="51.03633000000001" lon="4.87284">
    <ele>14.350000000000001</ele>
   </trkpt>
   <trkpt lat="51.036640000000006" lon="4.87272">
    <ele>14.34</ele>
   </trkpt>
   <trkpt lat="51.03696000000001" lon="4.87174">
    <ele>14.090000000000002</ele>
   </trkpt>
   <trkpt lat="51.03717" lon="4.8708100000000005">
    <ele>13.96</ele>
   </trkpt>
   <trkpt lat="51.03732" lon="4.87051">
    <ele>13.950000000000001</ele>
   </trkpt>
   <trkpt lat="51.03750500198186" lon="4.869825002809826">
    <ele>14.020000000000001</ele>
   </trkpt>
   <trkpt lat="51.037690000000005" lon="4.869140000000001">
    <ele>13.89</ele>
   </trkpt>
   <trkpt lat="51.03773" lon="4.8689">
    <ele>13.850000000000001</ele>
   </trkpt>
   <trkpt lat="51.03782" lon="4.867570000000001">
    <ele>13.860000000000001</ele>
   </trkpt>
   <trkpt lat="51.03781000000001" lon="4.867360000000001">
    <ele>13.99</ele>
   </trkpt>
   <trkpt lat="51.03775" lon="4.86716">
    <ele>13.99</ele>
   </trkpt>
   <trkpt lat="51.03761" lon="4.86648">
    <ele>14.020000000000001</ele>
   </trkpt>
   <trkpt lat="51.03761" lon="4.866070000000001">
    <ele>13.850000000000001</ele>
   </trkpt>
   <trkpt lat="51.037690000000005" lon="4.86545">
    <ele>13.74</ele>
   </trkpt>
   <trkpt lat="51.03768" lon="4.865130000000001">
    <ele>13.74</ele>
   </trkpt>
   <trkpt lat="51.03758500805653" lon="4.863754997031125">
    <ele>12.97</ele>
   </trkpt>
   <trkpt lat="51.037490000000005" lon="4.862380000000001">
    <ele>13.850000000000001</ele>
   </trkpt>
   <trkpt lat="51.03795500029654" lon="4.862360000188034">
    <ele>13.15</ele>
   </trkpt>
   <trkpt lat="51.03842" lon="4.8623400000000006">
    <ele>13.09</ele>
   </trkpt>
   <trkpt lat="51.038890000725985" lon="4.861905004487966">
    <ele>13.070000000000002</ele>
   </trkpt>
   <trkpt lat="51.03936" lon="4.861470000000001">
    <ele>13.36</ele>
   </trkpt>
   <trkpt lat="51.03954" lon="4.86141">
    <ele>13.38</ele>
   </trkpt>
   <trkpt lat="51.0397" lon="4.86141">
    <ele>13.4</ele>
   </trkpt>
   <trkpt lat="51.03987000000001" lon="4.86146">
    <ele>13.46</ele>
   </trkpt>
   <trkpt lat="51.040510001441135" lon="4.8618633222234635">
    <ele>13.410000000000002</ele>
   </trkpt>
   <trkpt lat="51.04115000149412" lon="4.862266655589993">
    <ele>13.21</ele>
   </trkpt>
   <trkpt lat="51.041790000000006" lon="4.8626700000000005">
    <ele>13.1</ele>
   </trkpt>
   <trkpt lat="51.0424875016727" lon="4.863027483871155">
    <ele>12.990000000000002</ele>
   </trkpt>
   <trkpt lat="51.04318500225486" lon="4.863384978507078">
    <ele>13.040000000000001</ele>
   </trkpt>
   <trkpt lat="51.04388250174644" lon="4.863742483908343">
    <ele>13.02</ele>
   </trkpt>
   <trkpt lat="51.04458" lon="4.8641000000000005">
    <ele>14.23</ele>
   </trkpt>
   <trkpt lat="51.04471" lon="4.8639">
    <ele>14.31</ele>
   </trkpt>
   <trkpt lat="51.044760000000004" lon="4.8639600000000005">
    <ele>14.370000000000001</ele>
   </trkpt>
   <trkpt lat="51.04477000000001" lon="4.8634900000000005">
    <ele>14.0</ele>
   </trkpt>
   <trkpt lat="51.044720000000005" lon="4.86315">
    <ele>13.760000000000002</ele>
   </trkpt>
   <trkpt lat="51.044633340974066" lon="4.862203329720552">
    <ele>13.06</ele>
   </trkpt>
   <trkpt lat="51.044546674300925" lon="4.861256662983205">
    <ele>12.89</ele>
   </trkpt>
   <trkpt lat="51.04446" lon="4.86031">
    <ele>12.860000000000001</ele>
   </trkpt>
   <trkpt lat="51.04444668268213" lon="4.858939999174735">
    <ele>12.66</ele>
   </trkpt>
   <trkpt lat="51.04443334934844" lon="4.85756999913765">
    <ele>12.83</ele>
   </trkpt>
   <trkpt lat="51.04442" lon="4.8562">
    <ele>12.4</ele>
   </trkpt>
   <trkpt lat="51.04439000000001" lon="4.85494">
    <ele>12.270000000000001</ele>
   </trkpt>
   <trkpt lat="51.044340000000005" lon="4.8545300000000005">
    <ele>12.260000000000002</ele>
   </trkpt>
   <trkpt lat="51.04428000000001" lon="4.85419">
    <ele>12.260000000000002</ele>
   </trkpt>
   <trkpt lat="51.043940000000006" lon="4.85299">
    <ele>12.33</ele>
   </trkpt>
   <trkpt lat="51.04371000217759" lon="4.8522749964388865">
    <ele>12.24</ele>
   </trkpt>
   <trkpt lat="51.04348" lon="4.85156">
    <ele>12.25</ele>
   </trkpt>
   <trkpt lat="51.04318000000001" lon="4.85093">
    <ele>12.23</ele>
   </trkpt>
   <trkpt lat="51.042950000000005" lon="4.8505400000000005">
    <ele>12.260000000000002</ele>
   </trkpt>
   <trkpt lat="51.0423900024239" lon="4.849794991068713">
    <ele>12.260000000000002</ele>
   </trkpt>
   <trkpt lat="51.041830000000004" lon="4.84905">
    <ele>12.24</ele>
   </trkpt>
   <trkpt lat="51.041470000000004" lon="4.84853">
    <ele>12.24</ele>
   </trkpt>
   <trkpt lat="51.04128000000001" lon="4.848140000000001">
    <ele>12.3</ele>
   </trkpt>
   <trkpt lat="51.0412" lon="4.84792">
    <ele>12.3</ele>
   </trkpt>
   <trkpt lat="51.04096000285934" lon="4.84709999571947">
    <ele>12.25</ele>
   </trkpt>
   <trkpt lat="51.04072000000001" lon="4.84628">
    <ele>12.33</ele>
   </trkpt>
   <trkpt lat="51.040600000000005" lon="4.8460600000000005">
    <ele>12.33</ele>
   </trkpt>
   <trkpt lat="51.0405" lon="4.845910000000001">
    <ele>12.33</ele>
   </trkpt>
   <trkpt lat="51.040400000000005" lon="4.845820000000001">
    <ele>12.33</ele>
   </trkpt>
   <trkpt lat="51.03971250329436" lon="4.84531247740639">
    <ele>12.41</ele>
   </trkpt>
   <trkpt lat="51.039025004390744" lon="4.844804969874479">
    <ele>12.57</ele>
   </trkpt>
   <trkpt lat="51.0383375032893" lon="4.844297477403499">
    <ele>12.21</ele>
   </trkpt>
   <trkpt lat="51.037650000000006" lon="4.84379">
    <ele>11.940000000000001</ele>
   </trkpt>
   <trkpt lat="51.03746" lon="4.84361">
    <ele>11.9</ele>
   </trkpt>
   <trkpt lat="51.037200000000006" lon="4.843260000000001">
    <ele>11.89</ele>
   </trkpt>
   <trkpt lat="51.03670501054958" lon="4.842352470930349">
    <ele>11.99</ele>
   </trkpt>
   <trkpt lat="51.03621001407094" lon="4.841444961249994">
    <ele>13.01</ele>
   </trkpt>
   <trkpt lat="51.03571501056439" lon="4.840537470958454">
    <ele>12.74</ele>
   </trkpt>
   <trkpt lat="51.03522" lon="4.8396300000000005">
    <ele>12.71</ele>
   </trkpt>
   <trkpt lat="51.03502" lon="4.8392100000000005">
    <ele>12.71</ele>
   </trkpt>
   <trkpt lat="51.034780000000005" lon="4.838590000000001">
    <ele>12.650000000000002</ele>
   </trkpt>
   <trkpt lat="51.03448000389871" lon="4.837634993840382">
    <ele>12.68</ele>
   </trkpt>
   <trkpt lat="51.034180000000006" lon="4.83668">
    <ele>12.620000000000001</ele>
   </trkpt>
   <trkpt lat="51.03407000000001" lon="4.8363700000000005">
    <ele>12.620000000000001</ele>
   </trkpt>
   <trkpt lat="51.033860000000004" lon="4.835940000000001">
    <ele>12.66</ele>
   </trkpt>
   <trkpt lat="51.03329" lon="4.835030000000001">
    <ele>12.75</ele>
   </trkpt>
   <trkpt lat="51.03311" lon="4.834650000000001">
    <ele>12.74</ele>
   </trkpt>
   <trkpt lat="51.03277500358506" lon="4.833729993276885">
    <ele>12.790000000000001</ele>
   </trkpt>
   <trkpt lat="51.03244" lon="4.83281">
    <ele>13.0</ele>
   </trkpt>
   <trkpt lat="51.0324" lon="4.8326400000000005">
    <ele>12.98</ele>
   </trkpt>
   <trkpt lat="51.03229" lon="4.83267">
    <ele>13.02</ele>
   </trkpt>
   <trkpt lat="51.03173" lon="4.83307">
    <ele>13.35</ele>
   </trkpt>
   <trkpt lat="51.031490000000005" lon="4.83323">
    <ele>13.3</ele>
   </trkpt>
   <trkpt lat="51.030770000000004" lon="4.833600000000001">
    <ele>13.790000000000001</ele>
   </trkpt>
   <trkpt lat="51.03042000000001" lon="4.8337">
    <ele>14.030000000000001</ele>
   </trkpt>
   <trkpt lat="51.0298549999165" lon="4.833825001557029">
    <ele>14.610000000000001</ele>
   </trkpt>
   <trkpt lat="51.02929" lon="4.833950000000001">
    <ele>14.96</ele>
   </trkpt>
   <trkpt lat="51.02877000017048" lon="4.834210002975949">
    <ele>15.65</ele>
   </trkpt>
   <trkpt lat="51.02825000000001" lon="4.8344700000000005">
    <ele>17.18</ele>
   </trkpt>
   <trkpt lat="51.02797" lon="4.8346800000000005">
    <ele>17.7</ele>
   </trkpt>
   <trkpt lat="51.02785" lon="4.834650000000001">
    <ele>18.38</ele>
   </trkpt>
   <trkpt lat="51.02756" lon="4.8347500000000005">
    <ele>20.650000000000002</ele>
   </trkpt>
   <trkpt lat="51.02751000000001" lon="4.8347500000000005">
    <ele>20.650000000000002</ele>
   </trkpt>
   <trkpt lat="51.027460000000005" lon="4.834720000000001">
    <ele>20.900000000000002</ele>
   </trkpt>
   <trkpt lat="51.027420000000006" lon="4.83464">
    <ele>21.120000000000005</ele>
   </trkpt>
   <trkpt lat="51.02723334674256" lon="4.8333866565939">
    <ele>22.35</ele>
   </trkpt>
   <trkpt lat="51.027046680079074" lon="4.832133323282183">
    <ele>22.39</ele>
   </trkpt>
   <trkpt lat="51.026860000000006" lon="4.8308800000000005">
    <ele>22.36</ele>
   </trkpt>
   <trkpt lat="51.02662000426492" lon="4.829884995015504">
    <ele>22.250000000000004</ele>
   </trkpt>
   <trkpt lat="51.02638" lon="4.82889">
    <ele>22.29</ele>
   </trkpt>
   <trkpt lat="51.02615" lon="4.82796">
    <ele>21.470000000000002</ele>
   </trkpt>
   <trkpt lat="51.026120000000006" lon="4.8279000000000005">
    <ele>21.470000000000002</ele>
   </trkpt>
   <trkpt lat="51.02608000000001" lon="4.827520000000001">
    <ele>21.0</ele>
   </trkpt>
   <trkpt lat="51.025780000000005" lon="4.826490000000001">
    <ele>17.210000000000004</ele>
   </trkpt>
   <trkpt lat="51.025560000000006" lon="4.82594">
    <ele>14.870000000000001</ele>
   </trkpt>
   <trkpt lat="51.02537" lon="4.82538">
    <ele>13.600000000000001</ele>
   </trkpt>
   <trkpt lat="51.02509500479074" lon="4.824319993696803">
    <ele>12.650000000000002</ele>
   </trkpt>
   <trkpt lat="51.024820000000005" lon="4.82326">
    <ele>12.33</ele>
   </trkpt>
   <trkpt lat="51.024820000000005" lon="4.8230200000000005">
    <ele>12.3</ele>
   </trkpt>
   <trkpt lat="51.02501" lon="4.822570000000001">
    <ele>12.030000000000001</ele>
   </trkpt>
   <trkpt lat="51.025150000000004" lon="4.8223">
    <ele>12.010000000000002</ele>
   </trkpt>
   <trkpt lat="51.025200000000005" lon="4.822150000000001">
    <ele>12.090000000000002</ele>
   </trkpt>
   <trkpt lat="51.02521" lon="4.82202">
    <ele>12.090000000000002</ele>
   </trkpt>
   <trkpt lat="51.02579" lon="4.82183">
    <ele>11.64</ele>
   </trkpt>
   <trkpt lat="51.02651500041143" lon="4.821550004349713">
    <ele>11.580000000000002</ele>
   </trkpt>
   <trkpt lat="51.027240000000006" lon="4.82127">
    <ele>11.74</ele>
   </trkpt>
   <trkpt lat="51.027090002122065" lon="4.820564997724209">
    <ele>10.84</ele>
   </trkpt>
   <trkpt lat="51.02694" lon="4.81986">
    <ele>10.83</ele>
   </trkpt>
   <trkpt lat="51.02667802164385" lon="4.818733974554852">
    <ele>11.1</ele>
   </trkpt>
   <trkpt lat="51.02641603246696" lon="4.8176079618380445">
    <ele>11.28</ele>
   </trkpt>
   <trkpt lat="51.026154032469535" lon="4.816481961849839">
    <ele>11.780000000000001</ele>
   </trkpt>
   <trkpt lat="51.025892021651835" lon="4.815355974590502">
    <ele>12.0</ele>
   </trkpt>
   <trkpt lat="51.02563000000001" lon="4.81423">
    <ele>11.930000000000001</ele>
   </trkpt>
   <trkpt lat="51.025560000000006" lon="4.813470000000001">
    <ele>11.74</ele>
   </trkpt>
   <trkpt lat="51.02547500709573" lon="4.812179997554748">
    <ele>11.32</ele>
   </trkpt>
   <trkpt lat="51.02539" lon="4.8108900000000006">
    <ele>11.81</ele>
   </trkpt>
   <trkpt lat="51.025400000000005" lon="4.81081">
    <ele>11.88</ele>
   </trkpt>
   <trkpt lat="51.02546" lon="4.8106800000000005">
    <ele>11.88</ele>
   </trkpt>
   <trkpt lat="51.025220000000004" lon="4.809950000000001">
    <ele>11.72</ele>
   </trkpt>
   <trkpt lat="51.02489667991252" lon="4.808703315872496">
    <ele>11.63</ele>
   </trkpt>
   <trkpt lat="51.02457334656093" lon="4.807456649135769">
    <ele>11.56</ele>
   </trkpt>
   <trkpt lat="51.02425" lon="4.80621">
    <ele>11.780000000000001</ele>
   </trkpt>
   <trkpt lat="51.024210000000004" lon="4.805980000000001">
    <ele>11.780000000000001</ele>
   </trkpt>
   <trkpt lat="51.02420000000001" lon="4.805700000000001">
    <ele>11.780000000000001</ele>
   </trkpt>
   <trkpt lat="51.02421667520244" lon="4.80470000063712">
    <ele>11.81</ele>
   </trkpt>
   <trkpt lat="51.02423334187048" lon="4.803700000555">
    <ele>11.8</ele>
   </trkpt>
   <trkpt lat="51.02425" lon="4.802700000000001">
    <ele>11.88</ele>
   </trkpt>
   <trkpt lat="51.02422000000001" lon="4.80236">
    <ele>11.9</ele>
   </trkpt>
   <trkpt lat="51.02412" lon="4.801880000000001">
    <ele>12.030000000000001</ele>
   </trkpt>
   <trkpt lat="51.02393000000001" lon="4.80131">
    <ele>12.08</ele>
   </trkpt>
   <trkpt lat="51.023920000000004" lon="4.801220000000001">
    <ele>12.08</ele>
   </trkpt>
   <trkpt lat="51.02393000000001" lon="4.801130000000001">
    <ele>12.13</ele>
   </trkpt>
   <trkpt lat="51.02373000000001" lon="4.801010000000001">
    <ele>12.110000000000001</ele>
   </trkpt>
   <trkpt lat="51.023090003077506" lon="4.8001649883749">
    <ele>11.930000000000001</ele>
   </trkpt>
   <trkpt lat="51.022450000000006" lon="4.799320000000001">
    <ele>12.24</ele>
   </trkpt>
   <trkpt lat="51.022360000000006" lon="4.7991">
    <ele>12.030000000000001</ele>
   </trkpt>
   <trkpt lat="51.02207002684606" lon="4.797845968642591">
    <ele>12.030000000000001</ele>
   </trkpt>
   <trkpt lat="51.02178004027091" lon="4.796591952972681">
    <ele>12.030000000000001</ele>
   </trkpt>
   <trkpt lat="51.021490040274834" lon="4.795337952990639">
    <ele>12.55</ele>
   </trkpt>
   <trkpt lat="51.02120002685817" lon="4.7940839686968335">
    <ele>12.55</ele>
   </trkpt>
   <trkpt lat="51.02091" lon="4.79283">
    <ele>12.55</ele>
   </trkpt>
   <trkpt lat="51.020920000000004" lon="4.79283">
    <ele>12.55</ele>
   </trkpt>
   <trkpt lat="51.02085" lon="4.79265">
    <ele>12.98</ele>
   </trkpt>
   <trkpt lat="51.020770000000006" lon="4.792330000000001">
    <ele>12.97</ele>
   </trkpt>
   <trkpt lat="51.020810000000004" lon="4.79248">
    <ele>12.89</ele>
   </trkpt>
   <trkpt lat="51.02036718141561" lon="4.791252786817858">
    <ele>12.89</ele>
   </trkpt>
   <trkpt lat="51.019924349977835" lon="4.790025597078105">
    <ele>12.89</ele>
   </trkpt>
   <trkpt lat="51.0194815056871" lon="4.788798430780601">
    <ele>12.89</ele>
   </trkpt>
   <trkpt lat="51.019038648543884" lon="4.787571287925209">
    <ele>13.14</ele>
   </trkpt>
   <trkpt lat="51.018595778548615" lon="4.786344168511792">
    <ele>13.14</ele>
   </trkpt>
   <trkpt lat="51.018152895701746" lon="4.785117072540208">
    <ele>13.14</ele>
   </trkpt>
   <trkpt lat="51.01771" lon="4.78389">
    <ele>13.14</ele>
   </trkpt>
   <trkpt lat="51.017720000000004" lon="4.78389">
    <ele>13.14</ele>
   </trkpt>
   <trkpt lat="51.01776" lon="4.78375">
    <ele>13.18</ele>
   </trkpt>
   <trkpt lat="51.01822000116737" lon="4.783250004851165">
    <ele>12.83</ele>
   </trkpt>
   <trkpt lat="51.01868" lon="4.78275">
    <ele>12.92</ele>
   </trkpt>
   <trkpt lat="51.018710000000006" lon="4.7827">
    <ele>13.040000000000001</ele>
   </trkpt>
   <trkpt lat="51.018730000000005" lon="4.7826">
    <ele>13.040000000000001</ele>
   </trkpt>
   <trkpt lat="51.01881" lon="4.78258">
    <ele>13.040000000000001</ele>
   </trkpt>
   <trkpt lat="51.0189" lon="4.78249">
    <ele>13.06</ele>
   </trkpt>
   <trkpt lat="51.01943000223863" lon="4.781770008194437">
    <ele>12.76</ele>
   </trkpt>
   <trkpt lat="51.019960000000005" lon="4.7810500000000005">
    <ele>12.48</ele>
   </trkpt>
   <trkpt lat="51.02033000148231" lon="4.780455004794068">
    <ele>12.430000000000001</ele>
   </trkpt>
   <trkpt lat="51.020700000000005" lon="4.77986">
    <ele>12.31</ele>
   </trkpt>
   <trkpt lat="51.02085" lon="4.77958">
    <ele>12.24</ele>
   </trkpt>
   <trkpt lat="51.021190000000004" lon="4.7788200000000005">
    <ele>12.3</ele>
   </trkpt>
   <trkpt lat="51.02152" lon="4.77806">
    <ele>12.15</ele>
   </trkpt>
   <trkpt lat="51.021710000000006" lon="4.77768">
    <ele>12.020000000000001</ele>
   </trkpt>
   <trkpt lat="51.022040000000004" lon="4.777100000000001">
    <ele>11.959999999999999</ele>
   </trkpt>
   <trkpt lat="51.0224866703753" lon="4.776440012731175">
    <ele>11.81</ele>
   </trkpt>
   <trkpt lat="51.02293333703304" lon="4.775780012744555">
    <ele>11.680000000000001</ele>
   </trkpt>
   <trkpt lat="51.02338" lon="4.77512">
    <ele>11.600000000000001</ele>
   </trkpt>
   <trkpt lat="51.02391000553776" lon="4.774316684989804">
    <ele>11.39</ele>
   </trkpt>
   <trkpt lat="51.024440005568" lon="4.773513351610936">
    <ele>11.21</ele>
   </trkpt>
   <trkpt lat="51.02497" lon="4.77271">
    <ele>11.72</ele>
   </trkpt>
   <trkpt lat="51.02519" lon="4.772410000000001">
    <ele>11.91</ele>
   </trkpt>
   <trkpt lat="51.02507000000001" lon="4.771920000000001">
    <ele>11.83</ele>
   </trkpt>
   <trkpt lat="51.02496000000001" lon="4.771400000000001">
    <ele>11.73</ele>
   </trkpt>
   <trkpt lat="51.02474001562653" lon="4.7700466537946475">
    <ele>11.580000000000002</ele>
   </trkpt>
   <trkpt lat="51.024520015622095" lon="4.768693320434343">
    <ele>11.7</ele>
   </trkpt>
   <trkpt lat="51.024300000000004" lon="4.767340000000001">
    <ele>11.8</ele>
   </trkpt>
   <trkpt lat="51.02423" lon="4.76668">
    <ele>11.63</ele>
   </trkpt>
   <trkpt lat="51.02420000000001" lon="4.76585">
    <ele>11.330000000000002</ele>
   </trkpt>
   <trkpt lat="51.02419500516265" lon="4.764749999732574">
    <ele>11.31</ele>
   </trkpt>
   <trkpt lat="51.024190000000004" lon="4.76365">
    <ele>11.0</ele>
   </trkpt>
   <trkpt lat="51.02412500709633" lon="4.76235999809728">
    <ele>10.75</ele>
   </trkpt>
   <trkpt lat="51.024060000000006" lon="4.76107">
    <ele>10.42</ele>
   </trkpt>
   <trkpt lat="51.024080000000005" lon="4.760700000000001">
    <ele>10.350000000000001</ele>
   </trkpt>
   <trkpt lat="51.02413000000001" lon="4.76029">
    <ele>10.350000000000001</ele>
   </trkpt>
   <trkpt lat="51.02431000000001" lon="4.759510000000001">
    <ele>11.080000000000002</ele>
   </trkpt>
   <trkpt lat="51.024370000000005" lon="4.759410000000001">
    <ele>11.38</ele>
   </trkpt>
   <trkpt lat="51.024460000000005" lon="4.75898">
    <ele>11.02</ele>
   </trkpt>
   <trkpt lat="51.024550000000005" lon="4.75827">
    <ele>11.040000000000001</ele>
   </trkpt>
   <trkpt lat="51.024610005110915" lon="4.7571750015187275">
    <ele>11.15</ele>
   </trkpt>
   <trkpt lat="51.02467000000001" lon="4.756080000000001">
    <ele>11.05</ele>
   </trkpt>
   <trkpt lat="51.024660000000004" lon="4.75532">
    <ele>11.39</ele>
   </trkpt>
   <trkpt lat="51.024630003569584" lon="4.754404999315626">
    <ele>11.290000000000001</ele>
   </trkpt>
   <trkpt lat="51.02460000000001" lon="4.75349">
    <ele>11.330000000000002</ele>
   </trkpt>
   <trkpt lat="51.024570000000004" lon="4.753340000000001">
    <ele>11.260000000000002</ele>
   </trkpt>
   <trkpt lat="51.024570000000004" lon="4.752700000000001">
    <ele>11.22</ele>
   </trkpt>
   <trkpt lat="51.02445" lon="4.752210000000001">
    <ele>11.080000000000002</ele>
   </trkpt>
   <trkpt lat="51.02440000000001" lon="4.75187">
    <ele>11.040000000000001</ele>
   </trkpt>
   <trkpt lat="51.02441" lon="4.75126">
    <ele>10.870000000000001</ele>
   </trkpt>
   <trkpt lat="51.02460001585077" lon="4.750147513639116">
    <ele>10.68</ele>
   </trkpt>
   <trkpt lat="51.024790021139076" lon="4.749035018158257">
    <ele>10.650000000000002</ele>
   </trkpt>
   <trkpt lat="51.02498001586475" lon="4.747922513557792">
    <ele>10.74</ele>
   </trkpt>
   <trkpt lat="51.02517" lon="4.74681">
    <ele>10.77</ele>
   </trkpt>
   <trkpt lat="51.024280000000005" lon="4.74626">
    <ele>10.870000000000001</ele>
   </trkpt>
   <trkpt lat="51.023590000000006" lon="4.7458">
    <ele>10.94</ele>
   </trkpt>
   <trkpt lat="51.02344" lon="4.74568">
    <ele>11.200000000000001</ele>
   </trkpt>
   <trkpt lat="51.023140000000005" lon="4.74537">
    <ele>11.200000000000001</ele>
   </trkpt>
   <trkpt lat="51.023010000000006" lon="4.74518">
    <ele>11.200000000000001</ele>
   </trkpt>
   <trkpt lat="51.022780000000004" lon="4.74476">
    <ele>11.260000000000002</ele>
   </trkpt>
   <trkpt lat="51.022285004429996" lon="4.743739989089289">
    <ele>11.200000000000001</ele>
   </trkpt>
   <trkpt lat="51.02179" lon="4.74272">
    <ele>11.120000000000001</ele>
   </trkpt>
   <trkpt lat="51.02138000000001" lon="4.7421500000000005">
    <ele>11.05</ele>
   </trkpt>
   <trkpt lat="51.02113000000001" lon="4.741910000000001">
    <ele>11.06</ele>
   </trkpt>
   <trkpt lat="51.02046000000001" lon="4.7415">
    <ele>10.76</ele>
   </trkpt>
   <trkpt lat="51.02013" lon="4.74136">
    <ele>10.68</ele>
   </trkpt>
   <trkpt lat="51.019800000000004" lon="4.741300000000001">
    <ele>10.730000000000002</ele>
   </trkpt>
   <trkpt lat="51.0195" lon="4.74131">
    <ele>10.700000000000001</ele>
   </trkpt>
   <trkpt lat="51.0193" lon="4.7413300000000005">
    <ele>10.700000000000001</ele>
   </trkpt>
   <trkpt lat="51.019200000000005" lon="4.741370000000001">
    <ele>10.870000000000001</ele>
   </trkpt>
   <trkpt lat="51.019110000000005" lon="4.74143">
    <ele>10.870000000000001</ele>
   </trkpt>
   <trkpt lat="51.018750000000004" lon="4.741580000000001">
    <ele>10.85</ele>
   </trkpt>
   <trkpt lat="51.018265000349245" lon="4.741815002403072">
    <ele>11.13</ele>
   </trkpt>
   <trkpt lat="51.01778" lon="4.742050000000001">
    <ele>11.45</ele>
   </trkpt>
   <trkpt lat="51.01753" lon="4.742240000000001">
    <ele>11.49</ele>
   </trkpt>
   <trkpt lat="51.017250000000004" lon="4.74258">
    <ele>11.09</ele>
   </trkpt>
   <trkpt lat="51.01706" lon="4.742850000000001">
    <ele>11.0</ele>
   </trkpt>
   <trkpt lat="51.016920000000006" lon="4.742970000000001">
    <ele>11.01</ele>
   </trkpt>
   <trkpt lat="51.01653" lon="4.743480000000001">
    <ele>11.13</ele>
   </trkpt>
   <trkpt lat="51.01639" lon="4.7436300000000005">
    <ele>11.170000000000002</ele>
   </trkpt>
   <trkpt lat="51.0161" lon="4.743860000000001">
    <ele>11.31</ele>
   </trkpt>
   <trkpt lat="51.01592" lon="4.74396">
    <ele>11.35</ele>
   </trkpt>
   <trkpt lat="51.01576000000001" lon="4.74401">
    <ele>11.35</ele>
   </trkpt>
   <trkpt lat="51.01559" lon="4.74404">
    <ele>11.35</ele>
   </trkpt>
   <trkpt lat="51.01525" lon="4.74406">
    <ele>11.3</ele>
   </trkpt>
   <trkpt lat="51.014790000000005" lon="4.744120000000001">
    <ele>11.370000000000001</ele>
   </trkpt>
   <trkpt lat="51.014590000000005" lon="4.7442">
    <ele>11.370000000000001</ele>
   </trkpt>
   <trkpt lat="51.014250000000004" lon="4.7443800000000005">
    <ele>11.31</ele>
   </trkpt>
   <trkpt lat="51.01368" lon="4.7448500000000005">
    <ele>11.35</ele>
   </trkpt>
   <trkpt lat="51.01326" lon="4.74512">
    <ele>11.35</ele>
   </trkpt>
   <trkpt lat="51.01303000000001" lon="4.745290000000001">
    <ele>11.340000000000002</ele>
   </trkpt>
   <trkpt lat="51.012510000000006" lon="4.74559">
    <ele>11.44</ele>
   </trkpt>
   <trkpt lat="51.01173000000001" lon="4.74601">
    <ele>11.47</ele>
   </trkpt>
   <trkpt lat="51.01137000000001" lon="4.746180000000001">
    <ele>11.47</ele>
   </trkpt>
   <trkpt lat="51.01093" lon="4.7463500000000005">
    <ele>11.38</ele>
   </trkpt>
   <trkpt lat="51.01057" lon="4.74645">
    <ele>11.36</ele>
   </trkpt>
   <trkpt lat="51.009820000000005" lon="4.746600000000001">
    <ele>11.57</ele>
   </trkpt>
   <trkpt lat="51.00983" lon="4.74661">
    <ele>10.83</ele>
   </trkpt>
   <trkpt lat="51.00902000047224" lon="4.746745728505674">
    <ele>10.83</ele>
   </trkpt>
   <trkpt lat="51.008210000787265" lon="4.746881452270826">
    <ele>10.83</ele>
   </trkpt>
   <trkpt lat="51.00740000094506" lon="4.747017171295756">
    <ele>10.83</ele>
   </trkpt>
   <trkpt lat="51.006590000945636" lon="4.747152885580767">
    <ele>11.170000000000002</ele>
   </trkpt>
   <trkpt lat="51.00578000078901" lon="4.747288595126159">
    <ele>11.170000000000002</ele>
   </trkpt>
   <trkpt lat="51.00497000047519" lon="4.747424299932235">
    <ele>11.170000000000002</ele>
   </trkpt>
   <trkpt lat="51.004160000000006" lon="4.74756">
    <ele>11.170000000000002</ele>
   </trkpt>
   <trkpt lat="51.004160000000006" lon="4.74755">
    <ele>12.090000000000002</ele>
   </trkpt>
   <trkpt lat="51.003780000000006" lon="4.74767">
    <ele>12.100000000000001</ele>
   </trkpt>
   <trkpt lat="51.00343" lon="4.747850000000001">
    <ele>12.34</ele>
   </trkpt>
   <trkpt lat="51.003130000000006" lon="4.7480400000000005">
    <ele>12.430000000000001</ele>
   </trkpt>
   <trkpt lat="51.00273000000001" lon="4.748360000000001">
    <ele>12.67</ele>
   </trkpt>
   <trkpt lat="51.00213000144808" lon="4.748960007848039">
    <ele>12.950000000000001</ele>
   </trkpt>
   <trkpt lat="51.00153" lon="4.749560000000001">
    <ele>13.06</ele>
   </trkpt>
   <trkpt lat="51.00119" lon="4.74981">
    <ele>13.240000000000002</ele>
   </trkpt>
   <trkpt lat="51.00061" lon="4.75013">
    <ele>13.35</ele>
   </trkpt>
   <trkpt lat="51.00005500024223" lon="4.750415003462789">
    <ele>13.21</ele>
   </trkpt>
   <trkpt lat="50.999500000000005" lon="4.7507">
    <ele>13.120000000000001</ele>
   </trkpt>
   <trkpt lat="50.999320000000004" lon="4.7508300000000006">
    <ele>13.3</ele>
   </trkpt>
   <trkpt lat="50.998740000000005" lon="4.75115">
    <ele>12.75</ele>
   </trkpt>
   <trkpt lat="50.998630000000006" lon="4.75117">
    <ele>12.75</ele>
   </trkpt>
   <trkpt lat="50.99778500085075" lon="4.7516250083036375">
    <ele>12.39</ele>
   </trkpt>
   <trkpt lat="50.99694" lon="4.75208">
    <ele>12.64</ele>
   </trkpt>
   <trkpt lat="50.996435000214774" lon="4.75234500292855">
    <ele>13.1</ele>
   </trkpt>
   <trkpt lat="50.99593" lon="4.752610000000001">
    <ele>13.61</ele>
   </trkpt>
   <trkpt lat="50.99562" lon="4.75291">
    <ele>14.440000000000001</ele>
   </trkpt>
   <trkpt lat="50.995520000000006" lon="4.75304">
    <ele>14.39</ele>
   </trkpt>
   <trkpt lat="50.995200001450456" lon="4.753605003740823">
    <ele>13.83</ele>
   </trkpt>
   <trkpt lat="50.99488" lon="4.75417">
    <ele>13.790000000000001</ele>
   </trkpt>
   <trkpt lat="50.994640000000004" lon="4.7544900000000005">
    <ele>13.760000000000002</ele>
   </trkpt>
   <trkpt lat="50.99441" lon="4.754600000000001">
    <ele>13.71</ele>
   </trkpt>
   <trkpt lat="50.9943" lon="4.75464">
    <ele>13.760000000000002</ele>
   </trkpt>
   <trkpt lat="50.99414" lon="4.754650000000001">
    <ele>13.760000000000002</ele>
   </trkpt>
   <trkpt lat="50.99347666668875" lon="4.754596665141853">
    <ele>13.850000000000001</ele>
   </trkpt>
   <trkpt lat="50.992813333353205" lon="4.754543331808369">
    <ele>13.74</ele>
   </trkpt>
   <trkpt lat="50.99215" lon="4.7544900000000005">
    <ele>13.580000000000002</ele>
   </trkpt>
   <trkpt lat="50.99141600009692" lon="4.75441999557309">
    <ele>12.89</ele>
   </trkpt>
   <trkpt lat="50.99068200015199" lon="4.754349993360395">
    <ele>12.15</ele>
   </trkpt>
   <trkpt lat="50.98994800016523" lon="4.754279993361785">
    <ele>11.89</ele>
   </trkpt>
   <trkpt lat="50.98921400013667" lon="4.754209995577137">
    <ele>11.750000000000002</ele>
   </trkpt>
   <trkpt lat="50.98848" lon="4.7541400000000005">
    <ele>12.71</ele>
   </trkpt>
   <trkpt lat="50.98838000000001" lon="4.75412">
    <ele>11.88</ele>
   </trkpt>
   <trkpt lat="50.98838000000001" lon="4.754110000000001">
    <ele>12.950000000000001</ele>
   </trkpt>
   <trkpt lat="50.98828" lon="4.752940000000001">
    <ele>12.650000000000002</ele>
   </trkpt>
   <trkpt lat="50.98825000766704" lon="4.751599999258679">
    <ele>12.63</ele>
   </trkpt>
   <trkpt lat="50.988220000000005" lon="4.750260000000001">
    <ele>12.790000000000001</ele>
   </trkpt>
   <trkpt lat="50.9881633413608" lon="4.749289997550779">
    <ele>12.700000000000001</ele>
   </trkpt>
   <trkpt lat="50.98810667468939" lon="4.748319997469786">
    <ele>12.4</ele>
   </trkpt>
   <trkpt lat="50.98805" lon="4.74735">
    <ele>12.39</ele>
   </trkpt>
   <trkpt lat="50.98803002581963" lon="4.745929998129124">
    <ele>12.180000000000001</ele>
   </trkpt>
   <trkpt lat="50.98801003442583" lon="4.744509997480884">
    <ele>11.959999999999999</ele>
   </trkpt>
   <trkpt lat="50.98799002581859" lon="4.743089998056334">
    <ele>11.670000000000002</ele>
   </trkpt>
   <trkpt lat="50.987970000000004" lon="4.74167">
    <ele>11.38</ele>
   </trkpt>
   <trkpt lat="50.98797000502482" lon="4.74058500034362">
    <ele>11.15</ele>
   </trkpt>
   <trkpt lat="50.987970000000004" lon="4.7395000000000005">
    <ele>11.040000000000001</ele>
   </trkpt>
   <trkpt lat="50.987983342156646" lon="4.738483333942724">
    <ele>10.46</ele>
   </trkpt>
   <trkpt lat="50.98799667548964" lon="4.737466667301178">
    <ele>10.370000000000001</ele>
   </trkpt>
   <trkpt lat="50.98801" lon="4.7364500000000005">
    <ele>10.75</ele>
   </trkpt>
   <trkpt lat="50.98805501797852" lon="4.735265003515969">
    <ele>10.57</ele>
   </trkpt>
   <trkpt lat="50.988100023969636" lon="4.734080004733678">
    <ele>10.63</ele>
   </trkpt>
   <trkpt lat="50.988145017973316" lon="4.732895003653735">
    <ele>10.74</ele>
   </trkpt>
   <trkpt lat="50.98819" lon="4.7317100000000005">
    <ele>10.71</ele>
   </trkpt>
   <trkpt lat="50.98818000000001" lon="4.7312">
    <ele>10.81</ele>
   </trkpt>
   <trkpt lat="50.988020000000006" lon="4.73019">
    <ele>10.910000000000002</ele>
   </trkpt>
   <trkpt lat="50.98800000000001" lon="4.72986">
    <ele>11.01</ele>
   </trkpt>
   <trkpt lat="50.988020000000006" lon="4.729620000000001">
    <ele>11.06</ele>
   </trkpt>
   <trkpt lat="50.98816000000001" lon="4.7286600000000005">
    <ele>10.860000000000001</ele>
   </trkpt>
   <trkpt lat="50.988240000000005" lon="4.72827">
    <ele>10.870000000000001</ele>
   </trkpt>
   <trkpt lat="50.988310000000006" lon="4.72803">
    <ele>10.92</ele>
   </trkpt>
   <trkpt lat="50.98845000000001" lon="4.72742">
    <ele>10.89</ele>
   </trkpt>
   <trkpt lat="50.988555004856885" lon="4.7263500027255105">
    <ele>10.780000000000001</ele>
   </trkpt>
   <trkpt lat="50.98866" lon="4.725280000000001">
    <ele>10.89</ele>
   </trkpt>
   <trkpt lat="50.98868" lon="4.72473">
    <ele>10.85</ele>
   </trkpt>
   <trkpt lat="50.98864000814339" lon="4.723753331660959">
    <ele>10.780000000000001</ele>
   </trkpt>
   <trkpt lat="50.98860000814384" lon="4.722776665005074">
    <ele>10.66</ele>
   </trkpt>
   <trkpt lat="50.98856000000001" lon="4.7218">
    <ele>10.66</ele>
   </trkpt>
   <trkpt lat="50.98859" lon="4.7214">
    <ele>10.610000000000001</ele>
   </trkpt>
   <trkpt lat="50.988620000000004" lon="4.7212000000000005">
    <ele>10.650000000000002</ele>
   </trkpt>
   <trkpt lat="50.988800000000005" lon="4.7205">
    <ele>10.77</ele>
   </trkpt>
   <trkpt lat="50.988800000000005" lon="4.72022">
    <ele>10.77</ele>
   </trkpt>
   <trkpt lat="50.988670000000006" lon="4.719480000000001">
    <ele>10.77</ele>
   </trkpt>
   <trkpt lat="50.98846" lon="4.71846">
    <ele>10.51</ele>
   </trkpt>
   <trkpt lat="50.98816000000001" lon="4.717440000000001">
    <ele>10.47</ele>
   </trkpt>
   <trkpt lat="50.98795000324574" lon="4.716574996300972">
    <ele>10.540000000000001</ele>
   </trkpt>
   <trkpt lat="50.98774" lon="4.7157100000000005">
    <ele>10.55</ele>
   </trkpt>
   <trkpt lat="50.98763" lon="4.7154300000000005">
    <ele>10.55</ele>
   </trkpt>
   <trkpt lat="50.98742000000001" lon="4.715120000000001">
    <ele>10.620000000000001</ele>
   </trkpt>
   <trkpt lat="50.987210000000005" lon="4.714860000000001">
    <ele>10.74</ele>
   </trkpt>
   <trkpt lat="50.987080000000006" lon="4.71464">
    <ele>11.05</ele>
   </trkpt>
   <trkpt lat="50.987010000000005" lon="4.71431">
    <ele>11.170000000000002</ele>
   </trkpt>
   <trkpt lat="50.98702" lon="4.71412">
    <ele>11.19</ele>
   </trkpt>
   <trkpt lat="50.98707" lon="4.71393">
    <ele>11.19</ele>
   </trkpt>
   <trkpt lat="50.987350000000006" lon="4.7132000000000005">
    <ele>11.080000000000002</ele>
   </trkpt>
   <trkpt lat="50.98763" lon="4.7124500000000005">
    <ele>11.120000000000001</ele>
   </trkpt>
   <trkpt lat="50.98785" lon="4.71173">
    <ele>10.93</ele>
   </trkpt>
   <trkpt lat="50.987950000000005" lon="4.711390000000001">
    <ele>10.74</ele>
   </trkpt>
   <trkpt lat="50.988350000000004" lon="4.710400000000001">
    <ele>10.67</ele>
   </trkpt>
   <trkpt lat="50.98870334169557" lon="4.709410015085114">
    <ele>10.75</ele>
   </trkpt>
   <trkpt lat="50.98905667502448" lon="4.7084200150977455">
    <ele>10.67</ele>
   </trkpt>
   <trkpt lat="50.98941000000001" lon="4.7074300000000004">
    <ele>10.6</ele>
   </trkpt>
   <trkpt lat="50.98951" lon="4.70702">
    <ele>10.58</ele>
   </trkpt>
   <trkpt lat="50.989560000000004" lon="4.706320000000001">
    <ele>10.39</ele>
   </trkpt>
   <trkpt lat="50.98948000000001" lon="4.706300000000001">
    <ele>10.39</ele>
   </trkpt>
   <trkpt lat="50.9894" lon="4.706250000000001">
    <ele>9.850000000000001</ele>
   </trkpt>
   <trkpt lat="50.98917" lon="4.70601">
    <ele>9.64</ele>
   </trkpt>
   <trkpt lat="50.988890000000005" lon="4.705760000000001">
    <ele>9.48</ele>
   </trkpt>
   <trkpt lat="50.98847000000001" lon="4.70553">
    <ele>9.340000000000002</ele>
   </trkpt>
   <trkpt lat="50.988330000000005" lon="4.70547">
    <ele>9.340000000000002</ele>
   </trkpt>
   <trkpt lat="50.987570000000005" lon="4.70532">
    <ele>9.19</ele>
   </trkpt>
   <trkpt lat="50.98696" lon="4.7050600000000005">
    <ele>9.260000000000002</ele>
   </trkpt>
   <trkpt lat="50.986740000000005" lon="4.70493">
    <ele>9.35</ele>
   </trkpt>
   <trkpt lat="50.986540000000005" lon="4.70476">
    <ele>9.41</ele>
   </trkpt>
   <trkpt lat="50.986380000000004" lon="4.7046">
    <ele>9.420000000000002</ele>
   </trkpt>
   <trkpt lat="50.986200000000004" lon="4.704370000000001">
    <ele>9.49</ele>
   </trkpt>
   <trkpt lat="50.985640000000004" lon="4.70342">
    <ele>9.31</ele>
   </trkpt>
   <trkpt lat="50.98532" lon="4.70295">
    <ele>9.260000000000002</ele>
   </trkpt>
   <trkpt lat="50.98501" lon="4.70258">
    <ele>8.910000000000002</ele>
   </trkpt>
   <trkpt lat="50.984480000000005" lon="4.702030000000001">
    <ele>9.330000000000002</ele>
   </trkpt>
   <trkpt lat="50.984390000000005" lon="4.701910000000001">
    <ele>9.3</ele>
   </trkpt>
   <trkpt lat="50.984370000000006" lon="4.7017500000000005">
    <ele>9.370000000000001</ele>
   </trkpt>
   <trkpt lat="50.983940000000004" lon="4.70162">
    <ele>9.35</ele>
   </trkpt>
   <trkpt lat="50.98355" lon="4.70145">
    <ele>9.45</ele>
   </trkpt>
   <trkpt lat="50.98294500027073" lon="4.701129995741876">
    <ele>9.420000000000002</ele>
   </trkpt>
   <trkpt lat="50.98234" lon="4.700810000000001">
    <ele>9.540000000000001</ele>
   </trkpt>
   <trkpt lat="50.981930000000006" lon="4.700640000000001">
    <ele>9.47</ele>
   </trkpt>
   <trkpt lat="50.981750000000005" lon="4.70059">
    <ele>9.47</ele>
   </trkpt>
   <trkpt lat="50.98156" lon="4.70056">
    <ele>9.47</ele>
   </trkpt>
   <trkpt lat="50.981370000000005" lon="4.70056">
    <ele>9.47</ele>
   </trkpt>
   <trkpt lat="50.98077000000001" lon="4.70061">
    <ele>9.330000000000002</ele>
   </trkpt>
   <trkpt lat="50.98011" lon="4.7007">
    <ele>9.3</ele>
   </trkpt>
   <trkpt lat="50.97955" lon="4.70082">
    <ele>9.64</ele>
   </trkpt>
   <trkpt lat="50.97925000000001" lon="4.7009300000000005">
    <ele>9.500000000000002</ele>
   </trkpt>
   <trkpt lat="50.97880000000001" lon="4.7011400000000005">
    <ele>9.430000000000001</ele>
   </trkpt>
   <trkpt lat="50.978790000000004" lon="4.70108">
    <ele>9.430000000000001</ele>
   </trkpt>
   <trkpt lat="50.978240000083524" lon="4.701330003044541">
    <ele>9.05</ele>
   </trkpt>
   <trkpt lat="50.97769" lon="4.701580000000001">
    <ele>9.030000000000001</ele>
   </trkpt>
   <trkpt lat="50.97700333401308" lon="4.701870008592939">
    <ele>9.07</ele>
   </trkpt>
   <trkpt lat="50.97631666730813" lon="4.702160008608944">
    <ele>9.24</ele>
   </trkpt>
   <trkpt lat="50.97563" lon="4.702450000000001">
    <ele>9.4</ele>
   </trkpt>
   <trkpt lat="50.97563" lon="4.70251">
    <ele>9.4</ele>
   </trkpt>
   <trkpt lat="50.975100000000005" lon="4.702660000000001">
    <ele>9.56</ele>
   </trkpt>
   <trkpt lat="50.97496" lon="4.70268">
    <ele>9.66</ele>
   </trkpt>
   <trkpt lat="50.97453" lon="4.7026900000000005">
    <ele>9.63</ele>
   </trkpt>
   <trkpt lat="50.973960000000005" lon="4.702640000000001">
    <ele>9.73</ele>
   </trkpt>
   <trkpt lat="50.9737" lon="4.7026200000000005">
    <ele>9.860000000000001</ele>
   </trkpt>
   <trkpt lat="50.973580000000005" lon="4.702570000000001">
    <ele>9.950000000000001</ele>
   </trkpt>
   <trkpt lat="50.973470000000006" lon="4.702500000000001">
    <ele>9.91</ele>
   </trkpt>
   <trkpt lat="50.973380000000006" lon="4.70249">
    <ele>9.98</ele>
   </trkpt>
   <trkpt lat="50.97334000000001" lon="4.702520000000001">
    <ele>9.98</ele>
   </trkpt>
   <trkpt lat="50.973240000000004" lon="4.702520000000001">
    <ele>10.040000000000001</ele>
   </trkpt>
   <trkpt lat="50.97303" lon="4.702590000000001">
    <ele>10.190000000000001</ele>
   </trkpt>
   <trkpt lat="50.972255000859555" lon="4.703065007989853">
    <ele>10.190000000000001</ele>
   </trkpt>
   <trkpt lat="50.97148000000001" lon="4.70354">
    <ele>10.440000000000001</ele>
   </trkpt>
   <trkpt lat="50.97131" lon="4.70364">
    <ele>10.48</ele>
   </trkpt>
   <trkpt lat="50.971090000000004" lon="4.70371">
    <ele>10.48</ele>
   </trkpt>
   <trkpt lat="50.97097" lon="4.703720000000001">
    <ele>10.48</ele>
   </trkpt>
   <trkpt lat="50.970850000000006" lon="4.70371">
    <ele>10.48</ele>
   </trkpt>
   <trkpt lat="50.97066" lon="4.70366">
    <ele>10.38</ele>
   </trkpt>
   <trkpt lat="50.97063000000001" lon="4.70357">
    <ele>10.38</ele>
   </trkpt>
   <trkpt lat="50.97048" lon="4.7035">
    <ele>10.51</ele>
   </trkpt>
   <trkpt lat="50.970330000000004" lon="4.70338">
    <ele>10.51</ele>
   </trkpt>
   <trkpt lat="50.97008" lon="4.70312">
    <ele>10.51</ele>
   </trkpt>
   <trkpt lat="50.96999" lon="4.703010000000001">
    <ele>12.430000000000001</ele>
   </trkpt>
   <trkpt lat="50.96989000000001" lon="4.70284">
    <ele>12.25</ele>
   </trkpt>
   <trkpt lat="50.96989000000001" lon="4.702850000000001">
    <ele>12.25</ele>
   </trkpt>
   <trkpt lat="50.96989000000001" lon="4.70284">
    <ele>10.57</ele>
   </trkpt>
   <trkpt lat="50.96978000000001" lon="4.702590000000001">
    <ele>10.59</ele>
   </trkpt>
   <trkpt lat="50.969640000000005" lon="4.70214">
    <ele>10.450000000000001</ele>
   </trkpt>
   <trkpt lat="50.969590000000004" lon="4.70174">
    <ele>10.43</ele>
   </trkpt>
   <trkpt lat="50.96950251985154" lon="4.700494992972676">
    <ele>10.42</ele>
   </trkpt>
   <trkpt lat="50.96941502646905" lon="4.699249990635417">
    <ele>10.48</ele>
   </trkpt>
   <trkpt lat="50.96932751985264" lon="4.698004992988901">
    <ele>10.47</ele>
   </trkpt>
   <trkpt lat="50.969240000000006" lon="4.69676">
    <ele>10.38</ele>
   </trkpt>
   <trkpt lat="50.969150000000006" lon="4.69563">
    <ele>10.540000000000001</ele>
   </trkpt>
   <trkpt lat="50.969100000000005" lon="4.6956500000000005">
    <ele>10.610000000000001</ele>
   </trkpt>
   <trkpt lat="50.96902000000001" lon="4.694310000000001">
    <ele>10.860000000000001</ele>
   </trkpt>
   <trkpt lat="50.96902000000001" lon="4.69409">
    <ele>11.0</ele>
   </trkpt>
   <trkpt lat="50.96904000000001" lon="4.6939400000000004">
    <ele>11.01</ele>
   </trkpt>
   <trkpt lat="50.96907" lon="4.69341">
    <ele>11.580000000000002</ele>
   </trkpt>
   <trkpt lat="50.96917500437643" lon="4.6923950025027645">
    <ele>12.030000000000001</ele>
   </trkpt>
   <trkpt lat="50.969280000000005" lon="4.6913800000000005">
    <ele>11.61</ele>
   </trkpt>
   <trkpt lat="50.96932" lon="4.6911700000000005">
    <ele>11.1</ele>
   </trkpt>
   <trkpt lat="50.96945" lon="4.691190000000001">
    <ele>11.0</ele>
   </trkpt>
   <trkpt lat="50.96958000000001" lon="4.6911700000000005">
    <ele>10.75</ele>
   </trkpt>
   <trkpt lat="50.96969000000001" lon="4.69118">
    <ele>10.610000000000001</ele>
   </trkpt>
   <trkpt lat="50.969770000000004" lon="4.6911700000000005">
    <ele>10.530000000000001</ele>
   </trkpt>
   <trkpt lat="50.97005000000001" lon="4.69099">
    <ele>10.14</ele>
   </trkpt>
   <trkpt lat="50.97057" lon="4.69057">
    <ele>9.56</ele>
   </trkpt>
   <trkpt lat="50.970850000000006" lon="4.69031">
    <ele>9.64</ele>
   </trkpt>
   <trkpt lat="50.97157000000001" lon="4.68958">
    <ele>9.420000000000002</ele>
   </trkpt>
   <trkpt lat="50.97196" lon="4.6890600000000004">
    <ele>9.22</ele>
   </trkpt>
   <trkpt lat="50.972280000000005" lon="4.688700000000001">
    <ele>9.24</ele>
   </trkpt>
   <trkpt lat="50.97247" lon="4.68857">
    <ele>9.340000000000002</ele>
   </trkpt>
   <trkpt lat="50.972620000000006" lon="4.688540000000001">
    <ele>9.340000000000002</ele>
   </trkpt>
   <trkpt lat="50.97288" lon="4.688630000000001">
    <ele>9.38</ele>
   </trkpt>
   <trkpt lat="50.97294" lon="4.68862">
    <ele>9.38</ele>
   </trkpt>
   <trkpt lat="50.973020000000005" lon="4.688560000000001">
    <ele>9.080000000000002</ele>
   </trkpt>
   <trkpt lat="50.973240000000004" lon="4.6882600000000005">
    <ele>8.97</ele>
   </trkpt>
   <trkpt lat="50.97336000000001" lon="4.688020000000001">
    <ele>8.9</ele>
   </trkpt>
   <trkpt lat="50.97373" lon="4.68717">
    <ele>8.88</ele>
   </trkpt>
   <trkpt lat="50.97386" lon="4.686850000000001">
    <ele>8.870000000000001</ele>
   </trkpt>
   <trkpt lat="50.974070000000005" lon="4.68653">
    <ele>8.8</ele>
   </trkpt>
   <trkpt lat="50.974360000000004" lon="4.68616">
    <ele>8.790000000000001</ele>
   </trkpt>
   <trkpt lat="50.974500000000006" lon="4.68604">
    <ele>8.820000000000002</ele>
   </trkpt>
   <trkpt lat="50.974590000000006" lon="4.686">
    <ele>8.820000000000002</ele>
   </trkpt>
   <trkpt lat="50.97469" lon="4.6860100000000005">
    <ele>8.780000000000001</ele>
   </trkpt>
   <trkpt lat="50.975" lon="4.6860800000000005">
    <ele>8.76</ele>
   </trkpt>
   <trkpt lat="50.97578000000001" lon="4.686190000000001">
    <ele>8.870000000000001</ele>
   </trkpt>
   <trkpt lat="50.97589000000001" lon="4.68618">
    <ele>8.870000000000001</ele>
   </trkpt>
   <trkpt lat="50.97605" lon="4.68609">
    <ele>8.870000000000001</ele>
   </trkpt>
   <trkpt lat="50.97640500094458" lon="4.685595003925555">
    <ele>8.350000000000001</ele>
   </trkpt>
   <trkpt lat="50.976760000000006" lon="4.6851">
    <ele>8.16</ele>
   </trkpt>
   <trkpt lat="50.97724" lon="4.68456">
    <ele>8.67</ele>
   </trkpt>
   <trkpt lat="50.977340000000005" lon="4.68438">
    <ele>8.77</ele>
   </trkpt>
   <trkpt lat="50.97735" lon="4.684290000000001">
    <ele>8.650000000000002</ele>
   </trkpt>
   <trkpt lat="50.977230000000006" lon="4.683800000000001">
    <ele>8.63</ele>
   </trkpt>
   <trkpt lat="50.97711" lon="4.68346">
    <ele>8.55</ele>
   </trkpt>
   <trkpt lat="50.97702" lon="4.6824200000000005">
    <ele>8.34</ele>
   </trkpt>
   <trkpt lat="50.97702" lon="4.68215">
    <ele>8.270000000000001</ele>
   </trkpt>
   <trkpt lat="50.977000000000004" lon="4.68196">
    <ele>8.270000000000001</ele>
   </trkpt>
   <trkpt lat="50.976960000000005" lon="4.681780000000001">
    <ele>8.270000000000001</ele>
   </trkpt>
   <trkpt lat="50.97666" lon="4.6809400000000005">
    <ele>8.33</ele>
   </trkpt>
   <trkpt lat="50.97652" lon="4.68048">
    <ele>8.200000000000001</ele>
   </trkpt>
   <trkpt lat="50.97634000000001" lon="4.67982">
    <ele>8.08</ele>
   </trkpt>
   <trkpt lat="50.976130000000005" lon="4.67886">
    <ele>8.100000000000001</ele>
   </trkpt>
   <trkpt lat="50.97612" lon="4.67872">
    <ele>8.100000000000001</ele>
   </trkpt>
   <trkpt lat="50.976130000000005" lon="4.67858">
    <ele>8.100000000000001</ele>
   </trkpt>
   <trkpt lat="50.97617" lon="4.67848">
    <ele>8.100000000000001</ele>
   </trkpt>
   <trkpt lat="50.976470000000006" lon="4.677930000000001">
    <ele>8.030000000000001</ele>
   </trkpt>
   <trkpt lat="50.97657" lon="4.67773">
    <ele>8.17</ele>
   </trkpt>
   <trkpt lat="50.976600000000005" lon="4.677630000000001">
    <ele>8.17</ele>
   </trkpt>
   <trkpt lat="50.976580000000006" lon="4.67746">
    <ele>8.200000000000001</ele>
   </trkpt>
   <trkpt lat="50.97628" lon="4.676640000000001">
    <ele>8.3</ele>
   </trkpt>
   <trkpt lat="50.97596000000001" lon="4.6756">
    <ele>8.530000000000001</ele>
   </trkpt>
   <trkpt lat="50.975750000000005" lon="4.6748400000000006">
    <ele>8.71</ele>
   </trkpt>
   <trkpt lat="50.97561" lon="4.6740900000000005">
    <ele>8.820000000000002</ele>
   </trkpt>
   <trkpt lat="50.97548500391443" lon="4.673134997591445">
    <ele>8.68</ele>
   </trkpt>
   <trkpt lat="50.97536" lon="4.67218">
    <ele>8.63</ele>
   </trkpt>
   <trkpt lat="50.975060000000006" lon="4.671480000000001">
    <ele>8.76</ele>
   </trkpt>
   <trkpt lat="50.974990000000005" lon="4.67126">
    <ele>8.76</ele>
   </trkpt>
   <trkpt lat="50.974920000000004" lon="4.67082">
    <ele>8.93</ele>
   </trkpt>
   <trkpt lat="50.974920000000004" lon="4.6702">
    <ele>8.96</ele>
   </trkpt>
   <trkpt lat="50.97495000000001" lon="4.66978">
    <ele>8.89</ele>
   </trkpt>
   <trkpt lat="50.97511" lon="4.668830000000001">
    <ele>8.650000000000002</ele>
   </trkpt>
   <trkpt lat="50.975170000000006" lon="4.66845">
    <ele>8.42</ele>
   </trkpt>
   <trkpt lat="50.97523" lon="4.66767">
    <ele>7.95</ele>
   </trkpt>
   <trkpt lat="50.975280000000005" lon="4.6675">
    <ele>7.95</ele>
   </trkpt>
   <trkpt lat="50.97533000000001" lon="4.66739">
    <ele>7.74</ele>
   </trkpt>
   <trkpt lat="50.975390000000004" lon="4.6673100000000005">
    <ele>7.74</ele>
   </trkpt>
   <trkpt lat="50.97547" lon="4.66725">
    <ele>7.74</ele>
   </trkpt>
   <trkpt lat="50.97572" lon="4.66713">
    <ele>8.040000000000001</ele>
   </trkpt>
   <trkpt lat="50.97578000000001" lon="4.66708">
    <ele>8.040000000000001</ele>
   </trkpt>
   <trkpt lat="50.975860000000004" lon="4.666950000000001">
    <ele>8.15</ele>
   </trkpt>
   <trkpt lat="50.97618000000001" lon="4.66605">
    <ele>7.9700000000000015</ele>
   </trkpt>
   <trkpt lat="50.97623" lon="4.66582">
    <ele>7.9700000000000015</ele>
   </trkpt>
   <trkpt lat="50.976240000000004" lon="4.6657">
    <ele>7.9700000000000015</ele>
   </trkpt>
   <trkpt lat="50.97618000000001" lon="4.665170000000001">
    <ele>7.9</ele>
   </trkpt>
   <trkpt lat="50.97619" lon="4.665">
    <ele>7.9</ele>
   </trkpt>
   <trkpt lat="50.97628" lon="4.66465">
    <ele>7.88</ele>
   </trkpt>
   <trkpt lat="50.976350000000004" lon="4.664210000000001">
    <ele>7.88</ele>
   </trkpt>
   <trkpt lat="50.97636500516641" lon="4.663110000263207">
    <ele>8.020000000000001</ele>
   </trkpt>
   <trkpt lat="50.976380000000006" lon="4.66201">
    <ele>7.42</ele>
   </trkpt>
   <trkpt lat="50.976350000000004" lon="4.66174">
    <ele>7.540000000000001</ele>
   </trkpt>
   <trkpt lat="50.97641" lon="4.66047">
    <ele>8.08</ele>
   </trkpt>
   <trkpt lat="50.976000000000006" lon="4.66042">
    <ele>8.040000000000001</ele>
   </trkpt>
   <trkpt lat="50.97585" lon="4.659750000000001">
    <ele>8.06</ele>
   </trkpt>
   <trkpt lat="50.97537000015106" lon="4.659990002528142">
    <ele>7.680000000000001</ele>
   </trkpt>
   <trkpt lat="50.97489" lon="4.66023">
    <ele>7.660000000000001</ele>
   </trkpt>
   <trkpt lat="50.974610000000006" lon="4.6603200000000005">
    <ele>7.660000000000001</ele>
   </trkpt>
   <trkpt lat="50.97374500007123" lon="4.660480002987186">
    <ele>7.630000000000001</ele>
   </trkpt>
   <trkpt lat="50.97288" lon="4.660640000000001">
    <ele>8.219999999999999</ele>
   </trkpt>
   <trkpt lat="50.972660000000005" lon="4.66054">
    <ele>8.520000000000001</ele>
   </trkpt>
   <trkpt lat="50.97260000000001" lon="4.66049">
    <ele>8.67</ele>
   </trkpt>
   <trkpt lat="50.97252" lon="4.6604600000000005">
    <ele>8.67</ele>
   </trkpt>
   <trkpt lat="50.97198" lon="4.66037">
    <ele>8.15</ele>
   </trkpt>
   <trkpt lat="50.97184000000001" lon="4.66037">
    <ele>8.08</ele>
   </trkpt>
   <trkpt lat="50.97167" lon="4.6604">
    <ele>8.08</ele>
   </trkpt>
   <trkpt lat="50.97139000000001" lon="4.6605300000000005">
    <ele>8.09</ele>
   </trkpt>
   <trkpt lat="50.9706000010839" lon="4.661030008493959">
    <ele>7.9300000000000015</ele>
   </trkpt>
   <trkpt lat="50.96981" lon="4.66153">
    <ele>8.110000000000001</ele>
   </trkpt>
   <trkpt lat="50.96931000000001" lon="4.661720000000001">
    <ele>8.040000000000001</ele>
   </trkpt>
   <trkpt lat="50.96889" lon="4.66181">
    <ele>8.08</ele>
   </trkpt>
   <trkpt lat="50.96807333334001" lon="4.6618316685713985">
    <ele>8.08</ele>
   </trkpt>
   <trkpt lat="50.96725666667603" lon="4.661853336380875">
    <ele>8.08</ele>
   </trkpt>
   <trkpt lat="50.96644000000802" lon="4.661875003428477">
    <ele>8.39</ele>
   </trkpt>
   <trkpt lat="50.965623333336026" lon="4.661896669714254">
    <ele>8.39</ele>
   </trkpt>
   <trkpt lat="50.96480666666002" lon="4.661918335238256">
    <ele>8.39</ele>
   </trkpt>
   <trkpt lat="50.96399" lon="4.66194">
    <ele>8.39</ele>
   </trkpt>
   <trkpt lat="50.96361" lon="4.66199">
    <ele>8.520000000000001</ele>
   </trkpt>
   <trkpt lat="50.963440000000006" lon="4.6620800000000004">
    <ele>8.57</ele>
   </trkpt>
   <trkpt lat="50.96322000000001" lon="4.6622900000000005">
    <ele>8.63</ele>
   </trkpt>
   <trkpt lat="50.96303" lon="4.6625700000000005">
    <ele>8.63</ele>
   </trkpt>
   <trkpt lat="50.96282" lon="4.66228">
    <ele>8.47</ele>
   </trkpt>
   <trkpt lat="50.962250000000004" lon="4.66157">
    <ele>8.180000000000001</ele>
   </trkpt>
   <trkpt lat="50.961710000000004" lon="4.66072">
    <ele>8.48</ele>
   </trkpt>
   <trkpt lat="50.961335001074296" lon="4.660224996041991">
    <ele>8.520000000000001</ele>
   </trkpt>
   <trkpt lat="50.96096000000001" lon="4.659730000000001">
    <ele>8.57</ele>
   </trkpt>
   <trkpt lat="50.960800000000006" lon="4.6595200000000006">
    <ele>8.57</ele>
   </trkpt>
   <trkpt lat="50.960170000000005" lon="4.6589100000000006">
    <ele>8.73</ele>
   </trkpt>
   <trkpt lat="50.96012" lon="4.6588">
    <ele>8.73</ele>
   </trkpt>
   <trkpt lat="50.96011000000001" lon="4.65869">
    <ele>8.73</ele>
   </trkpt>
   <trkpt lat="50.96025" lon="4.6579500000000005">
    <ele>8.450000000000001</ele>
   </trkpt>
   <trkpt lat="50.96045" lon="4.657430000000001">
    <ele>9.02</ele>
   </trkpt>
   <trkpt lat="50.96043" lon="4.657380000000001">
    <ele>9.02</ele>
   </trkpt>
   <trkpt lat="50.960080000000005" lon="4.657120000000001">
    <ele>8.89</ele>
   </trkpt>
   <trkpt lat="50.95976" lon="4.656820000000001">
    <ele>9.05</ele>
   </trkpt>
   <trkpt lat="50.959540000000004" lon="4.6565900000000005">
    <ele>9.06</ele>
   </trkpt>
   <trkpt lat="50.95926000000001" lon="4.65634">
    <ele>9.120000000000001</ele>
   </trkpt>
   <trkpt lat="50.95870000000001" lon="4.65597">
    <ele>9.38</ele>
   </trkpt>
   <trkpt lat="50.958580000000005" lon="4.65594">
    <ele>9.56</ele>
   </trkpt>
   <trkpt lat="50.9585" lon="4.65594">
    <ele>9.56</ele>
   </trkpt>
   <trkpt lat="50.958090000000006" lon="4.656070000000001">
    <ele>9.770000000000001</ele>
   </trkpt>
   <trkpt lat="50.957930000000005" lon="4.6561">
    <ele>9.64</ele>
   </trkpt>
   <trkpt lat="50.95776000000001" lon="4.65608">
    <ele>9.64</ele>
   </trkpt>
   <trkpt lat="50.957660000000004" lon="4.65604">
    <ele>9.71</ele>
   </trkpt>
   <trkpt lat="50.957390000000004" lon="4.65587">
    <ele>9.81</ele>
   </trkpt>
   <trkpt lat="50.95725" lon="4.655810000000001">
    <ele>10.13</ele>
   </trkpt>
   <trkpt lat="50.957260000000005" lon="4.65509">
    <ele>9.860000000000001</ele>
   </trkpt>
   <trkpt lat="50.95718500550425" lon="4.653954998234555">
    <ele>10.17</ele>
   </trkpt>
   <trkpt lat="50.95711000000001" lon="4.65282">
    <ele>10.72</ele>
   </trkpt>
   <trkpt lat="50.957090007219" lon="4.651519999690014">
    <ele>10.5</ele>
   </trkpt>
   <trkpt lat="50.95707" lon="4.65022">
    <ele>10.3</ele>
   </trkpt>
   <trkpt lat="50.95705" lon="4.64994">
    <ele>10.3</ele>
   </trkpt>
   <trkpt lat="50.956950000000006" lon="4.64925">
    <ele>10.32</ele>
   </trkpt>
   <trkpt lat="50.9568" lon="4.6487300000000005">
    <ele>10.520000000000001</ele>
   </trkpt>
   <trkpt lat="50.956430000000005" lon="4.64792">
    <ele>10.55</ele>
   </trkpt>
   <trkpt lat="50.95633" lon="4.64743">
    <ele>10.77</ele>
   </trkpt>
   <trkpt lat="50.95618" lon="4.6464300000000005">
    <ele>10.900000000000002</ele>
   </trkpt>
   <trkpt lat="50.95593500723045" lon="4.64512999322688">
    <ele>11.21</ele>
   </trkpt>
   <trkpt lat="50.955690000000004" lon="4.64383">
    <ele>11.260000000000002</ele>
   </trkpt>
   <trkpt lat="50.955575005207535" lon="4.642724997212888">
    <ele>11.410000000000002</ele>
   </trkpt>
   <trkpt lat="50.95546" lon="4.6416200000000005">
    <ele>10.81</ele>
   </trkpt>
   <trkpt lat="50.95544" lon="4.6412700000000005">
    <ele>10.68</ele>
   </trkpt>
   <trkpt lat="50.955450000000006" lon="4.6410100000000005">
    <ele>10.64</ele>
   </trkpt>
   <trkpt lat="50.955490000000005" lon="4.640680000000001">
    <ele>10.700000000000001</ele>
   </trkpt>
   <trkpt lat="50.95573" lon="4.63961">
    <ele>11.420000000000002</ele>
   </trkpt>
   <trkpt lat="50.955740000000006" lon="4.63947">
    <ele>11.71</ele>
   </trkpt>
   <trkpt lat="50.95573" lon="4.63935">
    <ele>11.64</ele>
   </trkpt>
   <trkpt lat="50.95557" lon="4.63943">
    <ele>11.520000000000001</ele>
   </trkpt>
   <trkpt lat="50.955180000000006" lon="4.6395800000000005">
    <ele>11.430000000000001</ele>
   </trkpt>
   <trkpt lat="50.95501" lon="4.639620000000001">
    <ele>11.510000000000002</ele>
   </trkpt>
   <trkpt lat="50.954620000000006" lon="4.63959">
    <ele>11.600000000000001</ele>
   </trkpt>
   <trkpt lat="50.95407" lon="4.63952">
    <ele>11.74</ele>
   </trkpt>
   <trkpt lat="50.95353" lon="4.63949">
    <ele>11.81</ele>
   </trkpt>
   <trkpt lat="50.95309" lon="4.639530000000001">
    <ele>12.100000000000001</ele>
   </trkpt>
   <trkpt lat="50.95295" lon="4.6395800000000005">
    <ele>12.100000000000001</ele>
   </trkpt>
   <trkpt lat="50.95281000000001" lon="4.639670000000001">
    <ele>12.120000000000001</ele>
   </trkpt>
   <trkpt lat="50.952130000000004" lon="4.6403300000000005">
    <ele>12.24</ele>
   </trkpt>
   <trkpt lat="50.95196000000001" lon="4.640580000000001">
    <ele>12.290000000000001</ele>
   </trkpt>
   <trkpt lat="50.95177" lon="4.64107">
    <ele>12.430000000000001</ele>
   </trkpt>
   <trkpt lat="50.95156" lon="4.64147">
    <ele>12.450000000000001</ele>
   </trkpt>
   <trkpt lat="50.95132" lon="4.64181">
    <ele>12.5</ele>
   </trkpt>
   <trkpt lat="50.95100000000001" lon="4.64214">
    <ele>12.39</ele>
   </trkpt>
   <trkpt lat="50.950880000000005" lon="4.64224">
    <ele>12.39</ele>
   </trkpt>
   <trkpt lat="50.950660000000006" lon="4.642320000000001">
    <ele>12.39</ele>
   </trkpt>
   <trkpt lat="50.950100000052416" lon="4.6423149999402264">
    <ele>12.51</ele>
   </trkpt>
   <trkpt lat="50.949540000000006" lon="4.64231">
    <ele>12.89</ele>
   </trkpt>
   <trkpt lat="50.949400000000004" lon="4.642270000000001">
    <ele>12.89</ele>
   </trkpt>
   <trkpt lat="50.94926" lon="4.64219">
    <ele>12.89</ele>
   </trkpt>
   <trkpt lat="50.949110000000005" lon="4.64205">
    <ele>13.15</ele>
   </trkpt>
   <trkpt lat="50.948820000000005" lon="4.641710000000001">
    <ele>13.38</ele>
   </trkpt>
   <trkpt lat="50.948640000000005" lon="4.64158">
    <ele>13.38</ele>
   </trkpt>
   <trkpt lat="50.94847000000001" lon="4.64154">
    <ele>13.49</ele>
   </trkpt>
   <trkpt lat="50.94821" lon="4.6415500000000005">
    <ele>13.770000000000001</ele>
   </trkpt>
   <trkpt lat="50.948080000000004" lon="4.64158">
    <ele>14.020000000000001</ele>
   </trkpt>
   <trkpt lat="50.94789" lon="4.641710000000001">
    <ele>14.280000000000001</ele>
   </trkpt>
   <trkpt lat="50.947810000000004" lon="4.641830000000001">
    <ele>14.280000000000001</ele>
   </trkpt>
   <trkpt lat="50.94774" lon="4.64187">
    <ele>14.34</ele>
   </trkpt>
   <trkpt lat="50.94764000000001" lon="4.64203">
    <ele>14.100000000000001</ele>
   </trkpt>
   <trkpt lat="50.94744000000001" lon="4.64269">
    <ele>13.7</ele>
   </trkpt>
   <trkpt lat="50.947250000000004" lon="4.64364">
    <ele>15.19</ele>
   </trkpt>
   <trkpt lat="50.94695" lon="4.6435">
    <ele>14.97</ele>
   </trkpt>
   <trkpt lat="50.94689" lon="4.643490000000001">
    <ele>14.820000000000002</ele>
   </trkpt>
   <trkpt lat="50.94709" lon="4.64275">
    <ele>13.450000000000001</ele>
   </trkpt>
   <trkpt lat="50.94711" lon="4.642510000000001">
    <ele>13.370000000000001</ele>
   </trkpt>
   <trkpt lat="50.947160000000004" lon="4.642200000000001">
    <ele>13.410000000000002</ele>
   </trkpt>
   <trkpt lat="50.947230000000005" lon="4.641970000000001">
    <ele>13.56</ele>
   </trkpt>
   <trkpt lat="50.94738500276421" lon="4.641160002894811">
    <ele>14.910000000000002</ele>
   </trkpt>
   <trkpt lat="50.947540000000004" lon="4.640350000000001">
    <ele>15.19</ele>
   </trkpt>
   <trkpt lat="50.947680000000005" lon="4.63961">
    <ele>15.430000000000001</ele>
   </trkpt>
   <trkpt lat="50.947700000000005" lon="4.639360000000001">
    <ele>15.73</ele>
   </trkpt>
   <trkpt lat="50.94791667863249" lon="4.638176677651423">
    <ele>15.91</ele>
   </trkpt>
   <trkpt lat="50.948133345307774" lon="4.636993344271199">
    <ele>15.9</ele>
   </trkpt>
   <trkpt lat="50.948350000000005" lon="4.63581">
    <ele>16.0</ele>
   </trkpt>
   <trkpt lat="50.94859004030387" lon="4.634555753132918">
    <ele>15.91</ele>
   </trkpt>
   <trkpt lat="50.94883006717429" lon="4.633301493311986">
    <ele>15.950000000000003</ele>
   </trkpt>
   <trkpt lat="50.94907008061104" lon="4.632047220537687">
    <ele>15.93</ele>
   </trkpt>
   <trkpt lat="50.949310080613834" lon="4.6307929348105">
    <ele>15.82</ele>
   </trkpt>
   <trkpt lat="50.949550067182436" lon="4.629538636130905">
    <ele>15.89</ele>
   </trkpt>
   <trkpt lat="50.949790040316564" lon="4.628284324499383">
    <ele>15.850000000000003</ele>
   </trkpt>
   <trkpt lat="50.950030000000005" lon="4.62703">
    <ele>15.97</ele>
   </trkpt>
   <trkpt lat="50.949233333640876" lon="4.626826659685014">
    <ele>14.34</ele>
   </trkpt>
   <trkpt lat="50.9484366669287" lon="4.62662332634021">
    <ele>14.730000000000002</ele>
   </trkpt>
   <trkpt lat="50.94764000000001" lon="4.62642">
    <ele>14.950000000000001</ele>
   </trkpt>
   <trkpt lat="50.9474" lon="4.62638">
    <ele>15.06</ele>
   </trkpt>
   <trkpt lat="50.94697000000001" lon="4.62635">
    <ele>14.8</ele>
   </trkpt>
   <trkpt lat="50.946740000000005" lon="4.62631">
    <ele>14.790000000000001</ele>
   </trkpt>
   <trkpt lat="50.94650000000001" lon="4.6261600000000005">
    <ele>14.790000000000001</ele>
   </trkpt>
   <trkpt lat="50.94639" lon="4.62608">
    <ele>14.93</ele>
   </trkpt>
   <trkpt lat="50.946200000000005" lon="4.626060000000001">
    <ele>14.93</ele>
   </trkpt>
   <trkpt lat="50.94606" lon="4.62608">
    <ele>14.93</ele>
   </trkpt>
   <trkpt lat="50.945330000042496" lon="4.6261350008614395">
    <ele>14.97</ele>
   </trkpt>
   <trkpt lat="50.9446" lon="4.62619">
    <ele>15.3</ele>
   </trkpt>
   <trkpt lat="50.94429" lon="4.62614">
    <ele>15.3</ele>
   </trkpt>
   <trkpt lat="50.94381999982399" lon="4.626160000209756">
    <ele>15.27</ele>
   </trkpt>
   <trkpt lat="50.94335" lon="4.626180000000001">
    <ele>15.330000000000002</ele>
   </trkpt>
   <trkpt lat="50.94283" lon="4.6263000000000005">
    <ele>15.56</ele>
   </trkpt>
   <trkpt lat="50.94254" lon="4.62629">
    <ele>15.56</ele>
   </trkpt>
   <trkpt lat="50.94175500002067" lon="4.626264999578473">
    <ele>15.950000000000003</ele>
   </trkpt>
   <trkpt lat="50.94097000000001" lon="4.62624">
    <ele>16.220000000000002</ele>
   </trkpt>
   <trkpt lat="50.940096666669" lon="4.62624">
    <ele>16.39</ele>
   </trkpt>
   <trkpt lat="50.939223333337964" lon="4.62624">
    <ele>16.19</ele>
   </trkpt>
   <trkpt lat="50.93835000000001" lon="4.62624">
    <ele>16.439999999999998</ele>
   </trkpt>
   <trkpt lat="50.93835000000001" lon="4.6263000000000005">
    <ele>16.439999999999998</ele>
   </trkpt>
   <trkpt lat="50.937740000000005" lon="4.62628">
    <ele>16.450000000000003</ele>
   </trkpt>
   <trkpt lat="50.93694499999246" lon="4.62630000102608">
    <ele>16.630000000000003</ele>
   </trkpt>
   <trkpt lat="50.93614999998149" lon="4.626320001368291">
    <ele>16.55</ele>
   </trkpt>
   <trkpt lat="50.9353549999671" lon="4.626340001026675">
    <ele>16.32</ele>
   </trkpt>
   <trkpt lat="50.934560000000005" lon="4.62636">
    <ele>16.6</ele>
   </trkpt>
   <trkpt lat="50.934490000000004" lon="4.626340000000001">
    <ele>17.02</ele>
   </trkpt>
   <trkpt lat="50.934380000000004" lon="4.62621">
    <ele>17.27</ele>
   </trkpt>
   <trkpt lat="50.93423000000001" lon="4.6264400000000006">
    <ele>17.28</ele>
   </trkpt>
   <trkpt lat="50.934140000000006" lon="4.62628">
    <ele>17.220000000000002</ele>
   </trkpt>
   <trkpt lat="50.934090000000005" lon="4.626130000000001">
    <ele>17.03</ele>
   </trkpt>
   <trkpt lat="50.93398000371531" lon="4.625194997638159">
    <ele>16.650000000000002</ele>
   </trkpt>
   <trkpt lat="50.933870000000006" lon="4.6242600000000005">
    <ele>16.69</ele>
   </trkpt>
   <trkpt lat="50.933580000000006" lon="4.622920000000001">
    <ele>16.75</ele>
   </trkpt>
   <trkpt lat="50.934160000000006" lon="4.62267">
    <ele>16.740000000000002</ele>
   </trkpt>
   <trkpt lat="50.934670000000004" lon="4.62242">
    <ele>16.630000000000003</ele>
   </trkpt>
   <trkpt lat="50.93484" lon="4.622310000000001">
    <ele>16.630000000000003</ele>
   </trkpt>
   <trkpt lat="50.934960000000004" lon="4.622140000000001">
    <ele>16.630000000000003</ele>
   </trkpt>
   <trkpt lat="50.935010000000005" lon="4.62204">
    <ele>16.630000000000003</ele>
   </trkpt>
   <trkpt lat="50.93504" lon="4.6219">
    <ele>16.630000000000003</ele>
   </trkpt>
   <trkpt lat="50.93519501867182" lon="4.620692512119713">
    <ele>16.470000000000002</ele>
   </trkpt>
   <trkpt lat="50.93535002489197" lon="4.619485016189631">
    <ele>16.330000000000002</ele>
   </trkpt>
   <trkpt lat="50.93550501866028" lon="4.6182775122103035">
    <ele>16.07</ele>
   </trkpt>
   <trkpt lat="50.935660000000006" lon="4.61707">
    <ele>15.940000000000003</ele>
   </trkpt>
   <trkpt lat="50.93549" lon="4.61693">
    <ele>15.64</ele>
   </trkpt>
   <trkpt lat="50.93524000000001" lon="4.61679">
    <ele>15.450000000000001</ele>
   </trkpt>
   <trkpt lat="50.935100000000006" lon="4.6167300000000004">
    <ele>15.490000000000002</ele>
   </trkpt>
   <trkpt lat="50.93511" lon="4.6167300000000004">
    <ele>15.490000000000002</ele>
   </trkpt>
   <trkpt lat="50.93459000000001" lon="4.61652">
    <ele>15.780000000000003</ele>
   </trkpt>
   <trkpt lat="50.934200000000004" lon="4.61639">
    <ele>15.93</ele>
   </trkpt>
   <trkpt lat="50.9339" lon="4.616350000000001">
    <ele>15.97</ele>
   </trkpt>
   <trkpt lat="50.93311249997384" lon="4.616317498347451">
    <ele>16.240000000000002</ele>
   </trkpt>
   <trkpt lat="50.93232499993864" lon="4.616284997795555">
    <ele>16.66</ele>
   </trkpt>
   <trkpt lat="50.93153749989443" lon="4.616252498344243">
    <ele>17.09</ele>
   </trkpt>
   <trkpt lat="50.93075" lon="4.61622">
    <ele>17.310000000000002</ele>
   </trkpt>
   <trkpt lat="50.930510000000005" lon="4.61624">
    <ele>17.32</ele>
   </trkpt>
   <trkpt lat="50.930330000000005" lon="4.616280000000001">
    <ele>17.32</ele>
   </trkpt>
   <trkpt lat="50.930150000000005" lon="4.61638">
    <ele>17.35</ele>
   </trkpt>
   <trkpt lat="50.92987" lon="4.616560000000001">
    <ele>17.32</ele>
   </trkpt>
   <trkpt lat="50.929590000000005" lon="4.61681">
    <ele>17.25</ele>
   </trkpt>
   <trkpt lat="50.929260000000006" lon="4.6172200000000005">
    <ele>17.42</ele>
   </trkpt>
   <trkpt lat="50.928990000000006" lon="4.61747">
    <ele>17.54</ele>
   </trkpt>
   <trkpt lat="50.928310000416786" lon="4.617790004687601">
    <ele>17.79</ele>
   </trkpt>
   <trkpt lat="50.92763" lon="4.618110000000001">
    <ele>17.900000000000002</ele>
   </trkpt>
   <trkpt lat="50.927310000000006" lon="4.61822">
    <ele>17.990000000000002</ele>
   </trkpt>
   <trkpt lat="50.92696" lon="4.61826">
    <ele>18.05</ele>
   </trkpt>
   <trkpt lat="50.92660000000001" lon="4.61822">
    <ele>18.3</ele>
   </trkpt>
   <trkpt lat="50.92622" lon="4.618060000000001">
    <ele>18.31</ele>
   </trkpt>
   <trkpt lat="50.92556500099455" lon="4.617579993249519">
    <ele>18.44</ele>
   </trkpt>
   <trkpt lat="50.924910000000004" lon="4.617100000000001">
    <ele>18.71</ele>
   </trkpt>
   <trkpt lat="50.924110000000006" lon="4.61646">
    <ele>18.930000000000003</ele>
   </trkpt>
   <trkpt lat="50.923700000000004" lon="4.61603">
    <ele>18.930000000000003</ele>
   </trkpt>
   <trkpt lat="50.92333000090834" lon="4.615544996016837">
    <ele>18.930000000000003</ele>
   </trkpt>
   <trkpt lat="50.92296" lon="4.615060000000001">
    <ele>19.270000000000003</ele>
   </trkpt>
   <trkpt lat="50.922560000000004" lon="4.614730000000001">
    <ele>19.4</ele>
   </trkpt>
   <trkpt lat="50.92237" lon="4.61463">
    <ele>19.4</ele>
   </trkpt>
   <trkpt lat="50.92206" lon="4.614540000000001">
    <ele>19.46</ele>
   </trkpt>
   <trkpt lat="50.921730000000004" lon="4.614520000000001">
    <ele>19.42</ele>
   </trkpt>
   <trkpt lat="50.92105500009224" lon="4.614575000791443">
    <ele>19.48</ele>
   </trkpt>
   <trkpt lat="50.92038" lon="4.61463">
    <ele>19.62</ele>
   </trkpt>
   <trkpt lat="50.92" lon="4.6146">
    <ele>19.85</ele>
   </trkpt>
   <trkpt lat="50.919700000000006" lon="4.614520000000001">
    <ele>19.98</ele>
   </trkpt>
   <trkpt lat="50.9189" lon="4.61418">
    <ele>20.220000000000002</ele>
   </trkpt>
   <trkpt lat="50.918890000000005" lon="4.61418">
    <ele>20.220000000000002</ele>
   </trkpt>
   <trkpt lat="50.918710000000004" lon="4.61413">
    <ele>20.26</ele>
   </trkpt>
   <trkpt lat="50.91852" lon="4.6141000000000005">
    <ele>20.37</ele>
   </trkpt>
   <trkpt lat="50.918150000000004" lon="4.61409">
    <ele>20.52</ele>
   </trkpt>
   <trkpt lat="50.91792" lon="4.614120000000001">
    <ele>20.560000000000002</ele>
   </trkpt>
   <trkpt lat="50.91717250085771" lon="4.614380012532239">
    <ele>20.700000000000003</ele>
   </trkpt>
   <trkpt lat="50.916425001137995" lon="4.614640016711275">
    <ele>21.07</ele>
   </trkpt>
   <trkpt lat="50.9156775008409" lon="4.614900012537592">
    <ele>21.34</ele>
   </trkpt>
   <trkpt lat="50.914930000000005" lon="4.61516">
    <ele>21.740000000000002</ele>
   </trkpt>
   <trkpt lat="50.914500000000004" lon="4.61526">
    <ele>22.0</ele>
   </trkpt>
   <trkpt lat="50.91396" lon="4.615270000000001">
    <ele>22.17</ele>
   </trkpt>
   <trkpt lat="50.913560000000004" lon="4.61531">
    <ele>22.26</ele>
   </trkpt>
   <trkpt lat="50.9132" lon="4.61542">
    <ele>22.27</ele>
   </trkpt>
   <trkpt lat="50.912780000000005" lon="4.615620000000001">
    <ele>22.46</ele>
   </trkpt>
   <trkpt lat="50.91214000104277" lon="4.615966676191684">
    <ele>22.830000000000002</ele>
   </trkpt>
   <trkpt lat="50.911500001059046" lon="4.61631334284938">
    <ele>22.950000000000003</ele>
   </trkpt>
   <trkpt lat="50.91086000000001" lon="4.61666">
    <ele>23.28</ele>
   </trkpt>
   <trkpt lat="50.91046000000001" lon="4.6169">
    <ele>23.32</ele>
   </trkpt>
   <trkpt lat="50.91005500032368" lon="4.617210002763712">
    <ele>23.450000000000003</ele>
   </trkpt>
   <trkpt lat="50.909650000000006" lon="4.617520000000001">
    <ele>23.57</ele>
   </trkpt>
   <trkpt lat="50.90891250580035" lon="4.618192531959385">
    <ele>23.860000000000003</ele>
   </trkpt>
   <trkpt lat="50.90817500773744" lon="4.618865042608314">
    <ele>24.610000000000003</ele>
   </trkpt>
   <trkpt lat="50.90743750581147" lon="4.619537531947913">
    <ele>25.380000000000003</ele>
   </trkpt>
   <trkpt lat="50.9067" lon="4.62021">
    <ele>25.95</ele>
   </trkpt>
   <trkpt lat="50.906290000000006" lon="4.620760000000001">
    <ele>26.410000000000004</ele>
   </trkpt>
   <trkpt lat="50.906150000000004" lon="4.620830000000001">
    <ele>26.410000000000004</ele>
   </trkpt>
   <trkpt lat="50.90596000000001" lon="4.62086">
    <ele>26.410000000000004</ele>
   </trkpt>
   <trkpt lat="50.90520500010025" lon="4.620965001695455">
    <ele>26.8</ele>
   </trkpt>
   <trkpt lat="50.904450000000004" lon="4.6210700000000005">
    <ele>27.44</ele>
   </trkpt>
   <trkpt lat="50.90391" lon="4.62117">
    <ele>27.67</ele>
   </trkpt>
   <trkpt lat="50.903670000000005" lon="4.62126">
    <ele>27.98</ele>
   </trkpt>
   <trkpt lat="50.90334000000001" lon="4.6215">
    <ele>28.14</ele>
   </trkpt>
   <trkpt lat="50.90264666789855" lon="4.621880011318473">
    <ele>28.59</ele>
   </trkpt>
   <trkpt lat="50.90195333456357" lon="4.622260011319156">
    <ele>29.210000000000004</ele>
   </trkpt>
   <trkpt lat="50.90126" lon="4.6226400000000005">
    <ele>30.36</ele>
   </trkpt>
   <trkpt lat="50.90122" lon="4.62286">
    <ele>30.500000000000004</ele>
   </trkpt>
   <trkpt lat="50.901230000000005" lon="4.62295">
    <ele>30.500000000000004</ele>
   </trkpt>
   <trkpt lat="50.901340000000005" lon="4.623340000000001">
    <ele>30.570000000000004</ele>
   </trkpt>
   <trkpt lat="50.901340000000005" lon="4.62347">
    <ele>30.570000000000004</ele>
   </trkpt>
   <trkpt lat="50.901410000000006" lon="4.62375">
    <ele>30.55</ele>
   </trkpt>
   <trkpt lat="50.901450000000004" lon="4.623810000000001">
    <ele>30.55</ele>
   </trkpt>
   <trkpt lat="50.901520000000005" lon="4.62406">
    <ele>30.570000000000004</ele>
   </trkpt>
   <trkpt lat="50.90157000000001" lon="4.62479">
    <ele>30.490000000000002</ele>
   </trkpt>
   <trkpt lat="50.901700000000005" lon="4.6260200000000005">
    <ele>30.42</ele>
   </trkpt>
   <trkpt lat="50.90171" lon="4.626180000000001">
    <ele>30.55</ele>
   </trkpt>
   <trkpt lat="50.90169" lon="4.62633">
    <ele>30.55</ele>
   </trkpt>
   <trkpt lat="50.90171" lon="4.62645">
    <ele>30.55</ele>
   </trkpt>
   <trkpt lat="50.901610000000005" lon="4.62718">
    <ele>30.660000000000004</ele>
   </trkpt>
   <trkpt lat="50.90135001938267" lon="4.628410020617313">
    <ele>31.110000000000003</ele>
   </trkpt>
   <trkpt lat="50.90109002584163" lon="4.6296400274982705">
    <ele>31.77</ele>
   </trkpt>
   <trkpt lat="50.900830019377175" lon="4.63087002064247">
    <ele>32.32</ele>
   </trkpt>
   <trkpt lat="50.90057" lon="4.6321">
    <ele>32.71</ele>
   </trkpt>
   <trkpt lat="50.900650004848785" lon="4.633164998228808">
    <ele>32.54</ele>
   </trkpt>
   <trkpt lat="50.90073" lon="4.6342300000000005">
    <ele>32.190000000000005</ele>
   </trkpt>
   <trkpt lat="50.90077" lon="4.63455">
    <ele>32.190000000000005</ele>
   </trkpt>
   <trkpt lat="50.90091" lon="4.63515">
    <ele>32.010000000000005</ele>
   </trkpt>
   <trkpt lat="50.90123000964318" lon="4.63621331866681">
    <ele>31.57</ele>
   </trkpt>
   <trkpt lat="50.90155000962807" lon="4.637276651949699">
    <ele>31.330000000000002</ele>
   </trkpt>
   <trkpt lat="50.90187" lon="4.63834">
    <ele>31.22</ele>
   </trkpt>
   <trkpt lat="50.90195000000001" lon="4.6387100000000006">
    <ele>31.1</ele>
   </trkpt>
   <trkpt lat="50.90198" lon="4.6389700000000005">
    <ele>31.160000000000004</ele>
   </trkpt>
   <trkpt lat="50.90205" lon="4.6397200000000005">
    <ele>31.14</ele>
   </trkpt>
   <trkpt lat="50.90210000288019" lon="4.640539999256113">
    <ele>31.110000000000003</ele>
   </trkpt>
   <trkpt lat="50.902150000000006" lon="4.641360000000001">
    <ele>30.910000000000004</ele>
   </trkpt>
   <trkpt lat="50.902300000000004" lon="4.6420900000000005">
    <ele>30.820000000000004</ele>
   </trkpt>
   <trkpt lat="50.902590000000004" lon="4.64315">
    <ele>30.890000000000004</ele>
   </trkpt>
   <trkpt lat="50.902840000000005" lon="4.643800000000001">
    <ele>30.890000000000004</ele>
   </trkpt>
   <trkpt lat="50.90294" lon="4.64414">
    <ele>30.63</ele>
   </trkpt>
   <trkpt lat="50.90301" lon="4.644550000000001">
    <ele>30.63</ele>
   </trkpt>
   <trkpt lat="50.90305000000001" lon="4.64506">
    <ele>30.63</ele>
   </trkpt>
   <trkpt lat="50.90307000000001" lon="4.64581">
    <ele>30.730000000000004</ele>
   </trkpt>
   <trkpt lat="50.90312" lon="4.64588">
    <ele>30.69</ele>
   </trkpt>
   <trkpt lat="50.903130000000004" lon="4.645930000000001">
    <ele>30.69</ele>
   </trkpt>
   <trkpt lat="50.90307000000001" lon="4.64581">
    <ele>30.730000000000004</ele>
   </trkpt>
   <trkpt lat="50.90305000000001" lon="4.64506">
    <ele>30.63</ele>
   </trkpt>
   <trkpt lat="50.90301" lon="4.644550000000001">
    <ele>30.63</ele>
   </trkpt>
   <trkpt lat="50.90294" lon="4.64414">
    <ele>30.63</ele>
   </trkpt>
   <trkpt lat="50.902840000000005" lon="4.643800000000001">
    <ele>30.890000000000004</ele>
   </trkpt>
   <trkpt lat="50.902590000000004" lon="4.64315">
    <ele>30.890000000000004</ele>
   </trkpt>
   <trkpt lat="50.902300000000004" lon="4.6420900000000005">
    <ele>30.820000000000004</ele>
   </trkpt>
   <trkpt lat="50.902150000000006" lon="4.641360000000001">
    <ele>30.910000000000004</ele>
   </trkpt>
   <trkpt lat="50.902100002863506" lon="4.640539998982703">
    <ele>31.110000000000003</ele>
   </trkpt>
   <trkpt lat="50.90205" lon="4.6397200000000005">
    <ele>31.17</ele>
   </trkpt>
   <trkpt lat="50.90198" lon="4.6389700000000005">
    <ele>31.160000000000004</ele>
   </trkpt>
   <trkpt lat="50.90195000000001" lon="4.6387100000000006">
    <ele>31.1</ele>
   </trkpt>
   <trkpt lat="50.90187" lon="4.63834">
    <ele>31.22</ele>
   </trkpt>
   <trkpt lat="50.90155000967364" lon="4.6372766521011055">
    <ele>31.330000000000002</ele>
   </trkpt>
   <trkpt lat="50.901230009688746" lon="4.636213318818215">
    <ele>31.57</ele>
   </trkpt>
   <trkpt lat="50.90091" lon="4.63515">
    <ele>32.010000000000005</ele>
   </trkpt>
   <trkpt lat="50.90077" lon="4.63455">
    <ele>32.190000000000005</ele>
   </trkpt>
   <trkpt lat="50.90073" lon="4.6342300000000005">
    <ele>32.190000000000005</ele>
   </trkpt>
   <trkpt lat="50.900650004839974" lon="4.6331649981115515">
    <ele>32.54</ele>
   </trkpt>
   <trkpt lat="50.90057" lon="4.6321">
    <ele>32.71</ele>
   </trkpt>
   <trkpt lat="50.900580000000005" lon="4.63231">
    <ele>32.730000000000004</ele>
   </trkpt>
   <trkpt lat="50.90057" lon="4.6321">
    <ele>32.57</ele>
   </trkpt>
   <trkpt lat="50.90083001938765" lon="4.63087002059296">
    <ele>32.57</ele>
   </trkpt>
   <trkpt lat="50.90109002585211" lon="4.62964002744876">
    <ele>30.720000000000002</ele>
   </trkpt>
   <trkpt lat="50.90135001939314" lon="4.628410020567801">
    <ele>30.720000000000002</ele>
   </trkpt>
   <trkpt lat="50.901610000000005" lon="4.62718">
    <ele>30.720000000000002</ele>
   </trkpt>
   <trkpt lat="50.901700000000005" lon="4.62659">
    <ele>30.53</ele>
   </trkpt>
   <trkpt lat="50.90171" lon="4.62645">
    <ele>30.55</ele>
   </trkpt>
   <trkpt lat="50.90169" lon="4.62633">
    <ele>30.55</ele>
   </trkpt>
   <trkpt lat="50.90171" lon="4.626180000000001">
    <ele>30.42</ele>
   </trkpt>
   <trkpt lat="50.901650000000004" lon="4.6254100000000005">
    <ele>30.410000000000004</ele>
   </trkpt>
   <trkpt lat="50.90157000000001" lon="4.62479">
    <ele>30.490000000000002</ele>
   </trkpt>
   <trkpt lat="50.901520000000005" lon="4.62406">
    <ele>30.570000000000004</ele>
   </trkpt>
   <trkpt lat="50.901450000000004" lon="4.623810000000001">
    <ele>30.55</ele>
   </trkpt>
   <trkpt lat="50.901410000000006" lon="4.62375">
    <ele>30.55</ele>
   </trkpt>
   <trkpt lat="50.901340000000005" lon="4.62347">
    <ele>30.570000000000004</ele>
   </trkpt>
   <trkpt lat="50.901340000000005" lon="4.623340000000001">
    <ele>30.570000000000004</ele>
   </trkpt>
   <trkpt lat="50.901230000000005" lon="4.62295">
    <ele>30.500000000000004</ele>
   </trkpt>
   <trkpt lat="50.90122" lon="4.62286">
    <ele>30.500000000000004</ele>
   </trkpt>
   <trkpt lat="50.90126" lon="4.6226400000000005">
    <ele>30.36</ele>
   </trkpt>
   <trkpt lat="50.90119000000001" lon="4.62249">
    <ele>30.430000000000003</ele>
   </trkpt>
   <trkpt lat="50.90115" lon="4.62232">
    <ele>30.430000000000003</ele>
   </trkpt>
   <trkpt lat="50.90104500260616" lon="4.6215349980368705">
    <ele>30.520000000000003</ele>
   </trkpt>
   <trkpt lat="50.900940000000006" lon="4.62075">
    <ele>30.63</ele>
   </trkpt>
   <trkpt lat="50.900830000000006" lon="4.62009">
    <ele>30.890000000000004</ele>
   </trkpt>
   <trkpt lat="50.900615004038116" lon="4.61910999518384">
    <ele>31.560000000000006</ele>
   </trkpt>
   <trkpt lat="50.900400000000005" lon="4.618130000000001">
    <ele>32.89</ele>
   </trkpt>
   <trkpt lat="50.90028" lon="4.61758">
    <ele>33.52</ele>
   </trkpt>
   <trkpt lat="50.900220000000004" lon="4.61739">
    <ele>33.74</ele>
   </trkpt>
   <trkpt lat="50.90012" lon="4.61721">
    <ele>34.35</ele>
   </trkpt>
   <trkpt lat="50.900000000000006" lon="4.617050000000001">
    <ele>34.690000000000005</ele>
   </trkpt>
   <trkpt lat="50.89994" lon="4.617">
    <ele>34.81</ele>
   </trkpt>
   <trkpt lat="50.89983" lon="4.61693">
    <ele>35.5</ele>
   </trkpt>
   <trkpt lat="50.899334999984035" lon="4.61671999768091">
    <ele>37.03</ele>
   </trkpt>
   <trkpt lat="50.89884000000001" lon="4.616510000000001">
    <ele>37.6</ele>
   </trkpt>
   <trkpt lat="50.89871" lon="4.6164000000000005">
    <ele>37.11000000000001</ele>
   </trkpt>
   <trkpt lat="50.898610000000005" lon="4.616300000000001">
    <ele>37.11000000000001</ele>
   </trkpt>
   <trkpt lat="50.89844" lon="4.61596">
    <ele>34.21</ele>
   </trkpt>
   <trkpt lat="50.898106673755635" lon="4.615049987012951">
    <ele>32.690000000000005</ele>
   </trkpt>
   <trkpt lat="50.897773340437226" lon="4.614139987053915">
    <ele>32.730000000000004</ele>
   </trkpt>
   <trkpt lat="50.89744" lon="4.613230000000001">
    <ele>32.97</ele>
   </trkpt>
   <trkpt lat="50.8971150021564" lon="4.612514994950222">
    <ele>33.27</ele>
   </trkpt>
   <trkpt lat="50.89679" lon="4.611800000000001">
    <ele>34.080000000000005</ele>
   </trkpt>
   <trkpt lat="50.896480000000004" lon="4.611160000000001">
    <ele>35.24</ele>
   </trkpt>
   <trkpt lat="50.89602000000001" lon="4.610480000000001">
    <ele>36.71</ele>
   </trkpt>
   <trkpt lat="50.89556" lon="4.609970000000001">
    <ele>38.18000000000001</ele>
   </trkpt>
   <trkpt lat="50.89569" lon="4.610110000000001">
    <ele>37.84</ele>
   </trkpt>
   <trkpt lat="50.89556" lon="4.609970000000001">
    <ele>35.4</ele>
   </trkpt>
   <trkpt lat="50.89492287144166" lon="4.609222795805062">
    <ele>35.4</ele>
   </trkpt>
   <trkpt lat="50.89428573811403" lon="4.608475612054425">
    <ele>35.4</ele>
   </trkpt>
   <trkpt lat="50.893648600017336" lon="4.607728448747222">
    <ele>35.4</ele>
   </trkpt>
   <trkpt lat="50.89301145715184" lon="4.60698130588258">
    <ele>35.800000000000004</ele>
   </trkpt>
   <trkpt lat="50.89237430951778" lon="4.60623418345963">
    <ele>35.800000000000004</ele>
   </trkpt>
   <trkpt lat="50.89173715711535" lon="4.6054870814774995">
    <ele>35.800000000000004</ele>
   </trkpt>
   <trkpt lat="50.8911" lon="4.6047400000000005">
    <ele>35.800000000000004</ele>
   </trkpt>
   <trkpt lat="50.890535001987644" lon="4.604059991766688">
    <ele>35.800000000000004</ele>
   </trkpt>
   <trkpt lat="50.889970000000005" lon="4.6033800000000005">
    <ele>36.0</ele>
   </trkpt>
   <trkpt lat="50.88998" lon="4.60339">
    <ele>36.0</ele>
   </trkpt>
   <trkpt lat="50.88932501698677" lon="4.6024982706507735">
    <ele>36.0</ele>
   </trkpt>
   <trkpt lat="50.888670027180595" lon="4.6016065663789645">
    <ele>36.0</ele>
   </trkpt>
   <trkpt lat="50.88801503058178" lon="4.600714887183541">
    <ele>36.0</ele>
   </trkpt>
   <trkpt lat="50.88736002719075" lon="4.599823233063474">
    <ele>40.0</ele>
   </trkpt>
   <trkpt lat="50.88670501700779" lon="4.598931604017732">
    <ele>40.0</ele>
   </trkpt>
   <trkpt lat="50.886050000000004" lon="4.59804">
    <ele>40.0</ele>
   </trkpt>
   <trkpt lat="50.88606000000001" lon="4.59804">
    <ele>40.0</ele>
   </trkpt>
   <trkpt lat="50.886050000000004" lon="4.59804">
    <ele>40.160000000000004</ele>
   </trkpt>
   <trkpt lat="50.885850000000005" lon="4.59766">
    <ele>39.940000000000005</ele>
   </trkpt>
   <trkpt lat="50.885630000000006" lon="4.59719">
    <ele>39.71</ele>
   </trkpt>
   <trkpt lat="50.88548" lon="4.596990000000001">
    <ele>39.36000000000001</ele>
   </trkpt>
   <trkpt lat="50.885270000000006" lon="4.59686">
    <ele>39.190000000000005</ele>
   </trkpt>
   <trkpt lat="50.8851" lon="4.596710000000001">
    <ele>39.089999999999996</ele>
   </trkpt>
   <trkpt lat="50.88462500282811" lon="4.595889991563444">
    <ele>38.650000000000006</ele>
   </trkpt>
   <trkpt lat="50.884150000000005" lon="4.595070000000001">
    <ele>38.400000000000006</ele>
   </trkpt>
   <trkpt lat="50.88356000461256" lon="4.594024986674189">
    <ele>38.43000000000001</ele>
   </trkpt>
   <trkpt lat="50.88297000000001" lon="4.592980000000001">
    <ele>38.96</ele>
   </trkpt>
   <trkpt lat="50.88289" lon="4.592790000000001">
    <ele>38.96</ele>
   </trkpt>
   <trkpt lat="50.882760000000005" lon="4.59232">
    <ele>39.21</ele>
   </trkpt>
   <trkpt lat="50.88270000000001" lon="4.59192">
    <ele>39.49</ele>
   </trkpt>
   <trkpt lat="50.882630000000006" lon="4.591010000000001">
    <ele>39.730000000000004</ele>
   </trkpt>
   <trkpt lat="50.88253" lon="4.59056">
    <ele>40.2</ele>
   </trkpt>
   <trkpt lat="50.882360000000006" lon="4.590140000000001">
    <ele>40.39</ele>
   </trkpt>
   <trkpt lat="50.881950002197335" lon="4.589424993731897">
    <ele>41.57</ele>
   </trkpt>
   <trkpt lat="50.88154" lon="4.588710000000001">
    <ele>44.17</ele>
   </trkpt>
   <trkpt lat="50.88098334349329" lon="4.587619973974095">
    <ele>44.17</ele>
   </trkpt>
   <trkpt lat="50.880426676835896" lon="4.586529973992769">
    <ele>42.78</ele>
   </trkpt>
   <trkpt lat="50.879870000000004" lon="4.58544">
    <ele>42.78</ele>
   </trkpt>
   <trkpt lat="50.87982" lon="4.58539">
    <ele>42.760000000000005</ele>
   </trkpt>
   <trkpt lat="50.879690000000004" lon="4.58535">
    <ele>42.56</ele>
   </trkpt>
   <trkpt lat="50.8793" lon="4.58544">
    <ele>42.63</ele>
   </trkpt>
   <trkpt lat="50.87913" lon="4.58535">
    <ele>42.63</ele>
   </trkpt>
   <trkpt lat="50.87871000177015" lon="4.584714994348688">
    <ele>42.92000000000001</ele>
   </trkpt>
   <trkpt lat="50.87829000000001" lon="4.58408">
    <ele>43.370000000000005</ele>
   </trkpt>
   <trkpt lat="50.878130000000006" lon="4.5837900000000005">
    <ele>43.31</ele>
   </trkpt>
   <trkpt lat="50.877930000000006" lon="4.58335">
    <ele>43.54</ele>
   </trkpt>
   <trkpt lat="50.87751" lon="4.582210000000001">
    <ele>44.31</ele>
   </trkpt>
   <trkpt lat="50.87738" lon="4.58164">
    <ele>44.81</ele>
   </trkpt>
   <trkpt lat="50.877370000000006" lon="4.5812100000000004">
    <ele>44.86000000000001</ele>
   </trkpt>
   <trkpt lat="50.877430000000004" lon="4.580830000000001">
    <ele>44.86000000000001</ele>
   </trkpt>
   <trkpt lat="50.877630015155695" lon="4.579742514004827">
    <ele>44.660000000000004</ele>
   </trkpt>
   <trkpt lat="50.8778300202074" lon="4.578655018674533">
    <ele>44.29</ele>
   </trkpt>
   <trkpt lat="50.87803001515494" lon="4.577567514009443">
    <ele>44.11</ele>
   </trkpt>
   <trkpt lat="50.87823" lon="4.57648">
    <ele>43.910000000000004</ele>
   </trkpt>
   <trkpt lat="50.878260000000004" lon="4.57599">
    <ele>44.02</ele>
   </trkpt>
   <trkpt lat="50.878210003398" lon="4.5750999992997485">
    <ele>44.61</ele>
   </trkpt>
   <trkpt lat="50.87816" lon="4.574210000000001">
    <ele>45.42</ele>
   </trkpt>
   <trkpt lat="50.878130000000006" lon="4.572830000000001">
    <ele>47.85</ele>
   </trkpt>
   <trkpt lat="50.87805" lon="4.5726700000000005">
    <ele>48.42</ele>
   </trkpt>
   <trkpt lat="50.87854000135476" lon="4.572130005558047">
    <ele>48.2</ele>
   </trkpt>
   <trkpt lat="50.87903000000001" lon="4.5715900000000005">
    <ele>47.300000000000004</ele>
   </trkpt>
   <trkpt lat="50.878820000000005" lon="4.5712">
    <ele>47.82</ele>
   </trkpt>
   <trkpt lat="50.87865000000001" lon="4.57101">
    <ele>49.56</ele>
   </trkpt>
   <trkpt lat="50.87829000000001" lon="4.57073">
    <ele>49.95</ele>
   </trkpt>
   <trkpt lat="50.87820000000001" lon="4.57057">
    <ele>50.72</ele>
   </trkpt>
   <trkpt lat="50.8781" lon="4.57022">
    <ele>51.260000000000005</ele>
   </trkpt>
   <trkpt lat="50.87778" lon="4.569500000000001">
    <ele>53.550000000000004</ele>
   </trkpt>
   <trkpt lat="50.87747" lon="4.5689400000000004">
    <ele>55.31</ele>
   </trkpt>
   <trkpt lat="50.87735000000001" lon="4.5686">
    <ele>55.690000000000005</ele>
   </trkpt>
   <trkpt lat="50.877300000000005" lon="4.56832">
    <ele>55.970000000000006</ele>
   </trkpt>
   <trkpt lat="50.87727" lon="4.56832">
    <ele>55.970000000000006</ele>
   </trkpt>
   <trkpt lat="50.877210000000005" lon="4.56826">
    <ele>56.050000000000004</ele>
   </trkpt>
   <trkpt lat="50.877190000000006" lon="4.56815">
    <ele>56.050000000000004</ele>
   </trkpt>
   <trkpt lat="50.8772" lon="4.5681">
    <ele>55.64</ele>
   </trkpt>
   <trkpt lat="50.87724000000001" lon="4.568020000000001">
    <ele>55.64</ele>
   </trkpt>
   <trkpt lat="50.877300000000005" lon="4.5680000000000005">
    <ele>55.84</ele>
   </trkpt>
   <trkpt lat="50.87733" lon="4.56801">
    <ele>55.84</ele>
   </trkpt>
   <trkpt lat="50.877390000000005" lon="4.5681">
    <ele>55.84</ele>
   </trkpt>
   <trkpt lat="50.87783" lon="4.5678600000000005">
    <ele>53.74</ele>
   </trkpt>
   <trkpt lat="50.87834500078646" lon="4.567430004755095">
    <ele>49.71</ele>
   </trkpt>
   <trkpt lat="50.87886" lon="4.567">
    <ele>47.510000000000005</ele>
   </trkpt>
   <trkpt lat="50.87944000054393" lon="4.566675003993348">
    <ele>45.69</ele>
   </trkpt>
   <trkpt lat="50.88002" lon="4.566350000000001">
    <ele>45.43000000000001</ele>
   </trkpt>
   <trkpt lat="50.880030000000005" lon="4.56625">
    <ele>45.43000000000001</ele>
   </trkpt>
   <trkpt lat="50.88009" lon="4.566190000000001">
    <ele>45.43000000000001</ele>
   </trkpt>
   <trkpt lat="50.88007500397583" lon="4.5652249995527665">
    <ele>45.93000000000001</ele>
   </trkpt>
   <trkpt lat="50.88006000000001" lon="4.56426">
    <ele>46.3</ele>
   </trkpt>
   <trkpt lat="50.88009" lon="4.564">
    <ele>46.6</ele>
   </trkpt>
   <trkpt lat="50.8802800044732" lon="4.562975004259301">
    <ele>49.06</ele>
   </trkpt>
   <trkpt lat="50.88047" lon="4.56195">
    <ele>50.81</ele>
   </trkpt>
   <trkpt lat="50.880500000000005" lon="4.5613600000000005">
    <ele>51.050000000000004</ele>
   </trkpt>
   <trkpt lat="50.88045" lon="4.56078">
    <ele>55.81</ele>
   </trkpt>
   <trkpt lat="50.88046000000001" lon="4.5608">
    <ele>55.81</ele>
   </trkpt>
   <trkpt lat="50.8802566791076" lon="4.5595933228095475">
    <ele>55.81</ele>
   </trkpt>
   <trkpt lat="50.880053345775444" lon="4.558386656150045">
    <ele>53.42</ele>
   </trkpt>
   <trkpt lat="50.879850000000005" lon="4.557180000000001">
    <ele>53.42</ele>
   </trkpt>
   <trkpt lat="50.879585004370135" lon="4.556164994109897">
    <ele>53.050000000000004</ele>
   </trkpt>
   <trkpt lat="50.87932000000001" lon="4.55515">
    <ele>51.510000000000005</ele>
   </trkpt>
   <trkpt lat="50.87917000588044" lon="4.553974996082411">
    <ele>50.81</ele>
   </trkpt>
   <trkpt lat="50.879020000000004" lon="4.5528">
    <ele>50.980000000000004</ele>
   </trkpt>
   <trkpt lat="50.878890000000006" lon="4.551620000000001">
    <ele>51.050000000000004</ele>
   </trkpt>
  </trkseg>
 </trk>
</gpx>
