<?xml version="1.0" encoding="UTF-8"?>
<gpx creator="StravaGPX" version="1.1" xmlns="http://www.topografix.com/GPX/1/1" xmlns:xsi="http://www.w3.org/2001/XMLSchema-instance" xsi:schemaLocation="http://www.topografix.com/GPX/1/1 http://www.topografix.com/GPX/1/1/gpx.xsd">
 <metadata>
  <name>OACT-Boutersem-2026</name>
  <desc>Boutersem 2025 maar dan omgekeerd</desc>
  <author>
   <name>Haecky 🐻</name>
   <link href="https://www.strava.com/athletes/1643587"/>
  </author>
  <copyright author="OpenStreetMap contributors">
   <year>2020</year>
   <license>https://www.openstreetmap.org/copyright</license>
  </copyright>
  <link href="https://www.strava.com/routes/3500818616516943346"/>
 </metadata>
 <trk>
  <name>OACT-Boutersem-2026</name>
  <desc>Boutersem 2025 maar dan omgekeerd</desc>
  <link href="https://www.strava.com/routes/3500818616516943346"/>
  <type>cycling</type>
  <trkseg>
   <trkpt lat="50.87886" lon="4.5514">
    <ele>51.14</ele>
   </trkpt>
   <trkpt lat="50.879020000000004" lon="4.5528">
    <ele>50.980000000000004</ele>
   </trkpt>
   <trkpt lat="50.87917000591496" lon="4.5539749963528235">
    <ele>50.81</ele>
   </trkpt>
   <trkpt lat="50.87932000000001" lon="4.55515">
    <ele>51.510000000000005</ele>
   </trkpt>
   <trkpt lat="50.879585004431604" lon="4.55616499434535">
    <ele>53.230000000000004</ele>
   </trkpt>
   <trkpt lat="50.879850000000005" lon="4.557180000000001">
    <ele>53.42</ele>
   </trkpt>
   <trkpt lat="50.88005334570682" lon="4.558383322845809">
    <ele>53.42</ele>
   </trkpt>
   <trkpt lat="50.880256679042695" lon="4.559586656193951">
    <ele>51.92</ele>
   </trkpt>
   <trkpt lat="50.88046000000001" lon="4.560790000000001">
    <ele>51.92</ele>
   </trkpt>
   <trkpt lat="50.880500000000005" lon="4.5613600000000005">
    <ele>51.050000000000004</ele>
   </trkpt>
   <trkpt lat="50.88047" lon="4.56195">
    <ele>50.53</ele>
   </trkpt>
   <trkpt lat="50.88028000450277" lon="4.562975004099827">
    <ele>49.06</ele>
   </trkpt>
   <trkpt lat="50.88009" lon="4.564">
    <ele>46.3</ele>
   </trkpt>
   <trkpt lat="50.88006000000001" lon="4.56426">
    <ele>46.150000000000006</ele>
   </trkpt>
   <trkpt lat="50.88007500398007" lon="4.565224999825937">
    <ele>45.62</ele>
   </trkpt>
   <trkpt lat="50.88009" lon="4.566190000000001">
    <ele>45.43000000000001</ele>
   </trkpt>
   <trkpt lat="50.880030000000005" lon="4.56625">
    <ele>45.43000000000001</ele>
   </trkpt>
   <trkpt lat="50.88002" lon="4.566350000000001">
    <ele>45.43000000000001</ele>
   </trkpt>
   <trkpt lat="50.880050000000004" lon="4.56644">
    <ele>45.37</ele>
   </trkpt>
   <trkpt lat="50.88011" lon="4.566470000000001">
    <ele>45.37</ele>
   </trkpt>
   <trkpt lat="50.880120000000005" lon="4.566890000000001">
    <ele>45.02</ele>
   </trkpt>
   <trkpt lat="50.880190000000006" lon="4.567760000000001">
    <ele>44.910000000000004</ele>
   </trkpt>
   <trkpt lat="50.88017000000001" lon="4.5680000000000005">
    <ele>45.00000000000001</ele>
   </trkpt>
   <trkpt lat="50.88013" lon="4.56812">
    <ele>45.11000000000001</ele>
   </trkpt>
   <trkpt lat="50.8798" lon="4.5686">
    <ele>45.67</ele>
   </trkpt>
   <trkpt lat="50.879470000000005" lon="4.56916">
    <ele>46.330000000000005</ele>
   </trkpt>
   <trkpt lat="50.8791" lon="4.569850000000001">
    <ele>47.02</ele>
   </trkpt>
   <trkpt lat="50.8791" lon="4.56996">
    <ele>47.02</ele>
   </trkpt>
   <trkpt lat="50.879180000000005" lon="4.57043">
    <ele>47.550000000000004</ele>
   </trkpt>
   <trkpt lat="50.87917" lon="4.57057">
    <ele>47.550000000000004</ele>
   </trkpt>
   <trkpt lat="50.878820000000005" lon="4.5712">
    <ele>47.82</ele>
   </trkpt>
   <trkpt lat="50.879220000000004" lon="4.571960000000001">
    <ele>46.46</ele>
   </trkpt>
   <trkpt lat="50.87939" lon="4.57242">
    <ele>45.730000000000004</ele>
   </trkpt>
   <trkpt lat="50.879780000000004" lon="4.57362">
    <ele>44.480000000000004</ele>
   </trkpt>
   <trkpt lat="50.879900000000006" lon="4.57392">
    <ele>44.480000000000004</ele>
   </trkpt>
   <trkpt lat="50.88015000000001" lon="4.57442">
    <ele>43.85000000000001</ele>
   </trkpt>
   <trkpt lat="50.8805950026929" lon="4.575214992395088">
    <ele>42.96</ele>
   </trkpt>
   <trkpt lat="50.881040000000006" lon="4.57601">
    <ele>42.2</ele>
   </trkpt>
   <trkpt lat="50.88132500160126" lon="4.57660999646357">
    <ele>41.72</ele>
   </trkpt>
   <trkpt lat="50.88161" lon="4.57721">
    <ele>41.32</ele>
   </trkpt>
   <trkpt lat="50.88194000000001" lon="4.57805">
    <ele>40.800000000000004</ele>
   </trkpt>
   <trkpt lat="50.88228" lon="4.579070000000001">
    <ele>40.0</ele>
   </trkpt>
   <trkpt lat="50.882546674544216" lon="4.580029989025532">
    <ele>39.53</ele>
   </trkpt>
   <trkpt lat="50.882813341214984" lon="4.580989989040175">
    <ele>39.0</ele>
   </trkpt>
   <trkpt lat="50.88308000000001" lon="4.58195">
    <ele>39.11000000000001</ele>
   </trkpt>
   <trkpt lat="50.882555003595655" lon="4.58287501052739">
    <ele>39.400000000000006</ele>
   </trkpt>
   <trkpt lat="50.88203000000001" lon="4.5838">
    <ele>39.760000000000005</ele>
   </trkpt>
   <trkpt lat="50.881780000000006" lon="4.584210000000001">
    <ele>39.86000000000001</ele>
   </trkpt>
   <trkpt lat="50.88132" lon="4.584820000000001">
    <ele>40.760000000000005</ele>
   </trkpt>
   <trkpt lat="50.88077000188301" lon="4.585475007671584">
    <ele>41.730000000000004</ele>
   </trkpt>
   <trkpt lat="50.88022" lon="4.586130000000001">
    <ele>43.2</ele>
   </trkpt>
   <trkpt lat="50.880660006290164" lon="4.586989983702155">
    <ele>44.82000000000001</ele>
   </trkpt>
   <trkpt lat="50.881100006261725" lon="4.587849983646307">
    <ele>45.03</ele>
   </trkpt>
   <trkpt lat="50.88154" lon="4.588710000000001">
    <ele>43.21000000000001</ele>
   </trkpt>
   <trkpt lat="50.88195000217025" lon="4.589424993684668">
    <ele>41.57</ele>
   </trkpt>
   <trkpt lat="50.882360000000006" lon="4.590140000000001">
    <ele>40.39</ele>
   </trkpt>
   <trkpt lat="50.88253" lon="4.59056">
    <ele>40.2</ele>
   </trkpt>
   <trkpt lat="50.882630000000006" lon="4.591010000000001">
    <ele>39.730000000000004</ele>
   </trkpt>
   <trkpt lat="50.88270000000001" lon="4.59192">
    <ele>39.49</ele>
   </trkpt>
   <trkpt lat="50.882760000000005" lon="4.59232">
    <ele>39.21</ele>
   </trkpt>
   <trkpt lat="50.88289" lon="4.592790000000001">
    <ele>38.96</ele>
   </trkpt>
   <trkpt lat="50.88297000000001" lon="4.592980000000001">
    <ele>38.96</ele>
   </trkpt>
   <trkpt lat="50.88356000471688" lon="4.594024986858941">
    <ele>38.43000000000001</ele>
   </trkpt>
   <trkpt lat="50.884150000000005" lon="4.595070000000001">
    <ele>38.400000000000006</ele>
   </trkpt>
   <trkpt lat="50.88462500291632" lon="4.59588999171571">
    <ele>38.650000000000006</ele>
   </trkpt>
   <trkpt lat="50.8851" lon="4.596710000000001">
    <ele>39.089999999999996</ele>
   </trkpt>
   <trkpt lat="50.885270000000006" lon="4.59686">
    <ele>39.36000000000001</ele>
   </trkpt>
   <trkpt lat="50.88548" lon="4.596990000000001">
    <ele>39.36000000000001</ele>
   </trkpt>
   <trkpt lat="50.885630000000006" lon="4.59719">
    <ele>39.71</ele>
   </trkpt>
   <trkpt lat="50.885850000000005" lon="4.59766">
    <ele>39.940000000000005</ele>
   </trkpt>
   <trkpt lat="50.88606000000001" lon="4.59804">
    <ele>40.0</ele>
   </trkpt>
   <trkpt lat="50.886713350312604" lon="4.5989316041383965">
    <ele>40.0</ele>
   </trkpt>
   <trkpt lat="50.887366693833656" lon="4.599823233286301">
    <ele>40.0</ele>
   </trkpt>
   <trkpt lat="50.888020030562764" lon="4.600714887444736">
    <ele>36.0</ele>
   </trkpt>
   <trkpt lat="50.888673360499645" lon="4.601606566614727">
    <ele>36.0</ele>
   </trkpt>
   <trkpt lat="50.8893266836439" lon="4.602498270797298">
    <ele>36.0</ele>
   </trkpt>
   <trkpt lat="50.88998" lon="4.60339">
    <ele>36.0</ele>
   </trkpt>
   <trkpt lat="50.89123000000001" lon="4.604900000000001">
    <ele>37.92</ele>
   </trkpt>
   <trkpt lat="50.8911" lon="4.6047400000000005">
    <ele>37.85</ele>
   </trkpt>
   <trkpt lat="50.89124" lon="4.604900000000001">
    <ele>35.68</ele>
   </trkpt>
   <trkpt lat="50.89196001525726" lon="4.6057449346968395">
    <ele>35.68</ele>
   </trkpt>
   <trkpt lat="50.89268002441555" lon="4.606589895517343">
    <ele>35.68</ele>
   </trkpt>
   <trkpt lat="50.89340002747451" lon="4.607434882462767">
    <ele>35.35</ele>
   </trkpt>
   <trkpt lat="50.894120024433825" lon="4.60827989553437">
    <ele>35.35</ele>
   </trkpt>
   <trkpt lat="50.89484001529313" lon="4.6091249347334085">
    <ele>35.35</ele>
   </trkpt>
   <trkpt lat="50.89556" lon="4.609970000000001">
    <ele>35.4</ele>
   </trkpt>
   <trkpt lat="50.895880000000005" lon="4.610320000000001">
    <ele>37.480000000000004</ele>
   </trkpt>
   <trkpt lat="50.89602000000001" lon="4.610480000000001">
    <ele>36.71</ele>
   </trkpt>
   <trkpt lat="50.896480000000004" lon="4.611160000000001">
    <ele>35.24</ele>
   </trkpt>
   <trkpt lat="50.89679" lon="4.611800000000001">
    <ele>34.080000000000005</ele>
   </trkpt>
   <trkpt lat="50.89711500221071" lon="4.612514995069708">
    <ele>33.27</ele>
   </trkpt>
   <trkpt lat="50.89744" lon="4.613230000000001">
    <ele>32.97</ele>
   </trkpt>
   <trkpt lat="50.89777334039223" lon="4.614139986931088">
    <ele>32.75</ele>
   </trkpt>
   <trkpt lat="50.89810667371063" lon="4.6150499868901225">
    <ele>32.660000000000004</ele>
   </trkpt>
   <trkpt lat="50.89844" lon="4.61596">
    <ele>34.21</ele>
   </trkpt>
   <trkpt lat="50.898610000000005" lon="4.616300000000001">
    <ele>37.11000000000001</ele>
   </trkpt>
   <trkpt lat="50.89871" lon="4.6164000000000005">
    <ele>37.11000000000001</ele>
   </trkpt>
   <trkpt lat="50.89884000000001" lon="4.616510000000001">
    <ele>37.6</ele>
   </trkpt>
   <trkpt lat="50.89933500039268" lon="4.616719997854279">
    <ele>37.03</ele>
   </trkpt>
   <trkpt lat="50.89983" lon="4.61693">
    <ele>35.5</ele>
   </trkpt>
   <trkpt lat="50.89994" lon="4.617">
    <ele>34.81</ele>
   </trkpt>
   <trkpt lat="50.900000000000006" lon="4.617050000000001">
    <ele>34.690000000000005</ele>
   </trkpt>
   <trkpt lat="50.90012" lon="4.61721">
    <ele>34.35</ele>
   </trkpt>
   <trkpt lat="50.900220000000004" lon="4.61739">
    <ele>33.74</ele>
   </trkpt>
   <trkpt lat="50.90028" lon="4.61758">
    <ele>33.52</ele>
   </trkpt>
   <trkpt lat="50.900400000000005" lon="4.618130000000001">
    <ele>32.89</ele>
   </trkpt>
   <trkpt lat="50.900615004165815" lon="4.619109995765861">
    <ele>31.560000000000006</ele>
   </trkpt>
   <trkpt lat="50.900830000000006" lon="4.62009">
    <ele>30.890000000000004</ele>
   </trkpt>
   <trkpt lat="50.900940000000006" lon="4.62075">
    <ele>30.63</ele>
   </trkpt>
   <trkpt lat="50.901045002657746" lon="4.621534998422634">
    <ele>30.520000000000003</ele>
   </trkpt>
   <trkpt lat="50.90115" lon="4.62232">
    <ele>30.430000000000003</ele>
   </trkpt>
   <trkpt lat="50.90119000000001" lon="4.62249">
    <ele>30.36</ele>
   </trkpt>
   <trkpt lat="50.90126" lon="4.6226400000000005">
    <ele>30.36</ele>
   </trkpt>
   <trkpt lat="50.90122" lon="4.62286">
    <ele>30.500000000000004</ele>
   </trkpt>
   <trkpt lat="50.901230000000005" lon="4.62295">
    <ele>30.500000000000004</ele>
   </trkpt>
   <trkpt lat="50.901340000000005" lon="4.623340000000001">
    <ele>30.570000000000004</ele>
   </trkpt>
   <trkpt lat="50.901340000000005" lon="4.62347">
    <ele>30.570000000000004</ele>
   </trkpt>
   <trkpt lat="50.901410000000006" lon="4.62375">
    <ele>30.55</ele>
   </trkpt>
   <trkpt lat="50.901450000000004" lon="4.623810000000001">
    <ele>30.55</ele>
   </trkpt>
   <trkpt lat="50.901520000000005" lon="4.62406">
    <ele>30.570000000000004</ele>
   </trkpt>
   <trkpt lat="50.90157000000001" lon="4.62479">
    <ele>30.490000000000002</ele>
   </trkpt>
   <trkpt lat="50.901650000000004" lon="4.6254100000000005">
    <ele>30.410000000000004</ele>
   </trkpt>
   <trkpt lat="50.90171" lon="4.626180000000001">
    <ele>30.55</ele>
   </trkpt>
   <trkpt lat="50.90169" lon="4.62633">
    <ele>30.55</ele>
   </trkpt>
   <trkpt lat="50.90171" lon="4.62645">
    <ele>30.55</ele>
   </trkpt>
   <trkpt lat="50.901700000000005" lon="4.62659">
    <ele>30.53</ele>
   </trkpt>
   <trkpt lat="50.901610000000005" lon="4.62718">
    <ele>30.720000000000002</ele>
   </trkpt>
   <trkpt lat="50.90135001938267" lon="4.628410020617313">
    <ele>30.720000000000002</ele>
   </trkpt>
   <trkpt lat="50.90109002584163" lon="4.6296400274982705">
    <ele>32.690000000000005</ele>
   </trkpt>
   <trkpt lat="50.900830019377175" lon="4.63087002064247">
    <ele>32.690000000000005</ele>
   </trkpt>
   <trkpt lat="50.90057" lon="4.6321">
    <ele>32.690000000000005</ele>
   </trkpt>
   <trkpt lat="50.900650004848785" lon="4.633164998228808">
    <ele>32.54</ele>
   </trkpt>
   <trkpt lat="50.90073" lon="4.6342300000000005">
    <ele>32.190000000000005</ele>
   </trkpt>
   <trkpt lat="50.90077" lon="4.63455">
    <ele>32.190000000000005</ele>
   </trkpt>
   <trkpt lat="50.90091" lon="4.63515">
    <ele>32.010000000000005</ele>
   </trkpt>
   <trkpt lat="50.90123000964318" lon="4.63621331866681">
    <ele>31.57</ele>
   </trkpt>
   <trkpt lat="50.90155000962807" lon="4.637276651949699">
    <ele>31.330000000000002</ele>
   </trkpt>
   <trkpt lat="50.90187" lon="4.63834">
    <ele>31.22</ele>
   </trkpt>
   <trkpt lat="50.90198" lon="4.6389700000000005">
    <ele>31.160000000000004</ele>
   </trkpt>
   <trkpt lat="50.90205" lon="4.6397200000000005">
    <ele>31.14</ele>
   </trkpt>
   <trkpt lat="50.90210000288019" lon="4.640539999256113">
    <ele>31.110000000000003</ele>
   </trkpt>
   <trkpt lat="50.902150000000006" lon="4.641360000000001">
    <ele>30.910000000000004</ele>
   </trkpt>
   <trkpt lat="50.902300000000004" lon="4.6420900000000005">
    <ele>30.820000000000004</ele>
   </trkpt>
   <trkpt lat="50.902590000000004" lon="4.64315">
    <ele>30.890000000000004</ele>
   </trkpt>
   <trkpt lat="50.902840000000005" lon="4.643800000000001">
    <ele>30.890000000000004</ele>
   </trkpt>
   <trkpt lat="50.90294" lon="4.64414">
    <ele>30.63</ele>
   </trkpt>
   <trkpt lat="50.90301" lon="4.644550000000001">
    <ele>30.63</ele>
   </trkpt>
   <trkpt lat="50.90305000000001" lon="4.64506">
    <ele>30.63</ele>
   </trkpt>
   <trkpt lat="50.90307000000001" lon="4.64581">
    <ele>30.730000000000004</ele>
   </trkpt>
   <trkpt lat="50.90312" lon="4.64588">
    <ele>30.69</ele>
   </trkpt>
   <trkpt lat="50.903130000000004" lon="4.645930000000001">
    <ele>30.69</ele>
   </trkpt>
   <trkpt lat="50.90307000000001" lon="4.646070000000001">
    <ele>30.62</ele>
   </trkpt>
   <trkpt lat="50.90305000369194" lon="4.647000000495571">
    <ele>30.04</ele>
   </trkpt>
   <trkpt lat="50.90303" lon="4.647930000000001">
    <ele>29.66</ele>
   </trkpt>
   <trkpt lat="50.90305000000001" lon="4.6483300000000005">
    <ele>29.66</ele>
   </trkpt>
   <trkpt lat="50.903090000000006" lon="4.64862">
    <ele>29.59</ele>
   </trkpt>
   <trkpt lat="50.90341000599241" lon="4.649804991836554">
    <ele>29.290000000000003</ele>
   </trkpt>
   <trkpt lat="50.90373" lon="4.65099">
    <ele>29.240000000000002</ele>
   </trkpt>
   <trkpt lat="50.903760000000005" lon="4.651210000000001">
    <ele>29.240000000000002</ele>
   </trkpt>
   <trkpt lat="50.90375500233693" lon="4.651950000354879">
    <ele>29.150000000000002</ele>
   </trkpt>
   <trkpt lat="50.90375" lon="4.652690000000001">
    <ele>29.05</ele>
   </trkpt>
   <trkpt lat="50.90391000284264" lon="4.653499997421008">
    <ele>28.770000000000003</ele>
   </trkpt>
   <trkpt lat="50.904070000000004" lon="4.654310000000001">
    <ele>28.87</ele>
   </trkpt>
   <trkpt lat="50.90415" lon="4.6551100000000005">
    <ele>28.89</ele>
   </trkpt>
   <trkpt lat="50.904133341481895" lon="4.656086667333584">
    <ele>29.290000000000003</ele>
   </trkpt>
   <trkpt lat="50.904116674815775" lon="4.657063333968065">
    <ele>29.44</ele>
   </trkpt>
   <trkpt lat="50.90410000000001" lon="4.658040000000001">
    <ele>30.0</ele>
   </trkpt>
   <trkpt lat="50.904340000000005" lon="4.659330000000001">
    <ele>30.590000000000003</ele>
   </trkpt>
   <trkpt lat="50.904490002130515" lon="4.6600399976059395">
    <ele>30.76</ele>
   </trkpt>
   <trkpt lat="50.90464000000001" lon="4.66075">
    <ele>30.680000000000003</ele>
   </trkpt>
   <trkpt lat="50.904810000000005" lon="4.66134">
    <ele>30.680000000000003</ele>
   </trkpt>
   <trkpt lat="50.905205006758955" lon="4.662599989240318">
    <ele>30.910000000000004</ele>
   </trkpt>
   <trkpt lat="50.90560000000001" lon="4.663860000000001">
    <ele>31.200000000000003</ele>
   </trkpt>
   <trkpt lat="50.90576" lon="4.664490000000001">
    <ele>31.53</ele>
   </trkpt>
   <trkpt lat="50.90599" lon="4.66551">
    <ele>31.43</ele>
   </trkpt>
   <trkpt lat="50.90610000786857" lon="4.666469995431841">
    <ele>30.88</ele>
   </trkpt>
   <trkpt lat="50.906210007864985" lon="4.6674299954006075">
    <ele>30.17</ele>
   </trkpt>
   <trkpt lat="50.90632" lon="4.6683900000000005">
    <ele>29.890000000000004</ele>
   </trkpt>
   <trkpt lat="50.90636000000001" lon="4.66887">
    <ele>29.740000000000002</ele>
   </trkpt>
   <trkpt lat="50.90643000000001" lon="4.66933">
    <ele>29.68</ele>
   </trkpt>
   <trkpt lat="50.906470000000006" lon="4.669440000000001">
    <ele>29.68</ele>
   </trkpt>
   <trkpt lat="50.90652000000001" lon="4.669490000000001">
    <ele>29.68</ele>
   </trkpt>
   <trkpt lat="50.9065" lon="4.66959">
    <ele>29.7</ele>
   </trkpt>
   <trkpt lat="50.906490000000005" lon="4.66981">
    <ele>29.7</ele>
   </trkpt>
   <trkpt lat="50.90659" lon="4.6707">
    <ele>29.210000000000004</ele>
   </trkpt>
   <trkpt lat="50.906580000000005" lon="4.67129">
    <ele>29.32</ele>
   </trkpt>
   <trkpt lat="50.90654000000001" lon="4.6717900000000006">
    <ele>29.7</ele>
   </trkpt>
   <trkpt lat="50.90648" lon="4.672090000000001">
    <ele>29.7</ele>
   </trkpt>
   <trkpt lat="50.90630000218751" lon="4.672795002472338">
    <ele>29.68</ele>
   </trkpt>
   <trkpt lat="50.90612" lon="4.673500000000001">
    <ele>29.5</ele>
   </trkpt>
   <trkpt lat="50.906060000000004" lon="4.67389">
    <ele>29.650000000000002</ele>
   </trkpt>
   <trkpt lat="50.90617" lon="4.67386">
    <ele>29.34</ele>
   </trkpt>
   <trkpt lat="50.90666" lon="4.6738">
    <ele>28.600000000000005</ele>
   </trkpt>
   <trkpt lat="50.906760000000006" lon="4.67389">
    <ele>28.44</ele>
   </trkpt>
   <trkpt lat="50.906980000000004" lon="4.67431">
    <ele>27.87</ele>
   </trkpt>
   <trkpt lat="50.90711" lon="4.67448">
    <ele>27.87</ele>
   </trkpt>
   <trkpt lat="50.90737000000001" lon="4.6745600000000005">
    <ele>26.990000000000002</ele>
   </trkpt>
   <trkpt lat="50.90748000000001" lon="4.6746300000000005">
    <ele>26.990000000000002</ele>
   </trkpt>
   <trkpt lat="50.907900000409164" lon="4.674924997364671">
    <ele>26.050000000000004</ele>
   </trkpt>
   <trkpt lat="50.90832" lon="4.67522">
    <ele>25.730000000000004</ele>
   </trkpt>
   <trkpt lat="50.908350000000006" lon="4.67536">
    <ele>25.730000000000004</ele>
   </trkpt>
   <trkpt lat="50.90879" lon="4.676500000000001">
    <ele>24.98</ele>
   </trkpt>
   <trkpt lat="50.90887000000001" lon="4.67661">
    <ele>24.93</ele>
   </trkpt>
   <trkpt lat="50.90907000000001" lon="4.6767900000000004">
    <ele>24.810000000000002</ele>
   </trkpt>
   <trkpt lat="50.909180000000006" lon="4.67685">
    <ele>24.810000000000002</ele>
   </trkpt>
   <trkpt lat="50.909690000000005" lon="4.676810000000001">
    <ele>24.400000000000002</ele>
   </trkpt>
   <trkpt lat="50.9104500002633" lon="4.676976661229674">
    <ele>23.560000000000002</ele>
   </trkpt>
   <trkpt lat="50.91121000028935" lon="4.677143327901944">
    <ele>22.830000000000002</ele>
   </trkpt>
   <trkpt lat="50.911970000000004" lon="4.67731">
    <ele>22.53</ele>
   </trkpt>
   <trkpt lat="50.912060000000004" lon="4.677370000000001">
    <ele>22.53</ele>
   </trkpt>
   <trkpt lat="50.912130000000005" lon="4.67745">
    <ele>22.240000000000002</ele>
   </trkpt>
   <trkpt lat="50.91227000000001" lon="4.67771">
    <ele>22.240000000000002</ele>
   </trkpt>
   <trkpt lat="50.91274000000001" lon="4.6786900000000005">
    <ele>22.04</ele>
   </trkpt>
   <trkpt lat="50.91282" lon="4.678920000000001">
    <ele>22.04</ele>
   </trkpt>
   <trkpt lat="50.913070000000005" lon="4.679790000000001">
    <ele>21.93</ele>
   </trkpt>
   <trkpt lat="50.91322" lon="4.680210000000001">
    <ele>21.79</ele>
   </trkpt>
   <trkpt lat="50.91342" lon="4.68062">
    <ele>21.79</ele>
   </trkpt>
   <trkpt lat="50.91371" lon="4.681150000000001">
    <ele>21.57</ele>
   </trkpt>
   <trkpt lat="50.91425" lon="4.68198">
    <ele>21.290000000000003</ele>
   </trkpt>
   <trkpt lat="50.914710001749796" lon="4.682604993933158">
    <ele>21.080000000000002</ele>
   </trkpt>
   <trkpt lat="50.91517" lon="4.68323">
    <ele>20.8</ele>
   </trkpt>
   <trkpt lat="50.91567000304011" lon="4.683823320623013">
    <ele>20.59</ele>
   </trkpt>
   <trkpt lat="50.91617000307338" lon="4.6844166539956404">
    <ele>20.5</ele>
   </trkpt>
   <trkpt lat="50.91667" lon="4.68501">
    <ele>20.51</ele>
   </trkpt>
   <trkpt lat="50.916650000000004" lon="4.68513">
    <ele>20.51</ele>
   </trkpt>
   <trkpt lat="50.91669" lon="4.68524">
    <ele>20.51</ele>
   </trkpt>
   <trkpt lat="50.91677000000001" lon="4.6852800000000006">
    <ele>20.51</ele>
   </trkpt>
   <trkpt lat="50.916810000000005" lon="4.68527">
    <ele>20.51</ele>
   </trkpt>
   <trkpt lat="50.91684000000001" lon="4.685230000000001">
    <ele>20.490000000000002</ele>
   </trkpt>
   <trkpt lat="50.91702" lon="4.68546">
    <ele>20.34</ele>
   </trkpt>
   <trkpt lat="50.91761250458806" lon="4.686057477190905">
    <ele>20.28</ele>
   </trkpt>
   <trkpt lat="50.91820500612703" lon="4.686654969597061">
    <ele>20.51</ele>
   </trkpt>
   <trkpt lat="50.918797504616784" lon="4.6872524772191">
    <ele>20.78</ele>
   </trkpt>
   <trkpt lat="50.91939000000001" lon="4.68785">
    <ele>20.89</ele>
   </trkpt>
   <trkpt lat="50.92007000113386" lon="4.688349992741543">
    <ele>20.790000000000003</ele>
   </trkpt>
   <trkpt lat="50.920750000000005" lon="4.68885">
    <ele>20.610000000000003</ele>
   </trkpt>
   <trkpt lat="50.92127000156491" lon="4.6894449934109135">
    <ele>20.380000000000003</ele>
   </trkpt>
   <trkpt lat="50.92179" lon="4.690040000000001">
    <ele>20.040000000000003</ele>
   </trkpt>
   <trkpt lat="50.92186" lon="4.690130000000001">
    <ele>20.040000000000003</ele>
   </trkpt>
   <trkpt lat="50.921910000000004" lon="4.690230000000001">
    <ele>20.040000000000003</ele>
   </trkpt>
   <trkpt lat="50.92210000238626" lon="4.690984996726079">
    <ele>19.770000000000003</ele>
   </trkpt>
   <trkpt lat="50.922290000000004" lon="4.69174">
    <ele>19.41</ele>
   </trkpt>
   <trkpt lat="50.9224" lon="4.691870000000001">
    <ele>19.41</ele>
   </trkpt>
   <trkpt lat="50.922450000000005" lon="4.6919">
    <ele>19.41</ele>
   </trkpt>
   <trkpt lat="50.92295000000001" lon="4.69204">
    <ele>18.96</ele>
   </trkpt>
   <trkpt lat="50.923640000000006" lon="4.69221">
    <ele>18.98</ele>
   </trkpt>
   <trkpt lat="50.92362000000001" lon="4.69228">
    <ele>18.98</ele>
   </trkpt>
   <trkpt lat="50.92369000000001" lon="4.692290000000001">
    <ele>19.03</ele>
   </trkpt>
   <trkpt lat="50.923750000000005" lon="4.6923">
    <ele>19.03</ele>
   </trkpt>
   <trkpt lat="50.92380000000001" lon="4.692220000000001">
    <ele>19.03</ele>
   </trkpt>
   <trkpt lat="50.923880000000004" lon="4.69221">
    <ele>18.98</ele>
   </trkpt>
   <trkpt lat="50.9241" lon="4.692290000000001">
    <ele>18.03</ele>
   </trkpt>
   <trkpt lat="50.924150000000004" lon="4.69244">
    <ele>18.03</ele>
   </trkpt>
   <trkpt lat="50.923590000000004" lon="4.69387">
    <ele>18.09</ele>
   </trkpt>
   <trkpt lat="50.923220016607466" lon="4.694856031363908">
    <ele>18.160000000000004</ele>
   </trkpt>
   <trkpt lat="50.922850024911234" lon="4.695842047045041">
    <ele>18.230000000000004</ele>
   </trkpt>
   <trkpt lat="50.92248002491153" lon="4.696828047043503">
    <ele>18.250000000000004</ele>
   </trkpt>
   <trkpt lat="50.92211001660861" lon="4.6978140313594">
    <ele>18.26</ele>
   </trkpt>
   <trkpt lat="50.92174000000001" lon="4.6988">
    <ele>18.01</ele>
   </trkpt>
   <trkpt lat="50.92129500552835" lon="4.6999400109583265">
    <ele>17.52</ele>
   </trkpt>
   <trkpt lat="50.92085" lon="4.70108">
    <ele>17.61</ele>
   </trkpt>
   <trkpt lat="50.92156000000001" lon="4.7017500000000005">
    <ele>17.19</ele>
   </trkpt>
   <trkpt lat="50.92165000000001" lon="4.70181">
    <ele>17.19</ele>
   </trkpt>
   <trkpt lat="50.92174000000001" lon="4.701840000000001">
    <ele>17.19</ele>
   </trkpt>
   <trkpt lat="50.92217" lon="4.70183">
    <ele>17.080000000000002</ele>
   </trkpt>
   <trkpt lat="50.92228" lon="4.70188">
    <ele>17.060000000000002</ele>
   </trkpt>
   <trkpt lat="50.922340000000005" lon="4.701960000000001">
    <ele>17.01</ele>
   </trkpt>
   <trkpt lat="50.922540000000005" lon="4.7023">
    <ele>16.59</ele>
   </trkpt>
   <trkpt lat="50.92273" lon="4.70256">
    <ele>16.200000000000003</ele>
   </trkpt>
   <trkpt lat="50.92322000000001" lon="4.7030400000000006">
    <ele>15.96</ele>
   </trkpt>
   <trkpt lat="50.92380333595221" lon="4.703593319461076">
    <ele>15.520000000000001</ele>
   </trkpt>
   <trkpt lat="50.92438666928946" lon="4.704146652797908">
    <ele>15.19</ele>
   </trkpt>
   <trkpt lat="50.92497" lon="4.704700000000001">
    <ele>14.780000000000001</ele>
   </trkpt>
   <trkpt lat="50.925090000000004" lon="4.7048700000000006">
    <ele>14.780000000000001</ele>
   </trkpt>
   <trkpt lat="50.925200000000004" lon="4.70507">
    <ele>14.730000000000002</ele>
   </trkpt>
   <trkpt lat="50.92531" lon="4.70544">
    <ele>14.780000000000001</ele>
   </trkpt>
   <trkpt lat="50.925380000000004" lon="4.70615">
    <ele>14.950000000000001</ele>
   </trkpt>
   <trkpt lat="50.925450000000005" lon="4.7072">
    <ele>14.470000000000002</ele>
   </trkpt>
   <trkpt lat="50.92551334732287" lon="4.708479996445134">
    <ele>13.53</ele>
   </trkpt>
   <trkpt lat="50.92557668065277" lon="4.709759996375838">
    <ele>13.47</ele>
   </trkpt>
   <trkpt lat="50.92564" lon="4.711040000000001">
    <ele>13.38</ele>
   </trkpt>
   <trkpt lat="50.92538001279083" lon="4.712263346963586">
    <ele>12.97</ele>
   </trkpt>
   <trkpt lat="50.92512001280002" lon="4.713486680253289">
    <ele>13.05</ele>
   </trkpt>
   <trkpt lat="50.92486" lon="4.71471">
    <ele>13.940000000000001</ele>
   </trkpt>
   <trkpt lat="50.924730000000004" lon="4.714650000000001">
    <ele>13.940000000000001</ele>
   </trkpt>
   <trkpt lat="50.92468" lon="4.71466">
    <ele>13.56</ele>
   </trkpt>
   <trkpt lat="50.92439" lon="4.71488">
    <ele>13.49</ele>
   </trkpt>
   <trkpt lat="50.9243" lon="4.714910000000001">
    <ele>13.540000000000001</ele>
   </trkpt>
   <trkpt lat="50.92378" lon="4.714980000000001">
    <ele>13.88</ele>
   </trkpt>
   <trkpt lat="50.92343" lon="4.715000000000001">
    <ele>13.97</ele>
   </trkpt>
   <trkpt lat="50.923170000000006" lon="4.71495">
    <ele>13.99</ele>
   </trkpt>
   <trkpt lat="50.922740000000005" lon="4.71483">
    <ele>13.950000000000001</ele>
   </trkpt>
   <trkpt lat="50.92251" lon="4.71471">
    <ele>13.950000000000001</ele>
   </trkpt>
   <trkpt lat="50.922450000000005" lon="4.71485">
    <ele>13.950000000000001</ele>
   </trkpt>
   <trkpt lat="50.92201000000001" lon="4.71499">
    <ele>13.89</ele>
   </trkpt>
   <trkpt lat="50.92188" lon="4.71511">
    <ele>13.860000000000001</ele>
   </trkpt>
   <trkpt lat="50.92179" lon="4.715380000000001">
    <ele>13.780000000000001</ele>
   </trkpt>
   <trkpt lat="50.921785005795385" lon="4.716545000257166">
    <ele>13.81</ele>
   </trkpt>
   <trkpt lat="50.921780000000005" lon="4.71771">
    <ele>13.590000000000002</ele>
   </trkpt>
   <trkpt lat="50.921640000000004" lon="4.718780000000001">
    <ele>13.770000000000001</ele>
   </trkpt>
   <trkpt lat="50.92188" lon="4.71975">
    <ele>14.13</ele>
   </trkpt>
   <trkpt lat="50.92195" lon="4.72025">
    <ele>13.9</ele>
   </trkpt>
   <trkpt lat="50.92217" lon="4.72109">
    <ele>13.91</ele>
   </trkpt>
   <trkpt lat="50.92237" lon="4.72207">
    <ele>13.71</ele>
   </trkpt>
   <trkpt lat="50.92244" lon="4.72283">
    <ele>14.0</ele>
   </trkpt>
   <trkpt lat="50.92242" lon="4.72342">
    <ele>14.350000000000001</ele>
   </trkpt>
   <trkpt lat="50.92242" lon="4.72428">
    <ele>13.940000000000001</ele>
   </trkpt>
   <trkpt lat="50.922450000000005" lon="4.724880000000001">
    <ele>14.030000000000001</ele>
   </trkpt>
   <trkpt lat="50.922410000000006" lon="4.72546">
    <ele>14.0</ele>
   </trkpt>
   <trkpt lat="50.922360000000005" lon="4.7256">
    <ele>14.110000000000001</ele>
   </trkpt>
   <trkpt lat="50.92222" lon="4.725770000000001">
    <ele>14.110000000000001</ele>
   </trkpt>
   <trkpt lat="50.92217" lon="4.725890000000001">
    <ele>14.110000000000001</ele>
   </trkpt>
   <trkpt lat="50.922160000000005" lon="4.7260100000000005">
    <ele>14.06</ele>
   </trkpt>
   <trkpt lat="50.92216500584634" lon="4.7271800000061885">
    <ele>14.100000000000001</ele>
   </trkpt>
   <trkpt lat="50.92217" lon="4.728350000000001">
    <ele>14.68</ele>
   </trkpt>
   <trkpt lat="50.92215" lon="4.728610000000001">
    <ele>14.88</ele>
   </trkpt>
   <trkpt lat="50.92211" lon="4.728770000000001">
    <ele>15.09</ele>
   </trkpt>
   <trkpt lat="50.92212000000001" lon="4.728770000000001">
    <ele>15.09</ele>
   </trkpt>
   <trkpt lat="50.92173001716553" lon="4.729927529105105">
    <ele>15.09</ele>
   </trkpt>
   <trkpt lat="50.92134002288753" lon="4.731085038805568">
    <ele>22.1</ele>
   </trkpt>
   <trkpt lat="50.920950017166405" lon="4.732242529101417">
    <ele>22.1</ele>
   </trkpt>
   <trkpt lat="50.92056" lon="4.7334000000000005">
    <ele>22.1</ele>
   </trkpt>
   <trkpt lat="50.92054" lon="4.73345">
    <ele>14.440000000000001</ele>
   </trkpt>
   <trkpt lat="50.92043" lon="4.7336800000000006">
    <ele>14.31</ele>
   </trkpt>
   <trkpt lat="50.920210000000004" lon="4.73399">
    <ele>14.39</ele>
   </trkpt>
   <trkpt lat="50.92015000000001" lon="4.73413">
    <ele>14.49</ele>
   </trkpt>
   <trkpt lat="50.92013000000001" lon="4.7342900000000006">
    <ele>14.49</ele>
   </trkpt>
   <trkpt lat="50.92015000000001" lon="4.73542">
    <ele>14.88</ele>
   </trkpt>
   <trkpt lat="50.92029500225561" lon="4.736149997623694">
    <ele>14.88</ele>
   </trkpt>
   <trkpt lat="50.920440000000006" lon="4.73688">
    <ele>14.860000000000001</ele>
   </trkpt>
   <trkpt lat="50.92047" lon="4.7374">
    <ele>14.75</ele>
   </trkpt>
   <trkpt lat="50.92051000000001" lon="4.7377">
    <ele>14.66</ele>
   </trkpt>
   <trkpt lat="50.920680000000004" lon="4.7384900000000005">
    <ele>14.59</ele>
   </trkpt>
   <trkpt lat="50.920770000000005" lon="4.73908">
    <ele>14.67</ele>
   </trkpt>
   <trkpt lat="50.92078000000001" lon="4.7392900000000004">
    <ele>14.990000000000002</ele>
   </trkpt>
   <trkpt lat="50.920770000000005" lon="4.73932">
    <ele>14.990000000000002</ele>
   </trkpt>
   <trkpt lat="50.920320000000004" lon="4.739680000000001">
    <ele>14.770000000000001</ele>
   </trkpt>
   <trkpt lat="50.91963000151211" lon="4.740270008727271">
    <ele>15.3</ele>
   </trkpt>
   <trkpt lat="50.918940000000006" lon="4.7408600000000005">
    <ele>15.92</ele>
   </trkpt>
   <trkpt lat="50.918220000000005" lon="4.7414000000000005">
    <ele>16.41</ele>
   </trkpt>
   <trkpt lat="50.917700000387896" lon="4.74175500406963">
    <ele>17.45</ele>
   </trkpt>
   <trkpt lat="50.91718" lon="4.74211">
    <ele>19.000000000000004</ele>
   </trkpt>
   <trkpt lat="50.91642500239802" lon="4.7428550120595805">
    <ele>22.21</ele>
   </trkpt>
   <trkpt lat="50.915670000000006" lon="4.743600000000001">
    <ele>27.340000000000003</ele>
   </trkpt>
   <trkpt lat="50.91563000000001" lon="4.74361">
    <ele>27.430000000000003</ele>
   </trkpt>
   <trkpt lat="50.915760000000006" lon="4.7441">
    <ele>27.48</ele>
   </trkpt>
   <trkpt lat="50.91601000220522" lon="4.744814996221776">
    <ele>27.98</ele>
   </trkpt>
   <trkpt lat="50.91626" lon="4.7455300000000005">
    <ele>28.430000000000003</ele>
   </trkpt>
   <trkpt lat="50.916410000000006" lon="4.74582">
    <ele>28.59</ele>
   </trkpt>
   <trkpt lat="50.916760000000004" lon="4.74629">
    <ele>28.650000000000002</ele>
   </trkpt>
   <trkpt lat="50.91691" lon="4.74657">
    <ele>28.71</ele>
   </trkpt>
   <trkpt lat="50.91702" lon="4.7468900000000005">
    <ele>28.66</ele>
   </trkpt>
   <trkpt lat="50.91718" lon="4.747940000000001">
    <ele>29.030000000000005</ele>
   </trkpt>
   <trkpt lat="50.91727" lon="4.74821">
    <ele>29.460000000000004</ele>
   </trkpt>
   <trkpt lat="50.91760000000001" lon="4.74898">
    <ele>30.130000000000003</ele>
   </trkpt>
   <trkpt lat="50.917910000000006" lon="4.749580000000001">
    <ele>29.44</ele>
   </trkpt>
   <trkpt lat="50.91808" lon="4.7498000000000005">
    <ele>28.92</ele>
   </trkpt>
   <trkpt lat="50.91839" lon="4.75002">
    <ele>28.25</ele>
   </trkpt>
   <trkpt lat="50.91886" lon="4.750120000000001">
    <ele>25.14</ele>
   </trkpt>
   <trkpt lat="50.919050000000006" lon="4.75023">
    <ele>24.8</ele>
   </trkpt>
   <trkpt lat="50.919180000000004" lon="4.750360000000001">
    <ele>24.380000000000003</ele>
   </trkpt>
   <trkpt lat="50.919290000000004" lon="4.750520000000001">
    <ele>24.44</ele>
   </trkpt>
   <trkpt lat="50.919360000000005" lon="4.75065">
    <ele>24.42</ele>
   </trkpt>
   <trkpt lat="50.91946" lon="4.750900000000001">
    <ele>24.17</ele>
   </trkpt>
   <trkpt lat="50.91973" lon="4.7517700000000005">
    <ele>24.25</ele>
   </trkpt>
   <trkpt lat="50.919830000000005" lon="4.7522">
    <ele>24.240000000000002</ele>
   </trkpt>
   <trkpt lat="50.919880000000006" lon="4.75262">
    <ele>24.39</ele>
   </trkpt>
   <trkpt lat="50.91990500301628" lon="4.753459999650011">
    <ele>24.5</ele>
   </trkpt>
   <trkpt lat="50.91993" lon="4.754300000000001">
    <ele>24.75</ele>
   </trkpt>
   <trkpt lat="50.920010000000005" lon="4.75537">
    <ele>25.11</ele>
   </trkpt>
   <trkpt lat="50.9201900072136" lon="4.75666999494554">
    <ele>25.43</ele>
   </trkpt>
   <trkpt lat="50.920370000000005" lon="4.75797">
    <ele>25.990000000000002</ele>
   </trkpt>
   <trkpt lat="50.920300000000005" lon="4.75818">
    <ele>26.17</ele>
   </trkpt>
   <trkpt lat="50.92013000000001" lon="4.758500000000001">
    <ele>26.45</ele>
   </trkpt>
   <trkpt lat="50.920100000000005" lon="4.75861">
    <ele>26.45</ele>
   </trkpt>
   <trkpt lat="50.920010000000005" lon="4.7586200000000005">
    <ele>26.910000000000004</ele>
   </trkpt>
   <trkpt lat="50.91987" lon="4.75877">
    <ele>27.180000000000003</ele>
   </trkpt>
   <trkpt lat="50.91929333496754" lon="4.759210010920723">
    <ele>28.37</ele>
   </trkpt>
   <trkpt lat="50.918716668281505" lon="4.759650010935333">
    <ele>29.900000000000002</ele>
   </trkpt>
   <trkpt lat="50.91814" lon="4.760090000000001">
    <ele>33.72</ele>
   </trkpt>
   <trkpt lat="50.917860003560456" lon="4.759179994602374">
    <ele>34.21</ele>
   </trkpt>
   <trkpt lat="50.91758" lon="4.75827">
    <ele>39.32</ele>
   </trkpt>
   <trkpt lat="50.9174" lon="4.75781">
    <ele>42.52</ele>
   </trkpt>
   <trkpt lat="50.917210000000004" lon="4.7574000000000005">
    <ele>47.39</ele>
   </trkpt>
   <trkpt lat="50.91709" lon="4.7571900000000005">
    <ele>47.39</ele>
   </trkpt>
   <trkpt lat="50.91695000000001" lon="4.75706">
    <ele>49.080000000000005</ele>
   </trkpt>
   <trkpt lat="50.916180000000004" lon="4.75652">
    <ele>61.18000000000001</ele>
   </trkpt>
   <trkpt lat="50.91604" lon="4.756460000000001">
    <ele>62.43000000000001</ele>
   </trkpt>
   <trkpt lat="50.91565000000001" lon="4.756460000000001">
    <ele>67.21000000000001</ele>
   </trkpt>
   <trkpt lat="50.914939999963586" lon="4.7564533331295715">
    <ele>73.16</ele>
   </trkpt>
   <trkpt lat="50.91422999992679" lon="4.756446666462563">
    <ele>73.08</ele>
   </trkpt>
   <trkpt lat="50.913520000000005" lon="4.7564400000000004">
    <ele>70.83</ele>
   </trkpt>
   <trkpt lat="50.91292000007101" lon="4.756463333932364">
    <ele>70.54</ele>
   </trkpt>
   <trkpt lat="50.912320000137385" lon="4.756486667263108">
    <ele>71.08</ele>
   </trkpt>
   <trkpt lat="50.91172" lon="4.7565100000000005">
    <ele>72.32000000000001</ele>
   </trkpt>
   <trkpt lat="50.91151000000001" lon="4.75556">
    <ele>72.72</ele>
   </trkpt>
   <trkpt lat="50.91142000000001" lon="4.7550300000000005">
    <ele>72.99</ele>
   </trkpt>
   <trkpt lat="50.91140000000001" lon="4.75464">
    <ele>72.97</ele>
   </trkpt>
   <trkpt lat="50.911410000000004" lon="4.75427">
    <ele>72.57000000000001</ele>
   </trkpt>
   <trkpt lat="50.911370000000005" lon="4.75386">
    <ele>72.39000000000001</ele>
   </trkpt>
   <trkpt lat="50.91132" lon="4.75359">
    <ele>72.28000000000002</ele>
   </trkpt>
   <trkpt lat="50.91122000000001" lon="4.7532700000000006">
    <ele>72.13</ele>
   </trkpt>
   <trkpt lat="50.91075000000001" lon="4.75234">
    <ele>70.99000000000001</ele>
   </trkpt>
   <trkpt lat="50.910590000000006" lon="4.75194">
    <ele>70.69</ele>
   </trkpt>
   <trkpt lat="50.91026" lon="4.750920000000001">
    <ele>69.41</ele>
   </trkpt>
   <trkpt lat="50.91022" lon="4.7507600000000005">
    <ele>69.41</ele>
   </trkpt>
   <trkpt lat="50.910210000000006" lon="4.75056">
    <ele>69.41</ele>
   </trkpt>
   <trkpt lat="50.91024" lon="4.750290000000001">
    <ele>69.01</ele>
   </trkpt>
   <trkpt lat="50.91035" lon="4.750030000000001">
    <ele>69.01</ele>
   </trkpt>
   <trkpt lat="50.910500000000006" lon="4.74983">
    <ele>68.94</ele>
   </trkpt>
   <trkpt lat="50.91093000000001" lon="4.749510000000001">
    <ele>69.03</ele>
   </trkpt>
   <trkpt lat="50.911100000000005" lon="4.74941">
    <ele>69.34</ele>
   </trkpt>
   <trkpt lat="50.91075000000001" lon="4.749110000000001">
    <ele>69.38000000000001</ele>
   </trkpt>
   <trkpt lat="50.91019000000001" lon="4.74875">
    <ele>69.28</ele>
   </trkpt>
   <trkpt lat="50.909530000000004" lon="4.748430000000001">
    <ele>67.89</ele>
   </trkpt>
   <trkpt lat="50.909180000000006" lon="4.74838">
    <ele>66.34</ele>
   </trkpt>
   <trkpt lat="50.909040000000005" lon="4.748340000000001">
    <ele>64.72</ele>
   </trkpt>
   <trkpt lat="50.908750000000005" lon="4.7480400000000005">
    <ele>62.17</ele>
   </trkpt>
   <trkpt lat="50.90869000000001" lon="4.74802">
    <ele>62.17</ele>
   </trkpt>
   <trkpt lat="50.90856" lon="4.74805">
    <ele>59.28000000000001</ele>
   </trkpt>
   <trkpt lat="50.90809" lon="4.7483">
    <ele>56.13</ele>
   </trkpt>
   <trkpt lat="50.907970000000006" lon="4.74842">
    <ele>56.13</ele>
   </trkpt>
   <trkpt lat="50.90775000000001" lon="4.7487200000000005">
    <ele>52.54</ele>
   </trkpt>
   <trkpt lat="50.907360000000004" lon="4.74899">
    <ele>49.470000000000006</ele>
   </trkpt>
   <trkpt lat="50.907230000000006" lon="4.74903">
    <ele>49.470000000000006</ele>
   </trkpt>
   <trkpt lat="50.907070000000004" lon="4.74899">
    <ele>45.82000000000001</ele>
   </trkpt>
   <trkpt lat="50.906960000000005" lon="4.74892">
    <ele>45.82000000000001</ele>
   </trkpt>
   <trkpt lat="50.906760000000006" lon="4.748670000000001">
    <ele>45.32000000000001</ele>
   </trkpt>
   <trkpt lat="50.906580000000005" lon="4.748340000000001">
    <ele>43.660000000000004</ele>
   </trkpt>
   <trkpt lat="50.90646" lon="4.748">
    <ele>42.440000000000005</ele>
   </trkpt>
   <trkpt lat="50.90639" lon="4.74788">
    <ele>42.440000000000005</ele>
   </trkpt>
   <trkpt lat="50.9063" lon="4.7477800000000006">
    <ele>41.53</ele>
   </trkpt>
   <trkpt lat="50.90619" lon="4.7477">
    <ele>41.53</ele>
   </trkpt>
   <trkpt lat="50.90608" lon="4.7477">
    <ele>41.120000000000005</ele>
   </trkpt>
   <trkpt lat="50.905810006722525" lon="4.746444992701244">
    <ele>38.41</ele>
   </trkpt>
   <trkpt lat="50.90554" lon="4.74519">
    <ele>35.17</ele>
   </trkpt>
   <trkpt lat="50.90533000923332" lon="4.744149990589549">
    <ele>33.910000000000004</ele>
   </trkpt>
   <trkpt lat="50.90512000922763" lon="4.743109990561553">
    <ele>32.660000000000004</ele>
   </trkpt>
   <trkpt lat="50.90491" lon="4.74207">
    <ele>31.310000000000002</ele>
   </trkpt>
   <trkpt lat="50.90473" lon="4.7414000000000005">
    <ele>30.8</ele>
   </trkpt>
   <trkpt lat="50.90429" lon="4.7403900000000005">
    <ele>29.23</ele>
   </trkpt>
   <trkpt lat="50.90389000233178" lon="4.7396499936291425">
    <ele>28.1</ele>
   </trkpt>
   <trkpt lat="50.903490000000005" lon="4.738910000000001">
    <ele>28.060000000000002</ele>
   </trkpt>
   <trkpt lat="50.903360000000006" lon="4.738720000000001">
    <ele>27.970000000000002</ele>
   </trkpt>
   <trkpt lat="50.90287000000001" lon="4.7382100000000005">
    <ele>27.680000000000003</ele>
   </trkpt>
   <trkpt lat="50.90258000000001" lon="4.73787">
    <ele>28.110000000000003</ele>
   </trkpt>
   <trkpt lat="50.902370000000005" lon="4.73758">
    <ele>28.490000000000002</ele>
   </trkpt>
   <trkpt lat="50.90207" lon="4.73709">
    <ele>28.62</ele>
   </trkpt>
   <trkpt lat="50.90175500126742" lon="4.736544996310755">
    <ele>28.75</ele>
   </trkpt>
   <trkpt lat="50.90144" lon="4.736000000000001">
    <ele>29.27</ele>
   </trkpt>
   <trkpt lat="50.901160000000004" lon="4.73564">
    <ele>29.67</ele>
   </trkpt>
   <trkpt lat="50.900850000000005" lon="4.735320000000001">
    <ele>29.75</ele>
   </trkpt>
   <trkpt lat="50.900690000000004" lon="4.735200000000001">
    <ele>29.61</ele>
   </trkpt>
   <trkpt lat="50.90046" lon="4.734940000000001">
    <ele>29.490000000000002</ele>
   </trkpt>
   <trkpt lat="50.90009000102565" lon="4.734484996558382">
    <ele>28.93</ele>
   </trkpt>
   <trkpt lat="50.89972" lon="4.734030000000001">
    <ele>28.240000000000002</ele>
   </trkpt>
   <trkpt lat="50.89914500157917" lon="4.733429992634266">
    <ele>27.900000000000002</ele>
   </trkpt>
   <trkpt lat="50.89857000000001" lon="4.732830000000001">
    <ele>27.94</ele>
   </trkpt>
   <trkpt lat="50.898450000000004" lon="4.73329">
    <ele>29.05</ele>
   </trkpt>
   <trkpt lat="50.898320000000005" lon="4.73355">
    <ele>29.800000000000004</ele>
   </trkpt>
   <trkpt lat="50.898070000000004" lon="4.73383">
    <ele>31.000000000000004</ele>
   </trkpt>
   <trkpt lat="50.897690000000004" lon="4.7342200000000005">
    <ele>33.910000000000004</ele>
   </trkpt>
   <trkpt lat="50.897380000000005" lon="4.73467">
    <ele>35.050000000000004</ele>
   </trkpt>
   <trkpt lat="50.89705000000001" lon="4.73536">
    <ele>35.14</ele>
   </trkpt>
   <trkpt lat="50.896910000000005" lon="4.73583">
    <ele>34.85000000000001</ele>
   </trkpt>
   <trkpt lat="50.89687000000001" lon="4.73606">
    <ele>34.4</ele>
   </trkpt>
   <trkpt lat="50.8969" lon="4.7361">
    <ele>34.4</ele>
   </trkpt>
   <trkpt lat="50.89685000000001" lon="4.736350000000001">
    <ele>34.4</ele>
   </trkpt>
   <trkpt lat="50.8967500133464" lon="4.73760000538307">
    <ele>35.42</ele>
   </trkpt>
   <trkpt lat="50.89665001334517" lon="4.73885000539804">
    <ele>35.89000000000001</ele>
   </trkpt>
   <trkpt lat="50.896550000000005" lon="4.7401">
    <ele>36.75000000000001</ele>
   </trkpt>
   <trkpt lat="50.8965" lon="4.7401">
    <ele>36.47</ele>
   </trkpt>
   <trkpt lat="50.896510000000006" lon="4.7405100000000004">
    <ele>36.88</ele>
   </trkpt>
   <trkpt lat="50.896570000000004" lon="4.741140000000001">
    <ele>37.53</ele>
   </trkpt>
   <trkpt lat="50.89659" lon="4.7418000000000005">
    <ele>37.87</ele>
   </trkpt>
   <trkpt lat="50.896550000000005" lon="4.74228">
    <ele>38.43000000000001</ele>
   </trkpt>
   <trkpt lat="50.89649000000001" lon="4.74274">
    <ele>38.39</ele>
   </trkpt>
   <trkpt lat="50.896350000000005" lon="4.74329">
    <ele>38.07</ele>
   </trkpt>
   <trkpt lat="50.89632" lon="4.743270000000001">
    <ele>38.650000000000006</ele>
   </trkpt>
   <trkpt lat="50.896190000000004" lon="4.74368">
    <ele>37.56</ele>
   </trkpt>
   <trkpt lat="50.89591" lon="4.74436">
    <ele>35.81</ele>
   </trkpt>
   <trkpt lat="50.895480000000006" lon="4.745410000000001">
    <ele>34.17</ele>
   </trkpt>
   <trkpt lat="50.89551" lon="4.74544">
    <ele>34.17</ele>
   </trkpt>
   <trkpt lat="50.89511" lon="4.74641">
    <ele>33.14</ele>
   </trkpt>
   <trkpt lat="50.894960000000005" lon="4.74692">
    <ele>32.370000000000005</ele>
   </trkpt>
   <trkpt lat="50.894760000000005" lon="4.74774">
    <ele>31.66</ele>
   </trkpt>
   <trkpt lat="50.89453" lon="4.74896">
    <ele>30.92</ele>
   </trkpt>
   <trkpt lat="50.894490000000005" lon="4.749110000000001">
    <ele>30.680000000000003</ele>
   </trkpt>
   <trkpt lat="50.894400000000005" lon="4.7491900000000005">
    <ele>30.680000000000003</ele>
   </trkpt>
   <trkpt lat="50.89441000000001" lon="4.749350000000001">
    <ele>30.62</ele>
   </trkpt>
   <trkpt lat="50.894000000000005" lon="4.750570000000001">
    <ele>29.51</ele>
   </trkpt>
   <trkpt lat="50.89387000000001" lon="4.75142">
    <ele>29.280000000000005</ele>
   </trkpt>
   <trkpt lat="50.893780004645585" lon="4.75246500223752">
    <ele>29.280000000000005</ele>
   </trkpt>
   <trkpt lat="50.89369000000001" lon="4.75351">
    <ele>29.790000000000003</ele>
   </trkpt>
   <trkpt lat="50.89365" lon="4.754630000000001">
    <ele>30.09</ele>
   </trkpt>
   <trkpt lat="50.8937" lon="4.7553">
    <ele>30.38</ele>
   </trkpt>
   <trkpt lat="50.89376000000001" lon="4.75572">
    <ele>30.470000000000002</ele>
   </trkpt>
   <trkpt lat="50.8939" lon="4.75633">
    <ele>30.69</ele>
   </trkpt>
   <trkpt lat="50.89423000000001" lon="4.75755">
    <ele>30.88</ele>
   </trkpt>
   <trkpt lat="50.89444000213999" lon="4.758249997000444">
    <ele>31.1</ele>
   </trkpt>
   <trkpt lat="50.894650000000006" lon="4.7589500000000005">
    <ele>31.71</ele>
   </trkpt>
   <trkpt lat="50.894990007126324" lon="4.759863319998438">
    <ele>33.49</ele>
   </trkpt>
   <trkpt lat="50.895330007126745" lon="4.760776653332731">
    <ele>34.32</ele>
   </trkpt>
   <trkpt lat="50.89567" lon="4.761690000000001">
    <ele>35.550000000000004</ele>
   </trkpt>
   <trkpt lat="50.89582000000001" lon="4.76187">
    <ele>36.7</ele>
   </trkpt>
   <trkpt lat="50.89587" lon="4.76189">
    <ele>36.7</ele>
   </trkpt>
   <trkpt lat="50.89589" lon="4.76193">
    <ele>36.43000000000001</ele>
   </trkpt>
   <trkpt lat="50.895900000000005" lon="4.76203">
    <ele>36.43000000000001</ele>
   </trkpt>
   <trkpt lat="50.89587" lon="4.7620700000000005">
    <ele>36.43000000000001</ele>
   </trkpt>
   <trkpt lat="50.895860000000006" lon="4.76227">
    <ele>36.45</ele>
   </trkpt>
   <trkpt lat="50.89612" lon="4.76351">
    <ele>37.71</ele>
   </trkpt>
   <trkpt lat="50.89631334517364" lon="4.76468665697528">
    <ele>37.71</ele>
   </trkpt>
   <trkpt lat="50.896506678519955" lon="4.765863323720762">
    <ele>43.11</ele>
   </trkpt>
   <trkpt lat="50.8967" lon="4.767040000000001">
    <ele>43.11</ele>
   </trkpt>
   <trkpt lat="50.89678000000001" lon="4.76752">
    <ele>44.65</ele>
   </trkpt>
   <trkpt lat="50.89687000000001" lon="4.7685">
    <ele>47.63</ele>
   </trkpt>
   <trkpt lat="50.89701" lon="4.76918">
    <ele>49.1</ele>
   </trkpt>
   <trkpt lat="50.897020000000005" lon="4.769340000000001">
    <ele>49.660000000000004</ele>
   </trkpt>
   <trkpt lat="50.897000000000006" lon="4.76945">
    <ele>49.660000000000004</ele>
   </trkpt>
   <trkpt lat="50.89694" lon="4.769620000000001">
    <ele>48.75</ele>
   </trkpt>
   <trkpt lat="50.89683" lon="4.7697400000000005">
    <ele>48.220000000000006</ele>
   </trkpt>
   <trkpt lat="50.89618" lon="4.7701400000000005">
    <ele>43.120000000000005</ele>
   </trkpt>
   <trkpt lat="50.896" lon="4.7702">
    <ele>42.81</ele>
   </trkpt>
   <trkpt lat="50.895570000000006" lon="4.7702">
    <ele>39.370000000000005</ele>
   </trkpt>
   <trkpt lat="50.895390000000006" lon="4.7701">
    <ele>38.71</ele>
   </trkpt>
   <trkpt lat="50.895070000000004" lon="4.769900000000001">
    <ele>37.59</ele>
   </trkpt>
   <trkpt lat="50.89481000000001" lon="4.76968">
    <ele>37.50000000000001</ele>
   </trkpt>
   <trkpt lat="50.89435" lon="4.770840000000001">
    <ele>37.970000000000006</ele>
   </trkpt>
   <trkpt lat="50.893980000000006" lon="4.77189">
    <ele>38.53</ele>
   </trkpt>
   <trkpt lat="50.89399" lon="4.773280000000001">
    <ele>41.1</ele>
   </trkpt>
   <trkpt lat="50.89403" lon="4.77433">
    <ele>44.50000000000001</ele>
   </trkpt>
   <trkpt lat="50.89422000372454" lon="4.775259996354249">
    <ele>46.03</ele>
   </trkpt>
   <trkpt lat="50.89441000000001" lon="4.776190000000001">
    <ele>48.32</ele>
   </trkpt>
   <trkpt lat="50.89463000000001" lon="4.7769900000000005">
    <ele>50.29</ele>
   </trkpt>
   <trkpt lat="50.89488000000001" lon="4.777620000000001">
    <ele>54.32000000000001</ele>
   </trkpt>
   <trkpt lat="50.895" lon="4.777880000000001">
    <ele>55.31</ele>
   </trkpt>
   <trkpt lat="50.89555000000001" lon="4.77895">
    <ele>63.300000000000004</ele>
   </trkpt>
   <trkpt lat="50.89562" lon="4.779120000000001">
    <ele>64.66000000000001</ele>
   </trkpt>
   <trkpt lat="50.8958" lon="4.779680000000001">
    <ele>66.81</ele>
   </trkpt>
   <trkpt lat="50.896120013052" lon="4.7809166496234665">
    <ele>72.55</ele>
   </trkpt>
   <trkpt lat="50.89644001303976" lon="4.782153316242561">
    <ele>75.68</ele>
   </trkpt>
   <trkpt lat="50.89676000000001" lon="4.783390000000001">
    <ele>75.50000000000001</ele>
   </trkpt>
   <trkpt lat="50.89697000782453" lon="4.784346658067723">
    <ele>72.91</ele>
   </trkpt>
   <trkpt lat="50.89718000783102" lon="4.785303324763802">
    <ele>71.23</ele>
   </trkpt>
   <trkpt lat="50.89739" lon="4.78626">
    <ele>70.66</ele>
   </trkpt>
   <trkpt lat="50.897400000000005" lon="4.78626">
    <ele>70.16</ele>
   </trkpt>
   <trkpt lat="50.897708947426146" lon="4.787568819429239">
    <ele>70.16</ele>
   </trkpt>
   <trkpt lat="50.89801788021894" lon="4.7888776562249">
    <ele>70.16</ele>
   </trkpt>
   <trkpt lat="50.89832679837802" lon="4.7901865103865795">
    <ele>70.16</ele>
   </trkpt>
   <trkpt lat="50.89863570190305" lon="4.791495381913878">
    <ele>70.16</ele>
   </trkpt>
   <trkpt lat="50.898944590793676" lon="4.792804270806395">
    <ele>70.95</ele>
   </trkpt>
   <trkpt lat="50.89925346504951" lon="4.7941131770637275">
    <ele>70.95</ele>
   </trkpt>
   <trkpt lat="50.89956232467022" lon="4.795422100685476">
    <ele>70.95</ele>
   </trkpt>
   <trkpt lat="50.89987116965546" lon="4.796731041671239">
    <ele>70.95</ele>
   </trkpt>
   <trkpt lat="50.900180000000006" lon="4.79804">
    <ele>70.95</ele>
   </trkpt>
   <trkpt lat="50.90068" lon="4.800260000000001">
    <ele>71.99000000000001</ele>
   </trkpt>
   <trkpt lat="50.90097500773759" lon="4.8016049915290395">
    <ele>69.35000000000001</ele>
   </trkpt>
   <trkpt lat="50.901270000000004" lon="4.80295">
    <ele>64.34</ele>
   </trkpt>
   <trkpt lat="50.9014" lon="4.803450000000001">
    <ele>63.62000000000001</ele>
   </trkpt>
   <trkpt lat="50.901700000000005" lon="4.80431">
    <ele>61.7</ele>
   </trkpt>
   <trkpt lat="50.90185" lon="4.8046500000000005">
    <ele>60.370000000000005</ele>
   </trkpt>
   <trkpt lat="50.902350000000006" lon="4.805630000000001">
    <ele>58.28</ele>
   </trkpt>
   <trkpt lat="50.90269000155255" lon="4.806239995479552">
    <ele>57.790000000000006</ele>
   </trkpt>
   <trkpt lat="50.90303" lon="4.806850000000001">
    <ele>58.14</ele>
   </trkpt>
   <trkpt lat="50.90308" lon="4.80698">
    <ele>58.0</ele>
   </trkpt>
   <trkpt lat="50.903090000000006" lon="4.80721">
    <ele>58.0</ele>
   </trkpt>
   <trkpt lat="50.902530000000006" lon="4.80729">
    <ele>57.5</ele>
   </trkpt>
   <trkpt lat="50.90232" lon="4.807370000000001">
    <ele>57.290000000000006</ele>
   </trkpt>
   <trkpt lat="50.90213000000001" lon="4.8074900000000005">
    <ele>57.21</ele>
   </trkpt>
   <trkpt lat="50.90194" lon="4.80764">
    <ele>55.650000000000006</ele>
   </trkpt>
   <trkpt lat="50.901290005907505" lon="4.808320028496889">
    <ele>55.650000000000006</ele>
   </trkpt>
   <trkpt lat="50.90064000786488" lon="4.809000038007466">
    <ele>55.650000000000006</ele>
   </trkpt>
   <trkpt lat="50.89999000587236" lon="4.809680028532583">
    <ele>63.83000000000001</ele>
   </trkpt>
   <trkpt lat="50.89934" lon="4.81036">
    <ele>63.83000000000001</ele>
   </trkpt>
   <trkpt lat="50.899695030235414" lon="4.811549954617296">
    <ele>63.81</ele>
   </trkpt>
   <trkpt lat="50.90005004837491" lon="4.812739927380378">
    <ele>66.52000000000001</ele>
   </trkpt>
   <trkpt lat="50.90040505441811" lon="4.813929918289136">
    <ele>69.57000000000001</ele>
   </trkpt>
   <trkpt lat="50.9007600483647" lon="4.815119927343456">
    <ele>73.32000000000001</ele>
   </trkpt>
   <trkpt lat="50.90111503021435" lon="4.81630995454323">
    <ele>75.82000000000001</ele>
   </trkpt>
   <trkpt lat="50.90147" lon="4.817500000000001">
    <ele>77.86000000000001</ele>
   </trkpt>
   <trkpt lat="50.901630000000004" lon="4.818160000000001">
    <ele>78.95</ele>
   </trkpt>
   <trkpt lat="50.901856675389254" lon="4.819169990205242">
    <ele>79.14</ele>
   </trkpt>
   <trkpt lat="50.90208334206477" lon="4.820179990244547">
    <ele>78.79</ele>
   </trkpt>
   <trkpt lat="50.90231000000001" lon="4.8211900000000005">
    <ele>78.55000000000001</ele>
   </trkpt>
   <trkpt lat="50.902496675015946" lon="4.822179991940814">
    <ele>77.83000000000001</ele>
   </trkpt>
   <trkpt lat="50.902683341659895" lon="4.82316999182011">
    <ele>77.34</ele>
   </trkpt>
   <trkpt lat="50.90287000000001" lon="4.82416">
    <ele>76.86000000000001</ele>
   </trkpt>
   <trkpt lat="50.9031250064133" lon="4.825384993310283">
    <ele>76.48</ele>
   </trkpt>
   <trkpt lat="50.903380000000006" lon="4.8266100000000005">
    <ele>74.6</ele>
   </trkpt>
   <trkpt lat="50.90362000477053" lon="4.827664994635333">
    <ele>72.18</ele>
   </trkpt>
   <trkpt lat="50.90386" lon="4.828720000000001">
    <ele>71.69</ele>
   </trkpt>
   <trkpt lat="50.90335333808117" lon="4.829463349471088">
    <ele>70.26</ele>
   </trkpt>
   <trkpt lat="50.90284667144239" lon="4.83020668276326">
    <ele>70.26</ele>
   </trkpt>
   <trkpt lat="50.90234" lon="4.8309500000000005">
    <ele>71.38</ele>
   </trkpt>
   <trkpt lat="50.902" lon="4.8315600000000005">
    <ele>69.56</ele>
   </trkpt>
   <trkpt lat="50.90167" lon="4.83223">
    <ele>64.55000000000001</ele>
   </trkpt>
   <trkpt lat="50.901240004331164" lon="4.833235009241027">
    <ele>57.24</ele>
   </trkpt>
   <trkpt lat="50.90081000000001" lon="4.83424">
    <ele>50.74000000000001</ele>
   </trkpt>
   <trkpt lat="50.90055" lon="4.834930000000001">
    <ele>49.260000000000005</ele>
   </trkpt>
   <trkpt lat="50.9005" lon="4.835">
    <ele>49.220000000000006</ele>
   </trkpt>
   <trkpt lat="50.90037" lon="4.83506">
    <ele>49.18</ele>
   </trkpt>
   <trkpt lat="50.900150000000004" lon="4.8346100000000005">
    <ele>49.06</ele>
   </trkpt>
   <trkpt lat="50.899690002640874" lon="4.833834992471042">
    <ele>48.35</ele>
   </trkpt>
   <trkpt lat="50.89923" lon="4.833060000000001">
    <ele>47.36000000000001</ele>
   </trkpt>
   <trkpt lat="50.89913000000001" lon="4.83295">
    <ele>47.36000000000001</ele>
   </trkpt>
   <trkpt lat="50.898920000000004" lon="4.83281">
    <ele>46.64</ele>
   </trkpt>
   <trkpt lat="50.89844" lon="4.8326">
    <ele>45.92</ele>
   </trkpt>
   <trkpt lat="50.89835" lon="4.832610000000001">
    <ele>45.92</ele>
   </trkpt>
   <trkpt lat="50.898066678569684" lon="4.831429985676417">
    <ele>46.31</ele>
   </trkpt>
   <trkpt lat="50.89778334524484" lon="4.8302499857120935">
    <ele>46.940000000000005</ele>
   </trkpt>
   <trkpt lat="50.8975" lon="4.829070000000001">
    <ele>47.2</ele>
   </trkpt>
   <trkpt lat="50.89696000000001" lon="4.829350000000001">
    <ele>46.03</ele>
   </trkpt>
   <trkpt lat="50.89652000032723" lon="4.8295700020183965">
    <ele>45.44</ele>
   </trkpt>
   <trkpt lat="50.896080000000005" lon="4.82979">
    <ele>45.68000000000001</ele>
   </trkpt>
   <trkpt lat="50.895790000000005" lon="4.829980000000001">
    <ele>46.06</ele>
   </trkpt>
   <trkpt lat="50.89562" lon="4.8301300000000005">
    <ele>45.8</ele>
   </trkpt>
   <trkpt lat="50.895390000000006" lon="4.830380000000001">
    <ele>45.61000000000001</ele>
   </trkpt>
   <trkpt lat="50.89484667198539" lon="4.831170018451733">
    <ele>45.470000000000006</ele>
   </trkpt>
   <trkpt lat="50.89430333863921" lon="4.831960018470064">
    <ele>45.540000000000006</ele>
   </trkpt>
   <trkpt lat="50.89376000000001" lon="4.832750000000001">
    <ele>46.07000000000001</ele>
   </trkpt>
   <trkpt lat="50.89339000068571" lon="4.8331650033529">
    <ele>47.38</ele>
   </trkpt>
   <trkpt lat="50.89302000000001" lon="4.83358">
    <ele>49.080000000000005</ele>
   </trkpt>
   <trkpt lat="50.89255000000001" lon="4.83408">
    <ele>52.97</ele>
   </trkpt>
   <trkpt lat="50.89233" lon="4.834280000000001">
    <ele>52.97</ele>
   </trkpt>
   <trkpt lat="50.892100000000006" lon="4.8344000000000005">
    <ele>52.97</ele>
   </trkpt>
   <trkpt lat="50.891850000000005" lon="4.83446">
    <ele>56.56</ele>
   </trkpt>
   <trkpt lat="50.89161000000001" lon="4.83446">
    <ele>55.88</ele>
   </trkpt>
   <trkpt lat="50.890880000231846" lon="4.834319993413858">
    <ele>55.88</ele>
   </trkpt>
   <trkpt lat="50.89015000029625" lon="4.834179991216176">
    <ele>67.94</ele>
   </trkpt>
   <trkpt lat="50.88942000019322" lon="4.834039993406702">
    <ele>67.94</ele>
   </trkpt>
   <trkpt lat="50.888690000000004" lon="4.833900000000001">
    <ele>67.94</ele>
   </trkpt>
   <trkpt lat="50.88870000000001" lon="4.833900000000001">
    <ele>67.94</ele>
   </trkpt>
   <trkpt lat="50.888690000000004" lon="4.833900000000001">
    <ele>67.46000000000001</ele>
   </trkpt>
   <trkpt lat="50.88841000000001" lon="4.83387">
    <ele>67.36</ele>
   </trkpt>
   <trkpt lat="50.887820000000005" lon="4.83389">
    <ele>67.03</ele>
   </trkpt>
   <trkpt lat="50.88765" lon="4.8339300000000005">
    <ele>67.03</ele>
   </trkpt>
   <trkpt lat="50.887440000000005" lon="4.834040000000001">
    <ele>67.03</ele>
   </trkpt>
   <trkpt lat="50.8873" lon="4.83415">
    <ele>66.24000000000001</ele>
   </trkpt>
   <trkpt lat="50.887170000000005" lon="4.834280000000001">
    <ele>66.24000000000001</ele>
   </trkpt>
   <trkpt lat="50.886590003620825" lon="4.834930016172601">
    <ele>65.81</ele>
   </trkpt>
   <trkpt lat="50.88601000363211" lon="4.835580016159684">
    <ele>64.96000000000001</ele>
   </trkpt>
   <trkpt lat="50.88543000000001" lon="4.8362300000000005">
    <ele>64.44000000000001</ele>
   </trkpt>
   <trkpt lat="50.88505000159863" lon="4.836825004717956">
    <ele>64.02000000000001</ele>
   </trkpt>
   <trkpt lat="50.88467000000001" lon="4.837420000000001">
    <ele>62.82</ele>
   </trkpt>
   <trkpt lat="50.884370000000004" lon="4.83778">
    <ele>61.85</ele>
   </trkpt>
   <trkpt lat="50.88365" lon="4.83849">
    <ele>60.83</ele>
   </trkpt>
   <trkpt lat="50.88326000000001" lon="4.838920000000001">
    <ele>60.45</ele>
   </trkpt>
   <trkpt lat="50.88274333792461" lon="4.839650016135844">
    <ele>60.07000000000001</ele>
   </trkpt>
   <trkpt lat="50.882226671296365" lon="4.840380016081279">
    <ele>60.43000000000001</ele>
   </trkpt>
   <trkpt lat="50.881710000000005" lon="4.8411100000000005">
    <ele>60.97</ele>
   </trkpt>
   <trkpt lat="50.881660000000004" lon="4.8410400000000005">
    <ele>61.00000000000001</ele>
   </trkpt>
   <trkpt lat="50.88156000000001" lon="4.841030000000001">
    <ele>60.99</ele>
   </trkpt>
   <trkpt lat="50.881510000000006" lon="4.841080000000001">
    <ele>60.99</ele>
   </trkpt>
   <trkpt lat="50.88147000000001" lon="4.84119">
    <ele>60.38</ele>
   </trkpt>
   <trkpt lat="50.88147000000001" lon="4.8413200000000005">
    <ele>60.38</ele>
   </trkpt>
   <trkpt lat="50.881420000000006" lon="4.84135">
    <ele>60.03000000000001</ele>
   </trkpt>
   <trkpt lat="50.88109000000001" lon="4.841670000000001">
    <ele>58.050000000000004</ele>
   </trkpt>
   <trkpt lat="50.880880000000005" lon="4.84192">
    <ele>55.78</ele>
   </trkpt>
   <trkpt lat="50.88065" lon="4.842250000000001">
    <ele>53.970000000000006</ele>
   </trkpt>
   <trkpt lat="50.88036" lon="4.84246">
    <ele>53.07000000000001</ele>
   </trkpt>
   <trkpt lat="50.8798050010746" lon="4.8429800062689985">
    <ele>52.94</ele>
   </trkpt>
   <trkpt lat="50.879250000000006" lon="4.843500000000001">
    <ele>53.67</ele>
   </trkpt>
   <trkpt lat="50.879200000000004" lon="4.84354">
    <ele>53.970000000000006</ele>
   </trkpt>
   <trkpt lat="50.87914000000001" lon="4.8435500000000005">
    <ele>53.970000000000006</ele>
   </trkpt>
   <trkpt lat="50.87908" lon="4.84351">
    <ele>53.970000000000006</ele>
   </trkpt>
   <trkpt lat="50.878705000897924" lon="4.8430049956781485">
    <ele>54.63</ele>
   </trkpt>
   <trkpt lat="50.878330000000005" lon="4.8425">
    <ele>55.400000000000006</ele>
   </trkpt>
   <trkpt lat="50.87814" lon="4.842300000000001">
    <ele>55.940000000000005</ele>
   </trkpt>
   <trkpt lat="50.877590000000005" lon="4.84178">
    <ele>57.17</ele>
   </trkpt>
   <trkpt lat="50.877063335361555" lon="4.841299989204949">
    <ele>57.92</ele>
   </trkpt>
   <trkpt lat="50.876536668754596" lon="4.840819989259524">
    <ele>58.830000000000005</ele>
   </trkpt>
   <trkpt lat="50.87601" lon="4.84034">
    <ele>59.82000000000001</ele>
   </trkpt>
   <trkpt lat="50.87543" lon="4.83992">
    <ele>60.15</ele>
   </trkpt>
   <trkpt lat="50.874723334920894" lon="4.839496653862579">
    <ele>60.510000000000005</ele>
   </trkpt>
   <trkpt lat="50.874016668310595" lon="4.839073320563253">
    <ele>61.03000000000001</ele>
   </trkpt>
   <trkpt lat="50.873310000000004" lon="4.83865">
    <ele>61.980000000000004</ele>
   </trkpt>
   <trkpt lat="50.873020000000004" lon="4.83842">
    <ele>62.75</ele>
   </trkpt>
   <trkpt lat="50.87281" lon="4.838170000000001">
    <ele>63.410000000000004</ele>
   </trkpt>
   <trkpt lat="50.87218500378996" lon="4.837234987544943">
    <ele>65.67</ele>
   </trkpt>
   <trkpt lat="50.87156" lon="4.8363000000000005">
    <ele>66.45</ele>
   </trkpt>
   <trkpt lat="50.87125" lon="4.83596">
    <ele>67.03</ele>
   </trkpt>
   <trkpt lat="50.87089" lon="4.8356">
    <ele>66.89</ele>
   </trkpt>
   <trkpt lat="50.87077000000001" lon="4.835450000000001">
    <ele>66.95</ele>
   </trkpt>
   <trkpt lat="50.87035333825236" lon="4.834693319854958">
    <ele>67.46000000000001</ele>
   </trkpt>
   <trkpt lat="50.86993667161275" lon="4.83393665323763">
    <ele>67.87</ele>
   </trkpt>
   <trkpt lat="50.86952" lon="4.8331800000000005">
    <ele>68.8</ele>
   </trkpt>
   <trkpt lat="50.86902000371797" lon="4.8322399898104536">
    <ele>69.67</ele>
   </trkpt>
   <trkpt lat="50.868520000000004" lon="4.831300000000001">
    <ele>70.64</ele>
   </trkpt>
   <trkpt lat="50.86842000000001" lon="4.8311">
    <ele>70.91</ele>
   </trkpt>
   <trkpt lat="50.86811" lon="4.8303400000000005">
    <ele>72.88</ele>
   </trkpt>
   <trkpt lat="50.867940000000004" lon="4.830080000000001">
    <ele>73.43</ele>
   </trkpt>
   <trkpt lat="50.86779000000001" lon="4.829910000000001">
    <ele>73.73</ele>
   </trkpt>
   <trkpt lat="50.86731" lon="4.829420000000001">
    <ele>74.77</ele>
   </trkpt>
   <trkpt lat="50.8671" lon="4.82917">
    <ele>74.97000000000001</ele>
   </trkpt>
   <trkpt lat="50.86688" lon="4.82885">
    <ele>74.99</ele>
   </trkpt>
   <trkpt lat="50.866510000000005" lon="4.82835">
    <ele>73.85000000000001</ele>
   </trkpt>
   <trkpt lat="50.866330000000005" lon="4.8281600000000005">
    <ele>73.22</ele>
   </trkpt>
   <trkpt lat="50.86583" lon="4.827710000000001">
    <ele>71.33</ele>
   </trkpt>
   <trkpt lat="50.86537500072279" lon="4.8273099961306345">
    <ele>68.2</ele>
   </trkpt>
   <trkpt lat="50.864920000000005" lon="4.826910000000001">
    <ele>66.93</ele>
   </trkpt>
   <trkpt lat="50.86475" lon="4.82678">
    <ele>66.58</ele>
   </trkpt>
   <trkpt lat="50.86449" lon="4.82667">
    <ele>66.15</ele>
   </trkpt>
   <trkpt lat="50.864430000000006" lon="4.82667">
    <ele>66.13000000000001</ele>
   </trkpt>
   <trkpt lat="50.864360000000005" lon="4.82669">
    <ele>66.13000000000001</ele>
   </trkpt>
   <trkpt lat="50.863890000000005" lon="4.82702">
    <ele>66.19</ele>
   </trkpt>
   <trkpt lat="50.86381" lon="4.827050000000001">
    <ele>66.60000000000001</ele>
   </trkpt>
   <trkpt lat="50.86361" lon="4.827030000000001">
    <ele>66.60000000000001</ele>
   </trkpt>
   <trkpt lat="50.863510000000005" lon="4.826960000000001">
    <ele>66.60000000000001</ele>
   </trkpt>
   <trkpt lat="50.86336000000001" lon="4.826790000000001">
    <ele>66.54</ele>
   </trkpt>
   <trkpt lat="50.86328" lon="4.8266100000000005">
    <ele>66.35000000000001</ele>
   </trkpt>
   <trkpt lat="50.86318000000001" lon="4.826180000000001">
    <ele>66.18</ele>
   </trkpt>
   <trkpt lat="50.863080000000004" lon="4.82594">
    <ele>65.96000000000001</ele>
   </trkpt>
   <trkpt lat="50.862700000000004" lon="4.82514">
    <ele>65.63000000000001</ele>
   </trkpt>
   <trkpt lat="50.86235500257748" lon="4.824364994291172">
    <ele>65.0</ele>
   </trkpt>
   <trkpt lat="50.862010000000005" lon="4.82359">
    <ele>64.96000000000001</ele>
   </trkpt>
   <trkpt lat="50.861900000000006" lon="4.82338">
    <ele>65.2</ele>
   </trkpt>
   <trkpt lat="50.86173" lon="4.82314">
    <ele>65.27000000000001</ele>
   </trkpt>
   <trkpt lat="50.86131" lon="4.822620000000001">
    <ele>65.29</ele>
   </trkpt>
   <trkpt lat="50.86122" lon="4.82242">
    <ele>64.97</ele>
   </trkpt>
   <trkpt lat="50.861070000000005" lon="4.821940000000001">
    <ele>64.82000000000001</ele>
   </trkpt>
   <trkpt lat="50.86101000000001" lon="4.82186">
    <ele>64.82000000000001</ele>
   </trkpt>
   <trkpt lat="50.86092000000001" lon="4.82179">
    <ele>64.98</ele>
   </trkpt>
   <trkpt lat="50.86077" lon="4.82174">
    <ele>62.92</ele>
   </trkpt>
   <trkpt lat="50.86079" lon="4.821750000000001">
    <ele>62.92</ele>
   </trkpt>
   <trkpt lat="50.85999428571016" lon="4.821735712822893">
    <ele>62.92</ele>
   </trkpt>
   <trkpt lat="50.85919857141861" lon="4.821721426133387">
    <ele>62.92</ele>
   </trkpt>
   <trkpt lat="50.8584028571253" lon="4.821707139931453">
    <ele>62.92</ele>
   </trkpt>
   <trkpt lat="50.85760714283023" lon="4.82169285421706">
    <ele>68.19</ele>
   </trkpt>
   <trkpt lat="50.85681142853344" lon="4.82167856899018">
    <ele>68.19</ele>
   </trkpt>
   <trkpt lat="50.85601571423489" lon="4.821664284250778">
    <ele>68.19</ele>
   </trkpt>
   <trkpt lat="50.85522" lon="4.82165">
    <ele>68.19</ele>
   </trkpt>
   <trkpt lat="50.855030000000006" lon="4.82167">
    <ele>68.56</ele>
   </trkpt>
   <trkpt lat="50.85416000013078" lon="4.821860003549354">
    <ele>69.60000000000001</ele>
   </trkpt>
   <trkpt lat="50.85329" lon="4.822050000000001">
    <ele>72.07000000000001</ele>
   </trkpt>
   <trkpt lat="50.85302" lon="4.82209">
    <ele>72.72</ele>
   </trkpt>
   <trkpt lat="50.85277000000001" lon="4.82209">
    <ele>74.16</ele>
   </trkpt>
   <trkpt lat="50.852380000000004" lon="4.82207">
    <ele>75.98</ele>
   </trkpt>
   <trkpt lat="50.851819999999044" lon="4.822054999819858">
    <ele>77.67</ele>
   </trkpt>
   <trkpt lat="50.85126" lon="4.82204">
    <ele>79.31</ele>
   </trkpt>
   <trkpt lat="50.85063" lon="4.82199">
    <ele>79.73</ele>
   </trkpt>
   <trkpt lat="50.85004000000001" lon="4.8219">
    <ele>79.59</ele>
   </trkpt>
   <trkpt lat="50.849720000000005" lon="4.821820000000001">
    <ele>79.19000000000001</ele>
   </trkpt>
   <trkpt lat="50.84933" lon="4.82169">
    <ele>79.05000000000001</ele>
   </trkpt>
   <trkpt lat="50.84906" lon="4.821560000000001">
    <ele>79.64</ele>
   </trkpt>
   <trkpt lat="50.848760000000006" lon="4.821370000000001">
    <ele>80.28</ele>
   </trkpt>
   <trkpt lat="50.84821" lon="4.82094">
    <ele>81.09</ele>
   </trkpt>
   <trkpt lat="50.848220000000005" lon="4.820950000000001">
    <ele>81.09</ele>
   </trkpt>
   <trkpt lat="50.84817" lon="4.8211200000000005">
    <ele>81.06</ele>
   </trkpt>
   <trkpt lat="50.848130000000005" lon="4.82188">
    <ele>80.35000000000001</ele>
   </trkpt>
   <trkpt lat="50.848090000000006" lon="4.82223">
    <ele>80.35000000000001</ele>
   </trkpt>
   <trkpt lat="50.84793500546885" lon="4.823360003659845">
    <ele>77.73</ele>
   </trkpt>
   <trkpt lat="50.84778000000001" lon="4.824490000000001">
    <ele>75.47000000000001</ele>
   </trkpt>
   <trkpt lat="50.84778000000001" lon="4.82486">
    <ele>75.47000000000001</ele>
   </trkpt>
   <trkpt lat="50.84780000000001" lon="4.82516">
    <ele>74.98</ele>
   </trkpt>
   <trkpt lat="50.847950000000004" lon="4.82584">
    <ele>73.56</ele>
   </trkpt>
   <trkpt lat="50.84796000000001" lon="4.8262100000000006">
    <ele>72.37</ele>
   </trkpt>
   <trkpt lat="50.847910000000006" lon="4.8264700000000005">
    <ele>71.79</ele>
   </trkpt>
   <trkpt lat="50.84763500196354" lon="4.827155004141037">
    <ele>69.57000000000001</ele>
   </trkpt>
   <trkpt lat="50.84736" lon="4.82784">
    <ele>67.79</ele>
   </trkpt>
   <trkpt lat="50.847" lon="4.828320000000001">
    <ele>67.01</ele>
   </trkpt>
   <trkpt lat="50.846590000000006" lon="4.82871">
    <ele>66.26</ele>
   </trkpt>
   <trkpt lat="50.846230000000006" lon="4.829140000000001">
    <ele>65.73</ele>
   </trkpt>
   <trkpt lat="50.84573" lon="4.829980000000001">
    <ele>65.43</ele>
   </trkpt>
   <trkpt lat="50.84543500253383" lon="4.8307450047509555">
    <ele>65.18</ele>
   </trkpt>
   <trkpt lat="50.84514" lon="4.831510000000001">
    <ele>64.86</ele>
   </trkpt>
   <trkpt lat="50.84492" lon="4.832070000000001">
    <ele>64.61</ele>
   </trkpt>
   <trkpt lat="50.844446676431865" lon="4.833140021753403">
    <ele>64.17</ele>
   </trkpt>
   <trkpt lat="50.843973343079604" lon="4.834210021795822">
    <ele>63.81</ele>
   </trkpt>
   <trkpt lat="50.843500000000006" lon="4.83528">
    <ele>63.1</ele>
   </trkpt>
   <trkpt lat="50.843210000000006" lon="4.8357">
    <ele>62.97000000000001</ele>
   </trkpt>
   <trkpt lat="50.842800001059885" lon="4.836210004545595">
    <ele>62.57</ele>
   </trkpt>
   <trkpt lat="50.84239" lon="4.836720000000001">
    <ele>62.59</ele>
   </trkpt>
   <trkpt lat="50.84228" lon="4.83687">
    <ele>62.59</ele>
   </trkpt>
   <trkpt lat="50.84189000095819" lon="4.837330003781131">
    <ele>60.95</ele>
   </trkpt>
   <trkpt lat="50.8415" lon="4.83779">
    <ele>60.42</ele>
   </trkpt>
   <trkpt lat="50.841005002046536" lon="4.8384900074926405">
    <ele>59.59</ele>
   </trkpt>
   <trkpt lat="50.84051" lon="4.83919">
    <ele>57.92</ele>
   </trkpt>
   <trkpt lat="50.840030000000006" lon="4.83994">
    <ele>56.07</ele>
   </trkpt>
   <trkpt lat="50.83948" lon="4.84046">
    <ele>55.21</ele>
   </trkpt>
   <trkpt lat="50.83934000000001" lon="4.840540000000001">
    <ele>55.07000000000001</ele>
   </trkpt>
   <trkpt lat="50.839110000000005" lon="4.84062">
    <ele>55.330000000000005</ele>
   </trkpt>
   <trkpt lat="50.838890000000006" lon="4.840680000000001">
    <ele>55.57</ele>
   </trkpt>
   <trkpt lat="50.83879" lon="4.840660000000001">
    <ele>55.85</ele>
   </trkpt>
   <trkpt lat="50.83874" lon="4.84062">
    <ele>56.02</ele>
   </trkpt>
   <trkpt lat="50.838480000000004" lon="4.84138">
    <ele>56.080000000000005</ele>
   </trkpt>
   <trkpt lat="50.83841" lon="4.84144">
    <ele>56.150000000000006</ele>
   </trkpt>
   <trkpt lat="50.83829" lon="4.84149">
    <ele>56.18000000000001</ele>
   </trkpt>
   <trkpt lat="50.838100000000004" lon="4.8413">
    <ele>56.290000000000006</ele>
   </trkpt>
   <trkpt lat="50.837790000000005" lon="4.840940000000001">
    <ele>56.760000000000005</ele>
   </trkpt>
   <trkpt lat="50.83771" lon="4.840820000000001">
    <ele>56.760000000000005</ele>
   </trkpt>
   <trkpt lat="50.83725000545688" lon="4.839684988694409">
    <ele>57.95</ele>
   </trkpt>
   <trkpt lat="50.83679000000001" lon="4.838550000000001">
    <ele>58.82</ele>
   </trkpt>
   <trkpt lat="50.83666" lon="4.838290000000001">
    <ele>58.86</ele>
   </trkpt>
   <trkpt lat="50.83626" lon="4.83769">
    <ele>58.32</ele>
   </trkpt>
   <trkpt lat="50.83596000000001" lon="4.83717">
    <ele>58.050000000000004</ele>
   </trkpt>
   <trkpt lat="50.8357" lon="4.836690000000001">
    <ele>58.160000000000004</ele>
   </trkpt>
   <trkpt lat="50.8355" lon="4.836250000000001">
    <ele>58.86</ele>
   </trkpt>
   <trkpt lat="50.83525" lon="4.8356200000000005">
    <ele>59.22</ele>
   </trkpt>
   <trkpt lat="50.83509" lon="4.835260000000001">
    <ele>59.27</ele>
   </trkpt>
   <trkpt lat="50.83470500209809" lon="4.834564994328322">
    <ele>58.68</ele>
   </trkpt>
   <trkpt lat="50.834320000000005" lon="4.83387">
    <ele>58.86</ele>
   </trkpt>
   <trkpt lat="50.83418" lon="4.83375">
    <ele>59.21000000000001</ele>
   </trkpt>
   <trkpt lat="50.83404" lon="4.83368">
    <ele>59.21000000000001</ele>
   </trkpt>
   <trkpt lat="50.833830000000006" lon="4.8337">
    <ele>59.22</ele>
   </trkpt>
   <trkpt lat="50.833510000000004" lon="4.83377">
    <ele>59.34</ele>
   </trkpt>
   <trkpt lat="50.83339" lon="4.833690000000001">
    <ele>59.34</ele>
   </trkpt>
   <trkpt lat="50.833270000000006" lon="4.83387">
    <ele>59.39</ele>
   </trkpt>
   <trkpt lat="50.833090000000006" lon="4.8339300000000005">
    <ele>59.34</ele>
   </trkpt>
   <trkpt lat="50.832710000000006" lon="4.83403">
    <ele>59.370000000000005</ele>
   </trkpt>
   <trkpt lat="50.832530000000006" lon="4.83403">
    <ele>59.370000000000005</ele>
   </trkpt>
   <trkpt lat="50.832350000000005" lon="4.8340000000000005">
    <ele>59.4</ele>
   </trkpt>
   <trkpt lat="50.83220000000001" lon="4.833950000000001">
    <ele>59.2</ele>
   </trkpt>
   <trkpt lat="50.83198" lon="4.83382">
    <ele>58.88</ele>
   </trkpt>
   <trkpt lat="50.83149" lon="4.8334">
    <ele>58.88</ele>
   </trkpt>
   <trkpt lat="50.83127" lon="4.83324">
    <ele>59.28000000000001</ele>
   </trkpt>
   <trkpt lat="50.831070000000004" lon="4.8331800000000005">
    <ele>59.730000000000004</ele>
   </trkpt>
   <trkpt lat="50.830960000000005" lon="4.83317">
    <ele>59.99</ele>
   </trkpt>
   <trkpt lat="50.830780000000004" lon="4.83321">
    <ele>60.60000000000001</ele>
   </trkpt>
   <trkpt lat="50.83059" lon="4.83331">
    <ele>61.50000000000001</ele>
   </trkpt>
   <trkpt lat="50.830510000000004" lon="4.83331">
    <ele>61.65</ele>
   </trkpt>
   <trkpt lat="50.830420000000004" lon="4.833270000000001">
    <ele>61.900000000000006</ele>
   </trkpt>
   <trkpt lat="50.83035" lon="4.83352">
    <ele>62.42</ele>
   </trkpt>
   <trkpt lat="50.83024" lon="4.8337">
    <ele>62.42</ele>
   </trkpt>
   <trkpt lat="50.83005000000001" lon="4.8339300000000005">
    <ele>63.46</ele>
   </trkpt>
   <trkpt lat="50.829930000000004" lon="4.8341400000000005">
    <ele>63.86</ele>
   </trkpt>
   <trkpt lat="50.82974" lon="4.8346100000000005">
    <ele>65.10000000000001</ele>
   </trkpt>
   <trkpt lat="50.82949000000001" lon="4.83499">
    <ele>65.84</ele>
   </trkpt>
   <trkpt lat="50.82904000125264" lon="4.83553500527391">
    <ele>67.51</ele>
   </trkpt>
   <trkpt lat="50.828590000000005" lon="4.836080000000001">
    <ele>68.96000000000001</ele>
   </trkpt>
   <trkpt lat="50.82842" lon="4.836320000000001">
    <ele>69.15</ele>
   </trkpt>
   <trkpt lat="50.828030000000005" lon="4.83711">
    <ele>69.61</ele>
   </trkpt>
   <trkpt lat="50.82781000000001" lon="4.83748">
    <ele>69.93</ele>
   </trkpt>
   <trkpt lat="50.827560000000005" lon="4.83778">
    <ele>70.23</ele>
   </trkpt>
   <trkpt lat="50.827310000000004" lon="4.83802">
    <ele>70.23</ele>
   </trkpt>
   <trkpt lat="50.82701" lon="4.838240000000001">
    <ele>71.48</ele>
   </trkpt>
   <trkpt lat="50.82633500138025" lon="4.838565014084342">
    <ele>72.17000000000002</ele>
   </trkpt>
   <trkpt lat="50.8256600018577" lon="4.838890018770424">
    <ele>72.8</ele>
   </trkpt>
   <trkpt lat="50.824985001432395" lon="4.839215014058732">
    <ele>73.60000000000001</ele>
   </trkpt>
   <trkpt lat="50.824310000000004" lon="4.83954">
    <ele>74.7</ele>
   </trkpt>
   <trkpt lat="50.82354286049921" lon="4.839901464198366">
    <ele>75.50000000000001</ele>
   </trkpt>
   <trkpt lat="50.82277571988174" lon="4.84026291651888">
    <ele>76.92</ele>
   </trkpt>
   <trkpt lat="50.822008578147646" lon="4.840624356962239">
    <ele>81.12</ele>
   </trkpt>
   <trkpt lat="50.82124143529702" lon="4.840985785529142">
    <ele>83.5</ele>
   </trkpt>
   <trkpt lat="50.82047429132991" lon="4.841347202220284">
    <ele>86.79</ele>
   </trkpt>
   <trkpt lat="50.81970714624639" lon="4.841708607036364">
    <ele>86.43</ele>
   </trkpt>
   <trkpt lat="50.818940000000005" lon="4.8420700000000005">
    <ele>83.99000000000001</ele>
   </trkpt>
   <trkpt lat="50.818450000346566" lon="4.842310002469095">
    <ele>81.62</ele>
   </trkpt>
   <trkpt lat="50.81796000000001" lon="4.84255">
    <ele>80.67</ele>
   </trkpt>
   <trkpt lat="50.81710000138075" lon="4.84295001472589">
    <ele>80.93</ele>
   </trkpt>
   <trkpt lat="50.81624000139388" lon="4.84335001471945">
    <ele>81.68</ele>
   </trkpt>
   <trkpt lat="50.815380000000005" lon="4.84375">
    <ele>82.39</ele>
   </trkpt>
   <trkpt lat="50.815180000000005" lon="4.843800000000001">
    <ele>82.49000000000001</ele>
   </trkpt>
   <trkpt lat="50.81497" lon="4.84379">
    <ele>82.49000000000001</ele>
   </trkpt>
   <trkpt lat="50.814510000000006" lon="4.843710000000001">
    <ele>82.22</ele>
   </trkpt>
   <trkpt lat="50.81436" lon="4.8437">
    <ele>82.22</ele>
   </trkpt>
   <trkpt lat="50.81418000000001" lon="4.843730000000001">
    <ele>82.09</ele>
   </trkpt>
   <trkpt lat="50.81396" lon="4.84382">
    <ele>81.7</ele>
   </trkpt>
   <trkpt lat="50.813770000000005" lon="4.84395">
    <ele>81.42</ele>
   </trkpt>
   <trkpt lat="50.81358" lon="4.84412">
    <ele>80.66000000000001</ele>
   </trkpt>
   <trkpt lat="50.81319500084754" lon="4.844550003480405">
    <ele>78.85000000000001</ele>
   </trkpt>
   <trkpt lat="50.812810000000006" lon="4.8449800000000005">
    <ele>77.73</ele>
   </trkpt>
   <trkpt lat="50.812810000000006" lon="4.84497">
    <ele>77.72000000000001</ele>
   </trkpt>
   <trkpt lat="50.812630000000006" lon="4.844600000000001">
    <ele>75.9</ele>
   </trkpt>
   <trkpt lat="50.81223000214075" lon="4.84389999408692">
    <ele>72.04</ele>
   </trkpt>
   <trkpt lat="50.81183000000001" lon="4.8432">
    <ele>70.34</ele>
   </trkpt>
   <trkpt lat="50.81172" lon="4.8429">
    <ele>69.65</ele>
   </trkpt>
   <trkpt lat="50.811640000000004" lon="4.84262">
    <ele>69.4</ele>
   </trkpt>
   <trkpt lat="50.81147000000001" lon="4.841670000000001">
    <ele>70.48</ele>
   </trkpt>
   <trkpt lat="50.811440000000005" lon="4.8413900000000005">
    <ele>70.92000000000002</ele>
   </trkpt>
   <trkpt lat="50.811440000000005" lon="4.84121">
    <ele>71.99000000000001</ele>
   </trkpt>
   <trkpt lat="50.81157" lon="4.840540000000001">
    <ele>72.84</ele>
   </trkpt>
   <trkpt lat="50.81157" lon="4.84037">
    <ele>73.91</ele>
   </trkpt>
   <trkpt lat="50.811460000000004" lon="4.8398200000000005">
    <ele>75.27</ele>
   </trkpt>
   <trkpt lat="50.811310000000006" lon="4.83926">
    <ele>76.37</ele>
   </trkpt>
   <trkpt lat="50.81123" lon="4.83853">
    <ele>77.88000000000001</ele>
   </trkpt>
   <trkpt lat="50.81116500369864" lon="4.837599998737036">
    <ele>79.35000000000001</ele>
   </trkpt>
   <trkpt lat="50.8111" lon="4.836670000000001">
    <ele>80.33000000000001</ele>
   </trkpt>
   <trkpt lat="50.8111" lon="4.8364400000000005">
    <ele>80.33000000000001</ele>
   </trkpt>
   <trkpt lat="50.81121" lon="4.83582">
    <ele>81.18</ele>
   </trkpt>
   <trkpt lat="50.811220000000006" lon="4.83563">
    <ele>81.18</ele>
   </trkpt>
   <trkpt lat="50.81120000000001" lon="4.83539">
    <ele>81.30000000000001</ele>
   </trkpt>
   <trkpt lat="50.811023341018135" lon="4.834439992655095">
    <ele>81.37</ele>
   </trkpt>
   <trkpt lat="50.81084667432187" lon="4.8334899924961015">
    <ele>81.69000000000001</ele>
   </trkpt>
   <trkpt lat="50.81067" lon="4.832540000000001">
    <ele>82.45</ele>
   </trkpt>
   <trkpt lat="50.810550000000006" lon="4.83204">
    <ele>82.66000000000001</ele>
   </trkpt>
   <trkpt lat="50.810410000000005" lon="4.8316300000000005">
    <ele>83.30000000000001</ele>
   </trkpt>
   <trkpt lat="50.810230000000004" lon="4.831230000000001">
    <ele>83.53</ele>
   </trkpt>
   <trkpt lat="50.81004" lon="4.8308800000000005">
    <ele>83.53</ele>
   </trkpt>
   <trkpt lat="50.80979000000001" lon="4.83054">
    <ele>84.09</ele>
   </trkpt>
   <trkpt lat="50.809450000000005" lon="4.83012">
    <ele>84.7</ele>
   </trkpt>
   <trkpt lat="50.809450000000005" lon="4.8301300000000005">
    <ele>83.76</ele>
   </trkpt>
   <trkpt lat="50.80878402555133" lon="4.8293148954297065">
    <ele>83.76</ele>
   </trkpt>
   <trkpt lat="50.80811804542365" lon="4.828499814099794">
    <ele>83.76</ele>
   </trkpt>
   <trkpt lat="50.80745205961727" lon="4.827684756009247">
    <ele>83.76</ele>
   </trkpt>
   <trkpt lat="50.80678606813247" lon="4.826869721157047">
    <ele>83.76</ele>
   </trkpt>
   <trkpt lat="50.80612007096956" lon="4.8260547095421815">
    <ele>83.76</ele>
   </trkpt>
   <trkpt lat="50.80545406812883" lon="4.825239721163633">
    <ele>81.55000000000001</ele>
   </trkpt>
   <trkpt lat="50.80478805961058" lon="4.8244247560203855">
    <ele>81.55000000000001</ele>
   </trkpt>
   <trkpt lat="50.80412204541513" lon="4.823609814111424">
    <ele>81.55000000000001</ele>
   </trkpt>
   <trkpt lat="50.80345602554274" lon="4.822794895435732">
    <ele>81.55000000000001</ele>
   </trkpt>
   <trkpt lat="50.80279" lon="4.821980000000001">
    <ele>81.55000000000001</ele>
   </trkpt>
   <trkpt lat="50.802800000000005" lon="4.82199">
    <ele>81.55000000000001</ele>
   </trkpt>
   <trkpt lat="50.802400000000006" lon="4.821370000000001">
    <ele>80.78</ele>
   </trkpt>
   <trkpt lat="50.802055001397896" lon="4.8207949957290905">
    <ele>81.05000000000001</ele>
   </trkpt>
   <trkpt lat="50.80171000000001" lon="4.820220000000001">
    <ele>82.59</ele>
   </trkpt>
   <trkpt lat="50.80151000000001" lon="4.819940000000001">
    <ele>83.16000000000001</ele>
   </trkpt>
   <trkpt lat="50.80138" lon="4.81979">
    <ele>83.91000000000001</ele>
   </trkpt>
   <trkpt lat="50.80107" lon="4.81956">
    <ele>84.54</ele>
   </trkpt>
   <trkpt lat="50.80049000064756" lon="4.819184995375517">
    <ele>85.17</ele>
   </trkpt>
   <trkpt lat="50.799910000000004" lon="4.81881">
    <ele>84.69</ele>
   </trkpt>
   <trkpt lat="50.79959" lon="4.81855">
    <ele>84.41000000000001</ele>
   </trkpt>
   <trkpt lat="50.79979" lon="4.81803">
    <ele>85.27000000000001</ele>
   </trkpt>
   <trkpt lat="50.79988" lon="4.81766">
    <ele>85.66000000000001</ele>
   </trkpt>
   <trkpt lat="50.800093348077226" lon="4.816346678662892">
    <ele>86.8</ele>
   </trkpt>
   <trkpt lat="50.80030668140991" lon="4.815033345333859">
    <ele>86.31000000000002</ele>
   </trkpt>
   <trkpt lat="50.800520000000006" lon="4.81372">
    <ele>85.99000000000001</ele>
   </trkpt>
   <trkpt lat="50.80064" lon="4.81322">
    <ele>86.35000000000001</ele>
   </trkpt>
   <trkpt lat="50.800990000000006" lon="4.81243">
    <ele>86.9</ele>
   </trkpt>
   <trkpt lat="50.80144835214926" lon="4.81149171268671">
    <ele>88.60000000000001</ele>
   </trkpt>
   <trkpt lat="50.80190669677259" lon="4.810553406965742">
    <ele>90.00000000000001</ele>
   </trkpt>
   <trkpt lat="50.80236503386968" lon="4.809615082836738">
    <ele>91.85</ele>
   </trkpt>
   <trkpt lat="50.802823363440304" lon="4.808676740299339">
    <ele>93.48</ele>
   </trkpt>
   <trkpt lat="50.80328168548418" lon="4.807738379353187">
    <ele>94.56</ele>
   </trkpt>
   <trkpt lat="50.803740000000005" lon="4.8068">
    <ele>94.7</ele>
   </trkpt>
   <trkpt lat="50.804055002634044" lon="4.806035004835173">
    <ele>94.54</ele>
   </trkpt>
   <trkpt lat="50.804370000000006" lon="4.80527">
    <ele>93.89</ele>
   </trkpt>
   <trkpt lat="50.80477835734809" lon="4.804210046312051">
    <ele>92.93</ele>
   </trkpt>
   <trkpt lat="50.805186705092204" lon="4.803150074095584">
    <ele>91.96000000000001</ele>
   </trkpt>
   <trkpt lat="50.80559504323201" lon="4.8020900833504445">
    <ele>90.28000000000002</ele>
   </trkpt>
   <trkpt lat="50.80600337176722" lon="4.801030074076471">
    <ele>87.92000000000002</ele>
   </trkpt>
   <trkpt lat="50.806411690697495" lon="4.7999700462735095">
    <ele>86.17</ele>
   </trkpt>
   <trkpt lat="50.80682" lon="4.79891">
    <ele>81.19000000000001</ele>
   </trkpt>
   <trkpt lat="50.80719001280713" lon="4.7979100237997985">
    <ele>81.19000000000001</ele>
   </trkpt>
   <trkpt lat="50.80756001706658" lon="4.796910031759536">
    <ele>78.67</ele>
   </trkpt>
   <trkpt lat="50.80793001277807" lon="4.7959100238791175">
    <ele>78.67</ele>
   </trkpt>
   <trkpt lat="50.8083" lon="4.794910000000001">
    <ele>78.67</ele>
   </trkpt>
   <trkpt lat="50.80852" lon="4.7945">
    <ele>78.14</ele>
   </trkpt>
   <trkpt lat="50.80885000000001" lon="4.7940700000000005">
    <ele>77.66000000000001</ele>
   </trkpt>
   <trkpt lat="50.809090000000005" lon="4.79384">
    <ele>77.28</ele>
   </trkpt>
   <trkpt lat="50.809400000000004" lon="4.793640000000001">
    <ele>76.59</ele>
   </trkpt>
   <trkpt lat="50.81026000000001" lon="4.79326">
    <ele>75.75000000000001</ele>
   </trkpt>
   <trkpt lat="50.81044000000001" lon="4.793150000000001">
    <ele>75.76</ele>
   </trkpt>
   <trkpt lat="50.81071000000001" lon="4.79295">
    <ele>76.29</ele>
   </trkpt>
   <trkpt lat="50.81109000000001" lon="4.79251">
    <ele>76.85</ele>
   </trkpt>
   <trkpt lat="50.81129000000001" lon="4.7922400000000005">
    <ele>77.51</ele>
   </trkpt>
   <trkpt lat="50.81154" lon="4.7917700000000005">
    <ele>77.51</ele>
   </trkpt>
   <trkpt lat="50.812000000000005" lon="4.79063">
    <ele>80.63000000000001</ele>
   </trkpt>
   <trkpt lat="50.812000000000005" lon="4.7906200000000005">
    <ele>80.60000000000001</ele>
   </trkpt>
   <trkpt lat="50.81165000000001" lon="4.7899400000000005">
    <ele>78.36000000000001</ele>
   </trkpt>
   <trkpt lat="50.81123" lon="4.78904">
    <ele>77.84</ele>
   </trkpt>
   <trkpt lat="50.810990000000004" lon="4.78864">
    <ele>77.72000000000001</ele>
   </trkpt>
   <trkpt lat="50.8106300007629" lon="4.788179996274095">
    <ele>77.72000000000001</ele>
   </trkpt>
   <trkpt lat="50.81027" lon="4.78772">
    <ele>77.86000000000001</ele>
   </trkpt>
   <trkpt lat="50.80989" lon="4.78721">
    <ele>77.66000000000001</ele>
   </trkpt>
   <trkpt lat="50.80946333739055" lon="4.78651998737546">
    <ele>78.01</ele>
   </trkpt>
   <trkpt lat="50.809036670711414" lon="4.785829987355457">
    <ele>78.42999999999999</ele>
   </trkpt>
   <trkpt lat="50.80861" lon="4.78514">
    <ele>78.66000000000001</ele>
   </trkpt>
   <trkpt lat="50.808170000000004" lon="4.784470000000001">
    <ele>79.41000000000001</ele>
   </trkpt>
   <trkpt lat="50.80780000000001" lon="4.78399">
    <ele>79.83000000000001</ele>
   </trkpt>
   <trkpt lat="50.80731" lon="4.78348">
    <ele>80.33000000000001</ele>
   </trkpt>
   <trkpt lat="50.80671666857278" lon="4.783003321196765">
    <ele>80.69000000000001</ele>
   </trkpt>
   <trkpt lat="50.80612333520331" lon="4.78252665450127">
    <ele>81.5</ele>
   </trkpt>
   <trkpt lat="50.805530000000005" lon="4.782050000000001">
    <ele>82.12</ele>
   </trkpt>
   <trkpt lat="50.80534" lon="4.7819400000000005">
    <ele>82.30000000000001</ele>
   </trkpt>
   <trkpt lat="50.804930000000006" lon="4.78186">
    <ele>82.5</ele>
   </trkpt>
   <trkpt lat="50.80406666671864" lon="4.781759996300557">
    <ele>82.7</ele>
   </trkpt>
   <trkpt lat="50.803203333351796" lon="4.781659996296759">
    <ele>83.06</ele>
   </trkpt>
   <trkpt lat="50.80234" lon="4.781560000000001">
    <ele>83.71000000000001</ele>
   </trkpt>
   <trkpt lat="50.80212" lon="4.7815">
    <ele>83.88000000000001</ele>
   </trkpt>
   <trkpt lat="50.80178" lon="4.781350000000001">
    <ele>84.4</ele>
   </trkpt>
   <trkpt lat="50.80118500064224" lon="4.780944994802901">
    <ele>85.32000000000001</ele>
   </trkpt>
   <trkpt lat="50.80059000000001" lon="4.78054">
    <ele>85.99000000000001</ele>
   </trkpt>
   <trkpt lat="50.79981000078506" lon="4.780099992631683">
    <ele>88.68</ele>
   </trkpt>
   <trkpt lat="50.79903" lon="4.779660000000001">
    <ele>89.59</ele>
   </trkpt>
   <trkpt lat="50.7985066691464" lon="4.779126654770519">
    <ele>90.02</ele>
   </trkpt>
   <trkpt lat="50.79798333586114" lon="4.778593321486378">
    <ele>90.46000000000001</ele>
   </trkpt>
   <trkpt lat="50.79746" lon="4.77806">
    <ele>91.57000000000001</ele>
   </trkpt>
   <trkpt lat="50.796850003812175" lon="4.777393315944082">
    <ele>93.93</ele>
   </trkpt>
   <trkpt lat="50.796240003824856" lon="4.776726649291593">
    <ele>96.02000000000001</ele>
   </trkpt>
   <trkpt lat="50.79563" lon="4.77606">
    <ele>98.45</ele>
   </trkpt>
   <trkpt lat="50.79510000099761" lon="4.775579994568424">
    <ele>100.42</ele>
   </trkpt>
   <trkpt lat="50.79457000000001" lon="4.7751">
    <ele>101.22</ele>
   </trkpt>
   <trkpt lat="50.794070000000005" lon="4.77467">
    <ele>102.46000000000001</ele>
   </trkpt>
   <trkpt lat="50.7935700004209" lon="4.774269995510606">
    <ele>102.67000000000002</ele>
   </trkpt>
   <trkpt lat="50.79307000000001" lon="4.7738700000000005">
    <ele>103.01</ele>
   </trkpt>
   <trkpt lat="50.79263" lon="4.773630000000001">
    <ele>103.16</ele>
   </trkpt>
   <trkpt lat="50.79216" lon="4.77353">
    <ele>103.11</ele>
   </trkpt>
   <trkpt lat="50.792030000000004" lon="4.773560000000001">
    <ele>102.94</ele>
   </trkpt>
   <trkpt lat="50.791700000000006" lon="4.773610000000001">
    <ele>101.9</ele>
   </trkpt>
   <trkpt lat="50.79135" lon="4.77376">
    <ele>100.45</ele>
   </trkpt>
   <trkpt lat="50.79055000082041" lon="4.774190007342922">
    <ele>96.80000000000001</ele>
   </trkpt>
   <trkpt lat="50.789750000000005" lon="4.7746200000000005">
    <ele>94.23</ele>
   </trkpt>
   <trkpt lat="50.78899500028222" lon="4.774820003200645">
    <ele>93.43</ele>
   </trkpt>
   <trkpt lat="50.78824" lon="4.7750200000000005">
    <ele>92.93</ele>
   </trkpt>
   <trkpt lat="50.787440000000004" lon="4.77508">
    <ele>91.86000000000001</ele>
   </trkpt>
   <trkpt lat="50.78663333331677" lon="4.7750699996547">
    <ele>89.89000000000001</ele>
   </trkpt>
   <trkpt lat="50.7858266666327" lon="4.7750599996544905">
    <ele>88.62</ele>
   </trkpt>
   <trkpt lat="50.78502" lon="4.77505">
    <ele>86.85000000000001</ele>
   </trkpt>
   <trkpt lat="50.78475" lon="4.77507">
    <ele>86.34000000000002</ele>
   </trkpt>
   <trkpt lat="50.784650000000006" lon="4.775110000000001">
    <ele>86.34000000000002</ele>
   </trkpt>
   <trkpt lat="50.78416000000001" lon="4.77545">
    <ele>85.55</ele>
   </trkpt>
   <trkpt lat="50.78388" lon="4.775600000000001">
    <ele>84.77000000000001</ele>
   </trkpt>
   <trkpt lat="50.783530000000006" lon="4.7757000000000005">
    <ele>83.7</ele>
   </trkpt>
   <trkpt lat="50.78314" lon="4.775740000000001">
    <ele>83.32000000000001</ele>
   </trkpt>
   <trkpt lat="50.782970000000006" lon="4.77578">
    <ele>83.32000000000001</ele>
   </trkpt>
   <trkpt lat="50.782830000000004" lon="4.77585">
    <ele>83.05000000000001</ele>
   </trkpt>
   <trkpt lat="50.78251" lon="4.776070000000001">
    <ele>82.76</ele>
   </trkpt>
   <trkpt lat="50.782340000000005" lon="4.7761000000000005">
    <ele>82.35000000000001</ele>
   </trkpt>
   <trkpt lat="50.78182" lon="4.775980000000001">
    <ele>81.88000000000001</ele>
   </trkpt>
   <trkpt lat="50.78164" lon="4.776000000000001">
    <ele>81.56</ele>
   </trkpt>
   <trkpt lat="50.78101" lon="4.77627">
    <ele>82.17</ele>
   </trkpt>
   <trkpt lat="50.78097" lon="4.7763">
    <ele>82.17</ele>
   </trkpt>
   <trkpt lat="50.780950000000004" lon="4.77634">
    <ele>82.17</ele>
   </trkpt>
   <trkpt lat="50.780840000000005" lon="4.776350000000001">
    <ele>82.17</ele>
   </trkpt>
   <trkpt lat="50.780770000000004" lon="4.7762400000000005">
    <ele>82.33</ele>
   </trkpt>
   <trkpt lat="50.7807" lon="4.776070000000001">
    <ele>82.33</ele>
   </trkpt>
   <trkpt lat="50.78065" lon="4.7758400000000005">
    <ele>82.55000000000001</ele>
   </trkpt>
   <trkpt lat="50.780620000000006" lon="4.774570000000001">
    <ele>83.49000000000001</ele>
   </trkpt>
   <trkpt lat="50.780550000000005" lon="4.77425">
    <ele>83.81</ele>
   </trkpt>
   <trkpt lat="50.78045" lon="4.773840000000001">
    <ele>84.29</ele>
   </trkpt>
   <trkpt lat="50.78032" lon="4.7727200000000005">
    <ele>85.98</ele>
   </trkpt>
   <trkpt lat="50.780260000000006" lon="4.77249">
    <ele>86.17</ele>
   </trkpt>
   <trkpt lat="50.78016" lon="4.77233">
    <ele>86.17</ele>
   </trkpt>
   <trkpt lat="50.779880000000006" lon="4.7721100000000005">
    <ele>87.14</ele>
   </trkpt>
   <trkpt lat="50.77953" lon="4.7717600000000004">
    <ele>88.18</ele>
   </trkpt>
   <trkpt lat="50.77906" lon="4.77111">
    <ele>89.27</ele>
   </trkpt>
   <trkpt lat="50.778980000000004" lon="4.77094">
    <ele>89.27</ele>
   </trkpt>
   <trkpt lat="50.77875" lon="4.770180000000001">
    <ele>89.89000000000001</ele>
   </trkpt>
   <trkpt lat="50.778440002677655" lon="4.769394994906208">
    <ele>90.4</ele>
   </trkpt>
   <trkpt lat="50.778130000000004" lon="4.768610000000001">
    <ele>90.65</ele>
   </trkpt>
   <trkpt lat="50.77825000000001" lon="4.76893">
    <ele>90.91</ele>
   </trkpt>
   <trkpt lat="50.77803" lon="4.768260000000001">
    <ele>90.46000000000001</ele>
   </trkpt>
   <trkpt lat="50.778020000000005" lon="4.768260000000001">
    <ele>90.72000000000001</ele>
   </trkpt>
   <trkpt lat="50.777930000000005" lon="4.76762">
    <ele>90.92</ele>
   </trkpt>
   <trkpt lat="50.777910000000006" lon="4.76721">
    <ele>90.67</ele>
   </trkpt>
   <trkpt lat="50.77796000000001" lon="4.76665">
    <ele>89.95</ele>
   </trkpt>
   <trkpt lat="50.778130020760216" lon="4.765377513922521">
    <ele>88.46000000000001</ele>
   </trkpt>
   <trkpt lat="50.778300027676394" lon="4.764105018592924">
    <ele>83.52000000000001</ele>
   </trkpt>
   <trkpt lat="50.77847002074839" lon="4.762832514011838">
    <ele>80.63000000000001</ele>
   </trkpt>
   <trkpt lat="50.77864" lon="4.76156">
    <ele>77.41000000000001</ele>
   </trkpt>
   <trkpt lat="50.77868" lon="4.7609">
    <ele>74.43</ele>
   </trkpt>
   <trkpt lat="50.77863000000001" lon="4.7597000000000005">
    <ele>72.85000000000001</ele>
   </trkpt>
   <trkpt lat="50.778490000000005" lon="4.75844">
    <ele>73.98</ele>
   </trkpt>
   <trkpt lat="50.77848" lon="4.75795">
    <ele>74.47000000000001</ele>
   </trkpt>
   <trkpt lat="50.778510000000004" lon="4.75767">
    <ele>74.54</ele>
   </trkpt>
   <trkpt lat="50.77869000440001" lon="4.756660003667337">
    <ele>73.68</ele>
   </trkpt>
   <trkpt lat="50.778870000000005" lon="4.75565">
    <ele>73.10000000000001</ele>
   </trkpt>
   <trkpt lat="50.778890000000004" lon="4.7554300000000005">
    <ele>73.07000000000001</ele>
   </trkpt>
   <trkpt lat="50.77886" lon="4.75528">
    <ele>73.10000000000001</ele>
   </trkpt>
   <trkpt lat="50.77866500318771" lon="4.754414996344985">
    <ele>73.39000000000001</ele>
   </trkpt>
   <trkpt lat="50.778470000000006" lon="4.753550000000001">
    <ele>73.51</ele>
   </trkpt>
   <trkpt lat="50.77824000614282" lon="4.7523499940304985">
    <ele>73.28000000000002</ele>
   </trkpt>
   <trkpt lat="50.77801" lon="4.75115">
    <ele>71.69</ele>
   </trkpt>
   <trkpt lat="50.77794" lon="4.751">
    <ele>71.29</ele>
   </trkpt>
   <trkpt lat="50.777680000000004" lon="4.75063">
    <ele>70.93</ele>
   </trkpt>
   <trkpt lat="50.7775" lon="4.75032">
    <ele>70.67000000000002</ele>
   </trkpt>
   <trkpt lat="50.77743" lon="4.75007">
    <ele>70.61</ele>
   </trkpt>
   <trkpt lat="50.77730500228083" lon="4.74934499825846">
    <ele>70.79</ele>
   </trkpt>
   <trkpt lat="50.77718" lon="4.748620000000001">
    <ele>70.24000000000001</ele>
   </trkpt>
   <trkpt lat="50.77716" lon="4.748220000000001">
    <ele>70.24000000000001</ele>
   </trkpt>
   <trkpt lat="50.777170000000005" lon="4.74783">
    <ele>69.98</ele>
   </trkpt>
   <trkpt lat="50.77720000000001" lon="4.7476">
    <ele>69.64</ele>
   </trkpt>
   <trkpt lat="50.77727" lon="4.747380000000001">
    <ele>69.64</ele>
   </trkpt>
   <trkpt lat="50.777480000000004" lon="4.746980000000001">
    <ele>69.04</ele>
   </trkpt>
   <trkpt lat="50.77758000000001" lon="4.746720000000001">
    <ele>68.85000000000001</ele>
   </trkpt>
   <trkpt lat="50.77767000000001" lon="4.7463500000000005">
    <ele>68.39</ele>
   </trkpt>
   <trkpt lat="50.7777" lon="4.745990000000001">
    <ele>67.8</ele>
   </trkpt>
   <trkpt lat="50.77758000000001" lon="4.74469">
    <ele>66.31</ele>
   </trkpt>
   <trkpt lat="50.777820000000006" lon="4.74446">
    <ele>66.39</ele>
   </trkpt>
   <trkpt lat="50.77844" lon="4.744140000000001">
    <ele>66.79</ele>
   </trkpt>
   <trkpt lat="50.778510000000004" lon="4.744090000000001">
    <ele>66.79</ele>
   </trkpt>
   <trkpt lat="50.7787" lon="4.74403">
    <ele>66.75</ele>
   </trkpt>
   <trkpt lat="50.77902" lon="4.744020000000001">
    <ele>66.47</ele>
   </trkpt>
   <trkpt lat="50.779210000000006" lon="4.743930000000001">
    <ele>66.34</ele>
   </trkpt>
   <trkpt lat="50.77948000000001" lon="4.7437000000000005">
    <ele>65.27000000000001</ele>
   </trkpt>
   <trkpt lat="50.779630000000004" lon="4.74352">
    <ele>65.27000000000001</ele>
   </trkpt>
   <trkpt lat="50.779590000000006" lon="4.74328">
    <ele>64.88000000000001</ele>
   </trkpt>
   <trkpt lat="50.779590000000006" lon="4.742870000000001">
    <ele>64.31</ele>
   </trkpt>
   <trkpt lat="50.77966000000001" lon="4.74258">
    <ele>63.910000000000004</ele>
   </trkpt>
   <trkpt lat="50.779740000000004" lon="4.74242">
    <ele>63.80000000000001</ele>
   </trkpt>
   <trkpt lat="50.780060000000006" lon="4.7419">
    <ele>63.59</ele>
   </trkpt>
   <trkpt lat="50.78032" lon="4.74124">
    <ele>63.38</ele>
   </trkpt>
   <trkpt lat="50.780370000000005" lon="4.739940000000001">
    <ele>62.64</ele>
   </trkpt>
   <trkpt lat="50.78036" lon="4.739400000000001">
    <ele>62.64</ele>
   </trkpt>
   <trkpt lat="50.78021000785458" lon="4.738044995707017">
    <ele>62.290000000000006</ele>
   </trkpt>
   <trkpt lat="50.780060000000006" lon="4.73669">
    <ele>62.36000000000001</ele>
   </trkpt>
   <trkpt lat="50.78007" lon="4.73648">
    <ele>62.36000000000001</ele>
   </trkpt>
   <trkpt lat="50.780150000000006" lon="4.73629">
    <ele>62.34</ele>
   </trkpt>
   <trkpt lat="50.78047" lon="4.73582">
    <ele>62.1</ele>
   </trkpt>
   <trkpt lat="50.780590000000004" lon="4.735410000000001">
    <ele>62.06</ele>
   </trkpt>
   <trkpt lat="50.780725005552235" lon="4.7342700033189224">
    <ele>61.89000000000001</ele>
   </trkpt>
   <trkpt lat="50.780860000000004" lon="4.73313">
    <ele>61.43000000000001</ele>
   </trkpt>
   <trkpt lat="50.78085" lon="4.7328">
    <ele>61.35</ele>
   </trkpt>
   <trkpt lat="50.78083" lon="4.73257">
    <ele>61.26</ele>
   </trkpt>
   <trkpt lat="50.7807" lon="4.73224">
    <ele>61.26</ele>
   </trkpt>
   <trkpt lat="50.78056" lon="4.73198">
    <ele>61.21000000000001</ele>
   </trkpt>
   <trkpt lat="50.780440000000006" lon="4.73196">
    <ele>61.21000000000001</ele>
   </trkpt>
   <trkpt lat="50.779700000000005" lon="4.73167">
    <ele>61.620000000000005</ele>
   </trkpt>
   <trkpt lat="50.779160000000005" lon="4.7315000000000005">
    <ele>62.75</ele>
   </trkpt>
   <trkpt lat="50.778940000000006" lon="4.7313">
    <ele>62.97000000000001</ele>
   </trkpt>
   <trkpt lat="50.778600000000004" lon="4.7309">
    <ele>63.99</ele>
   </trkpt>
   <trkpt lat="50.778330000000004" lon="4.7304900000000005">
    <ele>63.99</ele>
   </trkpt>
   <trkpt lat="50.77814000000001" lon="4.73001">
    <ele>64.28999999999999</ele>
   </trkpt>
   <trkpt lat="50.77807000000001" lon="4.72968">
    <ele>64.64</ele>
   </trkpt>
   <trkpt lat="50.77794" lon="4.72862">
    <ele>64.96000000000001</ele>
   </trkpt>
   <trkpt lat="50.77782000701542" lon="4.72733999683764">
    <ele>64.58</ele>
   </trkpt>
   <trkpt lat="50.7777" lon="4.72606">
    <ele>64.45</ele>
   </trkpt>
   <trkpt lat="50.7777" lon="4.72578">
    <ele>64.25</ele>
   </trkpt>
   <trkpt lat="50.777820000000006" lon="4.72508">
    <ele>64.03</ele>
   </trkpt>
   <trkpt lat="50.778000000000006" lon="4.72466">
    <ele>64.03</ele>
   </trkpt>
   <trkpt lat="50.77835" lon="4.724010000000001">
    <ele>63.74</ele>
   </trkpt>
   <trkpt lat="50.77875" lon="4.72334">
    <ele>63.37000000000001</ele>
   </trkpt>
   <trkpt lat="50.779045001397" lon="4.722790003275861">
    <ele>62.83000000000001</ele>
   </trkpt>
   <trkpt lat="50.779340000000005" lon="4.72224">
    <ele>62.06</ele>
   </trkpt>
   <trkpt lat="50.779450000000004" lon="4.72201">
    <ele>61.88</ele>
   </trkpt>
   <trkpt lat="50.77953" lon="4.7217400000000005">
    <ele>61.64000000000001</ele>
   </trkpt>
   <trkpt lat="50.779610000000005" lon="4.72114">
    <ele>60.690000000000005</ele>
   </trkpt>
   <trkpt lat="50.7796" lon="4.72095">
    <ele>60.50000000000001</ele>
   </trkpt>
   <trkpt lat="50.77951" lon="4.720700000000001">
    <ele>60.50000000000001</ele>
   </trkpt>
   <trkpt lat="50.77939000000001" lon="4.720490000000001">
    <ele>60.07000000000001</ele>
   </trkpt>
   <trkpt lat="50.77935" lon="4.7203100000000004">
    <ele>59.660000000000004</ele>
   </trkpt>
   <trkpt lat="50.77931" lon="4.71959">
    <ele>58.59</ele>
   </trkpt>
   <trkpt lat="50.779320000000006" lon="4.71917">
    <ele>58.43</ele>
   </trkpt>
   <trkpt lat="50.77939000000001" lon="4.71893">
    <ele>57.57</ele>
   </trkpt>
   <trkpt lat="50.77946000000001" lon="4.7187600000000005">
    <ele>57.57</ele>
   </trkpt>
   <trkpt lat="50.779500000000006" lon="4.71863">
    <ele>57.13</ele>
   </trkpt>
   <trkpt lat="50.779520000000005" lon="4.718450000000001">
    <ele>56.96</ele>
   </trkpt>
   <trkpt lat="50.779540000000004" lon="4.7174700000000005">
    <ele>56.59</ele>
   </trkpt>
   <trkpt lat="50.77957000000001" lon="4.7170700000000005">
    <ele>56.52</ele>
   </trkpt>
   <trkpt lat="50.779610000000005" lon="4.7169300000000005">
    <ele>56.43000000000001</ele>
   </trkpt>
   <trkpt lat="50.7796" lon="4.7168600000000005">
    <ele>56.43000000000001</ele>
   </trkpt>
   <trkpt lat="50.77948000000001" lon="4.716900000000001">
    <ele>56.400000000000006</ele>
   </trkpt>
   <trkpt lat="50.77942" lon="4.7167900000000005">
    <ele>56.400000000000006</ele>
   </trkpt>
   <trkpt lat="50.77938" lon="4.7166500000000005">
    <ele>56.49</ele>
   </trkpt>
   <trkpt lat="50.77948000000001" lon="4.71621">
    <ele>56.510000000000005</ele>
   </trkpt>
   <trkpt lat="50.779520000000005" lon="4.71576">
    <ele>54.68000000000001</ele>
   </trkpt>
   <trkpt lat="50.77944501763411" lon="4.714587494413643">
    <ele>54.68000000000001</ele>
   </trkpt>
   <trkpt lat="50.77937002351443" lon="4.7134149925876505">
    <ele>55.23</ele>
   </trkpt>
   <trkpt lat="50.77929501764106" lon="4.7122424945225925">
    <ele>55.23</ele>
   </trkpt>
   <trkpt lat="50.77922" lon="4.71107">
    <ele>55.23</ele>
   </trkpt>
   <trkpt lat="50.779210000000006" lon="4.710520000000001">
    <ele>54.75000000000001</ele>
   </trkpt>
   <trkpt lat="50.77931001612822" lon="4.709146672496579">
    <ele>54.14000000000001</ele>
   </trkpt>
   <trkpt lat="50.77941001613144" lon="4.707773339119202">
    <ele>53.800000000000004</ele>
   </trkpt>
   <trkpt lat="50.77951" lon="4.7064">
    <ele>53.39000000000001</ele>
   </trkpt>
   <trkpt lat="50.779695006715" lon="4.705145005086753">
    <ele>52.690000000000005</ele>
   </trkpt>
   <trkpt lat="50.779880000000006" lon="4.70389">
    <ele>51.010000000000005</ele>
   </trkpt>
   <trkpt lat="50.78005" lon="4.70331">
    <ele>50.59</ele>
   </trkpt>
   <trkpt lat="50.78016" lon="4.703060000000001">
    <ele>50.650000000000006</ele>
   </trkpt>
   <trkpt lat="50.780620000000006" lon="4.70216">
    <ele>51.5</ele>
   </trkpt>
   <trkpt lat="50.78107500361058" lon="4.701240008967304">
    <ele>53.76</ele>
   </trkpt>
   <trkpt lat="50.781530000000004" lon="4.7003200000000005">
    <ele>55.800000000000004</ele>
   </trkpt>
   <trkpt lat="50.781710000000004" lon="4.69993">
    <ele>56.82</ele>
   </trkpt>
   <trkpt lat="50.78183000000001" lon="4.69955">
    <ele>57.730000000000004</ele>
   </trkpt>
   <trkpt lat="50.78190000000001" lon="4.6991700000000005">
    <ele>58.160000000000004</ele>
   </trkpt>
   <trkpt lat="50.782070000000004" lon="4.69787">
    <ele>56.510000000000005</ele>
   </trkpt>
   <trkpt lat="50.78221500661535" lon="4.696625003952021">
    <ele>54.220000000000006</ele>
   </trkpt>
   <trkpt lat="50.782360000000004" lon="4.69538">
    <ele>51.97</ele>
   </trkpt>
   <trkpt lat="50.78247" lon="4.69493">
    <ele>51.2</ele>
   </trkpt>
   <trkpt lat="50.782610000000005" lon="4.6946">
    <ele>49.730000000000004</ele>
   </trkpt>
   <trkpt lat="50.78318000411804" lon="4.693610012193101">
    <ele>45.82000000000001</ele>
   </trkpt>
   <trkpt lat="50.783750000000005" lon="4.692620000000001">
    <ele>44.45</ele>
   </trkpt>
   <trkpt lat="50.78379" lon="4.692480000000001">
    <ele>44.45</ele>
   </trkpt>
   <trkpt lat="50.783820000000006" lon="4.692220000000001">
    <ele>44.28000000000001</ele>
   </trkpt>
   <trkpt lat="50.78378000000001" lon="4.691940000000001">
    <ele>43.82000000000001</ele>
   </trkpt>
   <trkpt lat="50.78372" lon="4.691750000000001">
    <ele>43.82000000000001</ele>
   </trkpt>
   <trkpt lat="50.783500000000004" lon="4.69134">
    <ele>43.370000000000005</ele>
   </trkpt>
   <trkpt lat="50.78334" lon="4.6911000000000005">
    <ele>43.370000000000005</ele>
   </trkpt>
   <trkpt lat="50.78316" lon="4.69092">
    <ele>43.29</ele>
   </trkpt>
   <trkpt lat="50.78309" lon="4.690880000000001">
    <ele>43.29</ele>
   </trkpt>
   <trkpt lat="50.782450000000004" lon="4.69076">
    <ele>43.57</ele>
   </trkpt>
   <trkpt lat="50.78233" lon="4.6906300000000005">
    <ele>43.57</ele>
   </trkpt>
   <trkpt lat="50.782250000000005" lon="4.6904">
    <ele>43.68</ele>
   </trkpt>
   <trkpt lat="50.782120000000006" lon="4.68991">
    <ele>43.77</ele>
   </trkpt>
   <trkpt lat="50.782115005315546" lon="4.688795000119048">
    <ele>43.84</ele>
   </trkpt>
   <trkpt lat="50.78211" lon="4.68768">
    <ele>43.47</ele>
   </trkpt>
   <trkpt lat="50.78213" lon="4.68756">
    <ele>43.47</ele>
   </trkpt>
   <trkpt lat="50.78241333957777" lon="4.6867066769512595">
    <ele>43.60000000000001</ele>
   </trkpt>
   <trkpt lat="50.78269667293008" lon="4.68585334356093">
    <ele>43.5</ele>
   </trkpt>
   <trkpt lat="50.78298" lon="4.6850000000000005">
    <ele>42.95</ele>
   </trkpt>
   <trkpt lat="50.78307" lon="4.684640000000001">
    <ele>42.81</ele>
   </trkpt>
   <trkpt lat="50.78324000349719" lon="4.683735003311173">
    <ele>43.54</ele>
   </trkpt>
   <trkpt lat="50.78341" lon="4.68283">
    <ele>43.9</ele>
   </trkpt>
   <trkpt lat="50.78360000000001" lon="4.68219">
    <ele>43.2</ele>
   </trkpt>
   <trkpt lat="50.783750000000005" lon="4.681850000000001">
    <ele>42.830000000000005</ele>
   </trkpt>
   <trkpt lat="50.78405000000001" lon="4.68139">
    <ele>42.410000000000004</ele>
   </trkpt>
   <trkpt lat="50.78461" lon="4.6806600000000005">
    <ele>42.45</ele>
   </trkpt>
   <trkpt lat="50.784690000000005" lon="4.680470000000001">
    <ele>42.330000000000005</ele>
   </trkpt>
   <trkpt lat="50.78475" lon="4.6801200000000005">
    <ele>42.150000000000006</ele>
   </trkpt>
   <trkpt lat="50.784740000000006" lon="4.679930000000001">
    <ele>41.72</ele>
   </trkpt>
   <trkpt lat="50.784620000000004" lon="4.6791100000000005">
    <ele>41.220000000000006</ele>
   </trkpt>
   <trkpt lat="50.78457" lon="4.679010000000001">
    <ele>41.230000000000004</ele>
   </trkpt>
   <trkpt lat="50.78417" lon="4.6784300000000005">
    <ele>41.49</ele>
   </trkpt>
   <trkpt lat="50.78408" lon="4.67816">
    <ele>41.49</ele>
   </trkpt>
   <trkpt lat="50.78399" lon="4.67738">
    <ele>41.940000000000005</ele>
   </trkpt>
   <trkpt lat="50.78394" lon="4.6771400000000005">
    <ele>41.940000000000005</ele>
   </trkpt>
   <trkpt lat="50.783860000000004" lon="4.6769300000000005">
    <ele>42.85000000000001</ele>
   </trkpt>
   <trkpt lat="50.78350000232166" lon="4.676184994158571">
    <ele>43.47</ele>
   </trkpt>
   <trkpt lat="50.78314" lon="4.67544">
    <ele>44.660000000000004</ele>
   </trkpt>
   <trkpt lat="50.78309" lon="4.6753">
    <ele>44.660000000000004</ele>
   </trkpt>
   <trkpt lat="50.783080000000005" lon="4.6751000000000005">
    <ele>44.92</ele>
   </trkpt>
   <trkpt lat="50.783100000000005" lon="4.675000000000001">
    <ele>44.92</ele>
   </trkpt>
   <trkpt lat="50.78318" lon="4.67483">
    <ele>45.02</ele>
   </trkpt>
   <trkpt lat="50.783770000000004" lon="4.67405">
    <ele>45.6</ele>
   </trkpt>
   <trkpt lat="50.783390000000004" lon="4.67344">
    <ele>46.63</ele>
   </trkpt>
   <trkpt lat="50.78329" lon="4.67312">
    <ele>46.74</ele>
   </trkpt>
   <trkpt lat="50.78308000620636" lon="4.671919994900635">
    <ele>48.18</ele>
   </trkpt>
   <trkpt lat="50.78287" lon="4.67072">
    <ele>49.84</ele>
   </trkpt>
   <trkpt lat="50.782810000000005" lon="4.670260000000001">
    <ele>52.0</ele>
   </trkpt>
   <trkpt lat="50.78271500436854" lon="4.669249998031793">
    <ele>53.87</ele>
   </trkpt>
   <trkpt lat="50.78262" lon="4.66824">
    <ele>57.6</ele>
   </trkpt>
   <trkpt lat="50.78253500271186" lon="4.667449998972721">
    <ele>60.52</ele>
   </trkpt>
   <trkpt lat="50.782450000000004" lon="4.66666">
    <ele>63.88</ele>
   </trkpt>
   <trkpt lat="50.78237000000001" lon="4.66631">
    <ele>65.29</ele>
   </trkpt>
   <trkpt lat="50.782070000000004" lon="4.66526">
    <ele>69.78</ele>
   </trkpt>
   <trkpt lat="50.78199000000001" lon="4.66478">
    <ele>70.66</ele>
   </trkpt>
   <trkpt lat="50.78195" lon="4.66403">
    <ele>71.74000000000001</ele>
   </trkpt>
   <trkpt lat="50.781960000000005" lon="4.6635800000000005">
    <ele>72.49000000000001</ele>
   </trkpt>
   <trkpt lat="50.782030000000006" lon="4.6628300000000005">
    <ele>73.10000000000001</ele>
   </trkpt>
   <trkpt lat="50.78211" lon="4.6623">
    <ele>74.00000000000001</ele>
   </trkpt>
   <trkpt lat="50.782140000000005" lon="4.66195">
    <ele>74.39000000000001</ele>
   </trkpt>
   <trkpt lat="50.78213" lon="4.661510000000001">
    <ele>74.82000000000001</ele>
   </trkpt>
   <trkpt lat="50.782090000000004" lon="4.661250000000001">
    <ele>75.17</ele>
   </trkpt>
   <trkpt lat="50.78199000000001" lon="4.660810000000001">
    <ele>75.4</ele>
   </trkpt>
   <trkpt lat="50.78178500195699" lon="4.660134997071322">
    <ele>76.41000000000001</ele>
   </trkpt>
   <trkpt lat="50.781580000000005" lon="4.65946">
    <ele>77.39</ele>
   </trkpt>
   <trkpt lat="50.781400000000005" lon="4.65859">
    <ele>77.85</ele>
   </trkpt>
   <trkpt lat="50.781240000000004" lon="4.6577">
    <ele>79.12</ele>
   </trkpt>
   <trkpt lat="50.78100000228544" lon="4.656979996512753">
    <ele>79.9</ele>
   </trkpt>
   <trkpt lat="50.78076" lon="4.6562600000000005">
    <ele>80.19000000000001</ele>
   </trkpt>
   <trkpt lat="50.78042000000001" lon="4.65517">
    <ele>76.03</ele>
   </trkpt>
   <trkpt lat="50.78031000000001" lon="4.65435">
    <ele>68.76</ele>
   </trkpt>
   <trkpt lat="50.7802" lon="4.6539600000000005">
    <ele>65.57000000000001</ele>
   </trkpt>
   <trkpt lat="50.78013000000001" lon="4.6538200000000005">
    <ele>62.28</ele>
   </trkpt>
   <trkpt lat="50.78004000000001" lon="4.65369">
    <ele>61.050000000000004</ele>
   </trkpt>
   <trkpt lat="50.779430000000005" lon="4.65292">
    <ele>52.57000000000001</ele>
   </trkpt>
   <trkpt lat="50.77935" lon="4.65279">
    <ele>51.07</ele>
   </trkpt>
   <trkpt lat="50.77922" lon="4.65251">
    <ele>48.86</ele>
   </trkpt>
   <trkpt lat="50.779140000000005" lon="4.6524">
    <ele>47.53</ele>
   </trkpt>
   <trkpt lat="50.77904" lon="4.6523">
    <ele>46.330000000000005</ele>
   </trkpt>
   <trkpt lat="50.77893" lon="4.652220000000001">
    <ele>45.27</ele>
   </trkpt>
   <trkpt lat="50.77879" lon="4.652150000000001">
    <ele>44.39000000000001</ele>
   </trkpt>
   <trkpt lat="50.77863000000001" lon="4.65214">
    <ele>43.77</ele>
   </trkpt>
   <trkpt lat="50.77825000000001" lon="4.652170000000001">
    <ele>42.21</ele>
   </trkpt>
   <trkpt lat="50.778110000000005" lon="4.6521300000000005">
    <ele>42.21</ele>
   </trkpt>
   <trkpt lat="50.77826" lon="4.651190000000001">
    <ele>39.330000000000005</ele>
   </trkpt>
   <trkpt lat="50.77830000241987" lon="4.650440000355556">
    <ele>36.77</ele>
   </trkpt>
   <trkpt lat="50.77834000000001" lon="4.6496900000000005">
    <ele>34.32</ele>
   </trkpt>
   <trkpt lat="50.778330000000004" lon="4.649570000000001">
    <ele>34.32</ele>
   </trkpt>
   <trkpt lat="50.778290000000005" lon="4.6494">
    <ele>33.84</ele>
   </trkpt>
   <trkpt lat="50.77806" lon="4.649100000000001">
    <ele>33.260000000000005</ele>
   </trkpt>
   <trkpt lat="50.77801" lon="4.648910000000001">
    <ele>32.330000000000005</ele>
   </trkpt>
   <trkpt lat="50.778040000000004" lon="4.64869">
    <ele>32.330000000000005</ele>
   </trkpt>
   <trkpt lat="50.77807000000001" lon="4.6486">
    <ele>32.330000000000005</ele>
   </trkpt>
   <trkpt lat="50.778420000000004" lon="4.64794">
    <ele>32.080000000000005</ele>
   </trkpt>
   <trkpt lat="50.77857" lon="4.647530000000001">
    <ele>32.080000000000005</ele>
   </trkpt>
   <trkpt lat="50.77868" lon="4.64679">
    <ele>31.700000000000006</ele>
   </trkpt>
   <trkpt lat="50.77874500278758" lon="4.645985000903821">
    <ele>31.630000000000006</ele>
   </trkpt>
   <trkpt lat="50.77881000000001" lon="4.645180000000001">
    <ele>31.490000000000002</ele>
   </trkpt>
   <trkpt lat="50.778830000000006" lon="4.6447">
    <ele>31.42</ele>
   </trkpt>
   <trkpt lat="50.77882" lon="4.64425">
    <ele>31.26</ele>
   </trkpt>
   <trkpt lat="50.77873" lon="4.6436">
    <ele>31.21</ele>
   </trkpt>
   <trkpt lat="50.77866" lon="4.64329">
    <ele>28.950000000000003</ele>
   </trkpt>
   <trkpt lat="50.778670000000005" lon="4.6433100000000005">
    <ele>28.950000000000003</ele>
   </trkpt>
   <trkpt lat="50.77866" lon="4.6433">
    <ele>31.28</ele>
   </trkpt>
   <trkpt lat="50.778295005909555" lon="4.642124990853577">
    <ele>31.57</ele>
   </trkpt>
   <trkpt lat="50.777930000000005" lon="4.64095">
    <ele>31.84</ele>
   </trkpt>
   <trkpt lat="50.77781" lon="4.640680000000001">
    <ele>32.0</ele>
   </trkpt>
   <trkpt lat="50.77722000000001" lon="4.639760000000001">
    <ele>32.550000000000004</ele>
   </trkpt>
   <trkpt lat="50.77675000000001" lon="4.639080000000001">
    <ele>32.54</ele>
   </trkpt>
   <trkpt lat="50.77662" lon="4.63886">
    <ele>32.52</ele>
   </trkpt>
   <trkpt lat="50.77642" lon="4.6380300000000005">
    <ele>32.11</ele>
   </trkpt>
   <trkpt lat="50.77624" lon="4.6374">
    <ele>32.53</ele>
   </trkpt>
   <trkpt lat="50.77610000000001" lon="4.636620000000001">
    <ele>32.52</ele>
   </trkpt>
   <trkpt lat="50.775965003740225" lon="4.635679997028342">
    <ele>32.31</ele>
   </trkpt>
   <trkpt lat="50.775830000000006" lon="4.634740000000001">
    <ele>33.07</ele>
   </trkpt>
   <trkpt lat="50.77539" lon="4.6349">
    <ele>33.22</ele>
   </trkpt>
   <trkpt lat="50.77495500007237" lon="4.6351050019571876">
    <ele>33.260000000000005</ele>
   </trkpt>
   <trkpt lat="50.77452" lon="4.6353100000000005">
    <ele>33.61</ele>
   </trkpt>
   <trkpt lat="50.77434" lon="4.63537">
    <ele>33.61</ele>
   </trkpt>
   <trkpt lat="50.774080000000005" lon="4.635420000000001">
    <ele>33.61</ele>
   </trkpt>
   <trkpt lat="50.773770000000006" lon="4.63543">
    <ele>34.03</ele>
   </trkpt>
   <trkpt lat="50.77342" lon="4.63541">
    <ele>34.28</ele>
   </trkpt>
   <trkpt lat="50.77309" lon="4.63536">
    <ele>34.57</ele>
   </trkpt>
   <trkpt lat="50.772870000000005" lon="4.635350000000001">
    <ele>34.57</ele>
   </trkpt>
   <trkpt lat="50.77241" lon="4.63539">
    <ele>35.88</ele>
   </trkpt>
   <trkpt lat="50.77203" lon="4.63548">
    <ele>36.67</ele>
   </trkpt>
   <trkpt lat="50.771620000000006" lon="4.63551">
    <ele>37.62</ele>
   </trkpt>
   <trkpt lat="50.77116" lon="4.6354500000000005">
    <ele>38.760000000000005</ele>
   </trkpt>
   <trkpt lat="50.770340000000004" lon="4.635190000000001">
    <ele>40.970000000000006</ele>
   </trkpt>
   <trkpt lat="50.76975" lon="4.63499">
    <ele>41.49</ele>
   </trkpt>
   <trkpt lat="50.76953" lon="4.63496">
    <ele>41.580000000000005</ele>
   </trkpt>
   <trkpt lat="50.7693" lon="4.63499">
    <ele>41.5</ele>
   </trkpt>
   <trkpt lat="50.768950000000004" lon="4.6351">
    <ele>41.09</ele>
   </trkpt>
   <trkpt lat="50.768600000000006" lon="4.6353100000000005">
    <ele>39.839999999999996</ele>
   </trkpt>
   <trkpt lat="50.76812" lon="4.63567">
    <ele>39.400000000000006</ele>
   </trkpt>
   <trkpt lat="50.76742" lon="4.63632">
    <ele>38.00000000000001</ele>
   </trkpt>
   <trkpt lat="50.767010000000006" lon="4.6367400000000005">
    <ele>36.83</ele>
   </trkpt>
   <trkpt lat="50.76664" lon="4.63706">
    <ele>36.43000000000001</ele>
   </trkpt>
   <trkpt lat="50.76596000063562" lon="4.637465005925458">
    <ele>36.22</ele>
   </trkpt>
   <trkpt lat="50.765280000000004" lon="4.63787">
    <ele>36.72</ele>
   </trkpt>
   <trkpt lat="50.76500000000001" lon="4.63809">
    <ele>36.78</ele>
   </trkpt>
   <trkpt lat="50.76471" lon="4.63839">
    <ele>37.1</ele>
   </trkpt>
   <trkpt lat="50.76438" lon="4.63886">
    <ele>37.1</ele>
   </trkpt>
   <trkpt lat="50.763920000000006" lon="4.639360000000001">
    <ele>36.89000000000001</ele>
   </trkpt>
   <trkpt lat="50.76355" lon="4.63971">
    <ele>36.44</ele>
   </trkpt>
   <trkpt lat="50.76317" lon="4.640020000000001">
    <ele>36.14000000000001</ele>
   </trkpt>
   <trkpt lat="50.763020000000004" lon="4.640090000000001">
    <ele>36.11</ele>
   </trkpt>
   <trkpt lat="50.76287000000001" lon="4.64011">
    <ele>36.11</ele>
   </trkpt>
   <trkpt lat="50.762710000000006" lon="4.6401">
    <ele>36.160000000000004</ele>
   </trkpt>
   <trkpt lat="50.76259" lon="4.6400500000000005">
    <ele>36.160000000000004</ele>
   </trkpt>
   <trkpt lat="50.76194000044047" lon="4.639689994936287">
    <ele>36.550000000000004</ele>
   </trkpt>
   <trkpt lat="50.76129" lon="4.63933">
    <ele>37.28</ele>
   </trkpt>
   <trkpt lat="50.761140000000005" lon="4.63926">
    <ele>37.28</ele>
   </trkpt>
   <trkpt lat="50.760960000000004" lon="4.63924">
    <ele>37.4</ele>
   </trkpt>
   <trkpt lat="50.76073" lon="4.63926">
    <ele>37.720000000000006</ele>
   </trkpt>
   <trkpt lat="50.760510000000004" lon="4.63933">
    <ele>37.84</ele>
   </trkpt>
   <trkpt lat="50.760110000000005" lon="4.639550000000001">
    <ele>38.31</ele>
   </trkpt>
   <trkpt lat="50.759530000000005" lon="4.6397">
    <ele>39.5</ele>
   </trkpt>
   <trkpt lat="50.75921" lon="4.639740000000001">
    <ele>40.470000000000006</ele>
   </trkpt>
   <trkpt lat="50.759170000000005" lon="4.6395">
    <ele>40.63</ele>
   </trkpt>
   <trkpt lat="50.75911000000001" lon="4.638730000000001">
    <ele>41.84</ele>
   </trkpt>
   <trkpt lat="50.759095002507095" lon="4.637965000009922">
    <ele>42.940000000000005</ele>
   </trkpt>
   <trkpt lat="50.759080000000004" lon="4.6372">
    <ele>46.46</ele>
   </trkpt>
   <trkpt lat="50.75902000000001" lon="4.63635">
    <ele>49.31</ele>
   </trkpt>
   <trkpt lat="50.758950000000006" lon="4.6357800000000005">
    <ele>49.32</ele>
   </trkpt>
   <trkpt lat="50.758900000000004" lon="4.63555">
    <ele>48.760000000000005</ele>
   </trkpt>
   <trkpt lat="50.75867" lon="4.634930000000001">
    <ele>47.27</ele>
   </trkpt>
   <trkpt lat="50.75862000000001" lon="4.63473">
    <ele>46.910000000000004</ele>
   </trkpt>
   <trkpt lat="50.758590000000005" lon="4.634480000000001">
    <ele>46.830000000000005</ele>
   </trkpt>
   <trkpt lat="50.758560002910926" lon="4.6336549994968195">
    <ele>46.78</ele>
   </trkpt>
   <trkpt lat="50.75853000000001" lon="4.63283">
    <ele>47.71</ele>
   </trkpt>
   <trkpt lat="50.75853000000001" lon="4.6318">
    <ele>49.74</ele>
   </trkpt>
   <trkpt lat="50.758520000000004" lon="4.631670000000001">
    <ele>49.71</ele>
   </trkpt>
   <trkpt lat="50.758480000000006" lon="4.631530000000001">
    <ele>49.71</ele>
   </trkpt>
   <trkpt lat="50.75816000648232" lon="4.630659988129684">
    <ele>49.57</ele>
   </trkpt>
   <trkpt lat="50.7578400064923" lon="4.629789988157016">
    <ele>50.25</ele>
   </trkpt>
   <trkpt lat="50.75752000000001" lon="4.628920000000001">
    <ele>51.29</ele>
   </trkpt>
   <trkpt lat="50.75726" lon="4.6284">
    <ele>52.65</ele>
   </trkpt>
   <trkpt lat="50.75712000000001" lon="4.628220000000001">
    <ele>52.65</ele>
   </trkpt>
   <trkpt lat="50.75669500086329" lon="4.627754995710423">
    <ele>54.95</ele>
   </trkpt>
   <trkpt lat="50.75627" lon="4.62729">
    <ele>55.84</ele>
   </trkpt>
   <trkpt lat="50.75605" lon="4.62701">
    <ele>56.800000000000004</ele>
   </trkpt>
   <trkpt lat="50.75587" lon="4.6267000000000005">
    <ele>57.42</ele>
   </trkpt>
   <trkpt lat="50.75564000000001" lon="4.6261600000000005">
    <ele>58.36</ele>
   </trkpt>
   <trkpt lat="50.75535000000001" lon="4.62533">
    <ele>60.550000000000004</ele>
   </trkpt>
   <trkpt lat="50.75526000000001" lon="4.6249">
    <ele>61.27</ele>
   </trkpt>
   <trkpt lat="50.75508000000001" lon="4.6235100000000005">
    <ele>65.24000000000001</ele>
   </trkpt>
   <trkpt lat="50.75497000000001" lon="4.6232500000000005">
    <ele>66.41000000000001</ele>
   </trkpt>
   <trkpt lat="50.75491" lon="4.62316">
    <ele>66.41000000000001</ele>
   </trkpt>
   <trkpt lat="50.754830000000005" lon="4.62309">
    <ele>66.41000000000001</ele>
   </trkpt>
   <trkpt lat="50.754540000000006" lon="4.622920000000001">
    <ele>68.86</ele>
   </trkpt>
   <trkpt lat="50.754450000000006" lon="4.622850000000001">
    <ele>70.0</ele>
   </trkpt>
   <trkpt lat="50.75435" lon="4.6227100000000005">
    <ele>71.53000000000002</ele>
   </trkpt>
   <trkpt lat="50.75383" lon="4.621860000000001">
    <ele>75.80000000000001</ele>
   </trkpt>
   <trkpt lat="50.753750000000004" lon="4.62171">
    <ele>77.48</ele>
   </trkpt>
   <trkpt lat="50.75372" lon="4.621580000000001">
    <ele>77.48</ele>
   </trkpt>
   <trkpt lat="50.75363" lon="4.620900000000001">
    <ele>81.41000000000001</ele>
   </trkpt>
   <trkpt lat="50.753550000000004" lon="4.62063">
    <ele>81.41000000000001</ele>
   </trkpt>
   <trkpt lat="50.753350000000005" lon="4.62012">
    <ele>84.9</ele>
   </trkpt>
   <trkpt lat="50.753310000000006" lon="4.619940000000001">
    <ele>85.69</ele>
   </trkpt>
   <trkpt lat="50.75348" lon="4.6193100000000005">
    <ele>87.31000000000002</ele>
   </trkpt>
   <trkpt lat="50.753550000000004" lon="4.6187000000000005">
    <ele>91.47000000000001</ele>
   </trkpt>
   <trkpt lat="50.753530000000005" lon="4.618580000000001">
    <ele>91.47000000000001</ele>
   </trkpt>
   <trkpt lat="50.753420000000006" lon="4.61836">
    <ele>91.47000000000001</ele>
   </trkpt>
   <trkpt lat="50.75271000000001" lon="4.61779">
    <ele>95.75</ele>
   </trkpt>
   <trkpt lat="50.752370000000006" lon="4.6176200000000005">
    <ele>96.12</ele>
   </trkpt>
   <trkpt lat="50.75231" lon="4.6175500000000005">
    <ele>96.12</ele>
   </trkpt>
   <trkpt lat="50.75231" lon="4.617430000000001">
    <ele>95.92</ele>
   </trkpt>
   <trkpt lat="50.752495002700755" lon="4.616630003316048">
    <ele>95.67999999999999</ele>
   </trkpt>
   <trkpt lat="50.752680000000005" lon="4.615830000000001">
    <ele>95.66000000000001</ele>
   </trkpt>
   <trkpt lat="50.75289" lon="4.61503">
    <ele>92.97000000000001</ele>
   </trkpt>
   <trkpt lat="50.75291000000001" lon="4.614870000000001">
    <ele>92.97000000000001</ele>
   </trkpt>
   <trkpt lat="50.75287" lon="4.6139600000000005">
    <ele>90.67</ele>
   </trkpt>
   <trkpt lat="50.75278" lon="4.613720000000001">
    <ele>89.12</ele>
   </trkpt>
   <trkpt lat="50.75263" lon="4.6134200000000005">
    <ele>87.61</ele>
   </trkpt>
   <trkpt lat="50.752610000000004" lon="4.61333">
    <ele>86.3</ele>
   </trkpt>
   <trkpt lat="50.7526" lon="4.61317">
    <ele>86.3</ele>
   </trkpt>
   <trkpt lat="50.75261500700588" lon="4.611890000353996">
    <ele>79.45</ele>
   </trkpt>
   <trkpt lat="50.75263" lon="4.61061">
    <ele>75.24</ele>
   </trkpt>
   <trkpt lat="50.752590000000005" lon="4.6103700000000005">
    <ele>74.94000000000001</ele>
   </trkpt>
   <trkpt lat="50.75253000000001" lon="4.6102300000000005">
    <ele>74.68</ele>
   </trkpt>
   <trkpt lat="50.752320000000005" lon="4.60984">
    <ele>72.96000000000001</ele>
   </trkpt>
   <trkpt lat="50.752210000000005" lon="4.6096">
    <ele>72.74</ele>
   </trkpt>
   <trkpt lat="50.751850005728045" lon="4.608444991194835">
    <ele>75.81</ele>
   </trkpt>
   <trkpt lat="50.751490000000004" lon="4.607290000000001">
    <ele>82.37</ele>
   </trkpt>
   <trkpt lat="50.75108" lon="4.6061700000000005">
    <ele>86.48</ele>
   </trkpt>
   <trkpt lat="50.75103000000001" lon="4.60597">
    <ele>87.04</ele>
   </trkpt>
   <trkpt lat="50.75104" lon="4.6058200000000005">
    <ele>85.3</ele>
   </trkpt>
   <trkpt lat="50.75106" lon="4.60576">
    <ele>87.54</ele>
   </trkpt>
   <trkpt lat="50.75113" lon="4.60568">
    <ele>87.35000000000001</ele>
   </trkpt>
   <trkpt lat="50.75159000000001" lon="4.60533">
    <ele>86.46000000000001</ele>
   </trkpt>
   <trkpt lat="50.752150002119116" lon="4.604830011980249">
    <ele>84.29</ele>
   </trkpt>
   <trkpt lat="50.75271000210043" lon="4.604330011997115">
    <ele>81.9</ele>
   </trkpt>
   <trkpt lat="50.75327000000001" lon="4.60383">
    <ele>80.26</ele>
   </trkpt>
   <trkpt lat="50.753440000000005" lon="4.603700000000001">
    <ele>80.06</ele>
   </trkpt>
   <trkpt lat="50.75376000000001" lon="4.60351">
    <ele>80.03999999999999</ele>
   </trkpt>
   <trkpt lat="50.75432500014783" lon="4.603295002614276">
    <ele>80.16000000000001</ele>
   </trkpt>
   <trkpt lat="50.75489" lon="4.60308">
    <ele>79.67</ele>
   </trkpt>
   <trkpt lat="50.75506000000001" lon="4.60299">
    <ele>79.53999999999999</ele>
   </trkpt>
   <trkpt lat="50.75573000163518" lon="4.602556679054244">
    <ele>79.52000000000001</ele>
   </trkpt>
   <trkpt lat="50.75640000166468" lon="4.6021233457020525">
    <ele>78.44000000000001</ele>
   </trkpt>
   <trkpt lat="50.757070000000006" lon="4.6016900000000005">
    <ele>74.79</ele>
   </trkpt>
   <trkpt lat="50.75761000000001" lon="4.601500000000001">
    <ele>72.35000000000001</ele>
   </trkpt>
   <trkpt lat="50.75793" lon="4.601450000000001">
    <ele>70.74000000000001</ele>
   </trkpt>
   <trkpt lat="50.758450000037186" lon="4.601454999944799">
    <ele>67.4</ele>
   </trkpt>
   <trkpt lat="50.758970000000005" lon="4.60146">
    <ele>62.99</ele>
   </trkpt>
   <trkpt lat="50.759370000000004" lon="4.60156">
    <ele>60.49</ele>
   </trkpt>
   <trkpt lat="50.759790000337276" lon="4.601829997593189">
    <ele>58.82</ele>
   </trkpt>
   <trkpt lat="50.76021" lon="4.6021">
    <ele>56.370000000000005</ele>
   </trkpt>
   <trkpt lat="50.76028" lon="4.6021600000000005">
    <ele>56.370000000000005</ele>
   </trkpt>
   <trkpt lat="50.76064" lon="4.60263">
    <ele>55.06</ele>
   </trkpt>
   <trkpt lat="50.76075" lon="4.60271">
    <ele>53.82000000000001</ele>
   </trkpt>
   <trkpt lat="50.76121000014016" lon="4.602924997859619">
    <ele>51.480000000000004</ele>
   </trkpt>
   <trkpt lat="50.76167" lon="4.603140000000001">
    <ele>50.480000000000004</ele>
   </trkpt>
   <trkpt lat="50.762150000000005" lon="4.603470000000001">
    <ele>48.6</ele>
   </trkpt>
   <trkpt lat="50.76245" lon="4.603700000000001">
    <ele>47.550000000000004</ele>
   </trkpt>
   <trkpt lat="50.76296000000001" lon="4.60416">
    <ele>44.85</ele>
   </trkpt>
   <trkpt lat="50.76323000000001" lon="4.60449">
    <ele>44.85</ele>
   </trkpt>
   <trkpt lat="50.76346" lon="4.60484">
    <ele>42.800000000000004</ele>
   </trkpt>
   <trkpt lat="50.76381000000001" lon="4.60547">
    <ele>41.7</ele>
   </trkpt>
   <trkpt lat="50.76411500150727" lon="4.606054996271307">
    <ele>40.080000000000005</ele>
   </trkpt>
   <trkpt lat="50.76442" lon="4.6066400000000005">
    <ele>39.5</ele>
   </trkpt>
   <trkpt lat="50.76451" lon="4.60676">
    <ele>39.24</ele>
   </trkpt>
   <trkpt lat="50.764590000000005" lon="4.60683">
    <ele>39.24</ele>
   </trkpt>
   <trkpt lat="50.764680000000006" lon="4.6068500000000006">
    <ele>39.010000000000005</ele>
   </trkpt>
   <trkpt lat="50.764770000000006" lon="4.6068500000000006">
    <ele>38.88</ele>
   </trkpt>
   <trkpt lat="50.765420000000006" lon="4.60669">
    <ele>38.53</ele>
   </trkpt>
   <trkpt lat="50.76581" lon="4.60672">
    <ele>38.13</ele>
   </trkpt>
   <trkpt lat="50.766420000000004" lon="4.60679">
    <ele>37.7</ele>
   </trkpt>
   <trkpt lat="50.766540000000006" lon="4.60677">
    <ele>37.7</ele>
   </trkpt>
   <trkpt lat="50.76681000000001" lon="4.606590000000001">
    <ele>37.2</ele>
   </trkpt>
   <trkpt lat="50.76737000000001" lon="4.60597">
    <ele>36.910000000000004</ele>
   </trkpt>
   <trkpt lat="50.767540000000004" lon="4.60581">
    <ele>36.730000000000004</ele>
   </trkpt>
   <trkpt lat="50.767830000000004" lon="4.605600000000001">
    <ele>36.67</ele>
   </trkpt>
   <trkpt lat="50.76811000000001" lon="4.60538">
    <ele>36.49</ele>
   </trkpt>
   <trkpt lat="50.768655002345994" lon="4.604625008921669">
    <ele>36.45</ele>
   </trkpt>
   <trkpt lat="50.769200000000005" lon="4.603870000000001">
    <ele>37.33</ele>
   </trkpt>
   <trkpt lat="50.76955" lon="4.60355">
    <ele>39.05</ele>
   </trkpt>
   <trkpt lat="50.769670000000005" lon="4.603700000000001">
    <ele>39.17</ele>
   </trkpt>
   <trkpt lat="50.77004" lon="4.604080000000001">
    <ele>39.39</ele>
   </trkpt>
   <trkpt lat="50.770270000000004" lon="4.604410000000001">
    <ele>39.31</ele>
   </trkpt>
   <trkpt lat="50.7704" lon="4.604640000000001">
    <ele>38.940000000000005</ele>
   </trkpt>
   <trkpt lat="50.770540000000004" lon="4.604920000000001">
    <ele>38.75</ele>
   </trkpt>
   <trkpt lat="50.77091" lon="4.605770000000001">
    <ele>38.45</ele>
   </trkpt>
   <trkpt lat="50.771010000000004" lon="4.60604">
    <ele>38.45</ele>
   </trkpt>
   <trkpt lat="50.771280000000004" lon="4.60691">
    <ele>38.220000000000006</ele>
   </trkpt>
   <trkpt lat="50.771370000000005" lon="4.607130000000001">
    <ele>38.150000000000006</ele>
   </trkpt>
   <trkpt lat="50.771480000000004" lon="4.607340000000001">
    <ele>38.150000000000006</ele>
   </trkpt>
   <trkpt lat="50.77201" lon="4.608230000000001">
    <ele>38.080000000000005</ele>
   </trkpt>
   <trkpt lat="50.77248" lon="4.609190000000001">
    <ele>37.98</ele>
   </trkpt>
   <trkpt lat="50.772670000000005" lon="4.609500000000001">
    <ele>37.98</ele>
   </trkpt>
   <trkpt lat="50.77309000074889" lon="4.609949995834167">
    <ele>38.28</ele>
   </trkpt>
   <trkpt lat="50.77351" lon="4.6104">
    <ele>38.28</ele>
   </trkpt>
   <trkpt lat="50.773630000000004" lon="4.6105">
    <ele>38.28</ele>
   </trkpt>
   <trkpt lat="50.77396" lon="4.610600000000001">
    <ele>38.400000000000006</ele>
   </trkpt>
   <trkpt lat="50.774170000000005" lon="4.610720000000001">
    <ele>38.49</ele>
   </trkpt>
   <trkpt lat="50.77438" lon="4.61097">
    <ele>38.78</ele>
   </trkpt>
   <trkpt lat="50.77483" lon="4.612">
    <ele>40.730000000000004</ele>
   </trkpt>
   <trkpt lat="50.77483" lon="4.6119900000000005">
    <ele>40.74</ele>
   </trkpt>
   <trkpt lat="50.77533500195097" lon="4.611305007470767">
    <ele>43.49</ele>
   </trkpt>
   <trkpt lat="50.77584" lon="4.61062">
    <ele>48.220000000000006</ele>
   </trkpt>
   <trkpt lat="50.77606" lon="4.6102300000000005">
    <ele>50.32</ele>
   </trkpt>
   <trkpt lat="50.776140000000005" lon="4.61005">
    <ele>52.730000000000004</ele>
   </trkpt>
   <trkpt lat="50.776300000000006" lon="4.609570000000001">
    <ele>55.42</ele>
   </trkpt>
   <trkpt lat="50.776550003612165" lon="4.608655004770015">
    <ele>63.73000000000001</ele>
   </trkpt>
   <trkpt lat="50.7768" lon="4.607740000000001">
    <ele>69.4</ele>
   </trkpt>
   <trkpt lat="50.776970000000006" lon="4.6072500000000005">
    <ele>73.93</ele>
   </trkpt>
   <trkpt lat="50.77707" lon="4.60702">
    <ele>75.52</ele>
   </trkpt>
   <trkpt lat="50.777660000000004" lon="4.606050000000001">
    <ele>79.65</ele>
   </trkpt>
   <trkpt lat="50.77803" lon="4.605510000000001">
    <ele>80.56</ele>
   </trkpt>
   <trkpt lat="50.77855500149275" lon="4.604915006703082">
    <ele>82.67</ele>
   </trkpt>
   <trkpt lat="50.77908000000001" lon="4.60432">
    <ele>85.35000000000001</ele>
   </trkpt>
   <trkpt lat="50.77926" lon="4.60404">
    <ele>85.74000000000001</ele>
   </trkpt>
   <trkpt lat="50.779540000000004" lon="4.60336">
    <ele>86.43</ele>
   </trkpt>
   <trkpt lat="50.779680000000006" lon="4.603140000000001">
    <ele>86.65</ele>
   </trkpt>
   <trkpt lat="50.779770000000006" lon="4.60304">
    <ele>86.82000000000001</ele>
   </trkpt>
   <trkpt lat="50.77995000000001" lon="4.6029100000000005">
    <ele>87.56000000000002</ele>
   </trkpt>
   <trkpt lat="50.78078000000001" lon="4.60264">
    <ele>92.03</ele>
   </trkpt>
   <trkpt lat="50.78097" lon="4.602530000000001">
    <ele>93.22000000000001</ele>
   </trkpt>
   <trkpt lat="50.781090000000006" lon="4.60245">
    <ele>93.09</ele>
   </trkpt>
   <trkpt lat="50.781240000000004" lon="4.6022300000000005">
    <ele>92.64000000000001</ele>
   </trkpt>
   <trkpt lat="50.781862006148465" lon="4.601630031932178">
    <ele>92.68</ele>
   </trkpt>
   <trkpt lat="50.782484009219345" lon="4.601030047902347">
    <ele>92.04</ele>
   </trkpt>
   <trkpt lat="50.783106009212474" lon="4.600430047909804">
    <ele>91.63</ele>
   </trkpt>
   <trkpt lat="50.783728006127745" lon="4.599830031953853">
    <ele>92.18</ele>
   </trkpt>
   <trkpt lat="50.78435" lon="4.59923">
    <ele>93.89</ele>
   </trkpt>
   <trkpt lat="50.78487333540271" lon="4.59874667742015">
    <ele>94.2</ele>
   </trkpt>
   <trkpt lat="50.78539666880826" lon="4.5982633440202845">
    <ele>93.72000000000001</ele>
   </trkpt>
   <trkpt lat="50.785920000000004" lon="4.59778">
    <ele>92.44000000000001</ele>
   </trkpt>
   <trkpt lat="50.786640002238094" lon="4.5970650109589615">
    <ele>89.68</ele>
   </trkpt>
   <trkpt lat="50.78736000000001" lon="4.59635">
    <ele>84.65</ele>
   </trkpt>
   <trkpt lat="50.787780000000005" lon="4.59602">
    <ele>78.57</ele>
   </trkpt>
   <trkpt lat="50.78815" lon="4.5956">
    <ele>71.72</ele>
   </trkpt>
   <trkpt lat="50.78874500235178" lon="4.594865009302361">
    <ele>58.81000000000001</ele>
   </trkpt>
   <trkpt lat="50.78934" lon="4.594130000000001">
    <ele>46.48</ele>
   </trkpt>
   <trkpt lat="50.78966000120388" lon="4.593630003211386">
    <ele>43.56</ele>
   </trkpt>
   <trkpt lat="50.78998000000001" lon="4.59313">
    <ele>43.92</ele>
   </trkpt>
   <trkpt lat="50.79018000000001" lon="4.59286">
    <ele>44.2</ele>
   </trkpt>
   <trkpt lat="50.790440000000004" lon="4.59255">
    <ele>44.58</ele>
   </trkpt>
   <trkpt lat="50.79099" lon="4.592110000000001">
    <ele>48.03</ele>
   </trkpt>
   <trkpt lat="50.79055" lon="4.59107">
    <ele>48.88</ele>
   </trkpt>
   <trkpt lat="50.79019" lon="4.590140000000001">
    <ele>51.02</ele>
   </trkpt>
   <trkpt lat="50.789840000000005" lon="4.589040000000001">
    <ele>52.49</ele>
   </trkpt>
   <trkpt lat="50.78976" lon="4.58872">
    <ele>52.72</ele>
   </trkpt>
   <trkpt lat="50.78969000000001" lon="4.58833">
    <ele>53.160000000000004</ele>
   </trkpt>
   <trkpt lat="50.78961000849567" lon="4.587333329965607">
    <ele>53.25000000000001</ele>
   </trkpt>
   <trkpt lat="50.78953000849913" lon="4.5863366633423395">
    <ele>51.57</ele>
   </trkpt>
   <trkpt lat="50.78945" lon="4.58534">
    <ele>49.14</ele>
   </trkpt>
   <trkpt lat="50.789440000000006" lon="4.5847500000000005">
    <ele>48.59</ele>
   </trkpt>
   <trkpt lat="50.789460000000005" lon="4.58424">
    <ele>48.540000000000006</ele>
   </trkpt>
   <trkpt lat="50.78943" lon="4.5831100000000005">
    <ele>47.81</ele>
   </trkpt>
   <trkpt lat="50.78949" lon="4.582450000000001">
    <ele>47.74</ele>
   </trkpt>
   <trkpt lat="50.78952" lon="4.5810900000000006">
    <ele>47.34</ele>
   </trkpt>
   <trkpt lat="50.78954" lon="4.58079">
    <ele>47.38</ele>
   </trkpt>
   <trkpt lat="50.78963" lon="4.5804100000000005">
    <ele>47.52</ele>
   </trkpt>
   <trkpt lat="50.78983" lon="4.58004">
    <ele>48.400000000000006</ele>
   </trkpt>
   <trkpt lat="50.79027000000001" lon="4.579560000000001">
    <ele>49.93</ele>
   </trkpt>
   <trkpt lat="50.790420000000005" lon="4.57932">
    <ele>51.79</ele>
   </trkpt>
   <trkpt lat="50.79052" lon="4.5790500000000005">
    <ele>53.53</ele>
   </trkpt>
   <trkpt lat="50.79063000000001" lon="4.57859">
    <ele>55.00000000000001</ele>
   </trkpt>
   <trkpt lat="50.79064" lon="4.57836">
    <ele>56.07</ele>
   </trkpt>
   <trkpt lat="50.790620000000004" lon="4.57796">
    <ele>56.92</ele>
   </trkpt>
   <trkpt lat="50.790530000000004" lon="4.57754">
    <ele>57.550000000000004</ele>
   </trkpt>
   <trkpt lat="50.790400000000005" lon="4.57718">
    <ele>57.77</ele>
   </trkpt>
   <trkpt lat="50.79019" lon="4.576770000000001">
    <ele>57.84</ele>
   </trkpt>
   <trkpt lat="50.79019" lon="4.57678">
    <ele>60.02</ele>
   </trkpt>
   <trkpt lat="50.78973750992242" lon="4.575899974429196">
    <ele>60.02</ele>
   </trkpt>
   <trkpt lat="50.789285013224216" lon="4.575019965895081">
    <ele>63.83000000000001</ele>
   </trkpt>
   <trkpt lat="50.7888325099056" lon="4.574139974397303">
    <ele>63.83000000000001</ele>
   </trkpt>
   <trkpt lat="50.788380000000004" lon="4.57326">
    <ele>63.83000000000001</ele>
   </trkpt>
   <trkpt lat="50.78839000000001" lon="4.57326">
    <ele>64.0</ele>
   </trkpt>
   <trkpt lat="50.78705" lon="4.570690000000001">
    <ele>54.82000000000001</ele>
   </trkpt>
   <trkpt lat="50.78670000184967" lon="4.570029995035666">
    <ele>54.31</ele>
   </trkpt>
   <trkpt lat="50.786350000000006" lon="4.56937">
    <ele>54.510000000000005</ele>
   </trkpt>
   <trkpt lat="50.786030000000004" lon="4.56888">
    <ele>54.52</ele>
   </trkpt>
   <trkpt lat="50.78569" lon="4.5685">
    <ele>54.43000000000001</ele>
   </trkpt>
   <trkpt lat="50.78573" lon="4.5683300000000004">
    <ele>54.77</ele>
   </trkpt>
   <trkpt lat="50.78573" lon="4.56824">
    <ele>55.07000000000001</ele>
   </trkpt>
   <trkpt lat="50.785560000000004" lon="4.567640000000001">
    <ele>55.88</ele>
   </trkpt>
   <trkpt lat="50.78546000000001" lon="4.567010000000001">
    <ele>56.900000000000006</ele>
   </trkpt>
   <trkpt lat="50.785450000000004" lon="4.566730000000001">
    <ele>57.39</ele>
   </trkpt>
   <trkpt lat="50.78546000000001" lon="4.56641">
    <ele>57.53</ele>
   </trkpt>
   <trkpt lat="50.78549" lon="4.56611">
    <ele>57.510000000000005</ele>
   </trkpt>
   <trkpt lat="50.78567000280065" lon="4.565305002962521">
    <ele>56.220000000000006</ele>
   </trkpt>
   <trkpt lat="50.78585" lon="4.564500000000001">
    <ele>53.910000000000004</ele>
   </trkpt>
   <trkpt lat="50.785920000000004" lon="4.56397">
    <ele>53.56</ele>
   </trkpt>
   <trkpt lat="50.786010000000005" lon="4.5630500000000005">
    <ele>53.68000000000001</ele>
   </trkpt>
   <trkpt lat="50.78614" lon="4.562550000000001">
    <ele>54.24</ele>
   </trkpt>
   <trkpt lat="50.78622000000001" lon="4.5623700000000005">
    <ele>54.24</ele>
   </trkpt>
   <trkpt lat="50.78652500137262" lon="4.561805003671066">
    <ele>55.02</ele>
   </trkpt>
   <trkpt lat="50.78683" lon="4.561240000000001">
    <ele>56.89</ele>
   </trkpt>
   <trkpt lat="50.78719000158065" lon="4.560650004391388">
    <ele>60.58</ele>
   </trkpt>
   <trkpt lat="50.78755" lon="4.56006">
    <ele>61.980000000000004</ele>
   </trkpt>
   <trkpt lat="50.78774000000001" lon="4.55982">
    <ele>62.93</ele>
   </trkpt>
   <trkpt lat="50.787960000000005" lon="4.559640000000001">
    <ele>63.29</ele>
   </trkpt>
   <trkpt lat="50.78817" lon="4.559500000000001">
    <ele>63.55000000000001</ele>
   </trkpt>
   <trkpt lat="50.7884" lon="4.5594">
    <ele>63.77</ele>
   </trkpt>
   <trkpt lat="50.789030000000004" lon="4.55919">
    <ele>64.48</ele>
   </trkpt>
   <trkpt lat="50.789370000000005" lon="4.55905">
    <ele>64.61</ele>
   </trkpt>
   <trkpt lat="50.78960000000001" lon="4.5589">
    <ele>64.61</ele>
   </trkpt>
   <trkpt lat="50.78981" lon="4.55874">
    <ele>64.97</ele>
   </trkpt>
   <trkpt lat="50.790000000000006" lon="4.55855">
    <ele>65.04</ele>
   </trkpt>
   <trkpt lat="50.79061" lon="4.55783">
    <ele>65.25</ele>
   </trkpt>
   <trkpt lat="50.79084" lon="4.5576300000000005">
    <ele>65.31</ele>
   </trkpt>
   <trkpt lat="50.79113" lon="4.5574200000000005">
    <ele>65.61</ele>
   </trkpt>
   <trkpt lat="50.791600000418065" lon="4.5571250029372825">
    <ele>66.64</ele>
   </trkpt>
   <trkpt lat="50.79207" lon="4.556830000000001">
    <ele>70.62</ele>
   </trkpt>
   <trkpt lat="50.79236" lon="4.55663">
    <ele>72.38</ele>
   </trkpt>
   <trkpt lat="50.792730000000006" lon="4.556430000000001">
    <ele>70.98</ele>
   </trkpt>
   <trkpt lat="50.79343500024028" lon="4.556205003386135">
    <ele>63.36</ele>
   </trkpt>
   <trkpt lat="50.794140000000006" lon="4.555980000000001">
    <ele>59.2</ele>
   </trkpt>
   <trkpt lat="50.79448000000001" lon="4.55585">
    <ele>59.120000000000005</ele>
   </trkpt>
   <trkpt lat="50.795170000000006" lon="4.55546">
    <ele>60.32000000000001</ele>
   </trkpt>
   <trkpt lat="50.79527" lon="4.555370000000001">
    <ele>60.83</ele>
   </trkpt>
   <trkpt lat="50.79545" lon="4.55504">
    <ele>61.7</ele>
   </trkpt>
   <trkpt lat="50.79554" lon="4.55482">
    <ele>61.7</ele>
   </trkpt>
   <trkpt lat="50.795590000000004" lon="4.5545800000000005">
    <ele>61.99</ele>
   </trkpt>
   <trkpt lat="50.79560000000001" lon="4.55433">
    <ele>61.99</ele>
   </trkpt>
   <trkpt lat="50.79554" lon="4.55372">
    <ele>63.17</ele>
   </trkpt>
   <trkpt lat="50.795500000000004" lon="4.55351">
    <ele>63.35</ele>
   </trkpt>
   <trkpt lat="50.795230000000004" lon="4.55253">
    <ele>63.56</ele>
   </trkpt>
   <trkpt lat="50.79464000347783" lon="4.551629988662638">
    <ele>63.1</ele>
   </trkpt>
   <trkpt lat="50.794050000000006" lon="4.550730000000001">
    <ele>65.37</ele>
   </trkpt>
   <trkpt lat="50.794160000000005" lon="4.550520000000001">
    <ele>65.52000000000001</ele>
   </trkpt>
   <trkpt lat="50.794616670763794" lon="4.549823347026496">
    <ele>65.64</ele>
   </trkpt>
   <trkpt lat="50.79507333737857" lon="4.549126680439191">
    <ele>65.95</ele>
   </trkpt>
   <trkpt lat="50.79553000000001" lon="4.548430000000001">
    <ele>66.89</ele>
   </trkpt>
   <trkpt lat="50.79608" lon="4.547960000000001">
    <ele>69.56</ele>
   </trkpt>
   <trkpt lat="50.79639" lon="4.5473300000000005">
    <ele>72.61</ele>
   </trkpt>
   <trkpt lat="50.79674000000001" lon="4.54736">
    <ele>69.73</ele>
   </trkpt>
   <trkpt lat="50.796870000000006" lon="4.547440000000001">
    <ele>69.73</ele>
   </trkpt>
   <trkpt lat="50.797240001147244" lon="4.5479349962147095">
    <ele>67.48</ele>
   </trkpt>
   <trkpt lat="50.797610000000006" lon="4.548430000000001">
    <ele>66.43</ele>
   </trkpt>
   <trkpt lat="50.7978" lon="4.5486200000000006">
    <ele>66.15</ele>
   </trkpt>
   <trkpt lat="50.798030000000004" lon="4.54879">
    <ele>66.05000000000001</ele>
   </trkpt>
   <trkpt lat="50.79836" lon="4.54907">
    <ele>66.30000000000001</ele>
   </trkpt>
   <trkpt lat="50.798900000984055" lon="4.549534994678247">
    <ele>67.0</ele>
   </trkpt>
   <trkpt lat="50.799440000000004" lon="4.550000000000001">
    <ele>68.46000000000001</ele>
   </trkpt>
   <trkpt lat="50.799640000000004" lon="4.550190000000001">
    <ele>68.82000000000001</ele>
   </trkpt>
   <trkpt lat="50.800430000000006" lon="4.550520000000001">
    <ele>69.5</ele>
   </trkpt>
   <trkpt lat="50.800850000000004" lon="4.5509200000000005">
    <ele>70.01</ele>
   </trkpt>
   <trkpt lat="50.801210000000005" lon="4.55133">
    <ele>70.45000000000002</ele>
   </trkpt>
   <trkpt lat="50.80158" lon="4.5517">
    <ele>70.71000000000001</ele>
   </trkpt>
   <trkpt lat="50.8021" lon="4.5522800000000005">
    <ele>71.2</ele>
   </trkpt>
   <trkpt lat="50.80245000000001" lon="4.55253">
    <ele>72.26</ele>
   </trkpt>
   <trkpt lat="50.8027" lon="4.552630000000001">
    <ele>73.89000000000001</ele>
   </trkpt>
   <trkpt lat="50.803020000000004" lon="4.5526800000000005">
    <ele>75.53</ele>
   </trkpt>
   <trkpt lat="50.80337" lon="4.552650000000001">
    <ele>75.98</ele>
   </trkpt>
   <trkpt lat="50.80415000000001" lon="4.552490000000001">
    <ele>80.10000000000001</ele>
   </trkpt>
   <trkpt lat="50.804610000000004" lon="4.55238">
    <ele>81.49000000000001</ele>
   </trkpt>
   <trkpt lat="50.804930000000006" lon="4.55227">
    <ele>82.16000000000001</ele>
   </trkpt>
   <trkpt lat="50.80536000000001" lon="4.5520700000000005">
    <ele>83.42</ele>
   </trkpt>
   <trkpt lat="50.805690000000006" lon="4.55187">
    <ele>84.11</ele>
   </trkpt>
   <trkpt lat="50.80643500169547" lon="4.551250009843141">
    <ele>85.57000000000001</ele>
   </trkpt>
   <trkpt lat="50.80718" lon="4.55063">
    <ele>86.81000000000002</ele>
   </trkpt>
   <trkpt lat="50.807460000000006" lon="4.550490000000001">
    <ele>87.29</ele>
   </trkpt>
   <trkpt lat="50.80772" lon="4.55043">
    <ele>87.93</ele>
   </trkpt>
   <trkpt lat="50.807970000000005" lon="4.550400000000001">
    <ele>88.51</ele>
   </trkpt>
   <trkpt lat="50.80847000000001" lon="4.55048">
    <ele>89.79</ele>
   </trkpt>
   <trkpt lat="50.809332500704926" lon="4.5507174868396">
    <ele>94.61000000000001</ele>
   </trkpt>
   <trkpt lat="50.810195000927706" lon="4.550954982449049">
    <ele>97.93</ele>
   </trkpt>
   <trkpt lat="50.811057500668355" lon="4.551192486828934">
    <ele>99.07000000000001</ele>
   </trkpt>
   <trkpt lat="50.81192" lon="4.551430000000001">
    <ele>96.51</ele>
   </trkpt>
   <trkpt lat="50.812780000761514" lon="4.5518249927706504">
    <ele>95.49000000000001</ele>
   </trkpt>
   <trkpt lat="50.81364000000001" lon="4.55222">
    <ele>95.01</ele>
   </trkpt>
   <trkpt lat="50.81391000000001" lon="4.5522">
    <ele>94.52000000000001</ele>
   </trkpt>
   <trkpt lat="50.814630000014816" lon="4.552090003405054">
    <ele>94.52000000000001</ele>
   </trkpt>
   <trkpt lat="50.8153499999262" lon="4.551980003418656">
    <ele>96.71000000000001</ele>
   </trkpt>
   <trkpt lat="50.81607" lon="4.55187">
    <ele>96.71000000000001</ele>
   </trkpt>
   <trkpt lat="50.81613" lon="4.55191">
    <ele>96.71000000000001</ele>
   </trkpt>
   <trkpt lat="50.816480000000006" lon="4.552630000000001">
    <ele>97.93</ele>
   </trkpt>
   <trkpt lat="50.816950000000006" lon="4.55325">
    <ele>100.18</ele>
   </trkpt>
   <trkpt lat="50.817080000000004" lon="4.55348">
    <ele>100.18</ele>
   </trkpt>
   <trkpt lat="50.817170000000004" lon="4.5537">
    <ele>100.43</ele>
   </trkpt>
   <trkpt lat="50.81759000598525" lon="4.554884989297655">
    <ele>102.18</ele>
   </trkpt>
   <trkpt lat="50.81801" lon="4.55607">
    <ele>102.36</ele>
   </trkpt>
   <trkpt lat="50.818090000000005" lon="4.55616">
    <ele>102.06000000000002</ele>
   </trkpt>
   <trkpt lat="50.818290000000005" lon="4.55673">
    <ele>101.77000000000001</ele>
   </trkpt>
   <trkpt lat="50.81860000426854" lon="4.557729993345221">
    <ele>101.24000000000001</ele>
   </trkpt>
   <trkpt lat="50.81891" lon="4.558730000000001">
    <ele>101.5</ele>
   </trkpt>
   <trkpt lat="50.81897000000001" lon="4.55883">
    <ele>101.5</ele>
   </trkpt>
   <trkpt lat="50.819315002660026" lon="4.559639993677848">
    <ele>102.06000000000002</ele>
   </trkpt>
   <trkpt lat="50.819660000000006" lon="4.56045">
    <ele>102.34000000000002</ele>
   </trkpt>
   <trkpt lat="50.8198" lon="4.560770000000001">
    <ele>102.76</ele>
   </trkpt>
   <trkpt lat="50.819840000000006" lon="4.560930000000001">
    <ele>102.76</ele>
   </trkpt>
   <trkpt lat="50.82001" lon="4.561330000000001">
    <ele>103.02000000000001</ele>
   </trkpt>
   <trkpt lat="50.820150000000005" lon="4.5616">
    <ele>103.28000000000002</ele>
   </trkpt>
   <trkpt lat="50.820330000000006" lon="4.56188">
    <ele>103.34000000000002</ele>
   </trkpt>
   <trkpt lat="50.82054" lon="4.56214">
    <ele>103.5</ele>
   </trkpt>
   <trkpt lat="50.8207" lon="4.56229">
    <ele>103.56000000000002</ele>
   </trkpt>
   <trkpt lat="50.821490000000004" lon="4.562740000000001">
    <ele>102.20000000000002</ele>
   </trkpt>
   <trkpt lat="50.82206000114433" lon="4.563106657711398">
    <ele>101.02000000000001</ele>
   </trkpt>
   <trkpt lat="50.82263000113957" lon="4.563473324374868">
    <ele>99.28</ele>
   </trkpt>
   <trkpt lat="50.82320000000001" lon="4.563840000000001">
    <ele>97.74000000000001</ele>
   </trkpt>
   <trkpt lat="50.823660000000004" lon="4.56411">
    <ele>96.37</ele>
   </trkpt>
   <trkpt lat="50.824165000209376" lon="4.564374997086088">
    <ele>93.57000000000001</ele>
   </trkpt>
   <trkpt lat="50.824670000000005" lon="4.564640000000001">
    <ele>90.8</ele>
   </trkpt>
   <trkpt lat="50.82547" lon="4.56496">
    <ele>86.79</ele>
   </trkpt>
   <trkpt lat="50.8258" lon="4.56505">
    <ele>85.34000000000002</ele>
   </trkpt>
   <trkpt lat="50.8265900003922" lon="4.565227490986386">
    <ele>81.25</ele>
   </trkpt>
   <trkpt lat="50.82738000051514" lon="4.565404987979849">
    <ele>77.15</ele>
   </trkpt>
   <trkpt lat="50.82817000036883" lon="4.565582490980758">
    <ele>71.71000000000001</ele>
   </trkpt>
   <trkpt lat="50.82896" lon="4.56576">
    <ele>69.07000000000001</ele>
   </trkpt>
   <trkpt lat="50.82952999992037" lon="4.5658499988829915">
    <ele>66.83</ele>
   </trkpt>
   <trkpt lat="50.8301" lon="4.56594">
    <ele>64.55000000000001</ele>
   </trkpt>
   <trkpt lat="50.830560000000006" lon="4.565980000000001">
    <ele>62.690000000000005</ele>
   </trkpt>
   <trkpt lat="50.830940000000005" lon="4.5661000000000005">
    <ele>61.82000000000001</ele>
   </trkpt>
   <trkpt lat="50.83109" lon="4.566190000000001">
    <ele>61.67</ele>
   </trkpt>
   <trkpt lat="50.83147" lon="4.566470000000001">
    <ele>61.58</ele>
   </trkpt>
   <trkpt lat="50.83146000000001" lon="4.566520000000001">
    <ele>61.58</ele>
   </trkpt>
   <trkpt lat="50.831570000000006" lon="4.566590000000001">
    <ele>60.7</ele>
   </trkpt>
   <trkpt lat="50.831680000000006" lon="4.56656">
    <ele>60.65</ele>
   </trkpt>
   <trkpt lat="50.83238000000001" lon="4.56578">
    <ele>61.56</ele>
   </trkpt>
   <trkpt lat="50.832010000000004" lon="4.566190000000001">
    <ele>61.36000000000001</ele>
   </trkpt>
   <trkpt lat="50.83272" lon="4.5654200000000005">
    <ele>62.02</ele>
   </trkpt>
   <trkpt lat="50.833225001154595" lon="4.564895005704484">
    <ele>62.84</ele>
   </trkpt>
   <trkpt lat="50.83373" lon="4.56437">
    <ele>62.27</ele>
   </trkpt>
   <trkpt lat="50.83363000000001" lon="4.563770000000001">
    <ele>61.58</ele>
   </trkpt>
   <trkpt lat="50.83346" lon="4.56332">
    <ele>60.11</ele>
   </trkpt>
   <trkpt lat="50.832980000000006" lon="4.562130000000001">
    <ele>57.32</ele>
   </trkpt>
   <trkpt lat="50.832860000000004" lon="4.561660000000001">
    <ele>57.67</ele>
   </trkpt>
   <trkpt lat="50.832705006091956" lon="4.5604699963604975">
    <ele>59.31</ele>
   </trkpt>
   <trkpt lat="50.832550000000005" lon="4.55928">
    <ele>60.160000000000004</ele>
   </trkpt>
   <trkpt lat="50.832390000000004" lon="4.55872">
    <ele>59.870000000000005</ele>
   </trkpt>
   <trkpt lat="50.83234" lon="4.55872">
    <ele>59.870000000000005</ele>
   </trkpt>
   <trkpt lat="50.832300000000004" lon="4.55867">
    <ele>59.980000000000004</ele>
   </trkpt>
   <trkpt lat="50.83229000000001" lon="4.55855">
    <ele>59.980000000000004</ele>
   </trkpt>
   <trkpt lat="50.832330000000006" lon="4.5585">
    <ele>59.690000000000005</ele>
   </trkpt>
   <trkpt lat="50.83238000000001" lon="4.55849">
    <ele>59.690000000000005</ele>
   </trkpt>
   <trkpt lat="50.832420000000006" lon="4.55853">
    <ele>59.45</ele>
   </trkpt>
   <trkpt lat="50.83279" lon="4.5581000000000005">
    <ele>57.480000000000004</ele>
   </trkpt>
   <trkpt lat="50.833040000000004" lon="4.55792">
    <ele>56.77000000000001</ele>
   </trkpt>
   <trkpt lat="50.83314000000001" lon="4.557860000000001">
    <ele>56.75</ele>
   </trkpt>
   <trkpt lat="50.83380500043118" lon="4.5575950037234945">
    <ele>56.910000000000004</ele>
   </trkpt>
   <trkpt lat="50.83447" lon="4.55733">
    <ele>59.72</ele>
   </trkpt>
   <trkpt lat="50.83457000000001" lon="4.55726">
    <ele>59.95</ele>
   </trkpt>
   <trkpt lat="50.834720000000004" lon="4.55705">
    <ele>60.13</ele>
   </trkpt>
   <trkpt lat="50.835300000000004" lon="4.556170000000001">
    <ele>63.35</ele>
   </trkpt>
   <trkpt lat="50.835420000000006" lon="4.55586">
    <ele>64.26</ele>
   </trkpt>
   <trkpt lat="50.835583341647485" lon="4.5548733402738275">
    <ele>66.86</ele>
   </trkpt>
   <trkpt lat="50.835746674975184" lon="4.553886673641342">
    <ele>70.38000000000001</ele>
   </trkpt>
   <trkpt lat="50.835910000000005" lon="4.5529">
    <ele>72.34</ele>
   </trkpt>
   <trkpt lat="50.83614500583479" lon="4.551730005964419">
    <ele>73.60000000000001</ele>
   </trkpt>
   <trkpt lat="50.836380000000005" lon="4.55056">
    <ele>75.03</ele>
   </trkpt>
   <trkpt lat="50.836560000000006" lon="4.549650000000001">
    <ele>76.00000000000001</ele>
   </trkpt>
   <trkpt lat="50.83659500536095" lon="4.548530000814408">
    <ele>76.99</ele>
   </trkpt>
   <trkpt lat="50.83663000000001" lon="4.54741">
    <ele>77.00000000000001</ele>
   </trkpt>
   <trkpt lat="50.836650000000006" lon="4.54699">
    <ele>77.36000000000001</ele>
   </trkpt>
   <trkpt lat="50.836740000000006" lon="4.54619">
    <ele>78.74000000000001</ele>
   </trkpt>
   <trkpt lat="50.83681000000001" lon="4.545870000000001">
    <ele>79.25</ele>
   </trkpt>
   <trkpt lat="50.83698000196975" lon="4.5452000022374675">
    <ele>81.04</ele>
   </trkpt>
   <trkpt lat="50.83715" lon="4.54453">
    <ele>81.92</ele>
   </trkpt>
   <trkpt lat="50.83749" lon="4.54335">
    <ele>82.66000000000001</ele>
   </trkpt>
   <trkpt lat="50.837790000000005" lon="4.5426">
    <ele>82.77000000000001</ele>
   </trkpt>
   <trkpt lat="50.83809" lon="4.54196">
    <ele>82.59</ele>
   </trkpt>
   <trkpt lat="50.83781000260155" lon="4.541174995201391">
    <ele>80.26</ele>
   </trkpt>
   <trkpt lat="50.83753" lon="4.54039">
    <ele>77.94000000000001</ele>
   </trkpt>
   <trkpt lat="50.83738" lon="4.540030000000001">
    <ele>76.4</ele>
   </trkpt>
   <trkpt lat="50.83782000023812" lon="4.539860001558587">
    <ele>75.29</ele>
   </trkpt>
   <trkpt lat="50.838260000000005" lon="4.53969">
    <ele>73.95</ele>
   </trkpt>
   <trkpt lat="50.83840000000001" lon="4.53962">
    <ele>73.95</ele>
   </trkpt>
   <trkpt lat="50.83906" lon="4.5391900000000005">
    <ele>73.56</ele>
   </trkpt>
   <trkpt lat="50.83980000759301" lon="4.538524042236388">
    <ele>74.31</ele>
   </trkpt>
   <trkpt lat="50.840540011395774" lon="4.5378580633502725">
    <ele>75.34</ele>
   </trkpt>
   <trkpt lat="50.84128001140805" lon="4.537192063340533">
    <ele>76.67</ele>
   </trkpt>
   <trkpt lat="50.842020007629635" lon="4.5365260422060505">
    <ele>78.7</ele>
   </trkpt>
   <trkpt lat="50.842760000000006" lon="4.5358600000000004">
    <ele>81.24000000000001</ele>
   </trkpt>
   <trkpt lat="50.84297" lon="4.5357400000000005">
    <ele>82.12</ele>
   </trkpt>
   <trkpt lat="50.843140000000005" lon="4.53572">
    <ele>82.12</ele>
   </trkpt>
   <trkpt lat="50.84329" lon="4.53573">
    <ele>82.91000000000001</ele>
   </trkpt>
   <trkpt lat="50.84347" lon="4.53579">
    <ele>83.4</ele>
   </trkpt>
   <trkpt lat="50.8442" lon="4.5362100000000005">
    <ele>85.07000000000001</ele>
   </trkpt>
   <trkpt lat="50.844440000000006" lon="4.53638">
    <ele>85.41000000000001</ele>
   </trkpt>
   <trkpt lat="50.84501500107335" lon="4.53686499408012">
    <ele>87.81000000000002</ele>
   </trkpt>
   <trkpt lat="50.84559" lon="4.53735">
    <ele>89.06000000000002</ele>
   </trkpt>
   <trkpt lat="50.845980000000004" lon="4.53765">
    <ele>89.98</ele>
   </trkpt>
   <trkpt lat="50.84644" lon="4.53789">
    <ele>90.78000000000002</ele>
   </trkpt>
   <trkpt lat="50.8468" lon="4.53802">
    <ele>90.99</ele>
   </trkpt>
   <trkpt lat="50.84707" lon="4.538080000000001">
    <ele>91.14000000000001</ele>
   </trkpt>
   <trkpt lat="50.84767" lon="4.53814">
    <ele>92.24</ele>
   </trkpt>
   <trkpt lat="50.84789000000001" lon="4.53821">
    <ele>92.37</ele>
   </trkpt>
   <trkpt lat="50.848090000000006" lon="4.53831">
    <ele>92.64000000000001</ele>
   </trkpt>
   <trkpt lat="50.848220000000005" lon="4.5384">
    <ele>93.02000000000001</ele>
   </trkpt>
   <trkpt lat="50.84893500178657" lon="4.539034990323559">
    <ele>93.42</ele>
   </trkpt>
   <trkpt lat="50.849650000000004" lon="4.53967">
    <ele>94.03</ele>
   </trkpt>
   <trkpt lat="50.84982" lon="4.53976">
    <ele>94.61000000000001</ele>
   </trkpt>
   <trkpt lat="50.849990000000005" lon="4.5398000000000005">
    <ele>94.92</ele>
   </trkpt>
   <trkpt lat="50.85077000009757" lon="4.539854999086251">
    <ele>95.71000000000001</ele>
   </trkpt>
   <trkpt lat="50.85155" lon="4.539910000000001">
    <ele>96.09</ele>
   </trkpt>
   <trkpt lat="50.85173" lon="4.53992">
    <ele>96.01</ele>
   </trkpt>
   <trkpt lat="50.85206" lon="4.539890000000001">
    <ele>95.31</ele>
   </trkpt>
   <trkpt lat="50.8522" lon="4.53985">
    <ele>95.31</ele>
   </trkpt>
   <trkpt lat="50.852520000000005" lon="4.539700000000001">
    <ele>93.09</ele>
   </trkpt>
   <trkpt lat="50.852700000000006" lon="4.5396">
    <ele>92.41000000000001</ele>
   </trkpt>
   <trkpt lat="50.85342000130045" lon="4.539045008579711">
    <ele>88.77</ele>
   </trkpt>
   <trkpt lat="50.85414" lon="4.53849">
    <ele>85.18</ele>
   </trkpt>
   <trkpt lat="50.85469500187174" lon="4.537825007934742">
    <ele>82.77000000000001</ele>
   </trkpt>
   <trkpt lat="50.855250000000005" lon="4.53716">
    <ele>80.62</ele>
   </trkpt>
   <trkpt lat="50.85558" lon="4.536840000000001">
    <ele>79.13000000000001</ele>
   </trkpt>
   <trkpt lat="50.85586000000001" lon="4.536650000000001">
    <ele>78.42999999999999</ele>
   </trkpt>
   <trkpt lat="50.856390000000005" lon="4.53643">
    <ele>77.33000000000001</ele>
   </trkpt>
   <trkpt lat="50.85712000143723" lon="4.536020012835628">
    <ele>77.33000000000001</ele>
   </trkpt>
   <trkpt lat="50.857850001438116" lon="4.535610012835388">
    <ele>70.41</ele>
   </trkpt>
   <trkpt lat="50.85858" lon="4.535200000000001">
    <ele>70.41</ele>
   </trkpt>
   <trkpt lat="50.858720000000005" lon="4.535150000000001">
    <ele>70.14</ele>
   </trkpt>
   <trkpt lat="50.859424999981215" lon="4.535030001827937">
    <ele>69.73</ele>
   </trkpt>
   <trkpt lat="50.860130000000005" lon="4.53491">
    <ele>69.52000000000001</ele>
   </trkpt>
   <trkpt lat="50.86021" lon="4.534870000000001">
    <ele>69.52000000000001</ele>
   </trkpt>
   <trkpt lat="50.860330000000005" lon="4.53465">
    <ele>69.43</ele>
   </trkpt>
   <trkpt lat="50.860440000000004" lon="4.5343100000000005">
    <ele>69.47</ele>
   </trkpt>
   <trkpt lat="50.86059" lon="4.53352">
    <ele>69.78</ele>
   </trkpt>
   <trkpt lat="50.860760000000006" lon="4.5324">
    <ele>71.01</ele>
   </trkpt>
   <trkpt lat="50.8609" lon="4.5311200000000005">
    <ele>73.53000000000002</ele>
   </trkpt>
   <trkpt lat="50.86095" lon="4.5303700000000005">
    <ele>74.32000000000001</ele>
   </trkpt>
   <trkpt lat="50.86100500778544" lon="4.529020001614056">
    <ele>73.56</ele>
   </trkpt>
   <trkpt lat="50.86106" lon="4.5276700000000005">
    <ele>72.05</ele>
   </trkpt>
   <trkpt lat="50.861050000000006" lon="4.52683">
    <ele>70.27</ele>
   </trkpt>
   <trkpt lat="50.861000000000004" lon="4.526070000000001">
    <ele>69.55</ele>
   </trkpt>
   <trkpt lat="50.86094000000001" lon="4.52547">
    <ele>68.39</ele>
   </trkpt>
   <trkpt lat="50.860752520342174" lon="4.5242099847584765">
    <ele>68.39</ele>
   </trkpt>
   <trkpt lat="50.86056502711859" lon="4.52294997964965">
    <ele>65.71000000000001</ele>
   </trkpt>
   <trkpt lat="50.86037752032949" lon="4.521689984674104">
    <ele>65.71000000000001</ele>
   </trkpt>
   <trkpt lat="50.86019" lon="4.52043">
    <ele>65.72</ele>
   </trkpt>
   <trkpt lat="50.86018000000001" lon="4.5200700000000005">
    <ele>65.48</ele>
   </trkpt>
   <trkpt lat="50.860240000000005" lon="4.51973">
    <ele>65.06</ele>
   </trkpt>
   <trkpt lat="50.86032" lon="4.5195300000000005">
    <ele>65.06</ele>
   </trkpt>
   <trkpt lat="50.86061" lon="4.51902">
    <ele>63.57</ele>
   </trkpt>
   <trkpt lat="50.860890000000005" lon="4.5186">
    <ele>63.33000000000001</ele>
   </trkpt>
   <trkpt lat="50.861290000000004" lon="4.51811">
    <ele>62.32000000000001</ele>
   </trkpt>
   <trkpt lat="50.861430000000006" lon="4.5179800000000006">
    <ele>61.75000000000001</ele>
   </trkpt>
   <trkpt lat="50.862170000000006" lon="4.5175">
    <ele>60.050000000000004</ele>
   </trkpt>
   <trkpt lat="50.86269000075497" lon="4.5171250040711195">
    <ele>58.75</ele>
   </trkpt>
   <trkpt lat="50.86321" lon="4.51675">
    <ele>58.52</ele>
   </trkpt>
   <trkpt lat="50.863260000000004" lon="4.516590000000001">
    <ele>59.10000000000001</ele>
   </trkpt>
   <trkpt lat="50.86343" lon="4.5164100000000005">
    <ele>59.440000000000005</ele>
   </trkpt>
   <trkpt lat="50.863420000000005" lon="4.5164100000000005">
    <ele>58.54</ele>
   </trkpt>
   <trkpt lat="50.863600000000005" lon="4.51642">
    <ele>58.690000000000005</ele>
   </trkpt>
   <trkpt lat="50.863800000000005" lon="4.51637">
    <ele>60.440000000000005</ele>
   </trkpt>
   <trkpt lat="50.86388" lon="4.51644">
    <ele>60.53000000000001</ele>
   </trkpt>
   <trkpt lat="50.86410000000001" lon="4.51656">
    <ele>61.050000000000004</ele>
   </trkpt>
   <trkpt lat="50.86475000113147" lon="4.516862487328288">
    <ele>61.050000000000004</ele>
   </trkpt>
   <trkpt lat="50.865400001481106" lon="4.517164983091285">
    <ele>73.51</ele>
   </trkpt>
   <trkpt lat="50.866050001048876" lon="4.517467487289412">
    <ele>73.51</ele>
   </trkpt>
   <trkpt lat="50.8667" lon="4.5177700000000005">
    <ele>73.51</ele>
   </trkpt>
   <trkpt lat="50.866980000000005" lon="4.5179100000000005">
    <ele>71.18</ele>
   </trkpt>
   <trkpt lat="50.867270000000005" lon="4.518120000000001">
    <ele>72.36</ele>
   </trkpt>
   <trkpt lat="50.867650000000005" lon="4.518490000000001">
    <ele>74.23</ele>
   </trkpt>
   <trkpt lat="50.86829000813374" lon="4.5191799621048006">
    <ele>73.82000000000001</ele>
   </trkpt>
   <trkpt lat="50.86893001219993" lon="4.519869943155408">
    <ele>73.82000000000001</ele>
   </trkpt>
   <trkpt lat="50.86957001219836" lon="4.520559943152658">
    <ele>76.96</ele>
   </trkpt>
   <trkpt lat="50.87021000812883" lon="4.521249962097381">
    <ele>76.96</ele>
   </trkpt>
   <trkpt lat="50.870850000000004" lon="4.521940000000001">
    <ele>76.96</ele>
   </trkpt>
   <trkpt lat="50.87102" lon="4.52202">
    <ele>76.9</ele>
   </trkpt>
   <trkpt lat="50.87113" lon="4.522150000000001">
    <ele>76.69000000000001</ele>
   </trkpt>
   <trkpt lat="50.87125" lon="4.522290000000001">
    <ele>76.69000000000001</ele>
   </trkpt>
   <trkpt lat="50.871320000000004" lon="4.5224400000000005">
    <ele>76.51</ele>
   </trkpt>
   <trkpt lat="50.871880005492194" lon="4.523239980810891">
    <ele>76.64</ele>
   </trkpt>
   <trkpt lat="50.87244000551637" lon="4.524039980845102">
    <ele>75.44000000000001</ele>
   </trkpt>
   <trkpt lat="50.873000000000005" lon="4.52484">
    <ele>72.84</ele>
   </trkpt>
   <trkpt lat="50.87301" lon="4.524970000000001">
    <ele>73.56</ele>
   </trkpt>
   <trkpt lat="50.87304" lon="4.52508">
    <ele>73.56</ele>
   </trkpt>
   <trkpt lat="50.87317" lon="4.52519">
    <ele>73.17000000000002</ele>
   </trkpt>
   <trkpt lat="50.87354002076477" lon="4.526462469737933">
    <ele>73.17000000000002</ele>
   </trkpt>
   <trkpt lat="50.873910027695246" lon="4.527734959680362">
    <ele>62.480000000000004</ele>
   </trkpt>
   <trkpt lat="50.87428002079105" lon="4.5290074698271185">
    <ele>62.480000000000004</ele>
   </trkpt>
   <trkpt lat="50.87465" lon="4.53028">
    <ele>62.44</ele>
   </trkpt>
   <trkpt lat="50.87465" lon="4.530270000000001">
    <ele>60.440000000000005</ele>
   </trkpt>
   <trkpt lat="50.874900000000004" lon="4.5310500000000005">
    <ele>58.88</ele>
   </trkpt>
   <trkpt lat="50.8752200055906" lon="4.531859988838656">
    <ele>58.09</ele>
   </trkpt>
   <trkpt lat="50.87554000557569" lon="4.532669988800797">
    <ele>57.03</ele>
   </trkpt>
   <trkpt lat="50.87586" lon="4.53348">
    <ele>56.09</ele>
   </trkpt>
   <trkpt lat="50.87604" lon="4.5340300000000004">
    <ele>55.34</ele>
   </trkpt>
   <trkpt lat="50.87615" lon="4.5344500000000005">
    <ele>55.34</ele>
   </trkpt>
   <trkpt lat="50.87630000000001" lon="4.53526">
    <ele>54.830000000000005</ele>
   </trkpt>
   <trkpt lat="50.87641500388454" lon="4.536209997896945">
    <ele>54.82000000000001</ele>
   </trkpt>
   <trkpt lat="50.87653" lon="4.53716">
    <ele>55.66</ele>
   </trkpt>
   <trkpt lat="50.876560000000005" lon="4.5381100000000005">
    <ele>56.480000000000004</ele>
   </trkpt>
   <trkpt lat="50.87651" lon="4.53904">
    <ele>55.900000000000006</ele>
   </trkpt>
   <trkpt lat="50.876380000000005" lon="4.540220000000001">
    <ele>55.07000000000001</ele>
   </trkpt>
   <trkpt lat="50.876340000000006" lon="4.5404800000000005">
    <ele>54.690000000000005</ele>
   </trkpt>
   <trkpt lat="50.87628" lon="4.540710000000001">
    <ele>54.690000000000005</ele>
   </trkpt>
   <trkpt lat="50.876050000000006" lon="4.541250000000001">
    <ele>55.31</ele>
   </trkpt>
   <trkpt lat="50.87597" lon="4.541580000000001">
    <ele>55.53</ele>
   </trkpt>
   <trkpt lat="50.87592" lon="4.54209">
    <ele>57.080000000000005</ele>
   </trkpt>
   <trkpt lat="50.87595" lon="4.54241">
    <ele>57.14</ele>
   </trkpt>
   <trkpt lat="50.87603000000001" lon="4.54283">
    <ele>57.17</ele>
   </trkpt>
   <trkpt lat="50.87630000000001" lon="4.54377">
    <ele>56.790000000000006</ele>
   </trkpt>
   <trkpt lat="50.876340000000006" lon="4.54377">
    <ele>56.790000000000006</ele>
   </trkpt>
   <trkpt lat="50.876430000000006" lon="4.54394">
    <ele>56.290000000000006</ele>
   </trkpt>
   <trkpt lat="50.876825003018375" lon="4.544769993123487">
    <ele>55.330000000000005</ele>
   </trkpt>
   <trkpt lat="50.87722" lon="4.5456">
    <ele>54.81</ele>
   </trkpt>
   <trkpt lat="50.877520003034334" lon="4.546439994648751">
    <ele>55.61000000000001</ele>
   </trkpt>
   <trkpt lat="50.87782000000001" lon="4.547280000000001">
    <ele>55.74</ele>
   </trkpt>
   <trkpt lat="50.87805" lon="4.54776">
    <ele>55.07000000000001</ele>
   </trkpt>
   <trkpt lat="50.87825" lon="4.548290000000001">
    <ele>53.910000000000004</ele>
   </trkpt>
   <trkpt lat="50.87847000000001" lon="4.54905">
    <ele>52.46000000000001</ele>
   </trkpt>
   <trkpt lat="50.87858000000001" lon="4.54961">
    <ele>52.04</ele>
   </trkpt>
   <trkpt lat="50.87871000273027" lon="4.550409997745491">
    <ele>51.550000000000004</ele>
   </trkpt>
   <trkpt lat="50.878840000000004" lon="4.55121">
    <ele>51.29</ele>
   </trkpt>
  </trkseg>
 </trk>
</gpx>
