<?xml version="1.0" encoding="UTF-8"?>
<gpx creator="StravaGPX" version="1.1" xmlns="http://www.topografix.com/GPX/1/1" xmlns:xsi="http://www.w3.org/2001/XMLSchema-instance" xsi:schemaLocation="http://www.topografix.com/GPX/1/1 http://www.topografix.com/GPX/1/1/gpx.xsd">
 <metadata>
  <name>OACT - Meldert 2026</name>
  <desc>Meldert 2025 aangepast en omgekeerd</desc>
  <author>
   <name>Haecky 🐻</name>
   <link href="https://www.strava.com/athletes/1643587"/>
  </author>
  <copyright author="OpenStreetMap contributors">
   <year>2020</year>
   <license>https://www.openstreetmap.org/copyright</license>
  </copyright>
  <link href="https://www.strava.com/routes/3508834566789080368"/>
 </metadata>
 <trk>
  <name>OACT - Meldert 2026</name>
  <desc>Meldert 2025 aangepast en omgekeerd</desc>
  <link href="https://www.strava.com/routes/3508834566789080368"/>
  <type>cycling</type>
  <trkseg>
   <trkpt lat="50.878910000000005" lon="4.551760000000001">
    <ele>51.010000000000005</ele>
   </trkpt>
   <trkpt lat="50.879020000000004" lon="4.5528">
    <ele>50.980000000000004</ele>
   </trkpt>
   <trkpt lat="50.87917000591496" lon="4.5539749963528235">
    <ele>50.81</ele>
   </trkpt>
   <trkpt lat="50.87932000000001" lon="4.55515">
    <ele>51.510000000000005</ele>
   </trkpt>
   <trkpt lat="50.879585004431604" lon="4.55616499434535">
    <ele>53.050000000000004</ele>
   </trkpt>
   <trkpt lat="50.879850000000005" lon="4.557180000000001">
    <ele>54.24</ele>
   </trkpt>
   <trkpt lat="50.88005334570682" lon="4.558383322845809">
    <ele>54.37</ele>
   </trkpt>
   <trkpt lat="50.880256679042695" lon="4.559586656193951">
    <ele>53.46000000000001</ele>
   </trkpt>
   <trkpt lat="50.88046000000001" lon="4.560790000000001">
    <ele>51.800000000000004</ele>
   </trkpt>
   <trkpt lat="50.880500000000005" lon="4.5613600000000005">
    <ele>51.34</ele>
   </trkpt>
   <trkpt lat="50.88047" lon="4.56195">
    <ele>50.53</ele>
   </trkpt>
   <trkpt lat="50.88028000450277" lon="4.562975004099827">
    <ele>49.06</ele>
   </trkpt>
   <trkpt lat="50.88009" lon="4.564">
    <ele>46.6</ele>
   </trkpt>
   <trkpt lat="50.88006000000001" lon="4.56426">
    <ele>46.150000000000006</ele>
   </trkpt>
   <trkpt lat="50.88007500398007" lon="4.565224999825937">
    <ele>45.62</ele>
   </trkpt>
   <trkpt lat="50.88009" lon="4.566190000000001">
    <ele>45.43000000000001</ele>
   </trkpt>
   <trkpt lat="50.880030000000005" lon="4.56625">
    <ele>45.43000000000001</ele>
   </trkpt>
   <trkpt lat="50.88002" lon="4.566350000000001">
    <ele>45.43000000000001</ele>
   </trkpt>
   <trkpt lat="50.87944000035847" lon="4.566675004097275">
    <ele>45.87</ele>
   </trkpt>
   <trkpt lat="50.87886" lon="4.567">
    <ele>47.510000000000005</ele>
   </trkpt>
   <trkpt lat="50.87834500079326" lon="4.567430004749405">
    <ele>50.910000000000004</ele>
   </trkpt>
   <trkpt lat="50.87783" lon="4.5678600000000005">
    <ele>53.74</ele>
   </trkpt>
   <trkpt lat="50.877390000000005" lon="4.5681">
    <ele>55.84</ele>
   </trkpt>
   <trkpt lat="50.87733" lon="4.56801">
    <ele>55.64</ele>
   </trkpt>
   <trkpt lat="50.877300000000005" lon="4.5680000000000005">
    <ele>55.64</ele>
   </trkpt>
   <trkpt lat="50.87724000000001" lon="4.568020000000001">
    <ele>55.64</ele>
   </trkpt>
   <trkpt lat="50.8772" lon="4.5681">
    <ele>56.050000000000004</ele>
   </trkpt>
   <trkpt lat="50.877190000000006" lon="4.56815">
    <ele>56.050000000000004</ele>
   </trkpt>
   <trkpt lat="50.877210000000005" lon="4.56826">
    <ele>56.050000000000004</ele>
   </trkpt>
   <trkpt lat="50.87727" lon="4.56832">
    <ele>55.970000000000006</ele>
   </trkpt>
   <trkpt lat="50.877300000000005" lon="4.56832">
    <ele>55.970000000000006</ele>
   </trkpt>
   <trkpt lat="50.87735000000001" lon="4.5686">
    <ele>55.690000000000005</ele>
   </trkpt>
   <trkpt lat="50.87747" lon="4.5689400000000004">
    <ele>55.06</ele>
   </trkpt>
   <trkpt lat="50.87778" lon="4.569500000000001">
    <ele>53.550000000000004</ele>
   </trkpt>
   <trkpt lat="50.8781" lon="4.57022">
    <ele>51.260000000000005</ele>
   </trkpt>
   <trkpt lat="50.87820000000001" lon="4.57057">
    <ele>50.72</ele>
   </trkpt>
   <trkpt lat="50.87829000000001" lon="4.57073">
    <ele>49.95</ele>
   </trkpt>
   <trkpt lat="50.87865000000001" lon="4.57101">
    <ele>47.82</ele>
   </trkpt>
   <trkpt lat="50.878820000000005" lon="4.5712">
    <ele>47.82</ele>
   </trkpt>
   <trkpt lat="50.87903000000001" lon="4.5715900000000005">
    <ele>47.300000000000004</ele>
   </trkpt>
   <trkpt lat="50.878540001136564" lon="4.572130005798504">
    <ele>48.24</ele>
   </trkpt>
   <trkpt lat="50.87805" lon="4.5726700000000005">
    <ele>48.42</ele>
   </trkpt>
   <trkpt lat="50.87800000000001" lon="4.5727">
    <ele>48.59</ele>
   </trkpt>
   <trkpt lat="50.87747" lon="4.57321">
    <ele>48.89</ele>
   </trkpt>
   <trkpt lat="50.87686" lon="4.5738900000000005">
    <ele>48.57</ele>
   </trkpt>
   <trkpt lat="50.87625333655762" lon="4.574506682747162">
    <ele>48.32</ele>
   </trkpt>
   <trkpt lat="50.87564666986617" lon="4.5751233494387336">
    <ele>47.61000000000001</ele>
   </trkpt>
   <trkpt lat="50.875040000000006" lon="4.575740000000001">
    <ele>47.68000000000001</ele>
   </trkpt>
   <trkpt lat="50.875530000000005" lon="4.5765">
    <ele>47.05</ele>
   </trkpt>
   <trkpt lat="50.87556000000001" lon="4.57676">
    <ele>47.09</ele>
   </trkpt>
   <trkpt lat="50.87545" lon="4.57741">
    <ele>47.5</ele>
   </trkpt>
   <trkpt lat="50.875400000000006" lon="4.57741">
    <ele>47.5</ele>
   </trkpt>
   <trkpt lat="50.87536000000001" lon="4.5774300000000006">
    <ele>47.5</ele>
   </trkpt>
   <trkpt lat="50.875280000000004" lon="4.577520000000001">
    <ele>47.74</ele>
   </trkpt>
   <trkpt lat="50.874880000000005" lon="4.57784">
    <ele>48.510000000000005</ele>
   </trkpt>
   <trkpt lat="50.87467" lon="4.57796">
    <ele>49.28</ele>
   </trkpt>
   <trkpt lat="50.873990000000006" lon="4.5782300000000005">
    <ele>52.4</ele>
   </trkpt>
   <trkpt lat="50.873160000000006" lon="4.57847">
    <ele>57.900000000000006</ele>
   </trkpt>
   <trkpt lat="50.872310000000006" lon="4.5789">
    <ele>61.980000000000004</ele>
   </trkpt>
   <trkpt lat="50.8721" lon="4.5789800000000005">
    <ele>61.980000000000004</ele>
   </trkpt>
   <trkpt lat="50.871860000000005" lon="4.5790500000000005">
    <ele>63.43</ele>
   </trkpt>
   <trkpt lat="50.87134000016131" lon="4.579160001204">
    <ele>66.75</ele>
   </trkpt>
   <trkpt lat="50.87082" lon="4.57927">
    <ele>68.96000000000001</ele>
   </trkpt>
   <trkpt lat="50.87026499983804" lon="4.57936500116546">
    <ele>71.44</ele>
   </trkpt>
   <trkpt lat="50.869710000000005" lon="4.57946">
    <ele>74.37</ele>
   </trkpt>
   <trkpt lat="50.86941" lon="4.57953">
    <ele>77.26</ele>
   </trkpt>
   <trkpt lat="50.86869" lon="4.579770000000001">
    <ele>82.13000000000001</ele>
   </trkpt>
   <trkpt lat="50.86824000000001" lon="4.57995">
    <ele>83.63000000000001</ele>
   </trkpt>
   <trkpt lat="50.86797000000001" lon="4.580150000000001">
    <ele>85.31</ele>
   </trkpt>
   <trkpt lat="50.86766" lon="4.580520000000001">
    <ele>87.47</ele>
   </trkpt>
   <trkpt lat="50.86722" lon="4.58122">
    <ele>89.78000000000002</ele>
   </trkpt>
   <trkpt lat="50.86697" lon="4.5814900000000005">
    <ele>90.11000000000001</ele>
   </trkpt>
   <trkpt lat="50.86675" lon="4.581600000000001">
    <ele>89.9</ele>
   </trkpt>
   <trkpt lat="50.86654000000001" lon="4.581650000000001">
    <ele>89.43</ele>
   </trkpt>
   <trkpt lat="50.866330000000005" lon="4.5816300000000005">
    <ele>89.22</ele>
   </trkpt>
   <trkpt lat="50.86621" lon="4.58159">
    <ele>89.00000000000001</ele>
   </trkpt>
   <trkpt lat="50.865452501262375" lon="4.581277484771809">
    <ele>85.71000000000001</ele>
   </trkpt>
   <trkpt lat="50.86469500169029" lon="4.580964979699092">
    <ele>82.01</ele>
   </trkpt>
   <trkpt lat="50.86393750128379" lon="4.580652484781256">
    <ele>80.71000000000001</ele>
   </trkpt>
   <trkpt lat="50.86318000000001" lon="4.5803400000000005">
    <ele>82.65</ele>
   </trkpt>
   <trkpt lat="50.86303" lon="4.580290000000001">
    <ele>83.08</ele>
   </trkpt>
   <trkpt lat="50.86267" lon="4.5802700000000005">
    <ele>83.24000000000001</ele>
   </trkpt>
   <trkpt lat="50.86243" lon="4.58032">
    <ele>82.69000000000001</ele>
   </trkpt>
   <trkpt lat="50.86216" lon="4.58044">
    <ele>81.02000000000001</ele>
   </trkpt>
   <trkpt lat="50.861520000000006" lon="4.580900000000001">
    <ele>76.87</ele>
   </trkpt>
   <trkpt lat="50.861025000797824" lon="4.581295004088593">
    <ele>73.06</ele>
   </trkpt>
   <trkpt lat="50.860530000000004" lon="4.58169">
    <ele>68.29</ele>
   </trkpt>
   <trkpt lat="50.859858005593864" lon="4.5822620329709975">
    <ele>64.84</ele>
   </trkpt>
   <trkpt lat="50.859186008391774" lon="4.582834049454728">
    <ele>61.2</ele>
   </trkpt>
   <trkpt lat="50.858514008393904" lon="4.583406049451993">
    <ele>57.35</ele>
   </trkpt>
   <trkpt lat="50.85784200560038" lon="4.5839780329635955">
    <ele>53.720000000000006</ele>
   </trkpt>
   <trkpt lat="50.85717" lon="4.58455">
    <ele>53.45</ele>
   </trkpt>
   <trkpt lat="50.85699" lon="4.58469">
    <ele>53.660000000000004</ele>
   </trkpt>
   <trkpt lat="50.85633000000001" lon="4.58516">
    <ele>54.080000000000005</ele>
   </trkpt>
   <trkpt lat="50.856030000000004" lon="4.585430000000001">
    <ele>54.86000000000001</ele>
   </trkpt>
   <trkpt lat="50.85542000365602" lon="4.586083350414893">
    <ele>60.04</ele>
   </trkpt>
   <trkpt lat="50.85481000366457" lon="4.586736683738781">
    <ele>64.82000000000001</ele>
   </trkpt>
   <trkpt lat="50.854200000000006" lon="4.58739">
    <ele>69.46000000000001</ele>
   </trkpt>
   <trkpt lat="50.8541" lon="4.587540000000001">
    <ele>69.53</ele>
   </trkpt>
   <trkpt lat="50.853415002773744" lon="4.588335011590874">
    <ele>68.58</ele>
   </trkpt>
   <trkpt lat="50.85273" lon="4.58913">
    <ele>67.3</ele>
   </trkpt>
   <trkpt lat="50.852050000000006" lon="4.590000000000001">
    <ele>63.06</ele>
   </trkpt>
   <trkpt lat="50.851470004214754" lon="4.591000012534484">
    <ele>56.910000000000004</ele>
   </trkpt>
   <trkpt lat="50.85089000000001" lon="4.5920000000000005">
    <ele>50.36</ele>
   </trkpt>
   <trkpt lat="50.8505400013688" lon="4.592565004231601">
    <ele>48.480000000000004</ele>
   </trkpt>
   <trkpt lat="50.850190000000005" lon="4.59313">
    <ele>48.080000000000005</ele>
   </trkpt>
   <trkpt lat="50.85004000000001" lon="4.593260000000001">
    <ele>48.11000000000001</ele>
   </trkpt>
   <trkpt lat="50.84942000028197" lon="4.593530003601508">
    <ele>49.120000000000005</ele>
   </trkpt>
   <trkpt lat="50.848800000000004" lon="4.593800000000001">
    <ele>52.230000000000004</ele>
   </trkpt>
   <trkpt lat="50.84868" lon="4.5939000000000005">
    <ele>52.230000000000004</ele>
   </trkpt>
   <trkpt lat="50.84823" lon="4.5926800000000005">
    <ele>52.0</ele>
   </trkpt>
   <trkpt lat="50.84796000155248" lon="4.592069996384906">
    <ele>52.050000000000004</ele>
   </trkpt>
   <trkpt lat="50.84769000000001" lon="4.5914600000000005">
    <ele>54.040000000000006</ele>
   </trkpt>
   <trkpt lat="50.847280000000005" lon="4.5904300000000005">
    <ele>53.65</ele>
   </trkpt>
   <trkpt lat="50.847240000000006" lon="4.590260000000001">
    <ele>53.65</ele>
   </trkpt>
   <trkpt lat="50.84707" lon="4.5892100000000005">
    <ele>51.68</ele>
   </trkpt>
   <trkpt lat="50.846990000000005" lon="4.58889">
    <ele>51.25</ele>
   </trkpt>
   <trkpt lat="50.84687" lon="4.58858">
    <ele>51.230000000000004</ele>
   </trkpt>
   <trkpt lat="50.846340000000005" lon="4.5878000000000005">
    <ele>52.160000000000004</ele>
   </trkpt>
   <trkpt lat="50.84582" lon="4.5869">
    <ele>53.03000000000001</ele>
   </trkpt>
   <trkpt lat="50.84539" lon="4.58568">
    <ele>50.28</ele>
   </trkpt>
   <trkpt lat="50.845110000000005" lon="4.5850800000000005">
    <ele>49.7</ele>
   </trkpt>
   <trkpt lat="50.844950000000004" lon="4.58492">
    <ele>49.510000000000005</ele>
   </trkpt>
   <trkpt lat="50.84434" lon="4.5846">
    <ele>49.36</ele>
   </trkpt>
   <trkpt lat="50.84382" lon="4.5842">
    <ele>49.400000000000006</ele>
   </trkpt>
   <trkpt lat="50.843430000000005" lon="4.5837200000000005">
    <ele>49.54</ele>
   </trkpt>
   <trkpt lat="50.84311" lon="4.58324">
    <ele>49.56</ele>
   </trkpt>
   <trkpt lat="50.8427850014682" lon="4.582679996320237">
    <ele>49.830000000000005</ele>
   </trkpt>
   <trkpt lat="50.84246" lon="4.582120000000001">
    <ele>50.17</ele>
   </trkpt>
   <trkpt lat="50.84194500158296" lon="4.582730006741125">
    <ele>52.410000000000004</ele>
   </trkpt>
   <trkpt lat="50.84143" lon="4.583340000000001">
    <ele>55.14</ele>
   </trkpt>
   <trkpt lat="50.841260000000005" lon="4.58361">
    <ele>55.25000000000001</ele>
   </trkpt>
   <trkpt lat="50.84103" lon="4.583340000000001">
    <ele>54.1</ele>
   </trkpt>
   <trkpt lat="50.840680000000006" lon="4.58281">
    <ele>53.83</ele>
   </trkpt>
   <trkpt lat="50.839830000000006" lon="4.58251">
    <ele>53.99</ele>
   </trkpt>
   <trkpt lat="50.839000000000006" lon="4.58225">
    <ele>55.36000000000001</ele>
   </trkpt>
   <trkpt lat="50.8389" lon="4.582280000000001">
    <ele>55.36000000000001</ele>
   </trkpt>
   <trkpt lat="50.83881" lon="4.58234">
    <ele>55.53</ele>
   </trkpt>
   <trkpt lat="50.83841" lon="4.58265">
    <ele>55.99</ele>
   </trkpt>
   <trkpt lat="50.83825" lon="4.582820000000001">
    <ele>56.82</ele>
   </trkpt>
   <trkpt lat="50.83814" lon="4.582890000000001">
    <ele>56.82</ele>
   </trkpt>
   <trkpt lat="50.83804000000001" lon="4.58293">
    <ele>57.49</ele>
   </trkpt>
   <trkpt lat="50.837920000000004" lon="4.58293">
    <ele>57.49</ele>
   </trkpt>
   <trkpt lat="50.83715000019091" lon="4.582794997792354">
    <ele>60.22</ele>
   </trkpt>
   <trkpt lat="50.836380000000005" lon="4.582660000000001">
    <ele>64.43</ele>
   </trkpt>
   <trkpt lat="50.83591000014857" lon="4.58261499956021">
    <ele>66.92</ele>
   </trkpt>
   <trkpt lat="50.835440000000006" lon="4.5825700000000005">
    <ele>69.96000000000001</ele>
   </trkpt>
   <trkpt lat="50.835060000000006" lon="4.58263">
    <ele>72.26</ele>
   </trkpt>
   <trkpt lat="50.83493000000001" lon="4.5827">
    <ele>73.68</ele>
   </trkpt>
   <trkpt lat="50.834590000000006" lon="4.583010000000001">
    <ele>75.51</ele>
   </trkpt>
   <trkpt lat="50.83442" lon="4.58309">
    <ele>77.43</ele>
   </trkpt>
   <trkpt lat="50.834300000000006" lon="4.58309">
    <ele>78.01</ele>
   </trkpt>
   <trkpt lat="50.83390000000001" lon="4.58303">
    <ele>82.26</ele>
   </trkpt>
   <trkpt lat="50.83357" lon="4.58305">
    <ele>83.65</ele>
   </trkpt>
   <trkpt lat="50.833090000000006" lon="4.58302">
    <ele>87.20000000000002</ele>
   </trkpt>
   <trkpt lat="50.832950000000004" lon="4.58316">
    <ele>87.20000000000002</ele>
   </trkpt>
   <trkpt lat="50.83243" lon="4.5837900000000005">
    <ele>91.19000000000001</ele>
   </trkpt>
   <trkpt lat="50.831900000000005" lon="4.58328">
    <ele>92.04</ele>
   </trkpt>
   <trkpt lat="50.831770000000006" lon="4.58307">
    <ele>92.09</ele>
   </trkpt>
   <trkpt lat="50.83158" lon="4.58267">
    <ele>92.07000000000001</ele>
   </trkpt>
   <trkpt lat="50.83144" lon="4.582450000000001">
    <ele>92.21000000000001</ele>
   </trkpt>
   <trkpt lat="50.831210000000006" lon="4.5822">
    <ele>92.19000000000001</ele>
   </trkpt>
   <trkpt lat="50.83106" lon="4.5821000000000005">
    <ele>92.03</ele>
   </trkpt>
   <trkpt lat="50.83090000000001" lon="4.58206">
    <ele>91.50000000000001</ele>
   </trkpt>
   <trkpt lat="50.830390000101055" lon="4.582049999892715">
    <ele>90.01</ele>
   </trkpt>
   <trkpt lat="50.82988" lon="4.58204">
    <ele>89.66</ele>
   </trkpt>
   <trkpt lat="50.82943" lon="4.582000000000001">
    <ele>88.7</ele>
   </trkpt>
   <trkpt lat="50.82912" lon="4.58192">
    <ele>87.75</ele>
   </trkpt>
   <trkpt lat="50.82889" lon="4.58178">
    <ele>87.43</ele>
   </trkpt>
   <trkpt lat="50.828410000000005" lon="4.58138">
    <ele>87.65</ele>
   </trkpt>
   <trkpt lat="50.82797000000001" lon="4.58114">
    <ele>88.63</ele>
   </trkpt>
   <trkpt lat="50.82771" lon="4.58093">
    <ele>90.06</ele>
   </trkpt>
   <trkpt lat="50.827630000000006" lon="4.580780000000001">
    <ele>90.06</ele>
   </trkpt>
   <trkpt lat="50.82714000000001" lon="4.58012">
    <ele>91.99</ele>
   </trkpt>
   <trkpt lat="50.826715001633886" lon="4.579514994591551">
    <ele>94.01</ele>
   </trkpt>
   <trkpt lat="50.82629000000001" lon="4.5789100000000005">
    <ele>95.45</ele>
   </trkpt>
   <trkpt lat="50.82591000000001" lon="4.578250000000001">
    <ele>95.03</ele>
   </trkpt>
   <trkpt lat="50.825500000000005" lon="4.577330000000001">
    <ele>94.7</ele>
   </trkpt>
   <trkpt lat="50.82513500227336" lon="4.576589994079344">
    <ele>94.65</ele>
   </trkpt>
   <trkpt lat="50.82477" lon="4.57585">
    <ele>94.79</ele>
   </trkpt>
   <trkpt lat="50.82450000000001" lon="4.5754600000000005">
    <ele>94.51</ele>
   </trkpt>
   <trkpt lat="50.824110000000005" lon="4.575010000000001">
    <ele>93.86000000000001</ele>
   </trkpt>
   <trkpt lat="50.823930000000004" lon="4.5746400000000005">
    <ele>93.65</ele>
   </trkpt>
   <trkpt lat="50.82385000000001" lon="4.57441">
    <ele>93.65</ele>
   </trkpt>
   <trkpt lat="50.82374" lon="4.5738900000000005">
    <ele>94.01</ele>
   </trkpt>
   <trkpt lat="50.82372" lon="4.572850000000001">
    <ele>94.48</ele>
   </trkpt>
   <trkpt lat="50.82367000000001" lon="4.57233">
    <ele>94.83000000000001</ele>
   </trkpt>
   <trkpt lat="50.823510000000006" lon="4.5711200000000005">
    <ele>96.22000000000001</ele>
   </trkpt>
   <trkpt lat="50.82338500235525" lon="4.570369997700535">
    <ele>96.66000000000001</ele>
   </trkpt>
   <trkpt lat="50.823260000000005" lon="4.5696200000000005">
    <ele>97.0</ele>
   </trkpt>
   <trkpt lat="50.823035003698756" lon="4.568689995529198">
    <ele>97.64</ele>
   </trkpt>
   <trkpt lat="50.822810000000004" lon="4.567760000000001">
    <ele>98.75</ele>
   </trkpt>
   <trkpt lat="50.8226" lon="4.56698">
    <ele>99.11</ele>
   </trkpt>
   <trkpt lat="50.82231" lon="4.56602">
    <ele>99.80000000000001</ele>
   </trkpt>
   <trkpt lat="50.822230000000005" lon="4.56583">
    <ele>99.80000000000001</ele>
   </trkpt>
   <trkpt lat="50.82181500272853" lon="4.565029992877122">
    <ele>100.75</ele>
   </trkpt>
   <trkpt lat="50.821400000000004" lon="4.56423">
    <ele>102.46000000000001</ele>
   </trkpt>
   <trkpt lat="50.82108000253216" lon="4.563454994604932">
    <ele>103.34000000000002</ele>
   </trkpt>
   <trkpt lat="50.82076000000001" lon="4.56268">
    <ele>103.74000000000001</ele>
   </trkpt>
   <trkpt lat="50.820690000000006" lon="4.56243">
    <ele>103.61</ele>
   </trkpt>
   <trkpt lat="50.8207" lon="4.56236">
    <ele>103.61</ele>
   </trkpt>
   <trkpt lat="50.82052" lon="4.562200000000001">
    <ele>103.27000000000001</ele>
   </trkpt>
   <trkpt lat="50.820240000000005" lon="4.5618300000000005">
    <ele>102.95000000000002</ele>
   </trkpt>
   <trkpt lat="50.81998" lon="4.56137">
    <ele>102.55</ele>
   </trkpt>
   <trkpt lat="50.819840000000006" lon="4.561050000000001">
    <ele>102.46000000000001</ele>
   </trkpt>
   <trkpt lat="50.81976" lon="4.56076">
    <ele>102.19</ele>
   </trkpt>
   <trkpt lat="50.81964000000001" lon="4.5604700000000005">
    <ele>101.93</ele>
   </trkpt>
   <trkpt lat="50.819140000000004" lon="4.56099">
    <ele>98.57000000000001</ele>
   </trkpt>
   <trkpt lat="50.81842" lon="4.5616">
    <ele>91.32000000000001</ele>
   </trkpt>
   <trkpt lat="50.818430000000006" lon="4.56163">
    <ele>91.32000000000001</ele>
   </trkpt>
   <trkpt lat="50.81909" lon="4.56107">
    <ele>97.34</ele>
   </trkpt>
   <trkpt lat="50.81909" lon="4.56106">
    <ele>97.34</ele>
   </trkpt>
   <trkpt lat="50.819410000000005" lon="4.56076">
    <ele>100.06</ele>
   </trkpt>
   <trkpt lat="50.819610000000004" lon="4.5605">
    <ele>102.13000000000001</ele>
   </trkpt>
   <trkpt lat="50.819140000000004" lon="4.56099">
    <ele>98.57000000000001</ele>
   </trkpt>
   <trkpt lat="50.81842" lon="4.5616">
    <ele>92.17</ele>
   </trkpt>
   <trkpt lat="50.81777" lon="4.562130000000001">
    <ele>85.62</ele>
   </trkpt>
   <trkpt lat="50.81758000000001" lon="4.56233">
    <ele>83.81</ele>
   </trkpt>
   <trkpt lat="50.81700000000001" lon="4.562860000000001">
    <ele>80.39</ele>
   </trkpt>
   <trkpt lat="50.816880000000005" lon="4.563020000000001">
    <ele>79.83000000000001</ele>
   </trkpt>
   <trkpt lat="50.816810000000004" lon="4.56315">
    <ele>79.37</ele>
   </trkpt>
   <trkpt lat="50.81669500315712" lon="4.56400500186046">
    <ele>77.73</ele>
   </trkpt>
   <trkpt lat="50.81658" lon="4.56486">
    <ele>77.09</ele>
   </trkpt>
   <trkpt lat="50.81658" lon="4.56543">
    <ele>76.53</ele>
   </trkpt>
   <trkpt lat="50.81656" lon="4.56559">
    <ele>76.07000000000001</ele>
   </trkpt>
   <trkpt lat="50.816280000000006" lon="4.56684">
    <ele>75.08000000000001</ele>
   </trkpt>
   <trkpt lat="50.816050000000004" lon="4.5677">
    <ele>74.44</ele>
   </trkpt>
   <trkpt lat="50.81584" lon="4.568090000000001">
    <ele>74.15</ele>
   </trkpt>
   <trkpt lat="50.8158" lon="4.568160000000001">
    <ele>74.15</ele>
   </trkpt>
   <trkpt lat="50.815110000000004" lon="4.568890000000001">
    <ele>73.06</ele>
   </trkpt>
   <trkpt lat="50.81501" lon="4.56906">
    <ele>73.06</ele>
   </trkpt>
   <trkpt lat="50.81471500334798" lon="4.569935005301647">
    <ele>72.57000000000001</ele>
   </trkpt>
   <trkpt lat="50.814420000000005" lon="4.570810000000001">
    <ele>71.67000000000002</ele>
   </trkpt>
   <trkpt lat="50.81432" lon="4.57101">
    <ele>71.67000000000002</ele>
   </trkpt>
   <trkpt lat="50.81420000000001" lon="4.57118">
    <ele>71.25</ele>
   </trkpt>
   <trkpt lat="50.81411000000001" lon="4.5712600000000005">
    <ele>71.25</ele>
   </trkpt>
   <trkpt lat="50.81380000000001" lon="4.57136">
    <ele>70.96000000000001</ele>
   </trkpt>
   <trkpt lat="50.81371000000001" lon="4.571350000000001">
    <ele>70.87</ele>
   </trkpt>
   <trkpt lat="50.81363" lon="4.57132">
    <ele>70.87</ele>
   </trkpt>
   <trkpt lat="50.813" lon="4.5709">
    <ele>71.74000000000001</ele>
   </trkpt>
   <trkpt lat="50.81288000000001" lon="4.5708400000000005">
    <ele>72.27</ele>
   </trkpt>
   <trkpt lat="50.812740000000005" lon="4.570810000000001">
    <ele>73.15</ele>
   </trkpt>
   <trkpt lat="50.81248" lon="4.57082">
    <ele>75.63</ele>
   </trkpt>
   <trkpt lat="50.811975000029186" lon="4.570965001585094">
    <ele>79.64</ele>
   </trkpt>
   <trkpt lat="50.81147000000001" lon="4.57111">
    <ele>83.56</ele>
   </trkpt>
   <trkpt lat="50.8113" lon="4.57124">
    <ele>86.21000000000001</ele>
   </trkpt>
   <trkpt lat="50.81100000000001" lon="4.571400000000001">
    <ele>88.09</ele>
   </trkpt>
   <trkpt lat="50.81023500041397" lon="4.571685004642519">
    <ele>92.29</ele>
   </trkpt>
   <trkpt lat="50.809470000000005" lon="4.57197">
    <ele>94.17</ele>
   </trkpt>
   <trkpt lat="50.808620000044776" lon="4.572105002461648">
    <ele>95.4</ele>
   </trkpt>
   <trkpt lat="50.807770000000005" lon="4.572240000000001">
    <ele>94.26</ele>
   </trkpt>
   <trkpt lat="50.80754" lon="4.57223">
    <ele>94.05000000000001</ele>
   </trkpt>
   <trkpt lat="50.807410000000004" lon="4.572100000000001">
    <ele>94.05000000000001</ele>
   </trkpt>
   <trkpt lat="50.80709" lon="4.57171">
    <ele>93.22000000000001</ele>
   </trkpt>
   <trkpt lat="50.80686000000001" lon="4.57158">
    <ele>93.22000000000001</ele>
   </trkpt>
   <trkpt lat="50.80657" lon="4.5715900000000005">
    <ele>92.89000000000001</ele>
   </trkpt>
   <trkpt lat="50.80608999982294" lon="4.571665000801985">
    <ele>92.86000000000001</ele>
   </trkpt>
   <trkpt lat="50.80561" lon="4.57174">
    <ele>93.09</ele>
   </trkpt>
   <trkpt lat="50.80500333363306" lon="4.57191333782249">
    <ele>93.62</ele>
   </trkpt>
   <trkpt lat="50.804396667009314" lon="4.572086671143493">
    <ele>94.14</ele>
   </trkpt>
   <trkpt lat="50.803790000000006" lon="4.57226">
    <ele>94.99000000000001</ele>
   </trkpt>
   <trkpt lat="50.803540000000005" lon="4.572360000000001">
    <ele>95.56</ele>
   </trkpt>
   <trkpt lat="50.80331" lon="4.572500000000001">
    <ele>95.81</ele>
   </trkpt>
   <trkpt lat="50.80313" lon="4.5726700000000005">
    <ele>96.36</ele>
   </trkpt>
   <trkpt lat="50.802550004975124" lon="4.573295023310608">
    <ele>97.47</ele>
   </trkpt>
   <trkpt lat="50.80197000661091" lon="4.573920031104617">
    <ele>97.21000000000001</ele>
   </trkpt>
   <trkpt lat="50.80139000490755" lon="4.574545023382642">
    <ele>96.92</ele>
   </trkpt>
   <trkpt lat="50.800810000000006" lon="4.57517">
    <ele>96.92</ele>
   </trkpt>
   <trkpt lat="50.800630000000005" lon="4.575500000000001">
    <ele>96.98</ele>
   </trkpt>
   <trkpt lat="50.800540000000005" lon="4.575830000000001">
    <ele>97.0</ele>
   </trkpt>
   <trkpt lat="50.80046500312477" lon="4.576685001369773">
    <ele>97.33000000000001</ele>
   </trkpt>
   <trkpt lat="50.80039000000001" lon="4.57754">
    <ele>97.80000000000001</ele>
   </trkpt>
   <trkpt lat="50.800290000000004" lon="4.5779000000000005">
    <ele>97.86</ele>
   </trkpt>
   <trkpt lat="50.80022" lon="4.578060000000001">
    <ele>97.83000000000001</ele>
   </trkpt>
   <trkpt lat="50.799712507630005" lon="4.578832525202229">
    <ele>97.27000000000001</ele>
   </trkpt>
   <trkpt lat="50.79920501015847" lon="4.579605033625074">
    <ele>96.10000000000001</ele>
   </trkpt>
   <trkpt lat="50.798697507585594" lon="4.580377525269038">
    <ele>94.87</ele>
   </trkpt>
   <trkpt lat="50.798190000000005" lon="4.58115">
    <ele>93.66000000000001</ele>
   </trkpt>
   <trkpt lat="50.797740000000005" lon="4.5818900000000005">
    <ele>91.84</ele>
   </trkpt>
   <trkpt lat="50.79728801384199" lon="4.582790034831959">
    <ele>91.07000000000001</ele>
   </trkpt>
   <trkpt lat="50.79683602075922" lon="4.5836900522545765">
    <ele>89.56</ele>
   </trkpt>
   <trkpt lat="50.796384020751965" lon="4.584590052268202">
    <ele>86.69</ele>
   </trkpt>
   <trkpt lat="50.79593201382044" lon="4.585490034873187">
    <ele>84.07000000000001</ele>
   </trkpt>
   <trkpt lat="50.795480000000005" lon="4.586390000000001">
    <ele>82.51</ele>
   </trkpt>
   <trkpt lat="50.79538" lon="4.58657">
    <ele>82.35000000000001</ele>
   </trkpt>
   <trkpt lat="50.795210000000004" lon="4.58682">
    <ele>81.94000000000001</ele>
   </trkpt>
   <trkpt lat="50.79505" lon="4.586950000000001">
    <ele>81.51</ele>
   </trkpt>
   <trkpt lat="50.79459000000001" lon="4.587210000000001">
    <ele>78.42</ele>
   </trkpt>
   <trkpt lat="50.79431" lon="4.587280000000001">
    <ele>77.77000000000001</ele>
   </trkpt>
   <trkpt lat="50.793440000000004" lon="4.587160000000001">
    <ele>74.25000000000001</ele>
   </trkpt>
   <trkpt lat="50.79301" lon="4.587230000000001">
    <ele>73.60000000000001</ele>
   </trkpt>
   <trkpt lat="50.792550000000006" lon="4.587260000000001">
    <ele>73.32000000000001</ele>
   </trkpt>
   <trkpt lat="50.79243" lon="4.58718">
    <ele>73.21000000000001</ele>
   </trkpt>
   <trkpt lat="50.791740000000004" lon="4.58647">
    <ele>70.58</ele>
   </trkpt>
   <trkpt lat="50.79122" lon="4.58561">
    <ele>66.54</ele>
   </trkpt>
   <trkpt lat="50.791090000000004" lon="4.58544">
    <ele>66.54</ele>
   </trkpt>
   <trkpt lat="50.79099" lon="4.585400000000001">
    <ele>65.94</ele>
   </trkpt>
   <trkpt lat="50.79073" lon="4.585380000000001">
    <ele>65.14999999999999</ele>
   </trkpt>
   <trkpt lat="50.790600000000005" lon="4.58541">
    <ele>63.21</ele>
   </trkpt>
   <trkpt lat="50.79045000000001" lon="4.58549">
    <ele>63.21</ele>
   </trkpt>
   <trkpt lat="50.790290000000006" lon="4.58561">
    <ele>61.76</ele>
   </trkpt>
   <trkpt lat="50.79017" lon="4.58575">
    <ele>59.96000000000001</ele>
   </trkpt>
   <trkpt lat="50.79007000000001" lon="4.58591">
    <ele>59.96000000000001</ele>
   </trkpt>
   <trkpt lat="50.790000000000006" lon="4.586110000000001">
    <ele>59.120000000000005</ele>
   </trkpt>
   <trkpt lat="50.78996" lon="4.58628">
    <ele>58.43</ele>
   </trkpt>
   <trkpt lat="50.78987000000001" lon="4.58708">
    <ele>55.39</ele>
   </trkpt>
   <trkpt lat="50.789770000000004" lon="4.58722">
    <ele>54.95</ele>
   </trkpt>
   <trkpt lat="50.78960000000001" lon="4.5872">
    <ele>53.15</ele>
   </trkpt>
   <trkpt lat="50.78969000000001" lon="4.58833">
    <ele>53.08</ele>
   </trkpt>
   <trkpt lat="50.78976" lon="4.58872">
    <ele>52.72</ele>
   </trkpt>
   <trkpt lat="50.789840000000005" lon="4.589040000000001">
    <ele>52.230000000000004</ele>
   </trkpt>
   <trkpt lat="50.79019" lon="4.590140000000001">
    <ele>51.02</ele>
   </trkpt>
   <trkpt lat="50.79055" lon="4.59107">
    <ele>48.88</ele>
   </trkpt>
   <trkpt lat="50.79099" lon="4.592110000000001">
    <ele>48.03</ele>
   </trkpt>
   <trkpt lat="50.790440000000004" lon="4.59255">
    <ele>44.36</ele>
   </trkpt>
   <trkpt lat="50.79018000000001" lon="4.59286">
    <ele>44.2</ele>
   </trkpt>
   <trkpt lat="50.78998000000001" lon="4.59313">
    <ele>43.92</ele>
   </trkpt>
   <trkpt lat="50.78966000093337" lon="4.593630003634046">
    <ele>43.84</ele>
   </trkpt>
   <trkpt lat="50.78934" lon="4.594130000000001">
    <ele>46.48</ele>
   </trkpt>
   <trkpt lat="50.788860002942386" lon="4.5947200121573">
    <ele>58.81000000000001</ele>
   </trkpt>
   <trkpt lat="50.78838000290877" lon="4.595310012198445">
    <ele>67.3</ele>
   </trkpt>
   <trkpt lat="50.78790000000001" lon="4.5959">
    <ele>78.57</ele>
   </trkpt>
   <trkpt lat="50.787780000000005" lon="4.59602">
    <ele>79.94000000000001</ele>
   </trkpt>
   <trkpt lat="50.78736000000001" lon="4.59635">
    <ele>85.38000000000001</ele>
   </trkpt>
   <trkpt lat="50.78664000213248" lon="4.597065011063839">
    <ele>89.68</ele>
   </trkpt>
   <trkpt lat="50.785920000000004" lon="4.59778">
    <ele>92.44000000000001</ele>
   </trkpt>
   <trkpt lat="50.785396668591716" lon="4.59826334422028">
    <ele>93.72000000000001</ele>
   </trkpt>
   <trkpt lat="50.78487333518617" lon="4.598746677620141">
    <ele>94.2</ele>
   </trkpt>
   <trkpt lat="50.78435" lon="4.59923">
    <ele>93.89</ele>
   </trkpt>
   <trkpt lat="50.78372800616277" lon="4.59983003192006">
    <ele>92.18</ele>
   </trkpt>
   <trkpt lat="50.783106009247504" lon="4.600430047876012">
    <ele>91.63</ele>
   </trkpt>
   <trkpt lat="50.782484009254354" lon="4.601030047868555">
    <ele>92.50000000000001</ele>
   </trkpt>
   <trkpt lat="50.78186200618349" lon="4.601630031898389">
    <ele>92.68</ele>
   </trkpt>
   <trkpt lat="50.781240000000004" lon="4.6022300000000005">
    <ele>92.79</ele>
   </trkpt>
   <trkpt lat="50.781090000000006" lon="4.60245">
    <ele>93.16000000000001</ele>
   </trkpt>
   <trkpt lat="50.78097" lon="4.602530000000001">
    <ele>93.22000000000001</ele>
   </trkpt>
   <trkpt lat="50.78101" lon="4.602790000000001">
    <ele>93.05000000000001</ele>
   </trkpt>
   <trkpt lat="50.7811" lon="4.603160000000001">
    <ele>92.61000000000001</ele>
   </trkpt>
   <trkpt lat="50.78121" lon="4.60346">
    <ele>92.44000000000001</ele>
   </trkpt>
   <trkpt lat="50.781420000000004" lon="4.60391">
    <ele>92.23</ele>
   </trkpt>
   <trkpt lat="50.781530000000004" lon="4.60409">
    <ele>92.23</ele>
   </trkpt>
   <trkpt lat="50.78211000271934" lon="4.604889990054029">
    <ele>91.91</ele>
   </trkpt>
   <trkpt lat="50.78269" lon="4.60569">
    <ele>91.37</ele>
   </trkpt>
   <trkpt lat="50.783" lon="4.60622">
    <ele>90.69</ele>
   </trkpt>
   <trkpt lat="50.783210000000004" lon="4.60674">
    <ele>89.72000000000001</ele>
   </trkpt>
   <trkpt lat="50.783370000000005" lon="4.607270000000001">
    <ele>89.60000000000001</ele>
   </trkpt>
   <trkpt lat="50.78347" lon="4.6078">
    <ele>89.35000000000001</ele>
   </trkpt>
   <trkpt lat="50.78366002697696" lon="4.6090559796050625">
    <ele>87.57000000000001</ele>
   </trkpt>
   <trkpt lat="50.78385004046727" lon="4.610311969418863">
    <ele>86.73</ele>
   </trkpt>
   <trkpt lat="50.78404004047071" lon="4.61156796944083">
    <ele>84.65</ele>
   </trkpt>
   <trkpt lat="50.78423002698708" lon="4.612823979670389">
    <ele>81.96000000000001</ele>
   </trkpt>
   <trkpt lat="50.784420000000004" lon="4.61408">
    <ele>76.84</ele>
   </trkpt>
   <trkpt lat="50.78455" lon="4.61462">
    <ele>74.42</ele>
   </trkpt>
   <trkpt lat="50.78481000000001" lon="4.615410000000001">
    <ele>70.97</ele>
   </trkpt>
   <trkpt lat="50.78522251282924" lon="4.616409973544528">
    <ele>64.81</ele>
   </trkpt>
   <trkpt lat="50.78563501710945" lon="4.617409964734692">
    <ele>58.14</ele>
   </trkpt>
   <trkpt lat="50.78604751284039" lon="4.6184099735706985">
    <ele>52.910000000000004</ele>
   </trkpt>
   <trkpt lat="50.786460000000005" lon="4.61941">
    <ele>48.84</ele>
   </trkpt>
   <trkpt lat="50.78694000596633" lon="4.6205899879201">
    <ele>42.7</ele>
   </trkpt>
   <trkpt lat="50.787420000000004" lon="4.621770000000001">
    <ele>38.61000000000001</ele>
   </trkpt>
   <trkpt lat="50.787530000000004" lon="4.6221000000000005">
    <ele>37.74</ele>
   </trkpt>
   <trkpt lat="50.787620000000004" lon="4.6226400000000005">
    <ele>36.69</ele>
   </trkpt>
   <trkpt lat="50.78764" lon="4.6229700000000005">
    <ele>36.45</ele>
   </trkpt>
   <trkpt lat="50.787650000000006" lon="4.62401">
    <ele>35.53000000000001</ele>
   </trkpt>
   <trkpt lat="50.787670000000006" lon="4.6241200000000005">
    <ele>35.53000000000001</ele>
   </trkpt>
   <trkpt lat="50.78772000000001" lon="4.62424">
    <ele>35.29</ele>
   </trkpt>
   <trkpt lat="50.788140000000006" lon="4.62471">
    <ele>35.07</ele>
   </trkpt>
   <trkpt lat="50.78775502859418" lon="4.625866714295737">
    <ele>33.22</ele>
   </trkpt>
   <trkpt lat="50.78737004574989" lon="4.627023409540871">
    <ele>32.85</ele>
   </trkpt>
   <trkpt lat="50.78698505146746" lon="4.628180085735412">
    <ele>32.910000000000004</ele>
   </trkpt>
   <trkpt lat="50.78660004574724" lon="4.629336742879371">
    <ele>35.52</ele>
   </trkpt>
   <trkpt lat="50.786215028589574" lon="4.630493380972753">
    <ele>40.760000000000005</ele>
   </trkpt>
   <trkpt lat="50.785830000000004" lon="4.6316500000000005">
    <ele>43.89000000000001</ele>
   </trkpt>
   <trkpt lat="50.78575000000001" lon="4.63203">
    <ele>43.18</ele>
   </trkpt>
   <trkpt lat="50.785680000000006" lon="4.63253">
    <ele>40.900000000000006</ele>
   </trkpt>
   <trkpt lat="50.785610002592776" lon="4.633310001256122">
    <ele>37.470000000000006</ele>
   </trkpt>
   <trkpt lat="50.785540000000005" lon="4.6340900000000005">
    <ele>35.89000000000001</ele>
   </trkpt>
   <trkpt lat="50.78528000000001" lon="4.63417">
    <ele>35.89000000000001</ele>
   </trkpt>
   <trkpt lat="50.784800000000004" lon="4.63415">
    <ele>34.85000000000001</ele>
   </trkpt>
   <trkpt lat="50.784290000000006" lon="4.6341">
    <ele>34.690000000000005</ele>
   </trkpt>
   <trkpt lat="50.78416000000001" lon="4.634130000000001">
    <ele>34.36</ele>
   </trkpt>
   <trkpt lat="50.783970000000004" lon="4.6341">
    <ele>34.36</ele>
   </trkpt>
   <trkpt lat="50.783860000000004" lon="4.6340900000000005">
    <ele>34.15</ele>
   </trkpt>
   <trkpt lat="50.78379" lon="4.63403">
    <ele>34.080000000000005</ele>
   </trkpt>
   <trkpt lat="50.783170000178096" lon="4.633794996861934">
    <ele>33.06</ele>
   </trkpt>
   <trkpt lat="50.78255000000001" lon="4.63356">
    <ele>32.71</ele>
   </trkpt>
   <trkpt lat="50.78201000000001" lon="4.63354">
    <ele>32.620000000000005</ele>
   </trkpt>
   <trkpt lat="50.781740000000006" lon="4.633500000000001">
    <ele>32.510000000000005</ele>
   </trkpt>
   <trkpt lat="50.78113666682804" lon="4.63334999612153">
    <ele>32.230000000000004</ele>
   </trkpt>
   <trkpt lat="50.78053333346368" lon="4.63319999611388">
    <ele>32.93</ele>
   </trkpt>
   <trkpt lat="50.77993000000001" lon="4.633050000000001">
    <ele>33.6</ele>
   </trkpt>
   <trkpt lat="50.779700000000005" lon="4.63302">
    <ele>33.6</ele>
   </trkpt>
   <trkpt lat="50.778890000000004" lon="4.632980000000001">
    <ele>34.79</ele>
   </trkpt>
   <trkpt lat="50.778580000000005" lon="4.63293">
    <ele>34.59</ele>
   </trkpt>
   <trkpt lat="50.77855" lon="4.633120000000001">
    <ele>34.46</ele>
   </trkpt>
   <trkpt lat="50.778470000000006" lon="4.633380000000001">
    <ele>34.080000000000005</ele>
   </trkpt>
   <trkpt lat="50.77839" lon="4.63354">
    <ele>33.980000000000004</ele>
   </trkpt>
   <trkpt lat="50.77832" lon="4.63365">
    <ele>33.980000000000004</ele>
   </trkpt>
   <trkpt lat="50.77821" lon="4.63375">
    <ele>33.63</ele>
   </trkpt>
   <trkpt lat="50.77806" lon="4.63384">
    <ele>33.46</ele>
   </trkpt>
   <trkpt lat="50.7773166674508" lon="4.634140009530682">
    <ele>33.080000000000005</ele>
   </trkpt>
   <trkpt lat="50.776573334132074" lon="4.634440009524595">
    <ele>32.910000000000004</ele>
   </trkpt>
   <trkpt lat="50.775830000000006" lon="4.634740000000001">
    <ele>33.07</ele>
   </trkpt>
   <trkpt lat="50.77596500381445" lon="4.635679997545025">
    <ele>32.32</ele>
   </trkpt>
   <trkpt lat="50.77610000000001" lon="4.636620000000001">
    <ele>32.480000000000004</ele>
   </trkpt>
   <trkpt lat="50.77624" lon="4.6374">
    <ele>32.370000000000005</ele>
   </trkpt>
   <trkpt lat="50.77642" lon="4.6380300000000005">
    <ele>32.21</ele>
   </trkpt>
   <trkpt lat="50.77662" lon="4.63886">
    <ele>32.52</ele>
   </trkpt>
   <trkpt lat="50.77675000000001" lon="4.639080000000001">
    <ele>32.54</ele>
   </trkpt>
   <trkpt lat="50.77722000000001" lon="4.639760000000001">
    <ele>32.56</ele>
   </trkpt>
   <trkpt lat="50.77781" lon="4.640680000000001">
    <ele>31.89</ele>
   </trkpt>
   <trkpt lat="50.777930000000005" lon="4.64095">
    <ele>31.790000000000006</ele>
   </trkpt>
   <trkpt lat="50.77830000593574" lon="4.642129990611156">
    <ele>31.57</ele>
   </trkpt>
   <trkpt lat="50.778670000000005" lon="4.6433100000000005">
    <ele>31.21</ele>
   </trkpt>
   <trkpt lat="50.77873" lon="4.6436">
    <ele>31.21</ele>
   </trkpt>
   <trkpt lat="50.77882" lon="4.64425">
    <ele>31.290000000000006</ele>
   </trkpt>
   <trkpt lat="50.778830000000006" lon="4.6447">
    <ele>31.42</ele>
   </trkpt>
   <trkpt lat="50.77881000000001" lon="4.645180000000001">
    <ele>31.490000000000002</ele>
   </trkpt>
   <trkpt lat="50.77874500275285" lon="4.64598500133398">
    <ele>31.630000000000006</ele>
   </trkpt>
   <trkpt lat="50.77868" lon="4.64679">
    <ele>31.700000000000006</ele>
   </trkpt>
   <trkpt lat="50.77857" lon="4.647530000000001">
    <ele>32.080000000000005</ele>
   </trkpt>
   <trkpt lat="50.778420000000004" lon="4.64794">
    <ele>32.080000000000005</ele>
   </trkpt>
   <trkpt lat="50.77807000000001" lon="4.6486">
    <ele>32.330000000000005</ele>
   </trkpt>
   <trkpt lat="50.778040000000004" lon="4.64869">
    <ele>32.330000000000005</ele>
   </trkpt>
   <trkpt lat="50.77801" lon="4.648910000000001">
    <ele>32.85</ele>
   </trkpt>
   <trkpt lat="50.77806" lon="4.649100000000001">
    <ele>33.260000000000005</ele>
   </trkpt>
   <trkpt lat="50.778290000000005" lon="4.6494">
    <ele>34.32</ele>
   </trkpt>
   <trkpt lat="50.778330000000004" lon="4.649570000000001">
    <ele>34.32</ele>
   </trkpt>
   <trkpt lat="50.77834000000001" lon="4.6496900000000005">
    <ele>35.160000000000004</ele>
   </trkpt>
   <trkpt lat="50.77830000238936" lon="4.650440000927444">
    <ele>36.77</ele>
   </trkpt>
   <trkpt lat="50.77826" lon="4.651190000000001">
    <ele>40.11</ele>
   </trkpt>
   <trkpt lat="50.778110000000005" lon="4.6521300000000005">
    <ele>42.21</ele>
   </trkpt>
   <trkpt lat="50.77825000000001" lon="4.652170000000001">
    <ele>42.21</ele>
   </trkpt>
   <trkpt lat="50.77863000000001" lon="4.65214">
    <ele>43.77</ele>
   </trkpt>
   <trkpt lat="50.77879" lon="4.652150000000001">
    <ele>44.660000000000004</ele>
   </trkpt>
   <trkpt lat="50.77893" lon="4.652220000000001">
    <ele>45.27</ele>
   </trkpt>
   <trkpt lat="50.77904" lon="4.6523">
    <ele>46.330000000000005</ele>
   </trkpt>
   <trkpt lat="50.779140000000005" lon="4.6524">
    <ele>47.53</ele>
   </trkpt>
   <trkpt lat="50.77922" lon="4.65251">
    <ele>48.86</ele>
   </trkpt>
   <trkpt lat="50.77935" lon="4.65279">
    <ele>51.07</ele>
   </trkpt>
   <trkpt lat="50.779430000000005" lon="4.65292">
    <ele>52.57000000000001</ele>
   </trkpt>
   <trkpt lat="50.78004000000001" lon="4.65369">
    <ele>62.28</ele>
   </trkpt>
   <trkpt lat="50.78013000000001" lon="4.6538200000000005">
    <ele>65.57000000000001</ele>
   </trkpt>
   <trkpt lat="50.7802" lon="4.6539600000000005">
    <ele>65.57000000000001</ele>
   </trkpt>
   <trkpt lat="50.78031000000001" lon="4.65435">
    <ele>68.76</ele>
   </trkpt>
   <trkpt lat="50.78042000000001" lon="4.65517">
    <ele>76.03</ele>
   </trkpt>
   <trkpt lat="50.78076" lon="4.6562600000000005">
    <ele>80.27000000000001</ele>
   </trkpt>
   <trkpt lat="50.78100000214667" lon="4.656979996096465">
    <ele>79.9</ele>
   </trkpt>
   <trkpt lat="50.781240000000004" lon="4.6577">
    <ele>79.12</ele>
   </trkpt>
   <trkpt lat="50.781400000000005" lon="4.65859">
    <ele>77.85</ele>
   </trkpt>
   <trkpt lat="50.781580000000005" lon="4.65946">
    <ele>77.39</ele>
   </trkpt>
   <trkpt lat="50.7817850019384" lon="4.660134997010114">
    <ele>76.14</ele>
   </trkpt>
   <trkpt lat="50.78199000000001" lon="4.660810000000001">
    <ele>75.4</ele>
   </trkpt>
   <trkpt lat="50.782090000000004" lon="4.661250000000001">
    <ele>75.17</ele>
   </trkpt>
   <trkpt lat="50.78213" lon="4.661510000000001">
    <ele>74.82000000000001</ele>
   </trkpt>
   <trkpt lat="50.782140000000005" lon="4.66195">
    <ele>74.39000000000001</ele>
   </trkpt>
   <trkpt lat="50.78211" lon="4.6623">
    <ele>74.00000000000001</ele>
   </trkpt>
   <trkpt lat="50.782030000000006" lon="4.6628300000000005">
    <ele>73.10000000000001</ele>
   </trkpt>
   <trkpt lat="50.781960000000005" lon="4.6635800000000005">
    <ele>72.49000000000001</ele>
   </trkpt>
   <trkpt lat="50.78195" lon="4.66403">
    <ele>71.74000000000001</ele>
   </trkpt>
   <trkpt lat="50.78199000000001" lon="4.66478">
    <ele>70.66</ele>
   </trkpt>
   <trkpt lat="50.782070000000004" lon="4.66526">
    <ele>69.78</ele>
   </trkpt>
   <trkpt lat="50.78237000000001" lon="4.66631">
    <ele>65.29</ele>
   </trkpt>
   <trkpt lat="50.782450000000004" lon="4.66666">
    <ele>63.88</ele>
   </trkpt>
   <trkpt lat="50.78253500262386" lon="4.6674499981550674">
    <ele>60.52</ele>
   </trkpt>
   <trkpt lat="50.78262" lon="4.66824">
    <ele>57.6</ele>
   </trkpt>
   <trkpt lat="50.78271500435278" lon="4.669249997864105">
    <ele>53.87</ele>
   </trkpt>
   <trkpt lat="50.782810000000005" lon="4.670260000000001">
    <ele>49.84</ele>
   </trkpt>
   <trkpt lat="50.78287" lon="4.67072">
    <ele>49.5</ele>
   </trkpt>
   <trkpt lat="50.78308000610483" lon="4.6719199943203416">
    <ele>48.18</ele>
   </trkpt>
   <trkpt lat="50.78329" lon="4.67312">
    <ele>46.74</ele>
   </trkpt>
   <trkpt lat="50.783390000000004" lon="4.67344">
    <ele>46.63</ele>
   </trkpt>
   <trkpt lat="50.783770000000004" lon="4.67405">
    <ele>45.6</ele>
   </trkpt>
   <trkpt lat="50.78318" lon="4.67483">
    <ele>44.92</ele>
   </trkpt>
   <trkpt lat="50.783100000000005" lon="4.675000000000001">
    <ele>44.92</ele>
   </trkpt>
   <trkpt lat="50.783080000000005" lon="4.6751000000000005">
    <ele>44.92</ele>
   </trkpt>
   <trkpt lat="50.78309" lon="4.6753">
    <ele>44.660000000000004</ele>
   </trkpt>
   <trkpt lat="50.78314" lon="4.67544">
    <ele>44.49</ele>
   </trkpt>
   <trkpt lat="50.78350000242347" lon="4.676184994369299">
    <ele>43.47</ele>
   </trkpt>
   <trkpt lat="50.783860000000004" lon="4.6769300000000005">
    <ele>42.85000000000001</ele>
   </trkpt>
   <trkpt lat="50.78394" lon="4.6771400000000005">
    <ele>41.940000000000005</ele>
   </trkpt>
   <trkpt lat="50.78399" lon="4.67738">
    <ele>41.940000000000005</ele>
   </trkpt>
   <trkpt lat="50.78408" lon="4.67816">
    <ele>41.49</ele>
   </trkpt>
   <trkpt lat="50.78417" lon="4.6784300000000005">
    <ele>41.24</ele>
   </trkpt>
   <trkpt lat="50.78457" lon="4.679010000000001">
    <ele>41.230000000000004</ele>
   </trkpt>
   <trkpt lat="50.784620000000004" lon="4.6791100000000005">
    <ele>41.220000000000006</ele>
   </trkpt>
   <trkpt lat="50.784740000000006" lon="4.679930000000001">
    <ele>41.72</ele>
   </trkpt>
   <trkpt lat="50.78475" lon="4.6801200000000005">
    <ele>42.150000000000006</ele>
   </trkpt>
   <trkpt lat="50.784690000000005" lon="4.680470000000001">
    <ele>42.330000000000005</ele>
   </trkpt>
   <trkpt lat="50.78461" lon="4.6806600000000005">
    <ele>42.45</ele>
   </trkpt>
   <trkpt lat="50.78405000000001" lon="4.68139">
    <ele>42.65</ele>
   </trkpt>
   <trkpt lat="50.783750000000005" lon="4.681850000000001">
    <ele>42.830000000000005</ele>
   </trkpt>
   <trkpt lat="50.78360000000001" lon="4.68219">
    <ele>43.480000000000004</ele>
   </trkpt>
   <trkpt lat="50.78341" lon="4.68283">
    <ele>43.9</ele>
   </trkpt>
   <trkpt lat="50.783240003505" lon="4.683735003269631">
    <ele>43.54</ele>
   </trkpt>
   <trkpt lat="50.78307" lon="4.684640000000001">
    <ele>42.84</ele>
   </trkpt>
   <trkpt lat="50.78298" lon="4.6850000000000005">
    <ele>42.95</ele>
   </trkpt>
   <trkpt lat="50.78269667287331" lon="4.685853343731915">
    <ele>43.5</ele>
   </trkpt>
   <trkpt lat="50.782413339520986" lon="4.686706677122242">
    <ele>43.60000000000001</ele>
   </trkpt>
   <trkpt lat="50.78213" lon="4.68756">
    <ele>43.47</ele>
   </trkpt>
   <trkpt lat="50.78211" lon="4.68768">
    <ele>43.47</ele>
   </trkpt>
   <trkpt lat="50.782115005313415" lon="4.688794999642496">
    <ele>43.83</ele>
   </trkpt>
   <trkpt lat="50.782120000000006" lon="4.68991">
    <ele>43.77</ele>
   </trkpt>
   <trkpt lat="50.782250000000005" lon="4.6904">
    <ele>43.68</ele>
   </trkpt>
   <trkpt lat="50.78233" lon="4.6906300000000005">
    <ele>43.57</ele>
   </trkpt>
   <trkpt lat="50.782450000000004" lon="4.69076">
    <ele>43.57</ele>
   </trkpt>
   <trkpt lat="50.78309" lon="4.690880000000001">
    <ele>43.29</ele>
   </trkpt>
   <trkpt lat="50.78316" lon="4.69092">
    <ele>43.29</ele>
   </trkpt>
   <trkpt lat="50.78334" lon="4.6911000000000005">
    <ele>43.370000000000005</ele>
   </trkpt>
   <trkpt lat="50.783500000000004" lon="4.69134">
    <ele>43.72</ele>
   </trkpt>
   <trkpt lat="50.78372" lon="4.691750000000001">
    <ele>43.82000000000001</ele>
   </trkpt>
   <trkpt lat="50.78378000000001" lon="4.691940000000001">
    <ele>44.28000000000001</ele>
   </trkpt>
   <trkpt lat="50.783820000000006" lon="4.692220000000001">
    <ele>44.28000000000001</ele>
   </trkpt>
   <trkpt lat="50.78379" lon="4.692480000000001">
    <ele>44.45</ele>
   </trkpt>
   <trkpt lat="50.783750000000005" lon="4.692620000000001">
    <ele>44.45</ele>
   </trkpt>
   <trkpt lat="50.783180004261276" lon="4.6936100119443">
    <ele>45.82000000000001</ele>
   </trkpt>
   <trkpt lat="50.782610000000005" lon="4.6946">
    <ele>49.730000000000004</ele>
   </trkpt>
   <trkpt lat="50.78247" lon="4.69493">
    <ele>51.2</ele>
   </trkpt>
   <trkpt lat="50.782360000000004" lon="4.69538">
    <ele>51.97</ele>
   </trkpt>
   <trkpt lat="50.782215006636605" lon="4.6966250037695">
    <ele>54.220000000000006</ele>
   </trkpt>
   <trkpt lat="50.782070000000004" lon="4.69787">
    <ele>56.510000000000005</ele>
   </trkpt>
   <trkpt lat="50.78190000000001" lon="4.6991700000000005">
    <ele>58.080000000000005</ele>
   </trkpt>
   <trkpt lat="50.78183000000001" lon="4.69955">
    <ele>57.730000000000004</ele>
   </trkpt>
   <trkpt lat="50.781710000000004" lon="4.69993">
    <ele>56.82</ele>
   </trkpt>
   <trkpt lat="50.78116500527477" lon="4.701045013076726">
    <ele>54.11000000000001</ele>
   </trkpt>
   <trkpt lat="50.780620000000006" lon="4.70216">
    <ele>51.5</ele>
   </trkpt>
   <trkpt lat="50.78016" lon="4.703060000000001">
    <ele>50.650000000000006</ele>
   </trkpt>
   <trkpt lat="50.78005" lon="4.70331">
    <ele>50.59</ele>
   </trkpt>
   <trkpt lat="50.779880000000006" lon="4.70389">
    <ele>51.010000000000005</ele>
   </trkpt>
   <trkpt lat="50.77969500675092" lon="4.705145004843081">
    <ele>52.690000000000005</ele>
   </trkpt>
   <trkpt lat="50.77951" lon="4.7064">
    <ele>53.39000000000001</ele>
   </trkpt>
   <trkpt lat="50.77941001612189" lon="4.707773339250433">
    <ele>53.85</ele>
   </trkpt>
   <trkpt lat="50.779310016118664" lon="4.709146672627809">
    <ele>54.14000000000001</ele>
   </trkpt>
   <trkpt lat="50.779210000000006" lon="4.710520000000001">
    <ele>54.75000000000001</ele>
   </trkpt>
   <trkpt lat="50.77922" lon="4.71107">
    <ele>55.02</ele>
   </trkpt>
   <trkpt lat="50.77929" lon="4.7119800000000005">
    <ele>56.040000000000006</ele>
   </trkpt>
   <trkpt lat="50.77936668074085" lon="4.713263329014138">
    <ele>56.78</ele>
   </trkpt>
   <trkpt lat="50.7794433474009" lon="4.714546662236574">
    <ele>57.07</ele>
   </trkpt>
   <trkpt lat="50.779520000000005" lon="4.71583">
    <ele>56.690000000000005</ele>
   </trkpt>
   <trkpt lat="50.77948000000001" lon="4.71621">
    <ele>56.49</ele>
   </trkpt>
   <trkpt lat="50.779320000000006" lon="4.7169300000000005">
    <ele>56.510000000000005</ele>
   </trkpt>
   <trkpt lat="50.77935" lon="4.716970000000001">
    <ele>56.510000000000005</ele>
   </trkpt>
   <trkpt lat="50.779360000000004" lon="4.717110000000001">
    <ele>56.470000000000006</ele>
   </trkpt>
   <trkpt lat="50.77944" lon="4.717040000000001">
    <ele>56.470000000000006</ele>
   </trkpt>
   <trkpt lat="50.77951" lon="4.717090000000001">
    <ele>56.470000000000006</ele>
   </trkpt>
   <trkpt lat="50.779540000000004" lon="4.7174700000000005">
    <ele>56.59</ele>
   </trkpt>
   <trkpt lat="50.779520000000005" lon="4.718450000000001">
    <ele>57.13</ele>
   </trkpt>
   <trkpt lat="50.779500000000006" lon="4.71863">
    <ele>57.57</ele>
   </trkpt>
   <trkpt lat="50.77946000000001" lon="4.7187600000000005">
    <ele>57.57</ele>
   </trkpt>
   <trkpt lat="50.77939000000001" lon="4.71893">
    <ele>58.43</ele>
   </trkpt>
   <trkpt lat="50.779320000000006" lon="4.71917">
    <ele>58.43</ele>
   </trkpt>
   <trkpt lat="50.77931" lon="4.71959">
    <ele>58.93</ele>
   </trkpt>
   <trkpt lat="50.77935" lon="4.7203100000000004">
    <ele>60.07000000000001</ele>
   </trkpt>
   <trkpt lat="50.77939000000001" lon="4.720490000000001">
    <ele>60.07000000000001</ele>
   </trkpt>
   <trkpt lat="50.77955000000001" lon="4.7208000000000006">
    <ele>60.50000000000001</ele>
   </trkpt>
   <trkpt lat="50.7796" lon="4.72095">
    <ele>60.690000000000005</ele>
   </trkpt>
   <trkpt lat="50.779610000000005" lon="4.72114">
    <ele>61.06</ele>
   </trkpt>
   <trkpt lat="50.77953" lon="4.7217400000000005">
    <ele>61.64000000000001</ele>
   </trkpt>
   <trkpt lat="50.779450000000004" lon="4.72201">
    <ele>61.88</ele>
   </trkpt>
   <trkpt lat="50.77910000186776" lon="4.722675005020186">
    <ele>62.83000000000001</ele>
   </trkpt>
   <trkpt lat="50.77875" lon="4.72334">
    <ele>63.47</ele>
   </trkpt>
   <trkpt lat="50.77835" lon="4.724010000000001">
    <ele>63.74</ele>
   </trkpt>
   <trkpt lat="50.778000000000006" lon="4.72466">
    <ele>64.03</ele>
   </trkpt>
   <trkpt lat="50.777820000000006" lon="4.72508">
    <ele>64.25</ele>
   </trkpt>
   <trkpt lat="50.7777" lon="4.72578">
    <ele>64.45</ele>
   </trkpt>
   <trkpt lat="50.7777" lon="4.72606">
    <ele>64.45</ele>
   </trkpt>
   <trkpt lat="50.77782000699252" lon="4.72733999659352">
    <ele>64.68</ele>
   </trkpt>
   <trkpt lat="50.77794" lon="4.72862">
    <ele>64.96000000000001</ele>
   </trkpt>
   <trkpt lat="50.77807000000001" lon="4.72968">
    <ele>64.56</ele>
   </trkpt>
   <trkpt lat="50.77814000000001" lon="4.73001">
    <ele>64.28999999999999</ele>
   </trkpt>
   <trkpt lat="50.778330000000004" lon="4.7304900000000005">
    <ele>63.99</ele>
   </trkpt>
   <trkpt lat="50.778600000000004" lon="4.7309">
    <ele>62.97000000000001</ele>
   </trkpt>
   <trkpt lat="50.778940000000006" lon="4.7313">
    <ele>62.75</ele>
   </trkpt>
   <trkpt lat="50.779160000000005" lon="4.7315000000000005">
    <ele>62.330000000000005</ele>
   </trkpt>
   <trkpt lat="50.779700000000005" lon="4.73167">
    <ele>61.620000000000005</ele>
   </trkpt>
   <trkpt lat="50.780440000000006" lon="4.73196">
    <ele>61.21000000000001</ele>
   </trkpt>
   <trkpt lat="50.78056" lon="4.73198">
    <ele>61.26</ele>
   </trkpt>
   <trkpt lat="50.7807" lon="4.73224">
    <ele>61.26</ele>
   </trkpt>
   <trkpt lat="50.78083" lon="4.73257">
    <ele>61.35</ele>
   </trkpt>
   <trkpt lat="50.78085" lon="4.7328">
    <ele>61.43000000000001</ele>
   </trkpt>
   <trkpt lat="50.780860000000004" lon="4.73313">
    <ele>61.620000000000005</ele>
   </trkpt>
   <trkpt lat="50.7807250055588" lon="4.734270003263431">
    <ele>61.89000000000001</ele>
   </trkpt>
   <trkpt lat="50.780590000000004" lon="4.735410000000001">
    <ele>62.06</ele>
   </trkpt>
   <trkpt lat="50.78047" lon="4.73582">
    <ele>62.14000000000001</ele>
   </trkpt>
   <trkpt lat="50.780150000000006" lon="4.73629">
    <ele>62.36000000000001</ele>
   </trkpt>
   <trkpt lat="50.78007" lon="4.73648">
    <ele>62.36000000000001</ele>
   </trkpt>
   <trkpt lat="50.780060000000006" lon="4.73669">
    <ele>62.21000000000001</ele>
   </trkpt>
   <trkpt lat="50.78021000784274" lon="4.738044995600076">
    <ele>62.480000000000004</ele>
   </trkpt>
   <trkpt lat="50.78036" lon="4.739400000000001">
    <ele>62.64</ele>
   </trkpt>
   <trkpt lat="50.780370000000005" lon="4.739940000000001">
    <ele>62.71</ele>
   </trkpt>
   <trkpt lat="50.78032" lon="4.74124">
    <ele>63.38</ele>
   </trkpt>
   <trkpt lat="50.780060000000006" lon="4.7419">
    <ele>63.59</ele>
   </trkpt>
   <trkpt lat="50.779740000000004" lon="4.74242">
    <ele>63.910000000000004</ele>
   </trkpt>
   <trkpt lat="50.77966000000001" lon="4.74258">
    <ele>64.21000000000001</ele>
   </trkpt>
   <trkpt lat="50.779590000000006" lon="4.742870000000001">
    <ele>64.45</ele>
   </trkpt>
   <trkpt lat="50.779590000000006" lon="4.74328">
    <ele>65.27000000000001</ele>
   </trkpt>
   <trkpt lat="50.779630000000004" lon="4.74352">
    <ele>65.27000000000001</ele>
   </trkpt>
   <trkpt lat="50.77948000000001" lon="4.7437000000000005">
    <ele>65.27000000000001</ele>
   </trkpt>
   <trkpt lat="50.779210000000006" lon="4.743930000000001">
    <ele>66.34</ele>
   </trkpt>
   <trkpt lat="50.77902" lon="4.744020000000001">
    <ele>66.59</ele>
   </trkpt>
   <trkpt lat="50.7787" lon="4.74403">
    <ele>66.75</ele>
   </trkpt>
   <trkpt lat="50.778510000000004" lon="4.744090000000001">
    <ele>66.79</ele>
   </trkpt>
   <trkpt lat="50.77844" lon="4.744140000000001">
    <ele>66.79</ele>
   </trkpt>
   <trkpt lat="50.777820000000006" lon="4.74446">
    <ele>66.39</ele>
   </trkpt>
   <trkpt lat="50.77758000000001" lon="4.74469">
    <ele>66.31</ele>
   </trkpt>
   <trkpt lat="50.7777" lon="4.745990000000001">
    <ele>68.21000000000001</ele>
   </trkpt>
   <trkpt lat="50.77767000000001" lon="4.7463500000000005">
    <ele>68.54</ele>
   </trkpt>
   <trkpt lat="50.77758000000001" lon="4.746720000000001">
    <ele>68.85000000000001</ele>
   </trkpt>
   <trkpt lat="50.777480000000004" lon="4.746980000000001">
    <ele>69.04</ele>
   </trkpt>
   <trkpt lat="50.77727" lon="4.747380000000001">
    <ele>69.64</ele>
   </trkpt>
   <trkpt lat="50.77720000000001" lon="4.7476">
    <ele>69.98</ele>
   </trkpt>
   <trkpt lat="50.777170000000005" lon="4.74783">
    <ele>70.10000000000001</ele>
   </trkpt>
   <trkpt lat="50.77716" lon="4.748220000000001">
    <ele>70.24000000000001</ele>
   </trkpt>
   <trkpt lat="50.77718" lon="4.748620000000001">
    <ele>70.79</ele>
   </trkpt>
   <trkpt lat="50.77730500221316" lon="4.749344997865953">
    <ele>70.79</ele>
   </trkpt>
   <trkpt lat="50.77743" lon="4.75007">
    <ele>70.62</ele>
   </trkpt>
   <trkpt lat="50.7775" lon="4.75032">
    <ele>70.78</ele>
   </trkpt>
   <trkpt lat="50.777680000000004" lon="4.75063">
    <ele>70.93</ele>
   </trkpt>
   <trkpt lat="50.77794" lon="4.751">
    <ele>71.69</ele>
   </trkpt>
   <trkpt lat="50.77801" lon="4.75115">
    <ele>71.69</ele>
   </trkpt>
   <trkpt lat="50.778240006168794" lon="4.7523499941659395">
    <ele>73.28000000000002</ele>
   </trkpt>
   <trkpt lat="50.778470000000006" lon="4.753550000000001">
    <ele>73.51</ele>
   </trkpt>
   <trkpt lat="50.778665003209404" lon="4.7544149964412625">
    <ele>73.22</ele>
   </trkpt>
   <trkpt lat="50.77886" lon="4.75528">
    <ele>73.07000000000001</ele>
   </trkpt>
   <trkpt lat="50.778890000000004" lon="4.7554300000000005">
    <ele>73.07000000000001</ele>
   </trkpt>
   <trkpt lat="50.778870000000005" lon="4.75565">
    <ele>73.10000000000001</ele>
   </trkpt>
   <trkpt lat="50.77869000432153" lon="4.756660004107743">
    <ele>73.68</ele>
   </trkpt>
   <trkpt lat="50.778510000000004" lon="4.75767">
    <ele>74.47000000000001</ele>
   </trkpt>
   <trkpt lat="50.77848" lon="4.75795">
    <ele>74.3</ele>
   </trkpt>
   <trkpt lat="50.778490000000005" lon="4.75844">
    <ele>73.98</ele>
   </trkpt>
   <trkpt lat="50.77863000000001" lon="4.7597000000000005">
    <ele>72.85000000000001</ele>
   </trkpt>
   <trkpt lat="50.778670000000005" lon="4.760420000000001">
    <ele>73.64000000000001</ele>
   </trkpt>
   <trkpt lat="50.77868" lon="4.7609">
    <ele>75.48</ele>
   </trkpt>
   <trkpt lat="50.77864" lon="4.76156">
    <ele>77.41000000000001</ele>
   </trkpt>
   <trkpt lat="50.7784700207724" lon="4.762832513831945">
    <ele>80.63000000000001</ele>
   </trkpt>
   <trkpt lat="50.77830002770044" lon="4.7641050184130345">
    <ele>85.13000000000001</ele>
   </trkpt>
   <trkpt lat="50.778130020784246" lon="4.765377513742632">
    <ele>88.46000000000001</ele>
   </trkpt>
   <trkpt lat="50.77796000000001" lon="4.76665">
    <ele>90.67</ele>
   </trkpt>
   <trkpt lat="50.777910000000006" lon="4.76721">
    <ele>90.82000000000001</ele>
   </trkpt>
   <trkpt lat="50.777930000000005" lon="4.76762">
    <ele>90.95</ele>
   </trkpt>
   <trkpt lat="50.77803" lon="4.76827">
    <ele>90.72000000000001</ele>
   </trkpt>
   <trkpt lat="50.778130000000004" lon="4.768610000000001">
    <ele>90.65</ele>
   </trkpt>
   <trkpt lat="50.7783900018908" lon="4.769254996692702">
    <ele>90.4</ele>
   </trkpt>
   <trkpt lat="50.778650000000006" lon="4.769900000000001">
    <ele>89.89000000000001</ele>
   </trkpt>
   <trkpt lat="50.77882" lon="4.77041">
    <ele>89.46000000000001</ele>
   </trkpt>
   <trkpt lat="50.778980000000004" lon="4.77094">
    <ele>89.27</ele>
   </trkpt>
   <trkpt lat="50.77906" lon="4.77111">
    <ele>88.94</ele>
   </trkpt>
   <trkpt lat="50.77953" lon="4.7717600000000004">
    <ele>88.18</ele>
   </trkpt>
   <trkpt lat="50.779880000000006" lon="4.7721100000000005">
    <ele>87.14</ele>
   </trkpt>
   <trkpt lat="50.78016" lon="4.77233">
    <ele>86.17</ele>
   </trkpt>
   <trkpt lat="50.780260000000006" lon="4.77249">
    <ele>85.98</ele>
   </trkpt>
   <trkpt lat="50.78032" lon="4.7727200000000005">
    <ele>85.98</ele>
   </trkpt>
   <trkpt lat="50.78045" lon="4.773840000000001">
    <ele>84.29</ele>
   </trkpt>
   <trkpt lat="50.780550000000005" lon="4.77425">
    <ele>83.49000000000001</ele>
   </trkpt>
   <trkpt lat="50.780620000000006" lon="4.774570000000001">
    <ele>82.81</ele>
   </trkpt>
   <trkpt lat="50.78065" lon="4.7758400000000005">
    <ele>82.62</ele>
   </trkpt>
   <trkpt lat="50.78058000000001" lon="4.77613">
    <ele>82.23</ele>
   </trkpt>
   <trkpt lat="50.78045" lon="4.77627">
    <ele>82.23</ele>
   </trkpt>
   <trkpt lat="50.78009" lon="4.77616">
    <ele>82.25</ele>
   </trkpt>
   <trkpt lat="50.77951" lon="4.77583">
    <ele>82.18</ele>
   </trkpt>
   <trkpt lat="50.77939000000001" lon="4.77578">
    <ele>82.18</ele>
   </trkpt>
   <trkpt lat="50.779230000000005" lon="4.77576">
    <ele>82.31</ele>
   </trkpt>
   <trkpt lat="50.77908000000001" lon="4.775810000000001">
    <ele>82.39</ele>
   </trkpt>
   <trkpt lat="50.77853" lon="4.776120000000001">
    <ele>83.11</ele>
   </trkpt>
   <trkpt lat="50.778070000085094" lon="4.776280001582262">
    <ele>83.68</ele>
   </trkpt>
   <trkpt lat="50.77761" lon="4.77644">
    <ele>84.21000000000001</ele>
   </trkpt>
   <trkpt lat="50.777620000000006" lon="4.77644">
    <ele>84.21000000000001</ele>
   </trkpt>
   <trkpt lat="50.77713000000001" lon="4.7767800000000005">
    <ele>85.44</ele>
   </trkpt>
   <trkpt lat="50.77653000238596" lon="4.777313347058646">
    <ele>88.02</ele>
   </trkpt>
   <trkpt lat="50.775930002339905" lon="4.777846680432686">
    <ele>90.42000000000002</ele>
   </trkpt>
   <trkpt lat="50.775330000000004" lon="4.77838">
    <ele>93.12</ele>
   </trkpt>
   <trkpt lat="50.77545252068309" lon="4.779649989999375">
    <ele>93.44000000000001</ele>
   </trkpt>
   <trkpt lat="50.7755750275762" lon="4.780919986652204">
    <ele>93.45</ele>
   </trkpt>
   <trkpt lat="50.77569752067916" lon="4.782189989957806">
    <ele>92.87</ele>
   </trkpt>
   <trkpt lat="50.77582" lon="4.783460000000001">
    <ele>92.34</ele>
   </trkpt>
   <trkpt lat="50.775835004941015" lon="4.7845349997105515">
    <ele>91.88</ele>
   </trkpt>
   <trkpt lat="50.775850000000005" lon="4.78561">
    <ele>91.67</ele>
   </trkpt>
   <trkpt lat="50.77593" lon="4.78638">
    <ele>91.82000000000001</ele>
   </trkpt>
   <trkpt lat="50.776190004017" lon="4.787354994403996">
    <ele>92.56</ele>
   </trkpt>
   <trkpt lat="50.776450000000004" lon="4.78833">
    <ele>92.31</ele>
   </trkpt>
   <trkpt lat="50.77656" lon="4.78894">
    <ele>91.4</ele>
   </trkpt>
   <trkpt lat="50.776590000000006" lon="4.78971">
    <ele>90.35000000000001</ele>
   </trkpt>
   <trkpt lat="50.77660000423213" lon="4.790704999773212">
    <ele>89.16</ele>
   </trkpt>
   <trkpt lat="50.776610000000005" lon="4.7917000000000005">
    <ele>88.74000000000001</ele>
   </trkpt>
   <trkpt lat="50.776540000000004" lon="4.792210000000001">
    <ele>88.94</ele>
   </trkpt>
   <trkpt lat="50.77637500230283" lon="4.792950002781745">
    <ele>89.04</ele>
   </trkpt>
   <trkpt lat="50.776210000000006" lon="4.793690000000001">
    <ele>89.22</ele>
   </trkpt>
   <trkpt lat="50.776160000000004" lon="4.79405">
    <ele>89.22</ele>
   </trkpt>
   <trkpt lat="50.776080003601386" lon="4.794970001768362">
    <ele>89.60000000000001</ele>
   </trkpt>
   <trkpt lat="50.776" lon="4.79589">
    <ele>90.42000000000002</ele>
   </trkpt>
   <trkpt lat="50.77599000000001" lon="4.796290000000001">
    <ele>91.17</ele>
   </trkpt>
   <trkpt lat="50.77603000590569" lon="4.797464999100994">
    <ele>93.39</ele>
   </trkpt>
   <trkpt lat="50.776070000000004" lon="4.798640000000001">
    <ele>95.09</ele>
   </trkpt>
   <trkpt lat="50.77606" lon="4.799110000000001">
    <ele>96.17</ele>
   </trkpt>
   <trkpt lat="50.77597169953224" lon="4.800350011713477">
    <ele>96.78</ele>
   </trkpt>
   <trkpt lat="50.775883385918" lon="4.801590018744331">
    <ele>97.43</ele>
   </trkpt>
   <trkpt lat="50.77579505915737" lon="4.802830021091896">
    <ele>98.11</ele>
   </trkpt>
   <trkpt lat="50.77570671925042" lon="4.8040700187555085">
    <ele>98.69000000000001</ele>
   </trkpt>
   <trkpt lat="50.77561836619726" lon="4.8053100117345044">
    <ele>99.33</ele>
   </trkpt>
   <trkpt lat="50.77553" lon="4.8065500000000005">
    <ele>99.80000000000001</ele>
   </trkpt>
   <trkpt lat="50.775580000000005" lon="4.8073500000000005">
    <ele>100.31</ele>
   </trkpt>
   <trkpt lat="50.775744027751905" lon="4.808623982113541">
    <ele>100.9</ele>
   </trkpt>
   <trkpt lat="50.775908041627" lon="4.809897973162792">
    <ele>101.11</ele>
   </trkpt>
   <trkpt lat="50.77607204162508" lon="4.811171973147117">
    <ele>100.34</ele>
   </trkpt>
   <trkpt lat="50.77623602774598" lon="4.812445982065873">
    <ele>99.31</ele>
   </trkpt>
   <trkpt lat="50.7764" lon="4.81372">
    <ele>98.9</ele>
   </trkpt>
   <trkpt lat="50.77646000000001" lon="4.81425">
    <ele>98.52000000000001</ele>
   </trkpt>
   <trkpt lat="50.77649" lon="4.81468">
    <ele>98.52000000000001</ele>
   </trkpt>
   <trkpt lat="50.77651" lon="4.815670000000001">
    <ele>97.77000000000001</ele>
   </trkpt>
   <trkpt lat="50.77649" lon="4.816470000000001">
    <ele>97.77000000000001</ele>
   </trkpt>
   <trkpt lat="50.7764" lon="4.81735">
    <ele>97.39</ele>
   </trkpt>
   <trkpt lat="50.77628000000001" lon="4.81822">
    <ele>97.11</ele>
   </trkpt>
   <trkpt lat="50.77602" lon="4.81958">
    <ele>96.68</ele>
   </trkpt>
   <trkpt lat="50.77597" lon="4.819940000000001">
    <ele>96.44000000000001</ele>
   </trkpt>
   <trkpt lat="50.775940000000006" lon="4.82047">
    <ele>96.23</ele>
   </trkpt>
   <trkpt lat="50.77601000000001" lon="4.8215200000000005">
    <ele>96.0</ele>
   </trkpt>
   <trkpt lat="50.776120000000006" lon="4.82272">
    <ele>95.63000000000001</ele>
   </trkpt>
   <trkpt lat="50.77624" lon="4.82326">
    <ele>95.31</ele>
   </trkpt>
   <trkpt lat="50.77654000769449" lon="4.824206654623762">
    <ele>94.63000000000001</ele>
   </trkpt>
   <trkpt lat="50.776840007726925" lon="4.825153321392563">
    <ele>94.1</ele>
   </trkpt>
   <trkpt lat="50.77714" lon="4.8261">
    <ele>93.53</ele>
   </trkpt>
   <trkpt lat="50.777190000000004" lon="4.82627">
    <ele>93.53</ele>
   </trkpt>
   <trkpt lat="50.77722000000001" lon="4.82655">
    <ele>93.25000000000001</ele>
   </trkpt>
   <trkpt lat="50.77720000000001" lon="4.82734">
    <ele>92.57000000000001</ele>
   </trkpt>
   <trkpt lat="50.77714" lon="4.82793">
    <ele>92.03</ele>
   </trkpt>
   <trkpt lat="50.77699500255071" lon="4.828700002301704">
    <ele>91.65</ele>
   </trkpt>
   <trkpt lat="50.77685" lon="4.829470000000001">
    <ele>91.12</ele>
   </trkpt>
   <trkpt lat="50.776810000000005" lon="4.83005">
    <ele>90.92</ele>
   </trkpt>
   <trkpt lat="50.776860000000006" lon="4.83122">
    <ele>90.4</ele>
   </trkpt>
   <trkpt lat="50.777010000000004" lon="4.83236">
    <ele>89.39000000000001</ele>
   </trkpt>
   <trkpt lat="50.777080000000005" lon="4.832730000000001">
    <ele>89.25000000000001</ele>
   </trkpt>
   <trkpt lat="50.77734500513195" lon="4.833824993821141">
    <ele>88.68</ele>
   </trkpt>
   <trkpt lat="50.77761" lon="4.83492">
    <ele>88.96000000000001</ele>
   </trkpt>
   <trkpt lat="50.777730000000005" lon="4.835260000000001">
    <ele>89.09</ele>
   </trkpt>
   <trkpt lat="50.77785" lon="4.83553">
    <ele>89.53000000000002</ele>
   </trkpt>
   <trkpt lat="50.77805000000001" lon="4.83586">
    <ele>89.92000000000002</ele>
   </trkpt>
   <trkpt lat="50.77825000000001" lon="4.83612">
    <ele>90.08000000000001</ele>
   </trkpt>
   <trkpt lat="50.77896666928393" lon="4.8366733163731865">
    <ele>89.86000000000001</ele>
   </trkpt>
   <trkpt lat="50.779683335950224" lon="4.8372266497058884">
    <ele>87.9</ele>
   </trkpt>
   <trkpt lat="50.78040000000001" lon="4.83778">
    <ele>86.41</ele>
   </trkpt>
   <trkpt lat="50.78113500143588" lon="4.838369990684311">
    <ele>85.68</ele>
   </trkpt>
   <trkpt lat="50.781870000000005" lon="4.83896">
    <ele>86.27000000000001</ele>
   </trkpt>
   <trkpt lat="50.782070000000004" lon="4.839160000000001">
    <ele>87.62</ele>
   </trkpt>
   <trkpt lat="50.78270500278971" lon="4.839964989092479">
    <ele>89.19</ele>
   </trkpt>
   <trkpt lat="50.78334" lon="4.84077">
    <ele>90.98</ele>
   </trkpt>
   <trkpt lat="50.78360000000001" lon="4.84117">
    <ele>90.81</ele>
   </trkpt>
   <trkpt lat="50.783970000000004" lon="4.8420000000000005">
    <ele>89.19</ele>
   </trkpt>
   <trkpt lat="50.78412" lon="4.841620000000001">
    <ele>88.05</ele>
   </trkpt>
   <trkpt lat="50.78447000517518" lon="4.840520008225523">
    <ele>83.28</ele>
   </trkpt>
   <trkpt lat="50.78482" lon="4.8394200000000005">
    <ele>78.45</ele>
   </trkpt>
   <trkpt lat="50.784960000000005" lon="4.839060000000001">
    <ele>76.94000000000001</ele>
   </trkpt>
   <trkpt lat="50.78546750753971" lon="4.838292525014857">
    <ele>72.12</ele>
   </trkpt>
   <trkpt lat="50.7859750100436" lon="4.837525033367792">
    <ele>70.11</ele>
   </trkpt>
   <trkpt lat="50.78648250751151" lon="4.836757525058304">
    <ele>67.98</ele>
   </trkpt>
   <trkpt lat="50.78699" lon="4.835990000000001">
    <ele>69.03</ele>
   </trkpt>
   <trkpt lat="50.78733000122086" lon="4.83655499565215">
    <ele>67.32000000000001</ele>
   </trkpt>
   <trkpt lat="50.787670000000006" lon="4.8371200000000005">
    <ele>66.81</ele>
   </trkpt>
   <trkpt lat="50.78801000000001" lon="4.837770000000001">
    <ele>66.79</ele>
   </trkpt>
   <trkpt lat="50.78810000000001" lon="4.8378000000000005">
    <ele>66.79</ele>
   </trkpt>
   <trkpt lat="50.788250000000005" lon="4.83772">
    <ele>66.67</ele>
   </trkpt>
   <trkpt lat="50.788520000000005" lon="4.83753">
    <ele>65.88000000000001</ele>
   </trkpt>
   <trkpt lat="50.789170000000006" lon="4.83692">
    <ele>66.19</ele>
   </trkpt>
   <trkpt lat="50.78931000000001" lon="4.836720000000001">
    <ele>66.84</ele>
   </trkpt>
   <trkpt lat="50.78945" lon="4.836390000000001">
    <ele>67.47</ele>
   </trkpt>
   <trkpt lat="50.78973000287169" lon="4.835580004657346">
    <ele>70.85000000000001</ele>
   </trkpt>
   <trkpt lat="50.79001" lon="4.834770000000001">
    <ele>72.73</ele>
   </trkpt>
   <trkpt lat="50.79027000000001" lon="4.834180000000001">
    <ele>75.04</ele>
   </trkpt>
   <trkpt lat="50.79065000000001" lon="4.833500000000001">
    <ele>77.93</ele>
   </trkpt>
   <trkpt lat="50.79111000236094" lon="4.832755007350031">
    <ele>80.10000000000001</ele>
   </trkpt>
   <trkpt lat="50.79157000000001" lon="4.83201">
    <ele>82.36</ele>
   </trkpt>
   <trkpt lat="50.79204000169487" lon="4.831395006081595">
    <ele>85.35000000000001</ele>
   </trkpt>
   <trkpt lat="50.79251000000001" lon="4.830780000000001">
    <ele>86.55</ele>
   </trkpt>
   <trkpt lat="50.792875000855716" lon="4.830330003526196">
    <ele>86.17</ele>
   </trkpt>
   <trkpt lat="50.793240000000004" lon="4.82988">
    <ele>85.05</ele>
   </trkpt>
   <trkpt lat="50.793310000000005" lon="4.829890000000001">
    <ele>84.73000000000002</ele>
   </trkpt>
   <trkpt lat="50.79337" lon="4.8298700000000006">
    <ele>84.35000000000001</ele>
   </trkpt>
   <trkpt lat="50.79383000000001" lon="4.82934">
    <ele>82.01</ele>
   </trkpt>
   <trkpt lat="50.794320001525016" lon="4.828705006914497">
    <ele>81.56</ele>
   </trkpt>
   <trkpt lat="50.794810000000005" lon="4.82807">
    <ele>82.96000000000001</ele>
   </trkpt>
   <trkpt lat="50.794900000000005" lon="4.82789">
    <ele>82.96000000000001</ele>
   </trkpt>
   <trkpt lat="50.79528500097146" lon="4.827410003970668">
    <ele>84.28</ele>
   </trkpt>
   <trkpt lat="50.79567" lon="4.826930000000001">
    <ele>85.29</ele>
   </trkpt>
   <trkpt lat="50.79603" lon="4.82634">
    <ele>85.25</ele>
   </trkpt>
   <trkpt lat="50.79627000000001" lon="4.82582">
    <ele>84.01</ele>
   </trkpt>
   <trkpt lat="50.796490000000006" lon="4.82516">
    <ele>83.37000000000002</ele>
   </trkpt>
   <trkpt lat="50.79665500229331" lon="4.824430002508617">
    <ele>81.77000000000001</ele>
   </trkpt>
   <trkpt lat="50.796820000000004" lon="4.8237000000000005">
    <ele>80.71000000000001</ele>
   </trkpt>
   <trkpt lat="50.79679" lon="4.82361">
    <ele>80.71000000000001</ele>
   </trkpt>
   <trkpt lat="50.797000000000004" lon="4.82265">
    <ele>80.21000000000001</ele>
   </trkpt>
   <trkpt lat="50.79721000000001" lon="4.82185">
    <ele>79.92</ele>
   </trkpt>
   <trkpt lat="50.79731" lon="4.82153">
    <ele>79.92999999999999</ele>
   </trkpt>
   <trkpt lat="50.797520000000006" lon="4.8211">
    <ele>80.21000000000001</ele>
   </trkpt>
   <trkpt lat="50.79773" lon="4.820810000000001">
    <ele>80.33000000000001</ele>
   </trkpt>
   <trkpt lat="50.79818" lon="4.8203000000000005">
    <ele>80.95</ele>
   </trkpt>
   <trkpt lat="50.79874000162447" lon="4.819655007906338">
    <ele>82.10000000000001</ele>
   </trkpt>
   <trkpt lat="50.7993" lon="4.8190100000000005">
    <ele>83.25</ele>
   </trkpt>
   <trkpt lat="50.79959" lon="4.81855">
    <ele>84.41000000000001</ele>
   </trkpt>
   <trkpt lat="50.799910000000004" lon="4.81881">
    <ele>84.69</ele>
   </trkpt>
   <trkpt lat="50.80049000055457" lon="4.819184995315385">
    <ele>85.18</ele>
   </trkpt>
   <trkpt lat="50.80107" lon="4.81956">
    <ele>84.54</ele>
   </trkpt>
   <trkpt lat="50.80138" lon="4.81979">
    <ele>83.91000000000001</ele>
   </trkpt>
   <trkpt lat="50.80151000000001" lon="4.819940000000001">
    <ele>83.16000000000001</ele>
   </trkpt>
   <trkpt lat="50.80171000000001" lon="4.820220000000001">
    <ele>82.59</ele>
   </trkpt>
   <trkpt lat="50.802055001428386" lon="4.820794995779896">
    <ele>81.05000000000001</ele>
   </trkpt>
   <trkpt lat="50.802400000000006" lon="4.821370000000001">
    <ele>80.78</ele>
   </trkpt>
   <trkpt lat="50.80279" lon="4.821980000000001">
    <ele>81.36</ele>
   </trkpt>
   <trkpt lat="50.802980000000005" lon="4.822220000000001">
    <ele>82.22</ele>
   </trkpt>
   <trkpt lat="50.803659026500966" lon="4.823049891443336">
    <ele>83.96000000000001</ele>
   </trkpt>
   <trkpt lat="50.80433804711447" lon="4.823879807008476">
    <ele>85.72</ele>
   </trkpt>
   <trkpt lat="50.805017061840175" lon="4.824709746696497">
    <ele>86.02000000000001</ele>
   </trkpt>
   <trkpt lat="50.805696070677776" lon="4.825539710508476">
    <ele>85.0</ele>
   </trkpt>
   <trkpt lat="50.806375073626974" lon="4.826369698445487">
    <ele>84.83</ele>
   </trkpt>
   <trkpt lat="50.807054070687435" lon="4.827199710508606">
    <ele>85.4</ele>
   </trkpt>
   <trkpt lat="50.80773306185886" lon="4.828029746698909">
    <ele>85.92</ele>
   </trkpt>
   <trkpt lat="50.808412047140926" lon="4.828859807017473">
    <ele>86.20000000000002</ele>
   </trkpt>
   <trkpt lat="50.809091026533316" lon="4.829689891465373">
    <ele>85.33</ele>
   </trkpt>
   <trkpt lat="50.80977000000001" lon="4.830520000000001">
    <ele>84.16000000000001</ele>
   </trkpt>
   <trkpt lat="50.81004" lon="4.8308800000000005">
    <ele>83.53</ele>
   </trkpt>
   <trkpt lat="50.810230000000004" lon="4.831230000000001">
    <ele>83.53</ele>
   </trkpt>
   <trkpt lat="50.810410000000005" lon="4.8316300000000005">
    <ele>83.19</ele>
   </trkpt>
   <trkpt lat="50.810550000000006" lon="4.83204">
    <ele>82.66000000000001</ele>
   </trkpt>
   <trkpt lat="50.81067" lon="4.832540000000001">
    <ele>82.45</ele>
   </trkpt>
   <trkpt lat="50.810846674410534" lon="4.833489992972872">
    <ele>81.69000000000001</ele>
   </trkpt>
   <trkpt lat="50.8110233411068" lon="4.83443999313187">
    <ele>81.37</ele>
   </trkpt>
   <trkpt lat="50.81120000000001" lon="4.83539">
    <ele>81.30000000000001</ele>
   </trkpt>
   <trkpt lat="50.811220000000006" lon="4.83563">
    <ele>81.18</ele>
   </trkpt>
   <trkpt lat="50.811400000000006" lon="4.83556">
    <ele>81.24000000000001</ele>
   </trkpt>
   <trkpt lat="50.81156000000001" lon="4.835520000000001">
    <ele>81.37</ele>
   </trkpt>
   <trkpt lat="50.812090000000005" lon="4.835450000000001">
    <ele>82.63000000000001</ele>
   </trkpt>
   <trkpt lat="50.81273" lon="4.83521">
    <ele>85.54</ele>
   </trkpt>
   <trkpt lat="50.812870000000004" lon="4.83513">
    <ele>86.25</ele>
   </trkpt>
   <trkpt lat="50.81284" lon="4.83492">
    <ele>86.32000000000001</ele>
   </trkpt>
   <trkpt lat="50.81275" lon="4.834630000000001">
    <ele>86.25</ele>
   </trkpt>
   <trkpt lat="50.81259667620279" lon="4.833573326342706">
    <ele>86.19</ele>
   </trkpt>
   <trkpt lat="50.81244334286173" lon="4.8325166596228355">
    <ele>87.0</ele>
   </trkpt>
   <trkpt lat="50.812290000000004" lon="4.831460000000001">
    <ele>87.41</ele>
   </trkpt>
   <trkpt lat="50.812400000000004" lon="4.83127">
    <ele>87.41</ele>
   </trkpt>
   <trkpt lat="50.81248" lon="4.830690000000001">
    <ele>87.27</ele>
   </trkpt>
   <trkpt lat="50.812520000000006" lon="4.82971">
    <ele>85.39</ele>
   </trkpt>
   <trkpt lat="50.81244" lon="4.82882">
    <ele>83.58</ele>
   </trkpt>
   <trkpt lat="50.812450000000005" lon="4.8283000000000005">
    <ele>82.46000000000001</ele>
   </trkpt>
   <trkpt lat="50.81255334154215" lon="4.827320004339247">
    <ele>81.84</ele>
   </trkpt>
   <trkpt lat="50.812656674875186" lon="4.826340004342207">
    <ele>81.51</ele>
   </trkpt>
   <trkpt lat="50.812760000000004" lon="4.825360000000001">
    <ele>81.16000000000001</ele>
   </trkpt>
   <trkpt lat="50.81291" lon="4.82423">
    <ele>80.72</ele>
   </trkpt>
   <trkpt lat="50.813135005456985" lon="4.823100005444639">
    <ele>80.03999999999999</ele>
   </trkpt>
   <trkpt lat="50.81336" lon="4.82197">
    <ele>79.75</ele>
   </trkpt>
   <trkpt lat="50.8135050043414" lon="4.8209600032629645">
    <ele>80.58000000000001</ele>
   </trkpt>
   <trkpt lat="50.81365" lon="4.81995">
    <ele>81.33000000000001</ele>
   </trkpt>
   <trkpt lat="50.81374" lon="4.819590000000001">
    <ele>81.87</ele>
   </trkpt>
   <trkpt lat="50.81394" lon="4.81904">
    <ele>83.14</ele>
   </trkpt>
   <trkpt lat="50.81400000000001" lon="4.8187500000000005">
    <ele>83.38000000000001</ele>
   </trkpt>
   <trkpt lat="50.814020000000006" lon="4.81848">
    <ele>83.91000000000001</ele>
   </trkpt>
   <trkpt lat="50.814000002223075" lon="4.817759999963377">
    <ele>83.64</ele>
   </trkpt>
   <trkpt lat="50.81398" lon="4.81704">
    <ele>82.14</ele>
   </trkpt>
   <trkpt lat="50.81376" lon="4.81601">
    <ele>80.98</ele>
   </trkpt>
   <trkpt lat="50.813770000000005" lon="4.815840000000001">
    <ele>80.87</ele>
   </trkpt>
   <trkpt lat="50.814130000000006" lon="4.81515">
    <ele>77.21</ele>
   </trkpt>
   <trkpt lat="50.81440500256273" lon="4.814385004332921">
    <ele>72.95</ele>
   </trkpt>
   <trkpt lat="50.81468" lon="4.81362">
    <ele>71.22</ele>
   </trkpt>
   <trkpt lat="50.81481" lon="4.813400000000001">
    <ele>70.93</ele>
   </trkpt>
   <trkpt lat="50.81495" lon="4.81325">
    <ele>70.79</ele>
   </trkpt>
   <trkpt lat="50.81505000000001" lon="4.81317">
    <ele>70.65</ele>
   </trkpt>
   <trkpt lat="50.815450000000006" lon="4.81311">
    <ele>70.39</ele>
   </trkpt>
   <trkpt lat="50.815630000000006" lon="4.81315">
    <ele>70.14</ele>
   </trkpt>
   <trkpt lat="50.81622" lon="4.81334">
    <ele>70.22</ele>
   </trkpt>
   <trkpt lat="50.81642" lon="4.813370000000001">
    <ele>70.22</ele>
   </trkpt>
   <trkpt lat="50.81669" lon="4.81338">
    <ele>70.48</ele>
   </trkpt>
   <trkpt lat="50.81701" lon="4.813350000000001">
    <ele>70.51</ele>
   </trkpt>
   <trkpt lat="50.81727" lon="4.81325">
    <ele>70.35000000000001</ele>
   </trkpt>
   <trkpt lat="50.8179400003968" lon="4.812950004298672">
    <ele>68.94</ele>
   </trkpt>
   <trkpt lat="50.81861000000001" lon="4.8126500000000005">
    <ele>66.09</ele>
   </trkpt>
   <trkpt lat="50.8188" lon="4.812480000000001">
    <ele>65.88000000000001</ele>
   </trkpt>
   <trkpt lat="50.81891" lon="4.81228">
    <ele>65.64</ele>
   </trkpt>
   <trkpt lat="50.8192" lon="4.81172">
    <ele>65.16000000000001</ele>
   </trkpt>
   <trkpt lat="50.81942" lon="4.81088">
    <ele>65.87</ele>
   </trkpt>
   <trkpt lat="50.81949" lon="4.81069">
    <ele>66.38000000000001</ele>
   </trkpt>
   <trkpt lat="50.81982000000001" lon="4.81026">
    <ele>67.59</ele>
   </trkpt>
   <trkpt lat="50.82016" lon="4.8097900000000005">
    <ele>68.55</ele>
   </trkpt>
   <trkpt lat="50.82061500244656" lon="4.809040007237722">
    <ele>69.29</ele>
   </trkpt>
   <trkpt lat="50.821070000000006" lon="4.80829">
    <ele>69.66</ele>
   </trkpt>
   <trkpt lat="50.82163000888402" lon="4.809122470044978">
    <ele>71.14</ele>
   </trkpt>
   <trkpt lat="50.82219001184468" lon="4.809954960058296">
    <ele>74.2</ele>
   </trkpt>
   <trkpt lat="50.82275000888179" lon="4.81078747004062">
    <ele>76.17</ele>
   </trkpt>
   <trkpt lat="50.823310000000006" lon="4.8116200000000005">
    <ele>77.38000000000001</ele>
   </trkpt>
   <trkpt lat="50.82338000000001" lon="4.81149">
    <ele>77.19000000000001</ele>
   </trkpt>
   <trkpt lat="50.82345" lon="4.81114">
    <ele>76.6</ele>
   </trkpt>
   <trkpt lat="50.8235" lon="4.8107500000000005">
    <ele>76.44000000000001</ele>
   </trkpt>
   <trkpt lat="50.823640000000005" lon="4.8100700000000005">
    <ele>76.13</ele>
   </trkpt>
   <trkpt lat="50.82385000000001" lon="4.80952">
    <ele>76.07000000000001</ele>
   </trkpt>
   <trkpt lat="50.82408" lon="4.809130000000001">
    <ele>76.07000000000001</ele>
   </trkpt>
   <trkpt lat="50.824556670041716" lon="4.808500012886763">
    <ele>75.9</ele>
   </trkpt>
   <trkpt lat="50.825033336691234" lon="4.807870012909608">
    <ele>75.99</ele>
   </trkpt>
   <trkpt lat="50.82551" lon="4.80724">
    <ele>76.01</ele>
   </trkpt>
   <trkpt lat="50.826020003999965" lon="4.806553348376044">
    <ele>76.22000000000001</ele>
   </trkpt>
   <trkpt lat="50.82653000397009" lon="4.805866681749834">
    <ele>78.01</ele>
   </trkpt>
   <trkpt lat="50.827040000000004" lon="4.80518">
    <ele>80.78</ele>
   </trkpt>
   <trkpt lat="50.827395001694946" lon="4.804565004540435">
    <ele>82.7</ele>
   </trkpt>
   <trkpt lat="50.82775" lon="4.80395">
    <ele>88.38000000000001</ele>
   </trkpt>
   <trkpt lat="50.82784" lon="4.803850000000001">
    <ele>88.38000000000001</ele>
   </trkpt>
   <trkpt lat="50.828050000000005" lon="4.80367">
    <ele>90.06</ele>
   </trkpt>
   <trkpt lat="50.828320000000005" lon="4.803540000000001">
    <ele>91.71000000000001</ele>
   </trkpt>
   <trkpt lat="50.828630000000004" lon="4.80349">
    <ele>92.51</ele>
   </trkpt>
   <trkpt lat="50.82949000000001" lon="4.80346">
    <ele>92.42</ele>
   </trkpt>
   <trkpt lat="50.829660000000004" lon="4.80344">
    <ele>92.42</ele>
   </trkpt>
   <trkpt lat="50.82979" lon="4.80339">
    <ele>91.39000000000001</ele>
   </trkpt>
   <trkpt lat="50.82999" lon="4.803240000000001">
    <ele>91.39000000000001</ele>
   </trkpt>
   <trkpt lat="50.830130000000004" lon="4.8030800000000005">
    <ele>90.96000000000001</ele>
   </trkpt>
   <trkpt lat="50.83026" lon="4.80283">
    <ele>90.15</ele>
   </trkpt>
   <trkpt lat="50.8303" lon="4.80269">
    <ele>89.54</ele>
   </trkpt>
   <trkpt lat="50.8305250039462" lon="4.801725004793759">
    <ele>86.95000000000002</ele>
   </trkpt>
   <trkpt lat="50.83075" lon="4.80076">
    <ele>84.86</ele>
   </trkpt>
   <trkpt lat="50.830920000000006" lon="4.8002">
    <ele>84.01</ele>
   </trkpt>
   <trkpt lat="50.8312900062026" lon="4.799346680242922">
    <ele>82.15</ele>
   </trkpt>
   <trkpt lat="50.83166000618192" lon="4.7984933469574695">
    <ele>80.26</ele>
   </trkpt>
   <trkpt lat="50.83203" lon="4.79764">
    <ele>79.34</ele>
   </trkpt>
   <trkpt lat="50.83237500187433" lon="4.796985004763552">
    <ele>79.10000000000001</ele>
   </trkpt>
   <trkpt lat="50.83272" lon="4.79633">
    <ele>79.34</ele>
   </trkpt>
   <trkpt lat="50.833000000000006" lon="4.795850000000001">
    <ele>80.12</ele>
   </trkpt>
   <trkpt lat="50.833450000000006" lon="4.795170000000001">
    <ele>79.92</ele>
   </trkpt>
   <trkpt lat="50.83379000095676" lon="4.794690003535887">
    <ele>78.22000000000001</ele>
   </trkpt>
   <trkpt lat="50.83413" lon="4.7942100000000005">
    <ele>75.27</ele>
   </trkpt>
   <trkpt lat="50.83426000000001" lon="4.79398">
    <ele>73.42</ele>
   </trkpt>
   <trkpt lat="50.834770000000006" lon="4.792960000000001">
    <ele>70.68</ele>
   </trkpt>
   <trkpt lat="50.83484000000001" lon="4.79284">
    <ele>70.61</ele>
   </trkpt>
   <trkpt lat="50.834900000000005" lon="4.7927800000000005">
    <ele>70.61</ele>
   </trkpt>
   <trkpt lat="50.834920000000004" lon="4.792820000000001">
    <ele>70.61</ele>
   </trkpt>
   <trkpt lat="50.834970000000006" lon="4.7928500000000005">
    <ele>70.45000000000002</ele>
   </trkpt>
   <trkpt lat="50.835" lon="4.7928500000000005">
    <ele>70.45000000000002</ele>
   </trkpt>
   <trkpt lat="50.83505" lon="4.79281">
    <ele>70.3</ele>
   </trkpt>
   <trkpt lat="50.83507" lon="4.79272">
    <ele>70.3</ele>
   </trkpt>
   <trkpt lat="50.83514" lon="4.79272">
    <ele>70.3</ele>
   </trkpt>
   <trkpt lat="50.83549000000001" lon="4.7927800000000005">
    <ele>68.94</ele>
   </trkpt>
   <trkpt lat="50.835770000000004" lon="4.79279">
    <ele>67.87</ele>
   </trkpt>
   <trkpt lat="50.83658500039061" lon="4.792615009168903">
    <ele>66.30000000000001</ele>
   </trkpt>
   <trkpt lat="50.83740000051953" lon="4.792440012225745">
    <ele>66.16000000000001</ele>
   </trkpt>
   <trkpt lat="50.83821500038669" lon="4.792265009170137">
    <ele>65.75</ele>
   </trkpt>
   <trkpt lat="50.83903" lon="4.79209">
    <ele>64.71000000000001</ele>
   </trkpt>
   <trkpt lat="50.839380000000006" lon="4.791930000000001">
    <ele>64.01</ele>
   </trkpt>
   <trkpt lat="50.839960000000005" lon="4.79155">
    <ele>63.87000000000001</ele>
   </trkpt>
   <trkpt lat="50.84045500049588" lon="4.791210003605481">
    <ele>63.38</ele>
   </trkpt>
   <trkpt lat="50.84095000000001" lon="4.79087">
    <ele>63.230000000000004</ele>
   </trkpt>
   <trkpt lat="50.841100000000004" lon="4.790660000000001">
    <ele>63.11</ele>
   </trkpt>
   <trkpt lat="50.84122000000001" lon="4.790380000000001">
    <ele>63.09</ele>
   </trkpt>
   <trkpt lat="50.84140000000001" lon="4.78983">
    <ele>63.300000000000004</ele>
   </trkpt>
   <trkpt lat="50.84176500096738" lon="4.789360003646385">
    <ele>63.25</ele>
   </trkpt>
   <trkpt lat="50.842130000000004" lon="4.78889">
    <ele>62.88</ele>
   </trkpt>
   <trkpt lat="50.84237" lon="4.78864">
    <ele>62.46000000000001</ele>
   </trkpt>
   <trkpt lat="50.8427" lon="4.788390000000001">
    <ele>62.37</ele>
   </trkpt>
   <trkpt lat="50.84286" lon="4.78831">
    <ele>62.32000000000001</ele>
   </trkpt>
   <trkpt lat="50.843070000000004" lon="4.78824">
    <ele>62.290000000000006</ele>
   </trkpt>
   <trkpt lat="50.84322" lon="4.78823">
    <ele>62.21000000000001</ele>
   </trkpt>
   <trkpt lat="50.843340000000005" lon="4.788250000000001">
    <ele>62.19</ele>
   </trkpt>
   <trkpt lat="50.843540000000004" lon="4.788340000000001">
    <ele>62.19</ele>
   </trkpt>
   <trkpt lat="50.843920000000004" lon="4.78863">
    <ele>62.25000000000001</ele>
   </trkpt>
   <trkpt lat="50.844120000000004" lon="4.78885">
    <ele>62.18000000000001</ele>
   </trkpt>
   <trkpt lat="50.84425" lon="4.78906">
    <ele>61.900000000000006</ele>
   </trkpt>
   <trkpt lat="50.84472" lon="4.789980000000001">
    <ele>60.49</ele>
   </trkpt>
   <trkpt lat="50.84497" lon="4.79058">
    <ele>59.74</ele>
   </trkpt>
   <trkpt lat="50.84516000000001" lon="4.7912300000000005">
    <ele>59.13</ele>
   </trkpt>
   <trkpt lat="50.84533500222043" lon="4.791944997465373">
    <ele>58.63</ele>
   </trkpt>
   <trkpt lat="50.845510000000004" lon="4.792660000000001">
    <ele>57.35</ele>
   </trkpt>
   <trkpt lat="50.84563000000001" lon="4.793010000000001">
    <ele>57.35</ele>
   </trkpt>
   <trkpt lat="50.84581000000001" lon="4.79328">
    <ele>56.75</ele>
   </trkpt>
   <trkpt lat="50.84617" lon="4.793640000000001">
    <ele>56.510000000000005</ele>
   </trkpt>
   <trkpt lat="50.84651" lon="4.793810000000001">
    <ele>55.75000000000001</ele>
   </trkpt>
   <trkpt lat="50.84662" lon="4.793900000000001">
    <ele>55.75000000000001</ele>
   </trkpt>
   <trkpt lat="50.847170000000006" lon="4.79426">
    <ele>55.34</ele>
   </trkpt>
   <trkpt lat="50.847260000000006" lon="4.79427">
    <ele>55.290000000000006</ele>
   </trkpt>
   <trkpt lat="50.847350000000006" lon="4.79424">
    <ele>55.290000000000006</ele>
   </trkpt>
   <trkpt lat="50.84742000000001" lon="4.7942">
    <ele>55.18000000000001</ele>
   </trkpt>
   <trkpt lat="50.84785" lon="4.79344">
    <ele>54.95</ele>
   </trkpt>
   <trkpt lat="50.848060000000004" lon="4.792960000000001">
    <ele>54.98</ele>
   </trkpt>
   <trkpt lat="50.84836000000001" lon="4.7921700000000005">
    <ele>54.50000000000001</ele>
   </trkpt>
   <trkpt lat="50.84877" lon="4.79131">
    <ele>54.220000000000006</ele>
   </trkpt>
   <trkpt lat="50.849120000000006" lon="4.79065">
    <ele>53.970000000000006</ele>
   </trkpt>
   <trkpt lat="50.84922" lon="4.79072">
    <ele>53.27</ele>
   </trkpt>
   <trkpt lat="50.84969" lon="4.79094">
    <ele>50.95</ele>
   </trkpt>
   <trkpt lat="50.85" lon="4.791040000000001">
    <ele>50.620000000000005</ele>
   </trkpt>
   <trkpt lat="50.850120000000004" lon="4.791040000000001">
    <ele>50.800000000000004</ele>
   </trkpt>
   <trkpt lat="50.85031000000001" lon="4.79098">
    <ele>51.04</ele>
   </trkpt>
   <trkpt lat="50.850460000000005" lon="4.79086">
    <ele>51.07</ele>
   </trkpt>
   <trkpt lat="50.85061" lon="4.790690000000001">
    <ele>51.22</ele>
   </trkpt>
   <trkpt lat="50.850750000000005" lon="4.79044">
    <ele>51.64000000000001</ele>
   </trkpt>
   <trkpt lat="50.85081" lon="4.7903">
    <ele>51.64000000000001</ele>
   </trkpt>
   <trkpt lat="50.8509" lon="4.78999">
    <ele>51.980000000000004</ele>
   </trkpt>
   <trkpt lat="50.85094" lon="4.78972">
    <ele>52.68000000000001</ele>
   </trkpt>
   <trkpt lat="50.850950000000005" lon="4.789440000000001">
    <ele>52.68000000000001</ele>
   </trkpt>
   <trkpt lat="50.850910000000006" lon="4.78911">
    <ele>52.93000000000001</ele>
   </trkpt>
   <trkpt lat="50.85067" lon="4.78812">
    <ele>53.660000000000004</ele>
   </trkpt>
   <trkpt lat="50.850660000000005" lon="4.78795">
    <ele>53.7</ele>
   </trkpt>
   <trkpt lat="50.85069000000001" lon="4.78767">
    <ele>53.68000000000001</ele>
   </trkpt>
   <trkpt lat="50.850750000000005" lon="4.78749">
    <ele>53.68000000000001</ele>
   </trkpt>
   <trkpt lat="50.85107500149812" lon="4.786910003932722">
    <ele>53.27</ele>
   </trkpt>
   <trkpt lat="50.851400000000005" lon="4.78633">
    <ele>52.160000000000004</ele>
   </trkpt>
   <trkpt lat="50.85159" lon="4.78591">
    <ele>51.68</ele>
   </trkpt>
   <trkpt lat="50.85190000000001" lon="4.785170000000001">
    <ele>51.13</ele>
   </trkpt>
   <trkpt lat="50.85226000238358" lon="4.784415005936157">
    <ele>50.410000000000004</ele>
   </trkpt>
   <trkpt lat="50.85262" lon="4.78366">
    <ele>49.92</ele>
   </trkpt>
   <trkpt lat="50.853030000000004" lon="4.78275">
    <ele>49.24</ele>
   </trkpt>
   <trkpt lat="50.853190000000005" lon="4.782500000000001">
    <ele>49.2</ele>
   </trkpt>
   <trkpt lat="50.85340000000001" lon="4.78237">
    <ele>48.870000000000005</ele>
   </trkpt>
   <trkpt lat="50.853500000000004" lon="4.782380000000001">
    <ele>48.870000000000005</ele>
   </trkpt>
   <trkpt lat="50.85365" lon="4.7824800000000005">
    <ele>48.190000000000005</ele>
   </trkpt>
   <trkpt lat="50.853750000000005" lon="4.782570000000001">
    <ele>48.190000000000005</ele>
   </trkpt>
   <trkpt lat="50.85381" lon="4.782660000000001">
    <ele>48.190000000000005</ele>
   </trkpt>
   <trkpt lat="50.85398000000001" lon="4.782850000000001">
    <ele>47.85</ele>
   </trkpt>
   <trkpt lat="50.85403" lon="4.78287">
    <ele>47.300000000000004</ele>
   </trkpt>
   <trkpt lat="50.8541" lon="4.782850000000001">
    <ele>47.300000000000004</ele>
   </trkpt>
   <trkpt lat="50.85482250237461" lon="4.782417520114285">
    <ele>45.94</ele>
   </trkpt>
   <trkpt lat="50.855545003150894" lon="4.781985026828693">
    <ele>46.32000000000001</ele>
   </trkpt>
   <trkpt lat="50.85626750232879" lon="4.781552520142494">
    <ele>46.86000000000001</ele>
   </trkpt>
   <trkpt lat="50.85699" lon="4.7811200000000005">
    <ele>47.470000000000006</ele>
   </trkpt>
   <trkpt lat="50.85712" lon="4.78108">
    <ele>47.470000000000006</ele>
   </trkpt>
   <trkpt lat="50.85734" lon="4.78108">
    <ele>47.760000000000005</ele>
   </trkpt>
   <trkpt lat="50.8575" lon="4.7811200000000005">
    <ele>47.970000000000006</ele>
   </trkpt>
   <trkpt lat="50.85802" lon="4.7814000000000005">
    <ele>48.690000000000005</ele>
   </trkpt>
   <trkpt lat="50.858090000000004" lon="4.78146">
    <ele>48.85</ele>
   </trkpt>
   <trkpt lat="50.85817" lon="4.781580000000001">
    <ele>48.67</ele>
   </trkpt>
   <trkpt lat="50.858810001047516" lon="4.781933323623928">
    <ele>48.370000000000005</ele>
   </trkpt>
   <trkpt lat="50.85945000102828" lon="4.782286656946476">
    <ele>48.940000000000005</ele>
   </trkpt>
   <trkpt lat="50.86009000000001" lon="4.782640000000001">
    <ele>49.39</ele>
   </trkpt>
   <trkpt lat="50.86037" lon="4.782900000000001">
    <ele>49.910000000000004</ele>
   </trkpt>
   <trkpt lat="50.86077" lon="4.78335">
    <ele>50.410000000000004</ele>
   </trkpt>
   <trkpt lat="50.861140000000006" lon="4.78385">
    <ele>50.410000000000004</ele>
   </trkpt>
   <trkpt lat="50.86157000000001" lon="4.784590000000001">
    <ele>50.68</ele>
   </trkpt>
   <trkpt lat="50.861790000000006" lon="4.78511">
    <ele>50.910000000000004</ele>
   </trkpt>
   <trkpt lat="50.86206000000001" lon="4.785970000000001">
    <ele>51.63</ele>
   </trkpt>
   <trkpt lat="50.86218" lon="4.78627">
    <ele>51.83</ele>
   </trkpt>
   <trkpt lat="50.8624" lon="4.78671">
    <ele>52.230000000000004</ele>
   </trkpt>
   <trkpt lat="50.862410000000004" lon="4.786720000000001">
    <ele>52.230000000000004</ele>
   </trkpt>
   <trkpt lat="50.86296201576275" lon="4.787679954560775">
    <ele>53.34</ele>
   </trkpt>
   <trkpt lat="50.86351402365144" lon="4.788639931852602">
    <ele>55.120000000000005</ele>
   </trkpt>
   <trkpt lat="50.86406602366569" lon="4.789599931876143">
    <ele>57.68</ele>
   </trkpt>
   <trkpt lat="50.86461801580519" lon="4.790559954632061">
    <ele>60.25000000000001</ele>
   </trkpt>
   <trkpt lat="50.865170000000006" lon="4.79152">
    <ele>63.86</ele>
   </trkpt>
   <trkpt lat="50.865210000000005" lon="4.79147">
    <ele>64.01</ele>
   </trkpt>
   <trkpt lat="50.865665002515826" lon="4.792249992244476">
    <ele>65.59</ele>
   </trkpt>
   <trkpt lat="50.86612" lon="4.793030000000001">
    <ele>66.88000000000001</ele>
   </trkpt>
   <trkpt lat="50.866290000000006" lon="4.793360000000001">
    <ele>67.05000000000001</ele>
   </trkpt>
   <trkpt lat="50.86679" lon="4.7942100000000005">
    <ele>67.18</ele>
   </trkpt>
   <trkpt lat="50.866910000000004" lon="4.794390000000001">
    <ele>67.29</ele>
   </trkpt>
   <trkpt lat="50.86731" lon="4.79485">
    <ele>67.39</ele>
   </trkpt>
   <trkpt lat="50.86750000000001" lon="4.79501">
    <ele>67.44</ele>
   </trkpt>
   <trkpt lat="50.867760000000004" lon="4.795170000000001">
    <ele>67.55</ele>
   </trkpt>
   <trkpt lat="50.8686" lon="4.795540000000001">
    <ele>71.43</ele>
   </trkpt>
   <trkpt lat="50.868770000000005" lon="4.795640000000001">
    <ele>73.47000000000001</ele>
   </trkpt>
   <trkpt lat="50.86892" lon="4.7957600000000005">
    <ele>74.38</ele>
   </trkpt>
   <trkpt lat="50.86938000000001" lon="4.79619">
    <ele>80.32000000000001</ele>
   </trkpt>
   <trkpt lat="50.86952" lon="4.796290000000001">
    <ele>82.25</ele>
   </trkpt>
   <trkpt lat="50.869640000000004" lon="4.79633">
    <ele>82.60000000000001</ele>
   </trkpt>
   <trkpt lat="50.87023000000001" lon="4.79636">
    <ele>90.18</ele>
   </trkpt>
   <trkpt lat="50.870560000000005" lon="4.79631">
    <ele>91.33000000000001</ele>
   </trkpt>
   <trkpt lat="50.87095000000001" lon="4.796150000000001">
    <ele>94.4</ele>
   </trkpt>
   <trkpt lat="50.871230000000004" lon="4.79595">
    <ele>96.53</ele>
   </trkpt>
   <trkpt lat="50.87187000136427" lon="4.795380007847787">
    <ele>99.81</ele>
   </trkpt>
   <trkpt lat="50.872510000000005" lon="4.79481">
    <ele>101.08</ele>
   </trkpt>
   <trkpt lat="50.87265000000001" lon="4.79471">
    <ele>101.05000000000001</ele>
   </trkpt>
   <trkpt lat="50.87332666784443" lon="4.794340010739264">
    <ele>100.4</ele>
   </trkpt>
   <trkpt lat="50.87400333451923" lon="4.793970010735012">
    <ele>99.7</ele>
   </trkpt>
   <trkpt lat="50.874680000000005" lon="4.7936000000000005">
    <ele>98.87</ele>
   </trkpt>
   <trkpt lat="50.874860000000005" lon="4.79352">
    <ele>98.11</ele>
   </trkpt>
   <trkpt lat="50.87512" lon="4.79344">
    <ele>98.11</ele>
   </trkpt>
   <trkpt lat="50.8753" lon="4.793430000000001">
    <ele>97.91000000000001</ele>
   </trkpt>
   <trkpt lat="50.87577" lon="4.7934600000000005">
    <ele>97.66000000000001</ele>
   </trkpt>
   <trkpt lat="50.875960000000006" lon="4.79351">
    <ele>97.52000000000001</ele>
   </trkpt>
   <trkpt lat="50.87614000000001" lon="4.79358">
    <ele>97.42</ele>
   </trkpt>
   <trkpt lat="50.876340000000006" lon="4.793690000000001">
    <ele>97.28</ele>
   </trkpt>
   <trkpt lat="50.87664" lon="4.79392">
    <ele>97.26</ele>
   </trkpt>
   <trkpt lat="50.877403342675045" lon="4.79458161246635">
    <ele>97.35000000000001</ele>
   </trkpt>
   <trkpt lat="50.878166681610146" lon="4.795243246608154">
    <ele>96.89</ele>
   </trkpt>
   <trkpt lat="50.87893001680508" lon="4.795904902426607">
    <ele>94.87</ele>
   </trkpt>
   <trkpt lat="50.87969334825965" lon="4.796566579922905">
    <ele>92.43</ele>
   </trkpt>
   <trkpt lat="50.880456675973605" lon="4.797228279098238">
    <ele>90.88</ele>
   </trkpt>
   <trkpt lat="50.881220000000006" lon="4.797890000000001">
    <ele>89.04</ele>
   </trkpt>
   <trkpt lat="50.881350000000005" lon="4.797960000000001">
    <ele>88.74000000000001</ele>
   </trkpt>
   <trkpt lat="50.881550000000004" lon="4.79793">
    <ele>88.0</ele>
   </trkpt>
   <trkpt lat="50.881660000000004" lon="4.79786">
    <ele>88.0</ele>
   </trkpt>
   <trkpt lat="50.88238000264052" lon="4.797080012008385">
    <ele>85.89</ele>
   </trkpt>
   <trkpt lat="50.883100000000006" lon="4.7963000000000005">
    <ele>83.49000000000001</ele>
   </trkpt>
   <trkpt lat="50.88327" lon="4.79617">
    <ele>82.58</ele>
   </trkpt>
   <trkpt lat="50.88345" lon="4.79612">
    <ele>81.88000000000001</ele>
   </trkpt>
   <trkpt lat="50.88425" lon="4.796010000000001">
    <ele>79.55000000000001</ele>
   </trkpt>
   <trkpt lat="50.88436" lon="4.79598">
    <ele>78.83000000000001</ele>
   </trkpt>
   <trkpt lat="50.884510000000006" lon="4.79588">
    <ele>78.83000000000001</ele>
   </trkpt>
   <trkpt lat="50.885146005490355" lon="4.795314030892773">
    <ele>76.14</ele>
   </trkpt>
   <trkpt lat="50.88578200824407" lon="4.794748046332382">
    <ele>73.32000000000001</ele>
   </trkpt>
   <trkpt lat="50.88641800826103" lon="4.794182046318119">
    <ele>72.94</ele>
   </trkpt>
   <trkpt lat="50.887054005541074" lon="4.79361603084928">
    <ele>71.81000000000002</ele>
   </trkpt>
   <trkpt lat="50.887690000000006" lon="4.79305">
    <ele>69.19</ele>
   </trkpt>
   <trkpt lat="50.888000000000005" lon="4.79288">
    <ele>67.89</ele>
   </trkpt>
   <trkpt lat="50.888656666723776" lon="4.79278000282373">
    <ele>65.01</ele>
   </trkpt>
   <trkpt lat="50.88931333336214" lon="4.792680002828091">
    <ele>61.09</ele>
   </trkpt>
   <trkpt lat="50.889970000000005" lon="4.79258">
    <ele>59.46000000000001</ele>
   </trkpt>
   <trkpt lat="50.890060000000005" lon="4.79255">
    <ele>59.260000000000005</ele>
   </trkpt>
   <trkpt lat="50.89020000000001" lon="4.7924500000000005">
    <ele>59.260000000000005</ele>
   </trkpt>
   <trkpt lat="50.89038000000001" lon="4.79227">
    <ele>59.21000000000001</ele>
   </trkpt>
   <trkpt lat="50.890530000000005" lon="4.791980000000001">
    <ele>59.24000000000001</ele>
   </trkpt>
   <trkpt lat="50.89081000207127" lon="4.791305003756101">
    <ele>59.61</ele>
   </trkpt>
   <trkpt lat="50.891090000000005" lon="4.79063">
    <ele>60.300000000000004</ele>
   </trkpt>
   <trkpt lat="50.891180000000006" lon="4.7905500000000005">
    <ele>60.54</ele>
   </trkpt>
   <trkpt lat="50.8913" lon="4.79054">
    <ele>60.68000000000001</ele>
   </trkpt>
   <trkpt lat="50.89137667525646" lon="4.791543329899113">
    <ele>64.39999999999999</ele>
   </trkpt>
   <trkpt lat="50.89145334191311" lon="4.792546663101393">
    <ele>66.84</ele>
   </trkpt>
   <trkpt lat="50.89153" lon="4.793550000000001">
    <ele>68.99000000000001</ele>
   </trkpt>
   <trkpt lat="50.89204" lon="4.793500000000001">
    <ele>68.65</ele>
   </trkpt>
   <trkpt lat="50.89233" lon="4.79351">
    <ele>68.29</ele>
   </trkpt>
   <trkpt lat="50.892630000000004" lon="4.79361">
    <ele>68.16000000000001</ele>
   </trkpt>
   <trkpt lat="50.89284000000001" lon="4.79372">
    <ele>67.87</ele>
   </trkpt>
   <trkpt lat="50.89314" lon="4.79394">
    <ele>67.72</ele>
   </trkpt>
   <trkpt lat="50.89382500090456" lon="4.794394993321342">
    <ele>67.67</ele>
   </trkpt>
   <trkpt lat="50.894510000000004" lon="4.79485">
    <ele>67.94</ele>
   </trkpt>
   <trkpt lat="50.89475" lon="4.79495">
    <ele>68.24000000000001</ele>
   </trkpt>
   <trkpt lat="50.89490000000001" lon="4.79499">
    <ele>68.38000000000001</ele>
   </trkpt>
   <trkpt lat="50.895230000000005" lon="4.79499">
    <ele>69.93</ele>
   </trkpt>
   <trkpt lat="50.89544" lon="4.79495">
    <ele>70.96000000000001</ele>
   </trkpt>
   <trkpt lat="50.89578" lon="4.7948200000000005">
    <ele>72.02</ele>
   </trkpt>
   <trkpt lat="50.896150000000006" lon="4.79473">
    <ele>72.76</ele>
   </trkpt>
   <trkpt lat="50.896480000000004" lon="4.794700000000001">
    <ele>72.79</ele>
   </trkpt>
   <trkpt lat="50.89703" lon="4.79469">
    <ele>72.8</ele>
   </trkpt>
   <trkpt lat="50.89757" lon="4.79462">
    <ele>73.74</ele>
   </trkpt>
   <trkpt lat="50.89802" lon="4.7944700000000005">
    <ele>74.34</ele>
   </trkpt>
   <trkpt lat="50.89861500033872" lon="4.794205003368832">
    <ele>75.29</ele>
   </trkpt>
   <trkpt lat="50.899210000000004" lon="4.79394">
    <ele>76.59</ele>
   </trkpt>
   <trkpt lat="50.89945251340536" lon="4.794962484062423">
    <ele>75.92</ele>
   </trkpt>
   <trkpt lat="50.899695017879914" lon="4.795984978775271">
    <ele>74.8</ele>
   </trkpt>
   <trkpt lat="50.89993751342348" lon="4.797007484138356">
    <ele>73.3</ele>
   </trkpt>
   <trkpt lat="50.900180000000006" lon="4.798030000000001">
    <ele>72.39000000000001</ele>
   </trkpt>
   <trkpt lat="50.90045251939003" lon="4.799259978426724">
    <ele>71.78000000000002</ele>
   </trkpt>
   <trkpt lat="50.90072502585686" lon="4.800489971250811">
    <ele>71.91</ele>
   </trkpt>
   <trkpt lat="50.900997519400235" lon="4.801719978471891">
    <ele>69.35000000000001</ele>
   </trkpt>
   <trkpt lat="50.901270000000004" lon="4.80295">
    <ele>64.34</ele>
   </trkpt>
   <trkpt lat="50.9014" lon="4.803450000000001">
    <ele>63.62000000000001</ele>
   </trkpt>
   <trkpt lat="50.901700000000005" lon="4.80431">
    <ele>60.85000000000001</ele>
   </trkpt>
   <trkpt lat="50.90185" lon="4.8046500000000005">
    <ele>60.370000000000005</ele>
   </trkpt>
   <trkpt lat="50.902350000000006" lon="4.805630000000001">
    <ele>58.28</ele>
   </trkpt>
   <trkpt lat="50.90269000155255" lon="4.806239995479552">
    <ele>57.82</ele>
   </trkpt>
   <trkpt lat="50.90303" lon="4.806850000000001">
    <ele>58.0</ele>
   </trkpt>
   <trkpt lat="50.90308" lon="4.80698">
    <ele>58.0</ele>
   </trkpt>
   <trkpt lat="50.903090000000006" lon="4.80721">
    <ele>57.92</ele>
   </trkpt>
   <trkpt lat="50.90323" lon="4.807200000000001">
    <ele>57.85</ele>
   </trkpt>
   <trkpt lat="50.903850000000006" lon="4.8070900000000005">
    <ele>57.150000000000006</ele>
   </trkpt>
   <trkpt lat="50.9044" lon="4.80693">
    <ele>54.8</ele>
   </trkpt>
   <trkpt lat="50.90484000000001" lon="4.80677">
    <ele>53.26</ele>
   </trkpt>
   <trkpt lat="50.90545000016111" lon="4.806530003178138">
    <ele>52.010000000000005</ele>
   </trkpt>
   <trkpt lat="50.906060000000004" lon="4.806290000000001">
    <ele>51.60000000000001</ele>
   </trkpt>
   <trkpt lat="50.906470000000006" lon="4.806170000000001">
    <ele>51.83</ele>
   </trkpt>
   <trkpt lat="50.90691" lon="4.806120000000001">
    <ele>52.58</ele>
   </trkpt>
   <trkpt lat="50.90710000000001" lon="4.80611">
    <ele>52.58</ele>
   </trkpt>
   <trkpt lat="50.907270000000004" lon="4.806120000000001">
    <ele>53.24</ele>
   </trkpt>
   <trkpt lat="50.907560000000004" lon="4.80616">
    <ele>53.57000000000001</ele>
   </trkpt>
   <trkpt lat="50.90818" lon="4.806310000000001">
    <ele>53.63</ele>
   </trkpt>
   <trkpt lat="50.90842000000001" lon="4.8064">
    <ele>53.58</ele>
   </trkpt>
   <trkpt lat="50.90892500007224" lon="4.806634997374347">
    <ele>53.11000000000001</ele>
   </trkpt>
   <trkpt lat="50.90943000000001" lon="4.80687">
    <ele>52.52</ele>
   </trkpt>
   <trkpt lat="50.909620000000004" lon="4.80694">
    <ele>51.9</ele>
   </trkpt>
   <trkpt lat="50.910120000000006" lon="4.80703">
    <ele>50.510000000000005</ele>
   </trkpt>
   <trkpt lat="50.910830000000004" lon="4.80712">
    <ele>47.290000000000006</ele>
   </trkpt>
   <trkpt lat="50.91160999999021" lon="4.80712">
    <ele>44.27</ele>
   </trkpt>
   <trkpt lat="50.91238999998042" lon="4.80712">
    <ele>42.25</ele>
   </trkpt>
   <trkpt lat="50.913169999970634" lon="4.80712">
    <ele>39.57</ele>
   </trkpt>
   <trkpt lat="50.91394999996083" lon="4.80712">
    <ele>38.44</ele>
   </trkpt>
   <trkpt lat="50.914729999951035" lon="4.80712">
    <ele>38.37</ele>
   </trkpt>
   <trkpt lat="50.915510000000005" lon="4.80712">
    <ele>39.260000000000005</ele>
   </trkpt>
   <trkpt lat="50.915710000000004" lon="4.80715">
    <ele>39.53</ele>
   </trkpt>
   <trkpt lat="50.91592000000001" lon="4.80721">
    <ele>39.940000000000005</ele>
   </trkpt>
   <trkpt lat="50.91626" lon="4.80738">
    <ele>40.449999999999996</ele>
   </trkpt>
   <trkpt lat="50.91653" lon="4.80747">
    <ele>41.370000000000005</ele>
   </trkpt>
   <trkpt lat="50.916650000000004" lon="4.8074900000000005">
    <ele>41.650000000000006</ele>
   </trkpt>
   <trkpt lat="50.917350000000006" lon="4.8075">
    <ele>42.330000000000005</ele>
   </trkpt>
   <trkpt lat="50.91817500000737" lon="4.807495000088603">
    <ele>42.150000000000006</ele>
   </trkpt>
   <trkpt lat="50.919000000000004" lon="4.8074900000000005">
    <ele>41.68</ele>
   </trkpt>
   <trkpt lat="50.919250000000005" lon="4.8075">
    <ele>41.7</ele>
   </trkpt>
   <trkpt lat="50.919470000000004" lon="4.80754">
    <ele>41.49</ele>
   </trkpt>
   <trkpt lat="50.91966000000001" lon="4.80759">
    <ele>41.49</ele>
   </trkpt>
   <trkpt lat="50.920030000000004" lon="4.8077700000000005">
    <ele>41.28</ele>
   </trkpt>
   <trkpt lat="50.92076" lon="4.808260000000001">
    <ele>41.150000000000006</ele>
   </trkpt>
   <trkpt lat="50.921020000000006" lon="4.80837">
    <ele>40.980000000000004</ele>
   </trkpt>
   <trkpt lat="50.921420000000005" lon="4.808470000000001">
    <ele>40.81</ele>
   </trkpt>
   <trkpt lat="50.921640000000004" lon="4.808490000000001">
    <ele>40.67</ele>
   </trkpt>
   <trkpt lat="50.92204" lon="4.808470000000001">
    <ele>40.220000000000006</ele>
   </trkpt>
   <trkpt lat="50.922050000000006" lon="4.80846">
    <ele>40.220000000000006</ele>
   </trkpt>
   <trkpt lat="50.92278200046217" lon="4.808296010320606">
    <ele>39.39</ele>
   </trkpt>
   <trkpt lat="50.92351400069464" lon="4.808132015480897">
    <ele>36.59</ele>
   </trkpt>
   <trkpt lat="50.92424600069742" lon="4.807968015480575">
    <ele>33.79</ele>
   </trkpt>
   <trkpt lat="50.92497800047046" lon="4.8078040103193445">
    <ele>31.44</ele>
   </trkpt>
   <trkpt lat="50.92571" lon="4.80764">
    <ele>30.070000000000004</ele>
   </trkpt>
   <trkpt lat="50.925740000000005" lon="4.807880000000001">
    <ele>29.740000000000002</ele>
   </trkpt>
   <trkpt lat="50.926140000000004" lon="4.807810000000001">
    <ele>28.51</ele>
   </trkpt>
   <trkpt lat="50.926230000000004" lon="4.80778">
    <ele>28.51</ele>
   </trkpt>
   <trkpt lat="50.926390000000005" lon="4.80768">
    <ele>27.53</ele>
   </trkpt>
   <trkpt lat="50.926570000000005" lon="4.8074900000000005">
    <ele>27.53</ele>
   </trkpt>
   <trkpt lat="50.927150007754776" lon="4.8067125290682">
    <ele>25.380000000000003</ele>
   </trkpt>
   <trkpt lat="50.927730010347005" lon="4.805935038748497">
    <ele>24.39</ele>
   </trkpt>
   <trkpt lat="50.928310007776446" lon="4.8051575290401765">
    <ele>23.790000000000003</ele>
   </trkpt>
   <trkpt lat="50.92889" lon="4.80438">
    <ele>22.96</ele>
   </trkpt>
   <trkpt lat="50.92925" lon="4.803800000000001">
    <ele>22.490000000000002</ele>
   </trkpt>
   <trkpt lat="50.929550000000006" lon="4.80323">
    <ele>22.320000000000004</ele>
   </trkpt>
   <trkpt lat="50.929660000000005" lon="4.80307">
    <ele>22.09</ele>
   </trkpt>
   <trkpt lat="50.9299" lon="4.802840000000001">
    <ele>21.900000000000002</ele>
   </trkpt>
   <trkpt lat="50.930060000000005" lon="4.80273">
    <ele>21.800000000000004</ele>
   </trkpt>
   <trkpt lat="50.930220000000006" lon="4.80264">
    <ele>21.67</ele>
   </trkpt>
   <trkpt lat="50.931040000277676" lon="4.8023800045873">
    <ele>21.120000000000005</ele>
   </trkpt>
   <trkpt lat="50.93186000000001" lon="4.80212">
    <ele>20.810000000000002</ele>
   </trkpt>
   <trkpt lat="50.932586667164095" lon="4.801876674273249">
    <ele>20.55</ele>
   </trkpt>
   <trkpt lat="50.93331333382254" lon="4.801633340942819">
    <ele>20.32</ele>
   </trkpt>
   <trkpt lat="50.93404" lon="4.8013900000000005">
    <ele>20.21</ele>
   </trkpt>
   <trkpt lat="50.934360000000005" lon="4.80131">
    <ele>20.03</ele>
   </trkpt>
   <trkpt lat="50.93455" lon="4.80131">
    <ele>20.03</ele>
   </trkpt>
   <trkpt lat="50.934720000000006" lon="4.80133">
    <ele>19.900000000000002</ele>
   </trkpt>
   <trkpt lat="50.934870000000004" lon="4.80138">
    <ele>19.790000000000003</ele>
   </trkpt>
   <trkpt lat="50.93515000000001" lon="4.801550000000001">
    <ele>19.73</ele>
   </trkpt>
   <trkpt lat="50.93531" lon="4.80168">
    <ele>19.610000000000003</ele>
   </trkpt>
   <trkpt lat="50.935550000000006" lon="4.80198">
    <ele>19.430000000000003</ele>
   </trkpt>
   <trkpt lat="50.936130000000006" lon="4.80292">
    <ele>19.110000000000003</ele>
   </trkpt>
   <trkpt lat="50.936240000000005" lon="4.80306">
    <ele>19.110000000000003</ele>
   </trkpt>
   <trkpt lat="50.9365" lon="4.80334">
    <ele>19.110000000000003</ele>
   </trkpt>
   <trkpt lat="50.936640000000004" lon="4.80344">
    <ele>19.05</ele>
   </trkpt>
   <trkpt lat="50.93686" lon="4.80355">
    <ele>19.05</ele>
   </trkpt>
   <trkpt lat="50.937000000000005" lon="4.803590000000001">
    <ele>19.06</ele>
   </trkpt>
   <trkpt lat="50.937310000000004" lon="4.80363">
    <ele>19.200000000000003</ele>
   </trkpt>
   <trkpt lat="50.937630000000006" lon="4.803570000000001">
    <ele>19.16</ele>
   </trkpt>
   <trkpt lat="50.937920000000005" lon="4.80349">
    <ele>19.1</ele>
   </trkpt>
   <trkpt lat="50.9384" lon="4.803380000000001">
    <ele>19.33</ele>
   </trkpt>
   <trkpt lat="50.938610000000004" lon="4.80337">
    <ele>19.33</ele>
   </trkpt>
   <trkpt lat="50.938880000000005" lon="4.80339">
    <ele>19.44</ele>
   </trkpt>
   <trkpt lat="50.93918000000001" lon="4.80346">
    <ele>19.560000000000002</ele>
   </trkpt>
   <trkpt lat="50.93972000025573" lon="4.803694997279471">
    <ele>19.630000000000003</ele>
   </trkpt>
   <trkpt lat="50.94026" lon="4.80393">
    <ele>19.470000000000002</ele>
   </trkpt>
   <trkpt lat="50.940430000000006" lon="4.803990000000001">
    <ele>19.380000000000003</ele>
   </trkpt>
   <trkpt lat="50.940690000000004" lon="4.8040400000000005">
    <ele>19.35</ele>
   </trkpt>
   <trkpt lat="50.94084" lon="4.8040400000000005">
    <ele>19.270000000000003</ele>
   </trkpt>
   <trkpt lat="50.941030000000005" lon="4.804">
    <ele>19.250000000000004</ele>
   </trkpt>
   <trkpt lat="50.941210000000005" lon="4.80393">
    <ele>19.110000000000003</ele>
   </trkpt>
   <trkpt lat="50.94144000000001" lon="4.803800000000001">
    <ele>19.06</ele>
   </trkpt>
   <trkpt lat="50.94171000000001" lon="4.80356">
    <ele>18.88</ele>
   </trkpt>
   <trkpt lat="50.94227250736402" lon="4.802802527475441">
    <ele>18.89</ele>
   </trkpt>
   <trkpt lat="50.94283500982819" lon="4.802045036621742">
    <ele>19.37</ele>
   </trkpt>
   <trkpt lat="50.94339750739233" lon="4.801287527438248">
    <ele>19.71</ele>
   </trkpt>
   <trkpt lat="50.943960000000004" lon="4.80053">
    <ele>20.17</ele>
   </trkpt>
   <trkpt lat="50.94404" lon="4.8004500000000005">
    <ele>20.32</ele>
   </trkpt>
   <trkpt lat="50.94392000212658" lon="4.799739998014688">
    <ele>20.34</ele>
   </trkpt>
   <trkpt lat="50.9438" lon="4.79903">
    <ele>20.46</ele>
   </trkpt>
   <trkpt lat="50.94361000000001" lon="4.79793">
    <ele>20.470000000000002</ele>
   </trkpt>
   <trkpt lat="50.94352000000001" lon="4.79725">
    <ele>20.78</ele>
   </trkpt>
   <trkpt lat="50.94338880568888" lon="4.79588497302321">
    <ele>21.07</ele>
   </trkpt>
   <trkpt lat="50.943257595466186" lon="4.794519953750881">
    <ele>21.32</ele>
   </trkpt>
   <trkpt lat="50.94312636933206" lon="4.79315494218387">
    <ele>21.23</ele>
   </trkpt>
   <trkpt lat="50.9429951272867" lon="4.79178993832303">
    <ele>21.03</ele>
   </trkpt>
   <trkpt lat="50.94286386933025" lon="4.790424942169216">
    <ele>20.84</ele>
   </trkpt>
   <trkpt lat="50.94273259546289" lon="4.7890599537232825">
    <ele>20.630000000000003</ele>
   </trkpt>
   <trkpt lat="50.94260130568475" lon="4.787694972986084">
    <ele>20.42</ele>
   </trkpt>
   <trkpt lat="50.94247000000001" lon="4.78633">
    <ele>20.07</ele>
   </trkpt>
   <trkpt lat="50.942460006778816" lon="4.7850699997412605">
    <ele>19.770000000000003</ele>
   </trkpt>
   <trkpt lat="50.94245" lon="4.783810000000001">
    <ele>19.6</ele>
   </trkpt>
   <trkpt lat="50.94249000000001" lon="4.78373">
    <ele>19.6</ele>
   </trkpt>
   <trkpt lat="50.94248000414354" lon="4.782744999874397">
    <ele>19.19</ele>
   </trkpt>
   <trkpt lat="50.94247000000001" lon="4.78176">
    <ele>19.12</ele>
   </trkpt>
   <trkpt lat="50.94248" lon="4.78134">
    <ele>19.06</ele>
   </trkpt>
   <trkpt lat="50.942530000000005" lon="4.78115">
    <ele>19.16</ele>
   </trkpt>
   <trkpt lat="50.942620000000005" lon="4.78103">
    <ele>19.14</ele>
   </trkpt>
   <trkpt lat="50.942690000000006" lon="4.7809800000000005">
    <ele>19.14</ele>
   </trkpt>
   <trkpt lat="50.94281" lon="4.78094">
    <ele>19.22</ele>
   </trkpt>
   <trkpt lat="50.94363500014823" lon="4.780810002294932">
    <ele>23.110000000000003</ele>
   </trkpt>
   <trkpt lat="50.94446000000001" lon="4.78068">
    <ele>26.09</ele>
   </trkpt>
   <trkpt lat="50.94469" lon="4.78056">
    <ele>26.240000000000002</ele>
   </trkpt>
   <trkpt lat="50.9448" lon="4.78047">
    <ele>26.13</ele>
   </trkpt>
   <trkpt lat="50.94502000000001" lon="4.78019">
    <ele>25.650000000000002</ele>
   </trkpt>
   <trkpt lat="50.945150000000005" lon="4.77995">
    <ele>24.78</ele>
   </trkpt>
   <trkpt lat="50.94539" lon="4.77939">
    <ele>23.1</ele>
   </trkpt>
   <trkpt lat="50.945600000000006" lon="4.779050000000001">
    <ele>21.88</ele>
   </trkpt>
   <trkpt lat="50.945710000000005" lon="4.77892">
    <ele>21.43</ele>
   </trkpt>
   <trkpt lat="50.94606" lon="4.77862">
    <ele>20.93</ele>
   </trkpt>
   <trkpt lat="50.94681500092305" lon="4.778145007740152">
    <ele>23.500000000000004</ele>
   </trkpt>
   <trkpt lat="50.947570000000006" lon="4.7776700000000005">
    <ele>26.03</ele>
   </trkpt>
   <trkpt lat="50.947720000000004" lon="4.77752">
    <ele>25.580000000000002</ele>
   </trkpt>
   <trkpt lat="50.94787" lon="4.777290000000001">
    <ele>24.630000000000003</ele>
   </trkpt>
   <trkpt lat="50.947950000000006" lon="4.77707">
    <ele>24.130000000000003</ele>
   </trkpt>
   <trkpt lat="50.94800000000001" lon="4.776730000000001">
    <ele>22.19</ele>
   </trkpt>
   <trkpt lat="50.947970000000005" lon="4.776330000000001">
    <ele>20.75</ele>
   </trkpt>
   <trkpt lat="50.94777500185396" lon="4.775674997326796">
    <ele>20.07</ele>
   </trkpt>
   <trkpt lat="50.94758" lon="4.7750200000000005">
    <ele>19.85</ele>
   </trkpt>
   <trkpt lat="50.94753000000001" lon="4.77477">
    <ele>19.970000000000002</ele>
   </trkpt>
   <trkpt lat="50.94758500260887" lon="4.773985001245487">
    <ele>19.73</ele>
   </trkpt>
   <trkpt lat="50.94764000000001" lon="4.7732">
    <ele>20.17</ele>
   </trkpt>
   <trkpt lat="50.947680002212614" lon="4.772480000633247">
    <ele>20.34</ele>
   </trkpt>
   <trkpt lat="50.947720000000004" lon="4.7717600000000004">
    <ele>20.59</ele>
   </trkpt>
   <trkpt lat="50.947700000000005" lon="4.770840000000001">
    <ele>20.8</ele>
   </trkpt>
   <trkpt lat="50.94767" lon="4.7703500000000005">
    <ele>20.89</ele>
   </trkpt>
   <trkpt lat="50.94756500283958" lon="4.769534998186847">
    <ele>21.02</ele>
   </trkpt>
   <trkpt lat="50.94746000000001" lon="4.76872">
    <ele>21.07</ele>
   </trkpt>
   <trkpt lat="50.947410000000005" lon="4.76823">
    <ele>21.01</ele>
   </trkpt>
   <trkpt lat="50.94738" lon="4.76731">
    <ele>20.78</ele>
   </trkpt>
   <trkpt lat="50.947390000000006" lon="4.766710000000001">
    <ele>20.75</ele>
   </trkpt>
   <trkpt lat="50.94742" lon="4.76621">
    <ele>20.68</ele>
   </trkpt>
   <trkpt lat="50.94751" lon="4.76548">
    <ele>20.700000000000003</ele>
   </trkpt>
   <trkpt lat="50.947520000000004" lon="4.7641800000000005">
    <ele>20.130000000000003</ele>
   </trkpt>
   <trkpt lat="50.947583346603054" lon="4.7629333367657045">
    <ele>19.41</ele>
   </trkpt>
   <trkpt lat="50.94764667993463" lon="4.7616866701339555">
    <ele>18.430000000000003</ele>
   </trkpt>
   <trkpt lat="50.94771" lon="4.76044">
    <ele>17.730000000000004</ele>
   </trkpt>
   <trkpt lat="50.94770000599441" lon="4.759254999615363">
    <ele>17.17</ele>
   </trkpt>
   <trkpt lat="50.94769" lon="4.75807">
    <ele>16.75</ele>
   </trkpt>
   <trkpt lat="50.94767" lon="4.75797">
    <ele>16.75</ele>
   </trkpt>
   <trkpt lat="50.94762000000001" lon="4.7578700000000005">
    <ele>16.75</ele>
   </trkpt>
   <trkpt lat="50.947590000000005" lon="4.75748">
    <ele>16.470000000000002</ele>
   </trkpt>
   <trkpt lat="50.94765" lon="4.75725">
    <ele>16.470000000000002</ele>
   </trkpt>
   <trkpt lat="50.947900000000004" lon="4.75671">
    <ele>16.91</ele>
   </trkpt>
   <trkpt lat="50.94798" lon="4.7564">
    <ele>16.91</ele>
   </trkpt>
   <trkpt lat="50.94802000000001" lon="4.756130000000001">
    <ele>17.040000000000003</ele>
   </trkpt>
   <trkpt lat="50.94825" lon="4.755190000000001">
    <ele>16.66</ele>
   </trkpt>
   <trkpt lat="50.94843" lon="4.754630000000001">
    <ele>16.19</ele>
   </trkpt>
   <trkpt lat="50.94867000000001" lon="4.75401">
    <ele>16.19</ele>
   </trkpt>
   <trkpt lat="50.94845" lon="4.75356">
    <ele>15.65</ele>
   </trkpt>
   <trkpt lat="50.948690000000006" lon="4.7533900000000004">
    <ele>15.39</ele>
   </trkpt>
   <trkpt lat="50.94899" lon="4.753290000000001">
    <ele>15.23</ele>
   </trkpt>
   <trkpt lat="50.94892" lon="4.752470000000001">
    <ele>14.46</ele>
   </trkpt>
   <trkpt lat="50.9488200189099" lon="4.751254992173489">
    <ele>14.25</ele>
   </trkpt>
   <trkpt lat="50.94872002521396" lon="4.7500399895741685">
    <ele>13.49</ele>
   </trkpt>
   <trkpt lat="50.94862001891225" lon="4.748824992202657">
    <ele>13.57</ele>
   </trkpt>
   <trkpt lat="50.94852" lon="4.747610000000001">
    <ele>13.430000000000001</ele>
   </trkpt>
   <trkpt lat="50.9485" lon="4.74742">
    <ele>13.430000000000001</ele>
   </trkpt>
   <trkpt lat="50.948440000000005" lon="4.74728">
    <ele>13.48</ele>
   </trkpt>
   <trkpt lat="50.948370000000004" lon="4.747210000000001">
    <ele>13.48</ele>
   </trkpt>
   <trkpt lat="50.94829000000001" lon="4.74715">
    <ele>13.290000000000001</ele>
   </trkpt>
   <trkpt lat="50.94784000000001" lon="4.74697">
    <ele>13.110000000000001</ele>
   </trkpt>
   <trkpt lat="50.94762000000001" lon="4.74694">
    <ele>13.19</ele>
   </trkpt>
   <trkpt lat="50.947480000000006" lon="4.74699">
    <ele>13.3</ele>
   </trkpt>
   <trkpt lat="50.94704" lon="4.747240000000001">
    <ele>14.63</ele>
   </trkpt>
   <trkpt lat="50.946940000000005" lon="4.74674">
    <ele>13.780000000000001</ele>
   </trkpt>
   <trkpt lat="50.94661000000001" lon="4.74556">
    <ele>13.290000000000001</ele>
   </trkpt>
   <trkpt lat="50.946450000000006" lon="4.744770000000001">
    <ele>13.290000000000001</ele>
   </trkpt>
   <trkpt lat="50.94639" lon="4.74383">
    <ele>13.340000000000002</ele>
   </trkpt>
   <trkpt lat="50.94639" lon="4.742940000000001">
    <ele>14.110000000000001</ele>
   </trkpt>
   <trkpt lat="50.94642" lon="4.742730000000001">
    <ele>14.110000000000001</ele>
   </trkpt>
   <trkpt lat="50.946655003946454" lon="4.741770004806001">
    <ele>13.930000000000001</ele>
   </trkpt>
   <trkpt lat="50.94689" lon="4.740810000000001">
    <ele>14.13</ele>
   </trkpt>
   <trkpt lat="50.94697000000001" lon="4.7404">
    <ele>13.840000000000002</ele>
   </trkpt>
   <trkpt lat="50.947100000000006" lon="4.73937">
    <ele>13.81</ele>
   </trkpt>
   <trkpt lat="50.947120000000005" lon="4.738700000000001">
    <ele>13.96</ele>
   </trkpt>
   <trkpt lat="50.9471150043978" lon="4.737684999709344">
    <ele>13.790000000000001</ele>
   </trkpt>
   <trkpt lat="50.94711" lon="4.73667">
    <ele>12.81</ele>
   </trkpt>
   <trkpt lat="50.947" lon="4.7358">
    <ele>12.190000000000001</ele>
   </trkpt>
   <trkpt lat="50.94698" lon="4.735550000000001">
    <ele>12.15</ele>
   </trkpt>
   <trkpt lat="50.94706000000001" lon="4.73522">
    <ele>12.08</ele>
   </trkpt>
   <trkpt lat="50.94711" lon="4.7351600000000005">
    <ele>12.08</ele>
   </trkpt>
   <trkpt lat="50.946850000000005" lon="4.7344800000000005">
    <ele>11.670000000000002</ele>
   </trkpt>
   <trkpt lat="50.9468" lon="4.734400000000001">
    <ele>11.670000000000002</ele>
   </trkpt>
   <trkpt lat="50.94662" lon="4.73427">
    <ele>11.28</ele>
   </trkpt>
   <trkpt lat="50.94662" lon="4.73416">
    <ele>11.070000000000002</ele>
   </trkpt>
   <trkpt lat="50.946780000000004" lon="4.733770000000001">
    <ele>11.330000000000002</ele>
   </trkpt>
   <trkpt lat="50.946830000000006" lon="4.733770000000001">
    <ele>11.330000000000002</ele>
   </trkpt>
   <trkpt lat="50.94686" lon="4.733790000000001">
    <ele>11.330000000000002</ele>
   </trkpt>
   <trkpt lat="50.94693" lon="4.73392">
    <ele>11.61</ele>
   </trkpt>
   <trkpt lat="50.94699000000001" lon="4.733960000000001">
    <ele>11.61</ele>
   </trkpt>
   <trkpt lat="50.94706000000001" lon="4.73392">
    <ele>11.81</ele>
   </trkpt>
   <trkpt lat="50.94744000000001" lon="4.733440000000001">
    <ele>12.100000000000001</ele>
   </trkpt>
   <trkpt lat="50.94755000000001" lon="4.7331900000000005">
    <ele>12.14</ele>
   </trkpt>
   <trkpt lat="50.947570000000006" lon="4.73312">
    <ele>12.14</ele>
   </trkpt>
   <trkpt lat="50.947540000000004" lon="4.7327900000000005">
    <ele>12.3</ele>
   </trkpt>
   <trkpt lat="50.94737000193939" lon="4.7321199976393595">
    <ele>11.9</ele>
   </trkpt>
   <trkpt lat="50.9472" lon="4.731450000000001">
    <ele>12.120000000000001</ele>
   </trkpt>
   <trkpt lat="50.947100000000006" lon="4.73111">
    <ele>12.17</ele>
   </trkpt>
   <trkpt lat="50.947" lon="4.730860000000001">
    <ele>12.39</ele>
   </trkpt>
   <trkpt lat="50.94684" lon="4.73062">
    <ele>12.560000000000002</ele>
   </trkpt>
   <trkpt lat="50.946200000000005" lon="4.72982">
    <ele>13.030000000000001</ele>
   </trkpt>
   <trkpt lat="50.94555000140984" lon="4.729234991774151">
    <ele>13.110000000000001</ele>
   </trkpt>
   <trkpt lat="50.944900000000004" lon="4.72865">
    <ele>13.32</ele>
   </trkpt>
   <trkpt lat="50.94424" lon="4.72832">
    <ele>13.370000000000001</ele>
   </trkpt>
   <trkpt lat="50.944160000000004" lon="4.72825">
    <ele>13.38</ele>
   </trkpt>
   <trkpt lat="50.94368000000001" lon="4.727550000000001">
    <ele>12.88</ele>
   </trkpt>
   <trkpt lat="50.943850000000005" lon="4.7278">
    <ele>13.030000000000001</ele>
   </trkpt>
   <trkpt lat="50.94329500277358" lon="4.7269849901789565">
    <ele>12.58</ele>
   </trkpt>
   <trkpt lat="50.94274000000001" lon="4.726170000000001">
    <ele>12.280000000000001</ele>
   </trkpt>
   <trkpt lat="50.942380005012666" lon="4.725084991556981">
    <ele>12.48</ele>
   </trkpt>
   <trkpt lat="50.94202000000001" lon="4.724">
    <ele>13.02</ele>
   </trkpt>
   <trkpt lat="50.9418" lon="4.72339">
    <ele>13.410000000000002</ele>
   </trkpt>
   <trkpt lat="50.941236673975204" lon="4.722463310837748">
    <ele>14.040000000000001</ele>
   </trkpt>
   <trkpt lat="50.94067334061714" lon="4.721536644130806">
    <ele>13.97</ele>
   </trkpt>
   <trkpt lat="50.940110000000004" lon="4.720610000000001">
    <ele>13.31</ele>
   </trkpt>
   <trkpt lat="50.93988" lon="4.7201200000000005">
    <ele>13.200000000000001</ele>
   </trkpt>
   <trkpt lat="50.93979" lon="4.718920000000001">
    <ele>12.88</ele>
   </trkpt>
   <trkpt lat="50.939780000000006" lon="4.71823">
    <ele>12.820000000000002</ele>
   </trkpt>
   <trkpt lat="50.93986000279376" lon="4.717420001471633">
    <ele>12.92</ele>
   </trkpt>
   <trkpt lat="50.93994000000001" lon="4.71661">
    <ele>13.030000000000001</ele>
   </trkpt>
   <trkpt lat="50.93995" lon="4.7161800000000005">
    <ele>13.18</ele>
   </trkpt>
   <trkpt lat="50.93992" lon="4.715680000000001">
    <ele>13.21</ele>
   </trkpt>
   <trkpt lat="50.939790010020374" lon="4.714596660592466">
    <ele>13.580000000000002</ele>
   </trkpt>
   <trkpt lat="50.93966001001836" lon="4.713513327242455">
    <ele>13.98</ele>
   </trkpt>
   <trkpt lat="50.939530000000005" lon="4.71243">
    <ele>14.15</ele>
   </trkpt>
   <trkpt lat="50.9395" lon="4.71185">
    <ele>14.06</ele>
   </trkpt>
   <trkpt lat="50.93954" lon="4.71163">
    <ele>13.770000000000001</ele>
   </trkpt>
   <trkpt lat="50.93963" lon="4.711410000000001">
    <ele>13.770000000000001</ele>
   </trkpt>
   <trkpt lat="50.94010500250964" lon="4.710635008006946">
    <ele>12.700000000000001</ele>
   </trkpt>
   <trkpt lat="50.940580000000004" lon="4.709860000000001">
    <ele>11.97</ele>
   </trkpt>
   <trkpt lat="50.94091" lon="4.70943">
    <ele>11.66</ele>
   </trkpt>
   <trkpt lat="50.94133" lon="4.708950000000001">
    <ele>11.53</ele>
   </trkpt>
   <trkpt lat="50.94153000000001" lon="4.708760000000001">
    <ele>11.55</ele>
   </trkpt>
   <trkpt lat="50.942120000924284" lon="4.70828500605925">
    <ele>11.28</ele>
   </trkpt>
   <trkpt lat="50.942710000000005" lon="4.70781">
    <ele>11.18</ele>
   </trkpt>
   <trkpt lat="50.94292" lon="4.707590000000001">
    <ele>11.120000000000001</ele>
   </trkpt>
   <trkpt lat="50.94303000000001" lon="4.70741">
    <ele>11.120000000000001</ele>
   </trkpt>
   <trkpt lat="50.943130000000004" lon="4.70716">
    <ele>11.170000000000002</ele>
   </trkpt>
   <trkpt lat="50.94323000000001" lon="4.7064900000000005">
    <ele>11.290000000000001</ele>
   </trkpt>
   <trkpt lat="50.94333" lon="4.706230000000001">
    <ele>11.290000000000001</ele>
   </trkpt>
   <trkpt lat="50.943470000000005" lon="4.706">
    <ele>11.290000000000001</ele>
   </trkpt>
   <trkpt lat="50.943830000000005" lon="4.70563">
    <ele>11.3</ele>
   </trkpt>
   <trkpt lat="50.94446667005526" lon="4.7050033504631745">
    <ele>11.22</ele>
   </trkpt>
   <trkpt lat="50.94510333675707" lon="4.704376683762225">
    <ele>11.260000000000002</ele>
   </trkpt>
   <trkpt lat="50.94574" lon="4.70375">
    <ele>11.32</ele>
   </trkpt>
   <trkpt lat="50.945980000000006" lon="4.7035800000000005">
    <ele>11.290000000000001</ele>
   </trkpt>
   <trkpt lat="50.94626" lon="4.703460000000001">
    <ele>11.290000000000001</ele>
   </trkpt>
   <trkpt lat="50.94642" lon="4.70342">
    <ele>11.290000000000001</ele>
   </trkpt>
   <trkpt lat="50.94698" lon="4.703410000000001">
    <ele>11.160000000000002</ele>
   </trkpt>
   <trkpt lat="50.94722" lon="4.703480000000001">
    <ele>11.22</ele>
   </trkpt>
   <trkpt lat="50.94733" lon="4.703480000000001">
    <ele>11.22</ele>
   </trkpt>
   <trkpt lat="50.94776" lon="4.7033700000000005">
    <ele>11.45</ele>
   </trkpt>
   <trkpt lat="50.94784000000001" lon="4.703340000000001">
    <ele>11.47</ele>
   </trkpt>
   <trkpt lat="50.94778" lon="4.70298">
    <ele>11.47</ele>
   </trkpt>
   <trkpt lat="50.94767" lon="4.70244">
    <ele>11.53</ele>
   </trkpt>
   <trkpt lat="50.94762000000001" lon="4.702240000000001">
    <ele>11.370000000000001</ele>
   </trkpt>
   <trkpt lat="50.947540000000004" lon="4.702030000000001">
    <ele>11.260000000000002</ele>
   </trkpt>
   <trkpt lat="50.947210000000005" lon="4.70141">
    <ele>11.18</ele>
   </trkpt>
   <trkpt lat="50.94664201840564" lon="4.700371949275246">
    <ele>10.85</ele>
   </trkpt>
   <trkpt lat="50.94607402760996" lon="4.6993339239170995">
    <ele>10.98</ele>
   </trkpt>
   <trkpt lat="50.94550602761338" lon="4.698295923924839">
    <ele>10.900000000000002</ele>
   </trkpt>
   <trkpt lat="50.94493801841633" lon="4.69725794929774">
    <ele>10.820000000000002</ele>
   </trkpt>
   <trkpt lat="50.944370000000006" lon="4.69622">
    <ele>11.44</ele>
   </trkpt>
   <trkpt lat="50.943925002846576" lon="4.695404992218135">
    <ele>11.680000000000001</ele>
   </trkpt>
   <trkpt lat="50.94348" lon="4.694590000000001">
    <ele>11.920000000000002</ele>
   </trkpt>
   <trkpt lat="50.94332000000001" lon="4.69434">
    <ele>12.17</ele>
   </trkpt>
   <trkpt lat="50.94306" lon="4.69399">
    <ele>12.260000000000002</ele>
   </trkpt>
   <trkpt lat="50.942870000000006" lon="4.6938">
    <ele>12.450000000000001</ele>
   </trkpt>
   <trkpt lat="50.94257" lon="4.69357">
    <ele>12.59</ele>
   </trkpt>
   <trkpt lat="50.94182000000001" lon="4.69315">
    <ele>12.97</ele>
   </trkpt>
   <trkpt lat="50.941700000000004" lon="4.69312">
    <ele>13.0</ele>
   </trkpt>
   <trkpt lat="50.941520000000004" lon="4.69313">
    <ele>13.06</ele>
   </trkpt>
   <trkpt lat="50.94104" lon="4.69322">
    <ele>13.21</ele>
   </trkpt>
   <trkpt lat="50.940900000000006" lon="4.69327">
    <ele>13.22</ele>
   </trkpt>
   <trkpt lat="50.94016500077896" lon="4.693695006713807">
    <ele>13.22</ele>
   </trkpt>
   <trkpt lat="50.93943" lon="4.694120000000001">
    <ele>13.240000000000002</ele>
   </trkpt>
   <trkpt lat="50.9387200005515" lon="4.694470005330216">
    <ele>13.430000000000001</ele>
   </trkpt>
   <trkpt lat="50.938010000000006" lon="4.69482">
    <ele>13.56</ele>
   </trkpt>
   <trkpt lat="50.93786000000001" lon="4.69493">
    <ele>13.580000000000002</ele>
   </trkpt>
   <trkpt lat="50.93720333713025" lon="4.695593352028143">
    <ele>13.590000000000002</ele>
   </trkpt>
   <trkpt lat="50.93654667050271" lon="4.696256685321584">
    <ele>13.620000000000001</ele>
   </trkpt>
   <trkpt lat="50.93589000000001" lon="4.69692">
    <ele>13.82</ele>
   </trkpt>
   <trkpt lat="50.93582000000001" lon="4.696960000000001">
    <ele>13.82</ele>
   </trkpt>
   <trkpt lat="50.93507" lon="4.697290000000001">
    <ele>14.030000000000001</ele>
   </trkpt>
   <trkpt lat="50.934940000000005" lon="4.6973400000000005">
    <ele>14.100000000000001</ele>
   </trkpt>
   <trkpt lat="50.934630000000006" lon="4.6974">
    <ele>14.24</ele>
   </trkpt>
   <trkpt lat="50.933870000000006" lon="4.697520000000001">
    <ele>14.810000000000002</ele>
   </trkpt>
   <trkpt lat="50.933780000000006" lon="4.697520000000001">
    <ele>14.810000000000002</ele>
   </trkpt>
   <trkpt lat="50.93336000000001" lon="4.697310000000001">
    <ele>15.22</ele>
   </trkpt>
   <trkpt lat="50.93329000000001" lon="4.697290000000001">
    <ele>15.93</ele>
   </trkpt>
   <trkpt lat="50.933060000000005" lon="4.6973">
    <ele>16.110000000000003</ele>
   </trkpt>
   <trkpt lat="50.933040000000005" lon="4.6973">
    <ele>16.110000000000003</ele>
   </trkpt>
   <trkpt lat="50.932970000000005" lon="4.697360000000001">
    <ele>16.439999999999998</ele>
   </trkpt>
   <trkpt lat="50.93213000000125" lon="4.697263329832562">
    <ele>16.92</ele>
   </trkpt>
   <trkpt lat="50.93128999992268" lon="4.69716666315693">
    <ele>16.85</ele>
   </trkpt>
   <trkpt lat="50.93045000000001" lon="4.69707">
    <ele>16.59</ele>
   </trkpt>
   <trkpt lat="50.93034" lon="4.69704">
    <ele>16.59</ele>
   </trkpt>
   <trkpt lat="50.92974" lon="4.6969">
    <ele>16.68</ele>
   </trkpt>
   <trkpt lat="50.929550000000006" lon="4.696910000000001">
    <ele>16.76</ele>
   </trkpt>
   <trkpt lat="50.929500000000004" lon="4.696840000000001">
    <ele>16.740000000000002</ele>
   </trkpt>
   <trkpt lat="50.929010000000005" lon="4.696540000000001">
    <ele>16.66</ele>
   </trkpt>
   <trkpt lat="50.928570000503484" lon="4.696229997133251">
    <ele>16.790000000000003</ele>
   </trkpt>
   <trkpt lat="50.92813" lon="4.69592">
    <ele>17.18</ele>
   </trkpt>
   <trkpt lat="50.92744000154942" lon="4.695294990621813">
    <ele>17.380000000000003</ele>
   </trkpt>
   <trkpt lat="50.926750000000006" lon="4.69467">
    <ele>17.75</ele>
   </trkpt>
   <trkpt lat="50.92618" lon="4.69409">
    <ele>17.75</ele>
   </trkpt>
   <trkpt lat="50.92591" lon="4.69378">
    <ele>17.84</ele>
   </trkpt>
   <trkpt lat="50.92548500178414" lon="4.693119993852391">
    <ele>17.61</ele>
   </trkpt>
   <trkpt lat="50.92506" lon="4.6924600000000005">
    <ele>17.740000000000002</ele>
   </trkpt>
   <trkpt lat="50.92486" lon="4.69238">
    <ele>17.85</ele>
   </trkpt>
   <trkpt lat="50.924260000000004" lon="4.69231">
    <ele>18.62</ele>
   </trkpt>
   <trkpt lat="50.923880000000004" lon="4.69214">
    <ele>18.88</ele>
   </trkpt>
   <trkpt lat="50.92378" lon="4.69214">
    <ele>18.88</ele>
   </trkpt>
   <trkpt lat="50.92369000000001" lon="4.692290000000001">
    <ele>18.98</ele>
   </trkpt>
   <trkpt lat="50.923316017224735" lon="4.6932940322674055">
    <ele>18.73</ele>
   </trkpt>
   <trkpt lat="50.922942025839795" lon="4.694298048393056">
    <ele>18.73</ele>
   </trkpt>
   <trkpt lat="50.922568025845464" lon="4.695302048377052">
    <ele>18.9</ele>
   </trkpt>
   <trkpt lat="50.92219401724199" lon="4.696306032219497">
    <ele>18.97</ele>
   </trkpt>
   <trkpt lat="50.921820000000004" lon="4.697310000000001">
    <ele>18.94</ele>
   </trkpt>
   <trkpt lat="50.921760000000006" lon="4.697520000000001">
    <ele>18.94</ele>
   </trkpt>
   <trkpt lat="50.92146" lon="4.69834">
    <ele>18.99</ele>
   </trkpt>
   <trkpt lat="50.92103501607072" lon="4.699460030691045">
    <ele>18.55</ele>
   </trkpt>
   <trkpt lat="50.920610021427294" lon="4.700580040921477">
    <ele>18.12</ele>
   </trkpt>
   <trkpt lat="50.920185016070135" lon="4.701700030691466">
    <ele>17.740000000000002</ele>
   </trkpt>
   <trkpt lat="50.919760000000004" lon="4.70282">
    <ele>17.720000000000002</ele>
   </trkpt>
   <trkpt lat="50.91953" lon="4.7033000000000005">
    <ele>17.79</ele>
   </trkpt>
   <trkpt lat="50.91931" lon="4.7035800000000005">
    <ele>17.720000000000002</ele>
   </trkpt>
   <trkpt lat="50.9189" lon="4.703880000000001">
    <ele>17.78</ele>
   </trkpt>
   <trkpt lat="50.91874000000001" lon="4.70396">
    <ele>17.8</ele>
   </trkpt>
   <trkpt lat="50.917950000673265" lon="4.704158013444842">
    <ele>17.810000000000002</ele>
   </trkpt>
   <trkpt lat="50.9171600010116" lon="4.704356020166407">
    <ele>17.910000000000004</ele>
   </trkpt>
   <trkpt lat="50.91637000101511" lon="4.7045540201651095">
    <ele>17.810000000000002</ele>
   </trkpt>
   <trkpt lat="50.915580000683775" lon="4.704752013441365">
    <ele>17.810000000000002</ele>
   </trkpt>
   <trkpt lat="50.91479" lon="4.70495">
    <ele>17.820000000000004</ele>
   </trkpt>
   <trkpt lat="50.91393000038506" lon="4.705156674299662">
    <ele>17.8</ele>
   </trkpt>
   <trkpt lat="50.913070000405305" lon="4.705363340961294">
    <ele>17.92</ele>
   </trkpt>
   <trkpt lat="50.91221" lon="4.705570000000001">
    <ele>17.78</ele>
   </trkpt>
   <trkpt lat="50.91141000062211" lon="4.705762013202079">
    <ele>17.890000000000004</ele>
   </trkpt>
   <trkpt lat="50.910610000929324" lon="4.705954019803626">
    <ele>17.79</ele>
   </trkpt>
   <trkpt lat="50.909810000921645" lon="4.706146019805052">
    <ele>17.84</ele>
   </trkpt>
   <trkpt lat="50.90901000059909" lon="4.706338013206772">
    <ele>17.900000000000002</ele>
   </trkpt>
   <trkpt lat="50.908210000000004" lon="4.706530000000001">
    <ele>17.94</ele>
   </trkpt>
   <trkpt lat="50.90740749999995" lon="4.70651999948281">
    <ele>17.88</ele>
   </trkpt>
   <trkpt lat="50.90660499999904" lon="4.706509999310416">
    <ele>17.78</ele>
   </trkpt>
   <trkpt lat="50.90580249999729" lon="4.706499999482799">
    <ele>17.740000000000002</ele>
   </trkpt>
   <trkpt lat="50.905" lon="4.7064900000000005">
    <ele>17.86</ele>
   </trkpt>
   <trkpt lat="50.90428499999947" lon="4.706474999769601">
    <ele>17.6</ele>
   </trkpt>
   <trkpt lat="50.90357" lon="4.706460000000001">
    <ele>17.890000000000004</ele>
   </trkpt>
   <trkpt lat="50.903380000000006" lon="4.7064">
    <ele>18.27</ele>
   </trkpt>
   <trkpt lat="50.90316000000001" lon="4.7064200000000005">
    <ele>18.320000000000004</ele>
   </trkpt>
   <trkpt lat="50.90308" lon="4.70624">
    <ele>18.160000000000004</ele>
   </trkpt>
   <trkpt lat="50.90297" lon="4.70608">
    <ele>17.42</ele>
   </trkpt>
   <trkpt lat="50.90278000000001" lon="4.706">
    <ele>17.07</ele>
   </trkpt>
   <trkpt lat="50.90220000000001" lon="4.70619">
    <ele>17.240000000000002</ele>
   </trkpt>
   <trkpt lat="50.90189" lon="4.70619">
    <ele>17.86</ele>
   </trkpt>
   <trkpt lat="50.901810000000005" lon="4.70612">
    <ele>17.86</ele>
   </trkpt>
   <trkpt lat="50.901630000000004" lon="4.706110000000001">
    <ele>17.86</ele>
   </trkpt>
   <trkpt lat="50.901590000000006" lon="4.706160000000001">
    <ele>17.86</ele>
   </trkpt>
   <trkpt lat="50.90104" lon="4.70615">
    <ele>17.810000000000002</ele>
   </trkpt>
   <trkpt lat="50.900450000000006" lon="4.706200000000001">
    <ele>18.13</ele>
   </trkpt>
   <trkpt lat="50.900470000000006" lon="4.70572">
    <ele>17.44</ele>
   </trkpt>
   <trkpt lat="50.90089000478905" lon="4.704665009427977">
    <ele>17.87</ele>
   </trkpt>
   <trkpt lat="50.90131" lon="4.70361">
    <ele>18.3</ele>
   </trkpt>
   <trkpt lat="50.90167" lon="4.702450000000001">
    <ele>18.89</ele>
   </trkpt>
   <trkpt lat="50.90166000000001" lon="4.70235">
    <ele>19.15</ele>
   </trkpt>
   <trkpt lat="50.901610000000005" lon="4.70218">
    <ele>19.15</ele>
   </trkpt>
   <trkpt lat="50.901610000000005" lon="4.7020800000000005">
    <ele>19.23</ele>
   </trkpt>
   <trkpt lat="50.901770000000006" lon="4.70178">
    <ele>18.89</ele>
   </trkpt>
   <trkpt lat="50.9018" lon="4.70169">
    <ele>18.750000000000004</ele>
   </trkpt>
   <trkpt lat="50.901790000000005" lon="4.7015">
    <ele>18.7</ele>
   </trkpt>
   <trkpt lat="50.901680000000006" lon="4.70105">
    <ele>19.6</ele>
   </trkpt>
   <trkpt lat="50.90169" lon="4.700970000000001">
    <ele>20.07</ele>
   </trkpt>
   <trkpt lat="50.90173000000001" lon="4.70092">
    <ele>20.07</ele>
   </trkpt>
   <trkpt lat="50.901770000000006" lon="4.700900000000001">
    <ele>20.07</ele>
   </trkpt>
   <trkpt lat="50.90196" lon="4.7009300000000005">
    <ele>20.880000000000003</ele>
   </trkpt>
   <trkpt lat="50.90202000000001" lon="4.70089">
    <ele>21.07</ele>
   </trkpt>
   <trkpt lat="50.902170000000005" lon="4.70035">
    <ele>21.830000000000002</ele>
   </trkpt>
   <trkpt lat="50.902390000000004" lon="4.69939">
    <ele>22.990000000000002</ele>
   </trkpt>
   <trkpt lat="50.90256" lon="4.698580000000001">
    <ele>23.610000000000003</ele>
   </trkpt>
   <trkpt lat="50.902770000000004" lon="4.697380000000001">
    <ele>24.3</ele>
   </trkpt>
   <trkpt lat="50.902750000000005" lon="4.69719">
    <ele>24.37</ele>
   </trkpt>
   <trkpt lat="50.90267000000001" lon="4.69707">
    <ele>24.37</ele>
   </trkpt>
   <trkpt lat="50.902660000000004" lon="4.697">
    <ele>24.57</ele>
   </trkpt>
   <trkpt lat="50.90267000000001" lon="4.696370000000001">
    <ele>24.85</ele>
   </trkpt>
   <trkpt lat="50.902835003051955" lon="4.695530002781841">
    <ele>25.84</ele>
   </trkpt>
   <trkpt lat="50.903000000000006" lon="4.6946900000000005">
    <ele>26.490000000000002</ele>
   </trkpt>
   <trkpt lat="50.903090000000006" lon="4.69435">
    <ele>26.580000000000002</ele>
   </trkpt>
   <trkpt lat="50.90338500339288" lon="4.693470005321126">
    <ele>26.770000000000003</ele>
   </trkpt>
   <trkpt lat="50.90368" lon="4.69259">
    <ele>26.480000000000004</ele>
   </trkpt>
   <trkpt lat="50.90372000000001" lon="4.692430000000001">
    <ele>26.480000000000004</ele>
   </trkpt>
   <trkpt lat="50.90384" lon="4.69162">
    <ele>26.62</ele>
   </trkpt>
   <trkpt lat="50.903925002289036" lon="4.690890001220963">
    <ele>26.61</ele>
   </trkpt>
   <trkpt lat="50.90401000000001" lon="4.6901600000000006">
    <ele>26.85</ele>
   </trkpt>
   <trkpt lat="50.904120000000006" lon="4.68888">
    <ele>27.160000000000004</ele>
   </trkpt>
   <trkpt lat="50.90419000000001" lon="4.68782">
    <ele>27.17</ele>
   </trkpt>
   <trkpt lat="50.90421000530791" lon="4.686705000584578">
    <ele>27.35</ele>
   </trkpt>
   <trkpt lat="50.904230000000005" lon="4.68559">
    <ele>27.82</ele>
   </trkpt>
   <trkpt lat="50.90426" lon="4.685110000000001">
    <ele>28.220000000000002</ele>
   </trkpt>
   <trkpt lat="50.90426" lon="4.68482">
    <ele>28.220000000000002</ele>
   </trkpt>
   <trkpt lat="50.904230000000005" lon="4.68438">
    <ele>28.42</ele>
   </trkpt>
   <trkpt lat="50.9042" lon="4.684290000000001">
    <ele>28.42</ele>
   </trkpt>
   <trkpt lat="50.904160000000005" lon="4.684270000000001">
    <ele>27.630000000000003</ele>
   </trkpt>
   <trkpt lat="50.90419000000001" lon="4.68487">
    <ele>26.36</ele>
   </trkpt>
   <trkpt lat="50.90424" lon="4.68489">
    <ele>26.36</ele>
   </trkpt>
   <trkpt lat="50.90458" lon="4.68473">
    <ele>26.18</ele>
   </trkpt>
   <trkpt lat="50.905390000000004" lon="4.68428">
    <ele>26.680000000000003</ele>
   </trkpt>
   <trkpt lat="50.90549000000001" lon="4.6843900000000005">
    <ele>26.64</ele>
   </trkpt>
   <trkpt lat="50.90554" lon="4.684410000000001">
    <ele>26.64</ele>
   </trkpt>
   <trkpt lat="50.905640000000005" lon="4.68421">
    <ele>26.570000000000004</ele>
   </trkpt>
   <trkpt lat="50.90552" lon="4.68391">
    <ele>26.680000000000003</ele>
   </trkpt>
   <trkpt lat="50.90549000000001" lon="4.684130000000001">
    <ele>26.7</ele>
   </trkpt>
   <trkpt lat="50.905550000000005" lon="4.684220000000001">
    <ele>26.660000000000004</ele>
   </trkpt>
   <trkpt lat="50.90552" lon="4.684290000000001">
    <ele>26.660000000000004</ele>
   </trkpt>
   <trkpt lat="50.905440000000006" lon="4.68426">
    <ele>26.67</ele>
   </trkpt>
   <trkpt lat="50.90501000030113" lon="4.6844950021349">
    <ele>27.070000000000004</ele>
   </trkpt>
   <trkpt lat="50.90458" lon="4.68473">
    <ele>26.18</ele>
   </trkpt>
   <trkpt lat="50.90424" lon="4.68489">
    <ele>26.36</ele>
   </trkpt>
   <trkpt lat="50.90419000000001" lon="4.68487">
    <ele>26.430000000000003</ele>
   </trkpt>
   <trkpt lat="50.9041200122375" lon="4.683673329825056">
    <ele>29.39</ele>
   </trkpt>
   <trkpt lat="50.90405001224274" lon="4.682476663248323">
    <ele>30.240000000000002</ele>
   </trkpt>
   <trkpt lat="50.903980000000004" lon="4.68128">
    <ele>30.37</ele>
   </trkpt>
   <trkpt lat="50.903960000000005" lon="4.680020000000001">
    <ele>30.37</ele>
   </trkpt>
   <trkpt lat="50.903890000000004" lon="4.67896">
    <ele>31.180000000000003</ele>
   </trkpt>
   <trkpt lat="50.90378334928809" lon="4.677593327073382">
    <ele>30.860000000000003</ele>
   </trkpt>
   <trkpt lat="50.90367668262156" lon="4.67622666040868">
    <ele>31.450000000000006</ele>
   </trkpt>
   <trkpt lat="50.90357" lon="4.674860000000001">
    <ele>32.6</ele>
   </trkpt>
   <trkpt lat="50.903510000000004" lon="4.67469">
    <ele>32.6</ele>
   </trkpt>
   <trkpt lat="50.90343000000001" lon="4.673760000000001">
    <ele>32.629999999999995</ele>
   </trkpt>
   <trkpt lat="50.90346" lon="4.6736">
    <ele>32.59</ele>
   </trkpt>
   <trkpt lat="50.90337751732022" lon="4.672437493884784">
    <ele>32.400000000000006</ele>
   </trkpt>
   <trkpt lat="50.903295023096625" lon="4.671274991888919">
    <ele>32.150000000000006</ele>
   </trkpt>
   <trkpt lat="50.903212517329294" lon="4.670112494012954">
    <ele>32.28</ele>
   </trkpt>
   <trkpt lat="50.903130000000004" lon="4.668950000000001">
    <ele>32.830000000000005</ele>
   </trkpt>
   <trkpt lat="50.9031" lon="4.6688600000000005">
    <ele>32.830000000000005</ele>
   </trkpt>
   <trkpt lat="50.903006680159564" lon="4.6676033283378775">
    <ele>32.879999999999995</ele>
   </trkpt>
   <trkpt lat="50.90291334682938" lon="4.666346661713797">
    <ele>32.690000000000005</ele>
   </trkpt>
   <trkpt lat="50.902820000000006" lon="4.66509">
    <ele>32.77</ele>
   </trkpt>
   <trkpt lat="50.90278000000001" lon="4.6649400000000005">
    <ele>32.77</ele>
   </trkpt>
   <trkpt lat="50.902750000000005" lon="4.664910000000001">
    <ele>32.77</ele>
   </trkpt>
   <trkpt lat="50.90265" lon="4.6649">
    <ele>32.75</ele>
   </trkpt>
   <trkpt lat="50.902620000000006" lon="4.66486">
    <ele>32.59</ele>
   </trkpt>
   <trkpt lat="50.90260000000001" lon="4.66438">
    <ele>32.52</ele>
   </trkpt>
   <trkpt lat="50.902660000000004" lon="4.6641200000000005">
    <ele>32.49</ele>
   </trkpt>
   <trkpt lat="50.90267000000001" lon="4.664020000000001">
    <ele>32.370000000000005</ele>
   </trkpt>
   <trkpt lat="50.902572898661276" lon="4.662747126916426">
    <ele>32.230000000000004</ele>
   </trkpt>
   <trkpt lat="50.90247578348269" lon="4.66147425914254">
    <ele>32.400000000000006</ele>
   </trkpt>
   <trkpt lat="50.902378654464364" lon="4.660201396679059">
    <ele>32.46</ele>
   </trkpt>
   <trkpt lat="50.9022815116064" lon="4.6589285395267">
    <ele>32.25</ele>
   </trkpt>
   <trkpt lat="50.90218435490889" lon="4.657655687686178">
    <ele>31.57</ele>
   </trkpt>
   <trkpt lat="50.902087184371965" lon="4.65638284115821">
    <ele>30.730000000000004</ele>
   </trkpt>
   <trkpt lat="50.901990000000005" lon="4.6551100000000005">
    <ele>30.7</ele>
   </trkpt>
   <trkpt lat="50.901970000000006" lon="4.65503">
    <ele>30.7</ele>
   </trkpt>
   <trkpt lat="50.90193000000001" lon="4.65498">
    <ele>30.7</ele>
   </trkpt>
   <trkpt lat="50.901630000000004" lon="4.655">
    <ele>30.770000000000003</ele>
   </trkpt>
   <trkpt lat="50.90129" lon="4.653700000000001">
    <ele>30.480000000000004</ele>
   </trkpt>
   <trkpt lat="50.90128000000001" lon="4.653560000000001">
    <ele>30.390000000000004</ele>
   </trkpt>
   <trkpt lat="50.90135" lon="4.65343">
    <ele>30.390000000000004</ele>
   </trkpt>
   <trkpt lat="50.901300000000006" lon="4.65333">
    <ele>30.46</ele>
   </trkpt>
   <trkpt lat="50.901210000000006" lon="4.6530000000000005">
    <ele>30.580000000000002</ele>
   </trkpt>
   <trkpt lat="50.90115" lon="4.65249">
    <ele>30.910000000000004</ele>
   </trkpt>
   <trkpt lat="50.90108000000001" lon="4.65216">
    <ele>30.910000000000004</ele>
   </trkpt>
   <trkpt lat="50.900853342288435" lon="4.651136656746696">
    <ele>31.200000000000003</ele>
   </trkpt>
   <trkpt lat="50.90062667563131" lon="4.650113323456628">
    <ele>31.39</ele>
   </trkpt>
   <trkpt lat="50.900400000000005" lon="4.64909">
    <ele>31.21</ele>
   </trkpt>
   <trkpt lat="50.90006" lon="4.648300000000001">
    <ele>30.950000000000003</ele>
   </trkpt>
   <trkpt lat="50.899840000000005" lon="4.64794">
    <ele>31.040000000000003</ele>
   </trkpt>
   <trkpt lat="50.899385001867905" lon="4.6472799935615505">
    <ele>31.26</ele>
   </trkpt>
   <trkpt lat="50.89893000000001" lon="4.64662">
    <ele>31.71</ele>
   </trkpt>
   <trkpt lat="50.898830000000004" lon="4.64644">
    <ele>32.010000000000005</ele>
   </trkpt>
   <trkpt lat="50.898740000000004" lon="4.646240000000001">
    <ele>32.06</ele>
   </trkpt>
   <trkpt lat="50.89865" lon="4.64597">
    <ele>32.11</ele>
   </trkpt>
   <trkpt lat="50.89866000000001" lon="4.64571">
    <ele>32.120000000000005</ele>
   </trkpt>
   <trkpt lat="50.89876" lon="4.6455400000000004">
    <ele>32.06</ele>
   </trkpt>
   <trkpt lat="50.89929000000001" lon="4.64494">
    <ele>32.89</ele>
   </trkpt>
   <trkpt lat="50.89951000000001" lon="4.645320000000001">
    <ele>32.84</ele>
   </trkpt>
   <trkpt lat="50.89960000000001" lon="4.64543">
    <ele>32.879999999999995</ele>
   </trkpt>
   <trkpt lat="50.89992" lon="4.645720000000001">
    <ele>33.64</ele>
   </trkpt>
   <trkpt lat="50.900510000251494" lon="4.645969996825645">
    <ele>37.55</ele>
   </trkpt>
   <trkpt lat="50.90110000000001" lon="4.6462200000000005">
    <ele>39.14</ele>
   </trkpt>
   <trkpt lat="50.90124" lon="4.6462200000000005">
    <ele>39.120000000000005</ele>
   </trkpt>
   <trkpt lat="50.90198499994292" lon="4.646085002184577">
    <ele>36.660000000000004</ele>
   </trkpt>
   <trkpt lat="50.902730000000005" lon="4.64595">
    <ele>31.230000000000004</ele>
   </trkpt>
   <trkpt lat="50.902950000000004" lon="4.645930000000001">
    <ele>30.85</ele>
   </trkpt>
   <trkpt lat="50.90297" lon="4.6460300000000005">
    <ele>30.62</ele>
   </trkpt>
   <trkpt lat="50.903000000000006" lon="4.646070000000001">
    <ele>30.62</ele>
   </trkpt>
   <trkpt lat="50.90307000000001" lon="4.646070000000001">
    <ele>30.62</ele>
   </trkpt>
   <trkpt lat="50.903130000000004" lon="4.645930000000001">
    <ele>30.730000000000004</ele>
   </trkpt>
   <trkpt lat="50.90312" lon="4.64588">
    <ele>30.730000000000004</ele>
   </trkpt>
   <trkpt lat="50.90307000000001" lon="4.64581">
    <ele>30.67</ele>
   </trkpt>
   <trkpt lat="50.90305000000001" lon="4.64506">
    <ele>30.63</ele>
   </trkpt>
   <trkpt lat="50.90301" lon="4.644550000000001">
    <ele>30.63</ele>
   </trkpt>
   <trkpt lat="50.90294" lon="4.64414">
    <ele>30.890000000000004</ele>
   </trkpt>
   <trkpt lat="50.902840000000005" lon="4.643800000000001">
    <ele>30.890000000000004</ele>
   </trkpt>
   <trkpt lat="50.902590000000004" lon="4.64315">
    <ele>30.890000000000004</ele>
   </trkpt>
   <trkpt lat="50.902300000000004" lon="4.6420900000000005">
    <ele>30.92</ele>
   </trkpt>
   <trkpt lat="50.902150000000006" lon="4.641360000000001">
    <ele>30.910000000000004</ele>
   </trkpt>
   <trkpt lat="50.902100002863506" lon="4.640539998982703">
    <ele>31.110000000000003</ele>
   </trkpt>
   <trkpt lat="50.90205" lon="4.6397200000000005">
    <ele>31.17</ele>
   </trkpt>
   <trkpt lat="50.90198" lon="4.6389700000000005">
    <ele>31.160000000000004</ele>
   </trkpt>
   <trkpt lat="50.90195000000001" lon="4.6387100000000006">
    <ele>31.1</ele>
   </trkpt>
   <trkpt lat="50.90187" lon="4.63834">
    <ele>31.22</ele>
   </trkpt>
   <trkpt lat="50.90155000967364" lon="4.6372766521011055">
    <ele>31.330000000000002</ele>
   </trkpt>
   <trkpt lat="50.901230009688746" lon="4.636213318818215">
    <ele>31.67</ele>
   </trkpt>
   <trkpt lat="50.90091" lon="4.63515">
    <ele>32.010000000000005</ele>
   </trkpt>
   <trkpt lat="50.90077" lon="4.63455">
    <ele>32.190000000000005</ele>
   </trkpt>
   <trkpt lat="50.90073" lon="4.6342300000000005">
    <ele>32.190000000000005</ele>
   </trkpt>
   <trkpt lat="50.90065500369389" lon="4.6332999984999095">
    <ele>32.54</ele>
   </trkpt>
   <trkpt lat="50.900580000000005" lon="4.632370000000001">
    <ele>32.730000000000004</ele>
   </trkpt>
   <trkpt lat="50.90057" lon="4.6321">
    <ele>32.690000000000005</ele>
   </trkpt>
   <trkpt lat="50.900580000000005" lon="4.632020000000001">
    <ele>32.690000000000005</ele>
   </trkpt>
   <trkpt lat="50.90083751875861" lon="4.630810020080633">
    <ele>32.32</ele>
   </trkpt>
   <trkpt lat="50.90109502501092" lon="4.629600026777425">
    <ele>31.77</ele>
   </trkpt>
   <trkpt lat="50.90135251875664" lon="4.628390020090755">
    <ele>31.110000000000003</ele>
   </trkpt>
   <trkpt lat="50.901610000000005" lon="4.62718">
    <ele>30.660000000000004</ele>
   </trkpt>
   <trkpt lat="50.901700000000005" lon="4.62659">
    <ele>30.53</ele>
   </trkpt>
   <trkpt lat="50.90171" lon="4.62645">
    <ele>30.55</ele>
   </trkpt>
   <trkpt lat="50.90169" lon="4.62633">
    <ele>30.55</ele>
   </trkpt>
   <trkpt lat="50.90171" lon="4.626180000000001">
    <ele>30.42</ele>
   </trkpt>
   <trkpt lat="50.901650000000004" lon="4.6254100000000005">
    <ele>30.410000000000004</ele>
   </trkpt>
   <trkpt lat="50.90157000000001" lon="4.62479">
    <ele>30.490000000000002</ele>
   </trkpt>
   <trkpt lat="50.901520000000005" lon="4.62406">
    <ele>30.570000000000004</ele>
   </trkpt>
   <trkpt lat="50.901450000000004" lon="4.623810000000001">
    <ele>30.55</ele>
   </trkpt>
   <trkpt lat="50.901410000000006" lon="4.62375">
    <ele>30.55</ele>
   </trkpt>
   <trkpt lat="50.901340000000005" lon="4.62347">
    <ele>30.570000000000004</ele>
   </trkpt>
   <trkpt lat="50.901340000000005" lon="4.623340000000001">
    <ele>30.570000000000004</ele>
   </trkpt>
   <trkpt lat="50.901230000000005" lon="4.62295">
    <ele>30.500000000000004</ele>
   </trkpt>
   <trkpt lat="50.90122" lon="4.62286">
    <ele>30.500000000000004</ele>
   </trkpt>
   <trkpt lat="50.90126" lon="4.6226400000000005">
    <ele>30.36</ele>
   </trkpt>
   <trkpt lat="50.90119000000001" lon="4.62249">
    <ele>30.430000000000003</ele>
   </trkpt>
   <trkpt lat="50.90115" lon="4.62232">
    <ele>30.430000000000003</ele>
   </trkpt>
   <trkpt lat="50.90104500260616" lon="4.6215349980368705">
    <ele>30.520000000000003</ele>
   </trkpt>
   <trkpt lat="50.900940000000006" lon="4.62075">
    <ele>30.63</ele>
   </trkpt>
   <trkpt lat="50.900830000000006" lon="4.62009">
    <ele>30.890000000000004</ele>
   </trkpt>
   <trkpt lat="50.900615004038116" lon="4.61910999518384">
    <ele>31.560000000000006</ele>
   </trkpt>
   <trkpt lat="50.900400000000005" lon="4.618130000000001">
    <ele>32.89</ele>
   </trkpt>
   <trkpt lat="50.90028" lon="4.61758">
    <ele>33.52</ele>
   </trkpt>
   <trkpt lat="50.900220000000004" lon="4.61739">
    <ele>33.74</ele>
   </trkpt>
   <trkpt lat="50.90012" lon="4.61721">
    <ele>34.35</ele>
   </trkpt>
   <trkpt lat="50.900000000000006" lon="4.617050000000001">
    <ele>34.690000000000005</ele>
   </trkpt>
   <trkpt lat="50.89994" lon="4.617">
    <ele>34.81</ele>
   </trkpt>
   <trkpt lat="50.89983" lon="4.61693">
    <ele>35.5</ele>
   </trkpt>
   <trkpt lat="50.899334999984035" lon="4.61671999768091">
    <ele>37.03</ele>
   </trkpt>
   <trkpt lat="50.89884000000001" lon="4.616510000000001">
    <ele>37.6</ele>
   </trkpt>
   <trkpt lat="50.89871" lon="4.6164000000000005">
    <ele>37.11000000000001</ele>
   </trkpt>
   <trkpt lat="50.898610000000005" lon="4.616300000000001">
    <ele>37.11000000000001</ele>
   </trkpt>
   <trkpt lat="50.89844" lon="4.61596">
    <ele>34.21</ele>
   </trkpt>
   <trkpt lat="50.898106673755635" lon="4.615049987012951">
    <ele>32.690000000000005</ele>
   </trkpt>
   <trkpt lat="50.897773340437226" lon="4.614139987053915">
    <ele>32.730000000000004</ele>
   </trkpt>
   <trkpt lat="50.89744" lon="4.613230000000001">
    <ele>32.97</ele>
   </trkpt>
   <trkpt lat="50.8971150021564" lon="4.612514994950222">
    <ele>33.27</ele>
   </trkpt>
   <trkpt lat="50.89679" lon="4.611800000000001">
    <ele>34.080000000000005</ele>
   </trkpt>
   <trkpt lat="50.896480000000004" lon="4.611160000000001">
    <ele>35.24</ele>
   </trkpt>
   <trkpt lat="50.89602000000001" lon="4.610480000000001">
    <ele>36.71</ele>
   </trkpt>
   <trkpt lat="50.895410000000005" lon="4.609800000000001">
    <ele>38.2</ele>
   </trkpt>
   <trkpt lat="50.89469168186203" lon="4.608956601635905">
    <ele>38.11000000000001</ele>
   </trkpt>
   <trkpt lat="50.893973357647724" lon="4.60811322928846">
    <ele>38.37</ele>
   </trkpt>
   <trkpt lat="50.89325502735746" lon="4.607269882956417">
    <ele>38.55</ele>
   </trkpt>
   <trkpt lat="50.89253669099157" lon="4.606426562638529">
    <ele>38.48</ele>
   </trkpt>
   <trkpt lat="50.89181834855039" lon="4.605583268333546">
    <ele>38.23</ele>
   </trkpt>
   <trkpt lat="50.8911" lon="4.6047400000000005">
    <ele>37.85</ele>
   </trkpt>
   <trkpt lat="50.890535001987644" lon="4.604059991766688">
    <ele>37.86000000000001</ele>
   </trkpt>
   <trkpt lat="50.889970000000005" lon="4.6033800000000005">
    <ele>37.88</ele>
   </trkpt>
   <trkpt lat="50.88940250780083" lon="4.602599971497703">
    <ele>38.00000000000001</ele>
   </trkpt>
   <trkpt lat="50.888835010403916" lon="4.601819962001456">
    <ele>38.19</ele>
   </trkpt>
   <trkpt lat="50.88826750780949" lon="4.601039971510583">
    <ele>38.88</ele>
   </trkpt>
   <trkpt lat="50.8877" lon="4.6002600000000005">
    <ele>39.760000000000005</ele>
   </trkpt>
   <trkpt lat="50.88714667147668" lon="4.59951331565906">
    <ele>40.68</ele>
   </trkpt>
   <trkpt lat="50.88659333819042" lon="4.5987666490562">
    <ele>40.57</ele>
   </trkpt>
   <trkpt lat="50.88604" lon="4.59802">
    <ele>40.14</ele>
   </trkpt>
   <trkpt lat="50.886050000000004" lon="4.5980300000000005">
    <ele>40.14</ele>
   </trkpt>
   <trkpt lat="50.885850000000005" lon="4.59766">
    <ele>39.940000000000005</ele>
   </trkpt>
   <trkpt lat="50.885630000000006" lon="4.59719">
    <ele>39.71</ele>
   </trkpt>
   <trkpt lat="50.88548" lon="4.596990000000001">
    <ele>39.36000000000001</ele>
   </trkpt>
   <trkpt lat="50.885270000000006" lon="4.59686">
    <ele>39.190000000000005</ele>
   </trkpt>
   <trkpt lat="50.8851" lon="4.596710000000001">
    <ele>39.089999999999996</ele>
   </trkpt>
   <trkpt lat="50.88462500282811" lon="4.595889991563444">
    <ele>38.650000000000006</ele>
   </trkpt>
   <trkpt lat="50.884150000000005" lon="4.595070000000001">
    <ele>38.400000000000006</ele>
   </trkpt>
   <trkpt lat="50.88356000461256" lon="4.594024986674189">
    <ele>38.43000000000001</ele>
   </trkpt>
   <trkpt lat="50.88297000000001" lon="4.592980000000001">
    <ele>38.96</ele>
   </trkpt>
   <trkpt lat="50.88289" lon="4.592790000000001">
    <ele>38.96</ele>
   </trkpt>
   <trkpt lat="50.882760000000005" lon="4.59232">
    <ele>39.21</ele>
   </trkpt>
   <trkpt lat="50.88270000000001" lon="4.59192">
    <ele>39.49</ele>
   </trkpt>
   <trkpt lat="50.882630000000006" lon="4.591010000000001">
    <ele>39.730000000000004</ele>
   </trkpt>
   <trkpt lat="50.88253" lon="4.59056">
    <ele>40.2</ele>
   </trkpt>
   <trkpt lat="50.882360000000006" lon="4.590140000000001">
    <ele>40.39</ele>
   </trkpt>
   <trkpt lat="50.881950002197335" lon="4.589424993731897">
    <ele>41.57</ele>
   </trkpt>
   <trkpt lat="50.88154" lon="4.588710000000001">
    <ele>43.21000000000001</ele>
   </trkpt>
   <trkpt lat="50.88110000634726" lon="4.587849983813517">
    <ele>45.22</ele>
   </trkpt>
   <trkpt lat="50.88066000637571" lon="4.586989983869363">
    <ele>44.82000000000001</ele>
   </trkpt>
   <trkpt lat="50.88022" lon="4.586130000000001">
    <ele>43.2</ele>
   </trkpt>
   <trkpt lat="50.880770001782345" lon="4.585475007791466">
    <ele>41.730000000000004</ele>
   </trkpt>
   <trkpt lat="50.88132" lon="4.584820000000001">
    <ele>40.21</ele>
   </trkpt>
   <trkpt lat="50.881780000000006" lon="4.584210000000001">
    <ele>39.86000000000001</ele>
   </trkpt>
   <trkpt lat="50.88203000000001" lon="4.5838">
    <ele>39.760000000000005</ele>
   </trkpt>
   <trkpt lat="50.882555003714224" lon="4.5828750103184674">
    <ele>39.400000000000006</ele>
   </trkpt>
   <trkpt lat="50.88308000000001" lon="4.58195">
    <ele>39.11000000000001</ele>
   </trkpt>
   <trkpt lat="50.88281334120282" lon="4.580989988996344">
    <ele>39.330000000000005</ele>
   </trkpt>
   <trkpt lat="50.88254667453203" lon="4.580029988981703">
    <ele>39.53</ele>
   </trkpt>
   <trkpt lat="50.88228" lon="4.579070000000001">
    <ele>40.0</ele>
   </trkpt>
   <trkpt lat="50.88194000000001" lon="4.57805">
    <ele>40.800000000000004</ele>
   </trkpt>
   <trkpt lat="50.88161" lon="4.57721">
    <ele>41.32</ele>
   </trkpt>
   <trkpt lat="50.881325001474366" lon="4.576609996196435">
    <ele>41.72</ele>
   </trkpt>
   <trkpt lat="50.881040000000006" lon="4.57601">
    <ele>42.2</ele>
   </trkpt>
   <trkpt lat="50.880595002706784" lon="4.575214992419887">
    <ele>43.28000000000001</ele>
   </trkpt>
   <trkpt lat="50.88015000000001" lon="4.57442">
    <ele>43.85000000000001</ele>
   </trkpt>
   <trkpt lat="50.879900000000006" lon="4.57392">
    <ele>44.480000000000004</ele>
   </trkpt>
   <trkpt lat="50.879780000000004" lon="4.57362">
    <ele>44.480000000000004</ele>
   </trkpt>
   <trkpt lat="50.87939" lon="4.57242">
    <ele>45.730000000000004</ele>
   </trkpt>
   <trkpt lat="50.879220000000004" lon="4.571960000000001">
    <ele>46.46</ele>
   </trkpt>
   <trkpt lat="50.87897" lon="4.57148">
    <ele>47.41</ele>
   </trkpt>
   <trkpt lat="50.878820000000005" lon="4.5712">
    <ele>47.82</ele>
   </trkpt>
   <trkpt lat="50.87865000000001" lon="4.57101">
    <ele>49.56</ele>
   </trkpt>
   <trkpt lat="50.87829000000001" lon="4.57073">
    <ele>49.95</ele>
   </trkpt>
   <trkpt lat="50.87820000000001" lon="4.57057">
    <ele>50.72</ele>
   </trkpt>
   <trkpt lat="50.8781" lon="4.57022">
    <ele>51.260000000000005</ele>
   </trkpt>
   <trkpt lat="50.87778" lon="4.569500000000001">
    <ele>53.550000000000004</ele>
   </trkpt>
   <trkpt lat="50.87747" lon="4.5689400000000004">
    <ele>55.31</ele>
   </trkpt>
   <trkpt lat="50.87735000000001" lon="4.5686">
    <ele>55.690000000000005</ele>
   </trkpt>
   <trkpt lat="50.877300000000005" lon="4.56832">
    <ele>55.93000000000001</ele>
   </trkpt>
   <trkpt lat="50.87735000000001" lon="4.568300000000001">
    <ele>55.93000000000001</ele>
   </trkpt>
   <trkpt lat="50.8774" lon="4.56817">
    <ele>55.84</ele>
   </trkpt>
   <trkpt lat="50.877390000000005" lon="4.5681">
    <ele>55.84</ele>
   </trkpt>
   <trkpt lat="50.87783" lon="4.5678600000000005">
    <ele>53.74</ele>
   </trkpt>
   <trkpt lat="50.87834500078646" lon="4.567430004755095">
    <ele>49.71</ele>
   </trkpt>
   <trkpt lat="50.87886" lon="4.567">
    <ele>47.510000000000005</ele>
   </trkpt>
   <trkpt lat="50.87944000054393" lon="4.566675003993348">
    <ele>45.69</ele>
   </trkpt>
   <trkpt lat="50.88002" lon="4.566350000000001">
    <ele>45.43000000000001</ele>
   </trkpt>
   <trkpt lat="50.880030000000005" lon="4.56625">
    <ele>45.43000000000001</ele>
   </trkpt>
   <trkpt lat="50.88009" lon="4.566190000000001">
    <ele>45.46</ele>
   </trkpt>
   <trkpt lat="50.88007500397583" lon="4.5652249995527665">
    <ele>45.93000000000001</ele>
   </trkpt>
   <trkpt lat="50.88006000000001" lon="4.56426">
    <ele>46.3</ele>
   </trkpt>
   <trkpt lat="50.88009" lon="4.564">
    <ele>46.6</ele>
   </trkpt>
   <trkpt lat="50.8802800044732" lon="4.562975004259301">
    <ele>49.06</ele>
   </trkpt>
   <trkpt lat="50.88047" lon="4.56195">
    <ele>50.81</ele>
   </trkpt>
   <trkpt lat="50.880500000000005" lon="4.5613600000000005">
    <ele>51.050000000000004</ele>
   </trkpt>
   <trkpt lat="50.88045" lon="4.56078">
    <ele>51.92</ele>
   </trkpt>
   <trkpt lat="50.88024667903598" lon="4.559576656154327">
    <ele>53.46000000000001</ele>
   </trkpt>
   <trkpt lat="50.88004334570084" lon="4.558373322810512">
    <ele>54.37</ele>
   </trkpt>
   <trkpt lat="50.87984" lon="4.55717">
    <ele>54.09</ele>
   </trkpt>
   <trkpt lat="50.879850000000005" lon="4.557180000000001">
    <ele>54.09</ele>
   </trkpt>
   <trkpt lat="50.879585004370135" lon="4.556164994109897">
    <ele>53.050000000000004</ele>
   </trkpt>
   <trkpt lat="50.87932000000001" lon="4.55515">
    <ele>51.510000000000005</ele>
   </trkpt>
   <trkpt lat="50.87917000588044" lon="4.553974996082411">
    <ele>50.81</ele>
   </trkpt>
   <trkpt lat="50.879020000000004" lon="4.5528">
    <ele>50.980000000000004</ele>
   </trkpt>
   <trkpt lat="50.87886" lon="4.5514">
    <ele>51.14</ele>
   </trkpt>
  </trkseg>
 </trk>
</gpx>
