<?xml version="1.0" encoding="UTF-8"?>
<gpx creator="StravaGPX" version="1.1" xmlns="http://www.topografix.com/GPX/1/1" xmlns:xsi="http://www.w3.org/2001/XMLSchema-instance" xsi:schemaLocation="http://www.topografix.com/GPX/1/1 http://www.topografix.com/GPX/1/1/gpx.xsd">
 <metadata>
  <name>OA26-Willebringen-82Km591Hm</name>
  <author>
   <name>Haecky 🐻</name>
   <link href="https://www.strava.com/athletes/1643587"/>
  </author>
  <copyright author="OpenStreetMap contributors">
   <year>2020</year>
   <license>https://www.openstreetmap.org/copyright</license>
  </copyright>
  <link href="https://www.strava.com/routes/3525532299785493210"/>
 </metadata>
 <trk>
  <name>OA26-Willebringen-82Km591Hm</name>
  <link href="https://www.strava.com/routes/3525532299785493210"/>
  <type>cycling</type>
  <trkseg>
   <trkpt lat="50.878910000000005" lon="4.551760000000001">
    <ele>51.010000000000005</ele>
   </trkpt>
   <trkpt lat="50.879020000000004" lon="4.5528">
    <ele>50.980000000000004</ele>
   </trkpt>
   <trkpt lat="50.87917000591496" lon="4.5539749963528235">
    <ele>50.81</ele>
   </trkpt>
   <trkpt lat="50.87932000000001" lon="4.55515">
    <ele>51.510000000000005</ele>
   </trkpt>
   <trkpt lat="50.879585004431604" lon="4.55616499434535">
    <ele>53.050000000000004</ele>
   </trkpt>
   <trkpt lat="50.879850000000005" lon="4.557180000000001">
    <ele>53.42</ele>
   </trkpt>
   <trkpt lat="50.88005334570682" lon="4.558383322845809">
    <ele>53.42</ele>
   </trkpt>
   <trkpt lat="50.880256679042695" lon="4.559586656193951">
    <ele>51.92</ele>
   </trkpt>
   <trkpt lat="50.88046000000001" lon="4.560790000000001">
    <ele>51.92</ele>
   </trkpt>
   <trkpt lat="50.880500000000005" lon="4.5613600000000005">
    <ele>51.050000000000004</ele>
   </trkpt>
   <trkpt lat="50.88047" lon="4.56195">
    <ele>50.53</ele>
   </trkpt>
   <trkpt lat="50.88028000450277" lon="4.562975004099827">
    <ele>49.06</ele>
   </trkpt>
   <trkpt lat="50.88009" lon="4.564">
    <ele>46.6</ele>
   </trkpt>
   <trkpt lat="50.88006000000001" lon="4.56426">
    <ele>46.150000000000006</ele>
   </trkpt>
   <trkpt lat="50.88007500398007" lon="4.565224999825937">
    <ele>45.62</ele>
   </trkpt>
   <trkpt lat="50.88009" lon="4.566190000000001">
    <ele>45.43000000000001</ele>
   </trkpt>
   <trkpt lat="50.880030000000005" lon="4.56625">
    <ele>45.43000000000001</ele>
   </trkpt>
   <trkpt lat="50.88002" lon="4.566350000000001">
    <ele>45.43000000000001</ele>
   </trkpt>
   <trkpt lat="50.880050000000004" lon="4.56644">
    <ele>45.37</ele>
   </trkpt>
   <trkpt lat="50.88011" lon="4.566470000000001">
    <ele>45.37</ele>
   </trkpt>
   <trkpt lat="50.880120000000005" lon="4.566890000000001">
    <ele>45.02</ele>
   </trkpt>
   <trkpt lat="50.880190000000006" lon="4.567760000000001">
    <ele>44.910000000000004</ele>
   </trkpt>
   <trkpt lat="50.88017000000001" lon="4.5680000000000005">
    <ele>45.00000000000001</ele>
   </trkpt>
   <trkpt lat="50.88013" lon="4.56812">
    <ele>45.11000000000001</ele>
   </trkpt>
   <trkpt lat="50.8798" lon="4.5686">
    <ele>45.67</ele>
   </trkpt>
   <trkpt lat="50.879470000000005" lon="4.56916">
    <ele>46.330000000000005</ele>
   </trkpt>
   <trkpt lat="50.8791" lon="4.569850000000001">
    <ele>47.02</ele>
   </trkpt>
   <trkpt lat="50.8791" lon="4.56996">
    <ele>47.02</ele>
   </trkpt>
   <trkpt lat="50.879180000000005" lon="4.57043">
    <ele>47.550000000000004</ele>
   </trkpt>
   <trkpt lat="50.87917" lon="4.57057">
    <ele>47.550000000000004</ele>
   </trkpt>
   <trkpt lat="50.878820000000005" lon="4.5712">
    <ele>47.82</ele>
   </trkpt>
   <trkpt lat="50.879220000000004" lon="4.571960000000001">
    <ele>46.46</ele>
   </trkpt>
   <trkpt lat="50.87939" lon="4.57242">
    <ele>45.730000000000004</ele>
   </trkpt>
   <trkpt lat="50.879780000000004" lon="4.57362">
    <ele>44.480000000000004</ele>
   </trkpt>
   <trkpt lat="50.879900000000006" lon="4.57392">
    <ele>44.480000000000004</ele>
   </trkpt>
   <trkpt lat="50.88015000000001" lon="4.57442">
    <ele>43.85000000000001</ele>
   </trkpt>
   <trkpt lat="50.8805950026929" lon="4.575214992395088">
    <ele>42.96</ele>
   </trkpt>
   <trkpt lat="50.881040000000006" lon="4.57601">
    <ele>42.2</ele>
   </trkpt>
   <trkpt lat="50.88132500160126" lon="4.57660999646357">
    <ele>41.72</ele>
   </trkpt>
   <trkpt lat="50.88161" lon="4.57721">
    <ele>41.32</ele>
   </trkpt>
   <trkpt lat="50.88194000000001" lon="4.57805">
    <ele>40.800000000000004</ele>
   </trkpt>
   <trkpt lat="50.88228" lon="4.579070000000001">
    <ele>40.0</ele>
   </trkpt>
   <trkpt lat="50.882546674544216" lon="4.580029989025532">
    <ele>39.53</ele>
   </trkpt>
   <trkpt lat="50.882813341214984" lon="4.580989989040175">
    <ele>39.0</ele>
   </trkpt>
   <trkpt lat="50.88308000000001" lon="4.58195">
    <ele>39.11000000000001</ele>
   </trkpt>
   <trkpt lat="50.882555003595655" lon="4.58287501052739">
    <ele>39.400000000000006</ele>
   </trkpt>
   <trkpt lat="50.88203000000001" lon="4.5838">
    <ele>39.760000000000005</ele>
   </trkpt>
   <trkpt lat="50.881780000000006" lon="4.584210000000001">
    <ele>39.86000000000001</ele>
   </trkpt>
   <trkpt lat="50.88132" lon="4.584820000000001">
    <ele>40.760000000000005</ele>
   </trkpt>
   <trkpt lat="50.88077000188301" lon="4.585475007671584">
    <ele>41.730000000000004</ele>
   </trkpt>
   <trkpt lat="50.88022" lon="4.586130000000001">
    <ele>43.2</ele>
   </trkpt>
   <trkpt lat="50.880660006290164" lon="4.586989983702155">
    <ele>44.82000000000001</ele>
   </trkpt>
   <trkpt lat="50.881100006261725" lon="4.587849983646307">
    <ele>45.03</ele>
   </trkpt>
   <trkpt lat="50.88154" lon="4.588710000000001">
    <ele>43.21000000000001</ele>
   </trkpt>
   <trkpt lat="50.88195000217025" lon="4.589424993684668">
    <ele>41.57</ele>
   </trkpt>
   <trkpt lat="50.882360000000006" lon="4.590140000000001">
    <ele>40.39</ele>
   </trkpt>
   <trkpt lat="50.88253" lon="4.59056">
    <ele>40.2</ele>
   </trkpt>
   <trkpt lat="50.882630000000006" lon="4.591010000000001">
    <ele>39.730000000000004</ele>
   </trkpt>
   <trkpt lat="50.88270000000001" lon="4.59192">
    <ele>39.49</ele>
   </trkpt>
   <trkpt lat="50.882760000000005" lon="4.59232">
    <ele>39.21</ele>
   </trkpt>
   <trkpt lat="50.88289" lon="4.592790000000001">
    <ele>38.96</ele>
   </trkpt>
   <trkpt lat="50.88297000000001" lon="4.592980000000001">
    <ele>38.96</ele>
   </trkpt>
   <trkpt lat="50.88356000471688" lon="4.594024986858941">
    <ele>38.43000000000001</ele>
   </trkpt>
   <trkpt lat="50.884150000000005" lon="4.595070000000001">
    <ele>38.400000000000006</ele>
   </trkpt>
   <trkpt lat="50.88462500291632" lon="4.59588999171571">
    <ele>38.650000000000006</ele>
   </trkpt>
   <trkpt lat="50.8851" lon="4.596710000000001">
    <ele>39.089999999999996</ele>
   </trkpt>
   <trkpt lat="50.885270000000006" lon="4.59686">
    <ele>39.36000000000001</ele>
   </trkpt>
   <trkpt lat="50.88548" lon="4.596990000000001">
    <ele>39.36000000000001</ele>
   </trkpt>
   <trkpt lat="50.885630000000006" lon="4.59719">
    <ele>39.71</ele>
   </trkpt>
   <trkpt lat="50.885850000000005" lon="4.59766">
    <ele>39.940000000000005</ele>
   </trkpt>
   <trkpt lat="50.886050000000004" lon="4.5980300000000005">
    <ele>40.190000000000005</ele>
   </trkpt>
   <trkpt lat="50.88642500108324" lon="4.5985349959266815">
    <ele>40.57</ele>
   </trkpt>
   <trkpt lat="50.8868" lon="4.5990400000000005">
    <ele>40.63</ele>
   </trkpt>
   <trkpt lat="50.8868" lon="4.59905">
    <ele>40.11</ele>
   </trkpt>
   <trkpt lat="50.887436012874524" lon="4.599917952599472">
    <ele>40.11</ele>
   </trkpt>
   <trkpt lat="50.88807201931308" lon="4.600785928899578">
    <ele>40.11</ele>
   </trkpt>
   <trkpt lat="50.88870801931534" lon="4.601653928901262">
    <ele>36.0</ele>
   </trkpt>
   <trkpt lat="50.88934401288095" lon="4.602521952605471">
    <ele>36.0</ele>
   </trkpt>
   <trkpt lat="50.88998" lon="4.60339">
    <ele>36.0</ele>
   </trkpt>
   <trkpt lat="50.8905400019292" lon="4.60406499186426">
    <ele>35.800000000000004</ele>
   </trkpt>
   <trkpt lat="50.8911" lon="4.6047400000000005">
    <ele>35.800000000000004</ele>
   </trkpt>
   <trkpt lat="50.8917557293666" lon="4.605507078055133">
    <ele>35.800000000000004</ele>
   </trkpt>
   <trkpt lat="50.89241145370643" lon="4.6062741777090785">
    <ele>35.800000000000004</ele>
   </trkpt>
   <trkpt lat="50.893067173019226" lon="4.607041298962781">
    <ele>35.800000000000004</ele>
   </trkpt>
   <trkpt lat="50.89372288730475" lon="4.607808441817191">
    <ele>35.33</ele>
   </trkpt>
   <trkpt lat="50.89437859656272" lon="4.608575606273256">
    <ele>35.33</ele>
   </trkpt>
   <trkpt lat="50.895034300792894" lon="4.609342792331923">
    <ele>35.33</ele>
   </trkpt>
   <trkpt lat="50.89569" lon="4.610110000000001">
    <ele>35.33</ele>
   </trkpt>
   <trkpt lat="50.89602000000001" lon="4.610480000000001">
    <ele>36.71</ele>
   </trkpt>
   <trkpt lat="50.896480000000004" lon="4.611160000000001">
    <ele>35.24</ele>
   </trkpt>
   <trkpt lat="50.89679" lon="4.611800000000001">
    <ele>34.080000000000005</ele>
   </trkpt>
   <trkpt lat="50.89711500221071" lon="4.612514995069708">
    <ele>33.27</ele>
   </trkpt>
   <trkpt lat="50.89744" lon="4.613230000000001">
    <ele>32.97</ele>
   </trkpt>
   <trkpt lat="50.89777334039223" lon="4.614139986931088">
    <ele>32.75</ele>
   </trkpt>
   <trkpt lat="50.89810667371063" lon="4.6150499868901225">
    <ele>32.660000000000004</ele>
   </trkpt>
   <trkpt lat="50.89844" lon="4.61596">
    <ele>34.21</ele>
   </trkpt>
   <trkpt lat="50.898610000000005" lon="4.616300000000001">
    <ele>32.330000000000005</ele>
   </trkpt>
   <trkpt lat="50.89871" lon="4.6164000000000005">
    <ele>32.330000000000005</ele>
   </trkpt>
   <trkpt lat="50.898770000000006" lon="4.61662">
    <ele>32.760000000000005</ele>
   </trkpt>
   <trkpt lat="50.89876" lon="4.6166100000000005">
    <ele>37.18000000000001</ele>
   </trkpt>
   <trkpt lat="50.89875000000001" lon="4.61686">
    <ele>37.26</ele>
   </trkpt>
   <trkpt lat="50.898790000000005" lon="4.6168700000000005">
    <ele>37.26</ele>
   </trkpt>
   <trkpt lat="50.898790000000005" lon="4.61713">
    <ele>36.77</ele>
   </trkpt>
   <trkpt lat="50.89887000438365" lon="4.618144998045705">
    <ele>33.78</ele>
   </trkpt>
   <trkpt lat="50.898950000000006" lon="4.619160000000001">
    <ele>32.57</ele>
   </trkpt>
   <trkpt lat="50.89894" lon="4.6193">
    <ele>32.49</ele>
   </trkpt>
   <trkpt lat="50.898970000000006" lon="4.6199900000000005">
    <ele>32.38</ele>
   </trkpt>
   <trkpt lat="50.899010000000004" lon="4.621370000000001">
    <ele>32.52</ele>
   </trkpt>
   <trkpt lat="50.89905" lon="4.621720000000001">
    <ele>32.67</ele>
   </trkpt>
   <trkpt lat="50.89907" lon="4.622400000000001">
    <ele>33.010000000000005</ele>
   </trkpt>
   <trkpt lat="50.89909" lon="4.6233">
    <ele>33.24</ele>
   </trkpt>
   <trkpt lat="50.89906000651693" lon="4.624535000693909">
    <ele>33.47</ele>
   </trkpt>
   <trkpt lat="50.89903" lon="4.62577">
    <ele>34.31</ele>
   </trkpt>
   <trkpt lat="50.89907" lon="4.626340000000001">
    <ele>34.730000000000004</ele>
   </trkpt>
   <trkpt lat="50.89912" lon="4.62652">
    <ele>35.10000000000001</ele>
   </trkpt>
   <trkpt lat="50.899150000000006" lon="4.62673">
    <ele>35.660000000000004</ele>
   </trkpt>
   <trkpt lat="50.89923" lon="4.62685">
    <ele>35.86</ele>
   </trkpt>
   <trkpt lat="50.899260000000005" lon="4.626950000000001">
    <ele>35.64000000000001</ele>
   </trkpt>
   <trkpt lat="50.89925" lon="4.6270500000000006">
    <ele>35.64000000000001</ele>
   </trkpt>
   <trkpt lat="50.89920000000001" lon="4.627140000000001">
    <ele>35.26</ele>
   </trkpt>
   <trkpt lat="50.89922000000001" lon="4.627420000000001">
    <ele>35.07</ele>
   </trkpt>
   <trkpt lat="50.89920000000001" lon="4.627560000000001">
    <ele>34.940000000000005</ele>
   </trkpt>
   <trkpt lat="50.899240000000006" lon="4.62788">
    <ele>34.75</ele>
   </trkpt>
   <trkpt lat="50.89936" lon="4.628340000000001">
    <ele>34.52</ele>
   </trkpt>
   <trkpt lat="50.899335002737246" lon="4.629140000310402">
    <ele>34.38</ele>
   </trkpt>
   <trkpt lat="50.89931000000001" lon="4.62994">
    <ele>34.27</ele>
   </trkpt>
   <trkpt lat="50.89934" lon="4.630190000000001">
    <ele>34.25</ele>
   </trkpt>
   <trkpt lat="50.89938" lon="4.630330000000001">
    <ele>34.15</ele>
   </trkpt>
   <trkpt lat="50.899670002296034" lon="4.6310749951685715">
    <ele>33.86</ele>
   </trkpt>
   <trkpt lat="50.89996000000001" lon="4.63182">
    <ele>33.510000000000005</ele>
   </trkpt>
   <trkpt lat="50.900090000000006" lon="4.6321900000000005">
    <ele>33.35</ele>
   </trkpt>
   <trkpt lat="50.90017" lon="4.63321">
    <ele>33.660000000000004</ele>
   </trkpt>
   <trkpt lat="50.89991000710222" lon="4.634500007229644">
    <ele>35.38</ele>
   </trkpt>
   <trkpt lat="50.89965" lon="4.63579">
    <ele>33.82</ele>
   </trkpt>
   <trkpt lat="50.89934751543561" lon="4.636887521383242">
    <ele>33.82</ele>
   </trkpt>
   <trkpt lat="50.899045020581745" lon="4.637985028507141">
    <ele>35.27</ele>
   </trkpt>
   <trkpt lat="50.898742515438634" lon="4.63908252137155">
    <ele>35.27</ele>
   </trkpt>
   <trkpt lat="50.89844" lon="4.64018">
    <ele>35.27</ele>
   </trkpt>
   <trkpt lat="50.89819500308269" lon="4.641025004332117">
    <ele>34.89</ele>
   </trkpt>
   <trkpt lat="50.89795" lon="4.64187">
    <ele>34.81</ele>
   </trkpt>
   <trkpt lat="50.89768" lon="4.64294">
    <ele>34.410000000000004</ele>
   </trkpt>
   <trkpt lat="50.89759" lon="4.64322">
    <ele>34.410000000000004</ele>
   </trkpt>
   <trkpt lat="50.89748" lon="4.64348">
    <ele>34.67</ele>
   </trkpt>
   <trkpt lat="50.89734000000001" lon="4.64353">
    <ele>34.71</ele>
   </trkpt>
   <trkpt lat="50.89674500010505" lon="4.643399998346186">
    <ele>35.21000000000001</ele>
   </trkpt>
   <trkpt lat="50.896150000000006" lon="4.64327">
    <ele>36.89000000000001</ele>
   </trkpt>
   <trkpt lat="50.89589" lon="4.64306">
    <ele>37.19</ele>
   </trkpt>
   <trkpt lat="50.89574" lon="4.64287">
    <ele>37.74</ele>
   </trkpt>
   <trkpt lat="50.895680000000006" lon="4.64292">
    <ele>37.74</ele>
   </trkpt>
   <trkpt lat="50.895520000000005" lon="4.64297">
    <ele>37.99</ele>
   </trkpt>
   <trkpt lat="50.89499000000001" lon="4.64306">
    <ele>39.63</ele>
   </trkpt>
   <trkpt lat="50.89484" lon="4.64311">
    <ele>41.46</ele>
   </trkpt>
   <trkpt lat="50.89468" lon="4.643190000000001">
    <ele>42.580000000000005</ele>
   </trkpt>
   <trkpt lat="50.894470000000005" lon="4.64341">
    <ele>44.120000000000005</ele>
   </trkpt>
   <trkpt lat="50.89414000000001" lon="4.64379">
    <ele>46.52</ele>
   </trkpt>
   <trkpt lat="50.89408" lon="4.64384">
    <ele>46.52</ele>
   </trkpt>
   <trkpt lat="50.893890000000006" lon="4.643940000000001">
    <ele>47.71</ele>
   </trkpt>
   <trkpt lat="50.89359" lon="4.64402">
    <ele>51.050000000000004</ele>
   </trkpt>
   <trkpt lat="50.89349000000001" lon="4.64407">
    <ele>53.07000000000001</ele>
   </trkpt>
   <trkpt lat="50.893370000000004" lon="4.644170000000001">
    <ele>52.95</ele>
   </trkpt>
   <trkpt lat="50.893240000000006" lon="4.644220000000001">
    <ele>53.50000000000001</ele>
   </trkpt>
   <trkpt lat="50.893190000000004" lon="4.64423">
    <ele>53.50000000000001</ele>
   </trkpt>
   <trkpt lat="50.893080000000005" lon="4.64418">
    <ele>54.27</ele>
   </trkpt>
   <trkpt lat="50.892970000000005" lon="4.64402">
    <ele>55.190000000000005</ele>
   </trkpt>
   <trkpt lat="50.89285" lon="4.64393">
    <ele>56.03</ele>
   </trkpt>
   <trkpt lat="50.89269" lon="4.6439">
    <ele>56.5</ele>
   </trkpt>
   <trkpt lat="50.89249" lon="4.64395">
    <ele>57.7</ele>
   </trkpt>
   <trkpt lat="50.892050000000005" lon="4.644240000000001">
    <ele>62.730000000000004</ele>
   </trkpt>
   <trkpt lat="50.89197000000001" lon="4.64438">
    <ele>63.47</ele>
   </trkpt>
   <trkpt lat="50.89182" lon="4.644900000000001">
    <ele>66.31</ele>
   </trkpt>
   <trkpt lat="50.891670000000005" lon="4.6455400000000004">
    <ele>69.48</ele>
   </trkpt>
   <trkpt lat="50.89155" lon="4.64592">
    <ele>72.61</ele>
   </trkpt>
   <trkpt lat="50.891540000000006" lon="4.64602">
    <ele>72.61</ele>
   </trkpt>
   <trkpt lat="50.89166" lon="4.64613">
    <ele>72.72</ele>
   </trkpt>
   <trkpt lat="50.89172000000001" lon="4.645980000000001">
    <ele>72.72</ele>
   </trkpt>
   <trkpt lat="50.891780000000004" lon="4.64566">
    <ele>71.38</ele>
   </trkpt>
   <trkpt lat="50.891850000000005" lon="4.6455">
    <ele>70.43</ele>
   </trkpt>
   <trkpt lat="50.89191" lon="4.6454200000000005">
    <ele>69.88000000000001</ele>
   </trkpt>
   <trkpt lat="50.89202" lon="4.6453500000000005">
    <ele>68.44</ele>
   </trkpt>
   <trkpt lat="50.89211" lon="4.6453500000000005">
    <ele>68.44</ele>
   </trkpt>
   <trkpt lat="50.89219000000001" lon="4.64538">
    <ele>67.89</ele>
   </trkpt>
   <trkpt lat="50.89226000000001" lon="4.64543">
    <ele>67.39</ele>
   </trkpt>
   <trkpt lat="50.892630000000004" lon="4.64581">
    <ele>65.47</ele>
   </trkpt>
   <trkpt lat="50.892720000000004" lon="4.64594">
    <ele>64.92</ele>
   </trkpt>
   <trkpt lat="50.89276" lon="4.646050000000001">
    <ele>64.92</ele>
   </trkpt>
   <trkpt lat="50.8928" lon="4.6462900000000005">
    <ele>64.08000000000001</ele>
   </trkpt>
   <trkpt lat="50.892810000000004" lon="4.6465700000000005">
    <ele>63.480000000000004</ele>
   </trkpt>
   <trkpt lat="50.89291000000001" lon="4.646920000000001">
    <ele>62.34</ele>
   </trkpt>
   <trkpt lat="50.89302000000001" lon="4.64702">
    <ele>61.51</ele>
   </trkpt>
   <trkpt lat="50.893130000000006" lon="4.6470400000000005">
    <ele>60.86000000000001</ele>
   </trkpt>
   <trkpt lat="50.8937" lon="4.64698">
    <ele>56.940000000000005</ele>
   </trkpt>
   <trkpt lat="50.894040000000004" lon="4.646920000000001">
    <ele>55.260000000000005</ele>
   </trkpt>
   <trkpt lat="50.89444" lon="4.64682">
    <ele>51.61</ele>
   </trkpt>
   <trkpt lat="50.89506" lon="4.6466">
    <ele>48.02</ele>
   </trkpt>
   <trkpt lat="50.89513" lon="4.64655">
    <ele>48.02</ele>
   </trkpt>
   <trkpt lat="50.895230000000005" lon="4.6463600000000005">
    <ele>47.330000000000005</ele>
   </trkpt>
   <trkpt lat="50.895250000000004" lon="4.64614">
    <ele>45.980000000000004</ele>
   </trkpt>
   <trkpt lat="50.89522" lon="4.645790000000001">
    <ele>45.26</ele>
   </trkpt>
   <trkpt lat="50.895250000000004" lon="4.64569">
    <ele>45.00000000000001</ele>
   </trkpt>
   <trkpt lat="50.89537000000001" lon="4.64548">
    <ele>43.24</ele>
   </trkpt>
   <trkpt lat="50.89599000041507" lon="4.645225003338432">
    <ele>39.400000000000006</ele>
   </trkpt>
   <trkpt lat="50.89661" lon="4.644970000000001">
    <ele>36.82000000000001</ele>
   </trkpt>
   <trkpt lat="50.89708500035335" lon="4.644765002016005">
    <ele>35.52</ele>
   </trkpt>
   <trkpt lat="50.897560000000006" lon="4.64456">
    <ele>35.04</ele>
   </trkpt>
   <trkpt lat="50.898160000000004" lon="4.64437">
    <ele>34.010000000000005</ele>
   </trkpt>
   <trkpt lat="50.89829" lon="4.64428">
    <ele>33.830000000000005</ele>
   </trkpt>
   <trkpt lat="50.89857000000001" lon="4.643960000000001">
    <ele>33.410000000000004</ele>
   </trkpt>
   <trkpt lat="50.89904000000001" lon="4.644570000000001">
    <ele>33.080000000000005</ele>
   </trkpt>
   <trkpt lat="50.89929000000001" lon="4.64494">
    <ele>32.830000000000005</ele>
   </trkpt>
   <trkpt lat="50.89951000000001" lon="4.645320000000001">
    <ele>32.84</ele>
   </trkpt>
   <trkpt lat="50.89960000000001" lon="4.64543">
    <ele>32.879999999999995</ele>
   </trkpt>
   <trkpt lat="50.89992" lon="4.645720000000001">
    <ele>33.36</ele>
   </trkpt>
   <trkpt lat="50.900400000000005" lon="4.645930000000001">
    <ele>34.78</ele>
   </trkpt>
   <trkpt lat="50.90110000000001" lon="4.6462200000000005">
    <ele>39.14</ele>
   </trkpt>
   <trkpt lat="50.90119000000001" lon="4.64623">
    <ele>39.290000000000006</ele>
   </trkpt>
   <trkpt lat="50.90196000007" lon="4.646090002317797">
    <ele>36.660000000000004</ele>
   </trkpt>
   <trkpt lat="50.902730000000005" lon="4.64595">
    <ele>31.230000000000004</ele>
   </trkpt>
   <trkpt lat="50.902950000000004" lon="4.645930000000001">
    <ele>30.85</ele>
   </trkpt>
   <trkpt lat="50.90296000000001" lon="4.64588">
    <ele>30.85</ele>
   </trkpt>
   <trkpt lat="50.90301" lon="4.64581">
    <ele>30.730000000000004</ele>
   </trkpt>
   <trkpt lat="50.90307000000001" lon="4.64581">
    <ele>30.730000000000004</ele>
   </trkpt>
   <trkpt lat="50.90312" lon="4.64588">
    <ele>30.69</ele>
   </trkpt>
   <trkpt lat="50.903130000000004" lon="4.645930000000001">
    <ele>30.69</ele>
   </trkpt>
   <trkpt lat="50.90307000000001" lon="4.646070000000001">
    <ele>30.62</ele>
   </trkpt>
   <trkpt lat="50.90305000369194" lon="4.647000000495571">
    <ele>30.04</ele>
   </trkpt>
   <trkpt lat="50.90303" lon="4.647930000000001">
    <ele>29.66</ele>
   </trkpt>
   <trkpt lat="50.90305000000001" lon="4.6483300000000005">
    <ele>29.66</ele>
   </trkpt>
   <trkpt lat="50.903090000000006" lon="4.64862">
    <ele>29.59</ele>
   </trkpt>
   <trkpt lat="50.90341000599241" lon="4.649804991836554">
    <ele>29.290000000000003</ele>
   </trkpt>
   <trkpt lat="50.90373" lon="4.65099">
    <ele>29.240000000000002</ele>
   </trkpt>
   <trkpt lat="50.903760000000005" lon="4.651210000000001">
    <ele>29.240000000000002</ele>
   </trkpt>
   <trkpt lat="50.90375500233693" lon="4.651950000354879">
    <ele>29.150000000000002</ele>
   </trkpt>
   <trkpt lat="50.90375" lon="4.652690000000001">
    <ele>29.05</ele>
   </trkpt>
   <trkpt lat="50.90391000284264" lon="4.653499997421008">
    <ele>28.770000000000003</ele>
   </trkpt>
   <trkpt lat="50.904070000000004" lon="4.654310000000001">
    <ele>28.87</ele>
   </trkpt>
   <trkpt lat="50.90415" lon="4.6551100000000005">
    <ele>28.89</ele>
   </trkpt>
   <trkpt lat="50.904133341481895" lon="4.656086667333584">
    <ele>29.150000000000002</ele>
   </trkpt>
   <trkpt lat="50.904116674815775" lon="4.657063333968065">
    <ele>29.44</ele>
   </trkpt>
   <trkpt lat="50.90410000000001" lon="4.658040000000001">
    <ele>30.0</ele>
   </trkpt>
   <trkpt lat="50.904340000000005" lon="4.659330000000001">
    <ele>30.590000000000003</ele>
   </trkpt>
   <trkpt lat="50.904490002130515" lon="4.6600399976059395">
    <ele>30.76</ele>
   </trkpt>
   <trkpt lat="50.90464000000001" lon="4.66075">
    <ele>30.680000000000003</ele>
   </trkpt>
   <trkpt lat="50.904810000000005" lon="4.66134">
    <ele>30.7</ele>
   </trkpt>
   <trkpt lat="50.905205006758955" lon="4.662599989240318">
    <ele>30.910000000000004</ele>
   </trkpt>
   <trkpt lat="50.90560000000001" lon="4.663860000000001">
    <ele>31.200000000000003</ele>
   </trkpt>
   <trkpt lat="50.90576" lon="4.664490000000001">
    <ele>31.540000000000006</ele>
   </trkpt>
   <trkpt lat="50.90599" lon="4.66551">
    <ele>31.43</ele>
   </trkpt>
   <trkpt lat="50.90610000786857" lon="4.666469995431841">
    <ele>30.88</ele>
   </trkpt>
   <trkpt lat="50.906210007864985" lon="4.6674299954006075">
    <ele>30.410000000000004</ele>
   </trkpt>
   <trkpt lat="50.90632" lon="4.6683900000000005">
    <ele>29.890000000000004</ele>
   </trkpt>
   <trkpt lat="50.90636000000001" lon="4.66887">
    <ele>29.740000000000002</ele>
   </trkpt>
   <trkpt lat="50.90643000000001" lon="4.66933">
    <ele>29.68</ele>
   </trkpt>
   <trkpt lat="50.906470000000006" lon="4.669440000000001">
    <ele>29.68</ele>
   </trkpt>
   <trkpt lat="50.90652000000001" lon="4.669490000000001">
    <ele>29.68</ele>
   </trkpt>
   <trkpt lat="50.9065" lon="4.66959">
    <ele>29.68</ele>
   </trkpt>
   <trkpt lat="50.906490000000005" lon="4.66981">
    <ele>29.7</ele>
   </trkpt>
   <trkpt lat="50.90659" lon="4.6707">
    <ele>29.210000000000004</ele>
   </trkpt>
   <trkpt lat="50.906580000000005" lon="4.67129">
    <ele>29.32</ele>
   </trkpt>
   <trkpt lat="50.90654000000001" lon="4.6717900000000006">
    <ele>29.43</ele>
   </trkpt>
   <trkpt lat="50.90648" lon="4.672090000000001">
    <ele>29.7</ele>
   </trkpt>
   <trkpt lat="50.90630000218751" lon="4.672795002472338">
    <ele>29.68</ele>
   </trkpt>
   <trkpt lat="50.90612" lon="4.673500000000001">
    <ele>29.5</ele>
   </trkpt>
   <trkpt lat="50.906060000000004" lon="4.67389">
    <ele>29.650000000000002</ele>
   </trkpt>
   <trkpt lat="50.90617" lon="4.67386">
    <ele>29.34</ele>
   </trkpt>
   <trkpt lat="50.90666" lon="4.6738">
    <ele>28.600000000000005</ele>
   </trkpt>
   <trkpt lat="50.906760000000006" lon="4.67389">
    <ele>28.44</ele>
   </trkpt>
   <trkpt lat="50.906980000000004" lon="4.67431">
    <ele>27.87</ele>
   </trkpt>
   <trkpt lat="50.90711" lon="4.67448">
    <ele>27.87</ele>
   </trkpt>
   <trkpt lat="50.90737000000001" lon="4.6745600000000005">
    <ele>27.15</ele>
   </trkpt>
   <trkpt lat="50.90748000000001" lon="4.6746300000000005">
    <ele>26.990000000000002</ele>
   </trkpt>
   <trkpt lat="50.907900000409164" lon="4.674924997364671">
    <ele>26.150000000000002</ele>
   </trkpt>
   <trkpt lat="50.90832" lon="4.67522">
    <ele>25.910000000000004</ele>
   </trkpt>
   <trkpt lat="50.908350000000006" lon="4.67536">
    <ele>25.730000000000004</ele>
   </trkpt>
   <trkpt lat="50.90879" lon="4.676500000000001">
    <ele>25.05</ele>
   </trkpt>
   <trkpt lat="50.90887000000001" lon="4.67661">
    <ele>24.93</ele>
   </trkpt>
   <trkpt lat="50.90907000000001" lon="4.6767900000000004">
    <ele>24.810000000000002</ele>
   </trkpt>
   <trkpt lat="50.909180000000006" lon="4.67685">
    <ele>24.810000000000002</ele>
   </trkpt>
   <trkpt lat="50.909690000000005" lon="4.676810000000001">
    <ele>24.400000000000002</ele>
   </trkpt>
   <trkpt lat="50.9104500002633" lon="4.676976661229674">
    <ele>23.560000000000002</ele>
   </trkpt>
   <trkpt lat="50.91121000028935" lon="4.677143327901944">
    <ele>22.830000000000002</ele>
   </trkpt>
   <trkpt lat="50.911970000000004" lon="4.67731">
    <ele>22.53</ele>
   </trkpt>
   <trkpt lat="50.912060000000004" lon="4.677370000000001">
    <ele>22.53</ele>
   </trkpt>
   <trkpt lat="50.912130000000005" lon="4.67745">
    <ele>22.53</ele>
   </trkpt>
   <trkpt lat="50.91227000000001" lon="4.67771">
    <ele>22.240000000000002</ele>
   </trkpt>
   <trkpt lat="50.91274000000001" lon="4.6786900000000005">
    <ele>22.04</ele>
   </trkpt>
   <trkpt lat="50.91282" lon="4.678920000000001">
    <ele>22.04</ele>
   </trkpt>
   <trkpt lat="50.913070000000005" lon="4.679790000000001">
    <ele>21.93</ele>
   </trkpt>
   <trkpt lat="50.91322" lon="4.680210000000001">
    <ele>21.79</ele>
   </trkpt>
   <trkpt lat="50.91342" lon="4.68062">
    <ele>21.79</ele>
   </trkpt>
   <trkpt lat="50.91371" lon="4.681150000000001">
    <ele>21.57</ele>
   </trkpt>
   <trkpt lat="50.91425" lon="4.68198">
    <ele>21.290000000000003</ele>
   </trkpt>
   <trkpt lat="50.914710001749796" lon="4.682604993933158">
    <ele>21.080000000000002</ele>
   </trkpt>
   <trkpt lat="50.91517" lon="4.68323">
    <ele>20.8</ele>
   </trkpt>
   <trkpt lat="50.91567000304011" lon="4.683823320623013">
    <ele>20.59</ele>
   </trkpt>
   <trkpt lat="50.91617000307338" lon="4.6844166539956404">
    <ele>20.5</ele>
   </trkpt>
   <trkpt lat="50.91667" lon="4.68501">
    <ele>20.51</ele>
   </trkpt>
   <trkpt lat="50.916650000000004" lon="4.68513">
    <ele>20.51</ele>
   </trkpt>
   <trkpt lat="50.91669" lon="4.68524">
    <ele>20.51</ele>
   </trkpt>
   <trkpt lat="50.91677000000001" lon="4.6852800000000006">
    <ele>20.51</ele>
   </trkpt>
   <trkpt lat="50.916810000000005" lon="4.68527">
    <ele>20.51</ele>
   </trkpt>
   <trkpt lat="50.91684000000001" lon="4.685230000000001">
    <ele>20.490000000000002</ele>
   </trkpt>
   <trkpt lat="50.91702" lon="4.68546">
    <ele>20.34</ele>
   </trkpt>
   <trkpt lat="50.91761250458806" lon="4.686057477190905">
    <ele>20.28</ele>
   </trkpt>
   <trkpt lat="50.91820500612703" lon="4.686654969597061">
    <ele>20.51</ele>
   </trkpt>
   <trkpt lat="50.918797504616784" lon="4.6872524772191">
    <ele>20.78</ele>
   </trkpt>
   <trkpt lat="50.91939000000001" lon="4.68785">
    <ele>20.78</ele>
   </trkpt>
   <trkpt lat="50.92007000113386" lon="4.688349992741543">
    <ele>20.790000000000003</ele>
   </trkpt>
   <trkpt lat="50.920750000000005" lon="4.68885">
    <ele>20.610000000000003</ele>
   </trkpt>
   <trkpt lat="50.92127000156491" lon="4.6894449934109135">
    <ele>20.380000000000003</ele>
   </trkpt>
   <trkpt lat="50.92179" lon="4.690040000000001">
    <ele>20.040000000000003</ele>
   </trkpt>
   <trkpt lat="50.92186" lon="4.690130000000001">
    <ele>20.040000000000003</ele>
   </trkpt>
   <trkpt lat="50.921910000000004" lon="4.690230000000001">
    <ele>20.040000000000003</ele>
   </trkpt>
   <trkpt lat="50.92210000238626" lon="4.690984996726079">
    <ele>19.770000000000003</ele>
   </trkpt>
   <trkpt lat="50.922290000000004" lon="4.69174">
    <ele>19.41</ele>
   </trkpt>
   <trkpt lat="50.9224" lon="4.691870000000001">
    <ele>19.41</ele>
   </trkpt>
   <trkpt lat="50.922450000000005" lon="4.6919">
    <ele>19.41</ele>
   </trkpt>
   <trkpt lat="50.92295000000001" lon="4.69204">
    <ele>18.96</ele>
   </trkpt>
   <trkpt lat="50.923640000000006" lon="4.69221">
    <ele>18.98</ele>
   </trkpt>
   <trkpt lat="50.92362000000001" lon="4.69228">
    <ele>18.98</ele>
   </trkpt>
   <trkpt lat="50.92369000000001" lon="4.692290000000001">
    <ele>19.03</ele>
   </trkpt>
   <trkpt lat="50.923750000000005" lon="4.6923">
    <ele>19.03</ele>
   </trkpt>
   <trkpt lat="50.92380000000001" lon="4.692220000000001">
    <ele>19.03</ele>
   </trkpt>
   <trkpt lat="50.923880000000004" lon="4.69221">
    <ele>18.98</ele>
   </trkpt>
   <trkpt lat="50.9241" lon="4.692290000000001">
    <ele>18.03</ele>
   </trkpt>
   <trkpt lat="50.924150000000004" lon="4.69244">
    <ele>18.03</ele>
   </trkpt>
   <trkpt lat="50.923590000000004" lon="4.69387">
    <ele>18.09</ele>
   </trkpt>
   <trkpt lat="50.923220016607466" lon="4.694856031363908">
    <ele>18.160000000000004</ele>
   </trkpt>
   <trkpt lat="50.922850024911234" lon="4.695842047045041">
    <ele>18.230000000000004</ele>
   </trkpt>
   <trkpt lat="50.92248002491153" lon="4.696828047043503">
    <ele>18.250000000000004</ele>
   </trkpt>
   <trkpt lat="50.92211001660861" lon="4.6978140313594">
    <ele>18.26</ele>
   </trkpt>
   <trkpt lat="50.92174000000001" lon="4.6988">
    <ele>18.01</ele>
   </trkpt>
   <trkpt lat="50.92129500552835" lon="4.6999400109583265">
    <ele>17.52</ele>
   </trkpt>
   <trkpt lat="50.92085" lon="4.70108">
    <ele>17.61</ele>
   </trkpt>
   <trkpt lat="50.92156000000001" lon="4.7017500000000005">
    <ele>17.19</ele>
   </trkpt>
   <trkpt lat="50.92165000000001" lon="4.70181">
    <ele>17.19</ele>
   </trkpt>
   <trkpt lat="50.92174000000001" lon="4.701840000000001">
    <ele>17.19</ele>
   </trkpt>
   <trkpt lat="50.92217" lon="4.70183">
    <ele>17.080000000000002</ele>
   </trkpt>
   <trkpt lat="50.92228" lon="4.70188">
    <ele>17.060000000000002</ele>
   </trkpt>
   <trkpt lat="50.922340000000005" lon="4.701960000000001">
    <ele>17.01</ele>
   </trkpt>
   <trkpt lat="50.922540000000005" lon="4.7023">
    <ele>16.59</ele>
   </trkpt>
   <trkpt lat="50.92273" lon="4.70256">
    <ele>16.200000000000003</ele>
   </trkpt>
   <trkpt lat="50.92322000000001" lon="4.7030400000000006">
    <ele>15.96</ele>
   </trkpt>
   <trkpt lat="50.92380333595221" lon="4.703593319461076">
    <ele>15.520000000000001</ele>
   </trkpt>
   <trkpt lat="50.92438666928946" lon="4.704146652797908">
    <ele>15.19</ele>
   </trkpt>
   <trkpt lat="50.92497" lon="4.704700000000001">
    <ele>14.780000000000001</ele>
   </trkpt>
   <trkpt lat="50.925090000000004" lon="4.7048700000000006">
    <ele>14.780000000000001</ele>
   </trkpt>
   <trkpt lat="50.925200000000004" lon="4.70507">
    <ele>14.730000000000002</ele>
   </trkpt>
   <trkpt lat="50.92531" lon="4.70544">
    <ele>14.780000000000001</ele>
   </trkpt>
   <trkpt lat="50.925340000000006" lon="4.70568">
    <ele>14.88</ele>
   </trkpt>
   <trkpt lat="50.92540000317603" lon="4.706544998608474">
    <ele>14.84</ele>
   </trkpt>
   <trkpt lat="50.92546" lon="4.70741">
    <ele>14.270000000000001</ele>
   </trkpt>
   <trkpt lat="50.92550000000001" lon="4.70741">
    <ele>14.06</ele>
   </trkpt>
   <trkpt lat="50.92556334488947" lon="4.708573330123783">
    <ele>13.4</ele>
   </trkpt>
   <trkpt lat="50.92562667822054" lon="4.709736663415383">
    <ele>13.39</ele>
   </trkpt>
   <trkpt lat="50.92569" lon="4.7109000000000005">
    <ele>13.32</ele>
   </trkpt>
   <trkpt lat="50.92564" lon="4.710920000000001">
    <ele>13.39</ele>
   </trkpt>
   <trkpt lat="50.92564" lon="4.711040000000001">
    <ele>13.39</ele>
   </trkpt>
   <trkpt lat="50.925610000000006" lon="4.711200000000001">
    <ele>13.38</ele>
   </trkpt>
   <trkpt lat="50.925360011668246" lon="4.712370012682968">
    <ele>12.97</ele>
   </trkpt>
   <trkpt lat="50.92511001164507" lon="4.713540012791173">
    <ele>13.05</ele>
   </trkpt>
   <trkpt lat="50.92486" lon="4.71471">
    <ele>13.940000000000001</ele>
   </trkpt>
   <trkpt lat="50.924730000000004" lon="4.714650000000001">
    <ele>13.940000000000001</ele>
   </trkpt>
   <trkpt lat="50.92468" lon="4.71466">
    <ele>13.56</ele>
   </trkpt>
   <trkpt lat="50.92439" lon="4.71488">
    <ele>13.49</ele>
   </trkpt>
   <trkpt lat="50.9243" lon="4.714910000000001">
    <ele>13.540000000000001</ele>
   </trkpt>
   <trkpt lat="50.92378" lon="4.714980000000001">
    <ele>13.88</ele>
   </trkpt>
   <trkpt lat="50.92343" lon="4.715000000000001">
    <ele>13.97</ele>
   </trkpt>
   <trkpt lat="50.923170000000006" lon="4.71495">
    <ele>13.99</ele>
   </trkpt>
   <trkpt lat="50.922740000000005" lon="4.71483">
    <ele>13.950000000000001</ele>
   </trkpt>
   <trkpt lat="50.92251" lon="4.71471">
    <ele>13.950000000000001</ele>
   </trkpt>
   <trkpt lat="50.922450000000005" lon="4.71485">
    <ele>13.950000000000001</ele>
   </trkpt>
   <trkpt lat="50.92201000000001" lon="4.71499">
    <ele>13.89</ele>
   </trkpt>
   <trkpt lat="50.92188" lon="4.71511">
    <ele>13.860000000000001</ele>
   </trkpt>
   <trkpt lat="50.92179" lon="4.715380000000001">
    <ele>13.780000000000001</ele>
   </trkpt>
   <trkpt lat="50.921785005795385" lon="4.716545000257166">
    <ele>13.81</ele>
   </trkpt>
   <trkpt lat="50.921780000000005" lon="4.71771">
    <ele>13.590000000000002</ele>
   </trkpt>
   <trkpt lat="50.921640000000004" lon="4.718780000000001">
    <ele>13.770000000000001</ele>
   </trkpt>
   <trkpt lat="50.92188" lon="4.71975">
    <ele>14.13</ele>
   </trkpt>
   <trkpt lat="50.92195" lon="4.72025">
    <ele>13.99</ele>
   </trkpt>
   <trkpt lat="50.92217" lon="4.72109">
    <ele>13.91</ele>
   </trkpt>
   <trkpt lat="50.92237" lon="4.72207">
    <ele>13.71</ele>
   </trkpt>
   <trkpt lat="50.92244" lon="4.72283">
    <ele>14.0</ele>
   </trkpt>
   <trkpt lat="50.92242" lon="4.72342">
    <ele>14.350000000000001</ele>
   </trkpt>
   <trkpt lat="50.92242" lon="4.72428">
    <ele>13.940000000000001</ele>
   </trkpt>
   <trkpt lat="50.922450000000005" lon="4.724880000000001">
    <ele>14.030000000000001</ele>
   </trkpt>
   <trkpt lat="50.922410000000006" lon="4.72546">
    <ele>14.0</ele>
   </trkpt>
   <trkpt lat="50.922360000000005" lon="4.7256">
    <ele>14.110000000000001</ele>
   </trkpt>
   <trkpt lat="50.92222" lon="4.725770000000001">
    <ele>14.110000000000001</ele>
   </trkpt>
   <trkpt lat="50.92217" lon="4.725890000000001">
    <ele>14.110000000000001</ele>
   </trkpt>
   <trkpt lat="50.922160000000005" lon="4.7260100000000005">
    <ele>14.06</ele>
   </trkpt>
   <trkpt lat="50.92216500584634" lon="4.7271800000061885">
    <ele>14.100000000000001</ele>
   </trkpt>
   <trkpt lat="50.92217" lon="4.728350000000001">
    <ele>14.68</ele>
   </trkpt>
   <trkpt lat="50.92215" lon="4.728610000000001">
    <ele>14.88</ele>
   </trkpt>
   <trkpt lat="50.92211" lon="4.728770000000001">
    <ele>15.09</ele>
   </trkpt>
   <trkpt lat="50.92212000000001" lon="4.728770000000001">
    <ele>15.09</ele>
   </trkpt>
   <trkpt lat="50.92173001716553" lon="4.729927529105105">
    <ele>15.09</ele>
   </trkpt>
   <trkpt lat="50.92134002288753" lon="4.731085038805568">
    <ele>22.1</ele>
   </trkpt>
   <trkpt lat="50.920950017166405" lon="4.732242529101417">
    <ele>22.1</ele>
   </trkpt>
   <trkpt lat="50.92056" lon="4.7334000000000005">
    <ele>22.1</ele>
   </trkpt>
   <trkpt lat="50.92054" lon="4.73345">
    <ele>14.440000000000001</ele>
   </trkpt>
   <trkpt lat="50.92043" lon="4.7336800000000006">
    <ele>14.31</ele>
   </trkpt>
   <trkpt lat="50.920210000000004" lon="4.73399">
    <ele>14.39</ele>
   </trkpt>
   <trkpt lat="50.92015000000001" lon="4.73413">
    <ele>14.49</ele>
   </trkpt>
   <trkpt lat="50.92013000000001" lon="4.7342900000000006">
    <ele>14.49</ele>
   </trkpt>
   <trkpt lat="50.92015000000001" lon="4.73542">
    <ele>14.88</ele>
   </trkpt>
   <trkpt lat="50.92029500225561" lon="4.736149997623694">
    <ele>14.88</ele>
   </trkpt>
   <trkpt lat="50.920440000000006" lon="4.73688">
    <ele>14.860000000000001</ele>
   </trkpt>
   <trkpt lat="50.92047" lon="4.7374">
    <ele>14.75</ele>
   </trkpt>
   <trkpt lat="50.92051000000001" lon="4.7377">
    <ele>14.66</ele>
   </trkpt>
   <trkpt lat="50.920680000000004" lon="4.7384900000000005">
    <ele>14.59</ele>
   </trkpt>
   <trkpt lat="50.920770000000005" lon="4.73908">
    <ele>14.67</ele>
   </trkpt>
   <trkpt lat="50.92078000000001" lon="4.7392900000000004">
    <ele>14.990000000000002</ele>
   </trkpt>
   <trkpt lat="50.920770000000005" lon="4.73932">
    <ele>14.990000000000002</ele>
   </trkpt>
   <trkpt lat="50.920320000000004" lon="4.739680000000001">
    <ele>14.770000000000001</ele>
   </trkpt>
   <trkpt lat="50.91963000151211" lon="4.740270008727271">
    <ele>15.3</ele>
   </trkpt>
   <trkpt lat="50.918940000000006" lon="4.7408600000000005">
    <ele>15.92</ele>
   </trkpt>
   <trkpt lat="50.918220000000005" lon="4.7414000000000005">
    <ele>16.41</ele>
   </trkpt>
   <trkpt lat="50.917700000387896" lon="4.74175500406963">
    <ele>17.45</ele>
   </trkpt>
   <trkpt lat="50.91718" lon="4.74211">
    <ele>19.000000000000004</ele>
   </trkpt>
   <trkpt lat="50.91642500239802" lon="4.7428550120595805">
    <ele>22.21</ele>
   </trkpt>
   <trkpt lat="50.915670000000006" lon="4.743600000000001">
    <ele>27.340000000000003</ele>
   </trkpt>
   <trkpt lat="50.91563000000001" lon="4.74361">
    <ele>27.430000000000003</ele>
   </trkpt>
   <trkpt lat="50.915760000000006" lon="4.7441">
    <ele>27.48</ele>
   </trkpt>
   <trkpt lat="50.91601000220522" lon="4.744814996221776">
    <ele>27.98</ele>
   </trkpt>
   <trkpt lat="50.91626" lon="4.7455300000000005">
    <ele>28.430000000000003</ele>
   </trkpt>
   <trkpt lat="50.916410000000006" lon="4.74582">
    <ele>28.59</ele>
   </trkpt>
   <trkpt lat="50.916760000000004" lon="4.74629">
    <ele>28.650000000000002</ele>
   </trkpt>
   <trkpt lat="50.91691" lon="4.74657">
    <ele>28.71</ele>
   </trkpt>
   <trkpt lat="50.91702" lon="4.7468900000000005">
    <ele>28.66</ele>
   </trkpt>
   <trkpt lat="50.91718" lon="4.747940000000001">
    <ele>29.030000000000005</ele>
   </trkpt>
   <trkpt lat="50.91727" lon="4.74821">
    <ele>29.460000000000004</ele>
   </trkpt>
   <trkpt lat="50.91760000000001" lon="4.74898">
    <ele>30.130000000000003</ele>
   </trkpt>
   <trkpt lat="50.917910000000006" lon="4.749580000000001">
    <ele>29.44</ele>
   </trkpt>
   <trkpt lat="50.91808" lon="4.7498000000000005">
    <ele>28.92</ele>
   </trkpt>
   <trkpt lat="50.91839" lon="4.75002">
    <ele>28.25</ele>
   </trkpt>
   <trkpt lat="50.91886" lon="4.750120000000001">
    <ele>25.14</ele>
   </trkpt>
   <trkpt lat="50.919050000000006" lon="4.75023">
    <ele>24.8</ele>
   </trkpt>
   <trkpt lat="50.919180000000004" lon="4.750360000000001">
    <ele>24.380000000000003</ele>
   </trkpt>
   <trkpt lat="50.919360000000005" lon="4.75065">
    <ele>24.42</ele>
   </trkpt>
   <trkpt lat="50.91946" lon="4.750900000000001">
    <ele>24.17</ele>
   </trkpt>
   <trkpt lat="50.91973" lon="4.7517700000000005">
    <ele>24.25</ele>
   </trkpt>
   <trkpt lat="50.919830000000005" lon="4.7522">
    <ele>24.240000000000002</ele>
   </trkpt>
   <trkpt lat="50.919880000000006" lon="4.75262">
    <ele>24.39</ele>
   </trkpt>
   <trkpt lat="50.91990500301628" lon="4.753459999650011">
    <ele>24.5</ele>
   </trkpt>
   <trkpt lat="50.91993" lon="4.754300000000001">
    <ele>24.75</ele>
   </trkpt>
   <trkpt lat="50.920010000000005" lon="4.75537">
    <ele>25.11</ele>
   </trkpt>
   <trkpt lat="50.9201900072136" lon="4.75666999494554">
    <ele>25.43</ele>
   </trkpt>
   <trkpt lat="50.920370000000005" lon="4.75797">
    <ele>25.990000000000002</ele>
   </trkpt>
   <trkpt lat="50.920300000000005" lon="4.75818">
    <ele>26.340000000000003</ele>
   </trkpt>
   <trkpt lat="50.92013000000001" lon="4.758500000000001">
    <ele>26.45</ele>
   </trkpt>
   <trkpt lat="50.920100000000005" lon="4.75861">
    <ele>26.45</ele>
   </trkpt>
   <trkpt lat="50.920100000000005" lon="4.75879">
    <ele>26.02</ele>
   </trkpt>
   <trkpt lat="50.92023000411001" lon="4.759769997326999">
    <ele>24.53</ele>
   </trkpt>
   <trkpt lat="50.92036" lon="4.760750000000001">
    <ele>24.040000000000003</ele>
   </trkpt>
   <trkpt lat="50.920440000000006" lon="4.76177">
    <ele>23.96</ele>
   </trkpt>
   <trkpt lat="50.920483349598115" lon="4.763149997410106">
    <ele>24.39</ele>
   </trkpt>
   <trkpt lat="50.920526682930856" lon="4.764529997391129">
    <ele>24.77</ele>
   </trkpt>
   <trkpt lat="50.920570000000005" lon="4.765910000000001">
    <ele>24.650000000000002</ele>
   </trkpt>
   <trkpt lat="50.92052" lon="4.76705">
    <ele>24.09</ele>
   </trkpt>
   <trkpt lat="50.92052" lon="4.76747">
    <ele>23.98</ele>
   </trkpt>
   <trkpt lat="50.920600003321496" lon="4.768349998645743">
    <ele>24.39</ele>
   </trkpt>
   <trkpt lat="50.920680000000004" lon="4.76923">
    <ele>24.71</ele>
   </trkpt>
   <trkpt lat="50.92078500434381" lon="4.770234998024258">
    <ele>25.11</ele>
   </trkpt>
   <trkpt lat="50.92089000000001" lon="4.771240000000001">
    <ele>25.25</ele>
   </trkpt>
   <trkpt lat="50.9209" lon="4.7715000000000005">
    <ele>25.27</ele>
   </trkpt>
   <trkpt lat="50.92087" lon="4.772690000000001">
    <ele>25.07</ele>
   </trkpt>
   <trkpt lat="50.92080203021721" lon="4.774020007754483">
    <ele>24.380000000000003</ele>
   </trkpt>
   <trkpt lat="50.920734045326235" lon="4.775350011622734">
    <ele>24.020000000000003</ele>
   </trkpt>
   <trkpt lat="50.92066604532716" lon="4.776680011603909">
    <ele>22.950000000000003</ele>
   </trkpt>
   <trkpt lat="50.92059803022008" lon="4.778010007697167">
    <ele>22.71</ele>
   </trkpt>
   <trkpt lat="50.92053000000001" lon="4.77934">
    <ele>22.47</ele>
   </trkpt>
   <trkpt lat="50.920590000000004" lon="4.779850000000001">
    <ele>22.29</ele>
   </trkpt>
   <trkpt lat="50.92073000327058" lon="4.780729997122938">
    <ele>22.35</ele>
   </trkpt>
   <trkpt lat="50.92087" lon="4.781610000000001">
    <ele>22.44</ele>
   </trkpt>
   <trkpt lat="50.920950000000005" lon="4.78199">
    <ele>22.570000000000004</ele>
   </trkpt>
   <trkpt lat="50.921130000000005" lon="4.78265">
    <ele>22.73</ele>
   </trkpt>
   <trkpt lat="50.92147000000001" lon="4.78352">
    <ele>22.6</ele>
   </trkpt>
   <trkpt lat="50.92180000221671" lon="4.784229995101849">
    <ele>22.230000000000004</ele>
   </trkpt>
   <trkpt lat="50.92213" lon="4.784940000000001">
    <ele>22.150000000000002</ele>
   </trkpt>
   <trkpt lat="50.922230000000006" lon="4.78523">
    <ele>21.980000000000004</ele>
   </trkpt>
   <trkpt lat="50.922290000000004" lon="4.7854600000000005">
    <ele>21.980000000000004</ele>
   </trkpt>
   <trkpt lat="50.922340000000005" lon="4.7858">
    <ele>22.09</ele>
   </trkpt>
   <trkpt lat="50.92239000000001" lon="4.78641">
    <ele>22.310000000000002</ele>
   </trkpt>
   <trkpt lat="50.922450000000005" lon="4.786790000000001">
    <ele>22.47</ele>
   </trkpt>
   <trkpt lat="50.922560000000004" lon="4.787330000000001">
    <ele>22.740000000000002</ele>
   </trkpt>
   <trkpt lat="50.92264" lon="4.78763">
    <ele>22.81</ele>
   </trkpt>
   <trkpt lat="50.922760000000004" lon="4.787990000000001">
    <ele>22.81</ele>
   </trkpt>
   <trkpt lat="50.923080000000006" lon="4.788810000000001">
    <ele>22.950000000000003</ele>
   </trkpt>
   <trkpt lat="50.92340000303309" lon="4.789649994274588">
    <ele>22.79</ele>
   </trkpt>
   <trkpt lat="50.92372" lon="4.79049">
    <ele>22.500000000000004</ele>
   </trkpt>
   <trkpt lat="50.92383" lon="4.79087">
    <ele>22.46</ele>
   </trkpt>
   <trkpt lat="50.92401" lon="4.791670000000001">
    <ele>22.53</ele>
   </trkpt>
   <trkpt lat="50.9243" lon="4.7926">
    <ele>22.97</ele>
   </trkpt>
   <trkpt lat="50.924530000000004" lon="4.793640000000001">
    <ele>23.94</ele>
   </trkpt>
   <trkpt lat="50.92475" lon="4.794980000000001">
    <ele>24.93</ele>
   </trkpt>
   <trkpt lat="50.9249475165705" lon="4.796117485480018">
    <ele>25.48</ele>
   </trkpt>
   <trkpt lat="50.925145022090355" lon="4.79725498061864">
    <ele>25.200000000000003</ele>
   </trkpt>
   <trkpt lat="50.92534251655939" lon="4.7983924854154765">
    <ele>24.77</ele>
   </trkpt>
   <trkpt lat="50.925540000000005" lon="4.799530000000001">
    <ele>24.520000000000003</ele>
   </trkpt>
   <trkpt lat="50.925790000000006" lon="4.800750000000001">
    <ele>24.96</ele>
   </trkpt>
   <trkpt lat="50.9258" lon="4.80088">
    <ele>24.96</ele>
   </trkpt>
   <trkpt lat="50.92578" lon="4.801220000000001">
    <ele>25.05</ele>
   </trkpt>
   <trkpt lat="50.925610000000006" lon="4.80205">
    <ele>25.42</ele>
   </trkpt>
   <trkpt lat="50.9256" lon="4.80246">
    <ele>25.57</ele>
   </trkpt>
   <trkpt lat="50.925775003801874" lon="4.803404996382345">
    <ele>26.54</ele>
   </trkpt>
   <trkpt lat="50.92595000000001" lon="4.80435">
    <ele>27.32</ele>
   </trkpt>
   <trkpt lat="50.92598" lon="4.80459">
    <ele>28.0</ele>
   </trkpt>
   <trkpt lat="50.92597000000001" lon="4.804950000000001">
    <ele>28.46</ele>
   </trkpt>
   <trkpt lat="50.92586000000001" lon="4.80548">
    <ele>29.78</ele>
   </trkpt>
   <trkpt lat="50.92562" lon="4.80663">
    <ele>30.79</ele>
   </trkpt>
   <trkpt lat="50.92562" lon="4.806920000000001">
    <ele>30.720000000000002</ele>
   </trkpt>
   <trkpt lat="50.92571" lon="4.80764">
    <ele>30.070000000000004</ele>
   </trkpt>
   <trkpt lat="50.925720000000005" lon="4.80764">
    <ele>30.03</ele>
   </trkpt>
   <trkpt lat="50.92498400047748" lon="4.807806010503262">
    <ele>30.03</ele>
   </trkpt>
   <trkpt lat="50.92424800071957" lon="4.807972015753828">
    <ele>30.03</ele>
   </trkpt>
   <trkpt lat="50.92351200072631" lon="4.808138015752003">
    <ele>39.49</ele>
   </trkpt>
   <trkpt lat="50.9227760004977" lon="4.808304010498087">
    <ele>39.49</ele>
   </trkpt>
   <trkpt lat="50.92204" lon="4.808470000000001">
    <ele>39.49</ele>
   </trkpt>
   <trkpt lat="50.922050000000006" lon="4.808470000000001">
    <ele>39.49</ele>
   </trkpt>
   <trkpt lat="50.92204" lon="4.808470000000001">
    <ele>40.220000000000006</ele>
   </trkpt>
   <trkpt lat="50.921640000000004" lon="4.808490000000001">
    <ele>40.67</ele>
   </trkpt>
   <trkpt lat="50.921420000000005" lon="4.808470000000001">
    <ele>40.81</ele>
   </trkpt>
   <trkpt lat="50.921020000000006" lon="4.80837">
    <ele>40.980000000000004</ele>
   </trkpt>
   <trkpt lat="50.92076" lon="4.808260000000001">
    <ele>41.150000000000006</ele>
   </trkpt>
   <trkpt lat="50.920030000000004" lon="4.8077700000000005">
    <ele>41.28</ele>
   </trkpt>
   <trkpt lat="50.91966000000001" lon="4.80759">
    <ele>41.49</ele>
   </trkpt>
   <trkpt lat="50.919470000000004" lon="4.80754">
    <ele>41.49</ele>
   </trkpt>
   <trkpt lat="50.919250000000005" lon="4.8075">
    <ele>41.7</ele>
   </trkpt>
   <trkpt lat="50.919000000000004" lon="4.8074900000000005">
    <ele>41.68</ele>
   </trkpt>
   <trkpt lat="50.918174999992864" lon="4.807495000088692">
    <ele>42.150000000000006</ele>
   </trkpt>
   <trkpt lat="50.917350000000006" lon="4.8075">
    <ele>42.330000000000005</ele>
   </trkpt>
   <trkpt lat="50.916650000000004" lon="4.8074900000000005">
    <ele>41.650000000000006</ele>
   </trkpt>
   <trkpt lat="50.91653" lon="4.80747">
    <ele>41.370000000000005</ele>
   </trkpt>
   <trkpt lat="50.91626" lon="4.80738">
    <ele>40.449999999999996</ele>
   </trkpt>
   <trkpt lat="50.91592000000001" lon="4.80721">
    <ele>39.940000000000005</ele>
   </trkpt>
   <trkpt lat="50.915710000000004" lon="4.80715">
    <ele>39.53</ele>
   </trkpt>
   <trkpt lat="50.915510000000005" lon="4.80712">
    <ele>39.260000000000005</ele>
   </trkpt>
   <trkpt lat="50.91473000000978" lon="4.80712">
    <ele>38.37</ele>
   </trkpt>
   <trkpt lat="50.913950000019575" lon="4.80712">
    <ele>38.55</ele>
   </trkpt>
   <trkpt lat="50.91317000002938" lon="4.80712">
    <ele>39.57</ele>
   </trkpt>
   <trkpt lat="50.91239000003918" lon="4.80712">
    <ele>42.25</ele>
   </trkpt>
   <trkpt lat="50.91161000004897" lon="4.80712">
    <ele>44.27</ele>
   </trkpt>
   <trkpt lat="50.910830000000004" lon="4.80712">
    <ele>47.290000000000006</ele>
   </trkpt>
   <trkpt lat="50.910120000000006" lon="4.80703">
    <ele>50.510000000000005</ele>
   </trkpt>
   <trkpt lat="50.909620000000004" lon="4.80694">
    <ele>52.24</ele>
   </trkpt>
   <trkpt lat="50.90943000000001" lon="4.80687">
    <ele>52.52</ele>
   </trkpt>
   <trkpt lat="50.90892500039949" lon="4.806634997526637">
    <ele>53.11000000000001</ele>
   </trkpt>
   <trkpt lat="50.90842000000001" lon="4.8064">
    <ele>53.58</ele>
   </trkpt>
   <trkpt lat="50.90818" lon="4.806310000000001">
    <ele>53.63</ele>
   </trkpt>
   <trkpt lat="50.907560000000004" lon="4.80616">
    <ele>53.57000000000001</ele>
   </trkpt>
   <trkpt lat="50.90710000000001" lon="4.80611">
    <ele>52.58</ele>
   </trkpt>
   <trkpt lat="50.906470000000006" lon="4.806170000000001">
    <ele>51.72</ele>
   </trkpt>
   <trkpt lat="50.906060000000004" lon="4.806290000000001">
    <ele>51.58</ele>
   </trkpt>
   <trkpt lat="50.9054500003309" lon="4.806530003111337">
    <ele>52.010000000000005</ele>
   </trkpt>
   <trkpt lat="50.90484000000001" lon="4.80677">
    <ele>54.220000000000006</ele>
   </trkpt>
   <trkpt lat="50.9044" lon="4.80693">
    <ele>55.66</ele>
   </trkpt>
   <trkpt lat="50.903850000000006" lon="4.8070900000000005">
    <ele>57.150000000000006</ele>
   </trkpt>
   <trkpt lat="50.90323" lon="4.807200000000001">
    <ele>57.92</ele>
   </trkpt>
   <trkpt lat="50.902530000000006" lon="4.80729">
    <ele>57.5</ele>
   </trkpt>
   <trkpt lat="50.90232" lon="4.807370000000001">
    <ele>57.290000000000006</ele>
   </trkpt>
   <trkpt lat="50.90213000000001" lon="4.8074900000000005">
    <ele>57.21</ele>
   </trkpt>
   <trkpt lat="50.90194" lon="4.80764">
    <ele>55.650000000000006</ele>
   </trkpt>
   <trkpt lat="50.901290005907505" lon="4.808320028496889">
    <ele>55.650000000000006</ele>
   </trkpt>
   <trkpt lat="50.90064000786488" lon="4.809000038007466">
    <ele>63.84</ele>
   </trkpt>
   <trkpt lat="50.89999000587236" lon="4.809680028532583">
    <ele>63.84</ele>
   </trkpt>
   <trkpt lat="50.89934" lon="4.81036">
    <ele>63.84</ele>
   </trkpt>
   <trkpt lat="50.89887000095985" lon="4.810845004941576">
    <ele>65.98</ele>
   </trkpt>
   <trkpt lat="50.8984" lon="4.811330000000001">
    <ele>66.60000000000001</ele>
   </trkpt>
   <trkpt lat="50.89782" lon="4.811780000000001">
    <ele>64.55000000000001</ele>
   </trkpt>
   <trkpt lat="50.897220000000004" lon="4.81221">
    <ele>62.74</ele>
   </trkpt>
   <trkpt lat="50.89668500062075" lon="4.812575004158004">
    <ele>60.27</ele>
   </trkpt>
   <trkpt lat="50.896150000000006" lon="4.81294">
    <ele>58.25</ele>
   </trkpt>
   <trkpt lat="50.895790000000005" lon="4.81329">
    <ele>56.300000000000004</ele>
   </trkpt>
   <trkpt lat="50.89553" lon="4.813630000000001">
    <ele>55.150000000000006</ele>
   </trkpt>
   <trkpt lat="50.894970003223854" lon="4.814495010358">
    <ele>52.59</ele>
   </trkpt>
   <trkpt lat="50.89441000000001" lon="4.81536">
    <ele>52.0</ele>
   </trkpt>
   <trkpt lat="50.894270000000006" lon="4.815510000000001">
    <ele>52.06</ele>
   </trkpt>
   <trkpt lat="50.893980000000006" lon="4.8158">
    <ele>51.25</ele>
   </trkpt>
   <trkpt lat="50.89385000000001" lon="4.8158900000000004">
    <ele>51.04</ele>
   </trkpt>
   <trkpt lat="50.893620000000006" lon="4.81602">
    <ele>50.79</ele>
   </trkpt>
   <trkpt lat="50.89307500004657" lon="4.816275003092094">
    <ele>50.42000000000001</ele>
   </trkpt>
   <trkpt lat="50.89253" lon="4.81653">
    <ele>50.60000000000001</ele>
   </trkpt>
   <trkpt lat="50.89256" lon="4.81737">
    <ele>49.870000000000005</ele>
   </trkpt>
   <trkpt lat="50.89251" lon="4.81785">
    <ele>49.59</ele>
   </trkpt>
   <trkpt lat="50.892430000000004" lon="4.81819">
    <ele>49.470000000000006</ele>
   </trkpt>
   <trkpt lat="50.892100000000006" lon="4.81932">
    <ele>49.64</ele>
   </trkpt>
   <trkpt lat="50.89191" lon="4.81984">
    <ele>50.03</ele>
   </trkpt>
   <trkpt lat="50.89191" lon="4.81996">
    <ele>50.03</ele>
   </trkpt>
   <trkpt lat="50.89220500520976" lon="4.821059993187324">
    <ele>50.39</ele>
   </trkpt>
   <trkpt lat="50.892500000000005" lon="4.82216">
    <ele>50.79</ele>
   </trkpt>
   <trkpt lat="50.892705001804266" lon="4.822799997353888">
    <ele>50.99000000000001</ele>
   </trkpt>
   <trkpt lat="50.89291000000001" lon="4.823440000000001">
    <ele>51.230000000000004</ele>
   </trkpt>
   <trkpt lat="50.89334" lon="4.824450000000001">
    <ele>50.330000000000005</ele>
   </trkpt>
   <trkpt lat="50.8935" lon="4.824870000000001">
    <ele>50.190000000000005</ele>
   </trkpt>
   <trkpt lat="50.893770003156256" lon="4.825724995150423">
    <ele>49.980000000000004</ele>
   </trkpt>
   <trkpt lat="50.894040000000004" lon="4.826580000000001">
    <ele>49.46</ele>
   </trkpt>
   <trkpt lat="50.89417" lon="4.826770000000001">
    <ele>49.24</ele>
   </trkpt>
   <trkpt lat="50.89432000000001" lon="4.826960000000001">
    <ele>49.06</ele>
   </trkpt>
   <trkpt lat="50.89470000071709" lon="4.827384996471362">
    <ele>48.14</ele>
   </trkpt>
   <trkpt lat="50.89508000000001" lon="4.82781">
    <ele>47.650000000000006</ele>
   </trkpt>
   <trkpt lat="50.8952" lon="4.8279700000000005">
    <ele>47.42</ele>
   </trkpt>
   <trkpt lat="50.89529" lon="4.82821">
    <ele>47.080000000000005</ele>
   </trkpt>
   <trkpt lat="50.89554000334107" lon="4.829094995233935">
    <ele>46.400000000000006</ele>
   </trkpt>
   <trkpt lat="50.895790000000005" lon="4.829980000000001">
    <ele>46.06</ele>
   </trkpt>
   <trkpt lat="50.89562" lon="4.8301300000000005">
    <ele>45.68000000000001</ele>
   </trkpt>
   <trkpt lat="50.895390000000006" lon="4.830380000000001">
    <ele>45.61000000000001</ele>
   </trkpt>
   <trkpt lat="50.89484667198539" lon="4.831170018451733">
    <ele>45.470000000000006</ele>
   </trkpt>
   <trkpt lat="50.89430333863921" lon="4.831960018470064">
    <ele>45.540000000000006</ele>
   </trkpt>
   <trkpt lat="50.89376000000001" lon="4.832750000000001">
    <ele>46.45</ele>
   </trkpt>
   <trkpt lat="50.89339000068571" lon="4.8331650033529">
    <ele>47.88</ele>
   </trkpt>
   <trkpt lat="50.89302000000001" lon="4.83358">
    <ele>49.080000000000005</ele>
   </trkpt>
   <trkpt lat="50.89255000000001" lon="4.83408">
    <ele>52.97</ele>
   </trkpt>
   <trkpt lat="50.89233" lon="4.834280000000001">
    <ele>52.97</ele>
   </trkpt>
   <trkpt lat="50.892100000000006" lon="4.8344000000000005">
    <ele>56.56</ele>
   </trkpt>
   <trkpt lat="50.891850000000005" lon="4.83446">
    <ele>56.56</ele>
   </trkpt>
   <trkpt lat="50.89164" lon="4.83446">
    <ele>55.57</ele>
   </trkpt>
   <trkpt lat="50.890902500264296" lon="4.8343199933524215">
    <ele>55.57</ele>
   </trkpt>
   <trkpt lat="50.89016500036114" lon="4.834179991138394">
    <ele>67.94</ele>
   </trkpt>
   <trkpt lat="50.88942750029053" lon="4.834039993357662">
    <ele>67.94</ele>
   </trkpt>
   <trkpt lat="50.888690000000004" lon="4.833900000000001">
    <ele>67.94</ele>
   </trkpt>
   <trkpt lat="50.88870000000001" lon="4.833900000000001">
    <ele>67.94</ele>
   </trkpt>
   <trkpt lat="50.888690000000004" lon="4.833900000000001">
    <ele>67.46000000000001</ele>
   </trkpt>
   <trkpt lat="50.88841000000001" lon="4.83387">
    <ele>67.36</ele>
   </trkpt>
   <trkpt lat="50.887820000000005" lon="4.83389">
    <ele>67.03</ele>
   </trkpt>
   <trkpt lat="50.88765" lon="4.8339300000000005">
    <ele>67.03</ele>
   </trkpt>
   <trkpt lat="50.887440000000005" lon="4.834040000000001">
    <ele>67.03</ele>
   </trkpt>
   <trkpt lat="50.8873" lon="4.83415">
    <ele>66.24000000000001</ele>
   </trkpt>
   <trkpt lat="50.887170000000005" lon="4.834280000000001">
    <ele>66.24000000000001</ele>
   </trkpt>
   <trkpt lat="50.886590003620825" lon="4.834930016172601">
    <ele>65.81</ele>
   </trkpt>
   <trkpt lat="50.88601000363211" lon="4.835580016159684">
    <ele>64.96000000000001</ele>
   </trkpt>
   <trkpt lat="50.88543000000001" lon="4.8362300000000005">
    <ele>64.44000000000001</ele>
   </trkpt>
   <trkpt lat="50.88505000159863" lon="4.836825004717956">
    <ele>64.02000000000001</ele>
   </trkpt>
   <trkpt lat="50.88467000000001" lon="4.837420000000001">
    <ele>62.82</ele>
   </trkpt>
   <trkpt lat="50.884370000000004" lon="4.83778">
    <ele>61.85</ele>
   </trkpt>
   <trkpt lat="50.88365" lon="4.83849">
    <ele>60.83</ele>
   </trkpt>
   <trkpt lat="50.88326000000001" lon="4.838920000000001">
    <ele>60.45</ele>
   </trkpt>
   <trkpt lat="50.88274333792461" lon="4.839650016135844">
    <ele>60.07000000000001</ele>
   </trkpt>
   <trkpt lat="50.882226671296365" lon="4.840380016081279">
    <ele>60.43000000000001</ele>
   </trkpt>
   <trkpt lat="50.881710000000005" lon="4.8411100000000005">
    <ele>60.97</ele>
   </trkpt>
   <trkpt lat="50.881730000000005" lon="4.84117">
    <ele>60.97</ele>
   </trkpt>
   <trkpt lat="50.881730000000005" lon="4.841290000000001">
    <ele>60.730000000000004</ele>
   </trkpt>
   <trkpt lat="50.881690000000006" lon="4.8414">
    <ele>60.730000000000004</ele>
   </trkpt>
   <trkpt lat="50.881620000000005" lon="4.84145">
    <ele>60.53000000000001</ele>
   </trkpt>
   <trkpt lat="50.88152" lon="4.841410000000001">
    <ele>60.53000000000001</ele>
   </trkpt>
   <trkpt lat="50.88147000000001" lon="4.8413200000000005">
    <ele>60.38</ele>
   </trkpt>
   <trkpt lat="50.881420000000006" lon="4.84135">
    <ele>60.03000000000001</ele>
   </trkpt>
   <trkpt lat="50.88109000000001" lon="4.841670000000001">
    <ele>58.050000000000004</ele>
   </trkpt>
   <trkpt lat="50.880880000000005" lon="4.84192">
    <ele>55.78</ele>
   </trkpt>
   <trkpt lat="50.88065" lon="4.842250000000001">
    <ele>53.970000000000006</ele>
   </trkpt>
   <trkpt lat="50.88036" lon="4.84246">
    <ele>53.07000000000001</ele>
   </trkpt>
   <trkpt lat="50.87961000000001" lon="4.84316">
    <ele>53.24</ele>
   </trkpt>
   <trkpt lat="50.879200000000004" lon="4.84353">
    <ele>53.87</ele>
   </trkpt>
   <trkpt lat="50.87914000000001" lon="4.8435500000000005">
    <ele>53.970000000000006</ele>
   </trkpt>
   <trkpt lat="50.87908" lon="4.84351">
    <ele>53.970000000000006</ele>
   </trkpt>
   <trkpt lat="50.878705000897924" lon="4.8430049956781485">
    <ele>54.63</ele>
   </trkpt>
   <trkpt lat="50.878330000000005" lon="4.8425">
    <ele>55.400000000000006</ele>
   </trkpt>
   <trkpt lat="50.87814" lon="4.842300000000001">
    <ele>55.940000000000005</ele>
   </trkpt>
   <trkpt lat="50.877590000000005" lon="4.84178">
    <ele>57.17</ele>
   </trkpt>
   <trkpt lat="50.877063335361555" lon="4.841299989204949">
    <ele>57.92</ele>
   </trkpt>
   <trkpt lat="50.876536668754596" lon="4.840819989259524">
    <ele>58.830000000000005</ele>
   </trkpt>
   <trkpt lat="50.87601" lon="4.84034">
    <ele>59.82000000000001</ele>
   </trkpt>
   <trkpt lat="50.87543" lon="4.83992">
    <ele>60.15</ele>
   </trkpt>
   <trkpt lat="50.874723334920894" lon="4.839496653862579">
    <ele>60.510000000000005</ele>
   </trkpt>
   <trkpt lat="50.874016668310595" lon="4.839073320563253">
    <ele>61.03000000000001</ele>
   </trkpt>
   <trkpt lat="50.873310000000004" lon="4.83865">
    <ele>61.980000000000004</ele>
   </trkpt>
   <trkpt lat="50.873020000000004" lon="4.83842">
    <ele>62.75</ele>
   </trkpt>
   <trkpt lat="50.87281" lon="4.838170000000001">
    <ele>63.410000000000004</ele>
   </trkpt>
   <trkpt lat="50.87218500378996" lon="4.837234987544943">
    <ele>65.67</ele>
   </trkpt>
   <trkpt lat="50.87156" lon="4.8363000000000005">
    <ele>66.45</ele>
   </trkpt>
   <trkpt lat="50.87125" lon="4.83596">
    <ele>67.03</ele>
   </trkpt>
   <trkpt lat="50.87089" lon="4.8356">
    <ele>66.89</ele>
   </trkpt>
   <trkpt lat="50.87077000000001" lon="4.835450000000001">
    <ele>66.95</ele>
   </trkpt>
   <trkpt lat="50.87035333825236" lon="4.834693319854958">
    <ele>67.46000000000001</ele>
   </trkpt>
   <trkpt lat="50.86993667161275" lon="4.83393665323763">
    <ele>67.87</ele>
   </trkpt>
   <trkpt lat="50.86952" lon="4.8331800000000005">
    <ele>68.8</ele>
   </trkpt>
   <trkpt lat="50.86902000371797" lon="4.8322399898104536">
    <ele>69.67</ele>
   </trkpt>
   <trkpt lat="50.868520000000004" lon="4.831300000000001">
    <ele>70.64</ele>
   </trkpt>
   <trkpt lat="50.86842000000001" lon="4.8311">
    <ele>70.91</ele>
   </trkpt>
   <trkpt lat="50.86811" lon="4.8303400000000005">
    <ele>72.88</ele>
   </trkpt>
   <trkpt lat="50.867940000000004" lon="4.830080000000001">
    <ele>73.43</ele>
   </trkpt>
   <trkpt lat="50.86779000000001" lon="4.829910000000001">
    <ele>73.73</ele>
   </trkpt>
   <trkpt lat="50.86731" lon="4.829420000000001">
    <ele>74.77</ele>
   </trkpt>
   <trkpt lat="50.8671" lon="4.82917">
    <ele>74.97000000000001</ele>
   </trkpt>
   <trkpt lat="50.86688" lon="4.82885">
    <ele>74.99</ele>
   </trkpt>
   <trkpt lat="50.866510000000005" lon="4.82835">
    <ele>73.85000000000001</ele>
   </trkpt>
   <trkpt lat="50.866330000000005" lon="4.8281600000000005">
    <ele>73.22</ele>
   </trkpt>
   <trkpt lat="50.86583" lon="4.827710000000001">
    <ele>71.33</ele>
   </trkpt>
   <trkpt lat="50.86537500072279" lon="4.8273099961306345">
    <ele>68.2</ele>
   </trkpt>
   <trkpt lat="50.864920000000005" lon="4.826910000000001">
    <ele>66.93</ele>
   </trkpt>
   <trkpt lat="50.86475" lon="4.82678">
    <ele>66.58</ele>
   </trkpt>
   <trkpt lat="50.86449" lon="4.82667">
    <ele>66.15</ele>
   </trkpt>
   <trkpt lat="50.864430000000006" lon="4.82667">
    <ele>66.15</ele>
   </trkpt>
   <trkpt lat="50.864360000000005" lon="4.82669">
    <ele>66.13000000000001</ele>
   </trkpt>
   <trkpt lat="50.863890000000005" lon="4.82702">
    <ele>66.19</ele>
   </trkpt>
   <trkpt lat="50.86381" lon="4.827050000000001">
    <ele>66.60000000000001</ele>
   </trkpt>
   <trkpt lat="50.86361" lon="4.827030000000001">
    <ele>66.60000000000001</ele>
   </trkpt>
   <trkpt lat="50.863510000000005" lon="4.826960000000001">
    <ele>66.60000000000001</ele>
   </trkpt>
   <trkpt lat="50.86336000000001" lon="4.826790000000001">
    <ele>66.54</ele>
   </trkpt>
   <trkpt lat="50.86328" lon="4.8266100000000005">
    <ele>66.35000000000001</ele>
   </trkpt>
   <trkpt lat="50.86318000000001" lon="4.826180000000001">
    <ele>66.18</ele>
   </trkpt>
   <trkpt lat="50.863080000000004" lon="4.82594">
    <ele>65.96000000000001</ele>
   </trkpt>
   <trkpt lat="50.862700000000004" lon="4.82514">
    <ele>65.63000000000001</ele>
   </trkpt>
   <trkpt lat="50.86235500257748" lon="4.824364994291172">
    <ele>65.0</ele>
   </trkpt>
   <trkpt lat="50.862010000000005" lon="4.82359">
    <ele>64.96000000000001</ele>
   </trkpt>
   <trkpt lat="50.861900000000006" lon="4.82338">
    <ele>65.2</ele>
   </trkpt>
   <trkpt lat="50.86173" lon="4.82314">
    <ele>65.27000000000001</ele>
   </trkpt>
   <trkpt lat="50.86131" lon="4.822620000000001">
    <ele>65.29</ele>
   </trkpt>
   <trkpt lat="50.86122" lon="4.82242">
    <ele>64.97</ele>
   </trkpt>
   <trkpt lat="50.861070000000005" lon="4.821940000000001">
    <ele>64.82000000000001</ele>
   </trkpt>
   <trkpt lat="50.86101000000001" lon="4.82186">
    <ele>64.82000000000001</ele>
   </trkpt>
   <trkpt lat="50.86092000000001" lon="4.82179">
    <ele>64.98</ele>
   </trkpt>
   <trkpt lat="50.86079" lon="4.821750000000001">
    <ele>65.10000000000001</ele>
   </trkpt>
   <trkpt lat="50.86012666669" lon="4.821736666287755">
    <ele>65.86</ele>
   </trkpt>
   <trkpt lat="50.859463333378486" lon="4.821723332954867">
    <ele>67.15</ele>
   </trkpt>
   <trkpt lat="50.8588" lon="4.82171">
    <ele>67.36</ele>
   </trkpt>
   <trkpt lat="50.8588" lon="4.82172">
    <ele>68.74000000000001</ele>
   </trkpt>
   <trkpt lat="50.85790500000752" lon="4.821702498992476">
    <ele>68.74000000000001</ele>
   </trkpt>
   <trkpt lat="50.857010000012416" lon="4.821684998656713">
    <ele>68.19</ele>
   </trkpt>
   <trkpt lat="50.856115000014704" lon="4.821667498992663">
    <ele>68.19</ele>
   </trkpt>
   <trkpt lat="50.85522" lon="4.82165">
    <ele>68.19</ele>
   </trkpt>
   <trkpt lat="50.855030000000006" lon="4.82167">
    <ele>68.56</ele>
   </trkpt>
   <trkpt lat="50.85416000013078" lon="4.821860003549354">
    <ele>69.60000000000001</ele>
   </trkpt>
   <trkpt lat="50.85329" lon="4.822050000000001">
    <ele>72.07000000000001</ele>
   </trkpt>
   <trkpt lat="50.85302" lon="4.82209">
    <ele>72.72</ele>
   </trkpt>
   <trkpt lat="50.85277000000001" lon="4.82209">
    <ele>74.16</ele>
   </trkpt>
   <trkpt lat="50.852380000000004" lon="4.82207">
    <ele>75.98</ele>
   </trkpt>
   <trkpt lat="50.851819999999044" lon="4.822054999819858">
    <ele>77.67</ele>
   </trkpt>
   <trkpt lat="50.85126" lon="4.82204">
    <ele>79.31</ele>
   </trkpt>
   <trkpt lat="50.85063" lon="4.82199">
    <ele>79.73</ele>
   </trkpt>
   <trkpt lat="50.85004000000001" lon="4.8219">
    <ele>79.59</ele>
   </trkpt>
   <trkpt lat="50.849720000000005" lon="4.821820000000001">
    <ele>79.19000000000001</ele>
   </trkpt>
   <trkpt lat="50.84933" lon="4.82169">
    <ele>79.05000000000001</ele>
   </trkpt>
   <trkpt lat="50.84906" lon="4.821560000000001">
    <ele>79.64</ele>
   </trkpt>
   <trkpt lat="50.848760000000006" lon="4.821370000000001">
    <ele>80.28</ele>
   </trkpt>
   <trkpt lat="50.84821" lon="4.82094">
    <ele>81.09</ele>
   </trkpt>
   <trkpt lat="50.848220000000005" lon="4.820950000000001">
    <ele>81.09</ele>
   </trkpt>
   <trkpt lat="50.84817" lon="4.8211200000000005">
    <ele>81.06</ele>
   </trkpt>
   <trkpt lat="50.848130000000005" lon="4.82188">
    <ele>80.35000000000001</ele>
   </trkpt>
   <trkpt lat="50.848090000000006" lon="4.82223">
    <ele>80.35000000000001</ele>
   </trkpt>
   <trkpt lat="50.84793500546885" lon="4.823360003659845">
    <ele>77.73</ele>
   </trkpt>
   <trkpt lat="50.84778000000001" lon="4.824490000000001">
    <ele>75.47000000000001</ele>
   </trkpt>
   <trkpt lat="50.84778000000001" lon="4.82486">
    <ele>75.47000000000001</ele>
   </trkpt>
   <trkpt lat="50.84780000000001" lon="4.82516">
    <ele>74.98</ele>
   </trkpt>
   <trkpt lat="50.847950000000004" lon="4.82584">
    <ele>73.56</ele>
   </trkpt>
   <trkpt lat="50.84796000000001" lon="4.8262100000000006">
    <ele>72.37</ele>
   </trkpt>
   <trkpt lat="50.847910000000006" lon="4.8264700000000005">
    <ele>71.79</ele>
   </trkpt>
   <trkpt lat="50.84763500196354" lon="4.827155004141037">
    <ele>69.57000000000001</ele>
   </trkpt>
   <trkpt lat="50.84736" lon="4.82784">
    <ele>67.79</ele>
   </trkpt>
   <trkpt lat="50.847" lon="4.828320000000001">
    <ele>67.01</ele>
   </trkpt>
   <trkpt lat="50.846590000000006" lon="4.82871">
    <ele>66.26</ele>
   </trkpt>
   <trkpt lat="50.846230000000006" lon="4.829140000000001">
    <ele>65.73</ele>
   </trkpt>
   <trkpt lat="50.84573" lon="4.829980000000001">
    <ele>65.43</ele>
   </trkpt>
   <trkpt lat="50.84543500253383" lon="4.8307450047509555">
    <ele>65.18</ele>
   </trkpt>
   <trkpt lat="50.84514" lon="4.831510000000001">
    <ele>64.86</ele>
   </trkpt>
   <trkpt lat="50.84492" lon="4.832070000000001">
    <ele>64.61</ele>
   </trkpt>
   <trkpt lat="50.844446676431865" lon="4.833140021753403">
    <ele>64.17</ele>
   </trkpt>
   <trkpt lat="50.843973343079604" lon="4.834210021795822">
    <ele>63.81</ele>
   </trkpt>
   <trkpt lat="50.843500000000006" lon="4.83528">
    <ele>63.1</ele>
   </trkpt>
   <trkpt lat="50.843210000000006" lon="4.8357">
    <ele>62.97000000000001</ele>
   </trkpt>
   <trkpt lat="50.842800001059885" lon="4.836210004545595">
    <ele>62.57</ele>
   </trkpt>
   <trkpt lat="50.84239" lon="4.836720000000001">
    <ele>62.59</ele>
   </trkpt>
   <trkpt lat="50.84228" lon="4.83687">
    <ele>62.59</ele>
   </trkpt>
   <trkpt lat="50.84189000095819" lon="4.837330003781131">
    <ele>60.95</ele>
   </trkpt>
   <trkpt lat="50.8415" lon="4.83779">
    <ele>60.42</ele>
   </trkpt>
   <trkpt lat="50.841005002046536" lon="4.8384900074926405">
    <ele>59.59</ele>
   </trkpt>
   <trkpt lat="50.84051" lon="4.83919">
    <ele>57.92</ele>
   </trkpt>
   <trkpt lat="50.840030000000006" lon="4.83994">
    <ele>56.07</ele>
   </trkpt>
   <trkpt lat="50.83948" lon="4.84046">
    <ele>55.21</ele>
   </trkpt>
   <trkpt lat="50.83934000000001" lon="4.840540000000001">
    <ele>55.07000000000001</ele>
   </trkpt>
   <trkpt lat="50.839110000000005" lon="4.84062">
    <ele>55.330000000000005</ele>
   </trkpt>
   <trkpt lat="50.838890000000006" lon="4.840680000000001">
    <ele>55.57</ele>
   </trkpt>
   <trkpt lat="50.83879" lon="4.840660000000001">
    <ele>55.85</ele>
   </trkpt>
   <trkpt lat="50.83847" lon="4.8416500000000005">
    <ele>55.970000000000006</ele>
   </trkpt>
   <trkpt lat="50.838100000000004" lon="4.8413">
    <ele>56.290000000000006</ele>
   </trkpt>
   <trkpt lat="50.837790000000005" lon="4.840940000000001">
    <ele>56.760000000000005</ele>
   </trkpt>
   <trkpt lat="50.83771" lon="4.840820000000001">
    <ele>56.760000000000005</ele>
   </trkpt>
   <trkpt lat="50.83725000545688" lon="4.839684988694409">
    <ele>57.95</ele>
   </trkpt>
   <trkpt lat="50.83679000000001" lon="4.838550000000001">
    <ele>58.82</ele>
   </trkpt>
   <trkpt lat="50.83666" lon="4.838290000000001">
    <ele>58.86</ele>
   </trkpt>
   <trkpt lat="50.83626" lon="4.83769">
    <ele>58.32</ele>
   </trkpt>
   <trkpt lat="50.83596000000001" lon="4.83717">
    <ele>58.050000000000004</ele>
   </trkpt>
   <trkpt lat="50.8357" lon="4.836690000000001">
    <ele>58.160000000000004</ele>
   </trkpt>
   <trkpt lat="50.8355" lon="4.836250000000001">
    <ele>58.86</ele>
   </trkpt>
   <trkpt lat="50.83525" lon="4.8356200000000005">
    <ele>59.22</ele>
   </trkpt>
   <trkpt lat="50.83509" lon="4.835260000000001">
    <ele>59.27</ele>
   </trkpt>
   <trkpt lat="50.83470500209809" lon="4.834564994328322">
    <ele>58.68</ele>
   </trkpt>
   <trkpt lat="50.834320000000005" lon="4.83387">
    <ele>58.86</ele>
   </trkpt>
   <trkpt lat="50.83418" lon="4.83375">
    <ele>59.21000000000001</ele>
   </trkpt>
   <trkpt lat="50.83404" lon="4.83368">
    <ele>59.21000000000001</ele>
   </trkpt>
   <trkpt lat="50.833830000000006" lon="4.8337">
    <ele>59.22</ele>
   </trkpt>
   <trkpt lat="50.833510000000004" lon="4.83377">
    <ele>59.34</ele>
   </trkpt>
   <trkpt lat="50.83339" lon="4.833690000000001">
    <ele>59.34</ele>
   </trkpt>
   <trkpt lat="50.833270000000006" lon="4.83387">
    <ele>59.39</ele>
   </trkpt>
   <trkpt lat="50.833090000000006" lon="4.8339300000000005">
    <ele>59.34</ele>
   </trkpt>
   <trkpt lat="50.832710000000006" lon="4.83403">
    <ele>59.370000000000005</ele>
   </trkpt>
   <trkpt lat="50.832530000000006" lon="4.83403">
    <ele>59.370000000000005</ele>
   </trkpt>
   <trkpt lat="50.832350000000005" lon="4.8340000000000005">
    <ele>59.4</ele>
   </trkpt>
   <trkpt lat="50.83220000000001" lon="4.833950000000001">
    <ele>59.2</ele>
   </trkpt>
   <trkpt lat="50.83198" lon="4.83382">
    <ele>58.88</ele>
   </trkpt>
   <trkpt lat="50.83149" lon="4.8334">
    <ele>58.88</ele>
   </trkpt>
   <trkpt lat="50.83127" lon="4.83324">
    <ele>59.28000000000001</ele>
   </trkpt>
   <trkpt lat="50.831070000000004" lon="4.8331800000000005">
    <ele>59.730000000000004</ele>
   </trkpt>
   <trkpt lat="50.830960000000005" lon="4.83317">
    <ele>59.99</ele>
   </trkpt>
   <trkpt lat="50.830780000000004" lon="4.83321">
    <ele>60.60000000000001</ele>
   </trkpt>
   <trkpt lat="50.83059" lon="4.83331">
    <ele>61.50000000000001</ele>
   </trkpt>
   <trkpt lat="50.830510000000004" lon="4.83331">
    <ele>61.65</ele>
   </trkpt>
   <trkpt lat="50.830420000000004" lon="4.833270000000001">
    <ele>61.900000000000006</ele>
   </trkpt>
   <trkpt lat="50.83035" lon="4.83352">
    <ele>62.42</ele>
   </trkpt>
   <trkpt lat="50.83024" lon="4.8337">
    <ele>62.980000000000004</ele>
   </trkpt>
   <trkpt lat="50.83005000000001" lon="4.8339300000000005">
    <ele>63.46</ele>
   </trkpt>
   <trkpt lat="50.829930000000004" lon="4.8341400000000005">
    <ele>63.86</ele>
   </trkpt>
   <trkpt lat="50.82974" lon="4.8346100000000005">
    <ele>65.10000000000001</ele>
   </trkpt>
   <trkpt lat="50.82949000000001" lon="4.83499">
    <ele>65.84</ele>
   </trkpt>
   <trkpt lat="50.82904000125264" lon="4.83553500527391">
    <ele>67.51</ele>
   </trkpt>
   <trkpt lat="50.828590000000005" lon="4.836080000000001">
    <ele>68.96000000000001</ele>
   </trkpt>
   <trkpt lat="50.82842" lon="4.836320000000001">
    <ele>69.15</ele>
   </trkpt>
   <trkpt lat="50.828030000000005" lon="4.83711">
    <ele>69.61</ele>
   </trkpt>
   <trkpt lat="50.82781000000001" lon="4.83748">
    <ele>69.93</ele>
   </trkpt>
   <trkpt lat="50.827560000000005" lon="4.83778">
    <ele>70.23</ele>
   </trkpt>
   <trkpt lat="50.827310000000004" lon="4.83802">
    <ele>70.23</ele>
   </trkpt>
   <trkpt lat="50.82701" lon="4.838240000000001">
    <ele>71.48</ele>
   </trkpt>
   <trkpt lat="50.82633500138025" lon="4.838565014084342">
    <ele>72.17000000000002</ele>
   </trkpt>
   <trkpt lat="50.8256600018577" lon="4.838890018770424">
    <ele>73.36000000000001</ele>
   </trkpt>
   <trkpt lat="50.824985001432395" lon="4.839215014058732">
    <ele>74.32000000000001</ele>
   </trkpt>
   <trkpt lat="50.824310000000004" lon="4.83954">
    <ele>74.7</ele>
   </trkpt>
   <trkpt lat="50.82354286049921" lon="4.839901464198366">
    <ele>75.50000000000001</ele>
   </trkpt>
   <trkpt lat="50.82277571988174" lon="4.84026291651888">
    <ele>76.92</ele>
   </trkpt>
   <trkpt lat="50.822008578147646" lon="4.840624356962239">
    <ele>81.12</ele>
   </trkpt>
   <trkpt lat="50.82124143529702" lon="4.840985785529142">
    <ele>83.5</ele>
   </trkpt>
   <trkpt lat="50.82047429132991" lon="4.841347202220284">
    <ele>86.79</ele>
   </trkpt>
   <trkpt lat="50.81970714624639" lon="4.841708607036364">
    <ele>86.43</ele>
   </trkpt>
   <trkpt lat="50.818940000000005" lon="4.8420700000000005">
    <ele>83.99000000000001</ele>
   </trkpt>
   <trkpt lat="50.818450000346566" lon="4.842310002469095">
    <ele>81.62</ele>
   </trkpt>
   <trkpt lat="50.81796000000001" lon="4.84255">
    <ele>80.67</ele>
   </trkpt>
   <trkpt lat="50.81710000138075" lon="4.84295001472589">
    <ele>80.93</ele>
   </trkpt>
   <trkpt lat="50.81624000139388" lon="4.84335001471945">
    <ele>81.68</ele>
   </trkpt>
   <trkpt lat="50.815380000000005" lon="4.84375">
    <ele>82.39</ele>
   </trkpt>
   <trkpt lat="50.815180000000005" lon="4.843800000000001">
    <ele>82.49000000000001</ele>
   </trkpt>
   <trkpt lat="50.81497" lon="4.84379">
    <ele>82.49000000000001</ele>
   </trkpt>
   <trkpt lat="50.814510000000006" lon="4.843710000000001">
    <ele>82.22</ele>
   </trkpt>
   <trkpt lat="50.81436" lon="4.8437">
    <ele>82.22</ele>
   </trkpt>
   <trkpt lat="50.81418000000001" lon="4.843730000000001">
    <ele>82.09</ele>
   </trkpt>
   <trkpt lat="50.81396" lon="4.84382">
    <ele>81.7</ele>
   </trkpt>
   <trkpt lat="50.813770000000005" lon="4.84395">
    <ele>81.42</ele>
   </trkpt>
   <trkpt lat="50.81358" lon="4.84412">
    <ele>80.66000000000001</ele>
   </trkpt>
   <trkpt lat="50.81319500084754" lon="4.844550003480405">
    <ele>78.85000000000001</ele>
   </trkpt>
   <trkpt lat="50.812810000000006" lon="4.8449800000000005">
    <ele>77.73</ele>
   </trkpt>
   <trkpt lat="50.812810000000006" lon="4.84497">
    <ele>77.72000000000001</ele>
   </trkpt>
   <trkpt lat="50.812630000000006" lon="4.844600000000001">
    <ele>75.9</ele>
   </trkpt>
   <trkpt lat="50.81223000214075" lon="4.84389999408692">
    <ele>72.04</ele>
   </trkpt>
   <trkpt lat="50.81183000000001" lon="4.8432">
    <ele>70.34</ele>
   </trkpt>
   <trkpt lat="50.81172" lon="4.8429">
    <ele>69.65</ele>
   </trkpt>
   <trkpt lat="50.811640000000004" lon="4.84262">
    <ele>69.4</ele>
   </trkpt>
   <trkpt lat="50.81147000000001" lon="4.841670000000001">
    <ele>70.48</ele>
   </trkpt>
   <trkpt lat="50.811440000000005" lon="4.8413900000000005">
    <ele>70.92000000000002</ele>
   </trkpt>
   <trkpt lat="50.811440000000005" lon="4.84121">
    <ele>71.99000000000001</ele>
   </trkpt>
   <trkpt lat="50.81157" lon="4.840540000000001">
    <ele>72.84</ele>
   </trkpt>
   <trkpt lat="50.81157" lon="4.84037">
    <ele>73.91</ele>
   </trkpt>
   <trkpt lat="50.811460000000004" lon="4.8398200000000005">
    <ele>75.27</ele>
   </trkpt>
   <trkpt lat="50.811310000000006" lon="4.83926">
    <ele>76.37</ele>
   </trkpt>
   <trkpt lat="50.81123" lon="4.83853">
    <ele>77.88000000000001</ele>
   </trkpt>
   <trkpt lat="50.81116500369864" lon="4.837599998737036">
    <ele>79.35000000000001</ele>
   </trkpt>
   <trkpt lat="50.8111" lon="4.836670000000001">
    <ele>80.33000000000001</ele>
   </trkpt>
   <trkpt lat="50.8111" lon="4.8364400000000005">
    <ele>80.33000000000001</ele>
   </trkpt>
   <trkpt lat="50.81121" lon="4.83582">
    <ele>81.18</ele>
   </trkpt>
   <trkpt lat="50.811220000000006" lon="4.83563">
    <ele>81.18</ele>
   </trkpt>
   <trkpt lat="50.81120000000001" lon="4.83539">
    <ele>81.30000000000001</ele>
   </trkpt>
   <trkpt lat="50.811023341018135" lon="4.834439992655095">
    <ele>81.37</ele>
   </trkpt>
   <trkpt lat="50.81084667432187" lon="4.8334899924961015">
    <ele>81.69000000000001</ele>
   </trkpt>
   <trkpt lat="50.81067" lon="4.832540000000001">
    <ele>82.45</ele>
   </trkpt>
   <trkpt lat="50.810550000000006" lon="4.83204">
    <ele>82.66000000000001</ele>
   </trkpt>
   <trkpt lat="50.810410000000005" lon="4.8316300000000005">
    <ele>83.30000000000001</ele>
   </trkpt>
   <trkpt lat="50.810230000000004" lon="4.831230000000001">
    <ele>83.53</ele>
   </trkpt>
   <trkpt lat="50.81004" lon="4.8308800000000005">
    <ele>83.53</ele>
   </trkpt>
   <trkpt lat="50.80979000000001" lon="4.83054">
    <ele>84.09</ele>
   </trkpt>
   <trkpt lat="50.80930500149148" lon="4.829944993796007">
    <ele>85.01</ele>
   </trkpt>
   <trkpt lat="50.808820000000004" lon="4.829350000000001">
    <ele>85.79</ele>
   </trkpt>
   <trkpt lat="50.808820000000004" lon="4.82936">
    <ele>84.44</ele>
   </trkpt>
   <trkpt lat="50.808150022993594" lon="4.828539905920725">
    <ele>84.44</ele>
   </trkpt>
   <trkpt lat="50.807480040238396" lon="4.827719835364093">
    <ele>84.44</ele>
   </trkpt>
   <trkpt lat="50.80681005173475" lon="4.826899788329066">
    <ele>84.44</ele>
   </trkpt>
   <trkpt lat="50.806140057482956" lon="4.826079764814612">
    <ele>84.44</ele>
   </trkpt>
   <trkpt lat="50.80547005748328" lon="4.8252597648196955">
    <ele>81.55000000000001</ele>
   </trkpt>
   <trkpt lat="50.80480005173605" lon="4.824439788343282">
    <ele>81.55000000000001</ele>
   </trkpt>
   <trkpt lat="50.80413004024157" lon="4.823619835384339">
    <ele>81.55000000000001</ele>
   </trkpt>
   <trkpt lat="50.80346002300011" lon="4.822799905941831">
    <ele>81.55000000000001</ele>
   </trkpt>
   <trkpt lat="50.80279" lon="4.821980000000001">
    <ele>81.55000000000001</ele>
   </trkpt>
   <trkpt lat="50.802800000000005" lon="4.82199">
    <ele>81.55000000000001</ele>
   </trkpt>
   <trkpt lat="50.802400000000006" lon="4.821370000000001">
    <ele>80.78</ele>
   </trkpt>
   <trkpt lat="50.802055001397896" lon="4.8207949957290905">
    <ele>81.05000000000001</ele>
   </trkpt>
   <trkpt lat="50.80171000000001" lon="4.820220000000001">
    <ele>82.59</ele>
   </trkpt>
   <trkpt lat="50.80151000000001" lon="4.819940000000001">
    <ele>83.16000000000001</ele>
   </trkpt>
   <trkpt lat="50.80138" lon="4.81979">
    <ele>83.91000000000001</ele>
   </trkpt>
   <trkpt lat="50.80107" lon="4.81956">
    <ele>84.54</ele>
   </trkpt>
   <trkpt lat="50.80049000064756" lon="4.819184995375517">
    <ele>85.17</ele>
   </trkpt>
   <trkpt lat="50.799910000000004" lon="4.81881">
    <ele>84.69</ele>
   </trkpt>
   <trkpt lat="50.79959" lon="4.81855">
    <ele>84.41000000000001</ele>
   </trkpt>
   <trkpt lat="50.79979" lon="4.81803">
    <ele>85.27000000000001</ele>
   </trkpt>
   <trkpt lat="50.79988" lon="4.81766">
    <ele>85.66000000000001</ele>
   </trkpt>
   <trkpt lat="50.800093348077226" lon="4.816346678662892">
    <ele>86.8</ele>
   </trkpt>
   <trkpt lat="50.80030668140991" lon="4.815033345333859">
    <ele>86.31000000000002</ele>
   </trkpt>
   <trkpt lat="50.800520000000006" lon="4.81372">
    <ele>85.99000000000001</ele>
   </trkpt>
   <trkpt lat="50.80064" lon="4.81322">
    <ele>86.35000000000001</ele>
   </trkpt>
   <trkpt lat="50.800990000000006" lon="4.81243">
    <ele>86.9</ele>
   </trkpt>
   <trkpt lat="50.80144835214926" lon="4.81149171268671">
    <ele>88.60000000000001</ele>
   </trkpt>
   <trkpt lat="50.80190669677259" lon="4.810553406965742">
    <ele>90.00000000000001</ele>
   </trkpt>
   <trkpt lat="50.80236503386968" lon="4.809615082836738">
    <ele>91.85</ele>
   </trkpt>
   <trkpt lat="50.802823363440304" lon="4.808676740299339">
    <ele>93.48</ele>
   </trkpt>
   <trkpt lat="50.80328168548418" lon="4.807738379353187">
    <ele>94.56</ele>
   </trkpt>
   <trkpt lat="50.803740000000005" lon="4.8068">
    <ele>94.7</ele>
   </trkpt>
   <trkpt lat="50.804055002634044" lon="4.806035004835173">
    <ele>94.54</ele>
   </trkpt>
   <trkpt lat="50.804370000000006" lon="4.80527">
    <ele>93.89</ele>
   </trkpt>
   <trkpt lat="50.80478169113187" lon="4.804200047143028">
    <ele>92.93</ele>
   </trkpt>
   <trkpt lat="50.80519337247771" lon="4.803130075430056">
    <ele>91.96000000000001</ele>
   </trkpt>
   <trkpt lat="50.80560504403718" lon="4.8020600848609245">
    <ele>90.28000000000002</ele>
   </trkpt>
   <trkpt lat="50.80601670580997" lon="4.80099007543547">
    <ele>87.92000000000002</ele>
   </trkpt>
   <trkpt lat="50.80642835779577" lon="4.7999200471535355">
    <ele>86.17</ele>
   </trkpt>
   <trkpt lat="50.80684" lon="4.798850000000001">
    <ele>83.41000000000001</ele>
   </trkpt>
   <trkpt lat="50.806850000000004" lon="4.79886">
    <ele>81.22</ele>
   </trkpt>
   <trkpt lat="50.80721251250452" lon="4.797872522984117">
    <ele>81.22</ele>
   </trkpt>
   <trkpt lat="50.80757501667371" lon="4.7968850306432245">
    <ele>81.22</ele>
   </trkpt>
   <trkpt lat="50.807937512507316" lon="4.795897522977241">
    <ele>78.87</ele>
   </trkpt>
   <trkpt lat="50.8083" lon="4.794910000000001">
    <ele>78.87</ele>
   </trkpt>
   <trkpt lat="50.808310000000006" lon="4.79492">
    <ele>78.87</ele>
   </trkpt>
   <trkpt lat="50.8083" lon="4.794910000000001">
    <ele>78.66000000000001</ele>
   </trkpt>
   <trkpt lat="50.80852" lon="4.7945">
    <ele>78.14</ele>
   </trkpt>
   <trkpt lat="50.80885000000001" lon="4.7940700000000005">
    <ele>77.66000000000001</ele>
   </trkpt>
   <trkpt lat="50.809090000000005" lon="4.79384">
    <ele>77.28</ele>
   </trkpt>
   <trkpt lat="50.809400000000004" lon="4.793640000000001">
    <ele>76.59</ele>
   </trkpt>
   <trkpt lat="50.81026000000001" lon="4.79326">
    <ele>75.75000000000001</ele>
   </trkpt>
   <trkpt lat="50.81044000000001" lon="4.793150000000001">
    <ele>75.76</ele>
   </trkpt>
   <trkpt lat="50.81071000000001" lon="4.79295">
    <ele>75.96</ele>
   </trkpt>
   <trkpt lat="50.81109000000001" lon="4.79251">
    <ele>76.85</ele>
   </trkpt>
   <trkpt lat="50.81129000000001" lon="4.7922400000000005">
    <ele>77.51</ele>
   </trkpt>
   <trkpt lat="50.81154" lon="4.7917700000000005">
    <ele>77.51</ele>
   </trkpt>
   <trkpt lat="50.812000000000005" lon="4.79063">
    <ele>80.63000000000001</ele>
   </trkpt>
   <trkpt lat="50.812000000000005" lon="4.7906200000000005">
    <ele>80.60000000000001</ele>
   </trkpt>
   <trkpt lat="50.81165000000001" lon="4.7899400000000005">
    <ele>78.36000000000001</ele>
   </trkpt>
   <trkpt lat="50.81123" lon="4.78904">
    <ele>77.84</ele>
   </trkpt>
   <trkpt lat="50.810990000000004" lon="4.78864">
    <ele>77.72000000000001</ele>
   </trkpt>
   <trkpt lat="50.8106300007629" lon="4.788179996274095">
    <ele>77.72000000000001</ele>
   </trkpt>
   <trkpt lat="50.81027" lon="4.78772">
    <ele>77.86000000000001</ele>
   </trkpt>
   <trkpt lat="50.80989" lon="4.78721">
    <ele>77.66000000000001</ele>
   </trkpt>
   <trkpt lat="50.80946333739055" lon="4.78651998737546">
    <ele>78.01</ele>
   </trkpt>
   <trkpt lat="50.809036670711414" lon="4.785829987355457">
    <ele>78.42999999999999</ele>
   </trkpt>
   <trkpt lat="50.80861" lon="4.78514">
    <ele>78.66000000000001</ele>
   </trkpt>
   <trkpt lat="50.808170000000004" lon="4.784470000000001">
    <ele>79.41000000000001</ele>
   </trkpt>
   <trkpt lat="50.80780000000001" lon="4.78399">
    <ele>79.83000000000001</ele>
   </trkpt>
   <trkpt lat="50.80731" lon="4.78348">
    <ele>80.33000000000001</ele>
   </trkpt>
   <trkpt lat="50.80671666857278" lon="4.783003321196765">
    <ele>80.69000000000001</ele>
   </trkpt>
   <trkpt lat="50.80612333520331" lon="4.78252665450127">
    <ele>81.5</ele>
   </trkpt>
   <trkpt lat="50.805530000000005" lon="4.782050000000001">
    <ele>82.12</ele>
   </trkpt>
   <trkpt lat="50.80534" lon="4.7819400000000005">
    <ele>82.30000000000001</ele>
   </trkpt>
   <trkpt lat="50.804930000000006" lon="4.78186">
    <ele>82.5</ele>
   </trkpt>
   <trkpt lat="50.80406666671864" lon="4.781759996300557">
    <ele>82.7</ele>
   </trkpt>
   <trkpt lat="50.803203333351796" lon="4.781659996296759">
    <ele>83.06</ele>
   </trkpt>
   <trkpt lat="50.80234" lon="4.781560000000001">
    <ele>83.71000000000001</ele>
   </trkpt>
   <trkpt lat="50.80212" lon="4.7815">
    <ele>83.88000000000001</ele>
   </trkpt>
   <trkpt lat="50.80178" lon="4.781350000000001">
    <ele>84.4</ele>
   </trkpt>
   <trkpt lat="50.80118500064224" lon="4.780944994802901">
    <ele>85.32000000000001</ele>
   </trkpt>
   <trkpt lat="50.80059000000001" lon="4.78054">
    <ele>85.99000000000001</ele>
   </trkpt>
   <trkpt lat="50.79981000078506" lon="4.780099992631683">
    <ele>88.68</ele>
   </trkpt>
   <trkpt lat="50.79903" lon="4.779660000000001">
    <ele>89.59</ele>
   </trkpt>
   <trkpt lat="50.7985066691464" lon="4.779126654770519">
    <ele>90.02</ele>
   </trkpt>
   <trkpt lat="50.79798333586114" lon="4.778593321486378">
    <ele>90.46000000000001</ele>
   </trkpt>
   <trkpt lat="50.79746" lon="4.77806">
    <ele>91.57000000000001</ele>
   </trkpt>
   <trkpt lat="50.796850003812175" lon="4.777393315944082">
    <ele>93.93</ele>
   </trkpt>
   <trkpt lat="50.796240003824856" lon="4.776726649291593">
    <ele>96.02000000000001</ele>
   </trkpt>
   <trkpt lat="50.79563" lon="4.77606">
    <ele>98.45</ele>
   </trkpt>
   <trkpt lat="50.79510000099761" lon="4.775579994568424">
    <ele>100.42</ele>
   </trkpt>
   <trkpt lat="50.79457000000001" lon="4.7751">
    <ele>101.22</ele>
   </trkpt>
   <trkpt lat="50.794070000000005" lon="4.77467">
    <ele>102.46000000000001</ele>
   </trkpt>
   <trkpt lat="50.7935700004209" lon="4.774269995510606">
    <ele>102.67000000000002</ele>
   </trkpt>
   <trkpt lat="50.79307000000001" lon="4.7738700000000005">
    <ele>103.01</ele>
   </trkpt>
   <trkpt lat="50.79263" lon="4.773630000000001">
    <ele>103.16</ele>
   </trkpt>
   <trkpt lat="50.79216" lon="4.77353">
    <ele>103.11</ele>
   </trkpt>
   <trkpt lat="50.792030000000004" lon="4.773560000000001">
    <ele>102.94</ele>
   </trkpt>
   <trkpt lat="50.791700000000006" lon="4.773610000000001">
    <ele>101.9</ele>
   </trkpt>
   <trkpt lat="50.79135" lon="4.77376">
    <ele>100.45</ele>
   </trkpt>
   <trkpt lat="50.79055000082041" lon="4.774190007342922">
    <ele>96.80000000000001</ele>
   </trkpt>
   <trkpt lat="50.789750000000005" lon="4.7746200000000005">
    <ele>94.23</ele>
   </trkpt>
   <trkpt lat="50.78899500028222" lon="4.774820003200645">
    <ele>93.43</ele>
   </trkpt>
   <trkpt lat="50.78824" lon="4.7750200000000005">
    <ele>92.93</ele>
   </trkpt>
   <trkpt lat="50.787440000000004" lon="4.77508">
    <ele>91.86000000000001</ele>
   </trkpt>
   <trkpt lat="50.78663333331677" lon="4.7750699996547">
    <ele>89.89000000000001</ele>
   </trkpt>
   <trkpt lat="50.7858266666327" lon="4.7750599996544905">
    <ele>88.62</ele>
   </trkpt>
   <trkpt lat="50.78502" lon="4.77505">
    <ele>86.85000000000001</ele>
   </trkpt>
   <trkpt lat="50.78475" lon="4.77507">
    <ele>86.34000000000002</ele>
   </trkpt>
   <trkpt lat="50.784650000000006" lon="4.775110000000001">
    <ele>86.34000000000002</ele>
   </trkpt>
   <trkpt lat="50.78416000000001" lon="4.77545">
    <ele>85.55</ele>
   </trkpt>
   <trkpt lat="50.78388" lon="4.775600000000001">
    <ele>84.77000000000001</ele>
   </trkpt>
   <trkpt lat="50.783530000000006" lon="4.7757000000000005">
    <ele>83.7</ele>
   </trkpt>
   <trkpt lat="50.78314" lon="4.775740000000001">
    <ele>83.32000000000001</ele>
   </trkpt>
   <trkpt lat="50.782970000000006" lon="4.77578">
    <ele>83.32000000000001</ele>
   </trkpt>
   <trkpt lat="50.782830000000004" lon="4.77585">
    <ele>83.05000000000001</ele>
   </trkpt>
   <trkpt lat="50.78251" lon="4.776070000000001">
    <ele>82.76</ele>
   </trkpt>
   <trkpt lat="50.782340000000005" lon="4.7761000000000005">
    <ele>82.35000000000001</ele>
   </trkpt>
   <trkpt lat="50.78182" lon="4.775980000000001">
    <ele>81.88000000000001</ele>
   </trkpt>
   <trkpt lat="50.78164" lon="4.776000000000001">
    <ele>81.56</ele>
   </trkpt>
   <trkpt lat="50.78101" lon="4.77627">
    <ele>82.17</ele>
   </trkpt>
   <trkpt lat="50.78097" lon="4.7763">
    <ele>82.17</ele>
   </trkpt>
   <trkpt lat="50.780950000000004" lon="4.77634">
    <ele>82.17</ele>
   </trkpt>
   <trkpt lat="50.780840000000005" lon="4.776350000000001">
    <ele>82.17</ele>
   </trkpt>
   <trkpt lat="50.78061" lon="4.77632">
    <ele>82.19000000000001</ele>
   </trkpt>
   <trkpt lat="50.78060000000001" lon="4.776070000000001">
    <ele>82.61</ele>
   </trkpt>
   <trkpt lat="50.78065" lon="4.7758400000000005">
    <ele>82.55000000000001</ele>
   </trkpt>
   <trkpt lat="50.780620000000006" lon="4.774570000000001">
    <ele>83.49000000000001</ele>
   </trkpt>
   <trkpt lat="50.780550000000005" lon="4.77425">
    <ele>83.81</ele>
   </trkpt>
   <trkpt lat="50.78045" lon="4.773840000000001">
    <ele>84.29</ele>
   </trkpt>
   <trkpt lat="50.78032" lon="4.7727200000000005">
    <ele>85.98</ele>
   </trkpt>
   <trkpt lat="50.780260000000006" lon="4.77249">
    <ele>86.17</ele>
   </trkpt>
   <trkpt lat="50.78016" lon="4.77233">
    <ele>86.17</ele>
   </trkpt>
   <trkpt lat="50.779880000000006" lon="4.7721100000000005">
    <ele>87.14</ele>
   </trkpt>
   <trkpt lat="50.77953" lon="4.7717600000000004">
    <ele>88.18</ele>
   </trkpt>
   <trkpt lat="50.77906" lon="4.77111">
    <ele>89.27</ele>
   </trkpt>
   <trkpt lat="50.778980000000004" lon="4.77094">
    <ele>89.27</ele>
   </trkpt>
   <trkpt lat="50.77875" lon="4.770180000000001">
    <ele>89.89000000000001</ele>
   </trkpt>
   <trkpt lat="50.778440002677655" lon="4.769394994906208">
    <ele>90.4</ele>
   </trkpt>
   <trkpt lat="50.778130000000004" lon="4.768610000000001">
    <ele>90.65</ele>
   </trkpt>
   <trkpt lat="50.77825000000001" lon="4.76893">
    <ele>90.91</ele>
   </trkpt>
   <trkpt lat="50.77803" lon="4.768260000000001">
    <ele>90.46000000000001</ele>
   </trkpt>
   <trkpt lat="50.778020000000005" lon="4.768260000000001">
    <ele>90.72000000000001</ele>
   </trkpt>
   <trkpt lat="50.777930000000005" lon="4.76762">
    <ele>90.92</ele>
   </trkpt>
   <trkpt lat="50.777910000000006" lon="4.76721">
    <ele>90.67</ele>
   </trkpt>
   <trkpt lat="50.77796000000001" lon="4.76665">
    <ele>89.95</ele>
   </trkpt>
   <trkpt lat="50.778130020760216" lon="4.765377513922521">
    <ele>88.46000000000001</ele>
   </trkpt>
   <trkpt lat="50.778300027676394" lon="4.764105018592924">
    <ele>83.52000000000001</ele>
   </trkpt>
   <trkpt lat="50.77847002074839" lon="4.762832514011838">
    <ele>80.63000000000001</ele>
   </trkpt>
   <trkpt lat="50.77864" lon="4.76156">
    <ele>77.41000000000001</ele>
   </trkpt>
   <trkpt lat="50.77868" lon="4.7609">
    <ele>74.43</ele>
   </trkpt>
   <trkpt lat="50.77863000000001" lon="4.7597000000000005">
    <ele>72.85000000000001</ele>
   </trkpt>
   <trkpt lat="50.778490000000005" lon="4.75844">
    <ele>73.98</ele>
   </trkpt>
   <trkpt lat="50.77848" lon="4.75795">
    <ele>74.47000000000001</ele>
   </trkpt>
   <trkpt lat="50.778510000000004" lon="4.75767">
    <ele>74.54</ele>
   </trkpt>
   <trkpt lat="50.77869000440001" lon="4.756660003667337">
    <ele>73.68</ele>
   </trkpt>
   <trkpt lat="50.778870000000005" lon="4.75565">
    <ele>73.10000000000001</ele>
   </trkpt>
   <trkpt lat="50.778890000000004" lon="4.7554300000000005">
    <ele>73.07000000000001</ele>
   </trkpt>
   <trkpt lat="50.77886" lon="4.75528">
    <ele>73.10000000000001</ele>
   </trkpt>
   <trkpt lat="50.77866500318771" lon="4.754414996344985">
    <ele>73.39000000000001</ele>
   </trkpt>
   <trkpt lat="50.778470000000006" lon="4.753550000000001">
    <ele>73.51</ele>
   </trkpt>
   <trkpt lat="50.77824000614282" lon="4.7523499940304985">
    <ele>73.28000000000002</ele>
   </trkpt>
   <trkpt lat="50.77801" lon="4.75115">
    <ele>71.69</ele>
   </trkpt>
   <trkpt lat="50.77794" lon="4.751">
    <ele>71.29</ele>
   </trkpt>
   <trkpt lat="50.777680000000004" lon="4.75063">
    <ele>70.93</ele>
   </trkpt>
   <trkpt lat="50.7775" lon="4.75032">
    <ele>70.67000000000002</ele>
   </trkpt>
   <trkpt lat="50.77743" lon="4.75007">
    <ele>70.61</ele>
   </trkpt>
   <trkpt lat="50.77730500228083" lon="4.74934499825846">
    <ele>70.79</ele>
   </trkpt>
   <trkpt lat="50.77718" lon="4.748620000000001">
    <ele>70.24000000000001</ele>
   </trkpt>
   <trkpt lat="50.77716" lon="4.748220000000001">
    <ele>70.24000000000001</ele>
   </trkpt>
   <trkpt lat="50.777170000000005" lon="4.74783">
    <ele>69.98</ele>
   </trkpt>
   <trkpt lat="50.77720000000001" lon="4.7476">
    <ele>69.64</ele>
   </trkpt>
   <trkpt lat="50.77727" lon="4.747380000000001">
    <ele>69.64</ele>
   </trkpt>
   <trkpt lat="50.777480000000004" lon="4.746980000000001">
    <ele>69.04</ele>
   </trkpt>
   <trkpt lat="50.77758000000001" lon="4.746720000000001">
    <ele>68.85000000000001</ele>
   </trkpt>
   <trkpt lat="50.77767000000001" lon="4.7463500000000005">
    <ele>68.39</ele>
   </trkpt>
   <trkpt lat="50.7777" lon="4.745990000000001">
    <ele>67.8</ele>
   </trkpt>
   <trkpt lat="50.77758000000001" lon="4.74469">
    <ele>66.31</ele>
   </trkpt>
   <trkpt lat="50.777820000000006" lon="4.74446">
    <ele>66.39</ele>
   </trkpt>
   <trkpt lat="50.77844" lon="4.744140000000001">
    <ele>66.79</ele>
   </trkpt>
   <trkpt lat="50.778510000000004" lon="4.744090000000001">
    <ele>66.79</ele>
   </trkpt>
   <trkpt lat="50.7787" lon="4.74403">
    <ele>66.75</ele>
   </trkpt>
   <trkpt lat="50.77902" lon="4.744020000000001">
    <ele>66.47</ele>
   </trkpt>
   <trkpt lat="50.779210000000006" lon="4.743930000000001">
    <ele>66.34</ele>
   </trkpt>
   <trkpt lat="50.77948000000001" lon="4.7437000000000005">
    <ele>65.27000000000001</ele>
   </trkpt>
   <trkpt lat="50.779630000000004" lon="4.74352">
    <ele>65.27000000000001</ele>
   </trkpt>
   <trkpt lat="50.779590000000006" lon="4.74328">
    <ele>64.88000000000001</ele>
   </trkpt>
   <trkpt lat="50.779590000000006" lon="4.742870000000001">
    <ele>64.31</ele>
   </trkpt>
   <trkpt lat="50.77966000000001" lon="4.74258">
    <ele>63.910000000000004</ele>
   </trkpt>
   <trkpt lat="50.779740000000004" lon="4.74242">
    <ele>63.80000000000001</ele>
   </trkpt>
   <trkpt lat="50.780060000000006" lon="4.7419">
    <ele>63.59</ele>
   </trkpt>
   <trkpt lat="50.78032" lon="4.74124">
    <ele>63.38</ele>
   </trkpt>
   <trkpt lat="50.780370000000005" lon="4.739940000000001">
    <ele>62.64</ele>
   </trkpt>
   <trkpt lat="50.78036" lon="4.739400000000001">
    <ele>62.64</ele>
   </trkpt>
   <trkpt lat="50.78021000785458" lon="4.738044995707017">
    <ele>62.290000000000006</ele>
   </trkpt>
   <trkpt lat="50.780060000000006" lon="4.73669">
    <ele>62.36000000000001</ele>
   </trkpt>
   <trkpt lat="50.78007" lon="4.73648">
    <ele>62.36000000000001</ele>
   </trkpt>
   <trkpt lat="50.780150000000006" lon="4.73629">
    <ele>62.34</ele>
   </trkpt>
   <trkpt lat="50.78047" lon="4.73582">
    <ele>62.1</ele>
   </trkpt>
   <trkpt lat="50.780590000000004" lon="4.735410000000001">
    <ele>62.06</ele>
   </trkpt>
   <trkpt lat="50.780725005552235" lon="4.7342700033189224">
    <ele>61.89000000000001</ele>
   </trkpt>
   <trkpt lat="50.780860000000004" lon="4.73313">
    <ele>61.43000000000001</ele>
   </trkpt>
   <trkpt lat="50.78085" lon="4.7328">
    <ele>61.35</ele>
   </trkpt>
   <trkpt lat="50.78083" lon="4.73257">
    <ele>61.26</ele>
   </trkpt>
   <trkpt lat="50.7807" lon="4.73224">
    <ele>61.26</ele>
   </trkpt>
   <trkpt lat="50.78056" lon="4.73198">
    <ele>61.21000000000001</ele>
   </trkpt>
   <trkpt lat="50.780440000000006" lon="4.73196">
    <ele>61.21000000000001</ele>
   </trkpt>
   <trkpt lat="50.779700000000005" lon="4.73167">
    <ele>61.620000000000005</ele>
   </trkpt>
   <trkpt lat="50.779160000000005" lon="4.7315000000000005">
    <ele>62.75</ele>
   </trkpt>
   <trkpt lat="50.778940000000006" lon="4.7313">
    <ele>62.97000000000001</ele>
   </trkpt>
   <trkpt lat="50.778600000000004" lon="4.7309">
    <ele>63.99</ele>
   </trkpt>
   <trkpt lat="50.778330000000004" lon="4.7304900000000005">
    <ele>63.99</ele>
   </trkpt>
   <trkpt lat="50.77814000000001" lon="4.73001">
    <ele>64.28999999999999</ele>
   </trkpt>
   <trkpt lat="50.77807000000001" lon="4.72968">
    <ele>64.64</ele>
   </trkpt>
   <trkpt lat="50.77794" lon="4.72862">
    <ele>64.96000000000001</ele>
   </trkpt>
   <trkpt lat="50.77782000701542" lon="4.72733999683764">
    <ele>64.58</ele>
   </trkpt>
   <trkpt lat="50.7777" lon="4.72606">
    <ele>64.45</ele>
   </trkpt>
   <trkpt lat="50.7777" lon="4.72578">
    <ele>64.25</ele>
   </trkpt>
   <trkpt lat="50.777820000000006" lon="4.72508">
    <ele>64.03</ele>
   </trkpt>
   <trkpt lat="50.778000000000006" lon="4.72466">
    <ele>64.03</ele>
   </trkpt>
   <trkpt lat="50.77835" lon="4.724010000000001">
    <ele>63.74</ele>
   </trkpt>
   <trkpt lat="50.77875" lon="4.72334">
    <ele>63.37000000000001</ele>
   </trkpt>
   <trkpt lat="50.779045001397" lon="4.722790003275861">
    <ele>62.83000000000001</ele>
   </trkpt>
   <trkpt lat="50.779340000000005" lon="4.72224">
    <ele>62.06</ele>
   </trkpt>
   <trkpt lat="50.779450000000004" lon="4.72201">
    <ele>61.88</ele>
   </trkpt>
   <trkpt lat="50.77953" lon="4.7217400000000005">
    <ele>61.64000000000001</ele>
   </trkpt>
   <trkpt lat="50.779610000000005" lon="4.72114">
    <ele>60.690000000000005</ele>
   </trkpt>
   <trkpt lat="50.7796" lon="4.72095">
    <ele>60.50000000000001</ele>
   </trkpt>
   <trkpt lat="50.77951" lon="4.720700000000001">
    <ele>60.50000000000001</ele>
   </trkpt>
   <trkpt lat="50.77939000000001" lon="4.720490000000001">
    <ele>60.07000000000001</ele>
   </trkpt>
   <trkpt lat="50.77935" lon="4.7203100000000004">
    <ele>59.660000000000004</ele>
   </trkpt>
   <trkpt lat="50.77931" lon="4.71959">
    <ele>58.59</ele>
   </trkpt>
   <trkpt lat="50.779320000000006" lon="4.71917">
    <ele>58.43</ele>
   </trkpt>
   <trkpt lat="50.77939000000001" lon="4.71893">
    <ele>57.57</ele>
   </trkpt>
   <trkpt lat="50.77946000000001" lon="4.7187600000000005">
    <ele>57.57</ele>
   </trkpt>
   <trkpt lat="50.779500000000006" lon="4.71863">
    <ele>57.13</ele>
   </trkpt>
   <trkpt lat="50.779520000000005" lon="4.718450000000001">
    <ele>56.96</ele>
   </trkpt>
   <trkpt lat="50.779540000000004" lon="4.7174700000000005">
    <ele>56.59</ele>
   </trkpt>
   <trkpt lat="50.77957000000001" lon="4.7170700000000005">
    <ele>56.52</ele>
   </trkpt>
   <trkpt lat="50.779610000000005" lon="4.7169300000000005">
    <ele>56.43000000000001</ele>
   </trkpt>
   <trkpt lat="50.7796" lon="4.7168600000000005">
    <ele>56.43000000000001</ele>
   </trkpt>
   <trkpt lat="50.77948000000001" lon="4.716900000000001">
    <ele>56.400000000000006</ele>
   </trkpt>
   <trkpt lat="50.77942" lon="4.7167900000000005">
    <ele>56.400000000000006</ele>
   </trkpt>
   <trkpt lat="50.77938" lon="4.7166500000000005">
    <ele>56.49</ele>
   </trkpt>
   <trkpt lat="50.77948000000001" lon="4.71621">
    <ele>56.510000000000005</ele>
   </trkpt>
   <trkpt lat="50.779520000000005" lon="4.71583">
    <ele>56.690000000000005</ele>
   </trkpt>
   <trkpt lat="50.77951" lon="4.715540000000001">
    <ele>54.7</ele>
   </trkpt>
   <trkpt lat="50.77943751601976" lon="4.714422494870695">
    <ele>54.7</ele>
   </trkpt>
   <trkpt lat="50.77936502136259" lon="4.71330499320593">
    <ele>55.23</ele>
   </trkpt>
   <trkpt lat="50.77929251602852" lon="4.712187495006193">
    <ele>55.23</ele>
   </trkpt>
   <trkpt lat="50.77922" lon="4.71107">
    <ele>55.23</ele>
   </trkpt>
   <trkpt lat="50.779210000000006" lon="4.710520000000001">
    <ele>54.75000000000001</ele>
   </trkpt>
   <trkpt lat="50.77931001612822" lon="4.709146672496579">
    <ele>54.14000000000001</ele>
   </trkpt>
   <trkpt lat="50.77941001613144" lon="4.707773339119202">
    <ele>53.800000000000004</ele>
   </trkpt>
   <trkpt lat="50.77951" lon="4.7064">
    <ele>53.39000000000001</ele>
   </trkpt>
   <trkpt lat="50.779695006715" lon="4.705145005086753">
    <ele>52.690000000000005</ele>
   </trkpt>
   <trkpt lat="50.779880000000006" lon="4.70389">
    <ele>51.010000000000005</ele>
   </trkpt>
   <trkpt lat="50.78005" lon="4.70331">
    <ele>50.59</ele>
   </trkpt>
   <trkpt lat="50.78016" lon="4.703060000000001">
    <ele>50.650000000000006</ele>
   </trkpt>
   <trkpt lat="50.780620000000006" lon="4.70216">
    <ele>51.5</ele>
   </trkpt>
   <trkpt lat="50.78107500361058" lon="4.701240008967304">
    <ele>53.76</ele>
   </trkpt>
   <trkpt lat="50.781530000000004" lon="4.7003200000000005">
    <ele>55.800000000000004</ele>
   </trkpt>
   <trkpt lat="50.781710000000004" lon="4.69993">
    <ele>56.82</ele>
   </trkpt>
   <trkpt lat="50.78183000000001" lon="4.69955">
    <ele>57.730000000000004</ele>
   </trkpt>
   <trkpt lat="50.78190000000001" lon="4.6991700000000005">
    <ele>58.160000000000004</ele>
   </trkpt>
   <trkpt lat="50.782070000000004" lon="4.69787">
    <ele>56.510000000000005</ele>
   </trkpt>
   <trkpt lat="50.78221500661535" lon="4.696625003952021">
    <ele>54.220000000000006</ele>
   </trkpt>
   <trkpt lat="50.782360000000004" lon="4.69538">
    <ele>51.97</ele>
   </trkpt>
   <trkpt lat="50.78247" lon="4.69493">
    <ele>51.2</ele>
   </trkpt>
   <trkpt lat="50.782610000000005" lon="4.6946">
    <ele>49.730000000000004</ele>
   </trkpt>
   <trkpt lat="50.78318000411804" lon="4.693610012193101">
    <ele>45.82000000000001</ele>
   </trkpt>
   <trkpt lat="50.783750000000005" lon="4.692620000000001">
    <ele>44.45</ele>
   </trkpt>
   <trkpt lat="50.78379" lon="4.692480000000001">
    <ele>44.45</ele>
   </trkpt>
   <trkpt lat="50.783820000000006" lon="4.692220000000001">
    <ele>44.28000000000001</ele>
   </trkpt>
   <trkpt lat="50.78378000000001" lon="4.691940000000001">
    <ele>43.82000000000001</ele>
   </trkpt>
   <trkpt lat="50.78372" lon="4.691750000000001">
    <ele>43.82000000000001</ele>
   </trkpt>
   <trkpt lat="50.783500000000004" lon="4.69134">
    <ele>43.370000000000005</ele>
   </trkpt>
   <trkpt lat="50.78334" lon="4.6911000000000005">
    <ele>43.370000000000005</ele>
   </trkpt>
   <trkpt lat="50.78316" lon="4.69092">
    <ele>43.29</ele>
   </trkpt>
   <trkpt lat="50.78309" lon="4.690880000000001">
    <ele>43.29</ele>
   </trkpt>
   <trkpt lat="50.782450000000004" lon="4.69076">
    <ele>43.57</ele>
   </trkpt>
   <trkpt lat="50.78233" lon="4.6906300000000005">
    <ele>43.57</ele>
   </trkpt>
   <trkpt lat="50.782250000000005" lon="4.6904">
    <ele>43.68</ele>
   </trkpt>
   <trkpt lat="50.782120000000006" lon="4.68991">
    <ele>43.77</ele>
   </trkpt>
   <trkpt lat="50.782115005315546" lon="4.688795000119048">
    <ele>43.84</ele>
   </trkpt>
   <trkpt lat="50.78211" lon="4.68768">
    <ele>43.47</ele>
   </trkpt>
   <trkpt lat="50.78213" lon="4.68756">
    <ele>43.47</ele>
   </trkpt>
   <trkpt lat="50.78241333957777" lon="4.6867066769512595">
    <ele>43.60000000000001</ele>
   </trkpt>
   <trkpt lat="50.78269667293008" lon="4.68585334356093">
    <ele>43.5</ele>
   </trkpt>
   <trkpt lat="50.78298" lon="4.6850000000000005">
    <ele>42.95</ele>
   </trkpt>
   <trkpt lat="50.78307" lon="4.684640000000001">
    <ele>42.81</ele>
   </trkpt>
   <trkpt lat="50.78324000349719" lon="4.683735003311173">
    <ele>43.54</ele>
   </trkpt>
   <trkpt lat="50.78341" lon="4.68283">
    <ele>43.9</ele>
   </trkpt>
   <trkpt lat="50.78360000000001" lon="4.68219">
    <ele>43.2</ele>
   </trkpt>
   <trkpt lat="50.783750000000005" lon="4.681850000000001">
    <ele>42.830000000000005</ele>
   </trkpt>
   <trkpt lat="50.78405000000001" lon="4.68139">
    <ele>42.410000000000004</ele>
   </trkpt>
   <trkpt lat="50.78461" lon="4.6806600000000005">
    <ele>42.45</ele>
   </trkpt>
   <trkpt lat="50.784690000000005" lon="4.680470000000001">
    <ele>42.330000000000005</ele>
   </trkpt>
   <trkpt lat="50.78475" lon="4.6801200000000005">
    <ele>42.150000000000006</ele>
   </trkpt>
   <trkpt lat="50.784740000000006" lon="4.679930000000001">
    <ele>41.72</ele>
   </trkpt>
   <trkpt lat="50.784620000000004" lon="4.6791100000000005">
    <ele>41.220000000000006</ele>
   </trkpt>
   <trkpt lat="50.78457" lon="4.679010000000001">
    <ele>41.230000000000004</ele>
   </trkpt>
   <trkpt lat="50.78417" lon="4.6784300000000005">
    <ele>41.49</ele>
   </trkpt>
   <trkpt lat="50.78408" lon="4.67816">
    <ele>41.49</ele>
   </trkpt>
   <trkpt lat="50.78399" lon="4.67738">
    <ele>41.940000000000005</ele>
   </trkpt>
   <trkpt lat="50.78394" lon="4.6771400000000005">
    <ele>41.940000000000005</ele>
   </trkpt>
   <trkpt lat="50.783860000000004" lon="4.6769300000000005">
    <ele>42.85000000000001</ele>
   </trkpt>
   <trkpt lat="50.78350000232166" lon="4.676184994158571">
    <ele>43.47</ele>
   </trkpt>
   <trkpt lat="50.78314" lon="4.67544">
    <ele>44.660000000000004</ele>
   </trkpt>
   <trkpt lat="50.78309" lon="4.6753">
    <ele>44.660000000000004</ele>
   </trkpt>
   <trkpt lat="50.783080000000005" lon="4.6751000000000005">
    <ele>44.92</ele>
   </trkpt>
   <trkpt lat="50.783100000000005" lon="4.675000000000001">
    <ele>44.92</ele>
   </trkpt>
   <trkpt lat="50.78318" lon="4.67483">
    <ele>45.02</ele>
   </trkpt>
   <trkpt lat="50.783770000000004" lon="4.67405">
    <ele>45.6</ele>
   </trkpt>
   <trkpt lat="50.783390000000004" lon="4.67344">
    <ele>46.63</ele>
   </trkpt>
   <trkpt lat="50.78329" lon="4.67312">
    <ele>46.74</ele>
   </trkpt>
   <trkpt lat="50.78308000620636" lon="4.671919994900635">
    <ele>48.18</ele>
   </trkpt>
   <trkpt lat="50.78287" lon="4.67072">
    <ele>49.84</ele>
   </trkpt>
   <trkpt lat="50.782810000000005" lon="4.670260000000001">
    <ele>52.0</ele>
   </trkpt>
   <trkpt lat="50.78271500436854" lon="4.669249998031793">
    <ele>53.87</ele>
   </trkpt>
   <trkpt lat="50.78262" lon="4.66824">
    <ele>57.6</ele>
   </trkpt>
   <trkpt lat="50.78253500271186" lon="4.667449998972721">
    <ele>60.52</ele>
   </trkpt>
   <trkpt lat="50.782450000000004" lon="4.66666">
    <ele>63.88</ele>
   </trkpt>
   <trkpt lat="50.78237000000001" lon="4.66631">
    <ele>65.29</ele>
   </trkpt>
   <trkpt lat="50.782070000000004" lon="4.66526">
    <ele>69.78</ele>
   </trkpt>
   <trkpt lat="50.78199000000001" lon="4.66478">
    <ele>70.66</ele>
   </trkpt>
   <trkpt lat="50.78195" lon="4.66403">
    <ele>71.74000000000001</ele>
   </trkpt>
   <trkpt lat="50.781960000000005" lon="4.6635800000000005">
    <ele>72.49000000000001</ele>
   </trkpt>
   <trkpt lat="50.782030000000006" lon="4.6628300000000005">
    <ele>73.10000000000001</ele>
   </trkpt>
   <trkpt lat="50.78211" lon="4.6623">
    <ele>74.00000000000001</ele>
   </trkpt>
   <trkpt lat="50.782140000000005" lon="4.66195">
    <ele>74.39000000000001</ele>
   </trkpt>
   <trkpt lat="50.78213" lon="4.661510000000001">
    <ele>74.82000000000001</ele>
   </trkpt>
   <trkpt lat="50.782090000000004" lon="4.661250000000001">
    <ele>75.17</ele>
   </trkpt>
   <trkpt lat="50.78199000000001" lon="4.660810000000001">
    <ele>75.4</ele>
   </trkpt>
   <trkpt lat="50.78178500195699" lon="4.660134997071322">
    <ele>76.41000000000001</ele>
   </trkpt>
   <trkpt lat="50.781580000000005" lon="4.65946">
    <ele>77.39</ele>
   </trkpt>
   <trkpt lat="50.781400000000005" lon="4.65859">
    <ele>77.85</ele>
   </trkpt>
   <trkpt lat="50.78123" lon="4.6576900000000006">
    <ele>79.13000000000001</ele>
   </trkpt>
   <trkpt lat="50.78099500215028" lon="4.656974996299934">
    <ele>79.9</ele>
   </trkpt>
   <trkpt lat="50.78076" lon="4.6562600000000005">
    <ele>80.27000000000001</ele>
   </trkpt>
   <trkpt lat="50.78042000000001" lon="4.65517">
    <ele>76.03</ele>
   </trkpt>
   <trkpt lat="50.78031000000001" lon="4.65435">
    <ele>68.76</ele>
   </trkpt>
   <trkpt lat="50.7802" lon="4.6539600000000005">
    <ele>65.57000000000001</ele>
   </trkpt>
   <trkpt lat="50.78013000000001" lon="4.6538200000000005">
    <ele>65.57000000000001</ele>
   </trkpt>
   <trkpt lat="50.78004000000001" lon="4.65369">
    <ele>62.28</ele>
   </trkpt>
   <trkpt lat="50.779430000000005" lon="4.65292">
    <ele>52.57000000000001</ele>
   </trkpt>
   <trkpt lat="50.77935" lon="4.65279">
    <ele>51.07</ele>
   </trkpt>
   <trkpt lat="50.77922" lon="4.65251">
    <ele>48.86</ele>
   </trkpt>
   <trkpt lat="50.779140000000005" lon="4.6524">
    <ele>47.53</ele>
   </trkpt>
   <trkpt lat="50.77904" lon="4.6523">
    <ele>46.330000000000005</ele>
   </trkpt>
   <trkpt lat="50.77893" lon="4.652220000000001">
    <ele>45.27</ele>
   </trkpt>
   <trkpt lat="50.77879" lon="4.652150000000001">
    <ele>44.660000000000004</ele>
   </trkpt>
   <trkpt lat="50.77863000000001" lon="4.65214">
    <ele>43.77</ele>
   </trkpt>
   <trkpt lat="50.77825000000001" lon="4.652170000000001">
    <ele>42.21</ele>
   </trkpt>
   <trkpt lat="50.778110000000005" lon="4.6521300000000005">
    <ele>42.21</ele>
   </trkpt>
   <trkpt lat="50.77825000000001" lon="4.651210000000001">
    <ele>40.260000000000005</ele>
   </trkpt>
   <trkpt lat="50.77744000042774" lon="4.650976658573176">
    <ele>40.03</ele>
   </trkpt>
   <trkpt lat="50.77663000038998" lon="4.650743325229134">
    <ele>41.470000000000006</ele>
   </trkpt>
   <trkpt lat="50.77582" lon="4.650510000000001">
    <ele>41.84</ele>
   </trkpt>
   <trkpt lat="50.77503666698394" lon="4.650316660190107">
    <ele>41.79</ele>
   </trkpt>
   <trkpt lat="50.77425333364829" lon="4.650123326856333">
    <ele>41.61</ele>
   </trkpt>
   <trkpt lat="50.77347" lon="4.64993">
    <ele>41.04</ele>
   </trkpt>
   <trkpt lat="50.77310000000001" lon="4.64977">
    <ele>39.650000000000006</ele>
   </trkpt>
   <trkpt lat="50.77262500006657" lon="4.649619998467389">
    <ele>39.06</ele>
   </trkpt>
   <trkpt lat="50.77215" lon="4.64947">
    <ele>38.31</ele>
   </trkpt>
   <trkpt lat="50.77169000000001" lon="4.6493">
    <ele>37.86000000000001</ele>
   </trkpt>
   <trkpt lat="50.77131000000001" lon="4.649190000000001">
    <ele>37.86000000000001</ele>
   </trkpt>
   <trkpt lat="50.770720000000004" lon="4.649050000000001">
    <ele>38.11000000000001</ele>
   </trkpt>
   <trkpt lat="50.769960000000005" lon="4.64897">
    <ele>39.71</ele>
   </trkpt>
   <trkpt lat="50.76990000000001" lon="4.6489400000000005">
    <ele>39.71</ele>
   </trkpt>
   <trkpt lat="50.76968" lon="4.64872">
    <ele>38.690000000000005</ele>
   </trkpt>
   <trkpt lat="50.769540000000006" lon="4.648610000000001">
    <ele>38.43000000000001</ele>
   </trkpt>
   <trkpt lat="50.769400000000005" lon="4.64855">
    <ele>38.080000000000005</ele>
   </trkpt>
   <trkpt lat="50.76925000000001" lon="4.64852">
    <ele>37.85</ele>
   </trkpt>
   <trkpt lat="50.76878000000001" lon="4.64855">
    <ele>36.61</ele>
   </trkpt>
   <trkpt lat="50.768100000000004" lon="4.648700000000001">
    <ele>36.33</ele>
   </trkpt>
   <trkpt lat="50.76778" lon="4.648700000000001">
    <ele>36.06</ele>
   </trkpt>
   <trkpt lat="50.767250000000004" lon="4.648490000000001">
    <ele>36.15</ele>
   </trkpt>
   <trkpt lat="50.767030000000005" lon="4.64843">
    <ele>36.38</ele>
   </trkpt>
   <trkpt lat="50.766850000000005" lon="4.64845">
    <ele>36.730000000000004</ele>
   </trkpt>
   <trkpt lat="50.76632000000001" lon="4.64872">
    <ele>39.07</ele>
   </trkpt>
   <trkpt lat="50.76565" lon="4.649150000000001">
    <ele>44.730000000000004</ele>
   </trkpt>
   <trkpt lat="50.765390000000004" lon="4.64939">
    <ele>46.78</ele>
   </trkpt>
   <trkpt lat="50.76466600993308" lon="4.650152047160898">
    <ele>47.970000000000006</ele>
   </trkpt>
   <trkpt lat="50.763942014900834" lon="4.65091407073857">
    <ele>47.06</ele>
   </trkpt>
   <trkpt lat="50.76321801490361" lon="4.651676070734192">
    <ele>46.2</ele>
   </trkpt>
   <trkpt lat="50.76249400994163" lon="4.65243804714894">
    <ele>45.63</ele>
   </trkpt>
   <trkpt lat="50.761770000000006" lon="4.6532">
    <ele>44.94</ele>
   </trkpt>
   <trkpt lat="50.76145" lon="4.653560000000001">
    <ele>44.25000000000001</ele>
   </trkpt>
   <trkpt lat="50.761300000000006" lon="4.653560000000001">
    <ele>43.35000000000001</ele>
   </trkpt>
   <trkpt lat="50.761210000000005" lon="4.653510000000001">
    <ele>42.28</ele>
   </trkpt>
   <trkpt lat="50.7609500028861" lon="4.652684995340463">
    <ele>38.64</ele>
   </trkpt>
   <trkpt lat="50.760690000000004" lon="4.65186">
    <ele>36.37</ele>
   </trkpt>
   <trkpt lat="50.760305005824634" lon="4.6506949904815675">
    <ele>35.45</ele>
   </trkpt>
   <trkpt lat="50.75992" lon="4.64953">
    <ele>35.050000000000004</ele>
   </trkpt>
   <trkpt lat="50.759730000000005" lon="4.648630000000001">
    <ele>34.9</ele>
   </trkpt>
   <trkpt lat="50.759690000000006" lon="4.64813">
    <ele>34.92</ele>
   </trkpt>
   <trkpt lat="50.75967500362228" lon="4.64720999992267">
    <ele>35.230000000000004</ele>
   </trkpt>
   <trkpt lat="50.759660000000004" lon="4.6462900000000005">
    <ele>34.97</ele>
   </trkpt>
   <trkpt lat="50.75967000000001" lon="4.64515">
    <ele>34.78</ele>
   </trkpt>
   <trkpt lat="50.75965" lon="4.64475">
    <ele>34.97</ele>
   </trkpt>
   <trkpt lat="50.75943" lon="4.64362">
    <ele>35.11</ele>
   </trkpt>
   <trkpt lat="50.7593" lon="4.64325">
    <ele>35.43</ele>
   </trkpt>
   <trkpt lat="50.75911000000001" lon="4.6428">
    <ele>36.7</ele>
   </trkpt>
   <trkpt lat="50.75905" lon="4.642600000000001">
    <ele>36.7</ele>
   </trkpt>
   <trkpt lat="50.75901" lon="4.642340000000001">
    <ele>37.37</ele>
   </trkpt>
   <trkpt lat="50.759040003275935" lon="4.64146500048716">
    <ele>39.03</ele>
   </trkpt>
   <trkpt lat="50.75907" lon="4.64059">
    <ele>40.2</ele>
   </trkpt>
   <trkpt lat="50.75921" lon="4.639740000000001">
    <ele>40.470000000000006</ele>
   </trkpt>
   <trkpt lat="50.759220000000006" lon="4.639740000000001">
    <ele>40.449999999999996</ele>
   </trkpt>
   <trkpt lat="50.759530000000005" lon="4.6397">
    <ele>39.5</ele>
   </trkpt>
   <trkpt lat="50.760110000000005" lon="4.639550000000001">
    <ele>38.31</ele>
   </trkpt>
   <trkpt lat="50.760510000000004" lon="4.63933">
    <ele>37.84</ele>
   </trkpt>
   <trkpt lat="50.76073" lon="4.63926">
    <ele>37.720000000000006</ele>
   </trkpt>
   <trkpt lat="50.760960000000004" lon="4.63924">
    <ele>37.4</ele>
   </trkpt>
   <trkpt lat="50.761140000000005" lon="4.63926">
    <ele>37.28</ele>
   </trkpt>
   <trkpt lat="50.76129" lon="4.63933">
    <ele>37.28</ele>
   </trkpt>
   <trkpt lat="50.76194000066772" lon="4.639689995062155">
    <ele>36.550000000000004</ele>
   </trkpt>
   <trkpt lat="50.76259" lon="4.6400500000000005">
    <ele>36.160000000000004</ele>
   </trkpt>
   <trkpt lat="50.762710000000006" lon="4.6401">
    <ele>36.160000000000004</ele>
   </trkpt>
   <trkpt lat="50.76287000000001" lon="4.64011">
    <ele>36.11</ele>
   </trkpt>
   <trkpt lat="50.763020000000004" lon="4.640090000000001">
    <ele>36.14000000000001</ele>
   </trkpt>
   <trkpt lat="50.76317" lon="4.640020000000001">
    <ele>36.14000000000001</ele>
   </trkpt>
   <trkpt lat="50.76355" lon="4.63971">
    <ele>36.44</ele>
   </trkpt>
   <trkpt lat="50.763920000000006" lon="4.639360000000001">
    <ele>36.89000000000001</ele>
   </trkpt>
   <trkpt lat="50.76438" lon="4.63886">
    <ele>37.1</ele>
   </trkpt>
   <trkpt lat="50.76471" lon="4.63839">
    <ele>37.1</ele>
   </trkpt>
   <trkpt lat="50.76500000000001" lon="4.63809">
    <ele>36.78</ele>
   </trkpt>
   <trkpt lat="50.765280000000004" lon="4.63787">
    <ele>36.72</ele>
   </trkpt>
   <trkpt lat="50.76596000076686" lon="4.637465005847293">
    <ele>36.22</ele>
   </trkpt>
   <trkpt lat="50.76664" lon="4.63706">
    <ele>36.43000000000001</ele>
   </trkpt>
   <trkpt lat="50.767010000000006" lon="4.6367400000000005">
    <ele>36.83</ele>
   </trkpt>
   <trkpt lat="50.76742" lon="4.63632">
    <ele>38.00000000000001</ele>
   </trkpt>
   <trkpt lat="50.76812" lon="4.63567">
    <ele>39.400000000000006</ele>
   </trkpt>
   <trkpt lat="50.768600000000006" lon="4.6353100000000005">
    <ele>39.839999999999996</ele>
   </trkpt>
   <trkpt lat="50.768950000000004" lon="4.6351">
    <ele>41.09</ele>
   </trkpt>
   <trkpt lat="50.7693" lon="4.63499">
    <ele>41.5</ele>
   </trkpt>
   <trkpt lat="50.76953" lon="4.63496">
    <ele>41.580000000000005</ele>
   </trkpt>
   <trkpt lat="50.76975" lon="4.63499">
    <ele>41.49</ele>
   </trkpt>
   <trkpt lat="50.770340000000004" lon="4.635190000000001">
    <ele>40.970000000000006</ele>
   </trkpt>
   <trkpt lat="50.77116" lon="4.6354500000000005">
    <ele>38.760000000000005</ele>
   </trkpt>
   <trkpt lat="50.771620000000006" lon="4.63551">
    <ele>37.62</ele>
   </trkpt>
   <trkpt lat="50.77203" lon="4.63548">
    <ele>36.67</ele>
   </trkpt>
   <trkpt lat="50.77241" lon="4.63539">
    <ele>35.88</ele>
   </trkpt>
   <trkpt lat="50.772870000000005" lon="4.635350000000001">
    <ele>34.57</ele>
   </trkpt>
   <trkpt lat="50.77309" lon="4.63536">
    <ele>34.57</ele>
   </trkpt>
   <trkpt lat="50.77342" lon="4.63541">
    <ele>34.28</ele>
   </trkpt>
   <trkpt lat="50.773770000000006" lon="4.63543">
    <ele>34.03</ele>
   </trkpt>
   <trkpt lat="50.774080000000005" lon="4.635420000000001">
    <ele>33.61</ele>
   </trkpt>
   <trkpt lat="50.77434" lon="4.63537">
    <ele>33.61</ele>
   </trkpt>
   <trkpt lat="50.77452" lon="4.6353100000000005">
    <ele>33.61</ele>
   </trkpt>
   <trkpt lat="50.774955000286944" lon="4.635105001856071">
    <ele>33.260000000000005</ele>
   </trkpt>
   <trkpt lat="50.77539" lon="4.6349">
    <ele>33.22</ele>
   </trkpt>
   <trkpt lat="50.776140000000005" lon="4.6346300000000005">
    <ele>33.050000000000004</ele>
   </trkpt>
   <trkpt lat="50.77678000057734" lon="4.634366673880289">
    <ele>33.010000000000005</ele>
   </trkpt>
   <trkpt lat="50.77742000056183" lon="4.634103340553462">
    <ele>33.150000000000006</ele>
   </trkpt>
   <trkpt lat="50.77806" lon="4.63384">
    <ele>33.63</ele>
   </trkpt>
   <trkpt lat="50.77821" lon="4.63375">
    <ele>33.63</ele>
   </trkpt>
   <trkpt lat="50.77832" lon="4.63365">
    <ele>33.980000000000004</ele>
   </trkpt>
   <trkpt lat="50.77839" lon="4.63354">
    <ele>34.080000000000005</ele>
   </trkpt>
   <trkpt lat="50.778470000000006" lon="4.633380000000001">
    <ele>34.46</ele>
   </trkpt>
   <trkpt lat="50.77855" lon="4.633120000000001">
    <ele>34.59</ele>
   </trkpt>
   <trkpt lat="50.778580000000005" lon="4.63293">
    <ele>34.86</ele>
   </trkpt>
   <trkpt lat="50.778890000000004" lon="4.632980000000001">
    <ele>34.79</ele>
   </trkpt>
   <trkpt lat="50.779700000000005" lon="4.63302">
    <ele>33.6</ele>
   </trkpt>
   <trkpt lat="50.77993000000001" lon="4.633050000000001">
    <ele>33.6</ele>
   </trkpt>
   <trkpt lat="50.78053333355672" lon="4.633199996137012">
    <ele>32.68</ele>
   </trkpt>
   <trkpt lat="50.78113666692107" lon="4.633349996144664">
    <ele>32.230000000000004</ele>
   </trkpt>
   <trkpt lat="50.781740000000006" lon="4.633500000000001">
    <ele>32.510000000000005</ele>
   </trkpt>
   <trkpt lat="50.78201000000001" lon="4.63354">
    <ele>32.760000000000005</ele>
   </trkpt>
   <trkpt lat="50.78255000000001" lon="4.63356">
    <ele>32.78</ele>
   </trkpt>
   <trkpt lat="50.783170000294035" lon="4.6337949969058885">
    <ele>33.230000000000004</ele>
   </trkpt>
   <trkpt lat="50.78379" lon="4.63403">
    <ele>34.15</ele>
   </trkpt>
   <trkpt lat="50.783860000000004" lon="4.6340900000000005">
    <ele>34.36</ele>
   </trkpt>
   <trkpt lat="50.783970000000004" lon="4.6341">
    <ele>34.36</ele>
   </trkpt>
   <trkpt lat="50.78416000000001" lon="4.634130000000001">
    <ele>34.690000000000005</ele>
   </trkpt>
   <trkpt lat="50.784290000000006" lon="4.6341">
    <ele>34.690000000000005</ele>
   </trkpt>
   <trkpt lat="50.784800000000004" lon="4.63415">
    <ele>34.85000000000001</ele>
   </trkpt>
   <trkpt lat="50.78528000000001" lon="4.63417">
    <ele>35.89000000000001</ele>
   </trkpt>
   <trkpt lat="50.785540000000005" lon="4.6340900000000005">
    <ele>36.050000000000004</ele>
   </trkpt>
   <trkpt lat="50.785610002608614" lon="4.633310001079544">
    <ele>38.34</ele>
   </trkpt>
   <trkpt lat="50.785680000000006" lon="4.63253">
    <ele>42.39</ele>
   </trkpt>
   <trkpt lat="50.78575000000001" lon="4.63203">
    <ele>43.67</ele>
   </trkpt>
   <trkpt lat="50.785830000000004" lon="4.6316500000000005">
    <ele>45.37</ele>
   </trkpt>
   <trkpt lat="50.78621669526053" lon="4.630493381166079">
    <ele>45.37</ele>
   </trkpt>
   <trkpt lat="50.78660337908394" lon="4.6293367431991275">
    <ele>45.37</ele>
   </trkpt>
   <trkpt lat="50.78699005146992" lon="4.6281800860991344">
    <ele>33.21</ele>
   </trkpt>
   <trkpt lat="50.78737671241812" lon="4.627023409866084">
    <ele>33.21</ele>
   </trkpt>
   <trkpt lat="50.78776336192818" lon="4.625866714499962">
    <ele>33.21</ele>
   </trkpt>
   <trkpt lat="50.78815" lon="4.62471">
    <ele>33.25</ele>
   </trkpt>
   <trkpt lat="50.788140000000006" lon="4.62471">
    <ele>35.06</ele>
   </trkpt>
   <trkpt lat="50.788320000000006" lon="4.62478">
    <ele>34.95</ele>
   </trkpt>
   <trkpt lat="50.78864" lon="4.62483">
    <ele>34.57</ele>
   </trkpt>
   <trkpt lat="50.78896" lon="4.62493">
    <ele>34.410000000000004</ele>
   </trkpt>
   <trkpt lat="50.78914" lon="4.625050000000001">
    <ele>34.480000000000004</ele>
   </trkpt>
   <trkpt lat="50.789660000000005" lon="4.6254800000000005">
    <ele>35.01</ele>
   </trkpt>
   <trkpt lat="50.78994" lon="4.625640000000001">
    <ele>35.32</ele>
   </trkpt>
   <trkpt lat="50.79083000011953" lon="4.6257149928599555">
    <ele>36.09</ele>
   </trkpt>
   <trkpt lat="50.79172000019096" lon="4.6257899885756375">
    <ele>36.50000000000001</ele>
   </trkpt>
   <trkpt lat="50.792610000214324" lon="4.625864987147251">
    <ele>37.160000000000004</ele>
   </trkpt>
   <trkpt lat="50.7935000001896" lon="4.6259399885749914">
    <ele>37.6</ele>
   </trkpt>
   <trkpt lat="50.794390000116785" lon="4.626014992859059">
    <ele>37.51</ele>
   </trkpt>
   <trkpt lat="50.795280000000005" lon="4.6260900000000005">
    <ele>36.96</ele>
   </trkpt>
   <trkpt lat="50.79567" lon="4.626200000000001">
    <ele>36.730000000000004</ele>
   </trkpt>
   <trkpt lat="50.795970000000004" lon="4.62631">
    <ele>36.730000000000004</ele>
   </trkpt>
   <trkpt lat="50.796220000000005" lon="4.6264400000000006">
    <ele>36.75000000000001</ele>
   </trkpt>
   <trkpt lat="50.796580000000006" lon="4.626670000000001">
    <ele>36.95</ele>
   </trkpt>
   <trkpt lat="50.797323336710726" lon="4.6272999799455965">
    <ele>37.64</ele>
   </trkpt>
   <trkpt lat="50.798066670028646" lon="4.627929979932107">
    <ele>37.27</ele>
   </trkpt>
   <trkpt lat="50.79881" lon="4.62856">
    <ele>35.9</ele>
   </trkpt>
   <trkpt lat="50.79927000051512" lon="4.628799997777829">
    <ele>35.300000000000004</ele>
   </trkpt>
   <trkpt lat="50.799730000000004" lon="4.629040000000001">
    <ele>34.79</ele>
   </trkpt>
   <trkpt lat="50.80037500056295" lon="4.62935499571984">
    <ele>33.760000000000005</ele>
   </trkpt>
   <trkpt lat="50.80102" lon="4.62967">
    <ele>33.07</ele>
   </trkpt>
   <trkpt lat="50.80129" lon="4.62976">
    <ele>32.78</ele>
   </trkpt>
   <trkpt lat="50.80145" lon="4.62978">
    <ele>32.150000000000006</ele>
   </trkpt>
   <trkpt lat="50.801570000000005" lon="4.629770000000001">
    <ele>32.0</ele>
   </trkpt>
   <trkpt lat="50.80172" lon="4.62973">
    <ele>31.85</ele>
   </trkpt>
   <trkpt lat="50.80189000000001" lon="4.629650000000001">
    <ele>31.84</ele>
   </trkpt>
   <trkpt lat="50.80248500104533" lon="4.629190005748709">
    <ele>32.080000000000005</ele>
   </trkpt>
   <trkpt lat="50.80308" lon="4.62873">
    <ele>33.260000000000005</ele>
   </trkpt>
   <trkpt lat="50.803290000000004" lon="4.62863">
    <ele>33.260000000000005</ele>
   </trkpt>
   <trkpt lat="50.80384" lon="4.628480000000001">
    <ele>34.4</ele>
   </trkpt>
   <trkpt lat="50.80407" lon="4.62849">
    <ele>34.75</ele>
   </trkpt>
   <trkpt lat="50.80454500012319" lon="4.628634998536022">
    <ele>35.39</ele>
   </trkpt>
   <trkpt lat="50.805020000000006" lon="4.628780000000001">
    <ele>36.21000000000001</ele>
   </trkpt>
   <trkpt lat="50.80525" lon="4.62879">
    <ele>36.71</ele>
   </trkpt>
   <trkpt lat="50.805350000000004" lon="4.62877">
    <ele>37.06</ele>
   </trkpt>
   <trkpt lat="50.80586" lon="4.62856">
    <ele>38.52</ele>
   </trkpt>
   <trkpt lat="50.80604" lon="4.62851">
    <ele>38.970000000000006</ele>
   </trkpt>
   <trkpt lat="50.80622" lon="4.62852">
    <ele>39.910000000000004</ele>
   </trkpt>
   <trkpt lat="50.80685000015065" lon="4.628673329185609">
    <ele>40.690000000000005</ele>
   </trkpt>
   <trkpt lat="50.807480000100306" lon="4.628826662506622">
    <ele>41.800000000000004</ele>
   </trkpt>
   <trkpt lat="50.808110000000006" lon="4.62898">
    <ele>43.07</ele>
   </trkpt>
   <trkpt lat="50.808910000000004" lon="4.6293500000000005">
    <ele>45.17</ele>
   </trkpt>
   <trkpt lat="50.80901" lon="4.62938">
    <ele>45.480000000000004</ele>
   </trkpt>
   <trkpt lat="50.80923000000001" lon="4.62934">
    <ele>43.71000000000001</ele>
   </trkpt>
   <trkpt lat="50.80935" lon="4.6292800000000005">
    <ele>43.71000000000001</ele>
   </trkpt>
   <trkpt lat="50.80948" lon="4.62917">
    <ele>44.4</ele>
   </trkpt>
   <trkpt lat="50.81013000313528" lon="4.628325011649414">
    <ele>49.92</ele>
   </trkpt>
   <trkpt lat="50.81078" lon="4.62748">
    <ele>49.92</ele>
   </trkpt>
   <trkpt lat="50.810770000000005" lon="4.62748">
    <ele>48.260000000000005</ele>
   </trkpt>
   <trkpt lat="50.81098" lon="4.627330000000001">
    <ele>47.99</ele>
   </trkpt>
   <trkpt lat="50.81112" lon="4.62727">
    <ele>46.77</ele>
   </trkpt>
   <trkpt lat="50.81136000000001" lon="4.62725">
    <ele>43.99</ele>
   </trkpt>
   <trkpt lat="50.81168" lon="4.6273">
    <ele>42.620000000000005</ele>
   </trkpt>
   <trkpt lat="50.81183000000001" lon="4.6273100000000005">
    <ele>41.56</ele>
   </trkpt>
   <trkpt lat="50.81195" lon="4.62729">
    <ele>40.53</ele>
   </trkpt>
   <trkpt lat="50.812160000000006" lon="4.6271700000000004">
    <ele>38.56</ele>
   </trkpt>
   <trkpt lat="50.81288000333207" lon="4.626543352674942">
    <ele>33.71</ele>
   </trkpt>
   <trkpt lat="50.81360000330751" lon="4.625916686030048">
    <ele>32.29</ele>
   </trkpt>
   <trkpt lat="50.81432" lon="4.625290000000001">
    <ele>32.580000000000005</ele>
   </trkpt>
   <trkpt lat="50.81495000174725" lon="4.624665008353488">
    <ele>32.53</ele>
   </trkpt>
   <trkpt lat="50.815580000000004" lon="4.624040000000001">
    <ele>33.510000000000005</ele>
   </trkpt>
   <trkpt lat="50.81568000000001" lon="4.62403">
    <ele>33.510000000000005</ele>
   </trkpt>
   <trkpt lat="50.81579000000001" lon="4.6241900000000005">
    <ele>33.620000000000005</ele>
   </trkpt>
   <trkpt lat="50.81593" lon="4.62445">
    <ele>34.09</ele>
   </trkpt>
   <trkpt lat="50.816230000000004" lon="4.62513">
    <ele>35.21000000000001</ele>
   </trkpt>
   <trkpt lat="50.81636" lon="4.62532">
    <ele>35.83</ele>
   </trkpt>
   <trkpt lat="50.816500000000005" lon="4.62546">
    <ele>36.53</ele>
   </trkpt>
   <trkpt lat="50.81676" lon="4.62567">
    <ele>38.06</ele>
   </trkpt>
   <trkpt lat="50.816930000000006" lon="4.625870000000001">
    <ele>39.82</ele>
   </trkpt>
   <trkpt lat="50.817170000000004" lon="4.626250000000001">
    <ele>48.7</ele>
   </trkpt>
   <trkpt lat="50.81721" lon="4.62628">
    <ele>48.7</ele>
   </trkpt>
   <trkpt lat="50.817260000000005" lon="4.62628">
    <ele>48.940000000000005</ele>
   </trkpt>
   <trkpt lat="50.817260000000005" lon="4.626270000000001">
    <ele>44.06</ele>
   </trkpt>
   <trkpt lat="50.81739" lon="4.62614">
    <ele>45.28</ele>
   </trkpt>
   <trkpt lat="50.817460000000004" lon="4.62594">
    <ele>47.42</ele>
   </trkpt>
   <trkpt lat="50.81748" lon="4.625450000000001">
    <ele>51.18</ele>
   </trkpt>
   <trkpt lat="50.817530000000005" lon="4.625380000000001">
    <ele>51.18</ele>
   </trkpt>
   <trkpt lat="50.817330000000005" lon="4.6248000000000005">
    <ele>51.71000000000001</ele>
   </trkpt>
   <trkpt lat="50.81749000000001" lon="4.624160000000001">
    <ele>51.95</ele>
   </trkpt>
   <trkpt lat="50.817510000000006" lon="4.62394">
    <ele>52.480000000000004</ele>
   </trkpt>
   <trkpt lat="50.8175" lon="4.6237200000000005">
    <ele>52.480000000000004</ele>
   </trkpt>
   <trkpt lat="50.81743" lon="4.62347">
    <ele>53.17</ele>
   </trkpt>
   <trkpt lat="50.817310000000006" lon="4.623150000000001">
    <ele>53.300000000000004</ele>
   </trkpt>
   <trkpt lat="50.81727" lon="4.62298">
    <ele>53.290000000000006</ele>
   </trkpt>
   <trkpt lat="50.817220000000006" lon="4.622610000000001">
    <ele>53.040000000000006</ele>
   </trkpt>
   <trkpt lat="50.81720000000001" lon="4.6219600000000005">
    <ele>53.56</ele>
   </trkpt>
   <trkpt lat="50.81739" lon="4.62174">
    <ele>54.61000000000001</ele>
   </trkpt>
   <trkpt lat="50.817915002062094" lon="4.621020008304656">
    <ele>58.43</ele>
   </trkpt>
   <trkpt lat="50.81844" lon="4.6203">
    <ele>63.32</ele>
   </trkpt>
   <trkpt lat="50.81857" lon="4.62007">
    <ele>63.32</ele>
   </trkpt>
   <trkpt lat="50.81879000000001" lon="4.6195200000000005">
    <ele>67.73</ele>
   </trkpt>
   <trkpt lat="50.81926000000001" lon="4.61847">
    <ele>73.26</ele>
   </trkpt>
   <trkpt lat="50.819500000000005" lon="4.61808">
    <ele>74.51</ele>
   </trkpt>
   <trkpt lat="50.820012507102014" lon="4.6173350245498055">
    <ele>78.09</ele>
   </trkpt>
   <trkpt lat="50.82052500946034" lon="4.6165900327467">
    <ele>83.23</ele>
   </trkpt>
   <trkpt lat="50.82103750707479" lon="4.615845024590178">
    <ele>84.27000000000001</ele>
   </trkpt>
   <trkpt lat="50.82155" lon="4.6151">
    <ele>84.51</ele>
   </trkpt>
   <trkpt lat="50.82164" lon="4.61496">
    <ele>85.06</ele>
   </trkpt>
   <trkpt lat="50.82201500078729" lon="4.6145000038378905">
    <ele>85.06</ele>
   </trkpt>
   <trkpt lat="50.822390000000006" lon="4.61404">
    <ele>85.15</ele>
   </trkpt>
   <trkpt lat="50.82299500204538" lon="4.613330009327641">
    <ele>85.53</ele>
   </trkpt>
   <trkpt lat="50.823600000000006" lon="4.612620000000001">
    <ele>85.82000000000001</ele>
   </trkpt>
   <trkpt lat="50.82423400944005" lon="4.6118760404377745">
    <ele>86.05</ele>
   </trkpt>
   <trkpt lat="50.82486801414945" lon="4.611132060670257">
    <ele>86.4</ele>
   </trkpt>
   <trkpt lat="50.825502014127984" lon="4.610388060696591">
    <ele>86.91</ele>
   </trkpt>
   <trkpt lat="50.826136009375396" lon="4.609644040515924">
    <ele>87.49000000000001</ele>
   </trkpt>
   <trkpt lat="50.82677" lon="4.6089">
    <ele>86.16</ele>
   </trkpt>
   <trkpt lat="50.827445010727175" lon="4.607985039698411">
    <ele>86.16</ele>
   </trkpt>
   <trkpt lat="50.82812001429923" lon="4.607070052937274">
    <ele>89.27</ele>
   </trkpt>
   <trkpt lat="50.82879501071581" lon="4.6061550397154685">
    <ele>89.27</ele>
   </trkpt>
   <trkpt lat="50.82947000000001" lon="4.60524">
    <ele>89.27</ele>
   </trkpt>
   <trkpt lat="50.82972" lon="4.6049500000000005">
    <ele>88.72</ele>
   </trkpt>
   <trkpt lat="50.82999" lon="4.604690000000001">
    <ele>87.88000000000001</ele>
   </trkpt>
   <trkpt lat="50.830560000000006" lon="4.60419">
    <ele>85.70000000000002</ele>
   </trkpt>
   <trkpt lat="50.83130750496346" lon="4.603567529910319">
    <ele>85.10000000000001</ele>
   </trkpt>
   <trkpt lat="50.83205500661529" lon="4.602945039883452">
    <ele>87.17000000000002</ele>
   </trkpt>
   <trkpt lat="50.832802504955346" lon="4.602322529918317">
    <ele>91.44000000000001</ele>
   </trkpt>
   <trkpt lat="50.83355" lon="4.6017">
    <ele>93.87</ele>
   </trkpt>
   <trkpt lat="50.833830000000006" lon="4.601380000000001">
    <ele>94.1</ele>
   </trkpt>
   <trkpt lat="50.834210000000006" lon="4.60078">
    <ele>94.09</ele>
   </trkpt>
   <trkpt lat="50.834410000000005" lon="4.60055">
    <ele>93.58000000000001</ele>
   </trkpt>
   <trkpt lat="50.835183336378314" lon="4.5999566863018995">
    <ele>92.99</ele>
   </trkpt>
   <trkpt lat="50.83595666974808" lon="4.59936335294104">
    <ele>92.62</ele>
   </trkpt>
   <trkpt lat="50.83673" lon="4.59877">
    <ele>92.21000000000001</ele>
   </trkpt>
   <trkpt lat="50.83695" lon="4.59858">
    <ele>92.21000000000001</ele>
   </trkpt>
   <trkpt lat="50.837250000000004" lon="4.59825">
    <ele>99.17</ele>
   </trkpt>
   <trkpt lat="50.837861677667576" lon="4.597531713771493">
    <ele>99.17</ele>
   </trkpt>
   <trkpt lat="50.83847335092582" lon="4.596813408712955">
    <ele>99.17</ele>
   </trkpt>
   <trkpt lat="50.839085019774494" lon="4.596095084823616">
    <ele>84.61</ele>
   </trkpt>
   <trkpt lat="50.839696684213415" lon="4.595376742102708">
    <ele>84.61</ele>
   </trkpt>
   <trkpt lat="50.84030834424237" lon="4.594658380549463">
    <ele>84.61</ele>
   </trkpt>
   <trkpt lat="50.840920000000004" lon="4.593940000000001">
    <ele>84.61</ele>
   </trkpt>
   <trkpt lat="50.84091" lon="4.593940000000001">
    <ele>84.29</ele>
   </trkpt>
   <trkpt lat="50.84113000000001" lon="4.593730000000001">
    <ele>83.9</ele>
   </trkpt>
   <trkpt lat="50.84138" lon="4.59358">
    <ele>83.9</ele>
   </trkpt>
   <trkpt lat="50.841750000000005" lon="4.59358">
    <ele>82.97</ele>
   </trkpt>
   <trkpt lat="50.84192" lon="4.59363">
    <ele>82.11</ele>
   </trkpt>
   <trkpt lat="50.84257" lon="4.59402">
    <ele>78.14</ele>
   </trkpt>
   <trkpt lat="50.843090000000004" lon="4.59414">
    <ele>74.99</ele>
   </trkpt>
   <trkpt lat="50.84378" lon="4.594270000000001">
    <ele>72.10000000000001</ele>
   </trkpt>
   <trkpt lat="50.84405" lon="4.59429">
    <ele>70.35000000000001</ele>
   </trkpt>
   <trkpt lat="50.84433000000001" lon="4.594270000000001">
    <ele>68.88000000000001</ele>
   </trkpt>
   <trkpt lat="50.84469000000001" lon="4.594110000000001">
    <ele>67.44</ele>
   </trkpt>
   <trkpt lat="50.845415001568334" lon="4.593505009398065">
    <ele>63.46</ele>
   </trkpt>
   <trkpt lat="50.846140000000005" lon="4.5929">
    <ele>60.46000000000001</ele>
   </trkpt>
   <trkpt lat="50.846500000000006" lon="4.5926">
    <ele>58.620000000000005</ele>
   </trkpt>
   <trkpt lat="50.846945000714726" lon="4.592170004174495">
    <ele>57.260000000000005</ele>
   </trkpt>
   <trkpt lat="50.847390000000004" lon="4.591740000000001">
    <ele>54.970000000000006</ele>
   </trkpt>
   <trkpt lat="50.84769000000001" lon="4.5914600000000005">
    <ele>53.75000000000001</ele>
   </trkpt>
   <trkpt lat="50.847280000000005" lon="4.5904300000000005">
    <ele>53.65</ele>
   </trkpt>
   <trkpt lat="50.847240000000006" lon="4.590260000000001">
    <ele>53.65</ele>
   </trkpt>
   <trkpt lat="50.84707" lon="4.5892100000000005">
    <ele>51.68</ele>
   </trkpt>
   <trkpt lat="50.846990000000005" lon="4.58889">
    <ele>51.35000000000001</ele>
   </trkpt>
   <trkpt lat="50.84687" lon="4.58858">
    <ele>51.190000000000005</ele>
   </trkpt>
   <trkpt lat="50.846340000000005" lon="4.5878000000000005">
    <ele>52.010000000000005</ele>
   </trkpt>
   <trkpt lat="50.84597" lon="4.587160000000001">
    <ele>53.2</ele>
   </trkpt>
   <trkpt lat="50.84608" lon="4.58711">
    <ele>52.06</ele>
   </trkpt>
   <trkpt lat="50.846500000000006" lon="4.586740000000001">
    <ele>50.49000000000001</ele>
   </trkpt>
   <trkpt lat="50.84712500297318" lon="4.585900011309813">
    <ele>49.46</ele>
   </trkpt>
   <trkpt lat="50.847750000000005" lon="4.58506">
    <ele>49.290000000000006</ele>
   </trkpt>
   <trkpt lat="50.84826667130122" lon="4.5843233496555245">
    <ele>50.400000000000006</ele>
   </trkpt>
   <trkpt lat="50.84878333796512" lon="4.583586682993067">
    <ele>52.88</ele>
   </trkpt>
   <trkpt lat="50.84930000000001" lon="4.5828500000000005">
    <ele>55.81</ele>
   </trkpt>
   <trkpt lat="50.8498133371247" lon="4.5821833480149">
    <ele>59.92000000000001</ele>
   </trkpt>
   <trkpt lat="50.85032667045156" lon="4.581516681356873">
    <ele>63.61</ele>
   </trkpt>
   <trkpt lat="50.850840000000005" lon="4.580850000000001">
    <ele>67.48</ele>
   </trkpt>
   <trkpt lat="50.851020000000005" lon="4.580570000000001">
    <ele>67.48</ele>
   </trkpt>
   <trkpt lat="50.8513" lon="4.57948">
    <ele>74.61000000000001</ele>
   </trkpt>
   <trkpt lat="50.85137" lon="4.57931">
    <ele>75.19000000000001</ele>
   </trkpt>
   <trkpt lat="50.851510000000005" lon="4.579160000000001">
    <ele>76.29</ele>
   </trkpt>
   <trkpt lat="50.851380000000006" lon="4.5788">
    <ele>76.29</ele>
   </trkpt>
   <trkpt lat="50.85163000000001" lon="4.5785800000000005">
    <ele>75.71</ele>
   </trkpt>
   <trkpt lat="50.851835002145656" lon="4.577890002657413">
    <ele>74.47000000000001</ele>
   </trkpt>
   <trkpt lat="50.85204" lon="4.5772">
    <ele>74.28000000000002</ele>
   </trkpt>
   <trkpt lat="50.852180000000004" lon="4.5766100000000005">
    <ele>73.91</ele>
   </trkpt>
   <trkpt lat="50.852320000000006" lon="4.575690000000001">
    <ele>73.19</ele>
   </trkpt>
   <trkpt lat="50.852380000000004" lon="4.57491">
    <ele>71.67000000000002</ele>
   </trkpt>
   <trkpt lat="50.852380000000004" lon="4.574350000000001">
    <ele>70.55</ele>
   </trkpt>
   <trkpt lat="50.85234000705092" lon="4.573064998766506">
    <ele>67.16000000000001</ele>
   </trkpt>
   <trkpt lat="50.85230000000001" lon="4.57178">
    <ele>63.14</ele>
   </trkpt>
   <trkpt lat="50.852410000000006" lon="4.571750000000001">
    <ele>62.03</ele>
   </trkpt>
   <trkpt lat="50.85314333828389" lon="4.570990023883558">
    <ele>60.370000000000005</ele>
   </trkpt>
   <trkpt lat="50.85387667163224" lon="4.570230023868487">
    <ele>60.050000000000004</ele>
   </trkpt>
   <trkpt lat="50.85461" lon="4.569470000000001">
    <ele>60.52</ele>
   </trkpt>
   <trkpt lat="50.855030000000006" lon="4.568910000000001">
    <ele>60.71000000000001</ele>
   </trkpt>
   <trkpt lat="50.8554500035362" lon="4.568000008199202">
    <ele>60.89000000000001</ele>
   </trkpt>
   <trkpt lat="50.85587" lon="4.56709">
    <ele>61.230000000000004</ele>
   </trkpt>
   <trkpt lat="50.856100002734024" lon="4.566290003946704">
    <ele>62.31</ele>
   </trkpt>
   <trkpt lat="50.85633000000001" lon="4.5654900000000005">
    <ele>64.47</ele>
   </trkpt>
   <trkpt lat="50.85649" lon="4.5648100000000005">
    <ele>66.85000000000001</ele>
   </trkpt>
   <trkpt lat="50.85669000000001" lon="4.563700000000001">
    <ele>71.91</ele>
   </trkpt>
   <trkpt lat="50.85678000000001" lon="4.563370000000001">
    <ele>73.4</ele>
   </trkpt>
   <trkpt lat="50.856880000000004" lon="4.5631900000000005">
    <ele>75.66</ele>
   </trkpt>
   <trkpt lat="50.85757" lon="4.56231">
    <ele>83.69</ele>
   </trkpt>
   <trkpt lat="50.857710000000004" lon="4.56205">
    <ele>85.71000000000001</ele>
   </trkpt>
   <trkpt lat="50.85788" lon="4.56153">
    <ele>88.13000000000001</ele>
   </trkpt>
   <trkpt lat="50.85792000000001" lon="4.5613">
    <ele>89.32000000000001</ele>
   </trkpt>
   <trkpt lat="50.85792000000001" lon="4.56114">
    <ele>90.47000000000001</ele>
   </trkpt>
   <trkpt lat="50.85786" lon="4.560580000000001">
    <ele>92.76</ele>
   </trkpt>
   <trkpt lat="50.85779" lon="4.55937">
    <ele>94.89</ele>
   </trkpt>
   <trkpt lat="50.85764000215853" lon="4.558654997577957">
    <ele>95.11000000000001</ele>
   </trkpt>
   <trkpt lat="50.857490000000006" lon="4.55794">
    <ele>94.91000000000001</ele>
   </trkpt>
   <trkpt lat="50.85721000294104" lon="4.557119995276407">
    <ele>94.34</ele>
   </trkpt>
   <trkpt lat="50.856930000000006" lon="4.5563">
    <ele>94.7</ele>
   </trkpt>
   <trkpt lat="50.856680000000004" lon="4.55539">
    <ele>94.99000000000001</ele>
   </trkpt>
   <trkpt lat="50.85652500301963" lon="4.554549997235066">
    <ele>96.05000000000001</ele>
   </trkpt>
   <trkpt lat="50.856370000000005" lon="4.553710000000001">
    <ele>96.9</ele>
   </trkpt>
   <trkpt lat="50.85627" lon="4.55327">
    <ele>97.27000000000001</ele>
   </trkpt>
   <trkpt lat="50.85618" lon="4.552960000000001">
    <ele>97.24000000000001</ele>
   </trkpt>
   <trkpt lat="50.85593" lon="4.552370000000001">
    <ele>96.77000000000001</ele>
   </trkpt>
   <trkpt lat="50.85589" lon="4.55222">
    <ele>96.77000000000001</ele>
   </trkpt>
   <trkpt lat="50.85615000000001" lon="4.55222">
    <ele>97.44000000000001</ele>
   </trkpt>
   <trkpt lat="50.856739999957455" lon="4.552215000063619">
    <ele>99.09</ele>
   </trkpt>
   <trkpt lat="50.857330000000005" lon="4.5522100000000005">
    <ele>101.20000000000002</ele>
   </trkpt>
   <trkpt lat="50.85765000000001" lon="4.55226">
    <ele>101.44</ele>
   </trkpt>
   <trkpt lat="50.85779" lon="4.55233">
    <ele>101.54</ele>
   </trkpt>
   <trkpt lat="50.85810000000001" lon="4.55255">
    <ele>101.54</ele>
   </trkpt>
   <trkpt lat="50.85831" lon="4.552790000000001">
    <ele>101.43</ele>
   </trkpt>
   <trkpt lat="50.85855" lon="4.553100000000001">
    <ele>101.43</ele>
   </trkpt>
   <trkpt lat="50.85889000093627" lon="4.5535749964979875">
    <ele>101.10000000000001</ele>
   </trkpt>
   <trkpt lat="50.859230000000004" lon="4.55405">
    <ele>100.86</ele>
   </trkpt>
   <trkpt lat="50.85951000000001" lon="4.5545100000000005">
    <ele>100.66000000000001</ele>
   </trkpt>
   <trkpt lat="50.859970003386344" lon="4.55539999122442">
    <ele>100.22</ele>
   </trkpt>
   <trkpt lat="50.86043" lon="4.556290000000001">
    <ele>99.54</ele>
   </trkpt>
   <trkpt lat="50.86065000000001" lon="4.55665">
    <ele>99.35000000000001</ele>
   </trkpt>
   <trkpt lat="50.86075" lon="4.556760000000001">
    <ele>99.28</ele>
   </trkpt>
   <trkpt lat="50.86086" lon="4.55684">
    <ele>99.28</ele>
   </trkpt>
   <trkpt lat="50.86104" lon="4.556900000000001">
    <ele>98.99000000000001</ele>
   </trkpt>
   <trkpt lat="50.86176666673325" lon="4.556983330736684">
    <ele>98.17</ele>
   </trkpt>
   <trkpt lat="50.86249333340718" lon="4.557066664070798">
    <ele>97.41000000000001</ele>
   </trkpt>
   <trkpt lat="50.863220000000005" lon="4.55715">
    <ele>95.18</ele>
   </trkpt>
   <trkpt lat="50.863400000000006" lon="4.55722">
    <ele>95.18</ele>
   </trkpt>
   <trkpt lat="50.86368" lon="4.55743">
    <ele>92.11000000000001</ele>
   </trkpt>
   <trkpt lat="50.86426333599025" lon="4.557986652745528">
    <ele>88.03000000000002</ele>
   </trkpt>
   <trkpt lat="50.86484666933285" lon="4.5585433194207985">
    <ele>84.52000000000001</ele>
   </trkpt>
   <trkpt lat="50.86543" lon="4.5591">
    <ele>81.03</ele>
   </trkpt>
   <trkpt lat="50.86569" lon="4.55938">
    <ele>78.99000000000001</ele>
   </trkpt>
   <trkpt lat="50.866310000000006" lon="4.56017">
    <ele>73.78000000000002</ele>
   </trkpt>
   <trkpt lat="50.86652" lon="4.5604000000000005">
    <ele>71.85000000000001</ele>
   </trkpt>
   <trkpt lat="50.867130003151296" lon="4.560897480453287">
    <ele>68.38000000000001</ele>
   </trkpt>
   <trkpt lat="50.86774000418794" lon="4.56139497392603">
    <ele>66.11</ele>
   </trkpt>
   <trkpt lat="50.86835000310983" lon="4.561892480418812">
    <ele>65.75</ele>
   </trkpt>
   <trkpt lat="50.86896" lon="4.562390000000001">
    <ele>66.02000000000001</ele>
   </trkpt>
   <trkpt lat="50.86932" lon="4.56278">
    <ele>65.91000000000001</ele>
   </trkpt>
   <trkpt lat="50.869925002344914" lon="4.563509990607644">
    <ele>66.02000000000001</ele>
   </trkpt>
   <trkpt lat="50.87053" lon="4.564240000000001">
    <ele>66.15</ele>
   </trkpt>
   <trkpt lat="50.870670000000004" lon="4.56437">
    <ele>66.15</ele>
   </trkpt>
   <trkpt lat="50.870990000000006" lon="4.56461">
    <ele>66.78</ele>
   </trkpt>
   <trkpt lat="50.871170000000006" lon="4.564710000000001">
    <ele>66.78</ele>
   </trkpt>
   <trkpt lat="50.87190500053187" lon="4.565039994826062">
    <ele>65.73</ele>
   </trkpt>
   <trkpt lat="50.872640000000004" lon="4.565370000000001">
    <ele>64.08000000000001</ele>
   </trkpt>
   <trkpt lat="50.872780000000006" lon="4.56547">
    <ele>64.08000000000001</ele>
   </trkpt>
   <trkpt lat="50.87288" lon="4.5656300000000005">
    <ele>63.72</ele>
   </trkpt>
   <trkpt lat="50.872980000000005" lon="4.5659600000000005">
    <ele>63.40000000000001</ele>
   </trkpt>
   <trkpt lat="50.873160000000006" lon="4.56717">
    <ele>62.080000000000005</ele>
   </trkpt>
   <trkpt lat="50.87326" lon="4.567620000000001">
    <ele>61.82000000000001</ele>
   </trkpt>
   <trkpt lat="50.873360000000005" lon="4.56784">
    <ele>61.06</ele>
   </trkpt>
   <trkpt lat="50.87351" lon="4.5681">
    <ele>60.56</ele>
   </trkpt>
   <trkpt lat="50.87368000000001" lon="4.56826">
    <ele>60.35000000000001</ele>
   </trkpt>
   <trkpt lat="50.873870000000004" lon="4.56838">
    <ele>60.18</ele>
   </trkpt>
   <trkpt lat="50.8746" lon="4.56871">
    <ele>57.18</ele>
   </trkpt>
   <trkpt lat="50.874790000000004" lon="4.5687500000000005">
    <ele>57.11000000000001</ele>
   </trkpt>
   <trkpt lat="50.874990000000004" lon="4.568700000000001">
    <ele>60.17000000000001</ele>
   </trkpt>
   <trkpt lat="50.875150000000005" lon="4.56864">
    <ele>60.17000000000001</ele>
   </trkpt>
   <trkpt lat="50.87559" lon="4.56857">
    <ele>59.690000000000005</ele>
   </trkpt>
   <trkpt lat="50.87597" lon="4.568490000000001">
    <ele>59.260000000000005</ele>
   </trkpt>
   <trkpt lat="50.87662" lon="4.56822">
    <ele>57.580000000000005</ele>
   </trkpt>
   <trkpt lat="50.87706000000001" lon="4.5681400000000005">
    <ele>56.580000000000005</ele>
   </trkpt>
   <trkpt lat="50.877190000000006" lon="4.56815">
    <ele>56.050000000000004</ele>
   </trkpt>
   <trkpt lat="50.8772" lon="4.5681">
    <ele>56.050000000000004</ele>
   </trkpt>
   <trkpt lat="50.87724000000001" lon="4.568020000000001">
    <ele>55.64</ele>
   </trkpt>
   <trkpt lat="50.877300000000005" lon="4.5680000000000005">
    <ele>55.64</ele>
   </trkpt>
   <trkpt lat="50.87733" lon="4.56801">
    <ele>55.84</ele>
   </trkpt>
   <trkpt lat="50.877390000000005" lon="4.5681">
    <ele>55.84</ele>
   </trkpt>
   <trkpt lat="50.87783" lon="4.5678600000000005">
    <ele>53.74</ele>
   </trkpt>
   <trkpt lat="50.87834500078646" lon="4.567430004755095">
    <ele>50.910000000000004</ele>
   </trkpt>
   <trkpt lat="50.87886" lon="4.567">
    <ele>47.510000000000005</ele>
   </trkpt>
   <trkpt lat="50.87944000054393" lon="4.566675003993348">
    <ele>45.87</ele>
   </trkpt>
   <trkpt lat="50.88002" lon="4.566350000000001">
    <ele>45.43000000000001</ele>
   </trkpt>
   <trkpt lat="50.880030000000005" lon="4.56625">
    <ele>45.43000000000001</ele>
   </trkpt>
   <trkpt lat="50.88009" lon="4.566190000000001">
    <ele>45.43000000000001</ele>
   </trkpt>
   <trkpt lat="50.88007500397583" lon="4.5652249995527665">
    <ele>45.62</ele>
   </trkpt>
   <trkpt lat="50.88006000000001" lon="4.56426">
    <ele>46.3</ele>
   </trkpt>
   <trkpt lat="50.88009" lon="4.564">
    <ele>46.6</ele>
   </trkpt>
   <trkpt lat="50.8802800044732" lon="4.562975004259301">
    <ele>49.06</ele>
   </trkpt>
   <trkpt lat="50.88047" lon="4.56195">
    <ele>50.81</ele>
   </trkpt>
   <trkpt lat="50.880500000000005" lon="4.5613600000000005">
    <ele>51.050000000000004</ele>
   </trkpt>
   <trkpt lat="50.88045" lon="4.56078">
    <ele>55.81</ele>
   </trkpt>
   <trkpt lat="50.88046000000001" lon="4.5608">
    <ele>55.81</ele>
   </trkpt>
   <trkpt lat="50.8802566791076" lon="4.5595933228095475">
    <ele>55.81</ele>
   </trkpt>
   <trkpt lat="50.880053345775444" lon="4.558386656150045">
    <ele>53.42</ele>
   </trkpt>
   <trkpt lat="50.879850000000005" lon="4.557180000000001">
    <ele>53.42</ele>
   </trkpt>
   <trkpt lat="50.879585004370135" lon="4.556164994109897">
    <ele>53.050000000000004</ele>
   </trkpt>
   <trkpt lat="50.87932000000001" lon="4.55515">
    <ele>51.510000000000005</ele>
   </trkpt>
   <trkpt lat="50.87917000588044" lon="4.553974996082411">
    <ele>50.81</ele>
   </trkpt>
   <trkpt lat="50.879020000000004" lon="4.5528">
    <ele>50.980000000000004</ele>
   </trkpt>
   <trkpt lat="50.87888" lon="4.5515300000000005">
    <ele>51.09</ele>
   </trkpt>
  </trkseg>
 </trk>
</gpx>
