<?xml version="1.0" encoding="UTF-8"?>
<gpx creator="StravaGPX" version="1.1" xmlns="http://www.topografix.com/GPX/1/1" xmlns:xsi="http://www.w3.org/2001/XMLSchema-instance" xsi:schemaLocation="http://www.topografix.com/GPX/1/1 http://www.topografix.com/GPX/1/1/gpx.xsd">
 <metadata>
  <name>OA26-Waterloo-94Km867Hm</name>
  <author>
   <name>Haecky 🐻</name>
   <link href="https://www.strava.com/athletes/1643587"/>
  </author>
  <copyright author="OpenStreetMap contributors">
   <year>2020</year>
   <license>https://www.openstreetmap.org/copyright</license>
  </copyright>
  <link href="https://www.strava.com/routes/3525532299785152218"/>
 </metadata>
 <trk>
  <name>OA26-Waterloo-94Km867Hm</name>
  <link href="https://www.strava.com/routes/3525532299785152218"/>
  <type>cycling</type>
  <trkseg>
   <trkpt lat="50.8785" lon="4.554480000000001">
    <ele>50.04</ele>
   </trkpt>
   <trkpt lat="50.878350000000005" lon="4.55445">
    <ele>50.010000000000005</ele>
   </trkpt>
   <trkpt lat="50.87762000000001" lon="4.55445">
    <ele>50.14</ele>
   </trkpt>
   <trkpt lat="50.877030000000005" lon="4.5544">
    <ele>50.24000000000001</ele>
   </trkpt>
   <trkpt lat="50.87641000000001" lon="4.55416">
    <ele>50.71</ele>
   </trkpt>
   <trkpt lat="50.87628" lon="4.55405">
    <ele>51.14</ele>
   </trkpt>
   <trkpt lat="50.87612000000001" lon="4.55447">
    <ele>51.10000000000001</ele>
   </trkpt>
   <trkpt lat="50.876020000000004" lon="4.5548">
    <ele>51.10000000000001</ele>
   </trkpt>
   <trkpt lat="50.87599" lon="4.5551200000000005">
    <ele>50.980000000000004</ele>
   </trkpt>
   <trkpt lat="50.876050000000006" lon="4.55633">
    <ele>50.85000000000001</ele>
   </trkpt>
   <trkpt lat="50.876020000000004" lon="4.55666">
    <ele>50.940000000000005</ele>
   </trkpt>
   <trkpt lat="50.87603000000001" lon="4.55694">
    <ele>50.940000000000005</ele>
   </trkpt>
   <trkpt lat="50.87630000000001" lon="4.55789">
    <ele>50.830000000000005</ele>
   </trkpt>
   <trkpt lat="50.87635" lon="4.55816">
    <ele>50.730000000000004</ele>
   </trkpt>
   <trkpt lat="50.876380000000005" lon="4.5585">
    <ele>50.510000000000005</ele>
   </trkpt>
   <trkpt lat="50.87643334822047" lon="4.559819996993711">
    <ele>50.07</ele>
   </trkpt>
   <trkpt lat="50.876486681554425" lon="4.561139997009157">
    <ele>49.720000000000006</ele>
   </trkpt>
   <trkpt lat="50.876540000000006" lon="4.562460000000001">
    <ele>49.59</ele>
   </trkpt>
   <trkpt lat="50.8766" lon="4.5630500000000005">
    <ele>49.510000000000005</ele>
   </trkpt>
   <trkpt lat="50.87676000778726" lon="4.564399995380468">
    <ele>49.6</ele>
   </trkpt>
   <trkpt lat="50.876920000000005" lon="4.56575">
    <ele>50.440000000000005</ele>
   </trkpt>
   <trkpt lat="50.877070004714774" lon="4.566799996655885">
    <ele>52.18</ele>
   </trkpt>
   <trkpt lat="50.87722" lon="4.56785">
    <ele>55.24</ele>
   </trkpt>
   <trkpt lat="50.87724000000001" lon="4.568020000000001">
    <ele>55.64</ele>
   </trkpt>
   <trkpt lat="50.877300000000005" lon="4.5680000000000005">
    <ele>55.64</ele>
   </trkpt>
   <trkpt lat="50.87733" lon="4.56801">
    <ele>55.84</ele>
   </trkpt>
   <trkpt lat="50.877390000000005" lon="4.5681">
    <ele>55.84</ele>
   </trkpt>
   <trkpt lat="50.8774" lon="4.56817">
    <ele>55.93000000000001</ele>
   </trkpt>
   <trkpt lat="50.87735000000001" lon="4.568300000000001">
    <ele>55.93000000000001</ele>
   </trkpt>
   <trkpt lat="50.877300000000005" lon="4.56832">
    <ele>55.93000000000001</ele>
   </trkpt>
   <trkpt lat="50.87727" lon="4.56832">
    <ele>56.050000000000004</ele>
   </trkpt>
   <trkpt lat="50.877210000000005" lon="4.56826">
    <ele>56.050000000000004</ele>
   </trkpt>
   <trkpt lat="50.877190000000006" lon="4.56815">
    <ele>56.050000000000004</ele>
   </trkpt>
   <trkpt lat="50.87706000000001" lon="4.5681400000000005">
    <ele>56.580000000000005</ele>
   </trkpt>
   <trkpt lat="50.87662" lon="4.56822">
    <ele>58.1</ele>
   </trkpt>
   <trkpt lat="50.87597" lon="4.568490000000001">
    <ele>59.260000000000005</ele>
   </trkpt>
   <trkpt lat="50.87559" lon="4.56857">
    <ele>59.690000000000005</ele>
   </trkpt>
   <trkpt lat="50.875150000000005" lon="4.56864">
    <ele>57.230000000000004</ele>
   </trkpt>
   <trkpt lat="50.874990000000004" lon="4.568700000000001">
    <ele>57.230000000000004</ele>
   </trkpt>
   <trkpt lat="50.874790000000004" lon="4.5687500000000005">
    <ele>57.11000000000001</ele>
   </trkpt>
   <trkpt lat="50.8746" lon="4.56871">
    <ele>60.480000000000004</ele>
   </trkpt>
   <trkpt lat="50.873870000000004" lon="4.56838">
    <ele>60.18</ele>
   </trkpt>
   <trkpt lat="50.87368000000001" lon="4.56826">
    <ele>60.56</ele>
   </trkpt>
   <trkpt lat="50.87351" lon="4.5681">
    <ele>61.06</ele>
   </trkpt>
   <trkpt lat="50.873360000000005" lon="4.56784">
    <ele>61.06</ele>
   </trkpt>
   <trkpt lat="50.87326" lon="4.567620000000001">
    <ele>61.82000000000001</ele>
   </trkpt>
   <trkpt lat="50.873160000000006" lon="4.56717">
    <ele>62.080000000000005</ele>
   </trkpt>
   <trkpt lat="50.872980000000005" lon="4.5659600000000005">
    <ele>63.40000000000001</ele>
   </trkpt>
   <trkpt lat="50.87288" lon="4.5656300000000005">
    <ele>63.72</ele>
   </trkpt>
   <trkpt lat="50.872780000000006" lon="4.56547">
    <ele>64.08000000000001</ele>
   </trkpt>
   <trkpt lat="50.872640000000004" lon="4.565370000000001">
    <ele>64.08000000000001</ele>
   </trkpt>
   <trkpt lat="50.8719050003986" lon="4.565039994766231">
    <ele>65.73</ele>
   </trkpt>
   <trkpt lat="50.871170000000006" lon="4.564710000000001">
    <ele>66.78</ele>
   </trkpt>
   <trkpt lat="50.870990000000006" lon="4.56461">
    <ele>66.78</ele>
   </trkpt>
   <trkpt lat="50.870670000000004" lon="4.56437">
    <ele>66.15</ele>
   </trkpt>
   <trkpt lat="50.87053" lon="4.564240000000001">
    <ele>66.15</ele>
   </trkpt>
   <trkpt lat="50.86992500220822" lon="4.563509990442698">
    <ele>66.02000000000001</ele>
   </trkpt>
   <trkpt lat="50.86932" lon="4.56278">
    <ele>65.91000000000001</ele>
   </trkpt>
   <trkpt lat="50.86896" lon="4.562390000000001">
    <ele>66.02000000000001</ele>
   </trkpt>
   <trkpt lat="50.86835000319295" lon="4.561892480486602">
    <ele>65.75</ele>
   </trkpt>
   <trkpt lat="50.86774000427106" lon="4.561394973993818">
    <ele>66.61</ele>
   </trkpt>
   <trkpt lat="50.86713000323441" lon="4.560897480521072">
    <ele>68.38000000000001</ele>
   </trkpt>
   <trkpt lat="50.86652" lon="4.5604000000000005">
    <ele>71.85000000000001</ele>
   </trkpt>
   <trkpt lat="50.866310000000006" lon="4.56017">
    <ele>73.78000000000002</ele>
   </trkpt>
   <trkpt lat="50.86569" lon="4.55938">
    <ele>78.99000000000001</ele>
   </trkpt>
   <trkpt lat="50.86543" lon="4.5591">
    <ele>81.03</ele>
   </trkpt>
   <trkpt lat="50.8648466693052" lon="4.558543319394413">
    <ele>84.52000000000001</ele>
   </trkpt>
   <trkpt lat="50.864263335962605" lon="4.557986652719144">
    <ele>88.03000000000002</ele>
   </trkpt>
   <trkpt lat="50.86368" lon="4.55743">
    <ele>92.11000000000001</ele>
   </trkpt>
   <trkpt lat="50.863400000000006" lon="4.55722">
    <ele>95.18</ele>
   </trkpt>
   <trkpt lat="50.863220000000005" lon="4.55715">
    <ele>95.18</ele>
   </trkpt>
   <trkpt lat="50.86249333338544" lon="4.557066664068307">
    <ele>97.58000000000001</ele>
   </trkpt>
   <trkpt lat="50.86176666671152" lon="4.556983330734192">
    <ele>98.17</ele>
   </trkpt>
   <trkpt lat="50.86104" lon="4.556900000000001">
    <ele>98.99000000000001</ele>
   </trkpt>
   <trkpt lat="50.86086" lon="4.55684">
    <ele>99.28</ele>
   </trkpt>
   <trkpt lat="50.86075" lon="4.556760000000001">
    <ele>99.28</ele>
   </trkpt>
   <trkpt lat="50.86065000000001" lon="4.55665">
    <ele>99.35000000000001</ele>
   </trkpt>
   <trkpt lat="50.86043" lon="4.556290000000001">
    <ele>99.54</ele>
   </trkpt>
   <trkpt lat="50.85997000338193" lon="4.55539999121589">
    <ele>100.22</ele>
   </trkpt>
   <trkpt lat="50.85951000000001" lon="4.5545100000000005">
    <ele>100.66000000000001</ele>
   </trkpt>
   <trkpt lat="50.859230000000004" lon="4.55405">
    <ele>100.86</ele>
   </trkpt>
   <trkpt lat="50.85889000099165" lon="4.55357499657534">
    <ele>101.10000000000001</ele>
   </trkpt>
   <trkpt lat="50.85855" lon="4.553100000000001">
    <ele>101.43</ele>
   </trkpt>
   <trkpt lat="50.85831" lon="4.552790000000001">
    <ele>101.43</ele>
   </trkpt>
   <trkpt lat="50.85810000000001" lon="4.55255">
    <ele>101.54</ele>
   </trkpt>
   <trkpt lat="50.85779" lon="4.55233">
    <ele>101.54</ele>
   </trkpt>
   <trkpt lat="50.85765000000001" lon="4.55226">
    <ele>101.44</ele>
   </trkpt>
   <trkpt lat="50.857330000000005" lon="4.5522100000000005">
    <ele>101.20000000000002</ele>
   </trkpt>
   <trkpt lat="50.85674000004278" lon="4.552215000062896">
    <ele>99.09</ele>
   </trkpt>
   <trkpt lat="50.85615000000001" lon="4.55222">
    <ele>97.44000000000001</ele>
   </trkpt>
   <trkpt lat="50.85589" lon="4.5522100000000005">
    <ele>97.10000000000001</ele>
   </trkpt>
   <trkpt lat="50.855880000000006" lon="4.55222">
    <ele>97.09</ele>
   </trkpt>
   <trkpt lat="50.85593" lon="4.552370000000001">
    <ele>96.95</ele>
   </trkpt>
   <trkpt lat="50.85618" lon="4.552960000000001">
    <ele>97.24000000000001</ele>
   </trkpt>
   <trkpt lat="50.85627" lon="4.55327">
    <ele>97.2</ele>
   </trkpt>
   <trkpt lat="50.856370000000005" lon="4.553710000000001">
    <ele>96.9</ele>
   </trkpt>
   <trkpt lat="50.856525003009686" lon="4.554549997181176">
    <ele>96.05000000000001</ele>
   </trkpt>
   <trkpt lat="50.856680000000004" lon="4.55539">
    <ele>94.99000000000001</ele>
   </trkpt>
   <trkpt lat="50.856930000000006" lon="4.5563">
    <ele>94.67</ele>
   </trkpt>
   <trkpt lat="50.857210002804564" lon="4.557119994876723">
    <ele>94.34</ele>
   </trkpt>
   <trkpt lat="50.857490000000006" lon="4.55794">
    <ele>94.91000000000001</ele>
   </trkpt>
   <trkpt lat="50.857640002209806" lon="4.5586549978223365">
    <ele>95.13000000000001</ele>
   </trkpt>
   <trkpt lat="50.85779" lon="4.55937">
    <ele>94.75</ele>
   </trkpt>
   <trkpt lat="50.85786" lon="4.560580000000001">
    <ele>92.1</ele>
   </trkpt>
   <trkpt lat="50.85792000000001" lon="4.56114">
    <ele>90.47000000000001</ele>
   </trkpt>
   <trkpt lat="50.85792000000001" lon="4.5613">
    <ele>89.32000000000001</ele>
   </trkpt>
   <trkpt lat="50.85788" lon="4.56153">
    <ele>88.13000000000001</ele>
   </trkpt>
   <trkpt lat="50.857710000000004" lon="4.56205">
    <ele>84.84000000000002</ele>
   </trkpt>
   <trkpt lat="50.85757" lon="4.56231">
    <ele>83.69</ele>
   </trkpt>
   <trkpt lat="50.856880000000004" lon="4.5631900000000005">
    <ele>74.41</ele>
   </trkpt>
   <trkpt lat="50.85678000000001" lon="4.563370000000001">
    <ele>73.4</ele>
   </trkpt>
   <trkpt lat="50.85669000000001" lon="4.563700000000001">
    <ele>71.91</ele>
   </trkpt>
   <trkpt lat="50.85649" lon="4.5648100000000005">
    <ele>66.85000000000001</ele>
   </trkpt>
   <trkpt lat="50.85633000000001" lon="4.5654900000000005">
    <ele>64.47</ele>
   </trkpt>
   <trkpt lat="50.85610000273475" lon="4.5662900039442045">
    <ele>62.31</ele>
   </trkpt>
   <trkpt lat="50.85587" lon="4.56709">
    <ele>61.120000000000005</ele>
   </trkpt>
   <trkpt lat="50.8554500035399" lon="4.5680000081912056">
    <ele>60.89000000000001</ele>
   </trkpt>
   <trkpt lat="50.855030000000006" lon="4.568910000000001">
    <ele>60.71000000000001</ele>
   </trkpt>
   <trkpt lat="50.85461" lon="4.569470000000001">
    <ele>60.52</ele>
   </trkpt>
   <trkpt lat="50.853876671587436" lon="4.570230023914916">
    <ele>60.050000000000004</ele>
   </trkpt>
   <trkpt lat="50.85314333823908" lon="4.570990023929986">
    <ele>60.52</ele>
   </trkpt>
   <trkpt lat="50.852410000000006" lon="4.571750000000001">
    <ele>63.14</ele>
   </trkpt>
   <trkpt lat="50.85230000000001" lon="4.57178">
    <ele>63.14</ele>
   </trkpt>
   <trkpt lat="50.852340007059105" lon="4.573064999029484">
    <ele>67.16000000000001</ele>
   </trkpt>
   <trkpt lat="50.852380000000004" lon="4.574350000000001">
    <ele>70.55</ele>
   </trkpt>
   <trkpt lat="50.852380000000004" lon="4.57491">
    <ele>71.98</ele>
   </trkpt>
   <trkpt lat="50.852320000000006" lon="4.575690000000001">
    <ele>73.19</ele>
   </trkpt>
   <trkpt lat="50.852180000000004" lon="4.5766100000000005">
    <ele>73.91</ele>
   </trkpt>
   <trkpt lat="50.85204" lon="4.5772">
    <ele>74.28000000000002</ele>
   </trkpt>
   <trkpt lat="50.851835001922716" lon="4.577890003407801">
    <ele>75.21000000000001</ele>
   </trkpt>
   <trkpt lat="50.85163000000001" lon="4.5785800000000005">
    <ele>75.71</ele>
   </trkpt>
   <trkpt lat="50.85154000000001" lon="4.5788400000000005">
    <ele>76.32000000000001</ele>
   </trkpt>
   <trkpt lat="50.85166" lon="4.579140000000001">
    <ele>76.54</ele>
   </trkpt>
   <trkpt lat="50.8513" lon="4.57948">
    <ele>74.61000000000001</ele>
   </trkpt>
   <trkpt lat="50.851020000000005" lon="4.580570000000001">
    <ele>67.48</ele>
   </trkpt>
   <trkpt lat="50.850840000000005" lon="4.580850000000001">
    <ele>67.48</ele>
   </trkpt>
   <trkpt lat="50.85032667047114" lon="4.5815166813314425">
    <ele>63.61</ele>
   </trkpt>
   <trkpt lat="50.84981333714429" lon="4.582183347989472">
    <ele>59.92000000000001</ele>
   </trkpt>
   <trkpt lat="50.84930000000001" lon="4.5828500000000005">
    <ele>55.81</ele>
   </trkpt>
   <trkpt lat="50.84878333797361" lon="4.583586682980954">
    <ele>52.53000000000001</ele>
   </trkpt>
   <trkpt lat="50.848266671309716" lon="4.584323349643412">
    <ele>50.2</ele>
   </trkpt>
   <trkpt lat="50.847750000000005" lon="4.58506">
    <ele>49.300000000000004</ele>
   </trkpt>
   <trkpt lat="50.84712500305653" lon="4.585900011197802">
    <ele>49.56</ele>
   </trkpt>
   <trkpt lat="50.846500000000006" lon="4.586740000000001">
    <ele>50.93</ele>
   </trkpt>
   <trkpt lat="50.84608" lon="4.58711">
    <ele>53.2</ele>
   </trkpt>
   <trkpt lat="50.84597" lon="4.587160000000001">
    <ele>53.2</ele>
   </trkpt>
   <trkpt lat="50.846340000000005" lon="4.5878000000000005">
    <ele>52.010000000000005</ele>
   </trkpt>
   <trkpt lat="50.84687" lon="4.58858">
    <ele>51.22</ele>
   </trkpt>
   <trkpt lat="50.846990000000005" lon="4.58889">
    <ele>51.5</ele>
   </trkpt>
   <trkpt lat="50.84707" lon="4.5892100000000005">
    <ele>51.89000000000001</ele>
   </trkpt>
   <trkpt lat="50.847240000000006" lon="4.590260000000001">
    <ele>53.65</ele>
   </trkpt>
   <trkpt lat="50.847280000000005" lon="4.5904300000000005">
    <ele>53.96</ele>
   </trkpt>
   <trkpt lat="50.84769000000001" lon="4.5914600000000005">
    <ele>53.75000000000001</ele>
   </trkpt>
   <trkpt lat="50.847390000000004" lon="4.591740000000001">
    <ele>55.190000000000005</ele>
   </trkpt>
   <trkpt lat="50.846945000865354" lon="4.592170004028944">
    <ele>57.260000000000005</ele>
   </trkpt>
   <trkpt lat="50.846500000000006" lon="4.5926">
    <ele>59.34</ele>
   </trkpt>
   <trkpt lat="50.846140000000005" lon="4.5929">
    <ele>60.76</ele>
   </trkpt>
   <trkpt lat="50.84541500155957" lon="4.593505009405366">
    <ele>63.46</ele>
   </trkpt>
   <trkpt lat="50.84469000000001" lon="4.594110000000001">
    <ele>67.44</ele>
   </trkpt>
   <trkpt lat="50.84433000000001" lon="4.594270000000001">
    <ele>68.88000000000001</ele>
   </trkpt>
   <trkpt lat="50.84405" lon="4.59429">
    <ele>70.35000000000001</ele>
   </trkpt>
   <trkpt lat="50.84378" lon="4.594270000000001">
    <ele>72.10000000000001</ele>
   </trkpt>
   <trkpt lat="50.843090000000004" lon="4.59414">
    <ele>74.99</ele>
   </trkpt>
   <trkpt lat="50.84257" lon="4.59402">
    <ele>77.61000000000001</ele>
   </trkpt>
   <trkpt lat="50.84192" lon="4.59363">
    <ele>82.49000000000001</ele>
   </trkpt>
   <trkpt lat="50.841750000000005" lon="4.59358">
    <ele>82.97</ele>
   </trkpt>
   <trkpt lat="50.84138" lon="4.59358">
    <ele>83.9</ele>
   </trkpt>
   <trkpt lat="50.84113000000001" lon="4.593730000000001">
    <ele>84.04</ele>
   </trkpt>
   <trkpt lat="50.84091" lon="4.593940000000001">
    <ele>84.61</ele>
   </trkpt>
   <trkpt lat="50.840920000000004" lon="4.593940000000001">
    <ele>84.61</ele>
   </trkpt>
   <trkpt lat="50.84030834438124" lon="4.594658380386355">
    <ele>84.61</ele>
   </trkpt>
   <trkpt lat="50.8396966843523" lon="4.595376741939605">
    <ele>84.61</ele>
   </trkpt>
   <trkpt lat="50.839085019913384" lon="4.596095084660516">
    <ele>99.17</ele>
   </trkpt>
   <trkpt lat="50.83847335106469" lon="4.59681340854986">
    <ele>99.17</ele>
   </trkpt>
   <trkpt lat="50.83786167780647" lon="4.597531713608402">
    <ele>99.17</ele>
   </trkpt>
   <trkpt lat="50.837250000000004" lon="4.59825">
    <ele>99.17</ele>
   </trkpt>
   <trkpt lat="50.83724" lon="4.59825">
    <ele>91.88</ele>
   </trkpt>
   <trkpt lat="50.83695" lon="4.59858">
    <ele>92.21000000000001</ele>
   </trkpt>
   <trkpt lat="50.83673" lon="4.59877">
    <ele>92.21000000000001</ele>
   </trkpt>
   <trkpt lat="50.83595666963898" lon="4.599363353024733">
    <ele>92.62</ele>
   </trkpt>
   <trkpt lat="50.835183336269225" lon="4.599956686385589">
    <ele>92.99</ele>
   </trkpt>
   <trkpt lat="50.834410000000005" lon="4.60055">
    <ele>93.58000000000001</ele>
   </trkpt>
   <trkpt lat="50.834210000000006" lon="4.60078">
    <ele>94.09</ele>
   </trkpt>
   <trkpt lat="50.833830000000006" lon="4.601380000000001">
    <ele>94.1</ele>
   </trkpt>
   <trkpt lat="50.83355" lon="4.6017">
    <ele>93.71</ele>
   </trkpt>
   <trkpt lat="50.83280250497196" lon="4.602322529904485">
    <ele>91.44000000000001</ele>
   </trkpt>
   <trkpt lat="50.832055006631904" lon="4.602945039869621">
    <ele>87.17000000000002</ele>
   </trkpt>
   <trkpt lat="50.83130750498007" lon="4.603567529896489">
    <ele>85.10000000000001</ele>
   </trkpt>
   <trkpt lat="50.830560000000006" lon="4.60419">
    <ele>85.70000000000002</ele>
   </trkpt>
   <trkpt lat="50.82999" lon="4.604690000000001">
    <ele>87.88000000000001</ele>
   </trkpt>
   <trkpt lat="50.82972" lon="4.6049500000000005">
    <ele>88.72</ele>
   </trkpt>
   <trkpt lat="50.829480000000004" lon="4.605230000000001">
    <ele>88.07000000000001</ele>
   </trkpt>
   <trkpt lat="50.828810010637774" lon="4.606140039153311">
    <ele>88.07000000000001</ele>
   </trkpt>
   <trkpt lat="50.828140014197686" lon="4.6070500521843645">
    <ele>86.23</ele>
   </trkpt>
   <trkpt lat="50.82747001068008" lon="4.607960039094258">
    <ele>86.23</ele>
   </trkpt>
   <trkpt lat="50.826800000000006" lon="4.6088700000000005">
    <ele>86.23</ele>
   </trkpt>
   <trkpt lat="50.823600000000006" lon="4.612620000000001">
    <ele>85.82000000000001</ele>
   </trkpt>
   <trkpt lat="50.822995002263184" lon="4.613330009072045">
    <ele>85.53</ele>
   </trkpt>
   <trkpt lat="50.822390000000006" lon="4.61404">
    <ele>85.15</ele>
   </trkpt>
   <trkpt lat="50.82201500102128" lon="4.614500003550853">
    <ele>85.06</ele>
   </trkpt>
   <trkpt lat="50.82164" lon="4.61496">
    <ele>85.06</ele>
   </trkpt>
   <trkpt lat="50.82155" lon="4.6151">
    <ele>84.51</ele>
   </trkpt>
   <trkpt lat="50.821037507129624" lon="4.615845024510449">
    <ele>84.27000000000001</ele>
   </trkpt>
   <trkpt lat="50.82052500951518" lon="4.6165900326669735">
    <ele>83.23</ele>
   </trkpt>
   <trkpt lat="50.820012507156854" lon="4.617335024470081">
    <ele>78.09</ele>
   </trkpt>
   <trkpt lat="50.819500000000005" lon="4.61808">
    <ele>74.51</ele>
   </trkpt>
   <trkpt lat="50.81926000000001" lon="4.61847">
    <ele>73.26</ele>
   </trkpt>
   <trkpt lat="50.81879000000001" lon="4.6195200000000005">
    <ele>67.73</ele>
   </trkpt>
   <trkpt lat="50.81857" lon="4.62007">
    <ele>63.32</ele>
   </trkpt>
   <trkpt lat="50.81844" lon="4.6203">
    <ele>63.32</ele>
   </trkpt>
   <trkpt lat="50.81791500236884" lon="4.621020007883963">
    <ele>57.620000000000005</ele>
   </trkpt>
   <trkpt lat="50.81739" lon="4.62174">
    <ele>54.61000000000001</ele>
   </trkpt>
   <trkpt lat="50.81720000000001" lon="4.6219600000000005">
    <ele>53.56</ele>
   </trkpt>
   <trkpt lat="50.817220000000006" lon="4.622610000000001">
    <ele>53.040000000000006</ele>
   </trkpt>
   <trkpt lat="50.81727" lon="4.62298">
    <ele>53.290000000000006</ele>
   </trkpt>
   <trkpt lat="50.817310000000006" lon="4.623150000000001">
    <ele>53.300000000000004</ele>
   </trkpt>
   <trkpt lat="50.81743" lon="4.62347">
    <ele>53.17</ele>
   </trkpt>
   <trkpt lat="50.8175" lon="4.6237200000000005">
    <ele>52.480000000000004</ele>
   </trkpt>
   <trkpt lat="50.817510000000006" lon="4.62394">
    <ele>52.18</ele>
   </trkpt>
   <trkpt lat="50.81749000000001" lon="4.624160000000001">
    <ele>51.95</ele>
   </trkpt>
   <trkpt lat="50.817330000000005" lon="4.6248000000000005">
    <ele>51.71000000000001</ele>
   </trkpt>
   <trkpt lat="50.817530000000005" lon="4.625380000000001">
    <ele>51.18</ele>
   </trkpt>
   <trkpt lat="50.81748" lon="4.625450000000001">
    <ele>51.18</ele>
   </trkpt>
   <trkpt lat="50.817460000000004" lon="4.62594">
    <ele>47.42</ele>
   </trkpt>
   <trkpt lat="50.81739" lon="4.62614">
    <ele>45.28</ele>
   </trkpt>
   <trkpt lat="50.817260000000005" lon="4.62628">
    <ele>48.940000000000005</ele>
   </trkpt>
   <trkpt lat="50.81721" lon="4.62628">
    <ele>43.67</ele>
   </trkpt>
   <trkpt lat="50.817170000000004" lon="4.626250000000001">
    <ele>43.67</ele>
   </trkpt>
   <trkpt lat="50.816930000000006" lon="4.625870000000001">
    <ele>39.82</ele>
   </trkpt>
   <trkpt lat="50.81676" lon="4.62567">
    <ele>38.06</ele>
   </trkpt>
   <trkpt lat="50.816500000000005" lon="4.62546">
    <ele>36.53</ele>
   </trkpt>
   <trkpt lat="50.81636" lon="4.62532">
    <ele>35.83</ele>
   </trkpt>
   <trkpt lat="50.816230000000004" lon="4.62513">
    <ele>35.21000000000001</ele>
   </trkpt>
   <trkpt lat="50.81593" lon="4.62445">
    <ele>33.85</ele>
   </trkpt>
   <trkpt lat="50.81579000000001" lon="4.6241900000000005">
    <ele>33.620000000000005</ele>
   </trkpt>
   <trkpt lat="50.81568000000001" lon="4.62403">
    <ele>33.510000000000005</ele>
   </trkpt>
   <trkpt lat="50.815580000000004" lon="4.624040000000001">
    <ele>33.510000000000005</ele>
   </trkpt>
   <trkpt lat="50.81495000159162" lon="4.624665008507876">
    <ele>32.53</ele>
   </trkpt>
   <trkpt lat="50.81432" lon="4.625290000000001">
    <ele>32.580000000000005</ele>
   </trkpt>
   <trkpt lat="50.81360000338139" lon="4.625916685965736">
    <ele>32.29</ele>
   </trkpt>
   <trkpt lat="50.81288000340595" lon="4.626543352610633">
    <ele>33.71</ele>
   </trkpt>
   <trkpt lat="50.812160000000006" lon="4.6271700000000004">
    <ele>38.56</ele>
   </trkpt>
   <trkpt lat="50.81195" lon="4.62729">
    <ele>40.53</ele>
   </trkpt>
   <trkpt lat="50.81183000000001" lon="4.6273100000000005">
    <ele>41.56</ele>
   </trkpt>
   <trkpt lat="50.81168" lon="4.6273">
    <ele>42.620000000000005</ele>
   </trkpt>
   <trkpt lat="50.81136000000001" lon="4.62725">
    <ele>43.99</ele>
   </trkpt>
   <trkpt lat="50.81112" lon="4.62727">
    <ele>46.77</ele>
   </trkpt>
   <trkpt lat="50.81098" lon="4.627330000000001">
    <ele>47.99</ele>
   </trkpt>
   <trkpt lat="50.81078" lon="4.62748">
    <ele>49.92</ele>
   </trkpt>
   <trkpt lat="50.81012500299074" lon="4.628325011927178">
    <ele>46.3</ele>
   </trkpt>
   <trkpt lat="50.809470000000005" lon="4.62917">
    <ele>46.3</ele>
   </trkpt>
   <trkpt lat="50.80935" lon="4.6292800000000005">
    <ele>46.3</ele>
   </trkpt>
   <trkpt lat="50.80923000000001" lon="4.62934">
    <ele>45.480000000000004</ele>
   </trkpt>
   <trkpt lat="50.80901" lon="4.62938">
    <ele>45.17</ele>
   </trkpt>
   <trkpt lat="50.808910000000004" lon="4.6293500000000005">
    <ele>45.17</ele>
   </trkpt>
   <trkpt lat="50.808110000000006" lon="4.62898">
    <ele>43.07</ele>
   </trkpt>
   <trkpt lat="50.807480000251324" lon="4.628826662543378">
    <ele>41.800000000000004</ele>
   </trkpt>
   <trkpt lat="50.80685000030166" lon="4.628673329222364">
    <ele>40.690000000000005</ele>
   </trkpt>
   <trkpt lat="50.80622" lon="4.62852">
    <ele>39.910000000000004</ele>
   </trkpt>
   <trkpt lat="50.80604" lon="4.62851">
    <ele>38.970000000000006</ele>
   </trkpt>
   <trkpt lat="50.80586" lon="4.62856">
    <ele>38.52</ele>
   </trkpt>
   <trkpt lat="50.805350000000004" lon="4.62877">
    <ele>37.06</ele>
   </trkpt>
   <trkpt lat="50.80525" lon="4.62879">
    <ele>36.71</ele>
   </trkpt>
   <trkpt lat="50.805020000000006" lon="4.628780000000001">
    <ele>36.21000000000001</ele>
   </trkpt>
   <trkpt lat="50.804545000056535" lon="4.628634998515672">
    <ele>35.39</ele>
   </trkpt>
   <trkpt lat="50.80407" lon="4.62849">
    <ele>34.75</ele>
   </trkpt>
   <trkpt lat="50.80384" lon="4.628480000000001">
    <ele>34.4</ele>
   </trkpt>
   <trkpt lat="50.803290000000004" lon="4.62863">
    <ele>33.260000000000005</ele>
   </trkpt>
   <trkpt lat="50.80308" lon="4.62873">
    <ele>33.260000000000005</ele>
   </trkpt>
   <trkpt lat="50.8024850007635" lon="4.629190005966608">
    <ele>32.080000000000005</ele>
   </trkpt>
   <trkpt lat="50.80189000000001" lon="4.629650000000001">
    <ele>31.830000000000002</ele>
   </trkpt>
   <trkpt lat="50.80172" lon="4.62973">
    <ele>31.91</ele>
   </trkpt>
   <trkpt lat="50.801570000000005" lon="4.629770000000001">
    <ele>32.150000000000006</ele>
   </trkpt>
   <trkpt lat="50.80145" lon="4.62978">
    <ele>32.150000000000006</ele>
   </trkpt>
   <trkpt lat="50.80129" lon="4.62976">
    <ele>32.78</ele>
   </trkpt>
   <trkpt lat="50.80102" lon="4.62967">
    <ele>33.07</ele>
   </trkpt>
   <trkpt lat="50.80037500028524" lon="4.629354995584215">
    <ele>33.760000000000005</ele>
   </trkpt>
   <trkpt lat="50.799730000000004" lon="4.629040000000001">
    <ele>34.79</ele>
   </trkpt>
   <trkpt lat="50.799269999977255" lon="4.628799997497207">
    <ele>35.300000000000004</ele>
   </trkpt>
   <trkpt lat="50.79881" lon="4.62856">
    <ele>36.160000000000004</ele>
   </trkpt>
   <trkpt lat="50.79806667007511" lon="4.627929979971497">
    <ele>37.27</ele>
   </trkpt>
   <trkpt lat="50.79732333675721" lon="4.627299979984986">
    <ele>37.51</ele>
   </trkpt>
   <trkpt lat="50.796580000000006" lon="4.626670000000001">
    <ele>36.910000000000004</ele>
   </trkpt>
   <trkpt lat="50.796220000000005" lon="4.6264400000000006">
    <ele>36.75000000000001</ele>
   </trkpt>
   <trkpt lat="50.795970000000004" lon="4.62631">
    <ele>36.730000000000004</ele>
   </trkpt>
   <trkpt lat="50.79567" lon="4.626200000000001">
    <ele>36.96</ele>
   </trkpt>
   <trkpt lat="50.795280000000005" lon="4.6260900000000005">
    <ele>36.96</ele>
   </trkpt>
   <trkpt lat="50.79439000012091" lon="4.626014992859407">
    <ele>37.55</ele>
   </trkpt>
   <trkpt lat="50.79350000019373" lon="4.62593998857534">
    <ele>37.6</ele>
   </trkpt>
   <trkpt lat="50.79261000021846" lon="4.625864987147599">
    <ele>37.160000000000004</ele>
   </trkpt>
   <trkpt lat="50.7917200001951" lon="4.625789988575987">
    <ele>36.50000000000001</ele>
   </trkpt>
   <trkpt lat="50.790830000123655" lon="4.625714992860304">
    <ele>36.0</ele>
   </trkpt>
   <trkpt lat="50.78994" lon="4.625640000000001">
    <ele>35.32</ele>
   </trkpt>
   <trkpt lat="50.789660000000005" lon="4.6254800000000005">
    <ele>35.01</ele>
   </trkpt>
   <trkpt lat="50.78914" lon="4.625050000000001">
    <ele>34.480000000000004</ele>
   </trkpt>
   <trkpt lat="50.78896" lon="4.62493">
    <ele>34.410000000000004</ele>
   </trkpt>
   <trkpt lat="50.78864" lon="4.62483">
    <ele>34.57</ele>
   </trkpt>
   <trkpt lat="50.788320000000006" lon="4.62478">
    <ele>34.95</ele>
   </trkpt>
   <trkpt lat="50.788140000000006" lon="4.62471">
    <ele>35.07</ele>
   </trkpt>
   <trkpt lat="50.78772000000001" lon="4.62424">
    <ele>35.53000000000001</ele>
   </trkpt>
   <trkpt lat="50.787670000000006" lon="4.6241200000000005">
    <ele>35.53000000000001</ele>
   </trkpt>
   <trkpt lat="50.787650000000006" lon="4.62401">
    <ele>35.63</ele>
   </trkpt>
   <trkpt lat="50.78752" lon="4.624040000000001">
    <ele>35.31</ele>
   </trkpt>
   <trkpt lat="50.787220000000005" lon="4.623880000000001">
    <ele>33.85</ele>
   </trkpt>
   <trkpt lat="50.78658" lon="4.62335">
    <ele>33.480000000000004</ele>
   </trkpt>
   <trkpt lat="50.786410000000004" lon="4.62323">
    <ele>33.61</ele>
   </trkpt>
   <trkpt lat="50.78557000000001" lon="4.622750000000001">
    <ele>33.79</ele>
   </trkpt>
   <trkpt lat="50.784940000000006" lon="4.62253">
    <ele>34.47</ele>
   </trkpt>
   <trkpt lat="50.78464" lon="4.62239">
    <ele>34.63</ele>
   </trkpt>
   <trkpt lat="50.7842350003359" lon="4.622044996864299">
    <ele>34.68</ele>
   </trkpt>
   <trkpt lat="50.78383" lon="4.621700000000001">
    <ele>34.730000000000004</ele>
   </trkpt>
   <trkpt lat="50.78336" lon="4.621230000000001">
    <ele>34.92</ele>
   </trkpt>
   <trkpt lat="50.783100000000005" lon="4.62103">
    <ele>35.0</ele>
   </trkpt>
   <trkpt lat="50.78275000000001" lon="4.6208100000000005">
    <ele>35.06</ele>
   </trkpt>
   <trkpt lat="50.7826" lon="4.620690000000001">
    <ele>35.2</ele>
   </trkpt>
   <trkpt lat="50.78202" lon="4.62005">
    <ele>35.64000000000001</ele>
   </trkpt>
   <trkpt lat="50.78163000000001" lon="4.61958">
    <ele>35.81</ele>
   </trkpt>
   <trkpt lat="50.78134000000001" lon="4.61918">
    <ele>35.72</ele>
   </trkpt>
   <trkpt lat="50.780830001311" lon="4.618659994486758">
    <ele>34.95</ele>
   </trkpt>
   <trkpt lat="50.78032" lon="4.61814">
    <ele>34.85000000000001</ele>
   </trkpt>
   <trkpt lat="50.77992500125283" lon="4.6175899952981">
    <ele>35.46000000000001</ele>
   </trkpt>
   <trkpt lat="50.77953" lon="4.61704">
    <ele>36.21000000000001</ele>
   </trkpt>
   <trkpt lat="50.77901500333279" lon="4.616169990583104">
    <ele>36.910000000000004</ele>
   </trkpt>
   <trkpt lat="50.7785" lon="4.6153">
    <ele>37.81</ele>
   </trkpt>
   <trkpt lat="50.778130000000004" lon="4.61496">
    <ele>38.00000000000001</ele>
   </trkpt>
   <trkpt lat="50.77774" lon="4.6150400000000005">
    <ele>37.71</ele>
   </trkpt>
   <trkpt lat="50.777590000000004" lon="4.6150400000000005">
    <ele>37.43000000000001</ele>
   </trkpt>
   <trkpt lat="50.77738" lon="4.61491">
    <ele>37.34</ele>
   </trkpt>
   <trkpt lat="50.77698" lon="4.61437">
    <ele>37.52</ele>
   </trkpt>
   <trkpt lat="50.776700000000005" lon="4.61404">
    <ele>37.89</ele>
   </trkpt>
   <trkpt lat="50.77628000000001" lon="4.613770000000001">
    <ele>37.910000000000004</ele>
   </trkpt>
   <trkpt lat="50.77593" lon="4.61348">
    <ele>37.53</ele>
   </trkpt>
   <trkpt lat="50.77534000000001" lon="4.6128800000000005">
    <ele>38.13</ele>
   </trkpt>
   <trkpt lat="50.77499" lon="4.61239">
    <ele>40.400000000000006</ele>
   </trkpt>
   <trkpt lat="50.77468500201592" lon="4.611679995046251">
    <ele>39.88</ele>
   </trkpt>
   <trkpt lat="50.77438" lon="4.61097">
    <ele>38.78</ele>
   </trkpt>
   <trkpt lat="50.774170000000005" lon="4.610720000000001">
    <ele>38.44</ele>
   </trkpt>
   <trkpt lat="50.77396" lon="4.610600000000001">
    <ele>38.400000000000006</ele>
   </trkpt>
   <trkpt lat="50.773630000000004" lon="4.6105">
    <ele>38.28</ele>
   </trkpt>
   <trkpt lat="50.77351" lon="4.6104">
    <ele>38.28</ele>
   </trkpt>
   <trkpt lat="50.773090000982485" lon="4.60994999608444">
    <ele>38.28</ele>
   </trkpt>
   <trkpt lat="50.772670000000005" lon="4.609500000000001">
    <ele>37.98</ele>
   </trkpt>
   <trkpt lat="50.77248" lon="4.609190000000001">
    <ele>37.98</ele>
   </trkpt>
   <trkpt lat="50.77201" lon="4.608230000000001">
    <ele>38.080000000000005</ele>
   </trkpt>
   <trkpt lat="50.771480000000004" lon="4.607340000000001">
    <ele>38.150000000000006</ele>
   </trkpt>
   <trkpt lat="50.771370000000005" lon="4.607130000000001">
    <ele>38.220000000000006</ele>
   </trkpt>
   <trkpt lat="50.771280000000004" lon="4.60691">
    <ele>38.220000000000006</ele>
   </trkpt>
   <trkpt lat="50.771010000000004" lon="4.60604">
    <ele>38.45</ele>
   </trkpt>
   <trkpt lat="50.77091" lon="4.605770000000001">
    <ele>38.57</ele>
   </trkpt>
   <trkpt lat="50.770540000000004" lon="4.604920000000001">
    <ele>38.940000000000005</ele>
   </trkpt>
   <trkpt lat="50.770270000000004" lon="4.604410000000001">
    <ele>39.31</ele>
   </trkpt>
   <trkpt lat="50.77004" lon="4.604080000000001">
    <ele>39.620000000000005</ele>
   </trkpt>
   <trkpt lat="50.769670000000005" lon="4.603700000000001">
    <ele>39.17</ele>
   </trkpt>
   <trkpt lat="50.76955" lon="4.60355">
    <ele>39.05</ele>
   </trkpt>
   <trkpt lat="50.76932000000001" lon="4.60317">
    <ele>39.75</ele>
   </trkpt>
   <trkpt lat="50.769180000000006" lon="4.60297">
    <ele>40.03</ele>
   </trkpt>
   <trkpt lat="50.76901" lon="4.60283">
    <ele>40.14</ele>
   </trkpt>
   <trkpt lat="50.76877" lon="4.60257">
    <ele>40.38</ele>
   </trkpt>
   <trkpt lat="50.768550000000005" lon="4.60226">
    <ele>40.52</ele>
   </trkpt>
   <trkpt lat="50.768440000000005" lon="4.60208">
    <ele>40.540000000000006</ele>
   </trkpt>
   <trkpt lat="50.76836" lon="4.6018300000000005">
    <ele>40.49</ele>
   </trkpt>
   <trkpt lat="50.767920000000004" lon="4.600840000000001">
    <ele>39.75</ele>
   </trkpt>
   <trkpt lat="50.76771" lon="4.60052">
    <ele>39.790000000000006</ele>
   </trkpt>
   <trkpt lat="50.76704" lon="4.59971">
    <ele>40.330000000000005</ele>
   </trkpt>
   <trkpt lat="50.7668" lon="4.59933">
    <ele>40.59</ele>
   </trkpt>
   <trkpt lat="50.766311689202574" lon="4.598303279762061">
    <ele>40.540000000000006</ele>
   </trkpt>
   <trkpt lat="50.76582336939184" lon="4.597276580956354">
    <ele>40.290000000000006</ele>
   </trkpt>
   <trkpt lat="50.7653350405681" lon="4.596249903582453">
    <ele>40.11</ele>
   </trkpt>
   <trkpt lat="50.764846702731745" lon="4.595223247639932">
    <ele>40.080000000000005</ele>
   </trkpt>
   <trkpt lat="50.764358355883104" lon="4.5941966131283705">
    <ele>40.61</ele>
   </trkpt>
   <trkpt lat="50.763870000000004" lon="4.593170000000001">
    <ele>41.96</ele>
   </trkpt>
   <trkpt lat="50.76379000000001" lon="4.5929400000000005">
    <ele>42.5</ele>
   </trkpt>
   <trkpt lat="50.763720000000006" lon="4.59266">
    <ele>46.81</ele>
   </trkpt>
   <trkpt lat="50.76351202357136" lon="4.591485979129757">
    <ele>46.81</ele>
   </trkpt>
   <trkpt lat="50.76330403535723" lon="4.590311968696532">
    <ele>46.81</ele>
   </trkpt>
   <trkpt lat="50.76309603535786" lon="4.589137968700746">
    <ele>60.57000000000001</ele>
   </trkpt>
   <trkpt lat="50.76288802357343" lon="4.587963979142822">
    <ele>60.57000000000001</ele>
   </trkpt>
   <trkpt lat="50.76268" lon="4.586790000000001">
    <ele>60.57000000000001</ele>
   </trkpt>
   <trkpt lat="50.76267000000001" lon="4.58678">
    <ele>49.88</ele>
   </trkpt>
   <trkpt lat="50.76261" lon="4.5865100000000005">
    <ele>49.830000000000005</ele>
   </trkpt>
   <trkpt lat="50.762510000000006" lon="4.58628">
    <ele>49.46</ele>
   </trkpt>
   <trkpt lat="50.762420000000006" lon="4.58612">
    <ele>49.080000000000005</ele>
   </trkpt>
   <trkpt lat="50.76231000000001" lon="4.5859700000000005">
    <ele>47.78</ele>
   </trkpt>
   <trkpt lat="50.761810000000004" lon="4.58547">
    <ele>45.37</ele>
   </trkpt>
   <trkpt lat="50.761630000000004" lon="4.58523">
    <ele>44.74</ele>
   </trkpt>
   <trkpt lat="50.761250000000004" lon="4.584510000000001">
    <ele>43.92</ele>
   </trkpt>
   <trkpt lat="50.76078500193682" lon="4.5838399933675475">
    <ele>42.9</ele>
   </trkpt>
   <trkpt lat="50.76032000000001" lon="4.58317">
    <ele>42.63</ele>
   </trkpt>
   <trkpt lat="50.760160000000006" lon="4.58284">
    <ele>42.620000000000005</ele>
   </trkpt>
   <trkpt lat="50.75992500270706" lon="4.582059996434407">
    <ele>42.38</ele>
   </trkpt>
   <trkpt lat="50.759690000000006" lon="4.5812800000000005">
    <ele>42.43</ele>
   </trkpt>
   <trkpt lat="50.75961" lon="4.58094">
    <ele>42.730000000000004</ele>
   </trkpt>
   <trkpt lat="50.75946334293485" lon="4.579879993310473">
    <ele>43.870000000000005</ele>
   </trkpt>
   <trkpt lat="50.75931667626189" lon="4.578819993265074">
    <ele>46.89</ele>
   </trkpt>
   <trkpt lat="50.759170000000005" lon="4.5777600000000005">
    <ele>51.35000000000001</ele>
   </trkpt>
   <trkpt lat="50.75911000000001" lon="4.57749">
    <ele>51.35000000000001</ele>
   </trkpt>
   <trkpt lat="50.758970000000005" lon="4.5771500000000005">
    <ele>53.050000000000004</ele>
   </trkpt>
   <trkpt lat="50.75848000230197" lon="4.576404992091559">
    <ele>56.230000000000004</ele>
   </trkpt>
   <trkpt lat="50.75799000000001" lon="4.57566">
    <ele>57.940000000000005</ele>
   </trkpt>
   <trkpt lat="50.757760000000005" lon="4.57519">
    <ele>59.260000000000005</ele>
   </trkpt>
   <trkpt lat="50.75736500589279" lon="4.574014990052886">
    <ele>61.550000000000004</ele>
   </trkpt>
   <trkpt lat="50.75697" lon="4.57284">
    <ele>64.13000000000001</ele>
   </trkpt>
   <trkpt lat="50.756930000000004" lon="4.57263">
    <ele>64.86</ele>
   </trkpt>
   <trkpt lat="50.75692" lon="4.572430000000001">
    <ele>65.82000000000001</ele>
   </trkpt>
   <trkpt lat="50.75694000000001" lon="4.57183">
    <ele>66.94</ele>
   </trkpt>
   <trkpt lat="50.75692" lon="4.57155">
    <ele>67.25</ele>
   </trkpt>
   <trkpt lat="50.75688" lon="4.57132">
    <ele>67.48</ele>
   </trkpt>
   <trkpt lat="50.75667500299986" lon="4.570479996251184">
    <ele>66.72</ele>
   </trkpt>
   <trkpt lat="50.75647000000001" lon="4.569640000000001">
    <ele>64.83</ele>
   </trkpt>
   <trkpt lat="50.75611000000001" lon="4.569850000000001">
    <ele>62.53</ele>
   </trkpt>
   <trkpt lat="50.75527200284658" lon="4.570258029220025">
    <ele>57.84</ele>
   </trkpt>
   <trkpt lat="50.754434004269555" lon="4.570666043829214">
    <ele>55.06</ele>
   </trkpt>
   <trkpt lat="50.75359600426899" lon="4.571074043828502">
    <ele>52.28000000000001</ele>
   </trkpt>
   <trkpt lat="50.75275800284504" lon="4.571482029218824">
    <ele>51.11</ele>
   </trkpt>
   <trkpt lat="50.751920000000005" lon="4.571890000000001">
    <ele>52.64000000000001</ele>
   </trkpt>
   <trkpt lat="50.75168000000001" lon="4.57198">
    <ele>53.57000000000001</ele>
   </trkpt>
   <trkpt lat="50.751180000000005" lon="4.57209">
    <ele>54.88</ele>
   </trkpt>
   <trkpt lat="50.751200000000004" lon="4.57181">
    <ele>53.27</ele>
   </trkpt>
   <trkpt lat="50.75142" lon="4.57157">
    <ele>52.76</ele>
   </trkpt>
   <trkpt lat="50.751940004874484" lon="4.5708133501761194">
    <ele>48.300000000000004</ele>
   </trkpt>
   <trkpt lat="50.75246000485306" lon="4.570056683540904">
    <ele>45.53</ele>
   </trkpt>
   <trkpt lat="50.75298" lon="4.5693">
    <ele>44.59</ele>
   </trkpt>
   <trkpt lat="50.7531" lon="4.569100000000001">
    <ele>44.300000000000004</ele>
   </trkpt>
   <trkpt lat="50.7535" lon="4.56827">
    <ele>44.56</ele>
   </trkpt>
   <trkpt lat="50.753550000000004" lon="4.5681">
    <ele>44.56</ele>
   </trkpt>
   <trkpt lat="50.75357" lon="4.56775">
    <ele>44.870000000000005</ele>
   </trkpt>
   <trkpt lat="50.753640000000004" lon="4.56747">
    <ele>45.50000000000001</ele>
   </trkpt>
   <trkpt lat="50.753690000000006" lon="4.56738">
    <ele>45.50000000000001</ele>
   </trkpt>
   <trkpt lat="50.75394000000001" lon="4.56712">
    <ele>46.660000000000004</ele>
   </trkpt>
   <trkpt lat="50.75392" lon="4.567030000000001">
    <ele>46.660000000000004</ele>
   </trkpt>
   <trkpt lat="50.753890000000006" lon="4.5659600000000005">
    <ele>45.99</ele>
   </trkpt>
   <trkpt lat="50.753875007793674" lon="4.564609999690576">
    <ele>45.74</ele>
   </trkpt>
   <trkpt lat="50.75386" lon="4.5632600000000005">
    <ele>46.8</ele>
   </trkpt>
   <trkpt lat="50.753910000000005" lon="4.562410000000001">
    <ele>48.080000000000005</ele>
   </trkpt>
   <trkpt lat="50.753913342056165" lon="4.561400000224968">
    <ele>51.730000000000004</ele>
   </trkpt>
   <trkpt lat="50.75391667538924" lon="4.560390000305891">
    <ele>56.18000000000001</ele>
   </trkpt>
   <trkpt lat="50.75392" lon="4.55938">
    <ele>60.02</ele>
   </trkpt>
   <trkpt lat="50.753910000000005" lon="4.55909">
    <ele>60.57000000000001</ele>
   </trkpt>
   <trkpt lat="50.753960000000006" lon="4.558330000000001">
    <ele>63.95</ele>
   </trkpt>
   <trkpt lat="50.75397000327646" lon="4.55745499992871">
    <ele>68.05</ele>
   </trkpt>
   <trkpt lat="50.753980000000006" lon="4.55658">
    <ele>72.34</ele>
   </trkpt>
   <trkpt lat="50.75397" lon="4.5563">
    <ele>74.36000000000001</ele>
   </trkpt>
   <trkpt lat="50.753930000000004" lon="4.55607">
    <ele>76.9</ele>
   </trkpt>
   <trkpt lat="50.75383" lon="4.55572">
    <ele>76.9</ele>
   </trkpt>
   <trkpt lat="50.75352000628643" lon="4.554863322015952">
    <ele>81.91000000000001</ele>
   </trkpt>
   <trkpt lat="50.753210006297216" lon="4.55400665537923">
    <ele>86.01</ele>
   </trkpt>
   <trkpt lat="50.752900000000004" lon="4.5531500000000005">
    <ele>88.27</ele>
   </trkpt>
   <trkpt lat="50.752705002854356" lon="4.552339996829479">
    <ele>89.41</ele>
   </trkpt>
   <trkpt lat="50.75251" lon="4.5515300000000005">
    <ele>90.31</ele>
   </trkpt>
   <trkpt lat="50.75226000000001" lon="4.55032">
    <ele>91.83000000000001</ele>
   </trkpt>
   <trkpt lat="50.75210202207385" lon="4.549183984682582">
    <ele>92.79</ele>
   </trkpt>
   <trkpt lat="50.75194403311203" lon="4.548047977033373">
    <ele>94.49000000000001</ele>
   </trkpt>
   <trkpt lat="50.75178603311465" lon="4.546911977052812">
    <ele>95.23</ele>
   </trkpt>
   <trkpt lat="50.75162802208187" lon="4.545775984741342">
    <ele>96.38000000000001</ele>
   </trkpt>
   <trkpt lat="50.751470000000005" lon="4.54464">
    <ele>97.7</ele>
   </trkpt>
   <trkpt lat="50.75136000327288" lon="4.543769998245092">
    <ele>98.49000000000001</ele>
   </trkpt>
   <trkpt lat="50.751250000000006" lon="4.5429">
    <ele>98.91000000000001</ele>
   </trkpt>
   <trkpt lat="50.751160000000006" lon="4.5417700000000005">
    <ele>99.15</ele>
   </trkpt>
   <trkpt lat="50.75115" lon="4.5410900000000005">
    <ele>99.41000000000001</ele>
   </trkpt>
   <trkpt lat="50.75122" lon="4.5398700000000005">
    <ele>99.58</ele>
   </trkpt>
   <trkpt lat="50.751200000000004" lon="4.539230000000001">
    <ele>99.71000000000001</ele>
   </trkpt>
   <trkpt lat="50.75113" lon="4.5386500000000005">
    <ele>99.59</ele>
   </trkpt>
   <trkpt lat="50.7508900154452" lon="4.537306652969302">
    <ele>99.79</ele>
   </trkpt>
   <trkpt lat="50.75065001545885" lon="4.535963319712729">
    <ele>100.45</ele>
   </trkpt>
   <trkpt lat="50.75041" lon="4.53462">
    <ele>100.75</ele>
   </trkpt>
   <trkpt lat="50.75021802238139" lon="4.533475981220274">
    <ele>101.45000000000002</ele>
   </trkpt>
   <trkpt lat="50.75002603357089" lon="4.532331971824053">
    <ele>102.49000000000001</ele>
   </trkpt>
   <trkpt lat="50.74983403356874" lon="4.531187971811742">
    <ele>103.96000000000001</ele>
   </trkpt>
   <trkpt lat="50.74964202237505" lon="4.5300439811837485">
    <ele>104.43</ele>
   </trkpt>
   <trkpt lat="50.74945" lon="4.5289">
    <ele>104.78000000000002</ele>
   </trkpt>
   <trkpt lat="50.749250022178266" lon="4.527584983126038">
    <ele>104.02000000000001</ele>
   </trkpt>
   <trkpt lat="50.74905002956878" lon="4.526269977487329">
    <ele>103.36</ele>
   </trkpt>
   <trkpt lat="50.748850022171794" lon="4.524954983084528">
    <ele>102.75</ele>
   </trkpt>
   <trkpt lat="50.748650000000005" lon="4.52364">
    <ele>103.67000000000002</ele>
   </trkpt>
   <trkpt lat="50.74813" lon="4.523910000000001">
    <ele>102.72</ele>
   </trkpt>
   <trkpt lat="50.74783000000001" lon="4.52407">
    <ele>102.34000000000002</ele>
   </trkpt>
   <trkpt lat="50.746990000000004" lon="4.52432">
    <ele>101.56</ele>
   </trkpt>
   <trkpt lat="50.74683" lon="4.5243400000000005">
    <ele>101.25</ele>
   </trkpt>
   <trkpt lat="50.746379999800425" lon="4.524324999849143">
    <ele>100.80000000000001</ele>
   </trkpt>
   <trkpt lat="50.74593" lon="4.524310000000001">
    <ele>100.57000000000001</ele>
   </trkpt>
   <trkpt lat="50.74559000000001" lon="4.52437">
    <ele>100.69</ele>
   </trkpt>
   <trkpt lat="50.744960000000006" lon="4.52453">
    <ele>101.56</ele>
   </trkpt>
   <trkpt lat="50.744690000000006" lon="4.52468">
    <ele>101.75</ele>
   </trkpt>
   <trkpt lat="50.744580000000006" lon="4.524780000000001">
    <ele>101.97</ele>
   </trkpt>
   <trkpt lat="50.74391500333687" lon="4.525665012585364">
    <ele>102.92000000000002</ele>
   </trkpt>
   <trkpt lat="50.74325" lon="4.52655">
    <ele>102.93</ele>
   </trkpt>
   <trkpt lat="50.74298" lon="4.5269">
    <ele>102.71000000000001</ele>
   </trkpt>
   <trkpt lat="50.74239000176097" lon="4.5275250077789755">
    <ele>101.72</ele>
   </trkpt>
   <trkpt lat="50.741800000000005" lon="4.52815">
    <ele>101.26</ele>
   </trkpt>
   <trkpt lat="50.74156000000001" lon="4.52853">
    <ele>101.45000000000002</ele>
   </trkpt>
   <trkpt lat="50.7409966765667" lon="4.529606692597046">
    <ele>101.76</ele>
   </trkpt>
   <trkpt lat="50.74043334321959" lon="4.530683359289546">
    <ele>102.20000000000002</ele>
   </trkpt>
   <trkpt lat="50.73987" lon="4.53176">
    <ele>102.51</ele>
   </trkpt>
   <trkpt lat="50.73966" lon="4.532100000000001">
    <ele>102.06000000000002</ele>
   </trkpt>
   <trkpt lat="50.739560000000004" lon="4.53223">
    <ele>102.06000000000002</ele>
   </trkpt>
   <trkpt lat="50.73931" lon="4.53244">
    <ele>101.08</ele>
   </trkpt>
   <trkpt lat="50.738690000000005" lon="4.532780000000001">
    <ele>100.94</ele>
   </trkpt>
   <trkpt lat="50.73808000399581" lon="4.533463351131632">
    <ele>102.16000000000001</ele>
   </trkpt>
   <trkpt lat="50.73747000399813" lon="4.534146684462059">
    <ele>102.21000000000001</ele>
   </trkpt>
   <trkpt lat="50.73686000000001" lon="4.53483">
    <ele>101.06</ele>
   </trkpt>
   <trkpt lat="50.736580000000004" lon="4.535100000000001">
    <ele>100.59000000000002</ele>
   </trkpt>
   <trkpt lat="50.736430000000006" lon="4.53519">
    <ele>100.59000000000002</ele>
   </trkpt>
   <trkpt lat="50.73622" lon="4.5352500000000004">
    <ele>99.83</ele>
   </trkpt>
   <trkpt lat="50.736110000000004" lon="4.53524">
    <ele>99.83</ele>
   </trkpt>
   <trkpt lat="50.735330000000005" lon="4.53486">
    <ele>98.83</ele>
   </trkpt>
   <trkpt lat="50.73503" lon="4.53488">
    <ele>98.82000000000001</ele>
   </trkpt>
   <trkpt lat="50.73499" lon="4.53493">
    <ele>98.89</ele>
   </trkpt>
   <trkpt lat="50.73494" lon="4.53493">
    <ele>98.89</ele>
   </trkpt>
   <trkpt lat="50.73489000000001" lon="4.53488">
    <ele>98.86</ele>
   </trkpt>
   <trkpt lat="50.734880000000004" lon="4.5347800000000005">
    <ele>98.72</ele>
   </trkpt>
   <trkpt lat="50.73485" lon="4.53474">
    <ele>98.56</ele>
   </trkpt>
   <trkpt lat="50.734820000000006" lon="4.534660000000001">
    <ele>98.56</ele>
   </trkpt>
   <trkpt lat="50.73476" lon="4.53457">
    <ele>98.36</ele>
   </trkpt>
   <trkpt lat="50.73425" lon="4.53427">
    <ele>98.02000000000001</ele>
   </trkpt>
   <trkpt lat="50.73406000000001" lon="4.53411">
    <ele>97.27000000000001</ele>
   </trkpt>
   <trkpt lat="50.733720000000005" lon="4.5339">
    <ele>97.12</ele>
   </trkpt>
   <trkpt lat="50.73319500033565" lon="4.533729998163272">
    <ele>97.18</ele>
   </trkpt>
   <trkpt lat="50.732670000000006" lon="4.5335600000000005">
    <ele>97.61</ele>
   </trkpt>
   <trkpt lat="50.7325" lon="4.53348">
    <ele>97.61</ele>
   </trkpt>
   <trkpt lat="50.73232" lon="4.53335">
    <ele>97.7</ele>
   </trkpt>
   <trkpt lat="50.73203" lon="4.533">
    <ele>97.68</ele>
   </trkpt>
   <trkpt lat="50.731550000000006" lon="4.5323">
    <ele>97.21000000000001</ele>
   </trkpt>
   <trkpt lat="50.73142000000001" lon="4.53207">
    <ele>97.21000000000001</ele>
   </trkpt>
   <trkpt lat="50.731280000000005" lon="4.5317300000000005">
    <ele>96.96000000000001</ele>
   </trkpt>
   <trkpt lat="50.73111" lon="4.53125">
    <ele>96.36</ele>
   </trkpt>
   <trkpt lat="50.730830000000005" lon="4.53061">
    <ele>94.06</ele>
   </trkpt>
   <trkpt lat="50.73057000000001" lon="4.5301">
    <ele>90.74</ele>
   </trkpt>
   <trkpt lat="50.730013341031025" lon="4.529149977386439">
    <ele>81.01</ele>
   </trkpt>
   <trkpt lat="50.729456674343076" lon="4.528199977350537">
    <ele>70.73</ele>
   </trkpt>
   <trkpt lat="50.7289" lon="4.52725">
    <ele>61.75000000000001</ele>
   </trkpt>
   <trkpt lat="50.728820000000006" lon="4.527200000000001">
    <ele>60.910000000000004</ele>
   </trkpt>
   <trkpt lat="50.728770000000004" lon="4.527200000000001">
    <ele>60.49</ele>
   </trkpt>
   <trkpt lat="50.72874" lon="4.527170000000001">
    <ele>60.03000000000001</ele>
   </trkpt>
   <trkpt lat="50.72871000000001" lon="4.52709">
    <ele>60.03000000000001</ele>
   </trkpt>
   <trkpt lat="50.728730000000006" lon="4.527">
    <ele>59.84</ele>
   </trkpt>
   <trkpt lat="50.728750000000005" lon="4.52697">
    <ele>59.84</ele>
   </trkpt>
   <trkpt lat="50.72874" lon="4.52681">
    <ele>59.330000000000005</ele>
   </trkpt>
   <trkpt lat="50.7287" lon="4.526560000000001">
    <ele>58.580000000000005</ele>
   </trkpt>
   <trkpt lat="50.72865" lon="4.52644">
    <ele>58.580000000000005</ele>
   </trkpt>
   <trkpt lat="50.72836" lon="4.52597">
    <ele>57.010000000000005</ele>
   </trkpt>
   <trkpt lat="50.72776201780691" lon="4.524949947939354">
    <ele>57.010000000000005</ele>
   </trkpt>
   <trkpt lat="50.72716402671479" lon="4.523929921918132">
    <ele>57.010000000000005</ele>
   </trkpt>
   <trkpt lat="50.72656602672408" lon="4.522909921935502">
    <ele>67.46000000000001</ele>
   </trkpt>
   <trkpt lat="50.725968017835164" lon="4.521889947990631">
    <ele>67.46000000000001</ele>
   </trkpt>
   <trkpt lat="50.725370000000005" lon="4.52087">
    <ele>67.46000000000001</ele>
   </trkpt>
   <trkpt lat="50.725280000000005" lon="4.52067">
    <ele>68.76</ele>
   </trkpt>
   <trkpt lat="50.72523" lon="4.520510000000001">
    <ele>68.76</ele>
   </trkpt>
   <trkpt lat="50.725095002018314" lon="4.519819997921323">
    <ele>71.09</ele>
   </trkpt>
   <trkpt lat="50.72496" lon="4.5191300000000005">
    <ele>72.96000000000001</ele>
   </trkpt>
   <trkpt lat="50.72473" lon="4.518210000000001">
    <ele>73.79</ele>
   </trkpt>
   <trkpt lat="50.724650000000004" lon="4.51775">
    <ele>74.45</ele>
   </trkpt>
   <trkpt lat="50.7246" lon="4.5168800000000005">
    <ele>76.02</ele>
   </trkpt>
   <trkpt lat="50.72455" lon="4.51689">
    <ele>76.02</ele>
   </trkpt>
   <trkpt lat="50.724500000000006" lon="4.51686">
    <ele>76.08000000000001</ele>
   </trkpt>
   <trkpt lat="50.724470000000004" lon="4.5168">
    <ele>76.06</ele>
   </trkpt>
   <trkpt lat="50.72449" lon="4.516640000000001">
    <ele>75.83000000000001</ele>
   </trkpt>
   <trkpt lat="50.72453" lon="4.5166">
    <ele>75.58000000000001</ele>
   </trkpt>
   <trkpt lat="50.724470000000004" lon="4.516220000000001">
    <ele>74.58000000000001</ele>
   </trkpt>
   <trkpt lat="50.724450000000004" lon="4.515160000000001">
    <ele>70.89</ele>
   </trkpt>
   <trkpt lat="50.72433" lon="4.51525">
    <ele>70.08</ele>
   </trkpt>
   <trkpt lat="50.7236700007455" lon="4.515553341897603">
    <ele>65.7</ele>
   </trkpt>
   <trkpt lat="50.72301000070401" lon="4.515856675249857">
    <ele>61.440000000000005</ele>
   </trkpt>
   <trkpt lat="50.722350000000006" lon="4.51616">
    <ele>57.78</ele>
   </trkpt>
   <trkpt lat="50.72205" lon="4.516310000000001">
    <ele>57.220000000000006</ele>
   </trkpt>
   <trkpt lat="50.72187" lon="4.51637">
    <ele>56.95</ele>
   </trkpt>
   <trkpt lat="50.72184000000001" lon="4.5164800000000005">
    <ele>56.75</ele>
   </trkpt>
   <trkpt lat="50.72177000000001" lon="4.516520000000001">
    <ele>56.75</ele>
   </trkpt>
   <trkpt lat="50.72171" lon="4.5164800000000005">
    <ele>56.690000000000005</ele>
   </trkpt>
   <trkpt lat="50.72167" lon="4.51639">
    <ele>56.690000000000005</ele>
   </trkpt>
   <trkpt lat="50.721630000000005" lon="4.5164">
    <ele>56.690000000000005</ele>
   </trkpt>
   <trkpt lat="50.72135" lon="4.5163400000000005">
    <ele>56.85</ele>
   </trkpt>
   <trkpt lat="50.72113" lon="4.5161500000000006">
    <ele>57.17</ele>
   </trkpt>
   <trkpt lat="50.72093" lon="4.515910000000001">
    <ele>57.17</ele>
   </trkpt>
   <trkpt lat="50.7207" lon="4.51559">
    <ele>57.800000000000004</ele>
   </trkpt>
   <trkpt lat="50.72044" lon="4.515370000000001">
    <ele>58.230000000000004</ele>
   </trkpt>
   <trkpt lat="50.72036000000001" lon="4.51534">
    <ele>58.230000000000004</ele>
   </trkpt>
   <trkpt lat="50.72014" lon="4.51473">
    <ele>58.36</ele>
   </trkpt>
   <trkpt lat="50.71981" lon="4.514220000000001">
    <ele>59.42000000000001</ele>
   </trkpt>
   <trkpt lat="50.71963" lon="4.514010000000001">
    <ele>60.56</ele>
   </trkpt>
   <trkpt lat="50.71951000000001" lon="4.51389">
    <ele>60.690000000000005</ele>
   </trkpt>
   <trkpt lat="50.71907500028275" lon="4.5135899971449085">
    <ele>63.51000000000001</ele>
   </trkpt>
   <trkpt lat="50.71864" lon="4.5132900000000005">
    <ele>65.93</ele>
   </trkpt>
   <trkpt lat="50.7179150010279" lon="4.5128149926932">
    <ele>68.76</ele>
   </trkpt>
   <trkpt lat="50.71719" lon="4.51234">
    <ele>74.84</ele>
   </trkpt>
   <trkpt lat="50.716800000000006" lon="4.512180000000001">
    <ele>76.82</ele>
   </trkpt>
   <trkpt lat="50.716590000000004" lon="4.51215">
    <ele>77.55000000000001</ele>
   </trkpt>
   <trkpt lat="50.715810000000005" lon="4.512180000000001">
    <ele>82.14</ele>
   </trkpt>
   <trkpt lat="50.71558" lon="4.51222">
    <ele>83.7</ele>
   </trkpt>
   <trkpt lat="50.71515" lon="4.5124200000000005">
    <ele>86.13000000000001</ele>
   </trkpt>
   <trkpt lat="50.71506" lon="4.512490000000001">
    <ele>86.13000000000001</ele>
   </trkpt>
   <trkpt lat="50.71477" lon="4.512790000000001">
    <ele>88.15</ele>
   </trkpt>
   <trkpt lat="50.71466" lon="4.512930000000001">
    <ele>89.69</ele>
   </trkpt>
   <trkpt lat="50.71445000000001" lon="4.513310000000001">
    <ele>92.19000000000001</ele>
   </trkpt>
   <trkpt lat="50.7139933429049" lon="4.514366687207618">
    <ele>92.19000000000001</ele>
   </trkpt>
   <trkpt lat="50.71353667625908" lon="4.515423353825672">
    <ele>102.36</ele>
   </trkpt>
   <trkpt lat="50.713080000000005" lon="4.5164800000000005">
    <ele>102.36</ele>
   </trkpt>
   <trkpt lat="50.713080000000005" lon="4.51647">
    <ele>103.05</ele>
   </trkpt>
   <trkpt lat="50.713" lon="4.51674">
    <ele>103.08</ele>
   </trkpt>
   <trkpt lat="50.71291" lon="4.5172300000000005">
    <ele>103.06000000000002</ele>
   </trkpt>
   <trkpt lat="50.71289" lon="4.517440000000001">
    <ele>103.06000000000002</ele>
   </trkpt>
   <trkpt lat="50.71287" lon="4.51858">
    <ele>102.55</ele>
   </trkpt>
   <trkpt lat="50.71284000000001" lon="4.518960000000001">
    <ele>102.26</ele>
   </trkpt>
   <trkpt lat="50.71278" lon="4.519270000000001">
    <ele>101.46000000000001</ele>
   </trkpt>
   <trkpt lat="50.71269" lon="4.519570000000001">
    <ele>100.35000000000001</ele>
   </trkpt>
   <trkpt lat="50.71256" lon="4.51986">
    <ele>99.05000000000001</ele>
   </trkpt>
   <trkpt lat="50.71242" lon="4.5200700000000005">
    <ele>99.05000000000001</ele>
   </trkpt>
   <trkpt lat="50.712270000000004" lon="4.520250000000001">
    <ele>94.89</ele>
   </trkpt>
   <trkpt lat="50.712" lon="4.52047">
    <ele>94.89</ele>
   </trkpt>
   <trkpt lat="50.711760000000005" lon="4.5206">
    <ele>93.52000000000001</ele>
   </trkpt>
   <trkpt lat="50.71159" lon="4.520650000000001">
    <ele>93.17</ele>
   </trkpt>
   <trkpt lat="50.71161000000001" lon="4.52071">
    <ele>93.17</ele>
   </trkpt>
   <trkpt lat="50.71161000000001" lon="4.52085">
    <ele>95.75</ele>
   </trkpt>
   <trkpt lat="50.711580000000005" lon="4.5209">
    <ele>95.75</ele>
   </trkpt>
   <trkpt lat="50.71153" lon="4.52092">
    <ele>95.75</ele>
   </trkpt>
   <trkpt lat="50.711490000000005" lon="4.520930000000001">
    <ele>95.67999999999999</ele>
   </trkpt>
   <trkpt lat="50.71159" lon="4.5203500000000005">
    <ele>93.81</ele>
   </trkpt>
   <trkpt lat="50.711560000000006" lon="4.5204200000000005">
    <ele>93.77000000000001</ele>
   </trkpt>
   <trkpt lat="50.71159" lon="4.5203500000000005">
    <ele>93.77000000000001</ele>
   </trkpt>
   <trkpt lat="50.71158251674803" lon="4.519207499463331">
    <ele>96.78</ele>
   </trkpt>
   <trkpt lat="50.71157502233077" lon="4.518064999291704">
    <ele>100.83</ele>
   </trkpt>
   <trkpt lat="50.71156751674819" lon="4.516922499485664">
    <ele>102.82000000000001</ele>
   </trkpt>
   <trkpt lat="50.711560000000006" lon="4.51578">
    <ele>103.66</ele>
   </trkpt>
   <trkpt lat="50.71153" lon="4.51558">
    <ele>103.77000000000001</ele>
   </trkpt>
   <trkpt lat="50.71144" lon="4.51545">
    <ele>103.87</ele>
   </trkpt>
   <trkpt lat="50.71092500115615" lon="4.514909993972141">
    <ele>104.24000000000001</ele>
   </trkpt>
   <trkpt lat="50.71041" lon="4.51437">
    <ele>104.63000000000001</ele>
   </trkpt>
   <trkpt lat="50.710170000000005" lon="4.51417">
    <ele>104.76</ele>
   </trkpt>
   <trkpt lat="50.70969" lon="4.5138300000000005">
    <ele>105.64000000000001</ele>
   </trkpt>
   <trkpt lat="50.709390000000006" lon="4.513540000000001">
    <ele>105.64000000000001</ele>
   </trkpt>
   <trkpt lat="50.70904" lon="4.51318">
    <ele>106.04</ele>
   </trkpt>
   <trkpt lat="50.70872500102611" lon="4.512669996433484">
    <ele>107.85000000000001</ele>
   </trkpt>
   <trkpt lat="50.70841" lon="4.512160000000001">
    <ele>108.18</ele>
   </trkpt>
   <trkpt lat="50.70835" lon="4.51203">
    <ele>108.34</ele>
   </trkpt>
   <trkpt lat="50.708220000000004" lon="4.5116000000000005">
    <ele>108.77000000000001</ele>
   </trkpt>
   <trkpt lat="50.70806" lon="4.51062">
    <ele>109.35</ele>
   </trkpt>
   <trkpt lat="50.708020000000005" lon="4.51053">
    <ele>109.43</ele>
   </trkpt>
   <trkpt lat="50.707980000000006" lon="4.510470000000001">
    <ele>109.43</ele>
   </trkpt>
   <trkpt lat="50.70787000000001" lon="4.51036">
    <ele>109.39000000000001</ele>
   </trkpt>
   <trkpt lat="50.70723" lon="4.509860000000001">
    <ele>108.98</ele>
   </trkpt>
   <trkpt lat="50.70693000000001" lon="4.50959">
    <ele>109.08000000000001</ele>
   </trkpt>
   <trkpt lat="50.70687" lon="4.509460000000001">
    <ele>109.08000000000001</ele>
   </trkpt>
   <trkpt lat="50.7066" lon="4.50842">
    <ele>108.97000000000001</ele>
   </trkpt>
   <trkpt lat="50.706520000000005" lon="4.508290000000001">
    <ele>108.97000000000001</ele>
   </trkpt>
   <trkpt lat="50.70615" lon="4.5080100000000005">
    <ele>108.94000000000001</ele>
   </trkpt>
   <trkpt lat="50.705890000000004" lon="4.5079">
    <ele>109.12</ele>
   </trkpt>
   <trkpt lat="50.70517" lon="4.50765">
    <ele>106.81</ele>
   </trkpt>
   <trkpt lat="50.70485000000001" lon="4.50722">
    <ele>102.49000000000001</ele>
   </trkpt>
   <trkpt lat="50.70465" lon="4.5068">
    <ele>99.19000000000001</ele>
   </trkpt>
   <trkpt lat="50.70456" lon="4.506670000000001">
    <ele>97.99000000000001</ele>
   </trkpt>
   <trkpt lat="50.70393000000001" lon="4.5061100000000005">
    <ele>91.54</ele>
   </trkpt>
   <trkpt lat="50.70376" lon="4.505850000000001">
    <ele>89.24000000000001</ele>
   </trkpt>
   <trkpt lat="50.70365" lon="4.50563">
    <ele>88.23</ele>
   </trkpt>
   <trkpt lat="50.70358" lon="4.50541">
    <ele>87.38000000000001</ele>
   </trkpt>
   <trkpt lat="50.703430003636186" lon="4.50448999715514">
    <ele>84.23000000000002</ele>
   </trkpt>
   <trkpt lat="50.70328000000001" lon="4.503570000000001">
    <ele>79.24000000000001</ele>
   </trkpt>
   <trkpt lat="50.70317000000001" lon="4.50316">
    <ele>77.55000000000001</ele>
   </trkpt>
   <trkpt lat="50.70266500468678" lon="4.502109988632133">
    <ele>72.87</ele>
   </trkpt>
   <trkpt lat="50.702160000000006" lon="4.501060000000001">
    <ele>69.51</ele>
   </trkpt>
   <trkpt lat="50.70171000116253" lon="4.500534994942847">
    <ele>68.13000000000001</ele>
   </trkpt>
   <trkpt lat="50.701260000000005" lon="4.5000100000000005">
    <ele>67.59</ele>
   </trkpt>
   <trkpt lat="50.700990000000004" lon="4.49976">
    <ele>65.16000000000001</ele>
   </trkpt>
   <trkpt lat="50.70054500036887" lon="4.499444996971581">
    <ele>64.35000000000001</ele>
   </trkpt>
   <trkpt lat="50.700100000000006" lon="4.49913">
    <ele>63.33000000000001</ele>
   </trkpt>
   <trkpt lat="50.7" lon="4.49903">
    <ele>63.33000000000001</ele>
   </trkpt>
   <trkpt lat="50.699980000000004" lon="4.499070000000001">
    <ele>63.33000000000001</ele>
   </trkpt>
   <trkpt lat="50.699920000000006" lon="4.49908">
    <ele>63.17</ele>
   </trkpt>
   <trkpt lat="50.699870000000004" lon="4.49906">
    <ele>63.17</ele>
   </trkpt>
   <trkpt lat="50.699850000000005" lon="4.49903">
    <ele>63.17</ele>
   </trkpt>
   <trkpt lat="50.69984" lon="4.49896">
    <ele>64.23</ele>
   </trkpt>
   <trkpt lat="50.69986" lon="4.498880000000001">
    <ele>64.23</ele>
   </trkpt>
   <trkpt lat="50.69986" lon="4.49887">
    <ele>64.23</ele>
   </trkpt>
   <trkpt lat="50.69919377452532" lon="4.497964910006086">
    <ele>64.23</ele>
   </trkpt>
   <trkpt lat="50.69852754204306" lon="4.4970598457273985">
    <ele>64.23</ele>
   </trkpt>
   <trkpt lat="50.69786130255361" lon="4.496154807162868">
    <ele>64.23</ele>
   </trkpt>
   <trkpt lat="50.697195056057325" lon="4.495249794311423">
    <ele>67.64</ele>
   </trkpt>
   <trkpt lat="50.69652880255458" lon="4.494344807171995">
    <ele>67.64</ele>
   </trkpt>
   <trkpt lat="50.69586254204571" lon="4.493439845743513">
    <ele>67.64</ele>
   </trkpt>
   <trkpt lat="50.69519627453111" lon="4.492534910024906">
    <ele>67.64</ele>
   </trkpt>
   <trkpt lat="50.69453000000001" lon="4.491630000000001">
    <ele>67.64</ele>
   </trkpt>
   <trkpt lat="50.694520000000004" lon="4.49162">
    <ele>69.38000000000001</ele>
   </trkpt>
   <trkpt lat="50.694210000000005" lon="4.49124">
    <ele>70.13000000000001</ele>
   </trkpt>
   <trkpt lat="50.69349000390391" lon="4.49056331254794">
    <ele>70.92000000000002</ele>
   </trkpt>
   <trkpt lat="50.692770003890594" lon="4.489886645869195">
    <ele>71.5</ele>
   </trkpt>
   <trkpt lat="50.69205" lon="4.489210000000001">
    <ele>72.14000000000001</ele>
   </trkpt>
   <trkpt lat="50.69205" lon="4.48922">
    <ele>74.57000000000001</ele>
   </trkpt>
   <trkpt lat="50.691266669459566" lon="4.488646647505132">
    <ele>74.57000000000001</ele>
   </trkpt>
   <trkpt lat="50.6904833361069" lon="4.488073314158067">
    <ele>76.51</ele>
   </trkpt>
   <trkpt lat="50.6897" lon="4.487500000000001">
    <ele>76.51</ele>
   </trkpt>
   <trkpt lat="50.689710000000005" lon="4.48751">
    <ele>76.51</ele>
   </trkpt>
   <trkpt lat="50.68948" lon="4.48726">
    <ele>73.09</ele>
   </trkpt>
   <trkpt lat="50.68889" lon="4.4865200000000005">
    <ele>72.58</ele>
   </trkpt>
   <trkpt lat="50.68862000000001" lon="4.48625">
    <ele>71.88</ele>
   </trkpt>
   <trkpt lat="50.687906669808164" lon="4.485649981806593">
    <ele>71.38</ele>
   </trkpt>
   <trkpt lat="50.687193336536346" lon="4.485049981858698">
    <ele>71.26</ele>
   </trkpt>
   <trkpt lat="50.68648" lon="4.484450000000001">
    <ele>71.75</ele>
   </trkpt>
   <trkpt lat="50.686420000000005" lon="4.484430000000001">
    <ele>71.87</ele>
   </trkpt>
   <trkpt lat="50.6863" lon="4.48418">
    <ele>71.87</ele>
   </trkpt>
   <trkpt lat="50.686240000000005" lon="4.48418">
    <ele>71.87</ele>
   </trkpt>
   <trkpt lat="50.686150000000005" lon="4.48414">
    <ele>71.61</ele>
   </trkpt>
   <trkpt lat="50.68603" lon="4.484050000000001">
    <ele>71.43</ele>
   </trkpt>
   <trkpt lat="50.68550000063557" lon="4.48360999486998">
    <ele>69.88000000000001</ele>
   </trkpt>
   <trkpt lat="50.68497000000001" lon="4.48317">
    <ele>72.26</ele>
   </trkpt>
   <trkpt lat="50.68469" lon="4.48299">
    <ele>72.15</ele>
   </trkpt>
   <trkpt lat="50.684540000000005" lon="4.48305">
    <ele>68.89</ele>
   </trkpt>
   <trkpt lat="50.684195001045396" lon="4.483525003381996">
    <ele>67.91000000000001</ele>
   </trkpt>
   <trkpt lat="50.68385000000001" lon="4.484">
    <ele>68.18</ele>
   </trkpt>
   <trkpt lat="50.683730000000004" lon="4.4842200000000005">
    <ele>68.44</ele>
   </trkpt>
   <trkpt lat="50.68357" lon="4.48465">
    <ele>69.03</ele>
   </trkpt>
   <trkpt lat="50.68325" lon="4.4858">
    <ele>76.30000000000001</ele>
   </trkpt>
   <trkpt lat="50.683170000000004" lon="4.48629">
    <ele>79.22000000000001</ele>
   </trkpt>
   <trkpt lat="50.68308000298849" lon="4.487130001890006">
    <ele>83.80000000000001</ele>
   </trkpt>
   <trkpt lat="50.682990000000004" lon="4.487970000000001">
    <ele>89.96000000000001</ele>
   </trkpt>
   <trkpt lat="50.682990000000004" lon="4.488320000000001">
    <ele>90.84</ele>
   </trkpt>
   <trkpt lat="50.68301" lon="4.488700000000001">
    <ele>92.22000000000001</ele>
   </trkpt>
   <trkpt lat="50.68312" lon="4.48915">
    <ele>93.42</ele>
   </trkpt>
   <trkpt lat="50.68339" lon="4.489940000000001">
    <ele>96.66000000000001</ele>
   </trkpt>
   <trkpt lat="50.68347000000001" lon="4.4903200000000005">
    <ele>97.73</ele>
   </trkpt>
   <trkpt lat="50.6835" lon="4.49066">
    <ele>100.37000000000002</ele>
   </trkpt>
   <trkpt lat="50.683490000000006" lon="4.491070000000001">
    <ele>103.0</ele>
   </trkpt>
   <trkpt lat="50.683400000000006" lon="4.4916">
    <ele>104.57000000000001</ele>
   </trkpt>
   <trkpt lat="50.68323" lon="4.49209">
    <ele>106.58000000000001</ele>
   </trkpt>
   <trkpt lat="50.68300000000001" lon="4.49246">
    <ele>108.65</ele>
   </trkpt>
   <trkpt lat="50.68283" lon="4.492640000000001">
    <ele>109.47000000000001</ele>
   </trkpt>
   <trkpt lat="50.682570000000005" lon="4.49282">
    <ele>110.28</ele>
   </trkpt>
   <trkpt lat="50.68236" lon="4.49289">
    <ele>110.98</ele>
   </trkpt>
   <trkpt lat="50.682120000000005" lon="4.49293">
    <ele>111.17</ele>
   </trkpt>
   <trkpt lat="50.68188000000001" lon="4.49288">
    <ele>111.83000000000001</ele>
   </trkpt>
   <trkpt lat="50.68159000000001" lon="4.49275">
    <ele>112.46000000000001</ele>
   </trkpt>
   <trkpt lat="50.681450000000005" lon="4.492710000000001">
    <ele>112.60000000000001</ele>
   </trkpt>
   <trkpt lat="50.681340000000006" lon="4.49274">
    <ele>112.73</ele>
   </trkpt>
   <trkpt lat="50.680980000000005" lon="4.49298">
    <ele>112.92</ele>
   </trkpt>
   <trkpt lat="50.68086" lon="4.49303">
    <ele>112.96000000000001</ele>
   </trkpt>
   <trkpt lat="50.680320000195934" lon="4.4931850017568085">
    <ele>112.44000000000001</ele>
   </trkpt>
   <trkpt lat="50.67978" lon="4.493340000000001">
    <ele>112.38000000000001</ele>
   </trkpt>
   <trkpt lat="50.67958" lon="4.493320000000001">
    <ele>113.15</ele>
   </trkpt>
   <trkpt lat="50.67947" lon="4.49329">
    <ele>113.15</ele>
   </trkpt>
   <trkpt lat="50.67891500022926" lon="4.493019996766848">
    <ele>115.17</ele>
   </trkpt>
   <trkpt lat="50.678360000000005" lon="4.49275">
    <ele>114.44000000000001</ele>
   </trkpt>
   <trkpt lat="50.67831" lon="4.49275">
    <ele>114.44000000000001</ele>
   </trkpt>
   <trkpt lat="50.678110000000004" lon="4.49272">
    <ele>113.55000000000001</ele>
   </trkpt>
   <trkpt lat="50.677870000000006" lon="4.492730000000001">
    <ele>111.12</ele>
   </trkpt>
   <trkpt lat="50.67766" lon="4.49279">
    <ele>111.12</ele>
   </trkpt>
   <trkpt lat="50.67748" lon="4.49286">
    <ele>110.61000000000001</ele>
   </trkpt>
   <trkpt lat="50.677240000000005" lon="4.493040000000001">
    <ele>108.46000000000001</ele>
   </trkpt>
   <trkpt lat="50.67689000000001" lon="4.4934400000000005">
    <ele>105.95</ele>
   </trkpt>
   <trkpt lat="50.67662000000001" lon="4.493860000000001">
    <ele>104.99000000000001</ele>
   </trkpt>
   <trkpt lat="50.67645" lon="4.4940500000000005">
    <ele>104.96000000000001</ele>
   </trkpt>
   <trkpt lat="50.67627" lon="4.494210000000001">
    <ele>105.41</ele>
   </trkpt>
   <trkpt lat="50.675990000000006" lon="4.49436">
    <ele>106.72000000000001</ele>
   </trkpt>
   <trkpt lat="50.67573" lon="4.49443">
    <ele>108.95</ele>
   </trkpt>
   <trkpt lat="50.67544" lon="4.49441">
    <ele>110.68</ele>
   </trkpt>
   <trkpt lat="50.675270000000005" lon="4.49437">
    <ele>110.68</ele>
   </trkpt>
   <trkpt lat="50.675160000000005" lon="4.49432">
    <ele>113.14</ele>
   </trkpt>
   <trkpt lat="50.674960000000006" lon="4.4942">
    <ele>113.14</ele>
   </trkpt>
   <trkpt lat="50.674200000000006" lon="4.49362">
    <ele>120.38000000000001</ele>
   </trkpt>
   <trkpt lat="50.67401" lon="4.49352">
    <ele>120.38000000000001</ele>
   </trkpt>
   <trkpt lat="50.67378" lon="4.493480000000001">
    <ele>122.73</ele>
   </trkpt>
   <trkpt lat="50.673590000000004" lon="4.493530000000001">
    <ele>122.73</ele>
   </trkpt>
   <trkpt lat="50.67345" lon="4.49361">
    <ele>124.01</ele>
   </trkpt>
   <trkpt lat="50.673230000000004" lon="4.49382">
    <ele>125.47</ele>
   </trkpt>
   <trkpt lat="50.672715003643134" lon="4.494755010433784">
    <ele>128.41000000000003</ele>
   </trkpt>
   <trkpt lat="50.672200000000004" lon="4.495690000000001">
    <ele>127.98</ele>
   </trkpt>
   <trkpt lat="50.67208" lon="4.49587">
    <ele>127.8</ele>
   </trkpt>
   <trkpt lat="50.67128500115229" lon="4.496415009310782">
    <ele>126.4</ele>
   </trkpt>
   <trkpt lat="50.67049" lon="4.4969600000000005">
    <ele>124.88</ele>
   </trkpt>
   <trkpt lat="50.67027" lon="4.49709">
    <ele>124.64000000000001</ele>
   </trkpt>
   <trkpt lat="50.6702" lon="4.49709">
    <ele>124.64000000000001</ele>
   </trkpt>
   <trkpt lat="50.67013000000001" lon="4.497070000000001">
    <ele>124.64000000000001</ele>
   </trkpt>
   <trkpt lat="50.66937" lon="4.496390000000001">
    <ele>121.42000000000002</ele>
   </trkpt>
   <trkpt lat="50.66904" lon="4.49626">
    <ele>120.88000000000001</ele>
   </trkpt>
   <trkpt lat="50.668870000000005" lon="4.49622">
    <ele>120.74000000000001</ele>
   </trkpt>
   <trkpt lat="50.66852" lon="4.49622">
    <ele>121.84</ele>
   </trkpt>
   <trkpt lat="50.667860000000005" lon="4.495920000000001">
    <ele>126.17</ele>
   </trkpt>
   <trkpt lat="50.66772" lon="4.495780000000001">
    <ele>127.29</ele>
   </trkpt>
   <trkpt lat="50.66718" lon="4.49507">
    <ele>128.78</ele>
   </trkpt>
   <trkpt lat="50.666970000000006" lon="4.494870000000001">
    <ele>128.78</ele>
   </trkpt>
   <trkpt lat="50.666790000000006" lon="4.494730000000001">
    <ele>129.04999999999998</ele>
   </trkpt>
   <trkpt lat="50.66632000034422" lon="4.494429996970896">
    <ele>130.14000000000001</ele>
   </trkpt>
   <trkpt lat="50.665850000000006" lon="4.49413">
    <ele>131.59</ele>
   </trkpt>
   <trkpt lat="50.665760000000006" lon="4.494090000000001">
    <ele>131.59</ele>
   </trkpt>
   <trkpt lat="50.66563000000001" lon="4.494070000000001">
    <ele>131.59</ele>
   </trkpt>
   <trkpt lat="50.665120000169345" lon="4.494295002464709">
    <ele>132.4</ele>
   </trkpt>
   <trkpt lat="50.66461" lon="4.4945200000000005">
    <ele>133.01000000000002</ele>
   </trkpt>
   <trkpt lat="50.664390000000004" lon="4.49465">
    <ele>133.3</ele>
   </trkpt>
   <trkpt lat="50.66395000000001" lon="4.495030000000001">
    <ele>134.08</ele>
   </trkpt>
   <trkpt lat="50.663790000000006" lon="4.495240000000001">
    <ele>134.3</ele>
   </trkpt>
   <trkpt lat="50.663560000000004" lon="4.49563">
    <ele>134.41</ele>
   </trkpt>
   <trkpt lat="50.663410000000006" lon="4.49594">
    <ele>134.55</ele>
   </trkpt>
   <trkpt lat="50.662980049747325" lon="4.4971456438644895">
    <ele>135.20000000000002</ele>
   </trkpt>
   <trkpt lat="50.66255008705705" lon="4.498351265650922">
    <ele>135.67000000000002</ele>
   </trkpt>
   <trkpt lat="50.662120111929596" lon="4.499556865359403">
    <ele>136.46</ele>
   </trkpt>
   <trkpt lat="50.661690124365364" lon="4.500762442990035">
    <ele>137.43000000000004</ele>
   </trkpt>
   <trkpt lat="50.6612601243648" lon="4.501967998542922">
    <ele>138.07</ele>
   </trkpt>
   <trkpt lat="50.66083011192831" lon="4.503173532018167">
    <ele>136.15</ele>
   </trkpt>
   <trkpt lat="50.66040008705632" lon="4.504379043415874">
    <ele>134.46</ele>
   </trkpt>
   <trkpt lat="50.65997004974923" lon="4.505584532736148">
    <ele>131.29000000000002</ele>
   </trkpt>
   <trkpt lat="50.65954000000001" lon="4.5067900000000005">
    <ele>130.44</ele>
   </trkpt>
   <trkpt lat="50.65945000000001" lon="4.50663">
    <ele>129.84</ele>
   </trkpt>
   <trkpt lat="50.659530000000004" lon="4.5067900000000005">
    <ele>129.14000000000001</ele>
   </trkpt>
   <trkpt lat="50.659144237102524" lon="4.505566556119992">
    <ele>129.14000000000001</ele>
   </trkpt>
   <trkpt lat="50.65875846139713" lon="4.504343132338783">
    <ele>129.14000000000001</ele>
   </trkpt>
   <trkpt lat="50.65837267288417" lon="4.5031197286564355">
    <ele>129.14000000000001</ele>
   </trkpt>
   <trkpt lat="50.65798687156406" lon="4.50189634507301">
    <ele>129.14000000000001</ele>
   </trkpt>
   <trkpt lat="50.657601057437184" lon="4.500672981588567">
    <ele>129.14000000000001</ele>
   </trkpt>
   <trkpt lat="50.65721523050392" lon="4.499449638203167">
    <ele>129.14000000000001</ele>
   </trkpt>
   <trkpt lat="50.65682939076466" lon="4.498226314916872">
    <ele>142.5</ele>
   </trkpt>
   <trkpt lat="50.65644353821977" lon="4.497003011729744">
    <ele>142.5</ele>
   </trkpt>
   <trkpt lat="50.65605767286966" lon="4.49577972864184">
    <ele>142.5</ele>
   </trkpt>
   <trkpt lat="50.6556717947147" lon="4.494556465653223">
    <ele>142.5</ele>
   </trkpt>
   <trkpt lat="50.655285903755306" lon="4.493333222763954">
    <ele>142.5</ele>
   </trkpt>
   <trkpt lat="50.654900000000005" lon="4.49211">
    <ele>142.5</ele>
   </trkpt>
   <trkpt lat="50.654900000000005" lon="4.492120000000001">
    <ele>142.17000000000002</ele>
   </trkpt>
   <trkpt lat="50.65461836456613" lon="4.490911630425989">
    <ele>142.17000000000002</ele>
   </trkpt>
   <trkpt lat="50.65433671663756" lon="4.4897032753425705">
    <ele>142.17000000000002</ele>
   </trkpt>
   <trkpt lat="50.65405505621453" lon="4.488494934750065">
    <ele>143.6</ele>
   </trkpt>
   <trkpt lat="50.65377338329737" lon="4.487286608648799">
    <ele>143.6</ele>
   </trkpt>
   <trkpt lat="50.653491697886295" lon="4.4860782970390956">
    <ele>143.6</ele>
   </trkpt>
   <trkpt lat="50.65321" lon="4.484870000000001">
    <ele>143.66</ele>
   </trkpt>
   <trkpt lat="50.653220000000005" lon="4.484870000000001">
    <ele>143.66</ele>
   </trkpt>
   <trkpt lat="50.65306" lon="4.48433">
    <ele>144.3</ele>
   </trkpt>
   <trkpt lat="50.65281" lon="4.48362">
    <ele>143.85</ele>
   </trkpt>
   <trkpt lat="50.65272" lon="4.48324">
    <ele>143.49</ele>
   </trkpt>
   <trkpt lat="50.65258500505092" lon="4.482154996994209">
    <ele>142.96</ele>
   </trkpt>
   <trkpt lat="50.65245" lon="4.481070000000001">
    <ele>141.97</ele>
   </trkpt>
   <trkpt lat="50.652370000000005" lon="4.48076">
    <ele>141.77</ele>
   </trkpt>
   <trkpt lat="50.65225" lon="4.480390000000001">
    <ele>141.58</ele>
   </trkpt>
   <trkpt lat="50.65195000201201" lon="4.479699995535855">
    <ele>141.06</ele>
   </trkpt>
   <trkpt lat="50.651650000000004" lon="4.479010000000001">
    <ele>141.05</ele>
   </trkpt>
   <trkpt lat="50.65142" lon="4.47857">
    <ele>141.15</ele>
   </trkpt>
   <trkpt lat="50.65113" lon="4.4781200000000005">
    <ele>141.14000000000001</ele>
   </trkpt>
   <trkpt lat="50.65058001133022" lon="4.477305961865725">
    <ele>141.45000000000002</ele>
   </trkpt>
   <trkpt lat="50.6500300169899" lon="4.476491942791552">
    <ele>141.76000000000002</ele>
   </trkpt>
   <trkpt lat="50.64948001697931" lon="4.475677942776857">
    <ele>142.3</ele>
   </trkpt>
   <trkpt lat="50.64893001129868" lon="4.474863961821019">
    <ele>143.43</ele>
   </trkpt>
   <trkpt lat="50.64838" lon="4.47405">
    <ele>144.47</ele>
   </trkpt>
   <trkpt lat="50.64782201929096" lon="4.472987949524672">
    <ele>145.57</ele>
   </trkpt>
   <trkpt lat="50.647264028929584" lon="4.47192592427543">
    <ele>145.61</ele>
   </trkpt>
   <trkpt lat="50.64670602891632" lon="4.470863924251611">
    <ele>144.85</ele>
   </trkpt>
   <trkpt lat="50.646148019251534" lon="4.46980194945255">
    <ele>144.04</ele>
   </trkpt>
   <trkpt lat="50.645590000000006" lon="4.46874">
    <ele>143.52</ele>
   </trkpt>
   <trkpt lat="50.64547" lon="4.46837">
    <ele>143.52</ele>
   </trkpt>
   <trkpt lat="50.64516602839842" lon="4.4670819666867505">
    <ele>142.61</ele>
   </trkpt>
   <trkpt lat="50.64486204259943" lon="4.465793950038807">
    <ele>141.95000000000002</ele>
   </trkpt>
   <trkpt lat="50.64455804260338" lon="4.464505950056554">
    <ele>141.52</ele>
   </trkpt>
   <trkpt lat="50.64425402841058" lon="4.463217966740372">
    <ele>140.96</ele>
   </trkpt>
   <trkpt lat="50.643950000000004" lon="4.461930000000001">
    <ele>139.86</ele>
   </trkpt>
   <trkpt lat="50.64364602700313" lon="4.460673967507009">
    <ele>138.53</ele>
   </trkpt>
   <trkpt lat="50.64334204050541" lon="4.459417951264455">
    <ele>139.07</ele>
   </trkpt>
   <trkpt lat="50.64303804050718" lon="4.458161951272676">
    <ele>140.93</ele>
   </trkpt>
   <trkpt lat="50.64273402700871" lon="4.456905967532007">
    <ele>144.21</ele>
   </trkpt>
   <trkpt lat="50.642430000000004" lon="4.45565">
    <ele>145.70000000000002</ele>
   </trkpt>
   <trkpt lat="50.64264000000001" lon="4.45575">
    <ele>144.68</ele>
   </trkpt>
   <trkpt lat="50.642770000000006" lon="4.455830000000001">
    <ele>144.13</ele>
   </trkpt>
   <trkpt lat="50.643370000000004" lon="4.45641">
    <ele>140.08</ele>
   </trkpt>
   <trkpt lat="50.64365" lon="4.45659">
    <ele>138.86</ele>
   </trkpt>
   <trkpt lat="50.644280000173744" lon="4.456789997319353">
    <ele>137.56</ele>
   </trkpt>
   <trkpt lat="50.64491" lon="4.45699">
    <ele>137.51000000000002</ele>
   </trkpt>
   <trkpt lat="50.64508000000001" lon="4.45709">
    <ele>137.78</ele>
   </trkpt>
   <trkpt lat="50.64524" lon="4.45722">
    <ele>137.99</ele>
   </trkpt>
   <trkpt lat="50.645720000000004" lon="4.45781">
    <ele>141.3</ele>
   </trkpt>
   <trkpt lat="50.645830000000004" lon="4.457870000000001">
    <ele>141.78</ele>
   </trkpt>
   <trkpt lat="50.646" lon="4.45791">
    <ele>142.23000000000002</ele>
   </trkpt>
   <trkpt lat="50.646530000000006" lon="4.45779">
    <ele>140.84000000000003</ele>
   </trkpt>
   <trkpt lat="50.64706" lon="4.45772">
    <ele>140.73000000000002</ele>
   </trkpt>
   <trkpt lat="50.647240000000004" lon="4.4576400000000005">
    <ele>140.73000000000002</ele>
   </trkpt>
   <trkpt lat="50.64797666828003" lon="4.457200013823867">
    <ele>139.71</ele>
   </trkpt>
   <trkpt lat="50.648713334903334" lon="4.456760013850034">
    <ele>137.36</ele>
   </trkpt>
   <trkpt lat="50.64945" lon="4.456320000000001">
    <ele>136.32000000000002</ele>
   </trkpt>
   <trkpt lat="50.65019" lon="4.45586">
    <ele>134.57000000000002</ele>
   </trkpt>
   <trkpt lat="50.65039" lon="4.45579">
    <ele>134.3</ele>
   </trkpt>
   <trkpt lat="50.650470000000006" lon="4.45579">
    <ele>134.3</ele>
   </trkpt>
   <trkpt lat="50.65102" lon="4.456110000000001">
    <ele>133.36</ele>
   </trkpt>
   <trkpt lat="50.65137000000001" lon="4.4563500000000005">
    <ele>132.56</ele>
   </trkpt>
   <trkpt lat="50.651970000000006" lon="4.4569">
    <ele>130.83</ele>
   </trkpt>
   <trkpt lat="50.65234" lon="4.45713">
    <ele>129.17000000000002</ele>
   </trkpt>
   <trkpt lat="50.652660000000004" lon="4.45729">
    <ele>128.32000000000002</ele>
   </trkpt>
   <trkpt lat="50.652840000000005" lon="4.4574300000000004">
    <ele>127.64</ele>
   </trkpt>
   <trkpt lat="50.653000000000006" lon="4.457590000000001">
    <ele>127.34</ele>
   </trkpt>
   <trkpt lat="50.65341" lon="4.458080000000001">
    <ele>125.04</ele>
   </trkpt>
   <trkpt lat="50.653650000000006" lon="4.458430000000001">
    <ele>123.96000000000001</ele>
   </trkpt>
   <trkpt lat="50.65397" lon="4.459420000000001">
    <ele>122.52</ele>
   </trkpt>
   <trkpt lat="50.65410000000001" lon="4.459720000000001">
    <ele>122.27</ele>
   </trkpt>
   <trkpt lat="50.654525002251496" lon="4.460454993246122">
    <ele>120.89000000000001</ele>
   </trkpt>
   <trkpt lat="50.65495000000001" lon="4.46119">
    <ele>119.99000000000001</ele>
   </trkpt>
   <trkpt lat="50.65523" lon="4.46161">
    <ele>118.63000000000001</ele>
   </trkpt>
   <trkpt lat="50.655390000000004" lon="4.4618">
    <ele>117.9</ele>
   </trkpt>
   <trkpt lat="50.65592500116791" lon="4.462339993768761">
    <ele>114.11</ele>
   </trkpt>
   <trkpt lat="50.65646" lon="4.46288">
    <ele>113.93</ele>
   </trkpt>
   <trkpt lat="50.65663000000001" lon="4.46297">
    <ele>114.23</ele>
   </trkpt>
   <trkpt lat="50.65672000000001" lon="4.463">
    <ele>114.87</ele>
   </trkpt>
   <trkpt lat="50.656870000000005" lon="4.462960000000001">
    <ele>115.27000000000001</ele>
   </trkpt>
   <trkpt lat="50.65766000000001" lon="4.462490000000001">
    <ele>118.88000000000001</ele>
   </trkpt>
   <trkpt lat="50.65816500016002" lon="4.462380001159194">
    <ele>120.89000000000001</ele>
   </trkpt>
   <trkpt lat="50.65867" lon="4.46227">
    <ele>121.44</ele>
   </trkpt>
   <trkpt lat="50.65918500007021" lon="4.462260000108303">
    <ele>119.45000000000002</ele>
   </trkpt>
   <trkpt lat="50.6597" lon="4.46225">
    <ele>117.75</ele>
   </trkpt>
   <trkpt lat="50.65988" lon="4.46227">
    <ele>117.76</ele>
   </trkpt>
   <trkpt lat="50.65999000000001" lon="4.46211">
    <ele>117.76</ele>
   </trkpt>
   <trkpt lat="50.66022" lon="4.46175">
    <ele>117.49000000000001</ele>
   </trkpt>
   <trkpt lat="50.66031" lon="4.46166">
    <ele>117.49000000000001</ele>
   </trkpt>
   <trkpt lat="50.66039000000001" lon="4.461620000000001">
    <ele>117.49000000000001</ele>
   </trkpt>
   <trkpt lat="50.66077000000001" lon="4.46147">
    <ele>116.53</ele>
   </trkpt>
   <trkpt lat="50.660900000000005" lon="4.46145">
    <ele>116.18</ele>
   </trkpt>
   <trkpt lat="50.660990000000005" lon="4.461460000000001">
    <ele>115.52000000000001</ele>
   </trkpt>
   <trkpt lat="50.66116" lon="4.46154">
    <ele>115.52000000000001</ele>
   </trkpt>
   <trkpt lat="50.66187000000001" lon="4.46201">
    <ele>111.17</ele>
   </trkpt>
   <trkpt lat="50.66266500162377" lon="4.462644989168567">
    <ele>105.3</ele>
   </trkpt>
   <trkpt lat="50.66346" lon="4.46328">
    <ele>99.43</ele>
   </trkpt>
   <trkpt lat="50.664100000000005" lon="4.46375">
    <ele>92.72000000000001</ele>
   </trkpt>
   <trkpt lat="50.664560000417026" lon="4.464044997138687">
    <ele>91.74</ele>
   </trkpt>
   <trkpt lat="50.665020000000005" lon="4.46434">
    <ele>89.83</ele>
   </trkpt>
   <trkpt lat="50.66523" lon="4.46445">
    <ele>88.24000000000001</ele>
   </trkpt>
   <trkpt lat="50.66545000000001" lon="4.46454">
    <ele>87.19</ele>
   </trkpt>
   <trkpt lat="50.66611" lon="4.46461">
    <ele>84.24000000000001</ele>
   </trkpt>
   <trkpt lat="50.666695000032405" lon="4.464649999503362">
    <ele>81.61</ele>
   </trkpt>
   <trkpt lat="50.667280000000005" lon="4.46469">
    <ele>80.17</ele>
   </trkpt>
   <trkpt lat="50.66747" lon="4.464650000000001">
    <ele>80.01</ele>
   </trkpt>
   <trkpt lat="50.66762000000001" lon="4.4645600000000005">
    <ele>79.88000000000001</ele>
   </trkpt>
   <trkpt lat="50.66803500057841" lon="4.46420500310436">
    <ele>79.39</ele>
   </trkpt>
   <trkpt lat="50.66845000000001" lon="4.463850000000001">
    <ele>79.66000000000001</ele>
   </trkpt>
   <trkpt lat="50.66855" lon="4.46379">
    <ele>79.66000000000001</ele>
   </trkpt>
   <trkpt lat="50.668600000000005" lon="4.463780000000001">
    <ele>79.66000000000001</ele>
   </trkpt>
   <trkpt lat="50.66864" lon="4.463690000000001">
    <ele>80.27000000000001</ele>
   </trkpt>
   <trkpt lat="50.6687" lon="4.46363">
    <ele>80.27000000000001</ele>
   </trkpt>
   <trkpt lat="50.66899" lon="4.463450000000001">
    <ele>82.92</ele>
   </trkpt>
   <trkpt lat="50.669070000000005" lon="4.46333">
    <ele>82.94000000000001</ele>
   </trkpt>
   <trkpt lat="50.66906" lon="4.46332">
    <ele>80.71000000000001</ele>
   </trkpt>
   <trkpt lat="50.669070000000005" lon="4.463030000000001">
    <ele>80.91000000000001</ele>
   </trkpt>
   <trkpt lat="50.669050000000006" lon="4.462820000000001">
    <ele>81.05000000000001</ele>
   </trkpt>
   <trkpt lat="50.668870002560006" lon="4.462049997148187">
    <ele>82.57000000000001</ele>
   </trkpt>
   <trkpt lat="50.668690000000005" lon="4.46128">
    <ele>84.06</ele>
   </trkpt>
   <trkpt lat="50.66865000000001" lon="4.461">
    <ele>84.72</ele>
   </trkpt>
   <trkpt lat="50.66864500390331" lon="4.460045000184512">
    <ele>87.27</ele>
   </trkpt>
   <trkpt lat="50.66864" lon="4.459090000000001">
    <ele>90.51</ele>
   </trkpt>
   <trkpt lat="50.668620000000004" lon="4.458830000000001">
    <ele>90.51</ele>
   </trkpt>
   <trkpt lat="50.66852" lon="4.45838">
    <ele>92.2</ele>
   </trkpt>
   <trkpt lat="50.668440000000004" lon="4.45817">
    <ele>92.2</ele>
   </trkpt>
   <trkpt lat="50.668260000000004" lon="4.45781">
    <ele>93.75000000000001</ele>
   </trkpt>
   <trkpt lat="50.667737511965875" lon="4.456844967807609">
    <ele>96.41000000000001</ele>
   </trkpt>
   <trkpt lat="50.66721501596343" lon="4.455879957094091">
    <ele>100.25</ele>
   </trkpt>
   <trkpt lat="50.66669251199302" lon="4.454914967858893">
    <ele>103.42000000000002</ele>
   </trkpt>
   <trkpt lat="50.66617" lon="4.453950000000001">
    <ele>106.41</ele>
   </trkpt>
   <trkpt lat="50.665820000000004" lon="4.45322">
    <ele>107.59</ele>
   </trkpt>
   <trkpt lat="50.665426673823994" lon="4.452303317899549">
    <ele>108.91000000000001</ele>
   </trkpt>
   <trkpt lat="50.66503334045799" lon="4.4513866511569695">
    <ele>112.06</ele>
   </trkpt>
   <trkpt lat="50.664640000000006" lon="4.45047">
    <ele>114.0</ele>
   </trkpt>
   <trkpt lat="50.664480000000005" lon="4.449890000000001">
    <ele>115.09</ele>
   </trkpt>
   <trkpt lat="50.66443" lon="4.449450000000001">
    <ele>115.39</ele>
   </trkpt>
   <trkpt lat="50.664385002672965" lon="4.448659999293351">
    <ele>118.93</ele>
   </trkpt>
   <trkpt lat="50.66434" lon="4.44787">
    <ele>118.93</ele>
   </trkpt>
   <trkpt lat="50.66431000000001" lon="4.44765">
    <ele>119.96000000000001</ele>
   </trkpt>
   <trkpt lat="50.66422000000001" lon="4.447220000000001">
    <ele>120.46000000000001</ele>
   </trkpt>
   <trkpt lat="50.664080000000006" lon="4.44681">
    <ele>120.46000000000001</ele>
   </trkpt>
   <trkpt lat="50.66386000000001" lon="4.446350000000001">
    <ele>121.65</ele>
   </trkpt>
   <trkpt lat="50.66349000145822" lon="4.445769995459634">
    <ele>122.31000000000002</ele>
   </trkpt>
   <trkpt lat="50.663120000000006" lon="4.44519">
    <ele>123.55000000000001</ele>
   </trkpt>
   <trkpt lat="50.662910000000004" lon="4.44482">
    <ele>123.92000000000002</ele>
   </trkpt>
   <trkpt lat="50.662620000000004" lon="4.44414">
    <ele>124.43</ele>
   </trkpt>
   <trkpt lat="50.662310000000005" lon="4.44332">
    <ele>124.53000000000002</ele>
   </trkpt>
   <trkpt lat="50.662130000000005" lon="4.44292">
    <ele>124.11000000000001</ele>
   </trkpt>
   <trkpt lat="50.66155001503192" lon="4.441837459874756">
    <ele>123.04</ele>
   </trkpt>
   <trkpt lat="50.66097002003644" lon="4.440754946489321">
    <ele>121.67000000000002</ele>
   </trkpt>
   <trkpt lat="50.660390015014016" lon="4.439672459842944">
    <ele>113.32000000000001</ele>
   </trkpt>
   <trkpt lat="50.65981000000001" lon="4.4385900000000005">
    <ele>107.65</ele>
   </trkpt>
   <trkpt lat="50.65934000000001" lon="4.43766">
    <ele>102.3</ele>
   </trkpt>
   <trkpt lat="50.659200000000006" lon="4.43733">
    <ele>101.44</ele>
   </trkpt>
   <trkpt lat="50.659000000000006" lon="4.4367600000000005">
    <ele>98.13000000000001</ele>
   </trkpt>
   <trkpt lat="50.658950000000004" lon="4.436520000000001">
    <ele>97.51</ele>
   </trkpt>
   <trkpt lat="50.65889000000001" lon="4.43604">
    <ele>96.9</ele>
   </trkpt>
   <trkpt lat="50.658770000000004" lon="4.435440000000001">
    <ele>97.05000000000001</ele>
   </trkpt>
   <trkpt lat="50.65881" lon="4.4354000000000005">
    <ele>97.07000000000001</ele>
   </trkpt>
   <trkpt lat="50.658840000000005" lon="4.43533">
    <ele>97.02000000000001</ele>
   </trkpt>
   <trkpt lat="50.65903" lon="4.4352">
    <ele>96.99000000000001</ele>
   </trkpt>
   <trkpt lat="50.659560000000006" lon="4.43431">
    <ele>98.48</ele>
   </trkpt>
   <trkpt lat="50.659690000000005" lon="4.43393">
    <ele>98.93</ele>
   </trkpt>
   <trkpt lat="50.65975" lon="4.433450000000001">
    <ele>100.75</ele>
   </trkpt>
   <trkpt lat="50.659780004144686" lon="4.432465000838288">
    <ele>103.88000000000001</ele>
   </trkpt>
   <trkpt lat="50.65981000000001" lon="4.4314800000000005">
    <ele>105.8</ele>
   </trkpt>
   <trkpt lat="50.659800000000004" lon="4.4312700000000005">
    <ele>105.95</ele>
   </trkpt>
   <trkpt lat="50.659710000000004" lon="4.4309400000000005">
    <ele>105.98</ele>
   </trkpt>
   <trkpt lat="50.65963000000001" lon="4.43053">
    <ele>105.69</ele>
   </trkpt>
   <trkpt lat="50.65961" lon="4.43027">
    <ele>105.82000000000001</ele>
   </trkpt>
   <trkpt lat="50.65968" lon="4.429270000000001">
    <ele>106.72000000000001</ele>
   </trkpt>
   <trkpt lat="50.65968500595583" lon="4.428090000474759">
    <ele>108.21000000000001</ele>
   </trkpt>
   <trkpt lat="50.659690000000005" lon="4.42691">
    <ele>109.34</ele>
   </trkpt>
   <trkpt lat="50.65973" lon="4.4266700000000005">
    <ele>109.6</ele>
   </trkpt>
   <trkpt lat="50.65995000497347" lon="4.42559000514231">
    <ele>112.69000000000001</ele>
   </trkpt>
   <trkpt lat="50.66017" lon="4.424510000000001">
    <ele>114.34</ele>
   </trkpt>
   <trkpt lat="50.66031" lon="4.423920000000001">
    <ele>115.09</ele>
   </trkpt>
   <trkpt lat="50.660450000000004" lon="4.4234800000000005">
    <ele>115.96000000000001</ele>
   </trkpt>
   <trkpt lat="50.660720002544615" lon="4.422710004404387">
    <ele>117.08</ele>
   </trkpt>
   <trkpt lat="50.660990000000005" lon="4.42194">
    <ele>118.19</ele>
   </trkpt>
   <trkpt lat="50.66131000000001" lon="4.42112">
    <ele>120.13000000000001</ele>
   </trkpt>
   <trkpt lat="50.66132" lon="4.421060000000001">
    <ele>120.13000000000001</ele>
   </trkpt>
   <trkpt lat="50.661390000000004" lon="4.42089">
    <ele>121.41</ele>
   </trkpt>
   <trkpt lat="50.66154" lon="4.420660000000001">
    <ele>121.98</ele>
   </trkpt>
   <trkpt lat="50.661550000000005" lon="4.4206">
    <ele>121.98</ele>
   </trkpt>
   <trkpt lat="50.661590000000004" lon="4.42055">
    <ele>122.16</ele>
   </trkpt>
   <trkpt lat="50.661620000000006" lon="4.42053">
    <ele>122.25000000000001</ele>
   </trkpt>
   <trkpt lat="50.66165" lon="4.42055">
    <ele>122.25000000000001</ele>
   </trkpt>
   <trkpt lat="50.661680000000004" lon="4.4206">
    <ele>122.16</ele>
   </trkpt>
   <trkpt lat="50.661950000000004" lon="4.42056">
    <ele>122.00000000000001</ele>
   </trkpt>
   <trkpt lat="50.662450000071516" lon="4.42038000194073">
    <ele>123.06000000000002</ele>
   </trkpt>
   <trkpt lat="50.66295" lon="4.4202">
    <ele>124.29</ele>
   </trkpt>
   <trkpt lat="50.66328000000001" lon="4.42009">
    <ele>125.2</ele>
   </trkpt>
   <trkpt lat="50.66400000055503" lon="4.4198366744335695">
    <ele>127.21000000000001</ele>
   </trkpt>
   <trkpt lat="50.66472000056092" lon="4.4195833410983125">
    <ele>128.65</ele>
   </trkpt>
   <trkpt lat="50.665440000000004" lon="4.41933">
    <ele>131.04000000000002</ele>
   </trkpt>
   <trkpt lat="50.66564" lon="4.4192">
    <ele>131.46</ele>
   </trkpt>
   <trkpt lat="50.66586" lon="4.418970000000001">
    <ele>132.74</ele>
   </trkpt>
   <trkpt lat="50.666030000000006" lon="4.41872">
    <ele>133.17000000000002</ele>
   </trkpt>
   <trkpt lat="50.66619000000001" lon="4.4183900000000005">
    <ele>134.38</ele>
   </trkpt>
   <trkpt lat="50.66646" lon="4.41763">
    <ele>136.33</ele>
   </trkpt>
   <trkpt lat="50.66678" lon="4.41706">
    <ele>137.51000000000002</ele>
   </trkpt>
   <trkpt lat="50.66730000166359" lon="4.41642500710802">
    <ele>138.44</ele>
   </trkpt>
   <trkpt lat="50.667820000000006" lon="4.41579">
    <ele>138.06</ele>
   </trkpt>
   <trkpt lat="50.66814" lon="4.415290000000001">
    <ele>137.18000000000004</ele>
   </trkpt>
   <trkpt lat="50.66836000000001" lon="4.41485">
    <ele>136.20000000000002</ele>
   </trkpt>
   <trkpt lat="50.66865000000001" lon="4.41411">
    <ele>135.47</ele>
   </trkpt>
   <trkpt lat="50.66881000000001" lon="4.413460000000001">
    <ele>135.01000000000002</ele>
   </trkpt>
   <trkpt lat="50.668870000000005" lon="4.413320000000001">
    <ele>134.97</ele>
   </trkpt>
   <trkpt lat="50.66892000000001" lon="4.413270000000001">
    <ele>134.73000000000002</ele>
   </trkpt>
   <trkpt lat="50.669140000000006" lon="4.4131800000000005">
    <ele>134.47</ele>
   </trkpt>
   <trkpt lat="50.67000500002621" lon="4.413095001566618">
    <ele>133.34</ele>
   </trkpt>
   <trkpt lat="50.67087" lon="4.413010000000001">
    <ele>132.38</ele>
   </trkpt>
   <trkpt lat="50.670880000000004" lon="4.413010000000001">
    <ele>129.64000000000001</ele>
   </trkpt>
   <trkpt lat="50.67172555576521" lon="4.412931122479493">
    <ele>129.64000000000001</ele>
   </trkpt>
   <trkpt lat="50.672571111477176" lon="4.412852242117405">
    <ele>129.64000000000001</ele>
   </trkpt>
   <trkpt lat="50.6734166671359" lon="4.412773358913551">
    <ele>129.64000000000001</ele>
   </trkpt>
   <trkpt lat="50.67426222274139" lon="4.4126944728677415">
    <ele>129.64000000000001</ele>
   </trkpt>
   <trkpt lat="50.675107778293615" lon="4.412615583979789">
    <ele>123.73</ele>
   </trkpt>
   <trkpt lat="50.67595333379261" lon="4.412536692249506">
    <ele>123.73</ele>
   </trkpt>
   <trkpt lat="50.67679888923835" lon="4.412457797676705">
    <ele>123.73</ele>
   </trkpt>
   <trkpt lat="50.677644444630815" lon="4.4123789002611975">
    <ele>123.73</ele>
   </trkpt>
   <trkpt lat="50.678490000000004" lon="4.4123">
    <ele>123.73</ele>
   </trkpt>
   <trkpt lat="50.678490000000004" lon="4.412310000000001">
    <ele>123.73</ele>
   </trkpt>
   <trkpt lat="50.678490000000004" lon="4.4123">
    <ele>122.98</ele>
   </trkpt>
   <trkpt lat="50.67896000002179" lon="4.412245000549772">
    <ele>125.11</ele>
   </trkpt>
   <trkpt lat="50.67943" lon="4.412190000000001">
    <ele>126.05000000000003</ele>
   </trkpt>
   <trkpt lat="50.679990000000004" lon="4.412030000000001">
    <ele>127.27000000000002</ele>
   </trkpt>
   <trkpt lat="50.68037" lon="4.41188">
    <ele>127.73</ele>
   </trkpt>
   <trkpt lat="50.680330000000005" lon="4.41178">
    <ele>127.85000000000002</ele>
   </trkpt>
   <trkpt lat="50.68023" lon="4.4111400000000005">
    <ele>128.44</ele>
   </trkpt>
   <trkpt lat="50.68012000419949" lon="4.410149997740427">
    <ele>129.9</ele>
   </trkpt>
   <trkpt lat="50.68001" lon="4.40916">
    <ele>130.92000000000002</ele>
   </trkpt>
   <trkpt lat="50.67990500223759" lon="4.408434998302301">
    <ele>131.29000000000002</ele>
   </trkpt>
   <trkpt lat="50.67980000000001" lon="4.407710000000001">
    <ele>132.24</ele>
   </trkpt>
   <trkpt lat="50.679735002518875" lon="4.406944999121384">
    <ele>132.77</ele>
   </trkpt>
   <trkpt lat="50.67967" lon="4.40618">
    <ele>133.27</ele>
   </trkpt>
   <trkpt lat="50.67963" lon="4.40543">
    <ele>134.25</ele>
   </trkpt>
   <trkpt lat="50.680056675389565" lon="4.404420018376399">
    <ele>134.25</ele>
   </trkpt>
   <trkpt lat="50.68048334205163" lon="4.403410018387589">
    <ele>129.61</ele>
   </trkpt>
   <trkpt lat="50.680910000000004" lon="4.4024">
    <ele>129.61</ele>
   </trkpt>
   <trkpt lat="50.681070000000005" lon="4.401800000000001">
    <ele>128.97</ele>
   </trkpt>
   <trkpt lat="50.68121000565606" lon="4.4006500034418075">
    <ele>128.18</ele>
   </trkpt>
   <trkpt lat="50.68135" lon="4.399500000000001">
    <ele>127.66000000000003</ele>
   </trkpt>
   <trkpt lat="50.68141000000001" lon="4.3993400000000005">
    <ele>127.63000000000002</ele>
   </trkpt>
   <trkpt lat="50.681560000000005" lon="4.39878">
    <ele>126.65</ele>
   </trkpt>
   <trkpt lat="50.68167500245314" lon="4.398025001753789">
    <ele>123.79</ele>
   </trkpt>
   <trkpt lat="50.68179000000001" lon="4.397270000000001">
    <ele>123.13</ele>
   </trkpt>
   <trkpt lat="50.68180500302152" lon="4.396430000093694">
    <ele>119.92000000000002</ele>
   </trkpt>
   <trkpt lat="50.68182" lon="4.39559">
    <ele>118.67000000000002</ele>
   </trkpt>
   <trkpt lat="50.68187" lon="4.39515">
    <ele>117.45000000000002</ele>
   </trkpt>
   <trkpt lat="50.681990000000006" lon="4.3948">
    <ele>117.13000000000001</ele>
   </trkpt>
   <trkpt lat="50.68216" lon="4.39451">
    <ele>116.12000000000002</ele>
   </trkpt>
   <trkpt lat="50.6826300012021" lon="4.393990005158085">
    <ele>112.16000000000001</ele>
   </trkpt>
   <trkpt lat="50.6831" lon="4.393470000000001">
    <ele>109.7</ele>
   </trkpt>
   <trkpt lat="50.68338000000001" lon="4.39306">
    <ele>107.89000000000001</ele>
   </trkpt>
   <trkpt lat="50.683440000000004" lon="4.39285">
    <ele>107.89000000000001</ele>
   </trkpt>
   <trkpt lat="50.6835" lon="4.39252">
    <ele>107.35000000000001</ele>
   </trkpt>
   <trkpt lat="50.683490000000006" lon="4.39222">
    <ele>106.47000000000001</ele>
   </trkpt>
   <trkpt lat="50.68339500284071" lon="4.39139999803227">
    <ele>104.19</ele>
   </trkpt>
   <trkpt lat="50.6833" lon="4.39058">
    <ele>103.20000000000002</ele>
   </trkpt>
   <trkpt lat="50.68328" lon="4.3902">
    <ele>102.93</ele>
   </trkpt>
   <trkpt lat="50.68336000513052" lon="4.3891050018476925">
    <ele>101.99000000000001</ele>
   </trkpt>
   <trkpt lat="50.683440000000004" lon="4.38801">
    <ele>101.5</ele>
   </trkpt>
   <trkpt lat="50.68347000000001" lon="4.3878">
    <ele>101.55</ele>
   </trkpt>
   <trkpt lat="50.683510000000005" lon="4.38778">
    <ele>101.51</ele>
   </trkpt>
   <trkpt lat="50.68354" lon="4.387720000000001">
    <ele>101.51</ele>
   </trkpt>
   <trkpt lat="50.683530000000005" lon="4.3876800000000005">
    <ele>101.51</ele>
   </trkpt>
   <trkpt lat="50.68359" lon="4.3876">
    <ele>101.51</ele>
   </trkpt>
   <trkpt lat="50.683690000000006" lon="4.38755">
    <ele>101.01</ele>
   </trkpt>
   <trkpt lat="50.684180000000005" lon="4.38741">
    <ele>100.52000000000001</ele>
   </trkpt>
   <trkpt lat="50.68442" lon="4.387320000000001">
    <ele>100.45</ele>
   </trkpt>
   <trkpt lat="50.68466" lon="4.387160000000001">
    <ele>100.49000000000001</ele>
   </trkpt>
   <trkpt lat="50.684760000000004" lon="4.387090000000001">
    <ele>100.39</ele>
   </trkpt>
   <trkpt lat="50.685" lon="4.3868">
    <ele>100.45</ele>
   </trkpt>
   <trkpt lat="50.685100000000006" lon="4.38665">
    <ele>100.45</ele>
   </trkpt>
   <trkpt lat="50.68525" lon="4.3863">
    <ele>100.42</ele>
   </trkpt>
   <trkpt lat="50.68551000253899" lon="4.385530004258653">
    <ele>101.76</ele>
   </trkpt>
   <trkpt lat="50.685770000000005" lon="4.38476">
    <ele>102.37</ele>
   </trkpt>
   <trkpt lat="50.685860000000005" lon="4.38459">
    <ele>102.37</ele>
   </trkpt>
   <trkpt lat="50.68598" lon="4.384440000000001">
    <ele>102.37</ele>
   </trkpt>
   <trkpt lat="50.686080000000004" lon="4.384580000000001">
    <ele>101.21000000000001</ele>
   </trkpt>
   <trkpt lat="50.686230002630786" lon="4.385364997463051">
    <ele>99.92</ele>
   </trkpt>
   <trkpt lat="50.68638000000001" lon="4.386150000000001">
    <ele>99.49000000000001</ele>
   </trkpt>
   <trkpt lat="50.6865000020673" lon="4.38684999804198">
    <ele>99.69000000000001</ele>
   </trkpt>
   <trkpt lat="50.686620000000005" lon="4.38755">
    <ele>100.67</ele>
   </trkpt>
   <trkpt lat="50.686620000000005" lon="4.3882">
    <ele>103.02000000000001</ele>
   </trkpt>
   <trkpt lat="50.686550000000004" lon="4.3889700000000005">
    <ele>105.29</ele>
   </trkpt>
   <trkpt lat="50.6864450044495" lon="4.389990002292062">
    <ele>109.50000000000001</ele>
   </trkpt>
   <trkpt lat="50.68634" lon="4.3910100000000005">
    <ele>112.11000000000001</ele>
   </trkpt>
   <trkpt lat="50.68629000000001" lon="4.39224">
    <ele>119.18</ele>
   </trkpt>
   <trkpt lat="50.68633603344192" lon="4.393637994545794">
    <ele>119.18</ele>
   </trkpt>
   <trkpt lat="50.68638205016341" lon="4.395035991834316">
    <ele>119.18</ele>
   </trkpt>
   <trkpt lat="50.686428050164444" lon="4.396433991864582">
    <ele>121.4</ele>
   </trkpt>
   <trkpt lat="50.686474033444924" lon="4.397831994635602">
    <ele>121.4</ele>
   </trkpt>
   <trkpt lat="50.68652" lon="4.39923">
    <ele>121.4</ele>
   </trkpt>
   <trkpt lat="50.686460000000004" lon="4.39953">
    <ele>121.46000000000001</ele>
   </trkpt>
   <trkpt lat="50.686550000000004" lon="4.39981">
    <ele>121.36000000000001</ele>
   </trkpt>
   <trkpt lat="50.68668" lon="4.40068">
    <ele>120.26</ele>
   </trkpt>
   <trkpt lat="50.68686" lon="4.4016">
    <ele>119.63000000000001</ele>
   </trkpt>
   <trkpt lat="50.68695" lon="4.401960000000001">
    <ele>119.12</ele>
   </trkpt>
   <trkpt lat="50.687200000000004" lon="4.4027400000000005">
    <ele>118.02000000000001</ele>
   </trkpt>
   <trkpt lat="50.68750500331279" lon="4.4036249941378145">
    <ele>116.81</ele>
   </trkpt>
   <trkpt lat="50.687810000000006" lon="4.40451">
    <ele>116.13000000000001</ele>
   </trkpt>
   <trkpt lat="50.687810000000006" lon="4.4046">
    <ele>115.9</ele>
   </trkpt>
   <trkpt lat="50.68775" lon="4.405080000000001">
    <ele>115.79</ele>
   </trkpt>
   <trkpt lat="50.687850000000005" lon="4.4051100000000005">
    <ele>115.84</ele>
   </trkpt>
   <trkpt lat="50.688400002230104" lon="4.405819991771749">
    <ele>116.85000000000001</ele>
   </trkpt>
   <trkpt lat="50.688950000000006" lon="4.40653">
    <ele>118.99000000000001</ele>
   </trkpt>
   <trkpt lat="50.689310000000006" lon="4.40688">
    <ele>120.60000000000001</ele>
   </trkpt>
   <trkpt lat="50.68947000000001" lon="4.40702">
    <ele>121.11000000000001</ele>
   </trkpt>
   <trkpt lat="50.68956000000001" lon="4.40706">
    <ele>121.11000000000001</ele>
   </trkpt>
   <trkpt lat="50.689600000000006" lon="4.40711">
    <ele>121.11000000000001</ele>
   </trkpt>
   <trkpt lat="50.68965000000001" lon="4.40728">
    <ele>121.53000000000002</ele>
   </trkpt>
   <trkpt lat="50.689620000000005" lon="4.407430000000001">
    <ele>121.92000000000002</ele>
   </trkpt>
   <trkpt lat="50.68968" lon="4.4076200000000005">
    <ele>121.92000000000002</ele>
   </trkpt>
   <trkpt lat="50.689990002685676" lon="4.408399995055165">
    <ele>122.65</ele>
   </trkpt>
   <trkpt lat="50.69030000000001" lon="4.40918">
    <ele>122.64000000000001</ele>
   </trkpt>
   <trkpt lat="50.69041000000001" lon="4.409470000000001">
    <ele>122.64000000000001</ele>
   </trkpt>
   <trkpt lat="50.69052000000001" lon="4.40986">
    <ele>122.65</ele>
   </trkpt>
   <trkpt lat="50.69062" lon="4.409960000000001">
    <ele>122.65</ele>
   </trkpt>
   <trkpt lat="50.690630000000006" lon="4.41018">
    <ele>122.48</ele>
   </trkpt>
   <trkpt lat="50.69070000000001" lon="4.410340000000001">
    <ele>122.46000000000001</ele>
   </trkpt>
   <trkpt lat="50.69091" lon="4.41072">
    <ele>122.51</ele>
   </trkpt>
   <trkpt lat="50.69116500154802" lon="4.41131499684426">
    <ele>123.02</ele>
   </trkpt>
   <trkpt lat="50.69142" lon="4.411910000000001">
    <ele>123.56000000000002</ele>
   </trkpt>
   <trkpt lat="50.69165" lon="4.41246">
    <ele>125.28</ele>
   </trkpt>
   <trkpt lat="50.69176" lon="4.41282">
    <ele>125.45</ele>
   </trkpt>
   <trkpt lat="50.6921000070227" lon="4.413726653497303">
    <ele>125.45</ele>
   </trkpt>
   <trkpt lat="50.692440007012934" lon="4.414633320137755">
    <ele>126.96000000000001</ele>
   </trkpt>
   <trkpt lat="50.692780000000006" lon="4.41554">
    <ele>126.96000000000001</ele>
   </trkpt>
   <trkpt lat="50.69274000000001" lon="4.4156200000000005">
    <ele>127.36</ele>
   </trkpt>
   <trkpt lat="50.693250000000006" lon="4.4165600000000005">
    <ele>127.65</ele>
   </trkpt>
   <trkpt lat="50.693430000000006" lon="4.4168400000000005">
    <ele>127.62</ele>
   </trkpt>
   <trkpt lat="50.693690000000004" lon="4.417190000000001">
    <ele>127.35000000000002</ele>
   </trkpt>
   <trkpt lat="50.69422" lon="4.41763">
    <ele>126.75</ele>
   </trkpt>
   <trkpt lat="50.69478" lon="4.4180600000000005">
    <ele>126.16000000000003</ele>
   </trkpt>
   <trkpt lat="50.695080000000004" lon="4.41837">
    <ele>125.57000000000001</ele>
   </trkpt>
   <trkpt lat="50.69536" lon="4.418710000000001">
    <ele>125.04</ele>
   </trkpt>
   <trkpt lat="50.695710000000005" lon="4.41929">
    <ele>124.35000000000001</ele>
   </trkpt>
   <trkpt lat="50.696160000000006" lon="4.420190000000001">
    <ele>123.88</ele>
   </trkpt>
   <trkpt lat="50.69673" lon="4.420990000000001">
    <ele>122.91</ele>
   </trkpt>
   <trkpt lat="50.697270003545846" lon="4.421633318525268">
    <ele>122.43</ele>
   </trkpt>
   <trkpt lat="50.69781000355117" lon="4.422276651864721">
    <ele>120.99000000000001</ele>
   </trkpt>
   <trkpt lat="50.698350000000005" lon="4.42292">
    <ele>120.33</ele>
   </trkpt>
   <trkpt lat="50.69901000221486" lon="4.423639989864606">
    <ele>119.48</ele>
   </trkpt>
   <trkpt lat="50.699670000000005" lon="4.42436">
    <ele>119.73</ele>
   </trkpt>
   <trkpt lat="50.700230000000005" lon="4.424910000000001">
    <ele>119.05</ele>
   </trkpt>
   <trkpt lat="50.70029" lon="4.42487">
    <ele>118.86</ele>
   </trkpt>
   <trkpt lat="50.70035000000001" lon="4.42487">
    <ele>118.86</ele>
   </trkpt>
   <trkpt lat="50.700410000000005" lon="4.424910000000001">
    <ele>118.86</ele>
   </trkpt>
   <trkpt lat="50.700450000000004" lon="4.424980000000001">
    <ele>118.86</ele>
   </trkpt>
   <trkpt lat="50.700480000000006" lon="4.425140000000001">
    <ele>118.88000000000001</ele>
   </trkpt>
   <trkpt lat="50.70090500103288" lon="4.425614995770928">
    <ele>118.69</ele>
   </trkpt>
   <trkpt lat="50.701330000000006" lon="4.42609">
    <ele>118.67000000000002</ele>
   </trkpt>
   <trkpt lat="50.701510000000006" lon="4.42633">
    <ele>118.67000000000002</ele>
   </trkpt>
   <trkpt lat="50.70212" lon="4.42724">
    <ele>118.83</ele>
   </trkpt>
   <trkpt lat="50.70247000124502" lon="4.427789995818091">
    <ele>118.98000000000002</ele>
   </trkpt>
   <trkpt lat="50.70282" lon="4.42834">
    <ele>119.24000000000001</ele>
   </trkpt>
   <trkpt lat="50.703105001402314" lon="4.428919996400447">
    <ele>119.23000000000002</ele>
   </trkpt>
   <trkpt lat="50.703390000000006" lon="4.4295">
    <ele>119.02000000000001</ele>
   </trkpt>
   <trkpt lat="50.703590000000005" lon="4.429930000000001">
    <ele>118.96000000000001</ele>
   </trkpt>
   <trkpt lat="50.70383" lon="4.430400000000001">
    <ele>119.07000000000001</ele>
   </trkpt>
   <trkpt lat="50.7043" lon="4.43104">
    <ele>119.11</ele>
   </trkpt>
   <trkpt lat="50.70485000000001" lon="4.431850000000001">
    <ele>118.39</ele>
   </trkpt>
   <trkpt lat="50.705270000000006" lon="4.432580000000001">
    <ele>117.55000000000001</ele>
   </trkpt>
   <trkpt lat="50.705580000000005" lon="4.4332400000000005">
    <ele>116.66000000000001</ele>
   </trkpt>
   <trkpt lat="50.705920000000006" lon="4.43412">
    <ele>115.0</ele>
   </trkpt>
   <trkpt lat="50.7061750022045" lon="4.434839996048121">
    <ele>114.17</ele>
   </trkpt>
   <trkpt lat="50.706430000000005" lon="4.435560000000001">
    <ele>113.91000000000001</ele>
   </trkpt>
   <trkpt lat="50.706610000000005" lon="4.43602">
    <ele>113.93</ele>
   </trkpt>
   <trkpt lat="50.70711000000001" lon="4.43716">
    <ele>114.27000000000001</ele>
   </trkpt>
   <trkpt lat="50.70768" lon="4.43822">
    <ele>113.75</ele>
   </trkpt>
   <trkpt lat="50.70827000429803" lon="4.439219987450947">
    <ele>113.53</ele>
   </trkpt>
   <trkpt lat="50.70886" lon="4.44022">
    <ele>113.15</ele>
   </trkpt>
   <trkpt lat="50.70909" lon="4.44055">
    <ele>112.71000000000001</ele>
   </trkpt>
   <trkpt lat="50.70946000000001" lon="4.44101">
    <ele>112.19000000000001</ele>
   </trkpt>
   <trkpt lat="50.710060000000006" lon="4.4417100000000005">
    <ele>111.23</ele>
   </trkpt>
   <trkpt lat="50.710460000000005" lon="4.4421">
    <ele>110.71</ele>
   </trkpt>
   <trkpt lat="50.710995000919546" lon="4.442564994688559">
    <ele>110.22000000000001</ele>
   </trkpt>
   <trkpt lat="50.71153" lon="4.44303">
    <ele>110.02000000000001</ele>
   </trkpt>
   <trkpt lat="50.71190000000001" lon="4.4433300000000004">
    <ele>109.88000000000001</ele>
   </trkpt>
   <trkpt lat="50.712120000000006" lon="4.44348">
    <ele>109.87</ele>
   </trkpt>
   <trkpt lat="50.71257000026107" lon="4.443719997703853">
    <ele>109.67</ele>
   </trkpt>
   <trkpt lat="50.71302000000001" lon="4.443960000000001">
    <ele>109.53</ele>
   </trkpt>
   <trkpt lat="50.713370000000005" lon="4.44421">
    <ele>109.49</ele>
   </trkpt>
   <trkpt lat="50.71407000000001" lon="4.44491">
    <ele>108.58000000000001</ele>
   </trkpt>
   <trkpt lat="50.714360000000006" lon="4.445340000000001">
    <ele>108.58000000000001</ele>
   </trkpt>
   <trkpt lat="50.714490000000005" lon="4.44564">
    <ele>108.06</ele>
   </trkpt>
   <trkpt lat="50.714735003060945" lon="4.446479995757508">
    <ele>107.69000000000001</ele>
   </trkpt>
   <trkpt lat="50.714980000000004" lon="4.44732">
    <ele>107.24</ele>
   </trkpt>
   <trkpt lat="50.715270000000004" lon="4.44793">
    <ele>107.14000000000001</ele>
   </trkpt>
   <trkpt lat="50.71549" lon="4.448300000000001">
    <ele>107.31</ele>
   </trkpt>
   <trkpt lat="50.71576" lon="4.448840000000001">
    <ele>107.18</ele>
   </trkpt>
   <trkpt lat="50.71607" lon="4.4496">
    <ele>107.03000000000002</ele>
   </trkpt>
   <trkpt lat="50.71649500611944" lon="4.450794989197985">
    <ele>106.50000000000001</ele>
   </trkpt>
   <trkpt lat="50.71692" lon="4.45199">
    <ele>106.06000000000002</ele>
   </trkpt>
   <trkpt lat="50.7171" lon="4.45265">
    <ele>105.67000000000002</ele>
   </trkpt>
   <trkpt lat="50.71723" lon="4.4537700000000005">
    <ele>105.03000000000002</ele>
   </trkpt>
   <trkpt lat="50.717360000000006" lon="4.45437">
    <ele>105.03000000000002</ele>
   </trkpt>
   <trkpt lat="50.717580000000005" lon="4.45507">
    <ele>104.0</ele>
   </trkpt>
   <trkpt lat="50.71792000561455" lon="4.455879988253746">
    <ele>103.05</ele>
   </trkpt>
   <trkpt lat="50.718260005617296" lon="4.456689988260128">
    <ele>101.60000000000001</ele>
   </trkpt>
   <trkpt lat="50.7186" lon="4.4575000000000005">
    <ele>100.25</ele>
   </trkpt>
   <trkpt lat="50.71885" lon="4.458">
    <ele>99.98000000000002</ele>
   </trkpt>
   <trkpt lat="50.71922000000001" lon="4.458550000000001">
    <ele>99.38000000000001</ele>
   </trkpt>
   <trkpt lat="50.719570000000004" lon="4.45894">
    <ele>98.88000000000001</ele>
   </trkpt>
   <trkpt lat="50.719975000489455" lon="4.459304996773194">
    <ele>98.52000000000001</ele>
   </trkpt>
   <trkpt lat="50.720380000000006" lon="4.45967">
    <ele>98.31</ele>
   </trkpt>
   <trkpt lat="50.720600000000005" lon="4.4599">
    <ele>98.31</ele>
   </trkpt>
   <trkpt lat="50.720740000000006" lon="4.4600800000000005">
    <ele>98.38000000000001</ele>
   </trkpt>
   <trkpt lat="50.72095" lon="4.460430000000001">
    <ele>98.48</ele>
   </trkpt>
   <trkpt lat="50.72139000000001" lon="4.4613000000000005">
    <ele>99.06</ele>
   </trkpt>
   <trkpt lat="50.72180334120559" lon="4.4622599830403304">
    <ele>99.94000000000001</ele>
   </trkpt>
   <trkpt lat="50.72221667452872" lon="4.463219983016349">
    <ele>100.53</ele>
   </trkpt>
   <trkpt lat="50.72263" lon="4.464180000000001">
    <ele>100.69</ele>
   </trkpt>
   <trkpt lat="50.72283" lon="4.46457">
    <ele>100.84000000000002</ele>
   </trkpt>
   <trkpt lat="50.7231" lon="4.46501">
    <ele>100.86</ele>
   </trkpt>
   <trkpt lat="50.723475000987065" lon="4.465504995958208">
    <ele>100.76</ele>
   </trkpt>
   <trkpt lat="50.723850000000006" lon="4.466">
    <ele>100.61</ele>
   </trkpt>
   <trkpt lat="50.72399000000001" lon="4.46621">
    <ele>100.16000000000001</ele>
   </trkpt>
   <trkpt lat="50.72413" lon="4.466480000000001">
    <ele>100.05000000000001</ele>
   </trkpt>
   <trkpt lat="50.72426" lon="4.466810000000001">
    <ele>99.74000000000001</ele>
   </trkpt>
   <trkpt lat="50.72455" lon="4.46779">
    <ele>99.68</ele>
   </trkpt>
   <trkpt lat="50.7246" lon="4.46776">
    <ele>99.71000000000001</ele>
   </trkpt>
   <trkpt lat="50.724700000000006" lon="4.46778">
    <ele>99.77000000000001</ele>
   </trkpt>
   <trkpt lat="50.72478" lon="4.46788">
    <ele>99.77000000000001</ele>
   </trkpt>
   <trkpt lat="50.7248" lon="4.468050000000001">
    <ele>99.51</ele>
   </trkpt>
   <trkpt lat="50.72475000000001" lon="4.468190000000001">
    <ele>99.21000000000001</ele>
   </trkpt>
   <trkpt lat="50.724700000000006" lon="4.468240000000001">
    <ele>99.21000000000001</ele>
   </trkpt>
   <trkpt lat="50.72493000000001" lon="4.46888">
    <ele>98.44000000000001</ele>
   </trkpt>
   <trkpt lat="50.725080000000005" lon="4.46921">
    <ele>98.27000000000001</ele>
   </trkpt>
   <trkpt lat="50.72556333879735" lon="4.47000665028881">
    <ele>97.85000000000001</ele>
   </trkpt>
   <trkpt lat="50.72604667216643" lon="4.4708033170141634">
    <ele>97.60000000000001</ele>
   </trkpt>
   <trkpt lat="50.726530000000004" lon="4.4716000000000005">
    <ele>97.42</ele>
   </trkpt>
   <trkpt lat="50.72690000000001" lon="4.47224">
    <ele>97.46000000000001</ele>
   </trkpt>
   <trkpt lat="50.72706" lon="4.472390000000001">
    <ele>98.05000000000001</ele>
   </trkpt>
   <trkpt lat="50.72711" lon="4.472390000000001">
    <ele>98.06</ele>
   </trkpt>
   <trkpt lat="50.72715" lon="4.4724200000000005">
    <ele>98.06</ele>
   </trkpt>
   <trkpt lat="50.72719000000001" lon="4.47254">
    <ele>97.95</ele>
   </trkpt>
   <trkpt lat="50.72724" lon="4.472840000000001">
    <ele>97.58000000000001</ele>
   </trkpt>
   <trkpt lat="50.72759500181629" lon="4.473474995352801">
    <ele>97.72</ele>
   </trkpt>
   <trkpt lat="50.72795000000001" lon="4.4741100000000005">
    <ele>97.76</ele>
   </trkpt>
   <trkpt lat="50.7284" lon="4.474950000000001">
    <ele>97.61</ele>
   </trkpt>
   <trkpt lat="50.72847" lon="4.475040000000001">
    <ele>97.66000000000001</ele>
   </trkpt>
   <trkpt lat="50.728790000000004" lon="4.47531">
    <ele>97.68</ele>
   </trkpt>
   <trkpt lat="50.728820000000006" lon="4.475350000000001">
    <ele>97.18</ele>
   </trkpt>
   <trkpt lat="50.72883" lon="4.47548">
    <ele>97.18</ele>
   </trkpt>
   <trkpt lat="50.72880000000001" lon="4.475650000000001">
    <ele>97.18</ele>
   </trkpt>
   <trkpt lat="50.72885" lon="4.47606">
    <ele>96.46000000000001</ele>
   </trkpt>
   <trkpt lat="50.72918000000001" lon="4.477">
    <ele>95.47000000000001</ele>
   </trkpt>
   <trkpt lat="50.72950500215216" lon="4.4776999952659695">
    <ele>94.4</ele>
   </trkpt>
   <trkpt lat="50.72983000000001" lon="4.478400000000001">
    <ele>93.93</ele>
   </trkpt>
   <trkpt lat="50.72993" lon="4.47867">
    <ele>93.69000000000001</ele>
   </trkpt>
   <trkpt lat="50.73002" lon="4.479">
    <ele>93.69000000000001</ele>
   </trkpt>
   <trkpt lat="50.730070000000005" lon="4.47933">
    <ele>93.37</ele>
   </trkpt>
   <trkpt lat="50.73010000000001" lon="4.4796700000000005">
    <ele>93.37</ele>
   </trkpt>
   <trkpt lat="50.73015500374016" lon="4.480604998930648">
    <ele>92.07000000000001</ele>
   </trkpt>
   <trkpt lat="50.73021000000001" lon="4.481540000000001">
    <ele>91.07000000000001</ele>
   </trkpt>
   <trkpt lat="50.73024" lon="4.4817">
    <ele>91.07000000000001</ele>
   </trkpt>
   <trkpt lat="50.73035" lon="4.48209">
    <ele>90.39000000000001</ele>
   </trkpt>
   <trkpt lat="50.730430000000005" lon="4.4825">
    <ele>89.03000000000002</ele>
   </trkpt>
   <trkpt lat="50.73055334331404" lon="4.483579994356306">
    <ele>86.51</ele>
   </trkpt>
   <trkpt lat="50.730676676652344" lon="4.484659994399661">
    <ele>84.81</ele>
   </trkpt>
   <trkpt lat="50.7308" lon="4.485740000000001">
    <ele>83.61</ele>
   </trkpt>
   <trkpt lat="50.730880000000006" lon="4.4868500000000004">
    <ele>81.83</ele>
   </trkpt>
   <trkpt lat="50.73093" lon="4.48726">
    <ele>81.35000000000001</ele>
   </trkpt>
   <trkpt lat="50.73124000000001" lon="4.48836">
    <ele>79.87</ele>
   </trkpt>
   <trkpt lat="50.731485002508656" lon="4.489114996270162">
    <ele>78.17</ele>
   </trkpt>
   <trkpt lat="50.731730000000006" lon="4.489870000000001">
    <ele>74.96000000000001</ele>
   </trkpt>
   <trkpt lat="50.731910000000006" lon="4.49038">
    <ele>73.53000000000002</ele>
   </trkpt>
   <trkpt lat="50.73234500379341" lon="4.491324991169065">
    <ele>67.22</ele>
   </trkpt>
   <trkpt lat="50.732780000000005" lon="4.49227">
    <ele>60.29</ele>
   </trkpt>
   <trkpt lat="50.73295" lon="4.49249">
    <ele>59.53000000000001</ele>
   </trkpt>
   <trkpt lat="50.73315" lon="4.49263">
    <ele>58.72</ele>
   </trkpt>
   <trkpt lat="50.73333" lon="4.49267">
    <ele>58.53</ele>
   </trkpt>
   <trkpt lat="50.73344" lon="4.49265">
    <ele>58.25</ele>
   </trkpt>
   <trkpt lat="50.733560000000004" lon="4.49261">
    <ele>57.99000000000001</ele>
   </trkpt>
   <trkpt lat="50.73359000000001" lon="4.492520000000001">
    <ele>57.900000000000006</ele>
   </trkpt>
   <trkpt lat="50.733630000000005" lon="4.4924800000000005">
    <ele>57.900000000000006</ele>
   </trkpt>
   <trkpt lat="50.73368000000001" lon="4.4924800000000005">
    <ele>57.88000000000001</ele>
   </trkpt>
   <trkpt lat="50.73371" lon="4.492520000000001">
    <ele>57.88000000000001</ele>
   </trkpt>
   <trkpt lat="50.73373" lon="4.49263">
    <ele>57.67</ele>
   </trkpt>
   <trkpt lat="50.73393" lon="4.49268">
    <ele>57.46</ele>
   </trkpt>
   <trkpt lat="50.734080000000006" lon="4.49277">
    <ele>57.400000000000006</ele>
   </trkpt>
   <trkpt lat="50.73416" lon="4.49286">
    <ele>57.400000000000006</ele>
   </trkpt>
   <trkpt lat="50.734770000000005" lon="4.49387">
    <ele>58.77</ele>
   </trkpt>
   <trkpt lat="50.734840000000005" lon="4.493950000000001">
    <ele>59.4</ele>
   </trkpt>
   <trkpt lat="50.734930000000006" lon="4.49401">
    <ele>59.4</ele>
   </trkpt>
   <trkpt lat="50.73516000000001" lon="4.4941">
    <ele>60.47</ele>
   </trkpt>
   <trkpt lat="50.73592000000001" lon="4.4943">
    <ele>64.96000000000001</ele>
   </trkpt>
   <trkpt lat="50.73613" lon="4.494400000000001">
    <ele>64.96000000000001</ele>
   </trkpt>
   <trkpt lat="50.73683500132816" lon="4.494964991465506">
    <ele>70.63000000000001</ele>
   </trkpt>
   <trkpt lat="50.73754" lon="4.4955300000000005">
    <ele>75.61000000000001</ele>
   </trkpt>
   <trkpt lat="50.73765" lon="4.49572">
    <ele>75.61000000000001</ele>
   </trkpt>
   <trkpt lat="50.737860000000005" lon="4.49657">
    <ele>78.72000000000001</ele>
   </trkpt>
   <trkpt lat="50.73792" lon="4.49655">
    <ele>78.72000000000001</ele>
   </trkpt>
   <trkpt lat="50.737950000000005" lon="4.49657">
    <ele>78.72000000000001</ele>
   </trkpt>
   <trkpt lat="50.73798000000001" lon="4.49664">
    <ele>79.23</ele>
   </trkpt>
   <trkpt lat="50.73798000000001" lon="4.49673">
    <ele>79.23</ele>
   </trkpt>
   <trkpt lat="50.73794" lon="4.4968">
    <ele>79.23</ele>
   </trkpt>
   <trkpt lat="50.737880000000004" lon="4.49681">
    <ele>79.69000000000001</ele>
   </trkpt>
   <trkpt lat="50.73780000000001" lon="4.49692">
    <ele>79.16000000000001</ele>
   </trkpt>
   <trkpt lat="50.737770000000005" lon="4.49688">
    <ele>79.16000000000001</ele>
   </trkpt>
   <trkpt lat="50.73776" lon="4.49694">
    <ele>79.24000000000001</ele>
   </trkpt>
   <trkpt lat="50.737660000000005" lon="4.497070000000001">
    <ele>79.24000000000001</ele>
   </trkpt>
   <trkpt lat="50.73717000142674" lon="4.497615005527857">
    <ele>82.64</ele>
   </trkpt>
   <trkpt lat="50.73668000000001" lon="4.49816">
    <ele>87.22</ele>
   </trkpt>
   <trkpt lat="50.736630000000005" lon="4.49826">
    <ele>87.84</ele>
   </trkpt>
   <trkpt lat="50.7366" lon="4.49845">
    <ele>88.27</ele>
   </trkpt>
   <trkpt lat="50.73662" lon="4.49861">
    <ele>88.52</ele>
   </trkpt>
   <trkpt lat="50.736760000000004" lon="4.49922">
    <ele>89.9</ele>
   </trkpt>
   <trkpt lat="50.7368" lon="4.50039">
    <ele>92.14000000000001</ele>
   </trkpt>
   <trkpt lat="50.736880000000006" lon="4.501670000000001">
    <ele>93.95</ele>
   </trkpt>
   <trkpt lat="50.736920000000005" lon="4.5018">
    <ele>94.42</ele>
   </trkpt>
   <trkpt lat="50.737120000000004" lon="4.50227">
    <ele>94.82</ele>
   </trkpt>
   <trkpt lat="50.73749000388086" lon="4.503229992259996">
    <ele>96.48</ele>
   </trkpt>
   <trkpt lat="50.737860000000005" lon="4.50419">
    <ele>97.77000000000001</ele>
   </trkpt>
   <trkpt lat="50.73799" lon="4.504440000000001">
    <ele>97.87</ele>
   </trkpt>
   <trkpt lat="50.738380001557104" lon="4.505024995268919">
    <ele>98.11</ele>
   </trkpt>
   <trkpt lat="50.73877" lon="4.505610000000001">
    <ele>98.19000000000001</ele>
   </trkpt>
   <trkpt lat="50.738780000000006" lon="4.505610000000001">
    <ele>99.98000000000002</ele>
   </trkpt>
   <trkpt lat="50.73938002111134" lon="4.506517073119819">
    <ele>99.98000000000002</ele>
   </trkpt>
   <trkpt lat="50.73998003518595" lon="4.507424169483841">
    <ele>99.98000000000002</ele>
   </trkpt>
   <trkpt lat="50.74058004222357" lon="4.508331289092885">
    <ele>99.98000000000002</ele>
   </trkpt>
   <trkpt lat="50.74118004222383" lon="4.50923843194777">
    <ele>100.05000000000001</ele>
   </trkpt>
   <trkpt lat="50.741780035186395" lon="4.510145598049317">
    <ele>100.05000000000001</ele>
   </trkpt>
   <trkpt lat="50.74238002111094" lon="4.511052787398347">
    <ele>100.05000000000001</ele>
   </trkpt>
   <trkpt lat="50.74298" lon="4.51196">
    <ele>100.04</ele>
   </trkpt>
   <trkpt lat="50.74297000000001" lon="4.51196">
    <ele>101.18</ele>
   </trkpt>
   <trkpt lat="50.74306000000001" lon="4.51206">
    <ele>101.18</ele>
   </trkpt>
   <trkpt lat="50.743640000000006" lon="4.512560000000001">
    <ele>101.85000000000001</ele>
   </trkpt>
   <trkpt lat="50.744090001603624" lon="4.5131849939006905">
    <ele>102.41000000000001</ele>
   </trkpt>
   <trkpt lat="50.74454" lon="4.51381">
    <ele>102.76</ele>
   </trkpt>
   <trkpt lat="50.74511000491189" lon="4.514569981458578">
    <ele>104.07000000000001</ele>
   </trkpt>
   <trkpt lat="50.74568000488442" lon="4.515329981421618">
    <ele>104.34</ele>
   </trkpt>
   <trkpt lat="50.74625" lon="4.51609">
    <ele>105.01</ele>
   </trkpt>
   <trkpt lat="50.746520000000004" lon="4.51644">
    <ele>105.05</ele>
   </trkpt>
   <trkpt lat="50.746880000000004" lon="4.516850000000001">
    <ele>105.62</ele>
   </trkpt>
   <trkpt lat="50.747110000000006" lon="4.51708">
    <ele>105.69</ele>
   </trkpt>
   <trkpt lat="50.747330000000005" lon="4.517340000000001">
    <ele>105.87</ele>
   </trkpt>
   <trkpt lat="50.747795002016" lon="4.518004993573859">
    <ele>105.68</ele>
   </trkpt>
   <trkpt lat="50.74826" lon="4.51867">
    <ele>105.22</ele>
   </trkpt>
   <trkpt lat="50.748490000000004" lon="4.51905">
    <ele>105.31000000000002</ele>
   </trkpt>
   <trkpt lat="50.74868000000001" lon="4.51942">
    <ele>104.39000000000001</ele>
   </trkpt>
   <trkpt lat="50.748670000000004" lon="4.519410000000001">
    <ele>105.55</ele>
   </trkpt>
   <trkpt lat="50.74924000000001" lon="4.51864">
    <ele>104.28000000000002</ele>
   </trkpt>
   <trkpt lat="50.74944000000001" lon="4.51832">
    <ele>104.13000000000001</ele>
   </trkpt>
   <trkpt lat="50.749520000000004" lon="4.51816">
    <ele>104.17000000000002</ele>
   </trkpt>
   <trkpt lat="50.74962000000001" lon="4.5178">
    <ele>104.44</ele>
   </trkpt>
   <trkpt lat="50.74967" lon="4.51733">
    <ele>105.01</ele>
   </trkpt>
   <trkpt lat="50.74974" lon="4.516430000000001">
    <ele>105.07000000000001</ele>
   </trkpt>
   <trkpt lat="50.749850002894284" lon="4.515605002057716">
    <ele>105.28000000000002</ele>
   </trkpt>
   <trkpt lat="50.74996" lon="4.51478">
    <ele>105.86000000000001</ele>
   </trkpt>
   <trkpt lat="50.75003500370511" lon="4.513850001402934">
    <ele>105.56000000000002</ele>
   </trkpt>
   <trkpt lat="50.75011000000001" lon="4.51292">
    <ele>105.01</ele>
   </trkpt>
   <trkpt lat="50.750150000000005" lon="4.5127500000000005">
    <ele>105.01</ele>
   </trkpt>
   <trkpt lat="50.750310000000006" lon="4.5122100000000005">
    <ele>102.91000000000001</ele>
   </trkpt>
   <trkpt lat="50.75056000000001" lon="4.5116000000000005">
    <ele>102.14</ele>
   </trkpt>
   <trkpt lat="50.750870000000006" lon="4.511010000000001">
    <ele>101.30000000000001</ele>
   </trkpt>
   <trkpt lat="50.751325002539176" lon="4.510235007582291">
    <ele>99.84</ele>
   </trkpt>
   <trkpt lat="50.751780000000004" lon="4.509460000000001">
    <ele>98.58000000000001</ele>
   </trkpt>
   <trkpt lat="50.752" lon="4.50894">
    <ele>98.27000000000001</ele>
   </trkpt>
   <trkpt lat="50.75229000310336" lon="4.508090005224478">
    <ele>98.32000000000001</ele>
   </trkpt>
   <trkpt lat="50.75258" lon="4.50724">
    <ele>99.02000000000001</ele>
   </trkpt>
   <trkpt lat="50.75265" lon="4.50691">
    <ele>99.51</ele>
   </trkpt>
   <trkpt lat="50.75274" lon="4.505940000000001">
    <ele>99.77000000000001</ele>
   </trkpt>
   <trkpt lat="50.75282000000001" lon="4.50551">
    <ele>99.42</ele>
   </trkpt>
   <trkpt lat="50.753085005472585" lon="4.504380006341954">
    <ele>99.02000000000001</ele>
   </trkpt>
   <trkpt lat="50.753350000000005" lon="4.50325">
    <ele>98.22</ele>
   </trkpt>
   <trkpt lat="50.75361001269698" lon="4.5022550165881885">
    <ele>98.22</ele>
   </trkpt>
   <trkpt lat="50.7538700169282" lon="4.501260022122141">
    <ele>101.64</ele>
   </trkpt>
   <trkpt lat="50.75413001269351" lon="4.500265016601994">
    <ele>101.64</ele>
   </trkpt>
   <trkpt lat="50.75439" lon="4.49927">
    <ele>101.64</ele>
   </trkpt>
   <trkpt lat="50.75475" lon="4.49821">
    <ele>102.11</ele>
   </trkpt>
   <trkpt lat="50.754900000000006" lon="4.49795">
    <ele>102.25</ele>
   </trkpt>
   <trkpt lat="50.75522" lon="4.497450000000001">
    <ele>103.03000000000002</ele>
   </trkpt>
   <trkpt lat="50.755570000000006" lon="4.49685">
    <ele>104.20000000000002</ele>
   </trkpt>
   <trkpt lat="50.75580500157093" lon="4.496240003114807">
    <ele>105.07000000000001</ele>
   </trkpt>
   <trkpt lat="50.756040000000006" lon="4.49563">
    <ele>105.99000000000001</ele>
   </trkpt>
   <trkpt lat="50.756150000000005" lon="4.49545">
    <ele>106.04</ele>
   </trkpt>
   <trkpt lat="50.75679" lon="4.494540000000001">
    <ele>105.07000000000001</ele>
   </trkpt>
   <trkpt lat="50.75706" lon="4.494210000000001">
    <ele>104.82000000000001</ele>
   </trkpt>
   <trkpt lat="50.75721" lon="4.493950000000001">
    <ele>104.66</ele>
   </trkpt>
   <trkpt lat="50.75733" lon="4.493670000000001">
    <ele>104.68</ele>
   </trkpt>
   <trkpt lat="50.75743000000001" lon="4.49342">
    <ele>104.68</ele>
   </trkpt>
   <trkpt lat="50.757580000000004" lon="4.492640000000001">
    <ele>105.00000000000001</ele>
   </trkpt>
   <trkpt lat="50.757630000000006" lon="4.49225">
    <ele>105.19</ele>
   </trkpt>
   <trkpt lat="50.75764" lon="4.49183">
    <ele>105.68</ele>
   </trkpt>
   <trkpt lat="50.757760000000005" lon="4.491750000000001">
    <ele>105.71000000000001</ele>
   </trkpt>
   <trkpt lat="50.75800500207886" lon="4.491065003382773">
    <ele>106.71000000000001</ele>
   </trkpt>
   <trkpt lat="50.758250000000004" lon="4.49038">
    <ele>108.41000000000001</ele>
   </trkpt>
   <trkpt lat="50.75849334052136" lon="4.489463342855118">
    <ele>108.54</ele>
   </trkpt>
   <trkpt lat="50.75873667385763" lon="4.488546676177543">
    <ele>107.84</ele>
   </trkpt>
   <trkpt lat="50.75898" lon="4.48763">
    <ele>106.52</ele>
   </trkpt>
   <trkpt lat="50.75905" lon="4.48745">
    <ele>106.24000000000001</ele>
   </trkpt>
   <trkpt lat="50.759590001475175" lon="4.486895006241677">
    <ele>103.46000000000001</ele>
   </trkpt>
   <trkpt lat="50.760130000000004" lon="4.48634">
    <ele>102.04</ele>
   </trkpt>
   <trkpt lat="50.76060500089621" lon="4.485885004607934">
    <ele>101.36</ele>
   </trkpt>
   <trkpt lat="50.76108000000001" lon="4.48543">
    <ele>100.69</ele>
   </trkpt>
   <trkpt lat="50.76153000000001" lon="4.4849000000000006">
    <ele>99.9</ele>
   </trkpt>
   <trkpt lat="50.761590000000005" lon="4.484850000000001">
    <ele>99.9</ele>
   </trkpt>
   <trkpt lat="50.76178" lon="4.48482">
    <ele>99.43</ele>
   </trkpt>
   <trkpt lat="50.761860000000006" lon="4.484850000000001">
    <ele>99.43</ele>
   </trkpt>
   <trkpt lat="50.76200000000001" lon="4.484970000000001">
    <ele>98.84</ele>
   </trkpt>
   <trkpt lat="50.76234" lon="4.48555">
    <ele>97.11</ele>
   </trkpt>
   <trkpt lat="50.762420000000006" lon="4.48566">
    <ele>96.46000000000001</ele>
   </trkpt>
   <trkpt lat="50.762530000000005" lon="4.48573">
    <ele>95.98</ele>
   </trkpt>
   <trkpt lat="50.763000000000005" lon="4.48576">
    <ele>91.61000000000001</ele>
   </trkpt>
   <trkpt lat="50.7631" lon="4.485810000000001">
    <ele>89.60000000000001</ele>
   </trkpt>
   <trkpt lat="50.763830000000006" lon="4.486350000000001">
    <ele>79.51</ele>
   </trkpt>
   <trkpt lat="50.764100000000006" lon="4.4865200000000005">
    <ele>75.63</ele>
   </trkpt>
   <trkpt lat="50.76436" lon="4.4866600000000005">
    <ele>74.31</ele>
   </trkpt>
   <trkpt lat="50.764805000144975" lon="4.486849998188916">
    <ele>70.96000000000001</ele>
   </trkpt>
   <trkpt lat="50.76525" lon="4.48704">
    <ele>68.58</ele>
   </trkpt>
   <trkpt lat="50.765890000000006" lon="4.487220000000001">
    <ele>67.56</ele>
   </trkpt>
   <trkpt lat="50.766360000000006" lon="4.4873">
    <ele>66.66000000000001</ele>
   </trkpt>
   <trkpt lat="50.76655" lon="4.48732">
    <ele>66.57000000000001</ele>
   </trkpt>
   <trkpt lat="50.766980000000004" lon="4.487240000000001">
    <ele>66.64</ele>
   </trkpt>
   <trkpt lat="50.767050000000005" lon="4.48625">
    <ele>66.65</ele>
   </trkpt>
   <trkpt lat="50.767140000000005" lon="4.48627">
    <ele>66.2</ele>
   </trkpt>
   <trkpt lat="50.76728000000001" lon="4.486350000000001">
    <ele>66.2</ele>
   </trkpt>
   <trkpt lat="50.767900000000004" lon="4.48686">
    <ele>65.82000000000001</ele>
   </trkpt>
   <trkpt lat="50.76838000000001" lon="4.487030000000001">
    <ele>65.56</ele>
   </trkpt>
   <trkpt lat="50.76854" lon="4.48705">
    <ele>65.78</ele>
   </trkpt>
   <trkpt lat="50.769090000000006" lon="4.48704">
    <ele>66.71000000000001</ele>
   </trkpt>
   <trkpt lat="50.76903" lon="4.4871300000000005">
    <ele>66.71000000000001</ele>
   </trkpt>
   <trkpt lat="50.76901" lon="4.487170000000001">
    <ele>66.71000000000001</ele>
   </trkpt>
   <trkpt lat="50.768640000000005" lon="4.48829">
    <ele>66.4</ele>
   </trkpt>
   <trkpt lat="50.76856" lon="4.488790000000001">
    <ele>66.4</ele>
   </trkpt>
   <trkpt lat="50.76856" lon="4.48932">
    <ele>66.23</ele>
   </trkpt>
   <trkpt lat="50.768620000000006" lon="4.489730000000001">
    <ele>66.11</ele>
   </trkpt>
   <trkpt lat="50.76887001421042" lon="4.490782483138832">
    <ele>65.79</ele>
   </trkpt>
   <trkpt lat="50.7691200189494" lon="4.491834977527158">
    <ele>65.89</ele>
   </trkpt>
   <trkpt lat="50.769370014216726" lon="4.492887483164771">
    <ele>66.35000000000001</ele>
   </trkpt>
   <trkpt lat="50.76962" lon="4.49394">
    <ele>66.74000000000001</ele>
   </trkpt>
   <trkpt lat="50.769670000000005" lon="4.4943">
    <ele>66.86</ele>
   </trkpt>
   <trkpt lat="50.769690000000004" lon="4.494680000000001">
    <ele>67.01</ele>
   </trkpt>
   <trkpt lat="50.76970500646794" lon="4.495909999613193">
    <ele>66.81</ele>
   </trkpt>
   <trkpt lat="50.76972000000001" lon="4.497140000000001">
    <ele>66.58</ele>
   </trkpt>
   <trkpt lat="50.7697850028702" lon="4.4979599988050225">
    <ele>66.77000000000001</ele>
   </trkpt>
   <trkpt lat="50.769850000000005" lon="4.49878">
    <ele>67.12</ele>
   </trkpt>
   <trkpt lat="50.769870000000004" lon="4.499210000000001">
    <ele>67.41000000000001</ele>
   </trkpt>
   <trkpt lat="50.76984500305218" lon="4.5000550004641156">
    <ele>67.85000000000001</ele>
   </trkpt>
   <trkpt lat="50.76982" lon="4.500900000000001">
    <ele>67.38000000000001</ele>
   </trkpt>
   <trkpt lat="50.769870000000004" lon="4.50197">
    <ele>66.17</ele>
   </trkpt>
   <trkpt lat="50.76986" lon="4.5020500000000006">
    <ele>66.17</ele>
   </trkpt>
   <trkpt lat="50.769760000000005" lon="4.50213">
    <ele>66.31</ele>
   </trkpt>
   <trkpt lat="50.76979000000001" lon="4.50234">
    <ele>66.31</ele>
   </trkpt>
   <trkpt lat="50.76986" lon="4.50246">
    <ele>65.97</ele>
   </trkpt>
   <trkpt lat="50.76990000000001" lon="4.50258">
    <ele>65.7</ele>
   </trkpt>
   <trkpt lat="50.769940000000005" lon="4.5032700000000006">
    <ele>64.42</ele>
   </trkpt>
   <trkpt lat="50.76995" lon="4.50403">
    <ele>64.47</ele>
   </trkpt>
   <trkpt lat="50.769710014895075" lon="4.5053500135604185">
    <ele>64.28999999999999</ele>
   </trkpt>
   <trkpt lat="50.769470014892036" lon="4.506670013576867">
    <ele>64.60000000000001</ele>
   </trkpt>
   <trkpt lat="50.76923000000001" lon="4.50799">
    <ele>64.86</ele>
   </trkpt>
   <trkpt lat="50.769070004890494" lon="4.509060003687237">
    <ele>63.76000000000001</ele>
   </trkpt>
   <trkpt lat="50.768910000000005" lon="4.51013">
    <ele>63.7</ele>
   </trkpt>
   <trkpt lat="50.7689" lon="4.51057">
    <ele>64.01</ele>
   </trkpt>
   <trkpt lat="50.768910000000005" lon="4.510750000000001">
    <ele>64.75</ele>
   </trkpt>
   <trkpt lat="50.768980000000006" lon="4.51114">
    <ele>64.75</ele>
   </trkpt>
   <trkpt lat="50.76919" lon="4.51198">
    <ele>65.78</ele>
   </trkpt>
   <trkpt lat="50.76943000249781" lon="4.512749995931221">
    <ele>66.87</ele>
   </trkpt>
   <trkpt lat="50.769670000000005" lon="4.513520000000001">
    <ele>67.5</ele>
   </trkpt>
   <trkpt lat="50.76977" lon="4.514010000000001">
    <ele>67.72</ele>
   </trkpt>
   <trkpt lat="50.76985500520039" lon="4.515114997736794">
    <ele>67.63000000000001</ele>
   </trkpt>
   <trkpt lat="50.769940000000005" lon="4.516220000000001">
    <ele>67.61</ele>
   </trkpt>
   <trkpt lat="50.77" lon="4.516290000000001">
    <ele>67.75</ele>
   </trkpt>
   <trkpt lat="50.77006" lon="4.517040000000001">
    <ele>67.44</ele>
   </trkpt>
   <trkpt lat="50.770070000000004" lon="4.51757">
    <ele>66.7</ele>
   </trkpt>
   <trkpt lat="50.770010000000006" lon="4.518750000000001">
    <ele>64.46000000000001</ele>
   </trkpt>
   <trkpt lat="50.770010000000006" lon="4.51935">
    <ele>64.10000000000001</ele>
   </trkpt>
   <trkpt lat="50.77007500584135" lon="4.520519998178757">
    <ele>65.48</ele>
   </trkpt>
   <trkpt lat="50.770140000000005" lon="4.52169">
    <ele>67.7</ele>
   </trkpt>
   <trkpt lat="50.770120000000006" lon="4.52235">
    <ele>68.41000000000001</ele>
   </trkpt>
   <trkpt lat="50.77002" lon="4.52364">
    <ele>68.44</ele>
   </trkpt>
   <trkpt lat="50.770030000000006" lon="4.524150000000001">
    <ele>67.81</ele>
   </trkpt>
   <trkpt lat="50.77011" lon="4.52446">
    <ele>67.56</ele>
   </trkpt>
   <trkpt lat="50.77031" lon="4.52493">
    <ele>65.9</ele>
   </trkpt>
   <trkpt lat="50.770390000000006" lon="4.52519">
    <ele>65.9</ele>
   </trkpt>
   <trkpt lat="50.77047" lon="4.52566">
    <ele>64.56</ele>
   </trkpt>
   <trkpt lat="50.77047" lon="4.5265">
    <ele>64.01</ele>
   </trkpt>
   <trkpt lat="50.77053" lon="4.52697">
    <ele>63.63</ele>
   </trkpt>
   <trkpt lat="50.77064000000001" lon="4.5273900000000005">
    <ele>63.160000000000004</ele>
   </trkpt>
   <trkpt lat="50.77091" lon="4.528090000000001">
    <ele>62.45</ele>
   </trkpt>
   <trkpt lat="50.771010000000004" lon="4.528510000000001">
    <ele>62.470000000000006</ele>
   </trkpt>
   <trkpt lat="50.771080000000005" lon="4.52913">
    <ele>62.75</ele>
   </trkpt>
   <trkpt lat="50.771170000000005" lon="4.530200000000001">
    <ele>61.02</ele>
   </trkpt>
   <trkpt lat="50.771170000000005" lon="4.53056">
    <ele>59.82000000000001</ele>
   </trkpt>
   <trkpt lat="50.77109" lon="4.53106">
    <ele>58.63</ele>
   </trkpt>
   <trkpt lat="50.77093000000001" lon="4.531750000000001">
    <ele>57.510000000000005</ele>
   </trkpt>
   <trkpt lat="50.770880000000005" lon="4.531840000000001">
    <ele>57.510000000000005</ele>
   </trkpt>
   <trkpt lat="50.770680000000006" lon="4.53197">
    <ele>57.330000000000005</ele>
   </trkpt>
   <trkpt lat="50.770710005129004" lon="4.53306499940881">
    <ele>56.64</ele>
   </trkpt>
   <trkpt lat="50.77074" lon="4.53416">
    <ele>56.88</ele>
   </trkpt>
   <trkpt lat="50.77076" lon="4.53437">
    <ele>56.82</ele>
   </trkpt>
   <trkpt lat="50.77075000000001" lon="4.534730000000001">
    <ele>56.59</ele>
   </trkpt>
   <trkpt lat="50.770775002807035" lon="4.535539999636592">
    <ele>56.45</ele>
   </trkpt>
   <trkpt lat="50.7708" lon="4.5363500000000005">
    <ele>56.31</ele>
   </trkpt>
   <trkpt lat="50.77089" lon="4.5369">
    <ele>55.900000000000006</ele>
   </trkpt>
   <trkpt lat="50.770950000000006" lon="4.53707">
    <ele>55.790000000000006</ele>
   </trkpt>
   <trkpt lat="50.77103" lon="4.537190000000001">
    <ele>55.790000000000006</ele>
   </trkpt>
   <trkpt lat="50.77121" lon="4.53777">
    <ele>55.74</ele>
   </trkpt>
   <trkpt lat="50.77122000000001" lon="4.537920000000001">
    <ele>55.900000000000006</ele>
   </trkpt>
   <trkpt lat="50.77134" lon="4.53829">
    <ele>55.86000000000001</ele>
   </trkpt>
   <trkpt lat="50.77149000000001" lon="4.5386500000000005">
    <ele>55.760000000000005</ele>
   </trkpt>
   <trkpt lat="50.771530000000006" lon="4.53892">
    <ele>55.760000000000005</ele>
   </trkpt>
   <trkpt lat="50.771510000000006" lon="4.53913">
    <ele>55.760000000000005</ele>
   </trkpt>
   <trkpt lat="50.77145" lon="4.53938">
    <ele>55.790000000000006</ele>
   </trkpt>
   <trkpt lat="50.77122000000001" lon="4.53979">
    <ele>56.06</ele>
   </trkpt>
   <trkpt lat="50.771060000000006" lon="4.53999">
    <ele>56.21</ele>
   </trkpt>
   <trkpt lat="50.77062" lon="4.54039">
    <ele>56.660000000000004</ele>
   </trkpt>
   <trkpt lat="50.77056" lon="4.540520000000001">
    <ele>57.050000000000004</ele>
   </trkpt>
   <trkpt lat="50.77055000000001" lon="4.540780000000001">
    <ele>57.160000000000004</ele>
   </trkpt>
   <trkpt lat="50.77067" lon="4.54082">
    <ele>56.800000000000004</ele>
   </trkpt>
   <trkpt lat="50.771460000000005" lon="4.54117">
    <ele>56.230000000000004</ele>
   </trkpt>
   <trkpt lat="50.77183" lon="4.541370000000001">
    <ele>55.96</ele>
   </trkpt>
   <trkpt lat="50.772040000000004" lon="4.54154">
    <ele>55.88</ele>
   </trkpt>
   <trkpt lat="50.77217" lon="4.54169">
    <ele>55.63</ele>
   </trkpt>
   <trkpt lat="50.772490000000005" lon="4.54222">
    <ele>55.67</ele>
   </trkpt>
   <trkpt lat="50.77293750982671" lon="4.543094974900811">
    <ele>55.67</ele>
   </trkpt>
   <trkpt lat="50.773385013107536" lon="4.543969966544153">
    <ele>54.63</ele>
   </trkpt>
   <trkpt lat="50.77383250984224" lon="4.544844974930368">
    <ele>54.63</ele>
   </trkpt>
   <trkpt lat="50.774280000000005" lon="4.54572">
    <ele>54.63</ele>
   </trkpt>
   <trkpt lat="50.77429000000001" lon="4.545730000000001">
    <ele>57.25</ele>
   </trkpt>
   <trkpt lat="50.774832776129955" lon="4.54679896684724">
    <ele>57.25</ele>
   </trkpt>
   <trkpt lat="50.77537554248973" lon="4.547867958505089">
    <ele>57.25</ele>
   </trkpt>
   <trkpt lat="50.77591829907894" lon="4.548936974974152">
    <ele>57.25</ele>
   </trkpt>
   <trkpt lat="50.77646104589714" lon="4.550006016255042">
    <ele>57.25</ele>
   </trkpt>
   <trkpt lat="50.77700378294395" lon="4.551075082348367">
    <ele>57.25</ele>
   </trkpt>
   <trkpt lat="50.77754651021892" lon="4.552144173254734">
    <ele>52.480000000000004</ele>
   </trkpt>
   <trkpt lat="50.77808922772163" lon="4.553213288974756">
    <ele>52.480000000000004</ele>
   </trkpt>
   <trkpt lat="50.778631935451706" lon="4.554282429509038">
    <ele>52.480000000000004</ele>
   </trkpt>
   <trkpt lat="50.7791746334087" lon="4.55535159485819">
    <ele>52.480000000000004</ele>
   </trkpt>
   <trkpt lat="50.7797173215922" lon="4.556420785022823">
    <ele>52.480000000000004</ele>
   </trkpt>
   <trkpt lat="50.780260000000006" lon="4.5574900000000005">
    <ele>52.480000000000004</ele>
   </trkpt>
   <trkpt lat="50.78072" lon="4.5585">
    <ele>51.410000000000004</ele>
   </trkpt>
   <trkpt lat="50.781211462748686" lon="4.559654212938248">
    <ele>51.410000000000004</ele>
   </trkpt>
   <trkpt lat="50.78170291410735" lon="4.560808450138463">
    <ele>51.410000000000004</ele>
   </trkpt>
   <trkpt lat="50.782194354075564" lon="4.561962711601022">
    <ele>51.410000000000004</ele>
   </trkpt>
   <trkpt lat="50.782685782652855" lon="4.563116997326297">
    <ele>52.25000000000001</ele>
   </trkpt>
   <trkpt lat="50.783177199838825" lon="4.564271307314659">
    <ele>52.25000000000001</ele>
   </trkpt>
   <trkpt lat="50.783668605633004" lon="4.565425641566483">
    <ele>52.25000000000001</ele>
   </trkpt>
   <trkpt lat="50.78416000000001" lon="4.56658">
    <ele>52.28000000000001</ele>
   </trkpt>
   <trkpt lat="50.78434000000001" lon="4.56697">
    <ele>51.14</ele>
   </trkpt>
   <trkpt lat="50.78445000000001" lon="4.56717">
    <ele>51.29</ele>
   </trkpt>
   <trkpt lat="50.7847" lon="4.56754">
    <ele>51.54</ele>
   </trkpt>
   <trkpt lat="50.785000000000004" lon="4.567880000000001">
    <ele>52.06</ele>
   </trkpt>
   <trkpt lat="50.78576" lon="4.56857">
    <ele>54.43000000000001</ele>
   </trkpt>
   <trkpt lat="50.786030000000004" lon="4.56888">
    <ele>54.52</ele>
   </trkpt>
   <trkpt lat="50.786350000000006" lon="4.56937">
    <ele>54.510000000000005</ele>
   </trkpt>
   <trkpt lat="50.786860012124706" lon="4.570342468166929">
    <ele>54.53</ele>
   </trkpt>
   <trkpt lat="50.787370016164296" lon="4.571314957551377">
    <ele>55.53</ele>
   </trkpt>
   <trkpt lat="50.78788001211845" lon="4.572287468153855">
    <ele>57.0</ele>
   </trkpt>
   <trkpt lat="50.78839000000001" lon="4.57326">
    <ele>59.03000000000001</ele>
   </trkpt>
   <trkpt lat="50.78839000000001" lon="4.57327">
    <ele>64.0</ele>
   </trkpt>
   <trkpt lat="50.78889251231978" lon="4.574249968405214">
    <ele>64.0</ele>
   </trkpt>
   <trkpt lat="50.789395016429346" lon="4.575229957878694">
    <ele>60.56</ele>
   </trkpt>
   <trkpt lat="50.789897512328395" lon="4.5762099684209225">
    <ele>60.56</ele>
   </trkpt>
   <trkpt lat="50.790400000000005" lon="4.577190000000001">
    <ele>60.56</ele>
   </trkpt>
   <trkpt lat="50.790400000000005" lon="4.57718">
    <ele>57.77</ele>
   </trkpt>
   <trkpt lat="50.790530000000004" lon="4.57754">
    <ele>57.470000000000006</ele>
   </trkpt>
   <trkpt lat="50.790620000000004" lon="4.57796">
    <ele>56.92</ele>
   </trkpt>
   <trkpt lat="50.79064" lon="4.57836">
    <ele>56.07</ele>
   </trkpt>
   <trkpt lat="50.79063000000001" lon="4.57859">
    <ele>55.00000000000001</ele>
   </trkpt>
   <trkpt lat="50.79052" lon="4.5790500000000005">
    <ele>52.980000000000004</ele>
   </trkpt>
   <trkpt lat="50.790420000000005" lon="4.57932">
    <ele>51.79</ele>
   </trkpt>
   <trkpt lat="50.79027000000001" lon="4.579560000000001">
    <ele>49.93</ele>
   </trkpt>
   <trkpt lat="50.78983" lon="4.58004">
    <ele>48.080000000000005</ele>
   </trkpt>
   <trkpt lat="50.78963" lon="4.5804100000000005">
    <ele>47.52</ele>
   </trkpt>
   <trkpt lat="50.789570000000005" lon="4.58065">
    <ele>47.38</ele>
   </trkpt>
   <trkpt lat="50.78954" lon="4.58079">
    <ele>47.34</ele>
   </trkpt>
   <trkpt lat="50.78952" lon="4.5810900000000006">
    <ele>47.34</ele>
   </trkpt>
   <trkpt lat="50.78949" lon="4.582450000000001">
    <ele>47.74</ele>
   </trkpt>
   <trkpt lat="50.78943" lon="4.5831100000000005">
    <ele>47.81</ele>
   </trkpt>
   <trkpt lat="50.78949" lon="4.5831">
    <ele>47.81</ele>
   </trkpt>
   <trkpt lat="50.79021" lon="4.58319">
    <ele>49.660000000000004</ele>
   </trkpt>
   <trkpt lat="50.79057" lon="4.583270000000001">
    <ele>50.510000000000005</ele>
   </trkpt>
   <trkpt lat="50.79068" lon="4.5833200000000005">
    <ele>51.31</ele>
   </trkpt>
   <trkpt lat="50.79081000000001" lon="4.58342">
    <ele>51.9</ele>
   </trkpt>
   <trkpt lat="50.791070000000005" lon="4.58371">
    <ele>54.37</ele>
   </trkpt>
   <trkpt lat="50.791430000000005" lon="4.58432">
    <ele>58.2</ele>
   </trkpt>
   <trkpt lat="50.79173500130376" lon="4.584879996278559">
    <ele>61.25000000000001</ele>
   </trkpt>
   <trkpt lat="50.79204000000001" lon="4.58544">
    <ele>64.47</ele>
   </trkpt>
   <trkpt lat="50.792280000000005" lon="4.585940000000001">
    <ele>65.94</ele>
   </trkpt>
   <trkpt lat="50.79247" lon="4.58638">
    <ele>67.77000000000001</ele>
   </trkpt>
   <trkpt lat="50.79278000000001" lon="4.58724">
    <ele>73.34</ele>
   </trkpt>
   <trkpt lat="50.79301" lon="4.587230000000001">
    <ele>73.60000000000001</ele>
   </trkpt>
   <trkpt lat="50.793440000000004" lon="4.587160000000001">
    <ele>74.25000000000001</ele>
   </trkpt>
   <trkpt lat="50.79431" lon="4.587280000000001">
    <ele>77.77000000000001</ele>
   </trkpt>
   <trkpt lat="50.79459000000001" lon="4.587210000000001">
    <ele>79.33000000000001</ele>
   </trkpt>
   <trkpt lat="50.79505" lon="4.586950000000001">
    <ele>81.51</ele>
   </trkpt>
   <trkpt lat="50.795210000000004" lon="4.58682">
    <ele>81.94000000000001</ele>
   </trkpt>
   <trkpt lat="50.79538" lon="4.58657">
    <ele>82.35000000000001</ele>
   </trkpt>
   <trkpt lat="50.79585201497397" lon="4.5856340378211655">
    <ele>84.07000000000001</ele>
   </trkpt>
   <trkpt lat="50.796324022458954" lon="4.5846980567366815">
    <ele>86.33</ele>
   </trkpt>
   <trkpt lat="50.79679602245465" lon="4.58376205674615">
    <ele>89.08</ele>
   </trkpt>
   <trkpt lat="50.79726801496081" lon="4.582826037849172">
    <ele>91.07000000000001</ele>
   </trkpt>
   <trkpt lat="50.797740000000005" lon="4.5818900000000005">
    <ele>91.84</ele>
   </trkpt>
   <trkpt lat="50.798190000000005" lon="4.58115">
    <ele>92.91000000000001</ele>
   </trkpt>
   <trkpt lat="50.79869750770014" lon="4.5803750252516515">
    <ele>92.91000000000001</ele>
   </trkpt>
   <trkpt lat="50.79920501026605" lon="4.579600033670624">
    <ele>97.81</ele>
   </trkpt>
   <trkpt lat="50.79971250769754" lon="4.578825025256414">
    <ele>97.81</ele>
   </trkpt>
   <trkpt lat="50.80022" lon="4.57805">
    <ele>97.81</ele>
   </trkpt>
   <trkpt lat="50.800290000000004" lon="4.5779000000000005">
    <ele>97.86</ele>
   </trkpt>
   <trkpt lat="50.80039000000001" lon="4.57754">
    <ele>97.80000000000001</ele>
   </trkpt>
   <trkpt lat="50.80046500312432" lon="4.576685001374805">
    <ele>97.33000000000001</ele>
   </trkpt>
   <trkpt lat="50.800540000000005" lon="4.575830000000001">
    <ele>97.0</ele>
   </trkpt>
   <trkpt lat="50.800630000000005" lon="4.575500000000001">
    <ele>96.98</ele>
   </trkpt>
   <trkpt lat="50.800810000000006" lon="4.57517">
    <ele>96.92</ele>
   </trkpt>
   <trkpt lat="50.80139000504239" lon="4.574545023237337">
    <ele>96.92</ele>
   </trkpt>
   <trkpt lat="50.80197000674577" lon="4.573920030959307">
    <ele>97.43</ele>
   </trkpt>
   <trkpt lat="50.80255000510998" lon="4.573295023165295">
    <ele>97.43</ele>
   </trkpt>
   <trkpt lat="50.80313" lon="4.5726700000000005">
    <ele>96.36</ele>
   </trkpt>
   <trkpt lat="50.80331" lon="4.572500000000001">
    <ele>95.81</ele>
   </trkpt>
   <trkpt lat="50.803540000000005" lon="4.572360000000001">
    <ele>95.56</ele>
   </trkpt>
   <trkpt lat="50.803790000000006" lon="4.57226">
    <ele>94.99000000000001</ele>
   </trkpt>
   <trkpt lat="50.804396666880585" lon="4.57208667118027">
    <ele>94.14</ele>
   </trkpt>
   <trkpt lat="50.80500333350435" lon="4.571913337859268">
    <ele>93.62</ele>
   </trkpt>
   <trkpt lat="50.80561" lon="4.57174">
    <ele>93.09</ele>
   </trkpt>
   <trkpt lat="50.80609000022513" lon="4.57166500073914">
    <ele>92.86000000000001</ele>
   </trkpt>
   <trkpt lat="50.80657" lon="4.5715900000000005">
    <ele>92.89000000000001</ele>
   </trkpt>
   <trkpt lat="50.80686000000001" lon="4.57158">
    <ele>93.22000000000001</ele>
   </trkpt>
   <trkpt lat="50.80709" lon="4.57171">
    <ele>93.43</ele>
   </trkpt>
   <trkpt lat="50.807410000000004" lon="4.572100000000001">
    <ele>94.05000000000001</ele>
   </trkpt>
   <trkpt lat="50.80754" lon="4.57223">
    <ele>94.05000000000001</ele>
   </trkpt>
   <trkpt lat="50.807770000000005" lon="4.572240000000001">
    <ele>94.47000000000001</ele>
   </trkpt>
   <trkpt lat="50.80862000011102" lon="4.572105002451128">
    <ele>95.4</ele>
   </trkpt>
   <trkpt lat="50.809470000000005" lon="4.57197">
    <ele>94.17</ele>
   </trkpt>
   <trkpt lat="50.81023500028036" lon="4.571685004692292">
    <ele>91.97000000000001</ele>
   </trkpt>
   <trkpt lat="50.81100000000001" lon="4.571400000000001">
    <ele>88.09</ele>
   </trkpt>
   <trkpt lat="50.8113" lon="4.57124">
    <ele>86.21000000000001</ele>
   </trkpt>
   <trkpt lat="50.81147000000001" lon="4.57111">
    <ele>83.56</ele>
   </trkpt>
   <trkpt lat="50.81197500015053" lon="4.570965001550253">
    <ele>79.64</ele>
   </trkpt>
   <trkpt lat="50.81248" lon="4.57082">
    <ele>74.87</ele>
   </trkpt>
   <trkpt lat="50.812740000000005" lon="4.570810000000001">
    <ele>73.15</ele>
   </trkpt>
   <trkpt lat="50.81288000000001" lon="4.5708400000000005">
    <ele>72.27</ele>
   </trkpt>
   <trkpt lat="50.813" lon="4.5709">
    <ele>71.5</ele>
   </trkpt>
   <trkpt lat="50.813280000000006" lon="4.571090000000001">
    <ele>70.79</ele>
   </trkpt>
   <trkpt lat="50.813320000000004" lon="4.57108">
    <ele>70.77</ele>
   </trkpt>
   <trkpt lat="50.813570000000006" lon="4.57124">
    <ele>70.8</ele>
   </trkpt>
   <trkpt lat="50.81372" lon="4.57129">
    <ele>71.18</ele>
   </trkpt>
   <trkpt lat="50.813840000000006" lon="4.571300000000001">
    <ele>71.18</ele>
   </trkpt>
   <trkpt lat="50.81396" lon="4.571280000000001">
    <ele>71.37</ele>
   </trkpt>
   <trkpt lat="50.814060000000005" lon="4.571230000000001">
    <ele>71.37</ele>
   </trkpt>
   <trkpt lat="50.81421" lon="4.571090000000001">
    <ele>71.37</ele>
   </trkpt>
   <trkpt lat="50.81429000000001" lon="4.5709800000000005">
    <ele>71.37</ele>
   </trkpt>
   <trkpt lat="50.814370000000004" lon="4.57083">
    <ele>72.06</ele>
   </trkpt>
   <trkpt lat="50.81468000349911" lon="4.569930005865212">
    <ele>72.34</ele>
   </trkpt>
   <trkpt lat="50.81499" lon="4.569030000000001">
    <ele>73.00000000000001</ele>
   </trkpt>
   <trkpt lat="50.815090000000005" lon="4.568860000000001">
    <ele>73.27</ele>
   </trkpt>
   <trkpt lat="50.815400000000004" lon="4.5685400000000005">
    <ele>73.51</ele>
   </trkpt>
   <trkpt lat="50.815870000000004" lon="4.5680000000000005">
    <ele>74.23</ele>
   </trkpt>
   <trkpt lat="50.815990000000006" lon="4.567760000000001">
    <ele>74.34</ele>
   </trkpt>
   <trkpt lat="50.816100000000006" lon="4.56745">
    <ele>74.48</ele>
   </trkpt>
   <trkpt lat="50.81632000378983" lon="4.566510004370048">
    <ele>75.45</ele>
   </trkpt>
   <trkpt lat="50.81654" lon="4.56557">
    <ele>76.55000000000001</ele>
   </trkpt>
   <trkpt lat="50.81656" lon="4.56484">
    <ele>77.37</ele>
   </trkpt>
   <trkpt lat="50.816650002248025" lon="4.564115001383677">
    <ele>78.25</ele>
   </trkpt>
   <trkpt lat="50.81674" lon="4.56339">
    <ele>79.17</ele>
   </trkpt>
   <trkpt lat="50.816790000000005" lon="4.56313">
    <ele>79.73</ele>
   </trkpt>
   <trkpt lat="50.816840000000006" lon="4.56301">
    <ele>80.33000000000001</ele>
   </trkpt>
   <trkpt lat="50.81698" lon="4.56282">
    <ele>80.82000000000001</ele>
   </trkpt>
   <trkpt lat="50.817410000628726" lon="4.562425003672004">
    <ele>83.08</ele>
   </trkpt>
   <trkpt lat="50.817840000000004" lon="4.56203">
    <ele>87.53000000000002</ele>
   </trkpt>
   <trkpt lat="50.818485001226236" lon="4.561495007386917">
    <ele>93.54</ele>
   </trkpt>
   <trkpt lat="50.81913" lon="4.560960000000001">
    <ele>98.69000000000001</ele>
   </trkpt>
   <trkpt lat="50.81954" lon="4.56053">
    <ele>102.13000000000001</ele>
   </trkpt>
   <trkpt lat="50.819610000000004" lon="4.5605">
    <ele>102.19</ele>
   </trkpt>
   <trkpt lat="50.819660000000006" lon="4.56045">
    <ele>102.34000000000002</ele>
   </trkpt>
   <trkpt lat="50.8198" lon="4.560770000000001">
    <ele>102.76</ele>
   </trkpt>
   <trkpt lat="50.819840000000006" lon="4.560930000000001">
    <ele>102.76</ele>
   </trkpt>
   <trkpt lat="50.820150000000005" lon="4.5616">
    <ele>103.28000000000002</ele>
   </trkpt>
   <trkpt lat="50.820330000000006" lon="4.56188">
    <ele>103.34000000000002</ele>
   </trkpt>
   <trkpt lat="50.82054" lon="4.56214">
    <ele>103.5</ele>
   </trkpt>
   <trkpt lat="50.8207" lon="4.56229">
    <ele>103.56000000000002</ele>
   </trkpt>
   <trkpt lat="50.821490000000004" lon="4.562740000000001">
    <ele>102.20000000000002</ele>
   </trkpt>
   <trkpt lat="50.82195" lon="4.56304">
    <ele>101.19</ele>
   </trkpt>
   <trkpt lat="50.82193" lon="4.56308">
    <ele>101.19</ele>
   </trkpt>
   <trkpt lat="50.822535000633714" lon="4.563469994936144">
    <ele>99.61</ele>
   </trkpt>
   <trkpt lat="50.82314" lon="4.56386">
    <ele>97.99000000000001</ele>
   </trkpt>
   <trkpt lat="50.82365" lon="4.564170000000001">
    <ele>95.58000000000001</ele>
   </trkpt>
   <trkpt lat="50.82414500036703" lon="4.564429997284517">
    <ele>94.13000000000001</ele>
   </trkpt>
   <trkpt lat="50.82464" lon="4.564690000000001">
    <ele>92.03</ele>
   </trkpt>
   <trkpt lat="50.825230000000005" lon="4.56494">
    <ele>88.9</ele>
   </trkpt>
   <trkpt lat="50.825660000000006" lon="4.56507">
    <ele>86.51</ele>
   </trkpt>
   <trkpt lat="50.82648250041146" lon="4.565254990215793">
    <ele>81.81</ele>
   </trkpt>
   <trkpt lat="50.827305000530416" lon="4.565439986950017">
    <ele>78.53</ele>
   </trkpt>
   <trkpt lat="50.82812750035687" lon="4.565624990203091">
    <ele>72.60000000000001</ele>
   </trkpt>
   <trkpt lat="50.828950000000006" lon="4.565810000000001">
    <ele>69.38000000000001</ele>
   </trkpt>
   <trkpt lat="50.82896" lon="4.56576">
    <ele>69.07000000000001</ele>
   </trkpt>
   <trkpt lat="50.82952999992037" lon="4.5658499988829915">
    <ele>66.83</ele>
   </trkpt>
   <trkpt lat="50.8301" lon="4.56594">
    <ele>64.55000000000001</ele>
   </trkpt>
   <trkpt lat="50.830560000000006" lon="4.565980000000001">
    <ele>62.690000000000005</ele>
   </trkpt>
   <trkpt lat="50.830940000000005" lon="4.5661000000000005">
    <ele>61.82000000000001</ele>
   </trkpt>
   <trkpt lat="50.83109" lon="4.566190000000001">
    <ele>61.67</ele>
   </trkpt>
   <trkpt lat="50.83147" lon="4.566470000000001">
    <ele>61.58</ele>
   </trkpt>
   <trkpt lat="50.83146000000001" lon="4.566520000000001">
    <ele>61.51</ele>
   </trkpt>
   <trkpt lat="50.831570000000006" lon="4.566590000000001">
    <ele>61.51</ele>
   </trkpt>
   <trkpt lat="50.831680000000006" lon="4.56656">
    <ele>61.45</ele>
   </trkpt>
   <trkpt lat="50.83176" lon="4.5665000000000004">
    <ele>61.45</ele>
   </trkpt>
   <trkpt lat="50.832010000000004" lon="4.566190000000001">
    <ele>61.36000000000001</ele>
   </trkpt>
   <trkpt lat="50.83272" lon="4.5654200000000005">
    <ele>62.02</ele>
   </trkpt>
   <trkpt lat="50.833225001154595" lon="4.564895005704484">
    <ele>62.84</ele>
   </trkpt>
   <trkpt lat="50.83373" lon="4.56437">
    <ele>62.27</ele>
   </trkpt>
   <trkpt lat="50.83363000000001" lon="4.563770000000001">
    <ele>61.1</ele>
   </trkpt>
   <trkpt lat="50.83346" lon="4.56332">
    <ele>60.11</ele>
   </trkpt>
   <trkpt lat="50.832980000000006" lon="4.562130000000001">
    <ele>57.440000000000005</ele>
   </trkpt>
   <trkpt lat="50.832860000000004" lon="4.561660000000001">
    <ele>57.900000000000006</ele>
   </trkpt>
   <trkpt lat="50.832705006091956" lon="4.5604699963604975">
    <ele>59.31</ele>
   </trkpt>
   <trkpt lat="50.832550000000005" lon="4.55928">
    <ele>60.160000000000004</ele>
   </trkpt>
   <trkpt lat="50.832390000000004" lon="4.55872">
    <ele>59.870000000000005</ele>
   </trkpt>
   <trkpt lat="50.83234" lon="4.55872">
    <ele>59.980000000000004</ele>
   </trkpt>
   <trkpt lat="50.832300000000004" lon="4.55867">
    <ele>59.980000000000004</ele>
   </trkpt>
   <trkpt lat="50.83229000000001" lon="4.55855">
    <ele>59.690000000000005</ele>
   </trkpt>
   <trkpt lat="50.832330000000006" lon="4.5585">
    <ele>59.45</ele>
   </trkpt>
   <trkpt lat="50.83238000000001" lon="4.55849">
    <ele>59.45</ele>
   </trkpt>
   <trkpt lat="50.832420000000006" lon="4.55853">
    <ele>59.45</ele>
   </trkpt>
   <trkpt lat="50.83279" lon="4.5581000000000005">
    <ele>57.18</ele>
   </trkpt>
   <trkpt lat="50.833040000000004" lon="4.55792">
    <ele>56.75</ele>
   </trkpt>
   <trkpt lat="50.83314000000001" lon="4.557860000000001">
    <ele>56.620000000000005</ele>
   </trkpt>
   <trkpt lat="50.83380500043118" lon="4.5575950037234945">
    <ele>57.260000000000005</ele>
   </trkpt>
   <trkpt lat="50.83447" lon="4.55733">
    <ele>59.95</ele>
   </trkpt>
   <trkpt lat="50.83457000000001" lon="4.55726">
    <ele>59.95</ele>
   </trkpt>
   <trkpt lat="50.834720000000004" lon="4.55705">
    <ele>60.13</ele>
   </trkpt>
   <trkpt lat="50.835300000000004" lon="4.556170000000001">
    <ele>63.35</ele>
   </trkpt>
   <trkpt lat="50.835420000000006" lon="4.55586">
    <ele>64.26</ele>
   </trkpt>
   <trkpt lat="50.835583341647485" lon="4.5548733402738275">
    <ele>66.86</ele>
   </trkpt>
   <trkpt lat="50.835746674975184" lon="4.553886673641342">
    <ele>70.38000000000001</ele>
   </trkpt>
   <trkpt lat="50.835910000000005" lon="4.5529">
    <ele>72.34</ele>
   </trkpt>
   <trkpt lat="50.83614500583479" lon="4.551730005964419">
    <ele>73.60000000000001</ele>
   </trkpt>
   <trkpt lat="50.836380000000005" lon="4.55056">
    <ele>75.03</ele>
   </trkpt>
   <trkpt lat="50.836560000000006" lon="4.549650000000001">
    <ele>76.00000000000001</ele>
   </trkpt>
   <trkpt lat="50.83659500536095" lon="4.548530000814408">
    <ele>76.99</ele>
   </trkpt>
   <trkpt lat="50.83663000000001" lon="4.54741">
    <ele>77.16000000000001</ele>
   </trkpt>
   <trkpt lat="50.836650000000006" lon="4.54699">
    <ele>77.71</ele>
   </trkpt>
   <trkpt lat="50.836740000000006" lon="4.54619">
    <ele>78.74000000000001</ele>
   </trkpt>
   <trkpt lat="50.83681000000001" lon="4.545870000000001">
    <ele>79.67</ele>
   </trkpt>
   <trkpt lat="50.83698000196975" lon="4.5452000022374675">
    <ele>81.04</ele>
   </trkpt>
   <trkpt lat="50.83715" lon="4.54453">
    <ele>82.15</ele>
   </trkpt>
   <trkpt lat="50.83749" lon="4.54335">
    <ele>82.66000000000001</ele>
   </trkpt>
   <trkpt lat="50.837790000000005" lon="4.5426">
    <ele>82.77000000000001</ele>
   </trkpt>
   <trkpt lat="50.83809" lon="4.54196">
    <ele>81.99000000000001</ele>
   </trkpt>
   <trkpt lat="50.83781000260155" lon="4.541174995201391">
    <ele>80.09</ele>
   </trkpt>
   <trkpt lat="50.83753" lon="4.54039">
    <ele>77.31</ele>
   </trkpt>
   <trkpt lat="50.83738" lon="4.540030000000001">
    <ele>76.08000000000001</ele>
   </trkpt>
   <trkpt lat="50.83782000023812" lon="4.539860001558587">
    <ele>74.62</ele>
   </trkpt>
   <trkpt lat="50.838260000000005" lon="4.53969">
    <ele>73.95</ele>
   </trkpt>
   <trkpt lat="50.83840000000001" lon="4.53962">
    <ele>73.61000000000001</ele>
   </trkpt>
   <trkpt lat="50.83906" lon="4.5391900000000005">
    <ele>73.59</ele>
   </trkpt>
   <trkpt lat="50.83980000759301" lon="4.538524042236388">
    <ele>74.31</ele>
   </trkpt>
   <trkpt lat="50.840540011395774" lon="4.5378580633502725">
    <ele>75.34</ele>
   </trkpt>
   <trkpt lat="50.84128001140805" lon="4.537192063340533">
    <ele>76.67</ele>
   </trkpt>
   <trkpt lat="50.842020007629635" lon="4.5365260422060505">
    <ele>78.95</ele>
   </trkpt>
   <trkpt lat="50.842760000000006" lon="4.5358600000000004">
    <ele>84.15</ele>
   </trkpt>
   <trkpt lat="50.842980000000004" lon="4.53575">
    <ele>84.15</ele>
   </trkpt>
   <trkpt lat="50.84297" lon="4.5357400000000005">
    <ele>81.89</ele>
   </trkpt>
   <trkpt lat="50.843140000000005" lon="4.53572">
    <ele>82.12</ele>
   </trkpt>
   <trkpt lat="50.84329" lon="4.53573">
    <ele>82.91000000000001</ele>
   </trkpt>
   <trkpt lat="50.84347" lon="4.53579">
    <ele>83.4</ele>
   </trkpt>
   <trkpt lat="50.8442" lon="4.5362100000000005">
    <ele>85.07000000000001</ele>
   </trkpt>
   <trkpt lat="50.844440000000006" lon="4.53638">
    <ele>85.41000000000001</ele>
   </trkpt>
   <trkpt lat="50.84501500107335" lon="4.53686499408012">
    <ele>86.54</ele>
   </trkpt>
   <trkpt lat="50.84559" lon="4.53735">
    <ele>89.06000000000002</ele>
   </trkpt>
   <trkpt lat="50.84591" lon="4.5376">
    <ele>89.91</ele>
   </trkpt>
   <trkpt lat="50.84644" lon="4.53789">
    <ele>90.7</ele>
   </trkpt>
   <trkpt lat="50.8468" lon="4.53802">
    <ele>90.99</ele>
   </trkpt>
   <trkpt lat="50.84707" lon="4.538080000000001">
    <ele>91.14000000000001</ele>
   </trkpt>
   <trkpt lat="50.84767" lon="4.53814">
    <ele>92.24</ele>
   </trkpt>
   <trkpt lat="50.84789000000001" lon="4.53821">
    <ele>92.37</ele>
   </trkpt>
   <trkpt lat="50.848090000000006" lon="4.53831">
    <ele>92.64000000000001</ele>
   </trkpt>
   <trkpt lat="50.848220000000005" lon="4.5384">
    <ele>93.02000000000001</ele>
   </trkpt>
   <trkpt lat="50.84893500178657" lon="4.539034990323559">
    <ele>93.42</ele>
   </trkpt>
   <trkpt lat="50.849650000000004" lon="4.53967">
    <ele>94.03</ele>
   </trkpt>
   <trkpt lat="50.84982" lon="4.53976">
    <ele>94.61000000000001</ele>
   </trkpt>
   <trkpt lat="50.849990000000005" lon="4.5398000000000005">
    <ele>94.92</ele>
   </trkpt>
   <trkpt lat="50.85077000009757" lon="4.539854999086251">
    <ele>95.71000000000001</ele>
   </trkpt>
   <trkpt lat="50.85155" lon="4.539910000000001">
    <ele>96.09</ele>
   </trkpt>
   <trkpt lat="50.85173" lon="4.53992">
    <ele>95.92999999999999</ele>
   </trkpt>
   <trkpt lat="50.85206" lon="4.5399">
    <ele>95.71000000000001</ele>
   </trkpt>
   <trkpt lat="50.85477" lon="4.546410000000001">
    <ele>100.69</ele>
   </trkpt>
   <trkpt lat="50.854510000000005" lon="4.545780000000001">
    <ele>100.4</ele>
   </trkpt>
   <trkpt lat="50.854780000000005" lon="4.546410000000001">
    <ele>98.47</ele>
   </trkpt>
   <trkpt lat="50.85523001113985" lon="4.547549978088613">
    <ele>98.47</ele>
   </trkpt>
   <trkpt lat="50.855680011174826" lon="4.548689978176798">
    <ele>96.95</ele>
   </trkpt>
   <trkpt lat="50.85613000000001" lon="4.54983">
    <ele>96.95</ele>
   </trkpt>
   <trkpt lat="50.85615000000001" lon="4.549980000000001">
    <ele>100.0</ele>
   </trkpt>
   <trkpt lat="50.85613000000001" lon="4.550190000000001">
    <ele>99.84</ele>
   </trkpt>
   <trkpt lat="50.855900000000005" lon="4.550750000000001">
    <ele>99.15</ele>
   </trkpt>
   <trkpt lat="50.8558" lon="4.55098">
    <ele>99.15</ele>
   </trkpt>
   <trkpt lat="50.85578" lon="4.551100000000001">
    <ele>99.01000000000002</ele>
   </trkpt>
   <trkpt lat="50.855790000000006" lon="4.55126">
    <ele>99.01000000000002</ele>
   </trkpt>
   <trkpt lat="50.85589" lon="4.55184">
    <ele>97.55000000000001</ele>
   </trkpt>
   <trkpt lat="50.855880000000006" lon="4.5522100000000005">
    <ele>97.10000000000001</ele>
   </trkpt>
   <trkpt lat="50.85615000000001" lon="4.55222">
    <ele>97.44000000000001</ele>
   </trkpt>
   <trkpt lat="50.856739999957455" lon="4.552215000063619">
    <ele>99.09</ele>
   </trkpt>
   <trkpt lat="50.857330000000005" lon="4.5522100000000005">
    <ele>101.20000000000002</ele>
   </trkpt>
   <trkpt lat="50.85765000000001" lon="4.55226">
    <ele>101.44</ele>
   </trkpt>
   <trkpt lat="50.85779" lon="4.55233">
    <ele>101.54</ele>
   </trkpt>
   <trkpt lat="50.85810000000001" lon="4.55255">
    <ele>101.54</ele>
   </trkpt>
   <trkpt lat="50.85831" lon="4.552790000000001">
    <ele>101.43</ele>
   </trkpt>
   <trkpt lat="50.85855" lon="4.553100000000001">
    <ele>101.43</ele>
   </trkpt>
   <trkpt lat="50.85889000093627" lon="4.5535749964979875">
    <ele>101.10000000000001</ele>
   </trkpt>
   <trkpt lat="50.859230000000004" lon="4.55405">
    <ele>100.86</ele>
   </trkpt>
   <trkpt lat="50.85951000000001" lon="4.5545100000000005">
    <ele>100.66000000000001</ele>
   </trkpt>
   <trkpt lat="50.859970003386344" lon="4.55539999122442">
    <ele>100.22</ele>
   </trkpt>
   <trkpt lat="50.86043" lon="4.556290000000001">
    <ele>99.54</ele>
   </trkpt>
   <trkpt lat="50.86065000000001" lon="4.55665">
    <ele>99.35000000000001</ele>
   </trkpt>
   <trkpt lat="50.86075" lon="4.556760000000001">
    <ele>99.28</ele>
   </trkpt>
   <trkpt lat="50.86086" lon="4.55684">
    <ele>98.99000000000001</ele>
   </trkpt>
   <trkpt lat="50.86104" lon="4.556900000000001">
    <ele>98.99000000000001</ele>
   </trkpt>
   <trkpt lat="50.86176666673325" lon="4.556983330736684">
    <ele>98.17</ele>
   </trkpt>
   <trkpt lat="50.86249333340718" lon="4.557066664070798">
    <ele>97.41000000000001</ele>
   </trkpt>
   <trkpt lat="50.863220000000005" lon="4.55715">
    <ele>95.18</ele>
   </trkpt>
   <trkpt lat="50.863400000000006" lon="4.55722">
    <ele>95.18</ele>
   </trkpt>
   <trkpt lat="50.86368" lon="4.55743">
    <ele>92.11000000000001</ele>
   </trkpt>
   <trkpt lat="50.86426333599025" lon="4.557986652745528">
    <ele>88.03000000000002</ele>
   </trkpt>
   <trkpt lat="50.86484666933285" lon="4.5585433194207985">
    <ele>83.79</ele>
   </trkpt>
   <trkpt lat="50.86543" lon="4.5591">
    <ele>81.03</ele>
   </trkpt>
   <trkpt lat="50.86569" lon="4.55938">
    <ele>78.99000000000001</ele>
   </trkpt>
   <trkpt lat="50.866310000000006" lon="4.56017">
    <ele>73.78000000000002</ele>
   </trkpt>
   <trkpt lat="50.86652" lon="4.5604000000000005">
    <ele>71.85000000000001</ele>
   </trkpt>
   <trkpt lat="50.867130003151296" lon="4.560897480453287">
    <ele>68.38000000000001</ele>
   </trkpt>
   <trkpt lat="50.86774000418794" lon="4.56139497392603">
    <ele>66.11</ele>
   </trkpt>
   <trkpt lat="50.86835000310983" lon="4.561892480418812">
    <ele>65.75</ele>
   </trkpt>
   <trkpt lat="50.86896" lon="4.562390000000001">
    <ele>66.02000000000001</ele>
   </trkpt>
   <trkpt lat="50.86932" lon="4.56278">
    <ele>65.91000000000001</ele>
   </trkpt>
   <trkpt lat="50.869925002344914" lon="4.563509990607644">
    <ele>66.02000000000001</ele>
   </trkpt>
   <trkpt lat="50.87053" lon="4.564240000000001">
    <ele>66.15</ele>
   </trkpt>
   <trkpt lat="50.870670000000004" lon="4.56437">
    <ele>66.15</ele>
   </trkpt>
   <trkpt lat="50.870990000000006" lon="4.56461">
    <ele>66.78</ele>
   </trkpt>
   <trkpt lat="50.871170000000006" lon="4.564710000000001">
    <ele>66.78</ele>
   </trkpt>
   <trkpt lat="50.87190500053187" lon="4.565039994826062">
    <ele>65.73</ele>
   </trkpt>
   <trkpt lat="50.872640000000004" lon="4.565370000000001">
    <ele>64.08000000000001</ele>
   </trkpt>
   <trkpt lat="50.872780000000006" lon="4.56547">
    <ele>64.08000000000001</ele>
   </trkpt>
   <trkpt lat="50.87288" lon="4.5656300000000005">
    <ele>63.72</ele>
   </trkpt>
   <trkpt lat="50.872980000000005" lon="4.5659600000000005">
    <ele>63.40000000000001</ele>
   </trkpt>
   <trkpt lat="50.873160000000006" lon="4.56717">
    <ele>62.080000000000005</ele>
   </trkpt>
   <trkpt lat="50.87326" lon="4.567620000000001">
    <ele>61.82000000000001</ele>
   </trkpt>
   <trkpt lat="50.873360000000005" lon="4.56784">
    <ele>61.06</ele>
   </trkpt>
   <trkpt lat="50.87351" lon="4.5681">
    <ele>60.56</ele>
   </trkpt>
   <trkpt lat="50.87368000000001" lon="4.56826">
    <ele>60.35000000000001</ele>
   </trkpt>
   <trkpt lat="50.873870000000004" lon="4.56838">
    <ele>60.18</ele>
   </trkpt>
   <trkpt lat="50.8746" lon="4.56871">
    <ele>60.480000000000004</ele>
   </trkpt>
   <trkpt lat="50.874660000000006" lon="4.568720000000001">
    <ele>60.46000000000001</ele>
   </trkpt>
   <trkpt lat="50.874790000000004" lon="4.56874">
    <ele>60.370000000000005</ele>
   </trkpt>
   <trkpt lat="50.874990000000004" lon="4.568700000000001">
    <ele>60.17000000000001</ele>
   </trkpt>
   <trkpt lat="50.875150000000005" lon="4.56864">
    <ele>60.17000000000001</ele>
   </trkpt>
   <trkpt lat="50.87559" lon="4.56857">
    <ele>59.690000000000005</ele>
   </trkpt>
   <trkpt lat="50.87597" lon="4.568490000000001">
    <ele>59.260000000000005</ele>
   </trkpt>
   <trkpt lat="50.87662" lon="4.56822">
    <ele>57.580000000000005</ele>
   </trkpt>
   <trkpt lat="50.87706000000001" lon="4.5681400000000005">
    <ele>56.580000000000005</ele>
   </trkpt>
   <trkpt lat="50.877190000000006" lon="4.56815">
    <ele>56.050000000000004</ele>
   </trkpt>
   <trkpt lat="50.8772" lon="4.5681">
    <ele>56.050000000000004</ele>
   </trkpt>
   <trkpt lat="50.87724000000001" lon="4.568020000000001">
    <ele>55.64</ele>
   </trkpt>
   <trkpt lat="50.877080005513655" lon="4.566884996178082">
    <ele>52.82000000000001</ele>
   </trkpt>
   <trkpt lat="50.876920000000005" lon="4.56575">
    <ele>50.440000000000005</ele>
   </trkpt>
   <trkpt lat="50.87676000778359" lon="4.564399995349469">
    <ele>49.6</ele>
   </trkpt>
   <trkpt lat="50.8766" lon="4.5630500000000005">
    <ele>49.54</ele>
   </trkpt>
   <trkpt lat="50.876540000000006" lon="4.562460000000001">
    <ele>49.59</ele>
   </trkpt>
   <trkpt lat="50.8764866815526" lon="4.5611399969636475">
    <ele>49.720000000000006</ele>
   </trkpt>
   <trkpt lat="50.876433348218626" lon="4.5598199969482005">
    <ele>50.07</ele>
   </trkpt>
   <trkpt lat="50.876380000000005" lon="4.5585">
    <ele>50.510000000000005</ele>
   </trkpt>
   <trkpt lat="50.87635" lon="4.55816">
    <ele>50.730000000000004</ele>
   </trkpt>
   <trkpt lat="50.87630000000001" lon="4.55789">
    <ele>50.830000000000005</ele>
   </trkpt>
   <trkpt lat="50.87603000000001" lon="4.55694">
    <ele>50.940000000000005</ele>
   </trkpt>
   <trkpt lat="50.876020000000004" lon="4.55666">
    <ele>50.85000000000001</ele>
   </trkpt>
   <trkpt lat="50.876050000000006" lon="4.55633">
    <ele>50.85000000000001</ele>
   </trkpt>
   <trkpt lat="50.87599" lon="4.5551200000000005">
    <ele>50.980000000000004</ele>
   </trkpt>
   <trkpt lat="50.876020000000004" lon="4.5548">
    <ele>51.10000000000001</ele>
   </trkpt>
   <trkpt lat="50.87612000000001" lon="4.55447">
    <ele>51.10000000000001</ele>
   </trkpt>
   <trkpt lat="50.87628" lon="4.55405">
    <ele>51.14</ele>
   </trkpt>
   <trkpt lat="50.87641000000001" lon="4.55416">
    <ele>50.71</ele>
   </trkpt>
   <trkpt lat="50.877030000000005" lon="4.5544">
    <ele>50.24000000000001</ele>
   </trkpt>
   <trkpt lat="50.87762000000001" lon="4.55445">
    <ele>50.14</ele>
   </trkpt>
   <trkpt lat="50.878350000000005" lon="4.55445">
    <ele>50.010000000000005</ele>
   </trkpt>
   <trkpt lat="50.87924" lon="4.55463">
    <ele>51.050000000000004</ele>
   </trkpt>
   <trkpt lat="50.87913000356672" lon="4.5537149977593385">
    <ele>50.81</ele>
   </trkpt>
   <trkpt lat="50.879020000000004" lon="4.5528">
    <ele>50.980000000000004</ele>
   </trkpt>
   <trkpt lat="50.87886" lon="4.5514">
    <ele>51.14</ele>
   </trkpt>
  </trkseg>
 </trk>
</gpx>
